Tribe,Food_Insecurity_Rate_2018_H,Child_Food_Insecurity_Rate_2018_H,Cost_Per_Meal_2018_H,Weighted_Annual_Food_Budget_Shortfall_2018_H,Food_Insecurity_Rate_2018_P,Child_Food_Insecurity_Rate_2018_P,Cost_Per_Meal_2018_P,Weighted_Annual_Food_Budget_Shortfall_2018_P,Food_Security_Rate_2018_H,Child_Food_Security_Rate_2018_H,Food_Security_Rate_2018_P,Child_Food_Security_Rate_2018_P,nccpi3all_H,nccpi3sg_H,nccpi3cot_H,nccpi3soy_H,nccpi3corn_H,nccpi3all_P,nccpi3sg_P,nccpi3cot_P,nccpi3soy_P,nccpi3corn_P,temp_mean_1_H,temp_mean_2_H,temp_mean_3_H,temp_mean_4_H,temp_mean_5_H,temp_mean_6_H,temp_mean_7_H,temp_mean_8_H,temp_mean_9_H,temp_mean_10_H,temp_mean_11_H,temp_mean_12_H,temp_mean_ann_H,temp_std_1_H,temp_std_2_H,temp_std_3_H,temp_std_4_H,temp_std_5_H,temp_std_6_H,temp_std_7_H,temp_std_8_H,temp_std_9_H,temp_std_10_H,temp_std_11_H,temp_std_12_H,temp_std_ann_H,precip_mean_1_H,precip_mean_2_H,precip_mean_3_H,precip_mean_4_H,precip_mean_5_H,precip_mean_6_H,precip_mean_7_H,precip_mean_8_H,precip_mean_9_H,precip_mean_10_H,precip_mean_11_H,precip_mean_12_H,precip_mean_ann_H,precip_std_1_H,precip_std_2_H,precip_std_3_H,precip_std_4_H,precip_std_5_H,precip_std_6_H,precip_std_7_H,precip_std_8_H,precip_std_9_H,precip_std_10_H,precip_std_11_H,precip_std_12_H,precip_std_ann_H,temp_mean_1_P,temp_mean_2_P,temp_mean_3_P,temp_mean_4_P,temp_mean_5_P,temp_mean_6_P,temp_mean_7_P,temp_mean_8_P,temp_mean_9_P,temp_mean_10_P,temp_mean_11_P,temp_mean_12_P,temp_mean_ann_P,temp_std_1_P,temp_std_2_P,temp_std_3_P,temp_std_4_P,temp_std_5_P,temp_std_6_P,temp_std_7_P,temp_std_8_P,temp_std_9_P,temp_std_10_P,temp_std_11_P,temp_std_12_P,temp_std_ann_P,precip_mean_1_P,precip_mean_2_P,precip_mean_3_P,precip_mean_4_P,precip_mean_5_P,precip_mean_6_P,precip_mean_7_P,precip_mean_8_P,precip_mean_9_P,precip_mean_10_P,precip_mean_11_P,precip_mean_12_P,precip_mean_ann_P,precip_std_1_P,precip_std_2_P,precip_std_3_P,precip_std_4_P,precip_std_5_P,precip_std_6_P,precip_std_7_P,precip_std_8_P,precip_std_9_P,precip_std_10_P,precip_std_11_P,precip_std_12_P,precip_std_ann_P,Acres,Endow_Raised_Parcel,Total_Endow,Total_Acres
Prairie Band Potawatomi Nation,0.125,0.11800000000000001,2.97,1.6368999999999998e7,0.122,0.189,3.08,845000.0,0.875,0.882,0.878,0.8109999999999999,0.34912816806611324,0.34221167826443083,0.0010000000000000002,0.2789499403328017,0.2746317951969871,0.5351284296583351,0.5005861278034512,0.01601332915139986,0.4698663067169111,0.4963650617965824,-4.566666667,-4.244444444,2.111111111,8.4,14.066666670000002,19.26666667,22.06666667,21.52222222,17.28888889,10.17777778,4.388888889,-3.311111111,8.930555557,2.88183969,4.382667884,3.484050963,3.649315004,2.723967694,2.889636655,1.698528775,2.099867721,1.7842676679999998,2.760334118,1.725865322,2.580428474,2.721730831,51.38888889,52.32222222,50.78888889,67.05555556,97.11111111,104.7111111,101.2666667,81.37777778,82.2,81.07777778,75.28888889,58.67777777999999,75.27222223,26.54827887,28.316725520000002,23.70719534,24.19339327,48.90070154,38.68683382,27.57340204,34.94434066,14.78242199,38.03113125,31.86500606,32.41769493,30.83059377,1.188888889,0.444444444,7.955555556000001,15.03333333,19.4,23.93333333,27.17777778,26.4,20.5,15.888888889999999,7.266666667,0.033333333,13.76851852,6.536712561,7.80434352,3.836049762,3.716853508,3.178836265,2.242208732,1.763361688,2.425901894,2.25,3.378403634,4.567274899,5.178561576,3.906542337,24.98888889,32.44444444,74.3,58.95555556,113.7888889,151.2777778,96.28888889,116.2666667,97.1,69.18888889,33.26666667,25.12222222,74.41574075,11.58063518,18.5921429,56.20673892,29.86013694,58.16610792,59.32378903,41.7211111,62.99666658000001,60.93166254,45.41911614,19.54366905,25.77342516,40.84293346,160.0,67.09,50002.119999999275,119249.19000000003
"Minnesota Chippewa Tribe, Minnesota (Leech Lake Band)",0.14685335688455808,0.1965099307095658,2.9326654439480673,1.5045789214866147e6,0.11101924624786695,0.2023349899336315,3.0734660545446473,2.0462971160739497e6,0.853146643115442,0.8034900692904342,0.888980753752133,0.7976650100663685,0.41448292713429585,0.3854394780941726,0.0009999999999999963,0.27766874600847224,0.3837446096517047,0.4418278154583395,0.41870544742507376,0.000999982210788848,0.3116068499694932,0.36699695299526924,-7.184306043992791,-7.3629054875979385,-0.52292296009551,6.080877761667585,12.44833069046182,17.418794859481878,20.247961928890934,19.640370140923647,14.798581051691297,8.179285927633433,1.905346115791473,-5.775354162258347,6.656171651930513,2.495363374251106,2.9117101760678668,2.5097243955338295,1.7904951046706823,1.3888687521262966,2.0136537086004553,1.2821881894200702,1.3959573500111315,1.508871772821063,1.659670786459342,2.2503912132149795,3.5607283751918475,2.063968599966353,42.087160034816044,30.77723475145536,39.38429822762674,62.8437800318602,77.41608202874318,97.34956204163778,80.85771478226313,93.17093408914162,93.20818079296252,67.44530243371072,71.0992514429038,49.940122307397424,67.13163524731881,17.28290346131223,18.61853742941112,23.360107674613694,23.68922417777861,29.64577293180922,43.98272454334822,26.090006079598602,30.042853019149184,33.59085423915206,27.058097809306837,33.124166476436955,19.05747364695884,27.128560124859884,-12.030158728571427,-9.344444443571426,-0.3507936508571428,6.1460317459999985,12.887301587142854,18.255555555714285,20.371428571428567,19.66507936571428,15.055555555714283,6.985714285714283,-0.9142857142857139,-10.347619047714284,5.531613756999999,2.6246656589999993,3.956737953999999,4.678823400285713,2.3482650485714283,1.398682727142857,2.7852073924285707,0.8661011159999997,2.0922188051428563,3.5560599309999996,1.9463187685714285,5.040366559142856,5.850744431142856,3.0953493161428565,24.807936507142855,15.374603174285712,32.50634920571428,38.530158731428564,76.28095238142855,103.09682537142855,107.71111112285713,94.17142856999996,75.67301587285712,64.60476190428571,52.41269841142856,26.84761904714285,59.33478835857142,19.104469444285712,5.492642019999998,15.16250371428571,29.341785517142853,49.23969661999999,34.28940501571428,65.11939853714286,44.005712215714276,34.122292229999985,27.620300549999996,34.64889197714285,16.59434525714285,31.22845359142856,48508.24,20339.96000000004,50002.119999999275,119249.19000000003
Flandreau Santee Sioux Tribe of South Dakota,0.10396094909986847,0.14496642751021807,3.0266520522460336,2.866983075813518e6,0.107,0.17,3.11,369000.0,0.8960390509001315,0.855033572489782,0.893,0.83,0.7714071599675446,0.6594138409020808,0.0010000000000000002,0.7080462442807752,0.757077239170914,0.6215867611308554,0.5385886535724088,0.001070406582138625,0.5927764869812757,0.5892292125376664,-6.790861513644929,-4.914090177195653,2.9284621576449275,9.618599033528985,15.266747184710146,21.258454104710147,23.42890499304348,22.412721417282608,17.901932366086957,10.350603864655799,1.8873590980326087,-6.360668276952898,8.915680355054349,2.6382462738949277,3.070327997434783,1.7404353110760868,1.9820824431630437,1.5686095366811594,1.4440424933405798,1.015388182518116,1.423419141536232,1.779113964231884,1.636025009713768,3.2539601403514493,3.592607645706522,2.0953548450688406,16.469444445181157,15.784581321594203,44.9600644103261,64.45438808293478,105.50326086630434,119.87520128188405,94.26078906083336,99.23607084778986,83.76859903442029,43.27693236793478,33.09214975605072,24.154951690543477,62.069702763804344,8.587586104786233,12.744840609637683,26.975734665905797,39.76329835242754,45.38707356460145,58.47679452275363,48.728733079927544,42.270079314710145,49.64277377557971,17.039369977391303,25.68187433811594,23.911356710434788,33.26745958094204,-7.6,-6.1,1.377777778,9.3,14.74444444,20.26666667,23.56666667,21.7,16.02222222,9.7,0.955555556,-8.155555556,7.981481482,4.288647806,3.474550331,2.826118264,2.636759375,1.682342943,1.78605711,2.294558781,1.523154621,2.019144483,2.092247595,4.796642344,4.448907481,2.822427595,12.28888889,37.55555556,46.73333333,58.21111111,98.76666667,130.4222222,89.76666667,97.28888889,96.56666667,56.14444444,36.15555556,38.55555556,66.53796296,9.932326571,82.3413795,45.06656188,30.930908669999997,41.1949026,63.74536802,36.47821268,41.42050955,67.67680548,48.38830208,31.08758237,52.37766965,45.88671075,640.0,268.36,50002.119999999275,119249.19000000003
Match-e-be-nash-she-wish Band of Pottawatomi Indians of Michigan,0.125,0.11800000000000001,2.97,1.6368999999999998e7,0.097,0.094,2.86,5.43e6,0.875,0.882,0.903,0.906,0.34912816806611324,0.34221167826443083,0.0010000000000000002,0.2789499403328017,0.2746317951969871,0.5030101555007082,0.46987021052394545,0.0010000000000000005,0.36848943725137695,0.4811848622728486,-4.566666667,-4.244444444,2.111111111,8.4,14.066666670000002,19.26666667,22.06666667,21.52222222,17.28888889,10.17777778,4.388888889,-3.311111111,8.930555557,2.88183969,4.382667884,3.484050963,3.649315004,2.723967694,2.889636655,1.698528775,2.099867721,1.7842676679999998,2.760334118,1.725865322,2.580428474,2.721730831,51.38888889,52.32222222,50.78888889,67.05555556,97.11111111,104.7111111,101.2666667,81.37777778,82.2,81.07777778,75.28888889,58.67777777999999,75.27222223,26.54827887,28.316725520000002,23.70719534,24.19339327,48.90070154,38.68683382,27.57340204,34.94434066,14.78242199,38.03113125,31.86500606,32.41769493,30.83059377,-4.977777778,-4.6,1.433333333,8.122222222,14.26666667,18.86666667,21.71111111,21.15555556,16.43333333,9.822222222,3.8666666669999996,-3.188888889,8.575925926,3.251068201,4.796613389,3.6342124320000004,2.896885301,1.747855829,2.122498528,1.457261511,1.993182826,1.570827807,2.131183813,1.755704987,2.49321301,2.487542303,60.52222222,46.43333333,59.63333333,69.55555556,103.6444444,102.8444444,104.3666667,86.1,92.82222222,78.84444444,96.06666667,79.56666667,81.7,33.57349318,20.86701943,33.08190593,29.63414885,55.77466071,35.2430529,27.69178579,27.59066871,38.97662049,41.59877135,41.98803401,40.19564653,35.51798399,160.0,67.09,50002.119999999275,119249.19000000003
"Citizen Potawatomi Nation, Oklahoma",0.125,0.11800000000000001,2.97,1.6368999999999998e7,0.1421748006607749,0.2087522595401262,3.014256144651789,1.2483986717781419e7,0.875,0.882,0.8578251993392251,0.7912477404598738,0.34912816806611324,0.34221167826443083,0.0010000000000000002,0.2789499403328017,0.2746317951969871,0.3925058235224002,0.3544004035729066,0.24700249917134348,0.37146334593373687,0.3427926583839122,-4.566666667,-4.244444444,2.111111111,8.4,14.066666670000002,19.26666667,22.06666667,21.52222222,17.28888889,10.17777778,4.388888889,-3.311111111,8.930555557,2.88183969,4.382667884,3.484050963,3.649315004,2.723967694,2.889636655,1.698528775,2.099867721,1.7842676679999998,2.760334118,1.725865322,2.580428474,2.721730831,51.38888889,52.32222222,50.78888889,67.05555556,97.11111111,104.7111111,101.2666667,81.37777778,82.2,81.07777778,75.28888889,58.67777777999999,75.27222223,26.54827887,28.316725520000002,23.70719534,24.19339327,48.90070154,38.68683382,27.57340204,34.94434066,14.78242199,38.03113125,31.86500606,32.41769493,30.83059377,4.9155555556,6.671111111,12.048888889999999,16.508888889999998,21.073333334,26.26888889,28.493333334000003,28.82,24.62888889,17.511111112,11.293333334,4.8466666666,16.923333332000002,2.260850818,2.6470933796000002,1.3044560762,1.021678284,0.9177624378,1.4630155448,1.230204403,1.3017814736000002,1.3893157237999998,1.1258270404,2.0179717056,2.6667628666,1.6122266464,65.275555556,52.83111111200001,99.913333328,95.22444443599998,167.08666668,128.19555556000003,85.78888888799999,62.44444444399999,100.04666666600001,89.30444444800001,61.086666668,53.171111112,88.364074074,26.601387186,34.237215002,66.833273582,61.378323206,95.27023752800001,62.326650097999995,57.92225945199999,51.43910103,54.546235134,73.791014862,52.067929766,35.058359076,55.955998828000006,160.0,67.09,50002.119999999275,119249.19000000003
"Pokagon Band of Potawatomi Indians, Michigan and Indiana",0.125,0.11800000000000001,2.97,1.6368999999999998e7,0.14,0.155,2.98,1.0894e7,0.875,0.882,0.86,0.845,0.34912816806611324,0.34221167826443083,0.0010000000000000002,0.2789499403328017,0.2746317951969871,0.5653292635166147,0.44421387753498415,0.0009038640534865926,0.5012411223857224,0.5590207990067556,-4.566666667,-4.244444444,2.111111111,8.4,14.066666670000002,19.26666667,22.06666667,21.52222222,17.28888889,10.17777778,4.388888889,-3.311111111,8.930555557,2.88183969,4.382667884,3.484050963,3.649315004,2.723967694,2.889636655,1.698528775,2.099867721,1.7842676679999998,2.760334118,1.725865322,2.580428474,2.721730831,51.38888889,52.32222222,50.78888889,67.05555556,97.11111111,104.7111111,101.2666667,81.37777778,82.2,81.07777778,75.28888889,58.67777777999999,75.27222223,26.54827887,28.316725520000002,23.70719534,24.19339327,48.90070154,38.68683382,27.57340204,34.94434066,14.78242199,38.03113125,31.86500606,32.41769493,30.83059377,-0.811111111,-2.055555556,8.255555556,9.466666667,16.08888889,20.87777778,23.07777778,22.42222222,20.23333333,11.72222222,3.933333333,-3.155555556,10.83796296,8.088177243,3.15440609,9.076909043,1.887458609,3.6998123080000003,1.8680054719999997,1.189304185,1.537675013,4.423234111,1.173432761,1.966596044,3.281810137,3.4455684180000006,54.300000000000004,57.54444444,53.8,60.84444444,83.98888889,112.48888890000002,77.26666667,75.65555556,69.61111111,74.9,87.37777778,66.27777778,72.83796296,31.144180839999997,33.71276135,25.65472666,34.24401813,65.36211526,51.75897131,39.34529832,65.16594416,30.31569084,35.69142054,69.41510602,26.67150998,42.37347862,160.0,67.09,50002.119999999275,119249.19000000003
Prairie Island Indian Community in the State of Minnesota,0.08120181845424479,0.13518102117472144,3.0470096387742367,2.239315302429135e6,0.078,0.126,2.94,1.787e6,0.9187981815457552,0.8648189788252786,0.922,0.874,0.6825259004322355,0.5854180603294452,0.0009999999999999998,0.6494318814363992,0.6207616204282129,0.41141266587795633,0.35816602548550946,0.001,0.20911593615487592,0.38152769519799923,-9.55361576232911,-8.010964711707516,0.7122167323982974,8.256391252621324,14.42707322969393,19.857454172838295,22.20771494832142,20.985076403086715,16.167609113663175,8.6921950773939,0.21284350500562707,-8.990384908803177,7.080300754423268,2.7043702245631316,2.8288439434000794,2.2534040496419134,2.369363692502194,1.4827554739925874,1.7632410448801794,1.0113762569939604,1.5153318270403506,1.7646148791615401,2.037589904880454,3.20177218388924,3.9791659877570646,2.2426524557329093,19.103258914091384,16.369763931338174,43.163531277184966,55.64751730872356,95.45877025091812,126.06824808245946,94.8218470740076,102.35174917770244,93.1595967931676,52.723144843351626,42.6076783480826,27.804892182308514,64.10666651516186,11.242210776554211,9.717020170575621,26.30435535134502,28.106988883379053,30.645974732101266,42.600750127057324,34.64454790626954,37.94240599232911,53.796228935480315,18.8116303846994,33.27766755197089,20.153933038328287,28.936976153167706,-8.466666667,-4.922222222,1.366666667,9.133333333,14.98888889,20.42222222,22.7,22.02222222,16.13333333,9.677777778,1.277777778,-7.6,8.061111111,2.491485501,4.793166432,2.759075932,2.121320344,1.274209995,1.710100712,0.85732141,1.708638184,1.697056275,2.150452149,2.783782399,4.518296139,2.405408789,28.3,16.43333333,45.36666667,69.93333333,90.53333333,133.1555556,91.91111111,123.4888889,97.83333333,57.5,39.13333333,29.31111111,68.575,30.793099880000003,9.335684228,29.32119541,57.20131117,45.11280306,55.65772882,47.15388225,56.18955518,55.14163581,32.06091858,27.47853708,14.05315307,38.29162538,14508.17,6083.400000000008,50002.119999999275,119249.19000000003
"Santee Sioux Nation, Nebraska",0.10396094909986847,0.14496642751021807,3.0266520522460336,2.866983075813518e6,0.12397529083292405,0.18798058565444034,3.0701764940505427,545845.5677057753,0.8960390509001315,0.855033572489782,0.876024709167076,0.8120194143455597,0.7714071599675446,0.6594138409020808,0.0010000000000000002,0.7080462442807752,0.757077239170914,0.4428393953457203,0.38454732337955627,0.001385293635017185,0.4121737207743507,0.3800840552122669,-6.790861513644929,-4.914090177195653,2.9284621576449275,9.618599033528985,15.266747184710146,21.258454104710147,23.42890499304348,22.412721417282608,17.901932366086957,10.350603864655799,1.8873590980326087,-6.360668276952898,8.915680355054349,2.6382462738949277,3.070327997434783,1.7404353110760868,1.9820824431630437,1.5686095366811594,1.4440424933405798,1.015388182518116,1.423419141536232,1.779113964231884,1.636025009713768,3.2539601403514493,3.592607645706522,2.0953548450688406,16.469444445181157,15.784581321594203,44.9600644103261,64.45438808293478,105.50326086630434,119.87520128188405,94.26078906083336,99.23607084778986,83.76859903442029,43.27693236793478,33.09214975605072,24.154951690543477,62.069702763804344,8.587586104786233,12.744840609637683,26.975734665905797,39.76329835242754,45.38707356460145,58.47679452275363,48.728733079927544,42.270079314710145,49.64277377557971,17.039369977391303,25.68187433811594,23.911356710434788,33.26745958094204,-3.1,-0.6333333330000002,3.6555555560000004,12.01111111,16.82222222,22.0,24.42222222,23.98888889,17.46666667,12.93333333,3.011111111,-3.733333333,10.73703704,7.160830957,6.118006210999999,4.950785572,4.198346235,3.355882067,2.032240143,1.794977561,1.755309406,2.530316186,3.863288754,5.553477389,5.844655678,4.09650968,14.83333333,10.56666667,58.188888889999994,71.31111111,86.07777777999999,112.0111111,66.48888889,105.8111111,51.54444444,39.87777778,30.4,22.08888889,55.76666667,13.48601127,8.656211643,47.62770844,46.20893973,32.07903434,60.60471195,36.74375608,71.08629341,34.23145889,19.0076812,21.49581355,36.39795477,35.63546461,640.0,268.36,50002.119999999275,119249.19000000003
Iowa Tribe of Kansas and Nebraska,0.10396094909986847,0.14496642751021807,3.0266520522460336,2.866983075813518e6,0.13287622297396517,0.225280012498916,3.0072448015408804,607920.5320388732,0.8960390509001315,0.855033572489782,0.8671237770260348,0.774719987501084,0.7714071599675446,0.6594138409020808,0.0010000000000000002,0.7080462442807752,0.757077239170914,0.6896579535056878,0.5787390560493417,0.0015824584677697382,0.619868236425538,0.6804875154135415,-6.790861513644929,-4.914090177195653,2.9284621576449275,9.618599033528985,15.266747184710146,21.258454104710147,23.42890499304348,22.412721417282608,17.901932366086957,10.350603864655799,1.8873590980326087,-6.360668276952898,8.915680355054349,2.6382462738949277,3.070327997434783,1.7404353110760868,1.9820824431630437,1.5686095366811594,1.4440424933405798,1.015388182518116,1.423419141536232,1.779113964231884,1.636025009713768,3.2539601403514493,3.592607645706522,2.0953548450688406,16.469444445181157,15.784581321594203,44.9600644103261,64.45438808293478,105.50326086630434,119.87520128188405,94.26078906083336,99.23607084778986,83.76859903442029,43.27693236793478,33.09214975605072,24.154951690543477,62.069702763804344,8.587586104786233,12.744840609637683,26.975734665905797,39.76329835242754,45.38707356460145,58.47679452275363,48.728733079927544,42.270079314710145,49.64277377557971,17.039369977391303,25.68187433811594,23.911356710434788,33.26745958094204,-4.538888889,-2.8277777774999997,5.1333333329999995,11.427777775000001,16.555555555,22.677777775,26.144444444999998,24.805555554999998,19.455555555,12.322222225000003,4.811111111,-3.6111111115000005,11.02962963,4.0175880615,5.851064363,3.2076581809999998,3.1518510090000005,2.5524931720000006,1.74527636,2.1279009915000002,2.0758442574999996,2.8290994605,3.4384425614999996,2.8009377515000002,2.4735940440000004,3.0226458509999996,22.122222225,46.5,61.15555555499999,58.73888888999999,121.80555555000002,122.25555555000001,103.62222225000001,94.122222245,85.894444445,55.172222219999995,48.916666670000005,45.08888889,72.11620371000001,12.272704710000001,44.37224610999999,40.782768004999994,29.515865634999997,69.46719067,42.422479845000005,34.849263335,42.714615585000004,57.396360115,30.069617035,27.322523904999997,58.804075950000005,40.83247591,640.0,268.36,50002.119999999275,119249.19000000003
"Chippewa Cree Indians of the Rocky Boy's Reservation, Montana",0.15011422165809316,0.19904347868196484,2.9225183127477594,1.4520532252669607e6,0.12343523303737963,0.19176165781541438,3.171088082593449,895369.5948245387,0.8498857783419068,0.8009565213180352,0.8765647669626204,0.8082383421845856,0.4090372331611126,0.3806601456794577,0.0009999999999999966,0.26828523899083695,0.3809988896545781,0.14151827746123552,0.13412407215420588,0.0015780191636411013,0.08569734383908499,0.0507085411479157,-6.9954124485183975,-7.25313155067919,-0.5124221165591039,6.057213193303259,12.435525444174104,17.406734153505273,20.233732735398856,19.645066059090226,14.816270896065094,8.212805542107569,2.0447983384561423,-5.566000028963008,6.71043168483102,2.494233723987492,2.923595397992157,2.5079082431253963,1.7690159676646338,1.3937047441762431,2.0300092886477707,1.303950412887194,1.4007974351099726,1.4908856213687842,1.645777615739139,2.204476725689119,3.5325601961238693,2.0580762811581583,43.08062006587204,31.513494449214342,39.41356852054638,63.75650685863624,77.16333783581926,96.40828577108259,80.19177329178889,92.44063488090313,93.11526295082211,67.5738437918687,72.34971412546336,50.95919470965353,67.33051977119726,17.4567349367021,19.222225176125942,23.396264602951053,23.836411823265202,29.33388010612782,44.06576120242208,25.808777579146433,29.320403948671057,33.14138401575787,27.31351939551521,33.13242056644627,19.112389294901313,27.09501438815384,-8.888888889,-4.422222222,-0.544444444,6.955555556000001,11.05555556,16.15555556,20.7,18.7,12.56666667,7.4,-1.822222222,-6.066666667,5.982407409,3.10340315,5.668725115999999,2.245613007,2.762295744,2.148319757,2.357493961,2.063976744,2.404682931,2.054263858,3.081801421,5.548373135,8.905616206,3.528713753,15.1,8.788888889,23.94444444,23.97777778,64.45555556,64.92222222,43.96666667,38.81111111,33.01111111,28.03333333,31.05555556,22.25555556,33.19351852,12.282100800000002,6.181715871,9.699369968,12.341978949999998,62.67190581,49.7332328,32.28432282,22.807095630000003,25.50114921,17.11848416,41.18944377,27.44964076,26.60503671,45948.24,19266.520000000037,50002.119999999275,119249.19000000003
"Minnesota Chippewa Tribe, Minnesota (Mille Lacs Band)",0.14701695021124486,0.19658877823010887,2.9315159121895764,1.505185572748183e6,0.10608011929540875,0.18022093731619104,3.1389613373660192,1.4406601769316306e6,0.8529830497887552,0.8034112217698911,0.8939198807045913,0.819779062683809,0.4147983968299998,0.38594842947694225,0.0009999999999999966,0.27792768158107195,0.3840498873306568,0.4728271038234141,0.44281592523583635,0.0009999999999999903,0.3082995841851287,0.38709214947998727,-7.171601606904637,-7.355426865976012,-0.5227148397668645,6.077837740585047,12.445363260383157,17.415138306617113,20.245133556154652,19.639200465401633,14.798506464585502,8.180833114105939,1.914512386902775,-5.760728502080326,6.658837790047941,2.4957760765165005,2.912775932252065,2.5096790220400593,1.788514659989997,1.3887348923950331,2.0143238853132135,1.2838930739137364,1.3961480308782843,1.508229988209763,1.6583886364160405,2.2476815093954907,3.5595568300467013,2.0636418782157384,42.16049003544729,30.825714364421877,39.3964829499722,62.90855992467689,77.39709779947273,97.27992352729365,80.78168688977493,93.14500671292737,93.23803856882807,67.46945816575946,71.20010285959113,50.02879829902356,67.15261334170364,17.29984887730375,18.66039226664468,23.36544150682386,23.70631360364731,29.58090569920087,43.9902582884524,26.063767905820097,30.01373301008012,33.57895275787079,27.07203805035409,33.13295176083436,19.072029455754922,27.128052766019305,-10.631746031714286,-7.911111111000001,-0.550793650857143,6.898412698428573,13.271428572857143,18.428571428571434,21.00634920428572,20.20952380857143,14.574603175714287,7.742857142857144,0.23968253985714288,-9.100000000000001,6.181481481571429,2.4928860430000004,3.5420395787142867,2.8164420848571434,2.3882921137142863,1.5146486575714289,2.193363104714286,1.0073493322857143,1.9168045961428573,1.7883156291428572,2.2218177551428577,4.304854794571429,4.809327475857144,2.5830117638571433,23.47142857,15.641269840000003,38.12698412428572,45.45396825428572,73.11428571428571,115.66507937142859,104.49047617857144,104.22539681428573,82.59365079428572,77.08095238142857,42.75714285714286,31.598412698571433,62.85158730000001,20.68355160714286,9.571970631285716,22.93396112714286,31.942195935714288,31.144342235714294,41.53918991571429,35.11608613857143,58.96117407000002,44.07962768,36.68889363,30.898817570000002,31.932969151428573,32.95773164285714,48348.24,20272.87000000004,50002.119999999275,119249.19000000003
"Upper Sioux Community, Minnesota",0.10396094909986847,0.14496642751021807,3.0266520522460336,2.866983075813518e6,0.09293197285960943,0.14991500287535647,3.1464309408980826,491697.1993300504,0.8960390509001315,0.855033572489782,0.9070680271403906,0.8500849971246436,0.7714071599675446,0.6594138409020808,0.0010000000000000002,0.7080462442807752,0.757077239170914,0.7237496003414035,0.5006192006338247,0.0010000000000000002,0.6941590104844781,0.59679983404596,-6.790861513644929,-4.914090177195653,2.9284621576449275,9.618599033528985,15.266747184710146,21.258454104710147,23.42890499304348,22.412721417282608,17.901932366086957,10.350603864655799,1.8873590980326087,-6.360668276952898,8.915680355054349,2.6382462738949277,3.070327997434783,1.7404353110760868,1.9820824431630437,1.5686095366811594,1.4440424933405798,1.015388182518116,1.423419141536232,1.779113964231884,1.636025009713768,3.2539601403514493,3.592607645706522,2.0953548450688406,16.469444445181157,15.784581321594203,44.9600644103261,64.45438808293478,105.50326086630434,119.87520128188405,94.26078906083336,99.23607084778986,83.76859903442029,43.27693236793478,33.09214975605072,24.154951690543477,62.069702763804344,8.587586104786233,12.744840609637683,26.975734665905797,39.76329835242754,45.38707356460145,58.47679452275363,48.728733079927544,42.270079314710145,49.64277377557971,17.039369977391303,25.68187433811594,23.911356710434788,33.26745958094204,-9.8833333335,-7.9611111115,0.638888889,8.088888889,14.327777780000002,20.122222225,22.005555554999997,21.094444445,16.577777779999998,8.4555555555,0.044444444499999985,-8.1833333335,7.1106481485,2.7815319119999997,3.0524398099999996,2.131717749,2.8221770090000002,2.0419697329999997,1.5480067585000001,0.9925782135000001,1.4016155345,1.8194232639999997,2.3399014155,3.256786348,5.353988428,2.4618446809999996,24.61111111,14.394444445000001,36.966666665,66.761111115,98.13333333,106.55555555000001,102.03333335,89.33888888999999,86.138888885,56.68333333500001,40.866666665,28.54444444,62.58564814500001,27.76609312,9.667324171499999,25.058937119999996,37.89240455,24.860249924999998,44.735392315,37.040107185,38.596214925000005,65.10211534,26.647706859999996,38.188397315,21.505453499999998,33.088366359999995,640.0,268.36,50002.119999999275,119249.19000000003
"Minnesota Chippewa Tribe, Minnesota (Grand Portage Band)",0.15011422165809316,0.19904347868196484,2.9225183127477594,1.4520532252669607e6,0.09899999999999999,0.163,3.13,281000.0,0.8498857783419068,0.8009565213180352,0.901,0.837,0.4090372331611126,0.3806601456794577,0.0009999999999999966,0.26828523899083695,0.3809988896545781,0.3905850151767989,0.364027608883356,0.0009999999999999998,0.27336276216126054,0.3200784671543709,-6.9954124485183975,-7.25313155067919,-0.5124221165591039,6.057213193303259,12.435525444174104,17.406734153505273,20.233732735398856,19.645066059090226,14.816270896065094,8.212805542107569,2.0447983384561423,-5.566000028963008,6.71043168483102,2.494233723987492,2.923595397992157,2.5079082431253963,1.7690159676646338,1.3937047441762431,2.0300092886477707,1.303950412887194,1.4007974351099726,1.4908856213687842,1.645777615739139,2.204476725689119,3.5325601961238693,2.0580762811581583,43.08062006587204,31.513494449214342,39.41356852054638,63.75650685863624,77.16333783581926,96.40828577108259,80.19177329178889,92.44063488090313,93.11526295082211,67.5738437918687,72.34971412546336,50.95919470965353,67.33051977119726,17.4567349367021,19.222225176125942,23.396264602951053,23.836411823265202,29.33388010612782,44.06576120242208,25.808777579146433,29.320403948671057,33.14138401575787,27.31351939551521,33.13242056644627,19.112389294901313,27.09501438815384,-11.955555560000002,-10.133333333500001,-2.1777777775,4.433333333,10.75,16.08888889,18.794444445,18.07777778,13.01111111,5.988888888499999,-1.8944444444999997,-9.199999998500001,4.3152777775,2.526196929,2.3572405825,3.6804762335,2.1913991009999996,1.433333723,3.541258788,1.852747215,1.6419500509999998,3.5356690009999996,1.7288037445,3.9378277329999998,7.6688108249999996,3.0079761605,34.96666667,19.3,26.25,39.366666665,74.07222222,103.25,114.3777778,83.12777777999999,103.483333345,67.82777778,51.58888889,36.85,62.871759265,15.480685339999999,8.363933929,15.785697895000002,16.519890569999998,25.323755140000003,39.1295641,24.757296805,33.512640705,48.671542835,26.747764395,23.83108262,11.321904508,24.120479905,45948.24,19266.520000000037,50002.119999999275,119249.19000000003
Lac Courte Oreilles Band of Lake Superior Chippewa Indians of Wisconsin,0.14701695021124486,0.19658877823010887,2.9315159121895764,1.505185572748183e6,0.11600000000000002,0.224,3.0,965000.0,0.8529830497887552,0.8034112217698911,0.884,0.776,0.4147983968299998,0.38594842947694225,0.0009999999999999966,0.27792768158107195,0.3840498873306568,0.433424743723885,0.4041571227320506,0.0009999999999999979,0.24998240144653047,0.4100168293558134,-7.171601606904637,-7.355426865976012,-0.5227148397668645,6.077837740585047,12.445363260383157,17.415138306617113,20.245133556154652,19.639200465401633,14.798506464585502,8.180833114105939,1.914512386902775,-5.760728502080326,6.658837790047941,2.4957760765165005,2.912775932252065,2.5096790220400593,1.788514659989997,1.3887348923950331,2.0143238853132135,1.2838930739137364,1.3961480308782843,1.508229988209763,1.6583886364160405,2.2476815093954907,3.5595568300467013,2.0636418782157384,42.16049003544729,30.825714364421877,39.3964829499722,62.90855992467689,77.39709779947273,97.27992352729365,80.78168688977493,93.14500671292737,93.23803856882807,67.46945816575946,71.20010285959113,50.02879829902356,67.15261334170364,17.29984887730375,18.66039226664468,23.36544150682386,23.70631360364731,29.58090569920087,43.9902582884524,26.063767905820097,30.01373301008012,33.57895275787079,27.07203805035409,33.13295176083436,19.072029455754922,27.128052766019305,-10.3,-7.033333333,-1.133333333,6.2,12.45555556,17.86666667,20.78888889,19.85555556,14.08888889,7.500000000000001,-0.377777778,-8.822222222,5.924074075,2.103568397,5.147329405,2.6,2.202271555,1.354724244,1.639359631,1.115173131,1.632567848,1.543894786,2.094039159,2.699434097,4.617569106,2.395827613,26.5,13.744444439999999,32.27777778,53.1,74.7,112.7333333,88.67777778,111.9666667,111.8444444,77.68888889,46.13333333,36.18888889,65.46296296,20.86953521,7.584871639,16.71143155,24.71360961,17.28351816,40.91112318,43.91178025,53.23523269,60.227238670000006,30.40425317,28.792967890000003,36.33739274,31.74857956,48348.24,20272.87000000004,50002.119999999275,119249.19000000003
The Osage Nation,0.14448487293029783,0.21085065072178774,2.954372324670743,1.2687057964200685e6,0.153990103548466,0.24696571776974643,3.209845170750867,3.9591201444893256e6,0.8555151270697021,0.7891493492782122,0.846009896451534,0.7530342822302536,0.5883275756620101,0.5134280274438848,0.39828156480036253,0.4932499461916397,0.569374591064041,0.3774161207951463,0.32127760835418484,0.24933042781695985,0.30693447301074434,0.3320218767087474,-0.45399312372933776,1.4036340688217779,8.145092919015665,13.430051790967486,18.287591938366624,24.244897069616133,27.089176133728945,26.3785002391226,21.890372980650213,14.717199810642374,7.751307829505286,0.2326848586047786,13.593043042737953,3.07618290416882,3.5435938981558945,1.611224518906776,1.6671936327207209,1.7275999348096356,1.677754171444183,1.814138264487662,2.2483943645507245,1.7780391970117506,1.6818581398366623,2.573308677204465,3.196276235758323,2.2162969950011746,45.62407624970622,50.396026460908715,87.1869913445319,73.59358924173519,154.40902206423812,146.4807894763807,98.36773728808458,100.20399965007832,99.4528223994947,58.05978152128084,59.22723157815118,44.73428646200547,84.81136281166467,35.49244952046221,29.315544860548364,49.452368601551115,34.19495795946338,78.26388384819425,63.57298736567957,53.23379608589109,68.26324525656872,75.18324815872695,35.3701335650803,49.61303746634544,39.0075880208774,50.91360339246375,1.4092592591666666,2.075925926,8.4555555555,14.522222220000002,19.201851851666667,24.711111111666668,27.312962961666667,27.420370370000004,22.137037038333336,15.635185185000003,8.820370370500003,1.4537037038333334,14.429629630000003,3.7672595333333336,7.605372761833335,4.6927797015,2.9705829261666676,2.479407805666667,2.7016308311666672,2.693006349166667,3.0918469880000004,4.412115398333334,3.165708149833334,2.8488077898333337,3.1960892591666674,3.6353839580000002,40.44444444666667,53.729629630000005,87.29074074166668,87.11481481666668,125.16111110333334,164.7740740666667,89.54814815000002,76.75555555500003,94.00370370166667,71.21481481333333,49.259259258333344,32.60000000000001,80.99135802500003,23.84216639666667,43.871019423333344,54.07718270000001,50.08989102666667,57.997781266666664,69.31045785333333,55.72927590333335,51.15760299500001,53.66359429166667,49.298250886666665,39.52556642333334,22.642688366666672,47.600456461666674,5605.92,2350.6099999999997,50002.119999999275,119249.19000000003
Lac Vieux Desert Band of Lake Superior Chippewa Indians of Michigan,0.14701695021124486,0.19658877823010887,2.9315159121895764,1.505185572748183e6,0.146,0.187,3.04,1.158e6,0.8529830497887552,0.8034112217698911,0.854,0.813,0.4147983968299998,0.38594842947694225,0.0009999999999999966,0.27792768158107195,0.3840498873306568,0.36173648310414613,0.3509983366945477,0.001,0.20119831853441528,0.3241413337593596,-7.171601606904637,-7.355426865976012,-0.5227148397668645,6.077837740585047,12.445363260383157,17.415138306617113,20.245133556154652,19.639200465401633,14.798506464585502,8.180833114105939,1.914512386902775,-5.760728502080326,6.658837790047941,2.4957760765165005,2.912775932252065,2.5096790220400593,1.788514659989997,1.3887348923950331,2.0143238853132135,1.2838930739137364,1.3961480308782843,1.508229988209763,1.6583886364160405,2.2476815093954907,3.5595568300467013,2.0636418782157384,42.16049003544729,30.825714364421877,39.3964829499722,62.90855992467689,77.39709779947273,97.27992352729365,80.78168688977493,93.14500671292737,93.23803856882807,67.46945816575946,71.20010285959113,50.02879829902356,67.15261334170364,17.29984887730375,18.66039226664468,23.36544150682386,23.70631360364731,29.58090569920087,43.9902582884524,26.063767905820097,30.01373301008012,33.57895275787079,27.07203805035409,33.13295176083436,19.072029455754922,27.128052766019305,-11.14444444,-10.5,-2.422222222,4.377777778,10.8,16.23333333,18.71111111,17.85555556,12.68888889,5.833333333,-1.8555555559999999,-9.611111111,4.247222223,1.753646993,2.060339778,2.731655989,2.358907468,1.54677083,2.675350444,1.9464354889999997,1.64629213,2.916095182,2.034084561,3.143290915,4.76509298,2.46483023,44.17777778,17.97777778,35.0,56.53333333,74.86666667,105.2777778,117.9333333,99.26666667,122.50000000000001,86.87777778,58.42222222,36.76666667,71.3,63.540730589999995,5.733406007,22.605475,40.00181246,40.31169185,34.67213499,34.28593006,41.16132894,59.14207470000001,40.60359522,33.14195897,20.65623393,36.32136439,48348.24,20272.87000000004,50002.119999999275,119249.19000000003
Omaha Tribe of Nebraska,0.119397215630085,0.17536952535087308,2.9989179188319284,681261.4437922647,0.1621764635154987,0.23459119199236078,2.9437797583017415,601305.687492065,0.880602784369915,0.8246304746491269,0.8378235364845013,0.7654088080076392,0.649694655222183,0.50016633819261,0.001204182238028344,0.6267671870631708,0.5633730257868825,0.6884328089990006,0.5696985934835094,0.00102286139486395,0.664994943365482,0.6478236030163257,-5.334077942152881,-3.408667762577603,4.167881893933273,10.67224962219146,15.88862134615607,22.09119362963154,24.380533797429624,23.307168875651275,18.8254198495213,11.319237339821573,3.001788995204524,-4.9357541179382025,9.997966293448785,2.934211105774584,3.167811240501883,1.7177961377890911,1.6551787079181879,1.5110641915149396,1.4564745071958214,0.9777755558944003,1.3747966743826503,1.669827167385551,1.3429213781598477,3.419023645756307,3.6704404958305745,2.074776734233245,18.116465201708717,17.0075234505744,45.07719433787056,61.40498017804461,102.96796248262541,126.4371401691034,74.54403507116908,76.84607226860162,65.29328562699152,41.617467686074804,36.609222189120956,25.4607323592457,57.61517341674784,12.764219363370747,14.830878771702913,21.35013079785028,35.18461102072815,46.523566733455134,77.76583399731061,36.55619148476932,45.21392314223379,52.38741725086155,20.573816223437753,26.50129926769362,31.674782145271223,35.110555850057985,-5.6444444444999995,-2.4000000000000004,3.1722222220000003,10.572222219999999,15.772222225,21.744444445000003,24.633333335,23.172222225000002,17.47777778,10.93888889,3.4944444445,-6.022222222000001,9.742592593000001,3.0516993995,6.291955315000001,2.5412841945,1.6395577175,1.391675904,2.358326615,1.8952790655,2.4226934815,2.3872151914999997,1.4416619055000002,6.405018934,3.2511028670000006,2.923122549,20.816666670000004,32.66111111,47.72222222,75.56111111499999,109.50555555,123.1,85.58888888999999,79.05,75.32777778,56.40555555499999,37.62777778,44.59444444499999,65.66342592500001,18.451979635,53.61136694500001,30.451534700000003,36.613876770000005,45.9514389,62.450629815,60.91731861499999,43.23647978,40.72742219,32.32539399499999,25.972441139999997,58.538697799999994,42.43738169,7518.5,3152.6000000000013,50002.119999999275,119249.19000000003
Sac & Fox Nation of Missouri in Kansas and Nebraska,0.10396094909986847,0.14496642751021807,3.0266520522460336,2.866983075813518e6,0.13167106274607682,0.22301318823823046,3.039802176426543,580895.2627959948,0.8960390509001315,0.855033572489782,0.8683289372539231,0.7769868117617695,0.7714071599675446,0.6594138409020808,0.0010000000000000002,0.7080462442807752,0.757077239170914,0.8298846391248865,0.6540761934383941,0.0010000000000000002,0.7247162502712391,0.8123573376512782,-6.790861513644929,-4.914090177195653,2.9284621576449275,9.618599033528985,15.266747184710146,21.258454104710147,23.42890499304348,22.412721417282608,17.901932366086957,10.350603864655799,1.8873590980326087,-6.360668276952898,8.915680355054349,2.6382462738949277,3.070327997434783,1.7404353110760868,1.9820824431630437,1.5686095366811594,1.4440424933405798,1.015388182518116,1.423419141536232,1.779113964231884,1.636025009713768,3.2539601403514493,3.592607645706522,2.0953548450688406,16.469444445181157,15.784581321594203,44.9600644103261,64.45438808293478,105.50326086630434,119.87520128188405,94.26078906083336,99.23607084778986,83.76859903442029,43.27693236793478,33.09214975605072,24.154951690543477,62.069702763804344,8.587586104786233,12.744840609637683,26.975734665905797,39.76329835242754,45.38707356460145,58.47679452275363,48.728733079927544,42.270079314710145,49.64277377557971,17.039369977391303,25.68187433811594,23.911356710434788,33.26745958094204,-0.9638888887499999,0.6249999997500001,6.3722222222500005,13.719444444999999,18.42222222,23.547222222499997,26.3888888875,25.6361111125,19.541666667500003,14.702777777500001,7.12777777775,-2.3250000002499998,12.7328703725,5.15182658425,5.5537162085,3.9037220907499997,2.69708137225,2.1826643832499997,1.9759749305,1.57894661825,1.80047743025,2.878694075,2.39203343475,4.830711392,4.1656058955,3.25928786825,27.633333335000003,43.1527777775,74.3833333325,73.6361111125,105.130555555,130.44444445,104.88333334999999,95.8555555525,85.11944443499999,66.59166666750001,39.75000000000001,39.5499999975,73.84421296500001,18.670806925,49.0123165575,48.885856365,38.507558495,68.42168179500001,40.113190825000004,32.9584095075,42.7401597125,56.68374790749999,47.69232249,19.1471670875,41.242267192499995,42.006290405,640.0,268.36,50002.119999999275,119249.19000000003
St. Croix Chippewa Indians of Wisconsin,0.15011422165809316,0.19904347868196484,2.9225183127477594,1.4520532252669607e6,0.09700517515022355,0.18360633140488966,3.1851943387309163,1.5154593112462228e6,0.8498857783419068,0.8009565213180352,0.9029948248497764,0.8163936685951103,0.4090372331611126,0.3806601456794577,0.0009999999999999966,0.26828523899083695,0.3809988896545781,0.3440545666797694,0.3200673585177242,0.0010000000000000002,0.20776229812067723,0.31170878076418945,-6.9954124485183975,-7.25313155067919,-0.5124221165591039,6.057213193303259,12.435525444174104,17.406734153505273,20.233732735398856,19.645066059090226,14.816270896065094,8.212805542107569,2.0447983384561423,-5.566000028963008,6.71043168483102,2.494233723987492,2.923595397992157,2.5079082431253963,1.7690159676646338,1.3937047441762431,2.0300092886477707,1.303950412887194,1.4007974351099726,1.4908856213687842,1.645777615739139,2.204476725689119,3.5325601961238693,2.0580762811581583,43.08062006587204,31.513494449214342,39.41356852054638,63.75650685863624,77.16333783581926,96.40828577108259,80.19177329178889,92.44063488090313,93.11526295082211,67.5738437918687,72.34971412546336,50.95919470965353,67.33051977119726,17.4567349367021,19.222225176125942,23.396264602951053,23.836411823265202,29.33388010612782,44.06576120242208,25.808777579146433,29.320403948671057,33.14138401575787,27.31351939551521,33.13242056644627,19.112389294901313,27.09501438815384,-9.094444444499999,-6.699999999999999,1.2388888889999998,7.4277777775,13.644444445000001,19.272222225,21.105555555,20.816666665,16.55,8.5555555555,1.0055555555,-6.8944444444999995,7.2439814815,3.164906537,3.1752477585,4.0846758560000005,2.4033727415,1.581793228,2.9028246530000006,1.061957149,2.085062937,3.053257678,1.9790695105000002,3.960436876,8.1078117465,3.1300347225,18.377777775,14.416666665,39.23888889,56.183333335,76.94444444499999,124.9055556,98.62222220000001,122.27222219999999,102.84999998500001,73.177777775,45.78333333,27.011111110000005,66.64861110999999,11.1766149325,8.103534686,20.138685985,36.50125045,23.40675805,40.858084625,50.568267580000004,54.832772545000005,60.219771665,39.2135952,37.300312045,17.5214606925,33.32009237,45948.24,19266.520000000037,50002.119999999275,119249.19000000003
"Minnesota Chippewa Tribe, Minnesota (Bois Forte Band (Nett Lake))",0.15011422165809316,0.19904347868196484,2.9225183127477594,1.4520532252669607e6,0.12190811994435309,0.2112608843887198,3.0200566401158047,2.872892703672036e6,0.8498857783419068,0.8009565213180352,0.8780918800556469,0.7887391156112802,0.4090372331611126,0.3806601456794577,0.0009999999999999966,0.26828523899083695,0.3809988896545781,0.3459309517446793,0.31887426797732443,0.0010000000000000078,0.2915181991234117,0.30531073504780154,-6.9954124485183975,-7.25313155067919,-0.5124221165591039,6.057213193303259,12.435525444174104,17.406734153505273,20.233732735398856,19.645066059090226,14.816270896065094,8.212805542107569,2.0447983384561423,-5.566000028963008,6.71043168483102,2.494233723987492,2.923595397992157,2.5079082431253963,1.7690159676646338,1.3937047441762431,2.0300092886477707,1.303950412887194,1.4007974351099726,1.4908856213687842,1.645777615739139,2.204476725689119,3.5325601961238693,2.0580762811581583,43.08062006587204,31.513494449214342,39.41356852054638,63.75650685863624,77.16333783581926,96.40828577108259,80.19177329178889,92.44063488090313,93.11526295082211,67.5738437918687,72.34971412546336,50.95919470965353,67.33051977119726,17.4567349367021,19.222225176125942,23.396264602951053,23.836411823265202,29.33388010612782,44.06576120242208,25.808777579146433,29.320403948671057,33.14138401575787,27.31351939551521,33.13242056644627,19.112389294901313,27.09501438815384,-12.48611111,-9.338888888500001,-0.41111111100000003,5.341666666499999,11.830555555,17.3,19.66388889,19.1500000025,14.677777779999998,6.436111111000001,-1.1027777777499999,-10.841666664999998,5.0182870377499995,2.4816605545000003,5.1738276155000005,6.106285776,2.26622421275,1.4380910552500001,3.5374053002499997,1.3974814435,2.9627175397500003,4.765850246,1.8957937685000001,6.11268450675,5.553970123499999,3.6409993455,27.891666665000002,15.397222220000002,30.11111111,42.322222222499995,77.09166666499999,102.19444443999998,96.152777775,92.5972222225,80.305555555,68.3388888875,58.1500000025,33.724999999999994,60.356481484999996,14.012159462500001,5.52637682225,12.4614267095,26.0333065475,44.926880839999995,30.708381314999997,55.816890234999995,39.231464772500004,34.25213603,26.805599152499997,36.15748784,21.977977195,28.9925072425,45948.24,19266.520000000037,50002.119999999275,119249.19000000003
"Bad River Band of the Lake Superior Tribe of Chippewa Indians of the Bad River Reservation, Wisconsin",0.14701695021124486,0.19658877823010887,2.9315159121895764,1.505185572748183e6,0.11733307393570981,0.19590405782549802,3.3171450805510583,996785.4358320393,0.8529830497887552,0.8034112217698911,0.8826669260642902,0.804095942174502,0.4147983968299998,0.38594842947694225,0.0009999999999999966,0.27792768158107195,0.3840498873306568,0.4340199203515163,0.4095993224489371,0.0010000000000000007,0.3480406513461276,0.38155870838708394,-7.171601606904637,-7.355426865976012,-0.5227148397668645,6.077837740585047,12.445363260383157,17.415138306617113,20.245133556154652,19.639200465401633,14.798506464585502,8.180833114105939,1.914512386902775,-5.760728502080326,6.658837790047941,2.4957760765165005,2.912775932252065,2.5096790220400593,1.788514659989997,1.3887348923950331,2.0143238853132135,1.2838930739137364,1.3961480308782843,1.508229988209763,1.6583886364160405,2.2476815093954907,3.5595568300467013,2.0636418782157384,42.16049003544729,30.825714364421877,39.3964829499722,62.90855992467689,77.39709779947273,97.27992352729365,80.78168688977493,93.14500671292737,93.23803856882807,67.46945816575946,71.20010285959113,50.02879829902356,67.15261334170364,17.29984887730375,18.66039226664468,23.36544150682386,23.70631360364731,29.58090569920087,43.9902582884524,26.063767905820097,30.01373301008012,33.57895275787079,27.07203805035409,33.13295176083436,19.072029455754922,27.128052766019305,-10.111111111333333,-7.777777777666667,-0.2148148146666667,5.725925926,11.89629629333333,17.496296296666664,19.881481479999998,19.674074076666663,15.114814816666668,7.2333333333333325,0.20740740733333332,-6.3999999999999995,6.060493827333333,2.044218238,3.35303555,4.359817924666666,2.080701853333333,1.4620711936666668,3.0577764046666664,1.154680837,2.0986090326666664,3.851867217666667,1.866184913,4.113275782666666,10.188971990999999,3.302600911666667,24.485185186666662,15.562962966666666,30.607407406666663,54.111111109999996,70.91481481666666,102.36666666666666,97.87777777333334,108.15555555666667,118.33333336666668,75.18888888666665,51.922222223333335,35.714814813333334,65.43672839666667,12.024945739333333,7.162015587666667,21.84585987666667,32.088623676666664,30.589575236666665,30.049565219999998,37.333040553333326,46.909630013333334,66.20566041666666,41.20464626333333,42.59105778666666,22.51937754,32.54366649333333,48348.24,20272.87000000004,50002.119999999275,119249.19000000003
"Minnesota Chippewa Tribe, Minnesota (Fond du Lac Band)",0.15011422165809316,0.19904347868196484,2.9225183127477594,1.4520532252669607e6,0.09706864746028158,0.15960786132752874,3.2177449707072987,6.0771835199553715e6,0.8498857783419068,0.8009565213180352,0.9029313525397185,0.8403921386724713,0.4090372331611126,0.3806601456794577,0.0009999999999999966,0.26828523899083695,0.3809988896545781,0.3531916414012067,0.34192197897938076,0.0009999999999999979,0.2125168626753289,0.28162577258558613,-6.9954124485183975,-7.25313155067919,-0.5124221165591039,6.057213193303259,12.435525444174104,17.406734153505273,20.233732735398856,19.645066059090226,14.816270896065094,8.212805542107569,2.0447983384561423,-5.566000028963008,6.71043168483102,2.494233723987492,2.923595397992157,2.5079082431253963,1.7690159676646338,1.3937047441762431,2.0300092886477707,1.303950412887194,1.4007974351099726,1.4908856213687842,1.645777615739139,2.204476725689119,3.5325601961238693,2.0580762811581583,43.08062006587204,31.513494449214342,39.41356852054638,63.75650685863624,77.16333783581926,96.40828577108259,80.19177329178889,92.44063488090313,93.11526295082211,67.5738437918687,72.34971412546336,50.95919470965353,67.33051977119726,17.4567349367021,19.222225176125942,23.396264602951053,23.836411823265202,29.33388010612782,44.06576120242208,25.808777579146433,29.320403948671057,33.14138401575787,27.31351939551521,33.13242056644627,19.112389294901313,27.09501438815384,-10.56666667,-5.661111110999999,-1.3333333334999997,5.6,12.083333335,17.944444445,20.183333335,20.22222222,13.811111110000002,7.066666666500001,1.9277777779999998,-9.1611111115,6.009722222000001,2.3154000485000004,9.271834327999999,3.0027513874999996,2.4058427475,1.3846649274999998,4.2145575375,1.51945652,3.5708645695,1.5242157655000002,2.08349233,9.575960722,4.842509984,3.8092959055000004,29.433333335000004,15.244444445000001,35.83888889,45.23888889,75.16666667000001,99.98333335,92.01666667,102.96111109999998,103.01666668,77.65555555499999,44.444444445,30.466666665,62.622222225,24.374781640000002,7.3772511430000005,20.11278119,35.078878419999995,27.662082050000002,39.15386468,31.96031138,52.140727905,52.284136685,32.315569409999995,30.340615755,21.965546215499995,31.23054554,45948.24,19266.520000000037,50002.119999999275,119249.19000000003
"Otoe-Missouria Tribe of Indians, Oklahoma",0.11883111267011581,0.17341825102513375,3.026861692146698,4.977393136498659e6,0.14840764218316949,0.23107828978237568,3.1647103844768263,2.8732283440351738e6,0.8811688873298842,0.8265817489748662,0.8515923578168305,0.7689217102176243,0.6011979968519648,0.5413434246156331,0.004766699045829489,0.5514225014817726,0.5685524383917226,0.4570839870368578,0.4166086378022742,0.26255201286712804,0.44358266450267575,0.37881744647288695,-3.6276653896289623,-1.666758620672643,5.4690702425229905,11.426140482683667,16.4407713909701,22.813297573393086,25.34897318088276,24.259241378744807,19.839660281363205,12.533174967074713,4.604605363771491,-3.1705772667273546,11.189161132725287,2.8591641688931015,3.149796615285977,1.935015945219998,1.732941776506206,1.6147829603898842,1.4620230985524125,1.207205102815401,1.580774948254252,1.7663809630342524,1.410522108811034,3.3259285970043666,3.623154478010345,2.138974230132183,23.06391826324827,22.394934866314937,50.9040204341287,59.232375478944824,101.87524648413098,111.52999233300227,107.91391571826657,84.63831928548272,65.5053563217333,42.7711800789356,35.85603320547814,26.794472543241348,61.039980417963164,14.755226221211716,17.943758076478144,25.49845206141379,27.12898357036549,54.275965191689636,47.551135282891906,38.98005816275171,41.59987413502523,51.39453493491261,24.260647745121826,26.46296044687125,27.258235980898373,33.09248598428045,3.4296296296666666,5.2185185186666665,11.148148149999999,15.974074076666668,20.351851853333333,26.166666666666664,28.451851853333334,28.496296293333337,24.277777776666667,17.07777778,10.266666669000001,3.4777777779999997,16.19475308666667,2.043340918,2.7680659773333334,1.6151292030000002,1.3604703206666666,1.205923334666667,1.5521968843333331,1.4052631266666666,1.6058335110000002,1.5166312253333334,1.322223026,2.1113904663333334,2.6576586056666662,1.7636772170000001,46.91481481666666,48.73703704,88.02222223333334,89.39999999999999,142.6888889,143.2,98.32962962333333,88.92962963,77.17407407666667,72.83703703666666,46.77407407333333,44.370370369999996,82.28148148666666,24.13099628,36.358565993333336,45.46851216333334,40.648471416666666,81.12755233,69.79083785666667,59.153786266666664,55.61451399333333,49.37269374666666,46.090452903333336,43.75682015333334,36.456938136666665,48.99751177,9752.380000000001,4089.270000000003,50002.119999999275,119249.19000000003
Menominee Indian Tribe of Wisconsin,0.12106025724579984,0.15466028274557636,3.0641830589194354,1.6111031381438419e6,0.17496806735753972,0.29095285570636564,2.799971025069293,379382.7431630321,0.8789397427542002,0.8453397172544237,0.8250319326424602,0.7090471442936344,0.37134589504820015,0.2970853244504598,0.000999999999999998,0.25255430055285,0.33817819139339156,0.4392449023985643,0.401358264698485,0.0009999994938260399,0.25717701159867906,0.38758932793151485,-8.395969868416463,-8.041452784274576,-1.186015604168523,5.994484799552057,12.704202314963682,17.517411887704597,20.200683344184014,19.37415657757869,14.4326338459322,7.846672047290072,1.022421307646005,-7.448108690183536,6.168426598199031,2.14770517403293,3.0754079815133175,1.9645226099423732,2.1766988207757874,1.5251958359777236,2.0197923745646484,1.0421867729084746,1.4509355612300243,1.7658279083854722,2.274580391579176,2.312625258102663,3.298561919700726,2.0878367173123484,33.11786386529298,18.860704872644064,42.72808716901211,52.83463545976272,76.19198278324454,104.68095776493945,87.722432070523,109.34525152290554,114.03483992595639,71.80215227361745,76.5075867639322,49.26777508705569,69.75785579819856,13.753816886687652,12.127406946709923,24.462872940416464,20.02212159364649,27.520187869951577,46.29969384417917,35.09930325313317,36.84716774217433,36.387409476464896,35.058749215171915,38.7384397955012,26.164170591123487,29.37344501319128,-8.20833333325,-7.8499999997500005,-1.047222222,6.4972222222500005,13.049999999999999,17.933333335,20.466666667499997,19.708333335000003,14.511111112499998,8.11666666675,1.00833333325,-7.352777777750001,6.402777778499999,2.7021043455,2.6038506887499997,2.57811786325,1.9349221232499998,1.6496808322499998,1.7252659775,1.5362494895,1.4985873477500002,2.2496914735,1.7962025049999997,3.4035525105000004,5.2471481495,2.41044777575,27.888888889999997,18.894444445,44.5388888875,58.43055555250001,80.76111110999999,117.64166664999999,88.7583333325,120.563888875,113.7527778,66.96666666750001,58.794444445,51.772222219999996,70.7303240725,20.1738882675,10.767371691500001,27.52799993,21.1796598575,34.1144407225,51.994116867500004,48.406417489999995,52.01330052749999,39.167871347500004,36.34813421,36.158006215,39.438935677500005,34.774178565,3680.0,1542.9499999999991,50002.119999999275,119249.19000000003
Lac du Flambeau Band of Lake Superior Chippewa Indians of the Lac du Flambeau Reservation of Wisconsin,0.14701695021124486,0.19658877823010887,2.9315159121895764,1.505185572748183e6,0.10968495714726743,0.19050520622053005,3.47905967019114,1.2132560286726276e6,0.8529830497887552,0.8034112217698911,0.8903150428527326,0.80949479377947,0.4147983968299998,0.38594842947694225,0.0009999999999999966,0.27792768158107195,0.3840498873306568,0.3339864563714868,0.32258080450025856,0.0009999999999999992,0.17468518712754935,0.2520980213224495,-7.171601606904637,-7.355426865976012,-0.5227148397668645,6.077837740585047,12.445363260383157,17.415138306617113,20.245133556154652,19.639200465401633,14.798506464585502,8.180833114105939,1.914512386902775,-5.760728502080326,6.658837790047941,2.4957760765165005,2.912775932252065,2.5096790220400593,1.788514659989997,1.3887348923950331,2.0143238853132135,1.2838930739137364,1.3961480308782843,1.508229988209763,1.6583886364160405,2.2476815093954907,3.5595568300467013,2.0636418782157384,42.16049003544729,30.825714364421877,39.3964829499722,62.90855992467689,77.39709779947273,97.27992352729365,80.78168688977493,93.14500671292737,93.23803856882807,67.46945816575946,71.20010285959113,50.02879829902356,67.15261334170364,17.29984887730375,18.66039226664468,23.36544150682386,23.70631360364731,29.58090569920087,43.9902582884524,26.063767905820097,30.01373301008012,33.57895275787079,27.07203805035409,33.13295176083436,19.072029455754922,27.128052766019305,-11.0694444475,-9.594444444500002,-1.6722222224999999,4.8555555555,11.23888889,16.808333335,19.374999999999996,18.5527777775,13.563888887500003,6.2555555555,-0.93888888875,-9.41111111075,4.83032407425,1.975714236,2.56862996325,3.5888346857499998,2.3437890825,1.47281187275,2.7886072315,1.68843413975,1.90274094425,3.4131852169999997,2.1522604875,4.1313898375,4.78478769325,2.7342654495000005,26.0166666675,18.3,35.0250000025,52.1,80.63888889,108.0805555525,106.5472222075,120.10277780000001,121.3638889,85.89999999999999,55.59444444499999,39.991666665000004,70.80509259499999,12.709557644999999,8.46434325575,19.9473098775,26.597010112499998,41.007527405000005,37.686518344999996,40.609416785,52.681342595,67.69214029,38.546123375,30.245758925,29.199331837499997,33.78219837,48348.24,20272.87000000004,50002.119999999275,119249.19000000003
Turtle Mountain Band of Chippewa Indians of North Dakota,0.15011422165809316,0.19904347868196484,2.9225183127477594,1.4520532252669607e6,0.163,0.287,3.0799999999999996,1.245e6,0.8498857783419068,0.8009565213180352,0.837,0.7130000000000001,0.4090372331611126,0.3806601456794577,0.0009999999999999966,0.26828523899083695,0.3809988896545781,0.47211367059826786,0.4338816922596933,0.0009999999999999983,0.44012508970137065,0.25859287262147046,-6.9954124485183975,-7.25313155067919,-0.5124221165591039,6.057213193303259,12.435525444174104,17.406734153505273,20.233732735398856,19.645066059090226,14.816270896065094,8.212805542107569,2.0447983384561423,-5.566000028963008,6.71043168483102,2.494233723987492,2.923595397992157,2.5079082431253963,1.7690159676646338,1.3937047441762431,2.0300092886477707,1.303950412887194,1.4007974351099726,1.4908856213687842,1.645777615739139,2.204476725689119,3.5325601961238693,2.0580762811581583,43.08062006587204,31.513494449214342,39.41356852054638,63.75650685863624,77.16333783581926,96.40828577108259,80.19177329178889,92.44063488090313,93.11526295082211,67.5738437918687,72.34971412546336,50.95919470965353,67.33051977119726,17.4567349367021,19.222225176125942,23.396264602951053,23.836411823265202,29.33388010612782,44.06576120242208,25.808777579146433,29.320403948671057,33.14138401575787,27.31351939551521,33.13242056644627,19.112389294901313,27.09501438815384,-12.06666667,-8.444444444,-2.4,6.711111111,11.888888890000002,17.32222222,20.37777778,18.2,12.688888890000001,7.444444443999999,-2.666666667,-11.11111111,4.828703704,5.946637705,7.142673013,4.118252056,3.229336017,1.8312867360000002,2.483333333,1.829465617,1.802775638,1.572771792,3.314404589,5.911429607,6.583966214000001,3.813861026,24.42222222,23.17777778,26.93333333,25.86666667,81.63333333,124.5333333,64.55555556,114.49999999999999,44.877777779999995,42.45555556,45.33333333,23.722222220000003,53.50092591999999,13.7255945,18.61597283,17.77427917,18.08272656,30.32329962,58.99898304,24.19447825,55.47571541,33.08964256,19.50756976,27.48463207,14.93425406,27.68392899,45948.24,19266.520000000037,50002.119999999275,119249.19000000003
Iowa Tribe of Oklahoma,0.10396094909986847,0.14496642751021807,3.0266520522460336,2.866983075813518e6,0.13975319508103268,0.1996527236017709,3.0953847869353632,1.6059975356061919e7,0.8960390509001315,0.855033572489782,0.8602468049189673,0.8003472763982291,0.7714071599675446,0.6594138409020808,0.0010000000000000002,0.7080462442807752,0.757077239170914,0.36977362712331197,0.346591050631513,0.22849308807949115,0.3400141395361012,0.3373905152488028,-6.790861513644929,-4.914090177195653,2.9284621576449275,9.618599033528985,15.266747184710146,21.258454104710147,23.42890499304348,22.412721417282608,17.901932366086957,10.350603864655799,1.8873590980326087,-6.360668276952898,8.915680355054349,2.6382462738949277,3.070327997434783,1.7404353110760868,1.9820824431630437,1.5686095366811594,1.4440424933405798,1.015388182518116,1.423419141536232,1.779113964231884,1.636025009713768,3.2539601403514493,3.592607645706522,2.0953548450688406,16.469444445181157,15.784581321594203,44.9600644103261,64.45438808293478,105.50326086630434,119.87520128188405,94.26078906083336,99.23607084778986,83.76859903442029,43.27693236793478,33.09214975605072,24.154951690543477,62.069702763804344,8.587586104786233,12.744840609637683,26.975734665905797,39.76329835242754,45.38707356460145,58.47679452275363,48.728733079927544,42.270079314710145,49.64277377557971,17.039369977391303,25.68187433811594,23.911356710434788,33.26745958094204,4.185185185333333,5.914814815,11.488888886666667,16.30740740666667,20.78888889,26.15555555333333,28.451851849999997,28.655555556666666,24.47037037,17.225925926666665,10.781481483333332,4.1148148146666665,16.545061729999997,2.121187927333333,2.7037127056666663,1.2723781936666667,1.1874893223333334,0.8917007979999999,1.4894532489999999,1.3141346936666667,1.497624087,1.4595135143333333,1.1565946233333333,2.0797091576666666,2.740119569,1.6594681536666667,55.485185183333336,57.744444446666655,106.10000003333333,96.63333333333334,164.0333333333333,149.55555556666667,88.46296297,78.79259259333332,91.41111111000001,82.41111111333332,57.25185185333333,49.97037036999999,89.82098765999999,25.49053576333333,47.18337425,62.761130923333326,46.06262642,81.58725282999998,73.10297097333331,57.802431379999994,58.18912381333333,49.06311094,60.569779579999995,49.0676961,43.26133085666667,54.511780316666666,640.0,268.36,50002.119999999275,119249.19000000003
Lower Sioux Indian Community in the State of Minnesota,0.08120181845424479,0.13518102117472144,3.0470096387742367,2.239315302429135e6,0.08596111683618819,0.15390668040685168,2.97,668455.6357066348,0.9187981815457552,0.8648189788252786,0.9140388831638118,0.8460933195931484,0.6825259004322355,0.5854180603294452,0.0009999999999999998,0.6494318814363992,0.6207616204282129,0.5803819613198582,0.4863029892632946,0.0009999999999999994,0.46303554829287247,0.5458192991992524,-9.55361576232911,-8.010964711707516,0.7122167323982974,8.256391252621324,14.42707322969393,19.857454172838295,22.20771494832142,20.985076403086715,16.167609113663175,8.6921950773939,0.21284350500562707,-8.990384908803177,7.080300754423268,2.7043702245631316,2.8288439434000794,2.2534040496419134,2.369363692502194,1.4827554739925874,1.7632410448801794,1.0113762569939604,1.5153318270403506,1.7646148791615401,2.037589904880454,3.20177218388924,3.9791659877570646,2.2426524557329093,19.103258914091384,16.369763931338174,43.163531277184966,55.64751730872356,95.45877025091812,126.06824808245946,94.8218470740076,102.35174917770244,93.1595967931676,52.723144843351626,42.6076783480826,27.804892182308514,64.10666651516186,11.242210776554211,9.717020170575621,26.30435535134502,28.106988883379053,30.645974732101266,42.600750127057324,34.64454790626954,37.94240599232911,53.796228935480315,18.8116303846994,33.27766755197089,20.153933038328287,28.936976153167706,-6.95,-6.7166666665,1.961111111,10.133333332000001,15.894444440000001,21.22222222,24.16666667,22.455555555000004,16.527777775,10.572222224499999,2.6777777780000003,-7.7944444445,8.6791666665,6.3744411415,6.0100261040000005,4.1298857705,4.1001271255,2.9315496289999996,2.4396181425,2.976171996,2.3907553234999996,1.854171108,3.969412613,7.024728618,6.034274777499999,4.186263529500001,17.31111111,16.57222222,48.883333335,73.577777775,107.96666665,119.28333334999999,99.13888887,90.294444445,90.055555555,61.533333330000005,40.877777775,36.07222222,66.79722222,12.73250428,11.777770735,43.121797640000004,63.208130340000004,32.600553305,47.68591859,37.419706700000006,32.273634675,60.147020190000006,48.955865275,33.777788705,39.763959230000005,38.622054139999996,14508.17,6083.400000000008,50002.119999999275,119249.19000000003
"Sisseton-Wahpeton Oyate of the Lake Traverse Reservation, South Dakota",0.08120181845424479,0.13518102117472144,3.0470096387742367,2.239315302429135e6,0.11214925497075916,0.19534231111152073,3.2900084327863044,603523.7579688856,0.9187981815457552,0.8648189788252786,0.8878507450292409,0.8046576888884793,0.6825259004322355,0.5854180603294452,0.0009999999999999998,0.6494318814363992,0.6207616204282129,0.5103898714529328,0.4724132621246572,0.0011968059481771097,0.47224784018365284,0.40931289485601785,-9.55361576232911,-8.010964711707516,0.7122167323982974,8.256391252621324,14.42707322969393,19.857454172838295,22.20771494832142,20.985076403086715,16.167609113663175,8.6921950773939,0.21284350500562707,-8.990384908803177,7.080300754423268,2.7043702245631316,2.8288439434000794,2.2534040496419134,2.369363692502194,1.4827554739925874,1.7632410448801794,1.0113762569939604,1.5153318270403506,1.7646148791615401,2.037589904880454,3.20177218388924,3.9791659877570646,2.2426524557329093,19.103258914091384,16.369763931338174,43.163531277184966,55.64751730872356,95.45877025091812,126.06824808245946,94.8218470740076,102.35174917770244,93.1595967931676,52.723144843351626,42.6076783480826,27.804892182308514,64.10666651516186,11.242210776554211,9.717020170575621,26.30435535134502,28.106988883379053,30.645974732101266,42.600750127057324,34.64454790626954,37.94240599232911,53.796228935480315,18.8116303846994,33.27766755197089,20.153933038328287,28.936976153167706,-8.781944444,-5.9375,0.25972222224999997,8.799999999874998,14.55694444375,19.79166666625,22.345833331250002,21.45833333375,15.102777777500002,9.116666665875,0.775000000125,-8.625000000125,7.40520833325,5.8082424206250005,6.642718719124999,3.7852824075,3.4279664366250007,2.331449296125,2.7466367932500004,1.9511105431250002,2.4630968531249997,1.960214626875,3.0893825335,7.267888268000001,6.4231473365000005,3.991428019625,22.069444445,22.45138888875,42.73611111,40.1791666675,71.2125,106.65694444999998,81.52916666625002,71.20277777625,70.493055555,51.550000001250005,32.7138888875,38.550000000000004,54.278703705,30.02263383875,35.22965207675,39.6465394,35.779493575000004,33.847985953750005,40.04073055875,44.126906713749996,36.05342494625,39.173957727499996,29.5110065425,29.157018672499998,58.527201622499994,37.59304596875,14508.17,6083.400000000008,50002.119999999275,119249.19000000003
Ottawa Tribe of Oklahoma,0.15795011009037604,0.1975056822974802,2.9476740387833655,2.3432617432700926e6,0.17,0.264,2.98,2.716e6,0.8420498899096239,0.8024943177025198,0.83,0.736,0.3689310068962524,0.35363101816864595,0.001,0.2496830594229295,0.3506283965204431,0.4780943928794326,0.3988664893809669,0.40704688497285985,0.40809066348802603,0.4644947640599661,-6.890521442466319,-7.123116819666825,-0.676801378339755,5.689875730967254,12.073769493369344,17.151676066549182,19.853002297711445,19.383093148762498,14.655116959530051,8.09546783616337,2.2087771512095853,-5.090702450590531,6.610803049472583,2.6101971253074834,2.990989662112151,2.616172719134708,1.8613754290911646,1.4355019548887837,2.188775251678726,1.310887399078633,1.3562421593994345,1.5445012786137193,1.6346871409760324,2.091499181184992,3.4092747343624654,2.0875086696242144,48.5175212322321,33.701253131253125,39.582969574960806,61.40107560624056,72.79509885861047,88.48403125899584,76.07646024906481,83.72571359263937,91.78711361655073,69.66517508914782,75.00241576054185,55.49826823998742,66.3530913515366,17.439761132109933,18.90448077960368,22.983317064606812,27.055949114273155,28.449050366657257,40.71441483272864,24.3494038782315,24.608479671527252,31.254430788648165,26.538940711671334,33.53872433590382,21.212585842496853,26.420794877614338,2.366666667,4.044444444,10.13333333,14.76666667,19.06666667,24.65555556,27.03333333,26.93333333,22.766666670000003,15.62222222,9.455555556,2.6444444439999995,14.957407410000002,2.752271789,2.831126592,1.393735986,1.220655562,0.916515139,1.460403293,1.5337861649999998,1.503329638,1.607793519,1.170232645,2.295163998,3.22765825,1.826056048,70.84444444,67.93333333,110.95555560000001,99.27777778000001,181.7666667,125.4333333,85.38888888999999,83.27777778,101.50000000000001,81.12222222,91.97777778,75.38888889,97.90555556,45.5720888,47.98484136,54.463958520000006,41.91061255000001,82.35030358,47.23314514,55.21570077,62.81589723,51.08125879,60.68959503,80.40044741,74.14164559,58.6549579,12310.69,5161.980000000005,50002.119999999275,119249.19000000003
"Bay Mills Indian Community, Michigan",0.15011422165809316,0.19904347868196484,2.9225183127477594,1.4520532252669607e6,0.16199999999999998,0.208,2.99,3.1e6,0.8498857783419068,0.8009565213180352,0.8380000000000001,0.792,0.4090372331611126,0.3806601456794577,0.0009999999999999966,0.26828523899083695,0.3809988896545781,0.41721857432810644,0.4053321426388563,0.0009999999999999998,0.2547859970801446,0.3191620777042448,-6.9954124485183975,-7.25313155067919,-0.5124221165591039,6.057213193303259,12.435525444174104,17.406734153505273,20.233732735398856,19.645066059090226,14.816270896065094,8.212805542107569,2.0447983384561423,-5.566000028963008,6.71043168483102,2.494233723987492,2.923595397992157,2.5079082431253963,1.7690159676646338,1.3937047441762431,2.0300092886477707,1.303950412887194,1.4007974351099726,1.4908856213687842,1.645777615739139,2.204476725689119,3.5325601961238693,2.0580762811581583,43.08062006587204,31.513494449214342,39.41356852054638,63.75650685863624,77.16333783581926,96.40828577108259,80.19177329178889,92.44063488090313,93.11526295082211,67.5738437918687,72.34971412546336,50.95919470965353,67.33051977119726,17.4567349367021,19.222225176125942,23.396264602951053,23.836411823265202,29.33388010612782,44.06576120242208,25.808777579146433,29.320403948671057,33.14138401575787,27.31351939551521,33.13242056644627,19.112389294901313,27.09501438815384,-7.5166666665,-8.283333333499998,-1.538888889,5.027777778000001,11.52222222,15.85,19.122222224999998,18.955555554999997,14.2,7.972222222,2.0333333335,-5.655555555499999,5.974074074,3.0342484695,3.056993822,2.9335206694999996,1.8240094405000002,1.969411485,2.315657823,2.2045738845,1.3994132989999999,2.329952648,1.769175706,2.9133965434999998,4.6589907915,2.5341120485,63.01666666500001,36.733333335000005,45.916666664999994,61.87777778,67.46666667,98.077777795,63.55555556,78.49444444500001,102.81111112,83.61111111,78.67777777999999,73.21111110999999,71.120833335,23.809351314999997,20.771796065,30.71320093,34.992523170000005,32.677356815,48.795490550000004,24.533962154999998,28.648395760000003,40.633281935,35.312558095,22.95180644,40.11374818,31.99612262,45948.24,19266.520000000037,50002.119999999275,119249.19000000003
"Sac & Fox Nation, Oklahoma",0.10396094909986847,0.14496642751021807,3.0266520522460336,2.866983075813518e6,0.15553519771414284,0.22809787345611396,3.053165304180015,3.9693318905893113e6,0.8960390509001315,0.855033572489782,0.8444648022858572,0.771902126543886,0.7714071599675446,0.6594138409020808,0.0010000000000000002,0.7080462442807752,0.757077239170914,0.39319529980311285,0.3661602502035588,0.25715685083116135,0.3556197790075648,0.3405914773493788,-6.790861513644929,-4.914090177195653,2.9284621576449275,9.618599033528985,15.266747184710146,21.258454104710147,23.42890499304348,22.412721417282608,17.901932366086957,10.350603864655799,1.8873590980326087,-6.360668276952898,8.915680355054349,2.6382462738949277,3.070327997434783,1.7404353110760868,1.9820824431630437,1.5686095366811594,1.4440424933405798,1.015388182518116,1.423419141536232,1.779113964231884,1.636025009713768,3.2539601403514493,3.592607645706522,2.0953548450688406,16.469444445181157,15.784581321594203,44.9600644103261,64.45438808293478,105.50326086630434,119.87520128188405,94.26078906083336,99.23607084778986,83.76859903442029,43.27693236793478,33.09214975605072,24.154951690543477,62.069702763804344,8.587586104786233,12.744840609637683,26.975734665905797,39.76329835242754,45.38707356460145,58.47679452275363,48.728733079927544,42.270079314710145,49.64277377557971,17.039369977391303,25.68187433811594,23.911356710434788,33.26745958094204,4.362962963,6.088888889,11.674074073333333,16.41851852,20.677777776666662,26.196296293333333,28.500000000000004,28.733333333333327,24.496296296666667,17.281481483333334,10.999999999999998,4.348148148,16.64814815,2.149084097,2.681373451,1.2763990230000002,1.151716427,1.0595884306666667,1.4873687423333333,1.3218946273333332,1.4641091223333333,1.4335329463333333,1.1700262426666665,2.080993908,2.807891405,1.6736648683333333,58.89259259333333,58.03333333666666,101.04814816333332,101.50740740999998,173.31481483333332,141.05925923333334,90.40000000666666,77.64814814666666,97.20740741666665,83.96666666666667,61.31851852,54.48888888666666,91.57376543666666,28.94570754333333,43.32953365333333,54.24677958,50.03438720666666,91.69121505333332,71.05666303666666,57.7591921,58.256499829999996,46.98003915333332,61.222441133333334,51.08909218333333,49.05897917666667,55.30587747,640.0,268.36,50002.119999999275,119249.19000000003
Red Cliff Band of Lake Superior Chippewa Indians of Wisconsin,0.14701695021124486,0.19658877823010887,2.9315159121895764,1.505185572748183e6,0.102,0.2,3.11,799000.0,0.8529830497887552,0.8034112217698911,0.898,0.8,0.4147983968299998,0.38594842947694225,0.0009999999999999966,0.27792768158107195,0.3840498873306568,0.3898746888540367,0.3594329541138747,0.0009999999999999992,0.2930919896637415,0.3754110297657588,-7.171601606904637,-7.355426865976012,-0.5227148397668645,6.077837740585047,12.445363260383157,17.415138306617113,20.245133556154652,19.639200465401633,14.798506464585502,8.180833114105939,1.914512386902775,-5.760728502080326,6.658837790047941,2.4957760765165005,2.912775932252065,2.5096790220400593,1.788514659989997,1.3887348923950331,2.0143238853132135,1.2838930739137364,1.3961480308782843,1.508229988209763,1.6583886364160405,2.2476815093954907,3.5595568300467013,2.0636418782157384,42.16049003544729,30.825714364421877,39.3964829499722,62.90855992467689,77.39709779947273,97.27992352729365,80.78168688977493,93.14500671292737,93.23803856882807,67.46945816575946,71.20010285959113,50.02879829902356,67.15261334170364,17.29984887730375,18.66039226664468,23.36544150682386,23.70631360364731,29.58090569920087,43.9902582884524,26.063767905820097,30.01373301008012,33.57895275787079,27.07203805035409,33.13295176083436,19.072029455754922,27.128052766019305,-10.511111109999998,-9.011111111,-1.055555556,5.411111111,11.45555556,17.07777778,19.97777778,19.23333333,14.333333329999999,7.355555556,-0.455555556,-5.866666667,5.662037036999999,1.811383756,2.467004481,2.622551768,2.100859612,1.313498298,2.313426991,1.023203032,1.142365966,2.131900561,2.107789785,2.453625436,11.36914685,2.7380630450000005,45.3,16.61111111,35.88888889,67.92222222,78.35555556,96.96666667,94.4,118.4222222,103.7111111,81.19999999999999,60.15555556,35.45555556,69.53240741,63.599705189999995,7.239724519,23.23657916,48.77324517,44.14261295,28.03952567,36.93599193,65.56301888,73.02301768,36.56025848,33.1377093,15.76539812,39.66806559,48348.24,20272.87000000004,50002.119999999275,119249.19000000003
"Keweenaw Bay Indian Community, Michigan",0.15011422165809316,0.19904347868196484,2.9225183127477594,1.4520532252669607e6,0.14815519240857197,0.19350437532785894,3.281464417528541,694037.6384049678,0.8498857783419068,0.8009565213180352,0.851844807591428,0.8064956246721411,0.4090372331611126,0.3806601456794577,0.0009999999999999966,0.26828523899083695,0.3809988896545781,0.3080354822853061,0.3010273966300051,0.0010000000000000009,0.17698826921915167,0.2778520819974505,-6.9954124485183975,-7.25313155067919,-0.5124221165591039,6.057213193303259,12.435525444174104,17.406734153505273,20.233732735398856,19.645066059090226,14.816270896065094,8.212805542107569,2.0447983384561423,-5.566000028963008,6.71043168483102,2.494233723987492,2.923595397992157,2.5079082431253963,1.7690159676646338,1.3937047441762431,2.0300092886477707,1.303950412887194,1.4007974351099726,1.4908856213687842,1.645777615739139,2.204476725689119,3.5325601961238693,2.0580762811581583,43.08062006587204,31.513494449214342,39.41356852054638,63.75650685863624,77.16333783581926,96.40828577108259,80.19177329178889,92.44063488090313,93.11526295082211,67.5738437918687,72.34971412546336,50.95919470965353,67.33051977119726,17.4567349367021,19.222225176125942,23.396264602951053,23.836411823265202,29.33388010612782,44.06576120242208,25.808777579146433,29.320403948671057,33.14138401575787,27.31351939551521,33.13242056644627,19.112389294901313,27.09501438815384,-10.75313311811417,-9.937411021344342,-2.879549978121383,4.166432762316812,10.95053524469786,15.44806523751297,18.703982565785022,18.060411353563488,12.539935594371975,6.385231445046881,-1.0276152170924295,-8.853728788220348,4.400263006951593,2.506680883580614,2.765941399948119,2.281161490533703,2.0076373850565865,1.6810891340704839,1.9806895500776087,1.7796305207549035,1.485788987018354,2.415556752487656,1.461979543438165,3.2949389568682816,4.853760250431289,2.3762379047199986,35.58576163736755,30.20059258127496,44.63092261941302,52.431933817294684,71.38305773289046,102.15695114690898,93.88035300707405,90.18707922763582,115.6750559466517,88.14417470345603,62.042219259899134,52.93329358528733,69.93761627377677,16.407084843324828,25.354934532082506,27.855496099768377,30.00023377297153,23.69456030893643,36.88062411008019,25.390481260745887,35.905235220854514,49.971600303144655,31.89544116199768,28.665717609829798,34.29182700569809,30.526103017769962,45948.24,19266.520000000037,50002.119999999275,119249.19000000003
"Hannahville Indian Community, Michigan",0.125,0.11800000000000001,2.97,1.6368999999999998e7,0.13101014230691807,0.15301014230691806,3.0995363516837453,1.6010881246422103e6,0.875,0.882,0.8689898576930819,0.8469898576930819,0.34912816806611324,0.34221167826443083,0.0010000000000000002,0.2789499403328017,0.2746317951969871,0.38036039255397597,0.31641468940856204,0.001,0.26531658970703764,0.3324456795434655,-4.566666667,-4.244444444,2.111111111,8.4,14.066666670000002,19.26666667,22.06666667,21.52222222,17.28888889,10.17777778,4.388888889,-3.311111111,8.930555557,2.88183969,4.382667884,3.484050963,3.649315004,2.723967694,2.889636655,1.698528775,2.099867721,1.7842676679999998,2.760334118,1.725865322,2.580428474,2.721730831,51.38888889,52.32222222,50.78888889,67.05555556,97.11111111,104.7111111,101.2666667,81.37777778,82.2,81.07777778,75.28888889,58.67777777999999,75.27222223,26.54827887,28.316725520000002,23.70719534,24.19339327,48.90070154,38.68683382,27.57340204,34.94434066,14.78242199,38.03113125,31.86500606,32.41769493,30.83059377,-8.8,-8.155555556,-1.955555556,5.122222222,12.45555556,17.07777778,19.67777778,19.288888890000003,14.1,7.755555556,0.755555556,-6.644444444,5.889814816,2.546566316,3.04594448,2.337793357,1.9829131210000002,1.38122329,1.981021061,1.03413947,1.28398252,1.786756839,1.541193621,1.92490981,3.565848816,2.034357725,38.76666667,21.82222222,44.366666669999994,51.65555556,64.11111111,97.18888889,85.72222222,96.11111111,108.9777778,84.14444444,88.23333332999998,58.92222222,70.00185185,14.46020401,9.949469556,28.23778497,24.45031243,20.79245322,51.77720165,28.18886206,27.70141894,40.34593467,34.95933749,42.94123892,29.948362969999998,29.47938174,160.0,67.09,50002.119999999275,119249.19000000003
Sac & Fox Tribe of the Mississippi in Iowa,0.10396094909986847,0.14496642751021807,3.0266520522460336,2.866983075813518e6,0.089,0.146,2.86,742000.0,0.8960390509001315,0.855033572489782,0.911,0.854,0.7714071599675446,0.6594138409020808,0.0010000000000000002,0.7080462442807752,0.757077239170914,0.5471746797911756,0.4255116988633711,0.0010000000000000005,0.4407211511876534,0.5382937960365421,-6.790861513644929,-4.914090177195653,2.9284621576449275,9.618599033528985,15.266747184710146,21.258454104710147,23.42890499304348,22.412721417282608,17.901932366086957,10.350603864655799,1.8873590980326087,-6.360668276952898,8.915680355054349,2.6382462738949277,3.070327997434783,1.7404353110760868,1.9820824431630437,1.5686095366811594,1.4440424933405798,1.015388182518116,1.423419141536232,1.779113964231884,1.636025009713768,3.2539601403514493,3.592607645706522,2.0953548450688406,16.469444445181157,15.784581321594203,44.9600644103261,64.45438808293478,105.50326086630434,119.87520128188405,94.26078906083336,99.23607084778986,83.76859903442029,43.27693236793478,33.09214975605072,24.154951690543477,62.069702763804344,8.587586104786233,12.744840609637683,26.975734665905797,39.76329835242754,45.38707356460145,58.47679452275363,48.728733079927544,42.270079314710145,49.64277377557971,17.039369977391303,25.68187433811594,23.911356710434788,33.26745958094204,-6.2944444445,-3.900000000000001,3.5,11.77777778,15.66111111,21.37777778,23.005555555000004,23.21111111,17.4,12.594444445,3.6388888889999995,-5.4444444445,9.710648149,2.8703157630000002,6.7717088604999995,2.253520582,3.1569618415,2.8850721604999996,1.7800995355000002,3.138000564,2.420572832,2.069651141,3.098463133,4.577746697,5.638608305,3.3883934515000003,28.35,42.61666667,53.044444445,66.388888885,97.9388889,136.64444445,116.46666665,85.56666667,76.422222225,47.105555555,46.96111111,31.766666665,69.10601852,10.077731561000002,52.79562521,47.132971135000005,42.737579505,41.319579805000004,54.120409695,55.897962314999994,34.315349485,40.16593805,32.580892215000006,21.917136005,20.972074079499997,37.83610409,640.0,268.36,50002.119999999275,119249.19000000003
"Minnesota Chippewa Tribe, Minnesota (White Earth Band)",0.14685335688455808,0.1965099307095658,2.9326654439480673,1.5045789214866147e6,0.11834742200013683,0.1993088046107159,3.207511621293201,919555.8172685613,0.853146643115442,0.8034900692904342,0.8816525779998632,0.8006911953892841,0.41448292713429585,0.3854394780941726,0.0009999999999999963,0.27766874600847224,0.3837446096517047,0.5055306152521707,0.45602032210137156,0.000999207007893245,0.4437247194878268,0.41562371204401255,-7.184306043992791,-7.3629054875979385,-0.52292296009551,6.080877761667585,12.44833069046182,17.418794859481878,20.247961928890934,19.640370140923647,14.798581051691297,8.179285927633433,1.905346115791473,-5.775354162258347,6.656171651930513,2.495363374251106,2.9117101760678668,2.5097243955338295,1.7904951046706823,1.3888687521262966,2.0136537086004553,1.2821881894200702,1.3959573500111315,1.508871772821063,1.659670786459342,2.2503912132149795,3.5607283751918475,2.063968599966353,42.087160034816044,30.77723475145536,39.38429822762674,62.8437800318602,77.41608202874318,97.34956204163778,80.85771478226313,93.17093408914162,93.20818079296252,67.44530243371072,71.0992514429038,49.940122307397424,67.13163524731881,17.28290346131223,18.61853742941112,23.360107674613694,23.68922417777861,29.64577293180922,43.98272454334822,26.090006079598602,30.042853019149184,33.59085423915206,27.058097809306837,33.124166476436955,19.05747364695884,27.128560124859884,-12.719444443750001,-9.461111110500001,-0.16527777775000005,6.290277777749999,12.791666665000001,18.47499999875,20.343055555000003,19.966666667500004,15.605555552500002,6.9680555557499995,-1.161111111,-10.1888888875,5.56203703675,2.74577422325,4.55455111975,5.240869173875,2.6607747827500003,1.63897104,3.0741594869999997,0.8473364478750001,2.32647564075,4.0102699545,1.949229490875,5.5407228365000005,7.124164336749999,3.4761082113749997,27.3375,13.606944446249997,28.788888890000006,46.95833333375,76.87777777625,110.23888888625001,109.94583333374999,94.61111110875,68.92499999750001,62.016666667500004,48.20833333375,29.8805555575,59.78298611249999,32.96237615175,4.400743563125,17.506284631249997,40.588957093750004,53.15299063999999,36.926364843749994,69.27872562124999,34.25627289125,33.912939962500005,24.699866487500007,42.04676240125,30.078967835,34.984271012499995,48508.24,20339.96000000004,50002.119999999275,119249.19000000003
"Red Lake Band of Chippewa Indians, Minnesota",0.15011422165809316,0.19904347868196484,2.9225183127477594,1.4520532252669607e6,0.11507606487772835,0.19397422746647938,3.0991888017268265,2.0500151232760958e6,0.8498857783419068,0.8009565213180352,0.8849239351222716,0.8060257725335206,0.4090372331611126,0.3806601456794577,0.0009999999999999966,0.26828523899083695,0.3809988896545781,0.395259166697987,0.3540487022656854,0.0009995721386098493,0.2911338326121937,0.26578617438860946,-6.9954124485183975,-7.25313155067919,-0.5124221165591039,6.057213193303259,12.435525444174104,17.406734153505273,20.233732735398856,19.645066059090226,14.816270896065094,8.212805542107569,2.0447983384561423,-5.566000028963008,6.71043168483102,2.494233723987492,2.923595397992157,2.5079082431253963,1.7690159676646338,1.3937047441762431,2.0300092886477707,1.303950412887194,1.4007974351099726,1.4908856213687842,1.645777615739139,2.204476725689119,3.5325601961238693,2.0580762811581583,43.08062006587204,31.513494449214342,39.41356852054638,63.75650685863624,77.16333783581926,96.40828577108259,80.19177329178889,92.44063488090313,93.11526295082211,67.5738437918687,72.34971412546336,50.95919470965353,67.33051977119726,17.4567349367021,19.222225176125942,23.396264602951053,23.836411823265202,29.33388010612782,44.06576120242208,25.808777579146433,29.320403948671057,33.14138401575787,27.31351939551521,33.13242056644627,19.112389294901313,27.09501438815384,-13.377083334375003,-10.441666666187503,-1.1722222221875003,5.497916666750001,12.163888888125005,17.589583333750003,19.738888887500003,19.050694444375008,14.422916667500004,6.118055555500002,-2.0027777778125007,-10.886111111187505,4.725173611125001,3.239558577000001,4.740151681437502,5.836849206437501,2.3525969980625003,1.5385293032500005,3.2169396236875016,1.1358766636250002,2.491901402562501,4.436559044,1.8667898656250006,6.085544290312502,8.940832229000003,3.8235107405,34.59791666812501,16.013888888750003,26.490972223125006,45.418055554375,74.53750000000002,112.1305555625,96.08819444000005,109.20972222562506,70.80486111062501,60.79305555625002,54.77152777812503,34.51458333250001,61.28090277937501,44.884765284312515,5.460241235687502,18.683556993937504,40.33953910437502,40.998640076875006,40.98043222687502,47.935730132500005,50.540682818750014,37.25651293500001,29.321915353750008,39.608405002500014,38.32811582325001,36.19487808187501,45948.24,19266.520000000037,50002.119999999275,119249.19000000003
Saginaw Chippewa Indian Tribe of Michigan,0.15011422165809316,0.19904347868196484,2.9225183127477594,1.4520532252669607e6,0.13899363584647279,0.1340288262128662,2.770181553006367,4.622436133448231e6,0.8498857783419068,0.8009565213180352,0.8610063641535273,0.8659711737871338,0.4090372331611126,0.3806601456794577,0.0009999999999999966,0.26828523899083695,0.3809988896545781,0.5336696558646482,0.46853341867930126,0.0009888662243202062,0.4398799739291396,0.5230238268775373,-6.9954124485183975,-7.25313155067919,-0.5124221165591039,6.057213193303259,12.435525444174104,17.406734153505273,20.233732735398856,19.645066059090226,14.816270896065094,8.212805542107569,2.0447983384561423,-5.566000028963008,6.71043168483102,2.494233723987492,2.923595397992157,2.5079082431253963,1.7690159676646338,1.3937047441762431,2.0300092886477707,1.303950412887194,1.4007974351099726,1.4908856213687842,1.645777615739139,2.204476725689119,3.5325601961238693,2.0580762811581583,43.08062006587204,31.513494449214342,39.41356852054638,63.75650685863624,77.16333783581926,96.40828577108259,80.19177329178889,92.44063488090313,93.11526295082211,67.5738437918687,72.34971412546336,50.95919470965353,67.33051977119726,17.4567349367021,19.222225176125942,23.396264602951053,23.836411823265202,29.33388010612782,44.06576120242208,25.808777579146433,29.320403948671057,33.14138401575787,27.31351939551521,33.13242056644627,19.112389294901313,27.09501438815384,-5.844444444,-6.211111111,0.47777777800000004,6.85,13.155555555000001,18.411111110000004,21.027777775,20.56111111,15.86111111,9.161111111,3.1833333335000003,-4.3722222225,7.688425925000001,2.6107389175,3.4453497285,2.806400843,2.316148878,1.6434470475,2.038067056,1.2321024194999999,1.5227663275,1.5710362475,1.8715594384999998,1.8671989985,2.7841852819999997,2.1424167655,44.755555555,36.544444444999996,39.866666665000004,62.16666666500001,79.13888889,83.27222221999999,73.02222222500001,93.594444445,95.05555556,72.71666667000001,86.005555555,47.077777775,67.76805556,21.083716084999995,23.640465085,25.28618533,24.935347065,38.084367895,33.92055921,18.265125245,33.45871754,34.82351091,35.32456457,38.420027479999995,21.01300144,29.021298990000002,45948.24,19266.520000000037,50002.119999999275,119249.19000000003
"Kaw Nation, Oklahoma",0.11473641174379505,0.18514556641759533,3.164570815369188,616213.6400984875,0.1572025342021524,0.2475822789458459,3.078987237184675,3.812518868809298e6,0.885263588256205,0.8148544335824046,0.8427974657978476,0.752417721054154,0.5475251235591878,0.5231376903534907,0.04491120968655966,0.4952211227713088,0.49270584227996694,0.4384815857878812,0.39364080066475143,0.3051784800557644,0.41531873052694734,0.3356202459152568,-2.150218934034953,0.019499387383436553,6.904215947711687,12.647937323610146,17.452846981415547,23.55404566449564,26.314856474723705,25.46562064896726,20.854565739654984,13.66266713561075,6.076880232163064,-1.6445434260239287,12.429864432717824,2.4653911428902267,3.235668256018277,1.5931775119749383,1.6538807812534322,1.5962717928555015,1.4572252526694855,1.293984692513891,1.8632108311135458,1.7816546701880596,1.4305123739417946,2.9687938322218788,2.9722325479867817,2.0260003071668407,24.35645226633476,24.452956868820007,58.74095324187145,56.98892579646909,109.93748889697723,130.53877649914182,99.45439127378745,99.4028486610057,80.67741037216736,47.81265287579036,36.233718353836544,29.398749310181184,66.49961036968672,9.623886689019182,19.448825517074603,30.497156647633226,23.837540516949254,71.48856629037145,42.19158931861237,33.156498346238145,48.96213612007398,53.67569784432892,33.61048082601233,20.48966140464213,30.70528477110068,34.807277023440335,2.6055555554999996,4.399999999999999,10.584382177196996,15.530817768049246,20.079351044203495,25.977777779999997,28.405555554999996,28.272222219999996,23.832782269493066,16.772222224999997,9.794444444499996,3.02125328770871,15.77303036317959,2.192049267,2.8467459364999996,1.375409552453774,1.3943296068574083,1.102995816433708,1.5461411084999996,1.4531096855,1.7075719259999997,1.517713316756704,1.3516941894999996,2.0105198664999993,2.7782618706972046,1.7730451788460666,43.32777777999999,47.822222225,86.69999999999999,88.02222221999997,141.86111114999997,149.3777778,106.43333329999997,94.77222222499996,76.67222222499998,73.87222221999998,49.67222222,44.81666666999999,83.61250000499999,25.989375079999995,34.83180871999999,47.60368078999999,40.102691695,81.49107882999998,76.73613896999998,58.851854724999995,64.37513860499998,49.79214945,50.7357575,47.12872787,39.522306015,51.43005902499999,30795.98,12912.96000000002,50002.119999999275,119249.19000000003
"Nottawaseppi Huron Band of the Potawatomi, Michigan",0.125,0.11800000000000001,2.97,1.6368999999999998e7,0.143,0.163,2.93,9.514e6,0.875,0.882,0.857,0.837,0.34912816806611324,0.34221167826443083,0.0010000000000000002,0.2789499403328017,0.2746317951969871,0.5176310423319573,0.41850082110762143,0.001,0.4082484959065641,0.5080129415944554,-4.566666667,-4.244444444,2.111111111,8.4,14.066666670000002,19.26666667,22.06666667,21.52222222,17.28888889,10.17777778,4.388888889,-3.311111111,8.930555557,2.88183969,4.382667884,3.484050963,3.649315004,2.723967694,2.889636655,1.698528775,2.099867721,1.7842676679999998,2.760334118,1.725865322,2.580428474,2.721730831,51.38888889,52.32222222,50.78888889,67.05555556,97.11111111,104.7111111,101.2666667,81.37777778,82.2,81.07777778,75.28888889,58.67777777999999,75.27222223,26.54827887,28.316725520000002,23.70719534,24.19339327,48.90070154,38.68683382,27.57340204,34.94434066,14.78242199,38.03113125,31.86500606,32.41769493,30.83059377,-1.655555556,1.722222222,3.088888889,9.777777777999999,15.2,20.06666667,23.14444444,22.5,17.8,11.94444444,4.777777778000001,-3.2,10.430555559999998,6.019574551,6.374711322,2.489701008,1.923393991,1.497497913,1.783956277,1.271918935,2.316246964,1.207269647,2.101256238,1.810233257,2.718915225,2.626222944,47.32222222,51.04444444,45.43333333,61.87777778,88.65555556,102.1444444,82.4,56.91111111,92.41111111000001,89.63333333,68.82222222,49.477777780000004,69.67777777,29.75860286,29.45306058,24.48499541,30.81703173,57.50884956,47.14154514,51.00762198,51.37147663,50.25677677,71.24006948,45.019073119999995,24.02154126,42.67338704,160.0,67.09,50002.119999999275,119249.19000000003
"Crow Creek Sioux Tribe of the Crow Creek Reservation, South Dakota",0.10396094909986847,0.14496642751021807,3.0266520522460336,2.866983075813518e6,0.16571537551179194,0.24391439539265328,3.2220093056641392,396722.3200806687,0.8960390509001315,0.855033572489782,0.8342846244882081,0.7560856046073468,0.7714071599675446,0.6594138409020808,0.0010000000000000002,0.7080462442807752,0.757077239170914,0.3027186178074835,0.28722905703184914,0.0009815805252562783,0.2699282845130425,0.14160428392115101,-6.790861513644929,-4.914090177195653,2.9284621576449275,9.618599033528985,15.266747184710146,21.258454104710147,23.42890499304348,22.412721417282608,17.901932366086957,10.350603864655799,1.8873590980326087,-6.360668276952898,8.915680355054349,2.6382462738949277,3.070327997434783,1.7404353110760868,1.9820824431630437,1.5686095366811594,1.4440424933405798,1.015388182518116,1.423419141536232,1.779113964231884,1.636025009713768,3.2539601403514493,3.592607645706522,2.0953548450688406,16.469444445181157,15.784581321594203,44.9600644103261,64.45438808293478,105.50326086630434,119.87520128188405,94.26078906083336,99.23607084778986,83.76859903442029,43.27693236793478,33.09214975605072,24.154951690543477,62.069702763804344,8.587586104786233,12.744840609637683,26.975734665905797,39.76329835242754,45.38707356460145,58.47679452275363,48.728733079927544,42.270079314710145,49.64277377557971,17.039369977391303,25.68187433811594,23.911356710434788,33.26745958094204,-6.566666666666667,-2.4148148149999997,2.285185185,9.555555555333333,14.381481483333333,20.36296296333333,23.95925926,22.570370369999996,17.28148148,10.859259256666665,1.2851851853333331,-5.307407407333333,9.020987653999999,3.3076588689999995,4.948760395666667,2.0054453199999998,2.5729091469999994,2.112042521,1.8636933439999999,1.546672117333333,1.7377205296666667,2.172806468333333,2.1679526549999997,4.673668561666666,6.253856305333333,2.9469321863333335,11.277777780666666,9.674074073666667,29.01851851666666,52.144444443333335,101.8,89.82222222,62.85925925999999,60.28888888666667,46.00000000333333,41.492592593333335,21.15555555333333,12.785185183333331,44.85987654333333,7.359926999999999,5.945773999999999,19.099993723333334,32.433189213333335,62.82647677666666,52.08546109333333,32.61673233,25.142487589999998,32.98299786,33.57728779,21.35205832333333,6.140285981999999,27.630222643333333,640.0,268.36,50002.119999999275,119249.19000000003
"Forest County Potawatomi Community, Wisconsin",0.125,0.11800000000000001,2.97,1.6368999999999998e7,0.11961210481409663,0.2124109741534982,2.91134563620483,542266.0052449981,0.875,0.882,0.8803878951859033,0.7875890258465018,0.34912816806611324,0.34221167826443083,0.0010000000000000002,0.2789499403328017,0.2746317951969871,0.42304623324351415,0.40664666941360283,0.0009999999999999992,0.23357758096922562,0.3800370771844414,-4.566666667,-4.244444444,2.111111111,8.4,14.066666670000002,19.26666667,22.06666667,21.52222222,17.28888889,10.17777778,4.388888889,-3.311111111,8.930555557,2.88183969,4.382667884,3.484050963,3.649315004,2.723967694,2.889636655,1.698528775,2.099867721,1.7842676679999998,2.760334118,1.725865322,2.580428474,2.721730831,51.38888889,52.32222222,50.78888889,67.05555556,97.11111111,104.7111111,101.2666667,81.37777778,82.2,81.07777778,75.28888889,58.67777777999999,75.27222223,26.54827887,28.316725520000002,23.70719534,24.19339327,48.90070154,38.68683382,27.57340204,34.94434066,14.78242199,38.03113125,31.86500606,32.41769493,30.83059377,-9.155555555,-9.061111111,-2.24166666675,5.313888889,12.1527777775,16.919444445000003,19.544444442499998,18.841666664999998,13.391666667500001,7.11111111125,-0.15000000000000002,-8.188888889,5.373148148,2.84075310825,2.948762864500001,2.54412490075,2.1121535355,1.6667907112499998,1.9111733314999997,1.5074899572499998,1.4329059025000002,2.19138964825,1.7898948887500001,3.3140592234999997,4.9272680090000005,2.4322305067499994,28.469444445000004,20.555555554999998,37.788888892500005,55.099999999999994,77.05833333500001,112.411111125,100.21666667749999,110.855555575,120.33888887499998,75.275,60.416666665,50.11944444499999,70.7171296325,21.563096260000002,14.753351956000001,19.45199719,22.7847429475,30.281425592500003,44.9792005475,42.32939140249999,41.75196205500001,45.766332184999996,37.4612077825,37.19859757,36.347233700000004,32.88904493249999,160.0,67.09,50002.119999999275,119249.19000000003
"Sokaogon Chippewa Community, Wisconsin",0.15011422165809316,0.19904347868196484,2.9225183127477594,1.4520532252669607e6,0.12,0.213,2.91,531000.0,0.8498857783419068,0.8009565213180352,0.88,0.787,0.4090372331611126,0.3806601456794577,0.0009999999999999966,0.26828523899083695,0.3809988896545781,0.4513938957380169,0.4228495501203706,0.0009999999999999998,0.2710637216160781,0.3339795733378038,-6.9954124485183975,-7.25313155067919,-0.5124221165591039,6.057213193303259,12.435525444174104,17.406734153505273,20.233732735398856,19.645066059090226,14.816270896065094,8.212805542107569,2.0447983384561423,-5.566000028963008,6.71043168483102,2.494233723987492,2.923595397992157,2.5079082431253963,1.7690159676646338,1.3937047441762431,2.0300092886477707,1.303950412887194,1.4007974351099726,1.4908856213687842,1.645777615739139,2.204476725689119,3.5325601961238693,2.0580762811581583,43.08062006587204,31.513494449214342,39.41356852054638,63.75650685863624,77.16333783581926,96.40828577108259,80.19177329178889,92.44063488090313,93.11526295082211,67.5738437918687,72.34971412546336,50.95919470965353,67.33051977119726,17.4567349367021,19.222225176125942,23.396264602951053,23.836411823265202,29.33388010612782,44.06576120242208,25.808777579146433,29.320403948671057,33.14138401575787,27.31351939551521,33.13242056644627,19.112389294901313,27.09501438815384,-10.5472222225,-9.3166666655,-1.5083333332500002,5.2055555555,11.594444445,17.175000002500003,19.355555555,18.627777777499997,13.619444445,6.375,-0.8305555557500001,-6.8416666665,5.242361111500001,1.789696662,3.213995825,3.871922763,2.1587269934999997,1.3638728980000001,2.74129563825,1.6599574025,1.9718180490000001,3.5846219809999997,2.069961616,3.8881334489999997,11.38863948275,3.30855356325,29.625,17.005555554999997,34.077777774999994,65.3694444425,79.22222222250001,112.38333335,112.975,133.11944445,112.6972222,71.83055555499999,56.1722222225,42.3916666675,72.23912037,32.228197605,11.631409757499998,19.7574174675,40.442780392500005,30.198826025000002,45.393459039999996,43.550655,71.12148568250001,60.83124342,38.45245705,43.5312098025,34.3873473675,39.29387404999999,45948.24,19266.520000000037,50002.119999999275,119249.19000000003
Shakopee Mdewakanton Sioux Community of Minnesota,0.08120181845424479,0.13518102117472144,3.0470096387742367,2.239315302429135e6,0.049,0.087,3.24,3.888e6,0.9187981815457552,0.8648189788252786,0.951,0.913,0.6825259004322355,0.5854180603294452,0.0009999999999999998,0.6494318814363992,0.6207616204282129,0.717306784900286,0.593178343387606,0.0009999999999999998,0.586161300575571,0.7085450008077256,-9.55361576232911,-8.010964711707516,0.7122167323982974,8.256391252621324,14.42707322969393,19.857454172838295,22.20771494832142,20.985076403086715,16.167609113663175,8.6921950773939,0.21284350500562707,-8.990384908803177,7.080300754423268,2.7043702245631316,2.8288439434000794,2.2534040496419134,2.369363692502194,1.4827554739925874,1.7632410448801794,1.0113762569939604,1.5153318270403506,1.7646148791615401,2.037589904880454,3.20177218388924,3.9791659877570646,2.2426524557329093,19.103258914091384,16.369763931338174,43.163531277184966,55.64751730872356,95.45877025091812,126.06824808245946,94.8218470740076,102.35174917770244,93.1595967931676,52.723144843351626,42.6076783480826,27.804892182308514,64.10666651516186,11.242210776554211,9.717020170575621,26.30435535134502,28.106988883379053,30.645974732101266,42.600750127057324,34.64454790626954,37.94240599232911,53.796228935480315,18.8116303846994,33.27766755197089,20.153933038328287,28.936976153167706,-8.955555556,-6.522222222,1.888888889,8.555555556,14.47777778,20.35555556,22.26666667,21.66666667,17.11111111,9.166666667,1.177777778,-6.622222222,7.880555557,2.549073906,3.111180555,2.862885103,3.133732244,2.438635775,2.342066988,1.225765067,1.78465683,1.606583677,2.8974126389999997,2.761239657,6.984407236,2.80813664,37.41111111,13.33333333,44.65555556,66.65555556,80.34444444,123.8333333,111.6111111,109.6333333,95.21111111,63.31111111,52.422222219999995,43.98888889,70.20092592,65.63340317,8.649566462999998,31.52503414,47.82538842,17.88009446,46.58229277,44.60385198,32.75297696,58.49505202,30.89621516,61.19778954,47.09648194,41.09484559,14508.17,6083.400000000008,50002.119999999275,119249.19000000003
"Grand Traverse Band of Ottawa and Chippewa Indians, Michigan",0.15011422165809316,0.19904347868196484,2.9225183127477594,1.4520532252669607e6,0.091,0.095,6.96,2.32e6,0.8498857783419068,0.8009565213180352,0.909,0.905,0.4090372331611126,0.3806601456794577,0.0009999999999999966,0.26828523899083695,0.3809988896545781,0.25789386336067727,0.24160597605904527,0.001,0.16259324614054718,0.25268525697318245,-6.9954124485183975,-7.25313155067919,-0.5124221165591039,6.057213193303259,12.435525444174104,17.406734153505273,20.233732735398856,19.645066059090226,14.816270896065094,8.212805542107569,2.0447983384561423,-5.566000028963008,6.71043168483102,2.494233723987492,2.923595397992157,2.5079082431253963,1.7690159676646338,1.3937047441762431,2.0300092886477707,1.303950412887194,1.4007974351099726,1.4908856213687842,1.645777615739139,2.204476725689119,3.5325601961238693,2.0580762811581583,43.08062006587204,31.513494449214342,39.41356852054638,63.75650685863624,77.16333783581926,96.40828577108259,80.19177329178889,92.44063488090313,93.11526295082211,67.5738437918687,72.34971412546336,50.95919470965353,67.33051977119726,17.4567349367021,19.222225176125942,23.396264602951053,23.836411823265202,29.33388010612782,44.06576120242208,25.808777579146433,29.320403948671057,33.14138401575787,27.31351939551521,33.13242056644627,19.112389294901313,27.09501438815384,-6.96667,-7.51111,-0.65556,4.36667,12.23333,17.22222,19.9,19.63333,14.86667,8.57778,2.21111,-5.28889,6.54907,2.74388,2.57226,2.19905,4.1644,1.22656,2.05252,1.37921,1.32162,1.83666,1.52153,2.39372,4.01122,2.28522,50.73333,33.53333,38.51111,58.06667,71.47778,94.66667,85.84444,78.31111,96.12222,69.77778,80.42222,63.7,68.43056,12.52136,17.89792,17.81588,22.62339,18.97968,54.60191,16.71055,16.507,24.53686,26.511,34.27979,21.29136,23.68972,45948.24,19266.520000000037,50002.119999999275,119249.19000000003
"Sault Ste. Marie Tribe of Chippewa Indians, Michigan",0.15011422165809316,0.19904347868196484,2.9225183127477594,1.4520532252669607e6,0.162,0.208,2.99,3.1e6,0.8498857783419068,0.8009565213180352,0.838,0.792,0.4090372331611126,0.3806601456794577,0.0009999999999999966,0.26828523899083695,0.3809988896545781,0.3759572959231426,0.3710199072982709,0.001,0.23574053768295786,0.3020265993972115,-6.9954124485183975,-7.25313155067919,-0.5124221165591039,6.057213193303259,12.435525444174104,17.406734153505273,20.233732735398856,19.645066059090226,14.816270896065094,8.212805542107569,2.0447983384561423,-5.566000028963008,6.71043168483102,2.494233723987492,2.923595397992157,2.5079082431253963,1.7690159676646338,1.3937047441762431,2.0300092886477707,1.303950412887194,1.4007974351099726,1.4908856213687842,1.645777615739139,2.204476725689119,3.5325601961238693,2.0580762811581583,43.08062006587204,31.513494449214342,39.41356852054638,63.75650685863624,77.16333783581926,96.40828577108259,80.19177329178889,92.44063488090313,93.11526295082211,67.5738437918687,72.34971412546336,50.95919470965353,67.33051977119726,17.4567349367021,19.222225176125942,23.396264602951053,23.836411823265202,29.33388010612782,44.06576120242208,25.808777579146433,29.320403948671057,33.14138401575787,27.31351939551521,33.13242056644627,19.112389294901313,27.09501438815384,-8.12222,-9.08889,-2.2,4.53333,10.85556,15.26667,18.66667,18.65556,13.88889,7.44444,1.65556,-6.24444,5.44259,2.59648,3.08561,2.62213,1.84992,1.3175,1.83787,1.48099,0.91179,1.88116,1.73789,2.27015,3.57153,2.09692,63.37778,36.57778,39.41111,62.01111,61.14444,98.53333,64.15556,77.66667,108.62222,83.32222,76.85556,68.22222,69.99167,20.87618,19.03423,21.91572,32.93423,24.43523,48.17309,25.21213,27.50531,41.92872,35.90527,22.54896,31.56559,29.33622,45948.24,19266.520000000037,50002.119999999275,119249.19000000003
