Tribe,Food_Insecurity_Rate_2018_H,Child_Food_Insecurity_Rate_2018_H,Cost_Per_Meal_2018_H,Weighted_Annual_Food_Budget_Shortfall_2018_H,Food_Insecurity_Rate_2018_P,Child_Food_Insecurity_Rate_2018_P,Cost_Per_Meal_2018_P,Weighted_Annual_Food_Budget_Shortfall_2018_P,Food_Security_Rate_2018_H,Child_Food_Security_Rate_2018_H,Food_Security_Rate_2018_P,Child_Food_Security_Rate_2018_P,nccpi3all_H,nccpi3sg_H,nccpi3cot_H,nccpi3soy_H,nccpi3corn_H,nccpi3all_P,nccpi3sg_P,nccpi3cot_P,nccpi3soy_P,nccpi3corn_P,temp_mean_1_H,temp_mean_2_H,temp_mean_3_H,temp_mean_4_H,temp_mean_5_H,temp_mean_6_H,temp_mean_7_H,temp_mean_8_H,temp_mean_9_H,temp_mean_10_H,temp_mean_11_H,temp_mean_12_H,temp_mean_ann_H,temp_std_1_H,temp_std_2_H,temp_std_3_H,temp_std_4_H,temp_std_5_H,temp_std_6_H,temp_std_7_H,temp_std_8_H,temp_std_9_H,temp_std_10_H,temp_std_11_H,temp_std_12_H,temp_std_ann_H,precip_mean_1_H,precip_mean_2_H,precip_mean_3_H,precip_mean_4_H,precip_mean_5_H,precip_mean_6_H,precip_mean_7_H,precip_mean_8_H,precip_mean_9_H,precip_mean_10_H,precip_mean_11_H,precip_mean_12_H,precip_mean_ann_H,precip_std_1_H,precip_std_2_H,precip_std_3_H,precip_std_4_H,precip_std_5_H,precip_std_6_H,precip_std_7_H,precip_std_8_H,precip_std_9_H,precip_std_10_H,precip_std_11_H,precip_std_12_H,precip_std_ann_H,temp_mean_1_P,temp_mean_2_P,temp_mean_3_P,temp_mean_4_P,temp_mean_5_P,temp_mean_6_P,temp_mean_7_P,temp_mean_8_P,temp_mean_9_P,temp_mean_10_P,temp_mean_11_P,temp_mean_12_P,temp_mean_ann_P,temp_std_1_P,temp_std_2_P,temp_std_3_P,temp_std_4_P,temp_std_5_P,temp_std_6_P,temp_std_7_P,temp_std_8_P,temp_std_9_P,temp_std_10_P,temp_std_11_P,temp_std_12_P,temp_std_ann_P,precip_mean_1_P,precip_mean_2_P,precip_mean_3_P,precip_mean_4_P,precip_mean_5_P,precip_mean_6_P,precip_mean_7_P,precip_mean_8_P,precip_mean_9_P,precip_mean_10_P,precip_mean_11_P,precip_mean_12_P,precip_mean_ann_P,precip_std_1_P,precip_std_2_P,precip_std_3_P,precip_std_4_P,precip_std_5_P,precip_std_6_P,precip_std_7_P,precip_std_8_P,precip_std_9_P,precip_std_10_P,precip_std_11_P,precip_std_12_P,precip_std_ann_P,Acres,Endow_Raised_Parcel,Total_Endow,Total_Acres
Chicken Ranch Rancheria of Me-Wuk Indians of California,0.1293464946664521,0.1945704207580984,3.4592462010993024,2.303606480193121e7,0.128,0.187,4.06,4.759e6,0.8706535053335479,0.8054295792419016,0.872,0.813,0.28841724372440775,0.2872282726814986,0.14454642951357682,0.17085672591478598,0.12101467473413766,0.2568077926642313,0.2568077926642313,0.06874782953009664,0.134914952741341,0.1594615752843868,7.79638587771504,9.361021645819873,10.386569751513253,13.153790616128223,15.98180545920924,19.835345433611785,23.059205185224037,22.21507474059402,19.979049090966868,16.442533993796626,10.17860907423818,7.492753653411689,14.656845376848826,2.196260533140426,2.8679083836247306,2.713219693120128,2.8322317915534168,2.7118483295427067,3.269564382195315,2.8044446763141173,2.8334923172241417,2.877152701049694,2.714054248454733,2.7181143263799146,2.4966707343874304,2.752913509803312,135.0317884020496,92.2053707069643,83.0437015706499,50.663873397842096,27.776780082198176,9.595766930144018,6.210486594120569,7.328129025094874,9.676429183032287,31.72982991166993,48.113233214993485,127.62708468133792,52.416872808563895,97.67844744438389,76.08433234603875,71.79307181370015,38.62330922406675,22.203219077179515,10.65856308583027,10.562155640070198,9.524323480575047,11.020894230893315,33.98562356486629,48.52377670444895,113.2524071224301,45.32584364482428,4.177777778,8.288888889,7.355555556,11.63333333,15.2,19.6,24.21111111,22.96666667,18.15555556,15.24444444,7.155555556,4.588888889,13.21481481,4.248757988,2.190573238,5.430034786,4.92138192,4.55329551,4.7138095,5.032257059,4.097865298,5.343245996,2.533333333,5.556102751,4.606637723,4.435607925,166.4666667,106.6,102.9555556,61.51111111,39.21111111,8.322222222,9.833333333,9.177777778,6.877777778,34.37777778,51.77777778,99.72222222,58.06944445,130.7217943,90.23666106,84.01105747,41.2438615,23.23114528,7.971790542,22.60945599,23.98983002,7.897432776,40.529211,55.91490807,93.40588549,51.81358612,30884.60198291,151862.5099999997,740143.3199999961,150524.56101537996
"Morongo Band of Mission Indians, California",0.09561878848151374,0.13096884827707875,3.3742917339047644,1.9385925025292856e8,0.1,0.146,3.15,1.26963e8,0.9043812115184863,0.8690311517229212,0.9,0.854,0.20892216379847878,0.20867665765044124,0.08954473910244806,0.11302216303928615,0.060409441349964094,0.21381640763785453,0.21381640763785453,0.03561679659212874,0.06542398667425059,0.06108523246624451,10.351644758468819,11.162912824702483,11.76100647474986,13.174347655688655,14.519397030247221,18.176894905350224,20.342243803393185,20.123981426856997,19.00206330413774,16.957115296992367,12.474566737769287,10.595350206054455,14.886793702230744,2.2490312966021206,2.2513960162480906,2.2872066155008843,2.550795117316954,2.0597905826200735,2.259455614135376,3.1828502732778126,1.9644832590665124,2.5740805487530927,2.2599434947904675,2.437766143091527,2.1000590683749287,2.3480715025517975,134.2992152305681,91.35532012366696,69.39977764760164,34.3601203313626,15.950552613590371,3.12010332869041,3.4455300502466173,2.805087960165982,5.58307501140201,16.386475705074183,25.65600353131846,48.98420312652449,37.612122055697505,138.00031568680413,88.56145018216901,67.69324216616256,26.59122937260155,15.230795217402017,5.295405664686882,5.466654621403185,4.466841664216306,7.884185313073288,21.519445669582126,39.16596448081819,65.12791167097713,40.41695347627434,6.3944444439999995,6.4444444445,7.288888889000001,10.0888888905,13.105555555,17.294444445,21.672222225,21.333333335,17.88333333,14.405555555,8.7666666665,6.594444444500001,12.606018515,1.2815093290000001,1.2667449815,1.8150614505,1.899541301,2.3843083065,1.6335268455,2.1367565304999996,2.6734370435,1.3546047855,2.38982291,1.8147102625,1.4045884855,1.8378843525,152.90555559999999,123.8277778,75.183333335,39.722222224999996,16.98888889,3.3722222224999996,21.07777778,8.455555555499998,9.105555557,21.916666669999998,33.055555555,38.944444445,45.379629635,149.79689230000002,140.57970685,74.87986280499999,25.924536225,14.217892769999999,4.1398926255,31.678735219999997,11.7264938155,11.845667179999998,29.448482025,62.278660275,70.41149692,52.24402658,5111.560851030001,25134.140000000025,740143.3199999961,150524.56101537996
"Dry Creek Rancheria Band of Pomo Indians, California",0.12034750605110879,0.16562536988550713,3.7294287788373217,1.2130643017489392e7,0.09,0.118,4.0,3.0681999999999996e7,0.8796524939488912,0.8343746301144929,0.91,0.882,0.34566257607046397,0.34407629507242904,0.0694181186854155,0.136118402037534,0.1973155493466675,0.1753533463299719,0.17271252871728737,0.0875691808561863,0.044849947050144286,0.11928395921103614,7.458310998655905,9.555200681494938,10.793783502271431,13.5143173841582,16.331357950997628,20.940066838589956,22.80244937391826,22.001790085751185,20.3000603855271,16.735646217602742,10.191312619957785,7.347311561107429,14.830967299562234,2.23223893371955,2.8567782045475716,2.7126812121002075,3.008033549557997,2.6628458197292297,2.721016015723199,2.9811189630699806,3.012304655585764,2.5832985332041405,2.4454975375270256,2.6267932474605447,2.5193858946245546,2.696832713978188,161.0652752969335,118.17863641802276,107.35326087080405,47.71289209770253,35.167780921435394,10.06586840713304,5.079558766035589,2.603341109023083,8.931155284444621,34.69105783942305,52.941760142197744,135.16954702033192,59.913344513893804,138.51776830736833,101.19047521824388,97.06896087366734,38.049145582080854,30.845076424040386,13.822126646853643,11.2634524199505,5.549602345132746,14.15310637549873,40.93423184804124,48.768864339686615,114.75848743518765,54.57677481760056,8.433333333,9.111111111,10.9,12.57777778,15.000000000000002,19.5,20.78888889,20.48888889,19.28888889,15.8,10.68888889,7.977777778000001,14.21296296,1.321930407,3.535337482,1.218605761,2.121189394,1.691153453,1.65,1.090234429,0.957136934,1.254436571,2.359025222,1.353185542,1.552238527,1.67537281,237.5777778,151.0666667,137.5666667,59.18888889000001,36.81111111,12.91111111,5.0,6.622222222,8.044444444,38.16666667,57.27777778,181.8444444,77.67314815,201.9105729,116.7436187,126.192264,41.8132588,27.11357798,14.34611833,9.686072475,15.81990659,10.78947532,41.13505196,42.94091225,129.8782229,64.86408768,22254.291754370002,109426.24000000006,740143.3199999961,150524.56101537996
Redwood Valley or Little River Band of Pomo Indians of the Redwood Valley Rancheria California,0.12034750605110879,0.16562536988550713,3.7294287788373217,1.2130643017489392e7,0.135,0.194,3.53,7.022e6,0.8796524939488912,0.8343746301144929,0.865,0.806,0.34566257607046397,0.34407629507242904,0.0694181186854155,0.136118402037534,0.1973155493466675,0.4403854479056433,0.44036600254410907,0.21458995852631582,0.23586463244851372,0.2927970301346382,7.458310998655905,9.555200681494938,10.793783502271431,13.5143173841582,16.331357950997628,20.940066838589956,22.80244937391826,22.001790085751185,20.3000603855271,16.735646217602742,10.191312619957785,7.347311561107429,14.830967299562234,2.23223893371955,2.8567782045475716,2.7126812121002075,3.008033549557997,2.6628458197292297,2.721016015723199,2.9811189630699806,3.012304655585764,2.5832985332041405,2.4454975375270256,2.6267932474605447,2.5193858946245546,2.696832713978188,161.0652752969335,118.17863641802276,107.35326087080405,47.71289209770253,35.167780921435394,10.06586840713304,5.079558766035589,2.603341109023083,8.931155284444621,34.69105783942305,52.941760142197744,135.16954702033192,59.913344513893804,138.51776830736833,101.19047521824388,97.06896087366734,38.049145582080854,30.845076424040386,13.822126646853643,11.2634524199505,5.549602345132746,14.15310637549873,40.93423184804124,48.768864339686615,114.75848743518765,54.57677481760056,7.933333333,8.677777778,9.655555556,11.64444444,14.5,18.34444444,20.544444440000003,20.57777778,18.58888889,14.78888889,9.6,7.633333333,13.540740740000002,1.393735986,3.097490023,2.13548069,1.387543793,1.70513929,2.78438104,0.719567771,2.6413906270000003,1.90292173,1.923177348,1.523975065,1.68597153,1.908397908,215.8,143.5555556,138.7444444,64.95555556,49.66666667,19.38888889,9.411111111,5.366666667,12.37777778,48.14444444,70.59999999999998,211.6444444,82.47129629,174.60551970000003,111.0239514,140.4865306,45.4295364,37.89930738,20.93504505,18.884282120000005,9.853933225,17.36381135,44.75301976,57.33319283,185.5163814,72.0070426,22254.291754370002,109426.24000000006,740143.3199999961,150524.56101537996
"Soboba Band of Luiseno Indians, California",0.09561878848151374,0.13096884827707875,3.3742917339047644,1.9385925025292856e8,0.1,0.146,3.15,1.2696299999999999e8,0.9043812115184863,0.8690311517229212,0.9,0.854,0.20892216379847878,0.20867665765044124,0.08954473910244806,0.11302216303928615,0.060409441349964094,0.2301737465323704,0.20476498913406158,0.17300630271392772,0.13785809877739427,0.0634504086991562,10.351644758468819,11.162912824702483,11.76100647474986,13.174347655688655,14.519397030247221,18.176894905350224,20.342243803393185,20.123981426856997,19.00206330413774,16.957115296992367,12.474566737769287,10.595350206054455,14.886793702230744,2.2490312966021206,2.2513960162480906,2.2872066155008843,2.550795117316954,2.0597905826200735,2.259455614135376,3.1828502732778126,1.9644832590665124,2.5740805487530927,2.2599434947904675,2.437766143091527,2.1000590683749287,2.3480715025517975,134.2992152305681,91.35532012366696,69.39977764760164,34.3601203313626,15.950552613590371,3.12010332869041,3.4455300502466173,2.805087960165982,5.58307501140201,16.386475705074183,25.65600353131846,48.98420312652449,37.612122055697505,138.00031568680413,88.56145018216901,67.69324216616256,26.59122937260155,15.230795217402017,5.295405664686882,5.466654621403185,4.466841664216306,7.884185313073288,21.519445669582126,39.16596448081819,65.12791167097713,40.41695347627434,6.255555556000001,6.011111111,7.822222222000001,9.611111111,12.56666667,17.82222222,22.55555556,20.75555556,18.48888889,13.633333329999997,8.955555556,6.344444444,12.568518519999998,2.013151206,4.925049351,1.6192419349999998,3.1986108100000004,3.1957002360000004,2.255425557,1.785434899,3.35227949,1.941291094,3.715508041,2.566179607,2.87319992,2.786756012,139.4555556,106.4666667,72.33333333,40.76666667,16.23333333,3.822222222,22.84444444,12.97777778,6.0,20.35555556,28.54444444,36.0,42.15000001,138.2598289,125.78024490000001,59.69872277,21.46066169,15.464879570000003,4.820989986,32.87567912,21.12213163,8.959492173,26.50094862,56.97745412,66.07894899,48.16666521,5111.560851030001,25134.140000000025,740143.3199999961,150524.56101537996
Robinson Rancheria,0.11944917357275794,0.1661060257866181,3.7372907429857745,1.2105352135176916e7,0.157,0.231,3.9200000000000004,6.666e6,0.880550826427242,0.833893974213382,0.843,0.769,0.34142828167095607,0.3394880959134904,0.08591829619059017,0.1441180110995359,0.1876324275038946,0.4887370136414907,0.4887370136414907,0.15069343763102852,0.27039525671129266,0.26106455988035304,7.514209618614226,9.507855389633558,10.724373466102447,13.455249087382224,16.30525903802032,20.84722321724601,22.78413333269316,22.029162188295555,20.276124708983293,16.68673897158748,10.177141625143594,7.301720066319289,14.800765892093736,2.2468238991226883,2.8656569707271653,2.79146399662442,2.9027062268048986,2.6656668547803015,2.8472978454257323,2.9791322464165395,2.9845220055869897,2.7040390619595263,2.530114276510211,2.679406958522751,2.6013804780923615,2.7331842351236446,159.77904676606838,114.82574526919593,104.14739502579782,46.87884908738574,34.66040928717438,9.563255058082405,5.232920067094216,3.3730991707438855,9.542317744781142,33.93522388117676,51.78628524100057,132.35446501110576,58.83991763363598,138.72102391331597,97.29546741368202,94.47737566179471,36.99674908753555,29.952188308362427,13.042285771625826,11.082443653984368,6.328765450139471,14.167760687338816,39.18545221900363,49.08370974618391,113.8676720425601,53.68340782922156,6.500000000000001,6.688888889,7.922222222,9.722222222,12.4,17.66666667,19.55555556,18.87777778,17.05555556,13.15555556,8.077777778,6.0,11.96851852,1.320984481,3.6491247049999997,1.419311257,1.949857545,1.548386257,3.320391543,0.789162707,0.766122996,1.202197063,2.174345368,1.536861882,1.615549442,1.774357937,237.88888890000004,145.7777778,148.3111111,69.4,56.58888889,20.8,5.255555556,10.97777778,18.78888889,45.81111111,72.76666667,204.6111111,86.41481482,194.383657,115.6938177,124.76985260000001,45.25403297,37.49798143,23.91584203,11.21674096,19.53425055,16.30869741,43.2073907,59.441778240000005,129.0186173,68.35355491,29798.883638440013,146523.60999999908,740143.3199999961,150524.56101537996
"Shoshone-Paiute Tribes of the Duck Valley Reservation, Nevada",0.09092153184608062,0.12942061884603737,3.209625919231269,3.2922006410447273e7,0.11710919903984733,0.17151605868233047,3.314775178447373,1.9057136008471337e6,0.9090784681539194,0.8705793811539626,0.8828908009601527,0.8284839413176696,0.00943400608016148,0.008519008883385491,0.0009999999999999998,0.005683579101646718,0.0009999999999999998,0.1153522550083994,0.10965187900846689,0.001909624041894278,0.06582956514998332,0.03374937696730447,6.43695117650158,9.781360497228661,11.79555087268915,14.748296451970495,17.160871091633297,22.869605433266596,24.608558718335086,24.330195525974712,21.90556141020021,18.03969090354057,10.188092729319283,6.526003980819811,15.699228231801898,3.4159933175163335,2.091405189848261,2.617742532065332,1.9061761739157006,3.6354953360010542,1.6125023781496315,2.48345922549842,2.982817056050579,1.5413425701654375,1.7558064802465754,3.055299540758693,4.264337449682824,2.613531437721813,120.96261563009485,77.21296101517387,67.2897670036354,43.18998946399368,24.512820512528982,2.8338484956364596,0.749256527321391,4.038672286606954,3.034188034090622,19.873621357218127,32.92555906771339,74.6453576871549,39.27238809066386,102.20444807606955,60.42169951269757,48.07399042712329,25.179184498503687,19.61484331901897,3.5299392744478406,1.6822669667744996,7.297416864963116,4.9079530915679666,25.795953525152786,32.82507898633299,54.40629934557429,32.16158949168598,-1.9777777777499999,0.5055555554999999,2.5555555555000002,7.49999999975,10.5638888875,15.4027777775,20.13611111,18.838888889999996,14.255555554999999,8.05555555525,1.02777777775,-3.5916666667499997,7.772685185,3.3851167967499998,5.3590630405,2.9502163805,3.39488905925,3.112886586,3.4846335235000003,1.8407405275,2.681721885,2.88078728775,2.7470276114999996,3.3712369825,3.8285571297499996,3.2530730675000004,41.708333332500004,33.1027777775,35.5194444425,31.547222222499997,43.583333335,22.391666667499997,20.4583333325,12.241666663499998,15.5666666675,28.966666665,30.233333335,52.85277777750001,30.68101852,24.898607117500003,22.483980800000005,17.235456442500002,15.876663590000001,22.7310071975,15.8779411025,25.809017839999996,18.60600371675,17.167607139999998,21.638040765,14.955100932499999,44.686319335,21.830478829999997,1920.0,9440.88,740143.3199999961,150524.56101537996
"Lovelock Paiute Tribe of the Lovelock Indian Colony, Nevada",0.09092153184608062,0.12942061884603737,3.209625919231269,3.2922006410447273e7,0.12200000000000001,0.20900000000000002,3.3999999999999995,467000.0,0.9090784681539194,0.8705793811539626,0.878,0.7909999999999999,0.00943400608016148,0.008519008883385491,0.0009999999999999998,0.005683579101646718,0.0009999999999999998,0.08221981568189668,0.03070842206386103,0.05251139361803565,0.017759955870638767,0.001,6.43695117650158,9.781360497228661,11.79555087268915,14.748296451970495,17.160871091633297,22.869605433266596,24.608558718335086,24.330195525974712,21.90556141020021,18.03969090354057,10.188092729319283,6.526003980819811,15.699228231801898,3.4159933175163335,2.091405189848261,2.617742532065332,1.9061761739157006,3.6354953360010542,1.6125023781496315,2.48345922549842,2.982817056050579,1.5413425701654375,1.7558064802465754,3.055299540758693,4.264337449682824,2.613531437721813,120.96261563009485,77.21296101517387,67.2897670036354,43.18998946399368,24.512820512528982,2.8338484956364596,0.749256527321391,4.038672286606954,3.034188034090622,19.873621357218127,32.92555906771339,74.6453576871549,39.27238809066386,102.20444807606955,60.42169951269757,48.07399042712329,25.179184498503687,19.61484331901897,3.5299392744478406,1.6822669667744996,7.297416864963116,4.9079530915679666,25.795953525152786,32.82507898633299,54.40629934557429,32.16158949168598,0.48888888899999994,3.722222222,5.311111111,9.566666667,12.61111111,18.64444444,23.68888889,21.25555556,16.58888889,12.64444444,4.6,0.688888889,10.81759259,2.6035766,3.034706649,1.553580095,1.6970562750000002,1.89238239,2.899185709,2.107394389,2.543182608,1.947077582,3.08994786,2.874021573,2.607893999,2.404167144,19.93333333,16.96666667,31.35555556,21.76666667,37.08888889,14.766666669999998,12.98888889,8.266666667,11.53333333,17.65555556,17.18888889,59.71111111,22.43518519,12.74705848,12.78025821,39.02153608,22.74477962,20.27901899,15.89740545,24.19780178,10.08365013,11.34471242,19.13524961,17.04475318,113.38960979999999,26.55548615,1920.0,9440.88,740143.3199999961,150524.56101537996
"Las Vegas Tribe of Paiute Indians of the Las Vegas Indian Colony, Nevada",0.09092153184608062,0.12942061884603737,3.209625919231269,3.2922006410447273e7,0.128,0.193,3.31,1.53292e8,0.9090784681539194,0.8705793811539626,0.872,0.8069999999999999,0.00943400608016148,0.008519008883385491,0.0009999999999999998,0.005683579101646718,0.0009999999999999998,0.015267543798205772,0.015265723323194385,0.0031255000101913216,0.007220182977791581,0.001,6.43695117650158,9.781360497228661,11.79555087268915,14.748296451970495,17.160871091633297,22.869605433266596,24.608558718335086,24.330195525974712,21.90556141020021,18.03969090354057,10.188092729319283,6.526003980819811,15.699228231801898,3.4159933175163335,2.091405189848261,2.617742532065332,1.9061761739157006,3.6354953360010542,1.6125023781496315,2.48345922549842,2.982817056050579,1.5413425701654375,1.7558064802465754,3.055299540758693,4.264337449682824,2.613531437721813,120.96261563009485,77.21296101517387,67.2897670036354,43.18998946399368,24.512820512528982,2.8338484956364596,0.749256527321391,4.038672286606954,3.034188034090622,19.873621357218127,32.92555906771339,74.6453576871549,39.27238809066386,102.20444807606955,60.42169951269757,48.07399042712329,25.179184498503687,19.61484331901897,3.5299392744478406,1.6822669667744996,7.297416864963116,4.9079530915679666,25.795953525152786,32.82507898633299,54.40629934557429,32.16158949168598,5.466666667,9.944444444,11.52222222,14.899999999999999,21.099999999999998,26.91111111,27.34444444,29.32222222,24.5,19.42222222,9.522222222,7.033333333,17.24907407,4.224630161,2.119027555,1.435076459,3.861994303,2.262189205,2.452776205,6.668416437,3.551329954,2.235508891,2.889540525,4.226930854,4.563441684,3.3742385189999995,40.8,35.92222222,14.03333333,11.92222222,29.6,5.733333333,17.63333333,9.888888889,9.655555556,15.477777779999998,6.488888889,16.5,17.80462963,35.91416851,34.16605691,12.08242525,14.56208929,59.09496594,11.578860049999998,15.89315891,12.549944669999999,11.376083589999999,16.30673004,10.91357463,28.46489065,21.90857904,1920.0,9440.88,740143.3199999961,150524.56101537996
"Paiute Indian Tribe of Utah (Cedar Band of Paiutes, Kanosh Band of Paiutes, Koosharem Band of Paiutes, Indian Peaks Band of Paiutes, and Shivwits Band of Paiutes)",0.09092153184608062,0.12942061884603737,3.209625919231269,3.2922006410447273e7,0.13006257016805794,0.1645254424979167,3.1629031112137342,9.783015272642368e6,0.9090784681539194,0.8705793811539626,0.869937429831942,0.8354745575020833,0.00943400608016148,0.008519008883385491,0.0009999999999999998,0.005683579101646718,0.0009999999999999998,0.06589223102259233,0.06521885992669375,0.0070551214307464204,0.028722557426555623,0.007453784027833911,6.43695117650158,9.781360497228661,11.79555087268915,14.748296451970495,17.160871091633297,22.869605433266596,24.608558718335086,24.330195525974712,21.90556141020021,18.03969090354057,10.188092729319283,6.526003980819811,15.699228231801898,3.4159933175163335,2.091405189848261,2.617742532065332,1.9061761739157006,3.6354953360010542,1.6125023781496315,2.48345922549842,2.982817056050579,1.5413425701654375,1.7558064802465754,3.055299540758693,4.264337449682824,2.613531437721813,120.96261563009485,77.21296101517387,67.2897670036354,43.18998946399368,24.512820512528982,2.8338484956364596,0.749256527321391,4.038672286606954,3.034188034090622,19.873621357218127,32.92555906771339,74.6453576871549,39.27238809066386,102.20444807606955,60.42169951269757,48.07399042712329,25.179184498503687,19.61484331901897,3.5299392744478406,1.6822669667744996,7.297416864963116,4.9079530915679666,25.795953525152786,32.82507898633299,54.40629934557429,32.16158949168598,-1.3333333329999997,1.5533333332,2.6666666667999994,6.7644444444,11.302222222000001,16.744444444,21.704444444,20.266666668,15.182222222,9.460000000199999,3.1222222219999995,-1.22,8.8511111116,2.5796658709999996,3.8720265501999998,2.7326724091999997,2.0202079736,3.0284989292,2.4272095034,2.746220545,3.0974607164,3.0166065396,1.7470247155999998,4.001134620599999,3.4485934031999994,2.8931101482000003,37.224444444,43.34888889,38.97777778,37.451111112,35.431111109999996,29.56222222,23.733333333999997,30.933333332000004,28.953333331999996,38.12222222199999,32.273333332,22.188888891999998,33.183333336,24.080867542,38.890910334,23.971239358,28.953573902,28.085154003999996,28.214344501999996,23.957384284,22.113722818,27.209478031999996,25.218003603999996,46.122817374,21.604000278,28.201791336,1920.0,9440.88,740143.3199999961,150524.56101537996
"Santa Rosa Band of Cahuilla Indians, California",0.09436690749613338,0.1283255319789983,3.4044625646256095,2.0192755082851878e8,0.1,0.146,3.1500000000000004,1.26963e8,0.9056330925038666,0.8716744680210017,0.9,0.854,0.23765944034470407,0.23765944034470407,0.10289808415293408,0.1273834437477715,0.07101797638519555,0.23504570702592256,0.23504570702592256,0.022024748475734893,0.08901100225964974,0.08579227657200894,10.373187134246384,11.103538011677307,11.84305190089079,13.187218567240134,14.443311402875004,18.175219297947372,20.333622076141445,20.095007309815802,19.00990131477631,16.728680556065804,12.486769005092105,10.649290935958227,14.869066459197377,2.192756309588158,2.2256027564384873,2.2144438373565793,2.51852672268125,1.948438998578619,2.175480753684869,3.136192164805262,1.8767687302986853,2.586959807120066,2.277588679827632,2.4630567288312504,2.1956644115098687,2.317623325160198,139.2474926973915,89.78269005938816,71.41839181372043,33.937551169042784,16.11209064412501,3.3280336256861847,3.2831944443414485,2.9885818712427628,5.287163742650002,16.68543859726383,26.072050438730283,48.471173246279626,38.05115436288817,143.33785361593422,86.23619409416122,68.70680053149344,25.433811347085527,15.5462192395829,5.6110135481125045,5.125023783579608,4.791258978079933,7.487052235608883,21.445721682355263,40.40092180953293,65.58136517044738,40.80860300363159,8.733333333000001,8.5555555535,10.661111108999998,12.91666667,15.850000000000003,20.83333333,25.144444445,23.883333330000003,21.300000000000004,16.150000000000002,11.0333333315,8.961111111,15.335185184999998,1.6422880825000001,4.450126623,2.433622416,3.383160453,3.421315142,3.7804780575000003,4.15371646,3.7619175125,3.127823212,3.8497717910000007,3.1851790080000004,2.1993339179999998,3.2823943895000003,92.794444435,71.627777765,41.71111111,20.438888889999998,10.283333334,1.483333333,12.844444445,11.383333334500001,6.8277777775,15.788888885,26.249999999999996,28.544444445,28.33148148,94.44603714,88.28926528000001,39.47905802499999,14.173739152500001,10.530491667000001,2.161967333,21.449760335000004,21.918234379999998,10.396321968999999,22.032053545,45.09713041,49.212610764999994,34.9322225,4831.580851030001,23757.450000000023,740143.3199999961,150524.56101537996
"Torres Martinez Desert Cahuilla Indians, California",0.09436690749613338,0.1283255319789983,3.4044625646256095,2.0192755082851878e8,0.1292169134568103,0.19935253595718105,3.0102693847239648,9.168936922032507e7,0.9056330925038666,0.8716744680210017,0.8707830865431897,0.800647464042819,0.23765944034470407,0.23765944034470407,0.10289808415293408,0.1273834437477715,0.07101797638519555,0.05705526466523769,0.05559038371402051,0.018937143630638986,0.03703884754545667,0.001204670173407835,10.373187134246384,11.103538011677307,11.84305190089079,13.187218567240134,14.443311402875004,18.175219297947372,20.333622076141445,20.095007309815802,19.00990131477631,16.728680556065804,12.486769005092105,10.649290935958227,14.869066459197377,2.192756309588158,2.2256027564384873,2.2144438373565793,2.51852672268125,1.948438998578619,2.175480753684869,3.136192164805262,1.8767687302986853,2.586959807120066,2.277588679827632,2.4630567288312504,2.1956644115098687,2.317623325160198,139.2474926973915,89.78269005938816,71.41839181372043,33.937551169042784,16.11209064412501,3.3280336256861847,3.2831944443414485,2.9885818712427628,5.287163742650002,16.68543859726383,26.072050438730283,48.471173246279626,38.05115436288817,143.33785361593422,86.23619409416122,68.70680053149344,25.433811347085527,15.5462192395829,5.6110135481125045,5.125023783579608,4.791258978079933,7.487052235608883,21.445721682355263,40.40092180953293,65.58136517044738,40.80860300363159,11.0666666675,11.783333332500002,14.186111109999999,16.8833333325,20.025,24.9750000025,28.091666667499997,27.955555557500002,25.35277778,19.7999999975,14.27777778,11.313888887500001,18.8092592625,1.3088931152499999,4.249098430999999,2.05069632325,3.7367435055,3.832575822,4.287192188750001,5.471271870500001,4.129544911999999,3.43207031375,3.8041961557499997,2.2751524599999997,1.9797160245,3.3797625935,40.3305555575,27.227777777500002,23.700000000000003,15.7027777775,5.794444444499999,0.9222222219999999,5.52222222225,8.188888889,5.627777777749999,8.11388888875,15.205555555,16.38888889,14.393750000999999,37.48228118750001,35.310027865,26.300770910000004,24.93663383,10.858892693000001,1.475657488,9.08467689825,13.626051767500002,9.12431440025,10.93924953775,25.92120089,23.329520505,19.03243983,4831.580851030001,23757.450000000023,740143.3199999961,150524.56101537996
"Fort Independence Indian Community of Paiute Indians of the Fort Independence Reservation, California",0.09092153184608062,0.12942061884603737,3.209625919231269,3.2922006410447273e7,0.105,0.144,3.27,1.052e6,0.9090784681539194,0.8705793811539626,0.895,0.856,0.00943400608016148,0.008519008883385491,0.0009999999999999998,0.005683579101646718,0.0009999999999999998,0.07335097989329237,0.05127947354966941,0.05536698682536013,0.021847049245886846,0.001,6.43695117650158,9.781360497228661,11.79555087268915,14.748296451970495,17.160871091633297,22.869605433266596,24.608558718335086,24.330195525974712,21.90556141020021,18.03969090354057,10.188092729319283,6.526003980819811,15.699228231801898,3.4159933175163335,2.091405189848261,2.617742532065332,1.9061761739157006,3.6354953360010542,1.6125023781496315,2.48345922549842,2.982817056050579,1.5413425701654375,1.7558064802465754,3.055299540758693,4.264337449682824,2.613531437721813,120.96261563009485,77.21296101517387,67.2897670036354,43.18998946399368,24.512820512528982,2.8338484956364596,0.749256527321391,4.038672286606954,3.034188034090622,19.873621357218127,32.92555906771339,74.6453576871549,39.27238809066386,102.20444807606955,60.42169951269757,48.07399042712329,25.179184498503687,19.61484331901897,3.5299392744478406,1.6822669667744996,7.297416864963116,4.9079530915679666,25.795953525152786,32.82507898633299,54.40629934557429,32.16158949168598,2.988888889,-0.022222222,4.5,6.355555556,10.14444444,16.02222222,19.233333329999997,18.33333333,16.0,8.8,4.877777778,3.333333333,9.213888888,4.544624419,4.103589215,5.728437832,3.9944058099999995,4.10643127,5.202109615,3.125299986,3.701013375,5.553152258,3.025723054,3.695868564,4.104266073,4.240410123,149.3555556,96.67777778,54.96666667,34.28888889,12.94444444,16.07777778,19.62222222,10.15555556,21.97777778,19.91111111,35.67777778,120.8111111,49.37222223,146.6486457,107.6139138,53.85338894,45.24934929,14.93980515,36.64838938,43.59451737,12.85030263,25.06261049,21.16013022,58.35445094,129.6150111,57.96587625,1920.0,9440.88,740143.3199999961,150524.56101537996
Bishop Paiute Tribe,0.09092153184608062,0.12942061884603737,3.209625919231269,3.2922006410447273e7,0.105,0.144,3.27,1.052e6,0.9090784681539194,0.8705793811539626,0.895,0.856,0.00943400608016148,0.008519008883385491,0.0009999999999999998,0.005683579101646718,0.0009999999999999998,0.08232097809647239,0.08227562353456645,0.001448617710705673,0.04753067629805779,0.001,6.43695117650158,9.781360497228661,11.79555087268915,14.748296451970495,17.160871091633297,22.869605433266596,24.608558718335086,24.330195525974712,21.90556141020021,18.03969090354057,10.188092729319283,6.526003980819811,15.699228231801898,3.4159933175163335,2.091405189848261,2.617742532065332,1.9061761739157006,3.6354953360010542,1.6125023781496315,2.48345922549842,2.982817056050579,1.5413425701654375,1.7558064802465754,3.055299540758693,4.264337449682824,2.613531437721813,120.96261563009485,77.21296101517387,67.2897670036354,43.18998946399368,24.512820512528982,2.8338484956364596,0.749256527321391,4.038672286606954,3.034188034090622,19.873621357218127,32.92555906771339,74.6453576871549,39.27238809066386,102.20444807606955,60.42169951269757,48.07399042712329,25.179184498503687,19.61484331901897,3.5299392744478406,1.6822669667744996,7.297416864963116,4.9079530915679666,25.795953525152786,32.82507898633299,54.40629934557429,32.16158949168598,0.588888889,2.977777778,3.6555555560000004,7.755555556,11.68888889,16.44444444,20.8,20.43333333,14.96666667,10.83333333,4.711111111,0.988888889,9.653703703,1.601908584,1.899853796,1.502590356,1.6546231529999997,1.7716125740000002,1.6470512369999997,3.49821383,2.26715681,2.1,1.5499999999999998,2.270707183,2.923800799,2.057293194,99.00000000000001,62.15555556,41.28888889,28.06666667,15.28888889,14.166666670000001,25.611111109999996,12.68888889,14.911111109999998,17.6,26.07777778,75.91111111,36.06388889,93.87935075999998,60.15725457,27.641338809999997,21.1936901,13.476965950000002,22.40870367,38.75972279,17.1975612,14.63381738,16.25169222,33.48334578,81.21780046,36.69177031,1920.0,9440.88,740143.3199999961,150524.56101537996
Sherwood Valley Rancheria of Pomo Indians of California,0.12034750605110879,0.16562536988550713,3.7294287788373217,1.2130643017489392e7,0.135,0.19399999999999998,3.5299999999999994,7.022000000000001e6,0.8796524939488912,0.8343746301144929,0.865,0.806,0.34566257607046397,0.34407629507242904,0.0694181186854155,0.136118402037534,0.1973155493466675,0.4572270088750737,0.4369567092524577,0.19619433708823555,0.15342903746594294,0.25973845304020954,7.458310998655905,9.555200681494938,10.793783502271431,13.5143173841582,16.331357950997628,20.940066838589956,22.80244937391826,22.001790085751185,20.3000603855271,16.735646217602742,10.191312619957785,7.347311561107429,14.830967299562234,2.23223893371955,2.8567782045475716,2.7126812121002075,3.008033549557997,2.6628458197292297,2.721016015723199,2.9811189630699806,3.012304655585764,2.5832985332041405,2.4454975375270256,2.6267932474605447,2.5193858946245546,2.696832713978188,161.0652752969335,118.17863641802276,107.35326087080405,47.71289209770253,35.167780921435394,10.06586840713304,5.079558766035589,2.603341109023083,8.931155284444621,34.69105783942305,52.941760142197744,135.16954702033192,59.913344513893804,138.51776830736833,101.19047521824388,97.06896087366734,38.049145582080854,30.845076424040386,13.822126646853643,11.2634524199505,5.549602345132746,14.15310637549873,40.93423184804124,48.768864339686615,114.75848743518765,54.57677481760056,7.122222222,8.45,8.2944444445,10.877777779499999,13.72777778,17.255555559999998,19.5,19.822222225,17.16111111,14.37222222,8.188888889000001,6.738888889,12.625925924999999,1.227555952,1.396909033,1.343935383,1.7144473085,1.9464941755000003,2.4355099295,0.788213113,3.037083282,1.187630172,1.8512952620000003,1.479585152,1.6056297985,1.66785738,228.6388889,159.31666664999997,158.0722222,77.80555555499998,61.08888888999999,20.927777775,8.427777778,5.677777777999999,13.783333334999998,55.444444445,91.53333333,248.02222224999997,94.061574075,159.44487460000002,109.1846194,124.06605650000002,47.848231845,41.211467065,23.392362340000002,15.760815359999999,10.7585777835,14.633546574999999,43.33152185000001,63.431675195,189.72258595,70.232194535,22254.291754370002,109426.24000000006,740143.3199999961,150524.56101537996
"Hopland Band of Pomo Indians, California",0.12034750605110879,0.16562536988550713,3.7294287788373217,1.2130643017489392e7,0.139176003124956,0.20102327798288055,3.604029146306038,6.954424676705258e6,0.8796524939488912,0.8343746301144929,0.860823996875044,0.7989767220171194,0.34566257607046397,0.34407629507242904,0.0694181186854155,0.136118402037534,0.1973155493466675,0.20546862754912884,0.2049310917370144,0.08496860658843013,0.06752913920435577,0.11706725792353782,7.458310998655905,9.555200681494938,10.793783502271431,13.5143173841582,16.331357950997628,20.940066838589956,22.80244937391826,22.001790085751185,20.3000603855271,16.735646217602742,10.191312619957785,7.347311561107429,14.830967299562234,2.23223893371955,2.8567782045475716,2.7126812121002075,3.008033549557997,2.6628458197292297,2.721016015723199,2.9811189630699806,3.012304655585764,2.5832985332041405,2.4454975375270256,2.6267932474605447,2.5193858946245546,2.696832713978188,161.0652752969335,118.17863641802276,107.35326087080405,47.71289209770253,35.167780921435394,10.06586840713304,5.079558766035589,2.603341109023083,8.931155284444621,34.69105783942305,52.941760142197744,135.16954702033192,59.913344513893804,138.51776830736833,101.19047521824388,97.06896087366734,38.049145582080854,30.845076424040386,13.822126646853643,11.2634524199505,5.549602345132746,14.15310637549873,40.93423184804124,48.768864339686615,114.75848743518765,54.57677481760056,8.255555555499999,9.866666668,9.7166666685,12.51111111,15.36666667,18.216666664999998,20.077777775,20.95,18.238888890000002,15.71666667,9.483333333500001,7.827777777499999,13.852314815,1.1018139555000002,1.197663202,1.3041108170000002,2.1796896709999998,2.7246171255,1.8412184544999999,1.1546797095,3.876733482,1.29305583,1.7813535685,1.5207084705,1.6225156775,1.7998466635,249.4388889,160.75,152.46666665,73.8,51.53333333,14.911111110000002,6.500000001499999,6.2222222225,10.872222222,51.583333335,88.57777777499999,241.78333335,92.36990740499999,181.17885415,103.94168645,117.66811895,42.457186265000004,35.136367075,17.07115779,11.792537437499998,12.990271652,13.2080348985,41.061568390000005,58.52862627,174.34111195,67.44796010499999,22254.291754370002,109426.24000000006,740143.3199999961,150524.56101537996
"Elem Indian Colony of Pomo Indians of the Sulphur Bank Rancheria, California",0.12034750605110879,0.16562536988550713,3.7294287788373217,1.2130643017489392e7,0.157,0.231,3.92,6.666e6,0.8796524939488912,0.8343746301144929,0.843,0.769,0.34566257607046397,0.34407629507242904,0.0694181186854155,0.136118402037534,0.1973155493466675,0.27,0.27,0.07,0.03,0.08,7.458310998655905,9.555200681494938,10.793783502271431,13.5143173841582,16.331357950997628,20.940066838589956,22.80244937391826,22.001790085751185,20.3000603855271,16.735646217602742,10.191312619957785,7.347311561107429,14.830967299562234,2.23223893371955,2.8567782045475716,2.7126812121002075,3.008033549557997,2.6628458197292297,2.721016015723199,2.9811189630699806,3.012304655585764,2.5832985332041405,2.4454975375270256,2.6267932474605447,2.5193858946245546,2.696832713978188,161.0652752969335,118.17863641802276,107.35326087080405,47.71289209770253,35.167780921435394,10.06586840713304,5.079558766035589,2.603341109023083,8.931155284444621,34.69105783942305,52.941760142197744,135.16954702033192,59.913344513893804,138.51776830736833,101.19047521824388,97.06896087366734,38.049145582080854,30.845076424040386,13.822126646853643,11.2634524199505,5.549602345132746,14.15310637549873,40.93423184804124,48.768864339686615,114.75848743518765,54.57677481760056,6.800000000000001,7.755555556000001,8.822222222,10.94444444,13.74444444,17.8,20.85555556,20.03333333,18.36666667,14.27777778,8.811111111,6.333333333,12.8787037,1.6725728680000003,2.42234964,2.7976676789999995,2.152969526,2.506048239,2.787023502,2.216478689,2.7106272340000004,3.004579838,2.311264685,1.787767074,1.8398369490000002,2.350765494,226.00000000000003,138.1666667,133.1111111,59.98888889,52.04444444,20.83333333,7.133333333,8.444444444,17.18888889,37.61111111,54.82222222,173.0444444,77.36574074,201.3557052,122.090704,132.7940647,49.32006297,37.54547613,23.88503716,18.62639257,15.45138433,17.72607151,46.66386301,52.09339636,126.1346613,70.30723494,22254.291754370002,109426.24000000006,740143.3199999961,150524.56101537996
Berry Creek Rancheria of Maidu Indians of California,0.15141760667502688,0.22690578504448994,3.3146688522124688,1.012231140291495e7,0.142,0.203,3.37,1.8433e7,0.8485823933249731,0.77309421495551,0.858,0.7969999999999999,0.44810880906018463,0.39122201059481815,0.1705637167986233,0.22483318400216806,0.3161206173320007,0.13887696122255078,0.1354123136590905,0.08051472705402221,0.05599977260001963,0.11067016401514174,6.9087041227103985,9.45194507267448,10.146128708292679,13.248196330055695,16.50863813548358,20.772068249900986,23.8612902222596,22.011349923837628,20.24145927568718,16.210353821145333,9.740431749567003,7.225043991895069,14.693800800531651,1.965079339288457,2.4225095442169065,1.6771273711464911,2.329028955520924,2.5226985384898137,2.802686269589081,2.0314642926976765,3.9935955568797956,2.564716877477936,2.5162787742910018,2.696456670112835,2.0941458676708136,2.467982338123862,196.12777149177018,138.9308320724261,132.09185205225097,57.746628331348866,48.026674835449576,14.762672825726787,3.623680241421374,3.5340654852777074,11.049399823953326,46.756743337202984,74.65338738128384,164.30024508261272,74.30032941186637,151.0065838320132,113.22011035276569,120.31759110954165,45.61459009602368,35.826739785410005,16.903878315492058,6.211858358247443,5.731958823027985,14.713961312768076,54.36352470797498,64.94639604276291,124.0162652431869,62.73945483159775,2.844444444,5.511111111,5.066666667,9.033333333,12.02222222,16.88888889,21.2,19.6,15.94444444,11.72222222,5.577777778,2.222222222,10.63611111,2.38857233,1.929666062,2.697220792,2.636759375,1.926640715,2.3534254,2.490983741,1.492481156,2.092911316,1.997985096,2.548910443,3.9315320730000005,2.373924042,284.9111111,198.1444444,166.8333333,94.31111111,67.31111111,23.72222222,4.088888889,5.288888889,20.15555556,58.04444444,94.68888889,221.5666667,103.2555556,194.0988179,179.9267567,188.7724291,83.19733236,44.85059767,21.57995469,8.436445407,7.404127978,25.12817697,50.44014054,77.16810294,234.8518895,92.98789765,7739.4795424799995,38055.73000000001,740143.3199999961,150524.56101537996
Cahuilla Band of Indians,0.09436690749613338,0.1283255319789983,3.4044625646256095,2.0192755082851878e8,0.1,0.146,3.15,1.2696300000000001e8,0.9056330925038666,0.8716744680210017,0.9,0.854,0.23765944034470407,0.23765944034470407,0.10289808415293408,0.1273834437477715,0.07101797638519555,0.31523242629918397,0.31523242629918397,0.030723481500461246,0.15934489781175143,0.1345824449697337,10.373187134246384,11.103538011677307,11.84305190089079,13.187218567240134,14.443311402875004,18.175219297947372,20.333622076141445,20.095007309815802,19.00990131477631,16.728680556065804,12.486769005092105,10.649290935958227,14.869066459197377,2.192756309588158,2.2256027564384873,2.2144438373565793,2.51852672268125,1.948438998578619,2.175480753684869,3.136192164805262,1.8767687302986853,2.586959807120066,2.277588679827632,2.4630567288312504,2.1956644115098687,2.317623325160198,139.2474926973915,89.78269005938816,71.41839181372043,33.937551169042784,16.11209064412501,3.3280336256861847,3.2831944443414485,2.9885818712427628,5.287163742650002,16.68543859726383,26.072050438730283,48.471173246279626,38.05115436288817,143.33785361593422,86.23619409416122,68.70680053149344,25.433811347085527,15.5462192395829,5.6110135481125045,5.125023783579608,4.791258978079933,7.487052235608883,21.445721682355263,40.40092180953293,65.58136517044738,40.80860300363159,7.2,6.316666667,9.277777776,10.81666667,13.766666670000001,19.211111109999997,22.627777779999995,21.972222225,19.816666665000003,14.133333335,9.36111111,7.383333333,13.49027778,1.309655401,4.7954474085,1.6518247195000002,2.2690221315000003,2.5716072965000003,2.422311972,2.217544198,2.4325579950000003,2.2629351735,2.72212211,3.458275426,2.192229803,2.525461136,127.41666665000001,102.28333335,68.81111111,38.716666665000005,16.727777775,3.6666666665,12.97777778,9.183333331,5.8,19.483333329999997,35.966666665000005,46.06111111,40.5912037,118.14281867,100.371461065,57.17329292,18.827003445000003,15.191980430000001,4.384228878,12.853364195499998,11.145003490000002,7.151597140499999,21.643370915,51.80272075,61.25008413,39.994743834999994,4831.580851030001,23757.450000000023,740143.3199999961,150524.56101537996
"Pyramid Lake Paiute Tribe of the Pyramid Lake Reservation, Nevada",0.09092153184608062,0.12942061884603737,3.209625919231269,3.2922006410447273e7,0.1120181721483174,0.1680847302338794,3.4199473242596086,2.930110922290315e7,0.9090784681539194,0.8705793811539626,0.8879818278516826,0.8319152697661206,0.00943400608016148,0.008519008883385491,0.0009999999999999998,0.005683579101646718,0.0009999999999999998,0.03370420930364877,0.02852215800010752,0.010327151544202719,0.007683054092331389,0.0010230100217784343,6.43695117650158,9.781360497228661,11.79555087268915,14.748296451970495,17.160871091633297,22.869605433266596,24.608558718335086,24.330195525974712,21.90556141020021,18.03969090354057,10.188092729319283,6.526003980819811,15.699228231801898,3.4159933175163335,2.091405189848261,2.617742532065332,1.9061761739157006,3.6354953360010542,1.6125023781496315,2.48345922549842,2.982817056050579,1.5413425701654375,1.7558064802465754,3.055299540758693,4.264337449682824,2.613531437721813,120.96261563009485,77.21296101517387,67.2897670036354,43.18998946399368,24.512820512528982,2.8338484956364596,0.749256527321391,4.038672286606954,3.034188034090622,19.873621357218127,32.92555906771339,74.6453576871549,39.27238809066386,102.20444807606955,60.42169951269757,48.07399042712329,25.179184498503687,19.61484331901897,3.5299392744478406,1.6822669667744996,7.297416864963116,4.9079530915679666,25.795953525152786,32.82507898633299,54.40629934557429,32.16158949168598,0.4916666667499999,3.45277777775,5.0194444444999995,9.86944444325,13.105555555,18.294444447500002,22.7111111125,22.075000000000006,16.52222222,11.9694444425,3.886111110999999,0.07777777775,10.62291666675,2.232096447,4.233105741,2.05876378875,2.686624663,2.0403954942499998,2.2308115500000003,2.84451424275,1.7797508814999998,1.591870669,3.33557621325,2.14661891175,2.97499362925,2.51292685275,51.369444445,30.71388889,20.04722222,18.4111111075,27.23611111,17.57777778,9.2694444435,15.744444445000001,10.2361111115,20.477777780000004,27.9166666675,45.8194444425,24.568287037500003,51.7214701175,20.011472215,21.838320205,12.638807038000001,18.155403665,19.673733315,8.3685513455,23.888630765000002,11.388925119750002,23.32945573,36.448126895,45.981489535,24.453698829999997,1920.0,9440.88,740143.3199999961,150524.56101537996
Summit Lake Paiute Tribe of Nevada,0.09092153184608062,0.12942061884603737,3.209625919231269,3.2922006410447273e7,0.09900000000000002,0.158,3.2299999999999995,912000.0,0.9090784681539194,0.8705793811539626,0.901,0.842,0.00943400608016148,0.008519008883385491,0.0009999999999999998,0.005683579101646718,0.0009999999999999998,0.08668148322320711,0.08668148322320711,0.010609479396703064,0.020693450775411404,0.0054139155814396794,6.43695117650158,9.781360497228661,11.79555087268915,14.748296451970495,17.160871091633297,22.869605433266596,24.608558718335086,24.330195525974712,21.90556141020021,18.03969090354057,10.188092729319283,6.526003980819811,15.699228231801898,3.4159933175163335,2.091405189848261,2.617742532065332,1.9061761739157006,3.6354953360010542,1.6125023781496315,2.48345922549842,2.982817056050579,1.5413425701654375,1.7558064802465754,3.055299540758693,4.264337449682824,2.613531437721813,120.96261563009485,77.21296101517387,67.2897670036354,43.18998946399368,24.512820512528982,2.8338484956364596,0.749256527321391,4.038672286606954,3.034188034090622,19.873621357218127,32.92555906771339,74.6453576871549,39.27238809066386,102.20444807606955,60.42169951269757,48.07399042712329,25.179184498503687,19.61484331901897,3.5299392744478406,1.6822669667744996,7.297416864963116,4.9079530915679666,25.795953525152786,32.82507898633299,54.40629934557429,32.16158949168598,-1.4777777774999998,1.1333333335,2.2111111109999997,6.761111111,9.766666669,14.69444444,19.88333333,18.2,13.444444445000002,7.95,1.2444444444999998,-2.6833333335000003,7.593981480999999,3.0132904565000005,4.071815099,1.823654154,2.354284017,1.6062948680000002,2.0053735355,1.6596442345,1.2545352790000002,2.032638445,2.1143476125,2.780091583,3.4241909630000005,2.3450133535,36.888888885,19.444444445000002,24.38888889,23.644444445,38.305555555,16.633333335,14.638888890000002,11.927777777000001,11.13888889,21.955555555,26.96111111,51.105555554999995,24.752777779999995,30.069420599999997,12.749994065,14.066417529999999,13.90457037,19.44253353,16.399804319999998,23.44685428,15.0275270155,11.0343749195,20.75811518,17.387144090000003,47.897256735,20.182001055,1920.0,9440.88,740143.3199999961,150524.56101537996
"Pinoleville Pomo Nation, California",0.12034750605110879,0.16562536988550713,3.7294287788373217,1.2130643017489392e7,0.135,0.194,3.53,7.022e6,0.8796524939488912,0.8343746301144929,0.865,0.806,0.34566257607046397,0.34407629507242904,0.0694181186854155,0.136118402037534,0.1973155493466675,0.5570193653720185,0.5386274236495568,0.39235593272391,0.40992930574618125,0.4613209420304323,7.458310998655905,9.555200681494938,10.793783502271431,13.5143173841582,16.331357950997628,20.940066838589956,22.80244937391826,22.001790085751185,20.3000603855271,16.735646217602742,10.191312619957785,7.347311561107429,14.830967299562234,2.23223893371955,2.8567782045475716,2.7126812121002075,3.008033549557997,2.6628458197292297,2.721016015723199,2.9811189630699806,3.012304655585764,2.5832985332041405,2.4454975375270256,2.6267932474605447,2.5193858946245546,2.696832713978188,161.0652752969335,118.17863641802276,107.35326087080405,47.71289209770253,35.167780921435394,10.06586840713304,5.079558766035589,2.603341109023083,8.931155284444621,34.69105783942305,52.941760142197744,135.16954702033192,59.913344513893804,138.51776830736833,101.19047521824388,97.06896087366734,38.049145582080854,30.845076424040386,13.822126646853643,11.2634524199505,5.549602345132746,14.15310637549873,40.93423184804124,48.768864339686615,114.75848743518765,54.57677481760056,7.544444444000001,7.911111111,8.888888889,10.55555556,13.288888890000003,18.07777778,19.96666667,19.34444444,17.72222222,13.84444444,8.866666667,7.2,12.767592589999998,1.170588646,4.060924908,1.287870766,2.114894271,1.8956822279999999,3.078464625,0.8746427839999998,0.585472269,1.210142324,2.374400509,1.670329309,1.679285562,1.833558183,227.68888890000002,151.1666667,153.1,72.73333333,56.22222222,18.84444444,5.444444444,7.888888889,13.62222222,53.57777778,85.13333333,238.68888890000002,90.34259260000002,167.3344663,103.5033937,133.0740771,41.33566862,37.25958862,21.35884542,11.12251221,18.94369581,16.7195079,42.01832272,60.31944131,183.7245795,69.72617493,22254.291754370002,109426.24000000006,740143.3199999961,150524.56101537996
"Rincon Band of Luiseno Mission Indians of Rincon Reservation, California",0.09436690749613338,0.1283255319789983,3.4044625646256095,2.0192755082851878e8,0.096,0.126,3.52,1.88159e8,0.9056330925038666,0.8716744680210017,0.904,0.874,0.23765944034470407,0.23765944034470407,0.10289808415293408,0.1273834437477715,0.07101797638519555,0.15760970533106658,0.15760970533106658,0.07435762634190232,0.0832615953377016,0.05864297771304655,10.373187134246384,11.103538011677307,11.84305190089079,13.187218567240134,14.443311402875004,18.175219297947372,20.333622076141445,20.095007309815802,19.00990131477631,16.728680556065804,12.486769005092105,10.649290935958227,14.869066459197377,2.192756309588158,2.2256027564384873,2.2144438373565793,2.51852672268125,1.948438998578619,2.175480753684869,3.136192164805262,1.8767687302986853,2.586959807120066,2.277588679827632,2.4630567288312504,2.1956644115098687,2.317623325160198,139.2474926973915,89.78269005938816,71.41839181372043,33.937551169042784,16.11209064412501,3.3280336256861847,3.2831944443414485,2.9885818712427628,5.287163742650002,16.68543859726383,26.072050438730283,48.471173246279626,38.05115436288817,143.33785361593422,86.23619409416122,68.70680053149344,25.433811347085527,15.5462192395829,5.6110135481125045,5.125023783579608,4.791258978079933,7.487052235608883,21.445721682355263,40.40092180953293,65.58136517044738,40.80860300363159,8.288888889,8.211111111,9.477777778,11.23333333,13.66666667,17.8,21.42222222,21.8,19.22222222,15.08888889,11.01111111,8.644444444,13.82222222,1.027672667,3.0563231360000005,1.2637026719999997,1.467991826,1.553222457,1.7334935819999997,2.709602267,1.538668255,1.488940712,2.394496004,1.59173211,1.510886421,1.778061009,116.3,92.57777778,65.82222222,37.26666667,19.56666667,4.122222222,10.144444440000001,12.1,6.822222222,17.72222222,36.1,43.68888889000001,38.51944444,97.49667943,77.92768728,52.33817386999999,16.54486325,18.77072188,5.417512754,10.33865454,17.68954493,8.749253936,16.65351147,47.2032573,54.76094513,35.32423381,4831.580851030001,23757.450000000023,740143.3199999961,150524.56101537996
"Shingle Springs Band of Miwok Indians, Shingle Springs Rancheria (Verona Tract), California",0.1211719914332206,0.17846724837645564,3.509241909815122,2.8861609268099483e7,0.091,0.134,4.47,1.2877e7,0.8788280085667795,0.8215327516235443,0.909,0.866,0.26287728048716763,0.26116174481464,0.1292803481580019,0.14775423820549202,0.10704281802235756,0.20387329374686058,0.20387329374686058,0.05484589402902934,0.09477740470121128,0.13468151565556197,8.031780678995744,9.63467728539406,10.595901634675599,13.355851981607334,16.00447047430831,19.688254181159554,22.717613567706866,21.952470887800217,19.96174438522631,16.470980615329008,10.376292779091038,7.755688001284755,14.712143872632806,2.1222656988915847,2.667644422444458,2.512135138193929,2.654252611752262,2.5583781232765452,3.0327237613427473,2.8162319835879623,2.774697117589461,2.6646923428135696,2.50251139000677,2.560989554599879,2.3895591793551287,2.6046734437240873,137.41180085937947,92.52994478420491,85.12279099525695,50.89017550461754,26.980940995623154,9.021983704820501,5.5038695953903884,6.244197327022411,8.671312015777838,30.096954894131834,46.39900235610828,127.83449438361897,52.22562228465931,104.64700788867154,75.4447126954546,71.98145575684217,38.805516751223635,21.771965926625114,9.876717517082904,9.424946922274753,8.146316255218707,9.91461879570579,32.743320462512116,47.75615010859399,112.58386375777003,45.2580494033135,6.1,7.433333332999999,9.3,11.66666667,15.088888889999998,20.52222222,24.98888889,23.01111111,20.65555556,13.88888889,8.133333333,5.6,13.86574074,1.308625233,2.926602125,1.8947295320000002,1.793739111,1.9029217299999999,1.996733444,2.361908362,1.695910113,1.880898131,3.021772842,3.61835598,3.560196624,2.330199436,206.5,142.9111111,128.6888889,63.88888889,57.16666667,13.37777778,11.5,12.11111111,10.64444444,47.11111111,71.28888889,152.7,76.49074074,157.8440528,132.1674454,119.97364760000002,53.05844524,38.03064554,14.24182026,17.63767275,26.16789275,15.48104576,58.94156947,71.24555152,147.7286617,71.04320423,37129.43531624999,182569.00999999885,740143.3199999961,150524.56101537996
"Kaibab Band of Paiute Indians of the Kaibab Indian Reservation, Arizona",0.09092153184608062,0.12942061884603737,3.209625919231269,3.2922006410447273e7,0.16523390399099266,0.25124652030126465,3.147703014457647,1.7502445555188935e7,0.9090784681539194,0.8705793811539626,0.8347660960090073,0.7487534796987354,0.00943400608016148,0.008519008883385491,0.0009999999999999998,0.005683579101646718,0.0009999999999999998,0.094748634745588,0.09438883956205457,0.005164941693630471,0.04880871577669733,0.013013931253738344,6.43695117650158,9.781360497228661,11.79555087268915,14.748296451970495,17.160871091633297,22.869605433266596,24.608558718335086,24.330195525974712,21.90556141020021,18.03969090354057,10.188092729319283,6.526003980819811,15.699228231801898,3.4159933175163335,2.091405189848261,2.617742532065332,1.9061761739157006,3.6354953360010542,1.6125023781496315,2.48345922549842,2.982817056050579,1.5413425701654375,1.7558064802465754,3.055299540758693,4.264337449682824,2.613531437721813,120.96261563009485,77.21296101517387,67.2897670036354,43.18998946399368,24.512820512528982,2.8338484956364596,0.749256527321391,4.038672286606954,3.034188034090622,19.873621357218127,32.92555906771339,74.6453576871549,39.27238809066386,102.20444807606955,60.42169951269757,48.07399042712329,25.179184498503687,19.61484331901897,3.5299392744478406,1.6822669667744996,7.297416864963116,4.9079530915679666,25.795953525152786,32.82507898633299,54.40629934557429,32.16158949168598,2.077777778,3.4444444444999998,5.922222222499999,8.7444444445,13.955555555,18.22222222,22.455555555,22.1,18.894444444999998,11.86111111,4.4944444445,1.6777777779999998,11.154166665000002,3.9780588124999996,3.5047283475,3.063724416,1.9445916964999999,3.2946735465000003,2.3976761399999997,2.406884689,1.3550941425,2.5662778470000003,1.681992982,2.426124073,3.7204755095,2.6950251834999994,77.82222222,68.86666667,45.077777775,37.2,34.733333335000005,19.961111110000004,25.211111109999997,29.222222220000003,20.488888884999998,39.63888889,39.311111115,26.983333334999998,38.70972222,65.17840699,42.078065465,28.871499645,30.52030869,41.167093105,23.66754155,14.34320134,16.787715929999997,15.119705869999999,35.678438465,50.84174513000001,30.39980368,32.887793825,1920.0,9440.88,740143.3199999961,150524.56101537996
Big Pine Paiute Tribe of the Owens Valley,0.09092153184608062,0.12942061884603737,3.209625919231269,3.2922006410447273e7,0.105,0.144,3.27,1.052e6,0.9090784681539194,0.8705793811539626,0.895,0.856,0.00943400608016148,0.008519008883385491,0.0009999999999999998,0.005683579101646718,0.0009999999999999998,0.08661750513103256,0.0853060941517156,0.00880319009656081,0.04104376282758139,0.001,6.43695117650158,9.781360497228661,11.79555087268915,14.748296451970495,17.160871091633297,22.869605433266596,24.608558718335086,24.330195525974712,21.90556141020021,18.03969090354057,10.188092729319283,6.526003980819811,15.699228231801898,3.4159933175163335,2.091405189848261,2.617742532065332,1.9061761739157006,3.6354953360010542,1.6125023781496315,2.48345922549842,2.982817056050579,1.5413425701654375,1.7558064802465754,3.055299540758693,4.264337449682824,2.613531437721813,120.96261563009485,77.21296101517387,67.2897670036354,43.18998946399368,24.512820512528982,2.8338484956364596,0.749256527321391,4.038672286606954,3.034188034090622,19.873621357218127,32.92555906771339,74.6453576871549,39.27238809066386,102.20444807606955,60.42169951269757,48.07399042712329,25.179184498503687,19.61484331901897,3.5299392744478406,1.6822669667744996,7.297416864963116,4.9079530915679666,25.795953525152786,32.82507898633299,54.40629934557429,32.16158949168598,2.855555556,2.144444444,5.266666667,7.311111111,10.84444444,16.51111111,21.23333333,18.8,16.04444444,11.05555556,6.1,3.255555556,10.11851852,3.116532974,3.622192399,2.868797658,2.552177719,2.657118322,1.887752926,2.724885319,1.717556404,1.592255563,4.503362941,2.946183973,3.121742747,2.775879912,99.57777778,58.72222222,42.46666667,31.28888889,14.26666667,10.36666667,29.57777778,10.866666670000003,16.94444444,16.08888889,20.74444444,79.63333333,35.8787037,93.26466075,62.05910042,29.26734528,26.91600102,13.716413529999999,22.61559197,39.7270304,15.92921844,15.3134019,15.79053866,33.13001325,78.21724554,37.16221343,1920.0,9440.88,740143.3199999961,150524.56101537996
Picayune Rancheria of Chukchansi Indians of California,0.12100457505189968,0.17942374675848444,3.5313593748412133,2.4467824390019402e7,0.132,0.204,3.97,1.3794e7,0.8789954249481003,0.8205762532415155,0.868,0.796,0.23619563432546956,0.23310383288487818,0.1211960212875025,0.1211472756327913,0.08594021701450621,0.34382022968037373,0.34382022968037373,0.1109048274778449,0.20346927180590052,0.2020189525144095,8.410332086927678,10.09773478897202,11.125743729561817,13.600637209838059,16.323440679197102,20.14589215748007,22.91784410585378,22.015604014056006,20.28946568491883,16.95294089590809,10.926615282408653,8.018839349266974,15.06875749871458,2.1329681815640793,2.470859971574357,2.585804462372895,2.3599446804152495,2.4549527568474567,2.804575473553294,3.1140652288663397,2.601780014694521,2.6431429752281197,2.3267516641432104,2.2320868900734685,2.397245755051521,2.51034817125004,121.77543084974107,90.56099632289133,74.1323002522903,42.344350961592205,23.039552172124644,6.464312423501033,3.8677525310179255,4.108718393844229,6.3049905244805435,24.4986661194954,38.115802744655696,100.20317746380779,44.618004230089824,100.40692457545248,81.51196156848532,63.29275003996474,30.497811979816426,19.136789814316938,8.584531995147241,7.268054508487773,5.826534752439648,7.619021194022452,29.253303081320023,41.463801141640246,94.83510945222793,40.80804950859105,5.766666667,7.277777778,10.07777778,13.58888889,17.25555556,22.7,25.22222222,25.14444444,20.911111109999997,16.55555556,9.255555556,5.066666667,14.90185185,1.933907961,3.231399765,1.710100712,1.852325865,1.235021367,2.593260496,2.828770836,0.817176711,1.2771496040000003,1.207384685,2.439831506,3.999374951,2.093808705,182.9,121.2444444,107.0111111,59.72222222,38.15555556,10.27777778,9.411111111,8.333333333,5.811111110999999,32.07777778,55.63333333,104.6222222,61.26666666,100.42448660000001,90.39235464,92.01144554,24.21682152,28.64363416,10.737641470000002,18.02646974,15.79659773,4.711274892,37.64660601,50.26335643,79.0787705,45.99578827,71039.05046117998,349305.68999999645,740143.3199999961,150524.56101537996
Lone Pine Paiute-Shoshone Tribe,0.09092153184608062,0.12942061884603737,3.209625919231269,3.2922006410447273e7,0.105,0.144,3.27,1.052e6,0.9090784681539194,0.8705793811539626,0.895,0.856,0.00943400608016148,0.008519008883385491,0.0009999999999999998,0.005683579101646718,0.0009999999999999998,0.0919460413227742,0.0918365258793649,0.02074070502277858,0.055850196320263536,0.001,6.43695117650158,9.781360497228661,11.79555087268915,14.748296451970495,17.160871091633297,22.869605433266596,24.608558718335086,24.330195525974712,21.90556141020021,18.03969090354057,10.188092729319283,6.526003980819811,15.699228231801898,3.4159933175163335,2.091405189848261,2.617742532065332,1.9061761739157006,3.6354953360010542,1.6125023781496315,2.48345922549842,2.982817056050579,1.5413425701654375,1.7558064802465754,3.055299540758693,4.264337449682824,2.613531437721813,120.96261563009485,77.21296101517387,67.2897670036354,43.18998946399368,24.512820512528982,2.8338484956364596,0.749256527321391,4.038672286606954,3.034188034090622,19.873621357218127,32.92555906771339,74.6453576871549,39.27238809066386,102.20444807606955,60.42169951269757,48.07399042712329,25.179184498503687,19.61484331901897,3.5299392744478406,1.6822669667744996,7.297416864963116,4.9079530915679666,25.795953525152786,32.82507898633299,54.40629934557429,32.16158949168598,2.722222222,1.077777778,3.722222222,5.344444444,8.8,15.7,19.1,16.88888889,14.6,9.455555556,4.966666667,3.1,8.789814815,4.019570182,3.8512263560000006,4.280706068,2.8147429330000002,2.731300057,5.786838515,3.636275567,1.49117776,2.883574171,3.909639085,3.307567082,3.694252292,3.533905839,150.8444444,90.37777778,59.92222222,39.51111111,9.711111111,15.88888889,19.64444444,11.98888889,21.53333333,17.78888889,26.27777778,117.2333333,48.39351851,145.001501,110.8757951,52.36283935,47.00998416,12.44793602,36.72320263,43.74317407,17.24640864,25.45329055,21.53871192,58.515741,130.0971368,58.41797677,1920.0,9440.88,740143.3199999961,150524.56101537996
"Utu Utu Gwaitu Paiute Tribe of the Benton Paiute Reservation, California",0.09092153184608062,0.12942061884603737,3.209625919231269,3.2922006410447273e7,0.085,0.12,3.25,665000.0,0.9090784681539194,0.8705793811539626,0.915,0.88,0.00943400608016148,0.008519008883385491,0.0009999999999999998,0.005683579101646718,0.0009999999999999998,0.08362143945762583,0.07929725525945212,0.03991765778356334,0.02086483683963474,0.0010000000000000002,6.43695117650158,9.781360497228661,11.79555087268915,14.748296451970495,17.160871091633297,22.869605433266596,24.608558718335086,24.330195525974712,21.90556141020021,18.03969090354057,10.188092729319283,6.526003980819811,15.699228231801898,3.4159933175163335,2.091405189848261,2.617742532065332,1.9061761739157006,3.6354953360010542,1.6125023781496315,2.48345922549842,2.982817056050579,1.5413425701654375,1.7558064802465754,3.055299540758693,4.264337449682824,2.613531437721813,120.96261563009485,77.21296101517387,67.2897670036354,43.18998946399368,24.512820512528982,2.8338484956364596,0.749256527321391,4.038672286606954,3.034188034090622,19.873621357218127,32.92555906771339,74.6453576871549,39.27238809066386,102.20444807606955,60.42169951269757,48.07399042712329,25.179184498503687,19.61484331901897,3.5299392744478406,1.6822669667744996,7.297416864963116,4.9079530915679666,25.795953525152786,32.82507898633299,54.40629934557429,32.16158949168598,-0.022222222,0.788888889,1.911111111,5.266666667,9.044444444,13.97777778,18.2,17.4,12.96666667,8.1,1.9666666669999997,0.322222222,7.493518519,1.696892585,1.919273589,2.275106835,2.304343724,2.584623334,2.448355457,1.456021978,2.098809186,1.61322658,1.958953802,3.3845236,2.19361447,2.161145428,150.6333333,89.98888889,62.46666667,42.66666667,36.08888889,14.35555556,29.22222222,14.85555556,15.711111109999997,31.98888889,37.07777778,100.1666667,52.10185185,113.6596344,74.72727823,50.87536241,24.58256496,29.12170344,16.80655461,37.03112805,23.13925837,13.72447125,34.0901175,40.60682756,97.65812818,46.33525241,1920.0,9440.88,740143.3199999961,150524.56101537996
"Big Valley Band of Pomo Indians of the Big Valley Rancheria, California",0.11944917357275794,0.1661060257866181,3.7372907429857745,1.2105352135176916e7,0.157,0.231,3.92,6.666e6,0.880550826427242,0.833893974213382,0.843,0.769,0.34142828167095607,0.3394880959134904,0.08591829619059017,0.1441180110995359,0.1876324275038946,0.633862104878806,0.4135093826394491,0.39747884877122197,0.5886316534397237,0.39831899619632677,7.514209618614226,9.507855389633558,10.724373466102447,13.455249087382224,16.30525903802032,20.84722321724601,22.78413333269316,22.029162188295555,20.276124708983293,16.68673897158748,10.177141625143594,7.301720066319289,14.800765892093736,2.2468238991226883,2.8656569707271653,2.79146399662442,2.9027062268048986,2.6656668547803015,2.8472978454257323,2.9791322464165395,2.9845220055869897,2.7040390619595263,2.530114276510211,2.679406958522751,2.6013804780923615,2.7331842351236446,159.77904676606838,114.82574526919593,104.14739502579782,46.87884908738574,34.66040928717438,9.563255058082405,5.232920067094216,3.3730991707438855,9.542317744781142,33.93522388117676,51.78628524100057,132.35446501110576,58.83991763363598,138.72102391331597,97.29546741368202,94.47737566179471,36.99674908753555,29.952188308362427,13.042285771625826,11.082443653984368,6.328765450139471,14.167760687338816,39.18545221900363,49.08370974618391,113.8676720425601,53.68340782922156,6.666666667000001,7.544444444,8.255555556,10.666666670000001,13.4,17.41111111,19.56666667,19.7,17.3,13.92222222,8.4,6.188888889000001,12.41851852,1.49582753,2.064044035,1.836512395,1.485765796,1.6650825809999998,2.370360966,0.796868873,2.386943652,1.336974196,1.245770623,1.480709289,1.719334497,1.657016203,241.1555556,145.8444444,147.8111111,68.83333333,52.34444443999999,21.28888889,4.077777778,6.077777778,18.74444444,45.3,73.34444444,193.7444444,84.88055555,193.5780664,115.6561403,125.5278201,45.37336774,36.57068878,23.5144341,9.692107327,11.13460572,16.29325866,43.18315644,59.28239855,122.1350698,66.82842616,29798.883638440013,146523.60999999908,740143.3199999961,150524.56101537996
"Walker River Paiute Tribe of the Walker River Reservation, Nevada",0.09092153184608062,0.12942061884603737,3.209625919231269,3.2922006410447273e7,0.16015266622604163,0.2812594420590853,3.360778074052918,1.1125906564324491e6,0.9090784681539194,0.8705793811539626,0.8398473337739584,0.7187405579409147,0.00943400608016148,0.008519008883385491,0.0009999999999999998,0.005683579101646718,0.0009999999999999998,0.035334175392728706,0.02647209915989125,0.01578090209824353,0.010796425000684628,0.001012427278962062,6.43695117650158,9.781360497228661,11.79555087268915,14.748296451970495,17.160871091633297,22.869605433266596,24.608558718335086,24.330195525974712,21.90556141020021,18.03969090354057,10.188092729319283,6.526003980819811,15.699228231801898,3.4159933175163335,2.091405189848261,2.617742532065332,1.9061761739157006,3.6354953360010542,1.6125023781496315,2.48345922549842,2.982817056050579,1.5413425701654375,1.7558064802465754,3.055299540758693,4.264337449682824,2.613531437721813,120.96261563009485,77.21296101517387,67.2897670036354,43.18998946399368,24.512820512528982,2.8338484956364596,0.749256527321391,4.038672286606954,3.034188034090622,19.873621357218127,32.92555906771339,74.6453576871549,39.27238809066386,102.20444807606955,60.42169951269757,48.07399042712329,25.179184498503687,19.61484331901897,3.5299392744478406,1.6822669667744996,7.297416864963116,4.9079530915679666,25.795953525152786,32.82507898633299,54.40629934557429,32.16158949168598,1.0066666666,4.3133333334,4.9355555556,9.5911111108,13.262222221999998,18.939999997999998,23.68,22.657777778000003,17.031111111999998,12.835555556,4.5177777778,1.0644444443999999,11.152962964,2.0980350473999994,3.5380944714,3.2469995292,3.4183305582000005,3.1620254338000002,3.5436736808,3.9445170216,3.0653931173999993,3.0853559554,2.5484428146,2.9997523526,3.1296328476,3.1483544026000003,33.56,26.515555553999995,24.10222222,21.431111112,30.551111111999997,10.211111109800001,11.928888889000001,11.977777775799998,10.1244444444,17.135555556,19.479999999999997,28.606666668000003,20.468703704000003,22.889333163000003,17.6110920084,20.908251464,16.970204889999998,18.108966665999997,13.026841678,13.317400613999999,20.410550947999997,12.596261239999999,17.32123398,17.838397355999998,23.811192741199996,17.900810562,1920.0,9440.88,740143.3199999961,150524.56101537996
Klamath Tribes,0.14453306353072173,0.21462292792620438,3.3457593314580567,7.085227329444327e6,0.16,0.238,3.3400000000000003,5.978e6,0.8554669364692783,0.7853770720737956,0.84,0.762,0.28757758679806156,0.2871196697340258,0.05884842648810677,0.07453546637142894,0.13414313174388637,0.11377150679848863,0.11377142009398283,0.0009580515546647907,0.039155449126795076,0.006345533814686733,6.635861610079845,8.743551785013477,8.72472277637176,12.186903969895214,13.648774672120755,17.603104900723554,21.695015523837334,18.465774007470067,16.716256376262486,13.500765134600805,7.736238633748005,6.042370813870265,12.641611683248511,2.686717205330339,2.327639972552396,2.4758081626342316,2.8814998945319377,2.8823169289780446,4.125791097153195,3.9053172040628765,4.085607585123755,3.1072880066112796,3.2044917390943137,2.4130420573642724,2.6615439168542925,3.063088647530441,197.64368486247506,143.360490131537,159.8429696184133,97.41219782750004,69.05233976370762,36.24420603313127,5.506060102033937,13.667010425574855,25.207174538681656,96.71732645724552,134.32513306070857,236.68303949006992,101.30513602722566,156.52360112754494,75.74334560467074,79.78530372438625,63.830370419915184,45.435990455149735,35.53487083981537,6.6703039731841365,20.263662046232533,23.538621514667675,95.66976269308884,73.35192712988528,198.29448967044908,72.88685409978545,1.1444444443333333,2.6407407406666668,4.351851851666666,7.892592592666668,11.074074073333335,15.48888889,19.818518516666664,18.93703703666667,15.155555553333336,9.418518517333334,2.3518518516666664,0.7222222223333334,9.08302469,3.8753553893333335,3.56244428,3.3212572553333333,2.7543027196666663,2.763536126,3.6657515286666666,2.529293802666667,2.8560695469999997,2.7427252663333337,1.643163647,3.402775562333333,3.909134,3.085484093666666,80.76296296,37.07407407666666,61.388888890000004,47.37037037333333,39.20370370333334,21.544444446666667,12.2,14.333333333333332,16.54074074,34.00370370333333,63.770370369999995,126.1111111,46.19197531,68.3451403,20.12580243,42.643613599999995,26.59277717333333,26.87439224666667,17.531732833333333,10.166010634666666,18.989040963333334,16.003255346666666,25.197119886666666,54.70405484666666,136.03444090000002,38.60061509666667,4850.29,23849.32000000003,740143.3199999961,150524.56101537996
"La Jolla Band of Luiseno Indians, California",0.09436690749613338,0.1283255319789983,3.4044625646256095,2.0192755082851878e8,0.096,0.126,3.52,1.88159e8,0.9056330925038666,0.8716744680210017,0.904,0.874,0.23765944034470407,0.23765944034470407,0.10289808415293408,0.1273834437477715,0.07101797638519555,0.20607848567495116,0.20607848567495116,0.04114198033157699,0.06553705818895647,0.09221305305858225,10.373187134246384,11.103538011677307,11.84305190089079,13.187218567240134,14.443311402875004,18.175219297947372,20.333622076141445,20.095007309815802,19.00990131477631,16.728680556065804,12.486769005092105,10.649290935958227,14.869066459197377,2.192756309588158,2.2256027564384873,2.2144438373565793,2.51852672268125,1.948438998578619,2.175480753684869,3.136192164805262,1.8767687302986853,2.586959807120066,2.277588679827632,2.4630567288312504,2.1956644115098687,2.317623325160198,139.2474926973915,89.78269005938816,71.41839181372043,33.937551169042784,16.11209064412501,3.3280336256861847,3.2831944443414485,2.9885818712427628,5.287163742650002,16.68543859726383,26.072050438730283,48.471173246279626,38.05115436288817,143.33785361593422,86.23619409416122,68.70680053149344,25.433811347085527,15.5462192395829,5.6110135481125045,5.125023783579608,4.791258978079933,7.487052235608883,21.445721682355263,40.40092180953293,65.58136517044738,40.80860300363159,8.288888889,8.311111111,9.477777777999998,11.34444444,13.76666667,17.8,21.42222222,21.866666669999997,19.22222222,15.17777778,11.011111109999998,8.644444444,13.861111110000001,1.027672667,2.798412248,1.263702672,1.267981773,1.496662955,1.733493582,2.7096022670000006,1.54677083,1.488940712,2.14637938,1.59173211,1.510886421,1.715186468,113.9222222,94.12222222,67.95555556,40.51111111,19.02222222,4.255555556,11.08888889,13.61111111,6.977777778,17.51111111,34.44444444,39.22222222,38.5537037,99.45550233,76.46014939,52.2744467,20.64905836,19.16929692,5.376130372,10.16592893,21.77684805,8.652713126,16.76532466,47.57357752000001,54.04562373,36.03038334,4831.580851030001,23757.450000000023,740143.3199999961,150524.56101537996
Table Mountain Rancheria,0.12035772587215812,0.17814630522388014,3.5178224023607383,2.4899715891239338e7,0.152,0.22900000000000004,3.07,7.7333e7,0.8796422741278419,0.8218536947761199,0.848,0.7709999999999999,0.23498474475108336,0.23174990447181182,0.12095244850205521,0.11929216464906536,0.0859695167280719,0.17111909986190685,0.17111909986190685,0.057367257125054964,0.09873342441067542,0.09028703310470325,8.438056072545495,10.113006210818675,11.08534616740347,13.560904991424964,16.283593483802107,20.05026315245285,22.783218933450335,21.878691641153665,20.24744018206319,16.897323447549454,10.917413099257525,8.072708504226185,15.02733049057342,2.1041945311315744,2.4356491946552032,2.540208083744117,2.311926163499415,2.3901158840532672,2.763116598493591,3.111496021463665,2.5641710913700977,2.615373268318859,2.3168872607781825,2.220751750679154,2.32764198703336,2.475127652982782,123.6691511095511,91.78452569008907,74.98701080011841,42.5899138168142,23.237090845809703,6.564680181001808,3.8853841894796926,4.26054244792063,6.348365385204337,24.80419143076386,38.75220127669807,101.5393474870819,45.20186705511855,102.3524945610729,83.09531706954145,64.34837110833524,30.713941653975937,19.23591608303691,8.606367894361718,7.229686863720536,6.029988940441026,7.660755512723049,29.633985892257247,42.095914100569104,95.4866345832967,41.37411452198014,9.0,10.08888889,12.38888889,15.84444444,19.21111111,23.48888889,26.755555560000005,26.222222219999995,22.47777778,17.68888889,10.93333333,8.533333333,16.88611111,1.443086969,2.804658823,2.130401631,2.876243692,2.609810551,3.797842955,3.9793564530000003,3.021497054,2.724783376,3.42981211,4.192552922,1.790949469,2.900083,58.33333333,50.04444444,49.71111111,25.57777778,17.44444444,3.088888889,6.988888889,6.311111111,6.044444444,12.988888890000002,15.722222220000003,31.67777778,23.66111111,38.12404097,40.63837814,36.39232215,21.95579524,16.93532633,4.878382018,17.05377117,18.05079253,9.241497594,18.97297054,21.72664135,25.63541387,22.46711099,67346.78379450002,331150.42999999697,740143.3199999961,150524.56101537996
Burns Paiute Tribe,0.09092153184608062,0.12942061884603737,3.209625919231269,3.2922006410447273e7,0.151,0.24,3.28,606000.0,0.9090784681539194,0.8705793811539626,0.849,0.76,0.00943400608016148,0.008519008883385491,0.0009999999999999998,0.005683579101646718,0.0009999999999999998,0.06519192660490764,0.06513721492330583,0.001,0.005269118286321526,0.001,6.43695117650158,9.781360497228661,11.79555087268915,14.748296451970495,17.160871091633297,22.869605433266596,24.608558718335086,24.330195525974712,21.90556141020021,18.03969090354057,10.188092729319283,6.526003980819811,15.699228231801898,3.4159933175163335,2.091405189848261,2.617742532065332,1.9061761739157006,3.6354953360010542,1.6125023781496315,2.48345922549842,2.982817056050579,1.5413425701654375,1.7558064802465754,3.055299540758693,4.264337449682824,2.613531437721813,120.96261563009485,77.21296101517387,67.2897670036354,43.18998946399368,24.512820512528982,2.8338484956364596,0.749256527321391,4.038672286606954,3.034188034090622,19.873621357218127,32.92555906771339,74.6453576871549,39.27238809066386,102.20444807606955,60.42169951269757,48.07399042712329,25.179184498503687,19.61484331901897,3.5299392744478406,1.6822669667744996,7.297416864963116,4.9079530915679666,25.795953525152786,32.82507898633299,54.40629934557429,32.16158949168598,-1.1388888885,1.7833333335000001,3.8555555555,7.85,10.805555555,15.044444445,20.11111111,18.09444444,13.93888889,8.6111111115,1.738888889,-2.3111111109999998,8.198611111,4.3099393605000005,4.466078888,3.264517020499999,3.075296587,2.6463140624999997,2.9858414235,2.2483830680000003,1.9697561775,1.9985708969999998,3.5971473145000004,3.6749571435,4.588365743,3.2354306405,56.277777779999994,20.422222225000002,46.644444445000005,28.277777774999997,49.06666666499999,28.95,20.905555555,6.966666666499999,22.05,36.666666665,69.43888888999999,78.961111115,38.718981485,95.33472671,16.30546166,60.484306965,13.83350094,27.925440495,20.31851383,22.14004578,8.4468365025,21.370373185,27.509710179999995,109.55516475,87.73851002999999,42.580215915000004,1920.0,9440.88,740143.3199999961,150524.56101537996
Pechanga Band of Indians,0.09436690749613338,0.1283255319789983,3.4044625646256095,2.0192755082851878e8,0.09999660224025875,0.14598301120129376,3.150314292776065,1.2701498232628132e8,0.9056330925038666,0.8716744680210017,0.9000033977597413,0.8540169887987062,0.23765944034470407,0.23765944034470407,0.10289808415293408,0.1273834437477715,0.07101797638519555,0.18492062792383177,0.1834416713681825,0.08414054346724076,0.07387068514672342,0.038841401359541526,10.373187134246384,11.103538011677307,11.84305190089079,13.187218567240134,14.443311402875004,18.175219297947372,20.333622076141445,20.095007309815802,19.00990131477631,16.728680556065804,12.486769005092105,10.649290935958227,14.869066459197377,2.192756309588158,2.2256027564384873,2.2144438373565793,2.51852672268125,1.948438998578619,2.175480753684869,3.136192164805262,1.8767687302986853,2.586959807120066,2.277588679827632,2.4630567288312504,2.1956644115098687,2.317623325160198,139.2474926973915,89.78269005938816,71.41839181372043,33.937551169042784,16.11209064412501,3.3280336256861847,3.2831944443414485,2.9885818712427628,5.287163742650002,16.68543859726383,26.072050438730283,48.471173246279626,38.05115436288817,143.33785361593422,86.23619409416122,68.70680053149344,25.433811347085527,15.5462192395829,5.6110135481125045,5.125023783579608,4.791258978079933,7.487052235608883,21.445721682355263,40.40092180953293,65.58136517044738,40.80860300363159,12.266666669999998,12.02222222,13.14444444,14.53333333,16.51111111,18.85555556,21.27777778,22.64444444,20.63333333,17.83333333,14.422222219999998,12.34444444,16.37407407,1.102270384,3.322189706,1.260070545,1.011187421,0.902003942,1.897439796,2.625727412,1.627967376,0.874642784,1.809005252,1.091762082,0.7731609,1.524785633,130.9888889,102.4777778,63.78888889,33.45555556,17.47777778,3.233333333,5.811111111,3.966666667,5.522222222,12.4,26.48888889,36.91111111,36.87685186,119.4774188,82.84269397,53.85855188,21.34649334,16.09905104,4.848195541,8.543629856,9.675872054,10.14085521,14.20026408,41.08136574,56.30347335,36.53482207,4831.580851030001,23757.450000000023,740143.3199999961,150524.56101537996
"Santa Rosa Indian Community of the Santa Rosa Rancheria, California",0.12035772587215812,0.17814630522388014,3.5178224023607383,2.4899715891239338e7,0.144,0.211,3.07,1.1253e7,0.8796422741278419,0.8218536947761199,0.856,0.789,0.23498474475108336,0.23174990447181182,0.12095244850205521,0.11929216464906536,0.0859695167280719,0.05659125331072332,0.05659125331072332,0.007363863468565379,0.016205128083011954,0.001,8.438056072545495,10.113006210818675,11.08534616740347,13.560904991424964,16.283593483802107,20.05026315245285,22.783218933450335,21.878691641153665,20.24744018206319,16.897323447549454,10.917413099257525,8.072708504226185,15.02733049057342,2.1041945311315744,2.4356491946552032,2.540208083744117,2.311926163499415,2.3901158840532672,2.763116598493591,3.111496021463665,2.5641710913700977,2.615373268318859,2.3168872607781825,2.220751750679154,2.32764198703336,2.475127652982782,123.6691511095511,91.78452569008907,74.98701080011841,42.5899138168142,23.237090845809703,6.564680181001808,3.8853841894796926,4.26054244792063,6.348365385204337,24.80419143076386,38.75220127669807,101.5393474870819,45.20186705511855,102.3524945610729,83.09531706954145,64.34837110833524,30.713941653975937,19.23591608303691,8.606367894361718,7.229686863720536,6.029988940441026,7.660755512723049,29.633985892257247,42.095914100569104,95.4866345832967,41.37411452198014,7.3,7.411111111,10.88888889,14.333333329999999,17.88888889,21.74444444,24.76666667,24.2,20.66666667,16.51111111,9.322222222,6.622222222000001,15.13796296,2.880104165,8.599483189,3.761131626,3.9363688849999994,3.002267661,3.2806672760000004,3.2101401839999997,2.556364606,3.4503623,3.958043849,5.690074204,3.6217322440000004,3.995561682,55.01111111,41.66666667,37.93333333,20.13333333,15.811111109999999,3.333333333,7.588888889,8.6,2.688888889,11.0,14.78888889,29.94444444,20.70833333,33.70621028,24.131255669999998,33.43845092,13.057373399999998,13.909389309999998,5.421485036,18.99331754,24.18553287,4.547923824,11.82729893,16.78536896,25.129917979999995,18.76112706,67346.78379450002,331150.42999999697,740143.3199999961,150524.56101537996
"Fort McDermitt Paiute and Shoshone Tribes of the Fort McDermitt Indian Reservation, Nevada and Oregon",0.09092153184608062,0.12942061884603737,3.209625919231269,3.2922006410447273e7,0.1219792792936167,0.18306830468394544,2.932313881878147,1.4593246522661431e6,0.9090784681539194,0.8705793811539626,0.8780207207063833,0.8169316953160546,0.00943400608016148,0.008519008883385491,0.0009999999999999998,0.005683579101646718,0.0009999999999999998,0.07748912025172243,0.07496504539727834,0.007473004265262795,0.020395902718537612,0.004645870793633382,6.43695117650158,9.781360497228661,11.79555087268915,14.748296451970495,17.160871091633297,22.869605433266596,24.608558718335086,24.330195525974712,21.90556141020021,18.03969090354057,10.188092729319283,6.526003980819811,15.699228231801898,3.4159933175163335,2.091405189848261,2.617742532065332,1.9061761739157006,3.6354953360010542,1.6125023781496315,2.48345922549842,2.982817056050579,1.5413425701654375,1.7558064802465754,3.055299540758693,4.264337449682824,2.613531437721813,120.96261563009485,77.21296101517387,67.2897670036354,43.18998946399368,24.512820512528982,2.8338484956364596,0.749256527321391,4.038672286606954,3.034188034090622,19.873621357218127,32.92555906771339,74.6453576871549,39.27238809066386,102.20444807606955,60.42169951269757,48.07399042712329,25.179184498503687,19.61484331901897,3.5299392744478406,1.6822669667744996,7.297416864963116,4.9079530915679666,25.795953525152786,32.82507898633299,54.40629934557429,32.16158949168598,-1.4844444446,1.6155555555999999,3.3844444441999997,7.9866666668000015,11.104444444,16.153333334,21.346666667999997,19.486666665999998,14.377777778,8.626666666599998,1.4777777779999999,-2.297777778,8.481481481600001,2.970978584,4.583973895200001,1.6079369238,2.1952990348,1.7068022530000002,2.2178630561999997,1.6572415428,1.122653925,1.79658836,1.9174611268000001,2.56624475,3.0643573648000006,2.2839500679999998,32.675555554000006,22.94666667,25.955555556000004,21.32,38.457777778,17.157777778000003,12.682222222399998,10.726666665600002,11.72888889,23.57111111,28.128888888000002,44.18444444400001,24.127962961999998,27.751194870000003,18.969477538000003,17.993738418000003,13.213021573799999,16.845375978,12.789272246,19.232642658,14.9347157608,10.6822257752,20.787321878000004,22.997529472,35.232518052,19.285752852,1920.0,9440.88,740143.3199999961,150524.56101537996
Middletown Rancheria of Pomo Indians of California,0.1242347136599822,0.17986909378300736,3.6028510002881817,1.7390556399390675e7,0.157,0.231,3.92,6.666e6,0.8757652863400178,0.8201309062169926,0.843,0.769,0.3158102437800168,0.3142330889641666,0.11425084350758033,0.1570397239319239,0.15543882819377192,0.6837663560783396,0.6819606590617445,0.29732075949592074,0.46285388267586997,0.6030375229685146,7.6518858214632735,9.436213954018806,10.559556153401735,13.308164928809905,16.147443278925127,20.353519418627272,22.918343234999547,22.119870507783528,20.131178981876904,16.567589280659465,10.177857606069352,7.39492698234875,14.730545845537966,2.22215360172103,2.866755454277028,2.75328793377857,2.868321148930975,2.688199190092701,3.0533252892578857,2.8939006914541636,2.91083333284913,2.788502682560585,2.619860157223859,2.698292613346581,2.5502917013096162,2.7428103164655617,147.7046483976876,103.78907164301785,93.85072304405858,48.72559472224375,31.301827903389626,9.579117877680382,5.709883111051947,5.302791960055324,9.607751859032582,32.85919335871025,49.99417183848006,130.04793583923373,55.70605929607357,118.69600089617431,86.94637375308355,83.40951039193837,37.79036164734783,26.1714001472921,11.879247147925552,10.828590695653135,7.887905460770226,12.632377710836534,36.648411481244075,48.810513640737454,113.56747904184608,49.605681001168314,8.055555556,9.633333333,10.31111111,13.377777779999999,15.91111111,19.72222222,20.61111111,21.51111111,18.75555556,16.26666667,10.05555556,7.544444444,14.31296296,1.2787798,1.312440475,1.2702799339999997,1.965183056,2.35979048,3.011136736,1.337389663,3.301304456,1.481646981,1.044030651,2.047627353,1.650084173,1.838307813,226.1333333,143.8222222,137.9777778,58.52222222,43.36666667,11.7,9.677777778,4.222222222,8.644444444,43.6,56.73333333,208.8888889,79.44074074,210.37688800000004,123.6031025,124.3515559,42.76116164,29.60886692,15.18584868,16.84063373,9.807876653,10.78808499,39.70865775,52.00240379,134.238877,67.43949646,60683.48562135,298386.11999999697,740143.3199999961,150524.56101537996
Pala Band of Mission Indians,0.09436690749613338,0.1283255319789983,3.4044625646256095,2.0192755082851878e8,0.096,0.126,3.5200000000000005,1.88159e8,0.9056330925038666,0.8716744680210017,0.904,0.874,0.23765944034470407,0.23765944034470407,0.10289808415293408,0.1273834437477715,0.07101797638519555,0.1510246660490926,0.1510246660490926,0.05379842009024991,0.05402160314505566,0.04436310875907828,10.373187134246384,11.103538011677307,11.84305190089079,13.187218567240134,14.443311402875004,18.175219297947372,20.333622076141445,20.095007309815802,19.00990131477631,16.728680556065804,12.486769005092105,10.649290935958227,14.869066459197377,2.192756309588158,2.2256027564384873,2.2144438373565793,2.51852672268125,1.948438998578619,2.175480753684869,3.136192164805262,1.8767687302986853,2.586959807120066,2.277588679827632,2.4630567288312504,2.1956644115098687,2.317623325160198,139.2474926973915,89.78269005938816,71.41839181372043,33.937551169042784,16.11209064412501,3.3280336256861847,3.2831944443414485,2.9885818712427628,5.287163742650002,16.68543859726383,26.072050438730283,48.471173246279626,38.05115436288817,143.33785361593422,86.23619409416122,68.70680053149344,25.433811347085527,15.5462192395829,5.6110135481125045,5.125023783579608,4.791258978079933,7.487052235608883,21.445721682355263,40.40092180953293,65.58136517044738,40.80860300363159,10.322222222999999,10.305555553999998,12.27222222,13.41111111,15.872222220000001,20.88888889,24.161111114999997,23.327777774999998,21.97777778,17.005555554999997,13.149999999999999,10.4722222215,16.09722222,1.5780382245,3.8974225380000003,2.5306205705,2.6841708049999995,3.0702047619999995,3.8357855585,3.351976011,3.1157073935,3.8651993005,3.3688169199999995,1.68748694,1.7039164195,2.890778787,118.86666665000001,94.4,57.6,30.800000000000004,15.33888889,3.6722222225,6.25,11.1944444445,3.9055555555,13.377777774999998,25.43888889,31.205555555000004,34.337499995,113.25834290000002,83.87757212,56.48737995500001,17.05426811,16.442705095,5.19887175,5.462320551000001,21.58153997,4.9573689045,16.443657815,46.213552575,57.7911307,37.064059199999996,4831.580851030001,23757.450000000023,740143.3199999961,150524.56101537996
Bridgeport Indian Colony,0.09092153184608062,0.12942061884603737,3.209625919231269,3.2922006410447273e7,0.085,0.12000000000000001,3.25,665000.0,0.9090784681539194,0.8705793811539626,0.915,0.88,0.00943400608016148,0.008519008883385491,0.0009999999999999998,0.005683579101646718,0.0009999999999999998,0.0130622601030926,0.0130622601030926,0.001,0.003,0.001,6.43695117650158,9.781360497228661,11.79555087268915,14.748296451970495,17.160871091633297,22.869605433266596,24.608558718335086,24.330195525974712,21.90556141020021,18.03969090354057,10.188092729319283,6.526003980819811,15.699228231801898,3.4159933175163335,2.091405189848261,2.617742532065332,1.9061761739157006,3.6354953360010542,1.6125023781496315,2.48345922549842,2.982817056050579,1.5413425701654375,1.7558064802465754,3.055299540758693,4.264337449682824,2.613531437721813,120.96261563009485,77.21296101517387,67.2897670036354,43.18998946399368,24.512820512528982,2.8338484956364596,0.749256527321391,4.038672286606954,3.034188034090622,19.873621357218127,32.92555906771339,74.6453576871549,39.27238809066386,102.20444807606955,60.42169951269757,48.07399042712329,25.179184498503687,19.61484331901897,3.5299392744478406,1.6822669667744996,7.297416864963116,4.9079530915679666,25.795953525152786,32.82507898633299,54.40629934557429,32.16158949168598,0.166666667,1.044444444,2.466666667,5.688888889,9.355555556,15.03333333,19.65555556,18.26666667,13.93333333,9.0,2.488888889,0.044444444,8.095370371,3.035621847,2.980398929,4.299127819,3.122676914,3.570403027,4.891574389,3.6421529040000005,3.45,4.016528352,2.278705773,1.9877402020000001,3.148853407,3.36864863,165.0444444,112.74444439999999,93.67777778,44.67777778,45.77777778,13.43333333,28.73333333,13.73333333,17.17777778,35.0,52.8,98.77777778,60.13148147,99.7513297,60.9154765,53.92700571,30.54168372,30.68488137,18.00909492,29.51325973,15.0109127,21.56877244,36.74870746,36.6005806,78.79441252,42.67217645,1920.0,9440.88,740143.3199999961,150524.56101537996
Jackson Band of Miwuk Indians,0.1293464946664521,0.1945704207580984,3.4592462010993024,2.303606480193121e7,0.109,0.175,4.2,2.919e6,0.8706535053335479,0.8054295792419016,0.891,0.825,0.28841724372440775,0.2872282726814986,0.14454642951357682,0.17085672591478598,0.12101467473413766,0.3139065766335078,0.3139065766335078,0.04253848337588654,0.06788229831573926,0.10093728003132255,7.79638587771504,9.361021645819873,10.386569751513253,13.153790616128223,15.98180545920924,19.835345433611785,23.059205185224037,22.21507474059402,19.979049090966868,16.442533993796626,10.17860907423818,7.492753653411689,14.656845376848826,2.196260533140426,2.8679083836247306,2.713219693120128,2.8322317915534168,2.7118483295427067,3.269564382195315,2.8044446763141173,2.8334923172241417,2.877152701049694,2.714054248454733,2.7181143263799146,2.4966707343874304,2.752913509803312,135.0317884020496,92.2053707069643,83.0437015706499,50.663873397842096,27.776780082198176,9.595766930144018,6.210486594120569,7.328129025094874,9.676429183032287,31.72982991166993,48.113233214993485,127.62708468133792,52.416872808563895,97.67844744438389,76.08433234603875,71.79307181370015,38.62330922406675,22.203219077179515,10.65856308583027,10.562155640070198,9.524323480575047,11.020894230893315,33.98562356486629,48.52377670444895,113.2524071224301,45.32584364482428,5.322222222,8.1,8.244444444,11.96666667,14.98888889,20.6,23.96666667,22.65555556,19.32222222,15.56666667,8.188888889,4.688888889,13.63425926,3.119606457,2.426417112,4.209249075,3.646230931,3.383210178,3.55,3.282910294,2.662288072,3.845704675,2.82931087,4.434648928,5.461328695,3.570908774,168.1111111,117.4444444,116.1666667,59.31111111,40.95555556,9.222222222,5.488888889,4.111111111,6.633333333,37.94444444,56.41111111,116.7222222,61.54351851,113.4942669,101.6663798,100.0820788,42.32282022,27.77535378,9.170302309,9.683419391,7.042095648,8.769549589,46.13166242,59.55846801,121.4112616,53.92563821,30884.60198291,151862.5099999997,740143.3199999961,150524.56101537996
Coyote Valley Band of Pomo Indians of California,0.12034750605110879,0.16562536988550713,3.7294287788373217,1.2130643017489392e7,0.135,0.19400000000000003,3.53,7.022e6,0.8796524939488912,0.8343746301144929,0.865,0.8059999999999999,0.34566257607046397,0.34407629507242904,0.0694181186854155,0.136118402037534,0.1973155493466675,0.6672183321578524,0.6672183321578524,0.4571537900777639,0.4645744995183756,0.5061626625970759,7.458310998655905,9.555200681494938,10.793783502271431,13.5143173841582,16.331357950997628,20.940066838589956,22.80244937391826,22.001790085751185,20.3000603855271,16.735646217602742,10.191312619957785,7.347311561107429,14.830967299562234,2.23223893371955,2.8567782045475716,2.7126812121002075,3.008033549557997,2.6628458197292297,2.721016015723199,2.9811189630699806,3.012304655585764,2.5832985332041405,2.4454975375270256,2.6267932474605447,2.5193858946245546,2.696832713978188,161.0652752969335,118.17863641802276,107.35326087080405,47.71289209770253,35.167780921435394,10.06586840713304,5.079558766035589,2.603341109023083,8.931155284444621,34.69105783942305,52.941760142197744,135.16954702033192,59.913344513893804,138.51776830736833,101.19047521824388,97.06896087366734,38.049145582080854,30.845076424040386,13.822126646853643,11.2634524199505,5.549602345132746,14.15310637549873,40.93423184804124,48.768864339686615,114.75848743518765,54.57677481760056,7.4,8.177777778,8.911111111,10.86666667,13.688888889999998,17.73333333,20.48888889,19.71111111,18.14444444,14.22222222,8.844444444,7.044444443999999,12.93611111,1.2,3.23565209,1.328010207,1.532155345,1.501203221,1.637833935,0.633333333,1.057644133,1.335207017,1.8191878529999999,1.694189416,1.7826322609999998,1.563087401,219.0222222,147.1222222,138.8333333,65.76666667,51.67777778,18.94444444,5.155555556,7.1222222219999995,12.06666667,45.37777778,69.15555556,207.1222222,82.28055555,171.935764,106.960025,140.7269253,44.58158252,37.25710596,21.26470733,10.01550187,16.01903382,17.54985755,47.11127195,56.634024909999994,188.2531393,71.52574496,22254.291754370002,109426.24000000006,740143.3199999961,150524.56101537996
"Paiute-Shoshone Tribe of the Fallon Reservation and Colony, Nevada",0.09092153184608062,0.12942061884603737,3.209625919231269,3.2922006410447273e7,0.126,0.181,3.4,1.736e6,0.9090784681539194,0.8705793811539626,0.874,0.819,0.00943400608016148,0.008519008883385491,0.0009999999999999998,0.005683579101646718,0.0009999999999999998,0.0341735986017964,0.029825658187605547,0.0009999999999999998,0.018394364525715624,0.0009999999999999998,6.43695117650158,9.781360497228661,11.79555087268915,14.748296451970495,17.160871091633297,22.869605433266596,24.608558718335086,24.330195525974712,21.90556141020021,18.03969090354057,10.188092729319283,6.526003980819811,15.699228231801898,3.4159933175163335,2.091405189848261,2.617742532065332,1.9061761739157006,3.6354953360010542,1.6125023781496315,2.48345922549842,2.982817056050579,1.5413425701654375,1.7558064802465754,3.055299540758693,4.264337449682824,2.613531437721813,120.96261563009485,77.21296101517387,67.2897670036354,43.18998946399368,24.512820512528982,2.8338484956364596,0.749256527321391,4.038672286606954,3.034188034090622,19.873621357218127,32.92555906771339,74.6453576871549,39.27238809066386,102.20444807606955,60.42169951269757,48.07399042712329,25.179184498503687,19.61484331901897,3.5299392744478406,1.6822669667744996,7.297416864963116,4.9079530915679666,25.795953525152786,32.82507898633299,54.40629934557429,32.16158949168598,2.5425298360376223,4.329558363867892,7.88071031990494,11.369867256585298,15.347721615933374,20.834635268744975,26.14563150224871,24.60400472216255,19.981131535246988,12.802106069304996,5.491339587831705,2.8517646307458357,12.84841672607984,2.8609480766657094,2.343262846905227,3.2105515562978177,1.8721701153012638,2.1934517078506603,2.122858057722286,1.5839349819494544,1.5236708710112006,2.2884590053294085,2.360364362020678,3.9723907829035046,3.1892260537762787,2.4601073681453194,17.801183865129236,17.496509031677196,14.966424148645892,20.854805667225737,25.55081690071798,8.316609228246698,12.48251004935382,9.448519369554855,6.569730040042218,11.446445207504308,12.724181508219415,17.24853532784032,14.575522531861,11.475660580255601,10.14096069607984,19.234158519035034,17.554546398380243,16.841534220893166,12.475342052946583,19.468453853446295,17.471598345901782,7.547168664542792,13.364846498391731,12.447381511137278,16.139133074562032,14.513398699767375,1920.0,9440.88,740143.3199999961,150524.56101537996
"Moapa Band of Paiute Indians of the Moapa River Indian Reservation, Nevada",0.09092153184608062,0.12942061884603737,3.209625919231269,3.2922006410447273e7,0.128,0.193,3.31,1.53292e8,0.9090784681539194,0.8705793811539626,0.872,0.8069999999999999,0.00943400608016148,0.008519008883385491,0.0009999999999999998,0.005683579101646718,0.0009999999999999998,0.04384992114807813,0.02785907901946148,0.027968929147709924,0.012151047392407362,0.0013076223985035325,6.43695117650158,9.781360497228661,11.79555087268915,14.748296451970495,17.160871091633297,22.869605433266596,24.608558718335086,24.330195525974712,21.90556141020021,18.03969090354057,10.188092729319283,6.526003980819811,15.699228231801898,3.4159933175163335,2.091405189848261,2.617742532065332,1.9061761739157006,3.6354953360010542,1.6125023781496315,2.48345922549842,2.982817056050579,1.5413425701654375,1.7558064802465754,3.055299540758693,4.264337449682824,2.613531437721813,120.96261563009485,77.21296101517387,67.2897670036354,43.18998946399368,24.512820512528982,2.8338484956364596,0.749256527321391,4.038672286606954,3.034188034090622,19.873621357218127,32.92555906771339,74.6453576871549,39.27238809066386,102.20444807606955,60.42169951269757,48.07399042712329,25.179184498503687,19.61484331901897,3.5299392744478406,1.6822669667744996,7.297416864963116,4.9079530915679666,25.795953525152786,32.82507898633299,54.40629934557429,32.16158949168598,4.833333333500001,8.5777777775,9.7111111105,14.07777778,19.749999999999996,25.994444444999996,27.66111111,27.005555555,22.733333329999997,17.677777775000003,10.65,6.5,16.264351855,4.7765262185,3.0679914040000003,4.3779993919999995,5.564739464500001,4.333569431,4.1681959795,6.614044380999999,5.763870188,5.475535214000001,3.8200734499999998,4.347764513,4.759230838500001,4.755795039500001,39.066666670000004,39.83888889,15.577777775,10.7111111135,12.794444445,7.300000000000001,26.383333334999996,14.777777780000001,9.855555555499999,16.52222222,15.533333333499998,9.394444444000001,18.146296295,25.49746454,40.96130471,12.21044985,13.003269415,24.763606995,12.962201932,39.0131248,12.48503673,10.2502519765,14.228328145,31.502566769999998,12.95346549,20.819255945000002,1920.0,9440.88,740143.3199999961,150524.56101537996
"Agua Caliente Band of Cahuilla Indians of the Agua Caliente Indian Reservation, California",0.09436690749613338,0.1283255319789983,3.4044625646256095,2.0192755082851878e8,0.1,0.146,3.15,1.26963e8,0.9056330925038666,0.8716744680210017,0.9,0.854,0.23765944034470407,0.23765944034470407,0.10289808415293408,0.1273834437477715,0.07101797638519555,0.032189206990478246,0.027513679391934425,0.011900729538034775,0.018900619002625598,0.0027039200041031803,10.373187134246384,11.103538011677307,11.84305190089079,13.187218567240134,14.443311402875004,18.175219297947372,20.333622076141445,20.095007309815802,19.00990131477631,16.728680556065804,12.486769005092105,10.649290935958227,14.869066459197377,2.192756309588158,2.2256027564384873,2.2144438373565793,2.51852672268125,1.948438998578619,2.175480753684869,3.136192164805262,1.8767687302986853,2.586959807120066,2.277588679827632,2.4630567288312504,2.1956644115098687,2.317623325160198,139.2474926973915,89.78269005938816,71.41839181372043,33.937551169042784,16.11209064412501,3.3280336256861847,3.2831944443414485,2.9885818712427628,5.287163742650002,16.68543859726383,26.072050438730283,48.471173246279626,38.05115436288817,143.33785361593422,86.23619409416122,68.70680053149344,25.433811347085527,15.5462192395829,5.6110135481125045,5.125023783579608,4.791258978079933,7.487052235608883,21.445721682355263,40.40092180953293,65.58136517044738,40.80860300363159,9.172222222,9.338888887,11.405555554000001,13.68888889,16.76666667,21.572222225000004,25.394444445000005,24.994444444999996,22.47222222,16.238888890000002,11.0444444465,9.361111111000001,15.95416667,0.8384270014999999,4.1063181835,1.317072312,2.0329989074999997,1.9684879149999999,2.3559641335,2.4302985905,1.9358716395,1.417287319,3.028219901,3.6607816580000003,1.4878854225,2.2149677490000004,93.55555558,68.850000015,45.0,24.033333335000002,10.7444444435,1.3611111115,15.311111115000001,4.7055555555,6.95,14.705555558,22.161111115,26.238888890000002,27.801388890000002,93.75435748,87.34097877500001,42.61166339,22.424751825,13.141054024999999,1.7320787055,26.457179655000004,6.5406278185,11.226741525,21.621841965,43.039232254999995,42.536305635,34.368901085000005,4831.580851030001,23757.450000000023,740143.3199999961,150524.56101537996
"Tule River Indian Tribe of the Tule River Reservation, California",0.12230411141366022,0.1820571203732913,3.5061330817637937,2.3241540669087663e7,0.159,0.239,3.1000000000000005,3.8373e7,0.8776958885863397,0.8179428796267088,0.841,0.761,0.2395555747242641,0.2363587731013425,0.12418122973131632,0.12323442915137621,0.08812396187344408,0.20277578997696694,0.20277578997696694,0.038104564251400644,0.040199490131231905,0.06665609297435791,8.400605057045883,10.069793556929724,11.058975657001954,13.520982575937916,16.292973462863344,20.106988566636293,22.873015018990113,21.94100289705803,20.267267504935212,16.913209298282883,10.896779591619595,8.02347487655806,15.03042233874358,2.121899254679827,2.4736600299519464,2.592497633893604,2.3383407514854557,2.4197604569500206,2.8083273783195923,3.124495790049154,2.5676249829866573,2.6663475693933814,2.3602548401353713,2.242013947607212,2.3513357680265865,2.5055465336659704,122.32466178935518,91.66224352642996,73.91365685133528,42.0836733046272,23.235458591510994,6.576593679949376,3.9762220675096946,4.426887946639309,6.476453402475129,24.93009007271061,38.771270865759064,100.06422639758587,44.87011987479267,100.46889609710028,83.67076253472058,63.88780331871209,30.230125732597546,19.20758230510731,8.735036381292684,7.398034612851054,6.263405246809239,7.81812225810902,29.779410379350605,41.98346861417188,94.73034993230168,41.181083117824144,6.683333332999999,6.2333333335,9.394444443000001,11.799999999999999,15.11111111,20.083333335,23.394444445,22.483333330000004,19.35,14.033333335,7.827777777999999,6.338888889,13.561111110000002,2.9480220075,2.933840869,2.4987617639999997,1.80298728,1.3385208955,1.9098264444999997,1.7257281039999997,1.3665049885,1.10766658,2.577456837,4.2946172465,3.30453975,2.3173727305,111.95000001999999,72.516666665,60.205555555,35.60555556,19.238888885,8.805555556000002,6.1,5.422222222499999,6.411111111500001,14.4,25.522222225,59.505555554999994,35.47361111,72.27791619,50.04293539499999,52.02112069499999,24.408174285,17.73524733,13.001056629,11.140103909999999,9.2517943855,8.6974503345,14.843905955,40.757860429999994,56.6284895,30.900504585,64224.36712783003,315797.17999999714,740143.3199999961,150524.56101537996
"Pauma Band of Luiseno Mission Indians of the Pauma & Yuima Reservation, California",0.09436690749613338,0.1283255319789983,3.4044625646256095,2.0192755082851878e8,0.096,0.126,3.52,1.88159e8,0.9056330925038666,0.8716744680210017,0.904,0.874,0.23765944034470407,0.23765944034470407,0.10289808415293408,0.1273834437477715,0.07101797638519555,0.18907442069423352,0.18907442069423352,0.041000070323556854,0.05728466971947103,0.08737621288222253,10.373187134246384,11.103538011677307,11.84305190089079,13.187218567240134,14.443311402875004,18.175219297947372,20.333622076141445,20.095007309815802,19.00990131477631,16.728680556065804,12.486769005092105,10.649290935958227,14.869066459197377,2.192756309588158,2.2256027564384873,2.2144438373565793,2.51852672268125,1.948438998578619,2.175480753684869,3.136192164805262,1.8767687302986853,2.586959807120066,2.277588679827632,2.4630567288312504,2.1956644115098687,2.317623325160198,139.2474926973915,89.78269005938816,71.41839181372043,33.937551169042784,16.11209064412501,3.3280336256861847,3.2831944443414485,2.9885818712427628,5.287163742650002,16.68543859726383,26.072050438730283,48.471173246279626,38.05115436288817,143.33785361593422,86.23619409416122,68.70680053149344,25.433811347085527,15.5462192395829,5.6110135481125045,5.125023783579608,4.791258978079933,7.487052235608883,21.445721682355263,40.40092180953293,65.58136517044738,40.80860300363159,8.322222222,9.1,9.522222222,11.42222222,13.25555556,17.31111111,20.78888889,20.91111111,18.84444444,15.66666667,11.08888889,8.711111111,13.74537037,1.05921879,1.58981131,1.275517324,1.171300322,2.046406064,2.566341971,3.9186874220000005,2.803321443,1.898756903,0.8351646539999998,1.543894786,1.497034105,1.8504545910000003,111.8222222,91.87777778,64.63333333,39.97777778,18.28888889,4.055555556,10.03333333,7.466666667000001,7.555555556,17.13333333,31.366666669999997,38.54444444,36.89629629,101.571413,78.67372144,53.550863670000005,21.44048611,18.40885958,5.450484178,9.56477914,8.448964434,9.617056607,16.97836859,48.31627573,54.13340261,35.51288959,4831.580851030001,23757.450000000023,740143.3199999961,150524.56101537996
"Manchester Band of Pomo Indians of the Manchester Rancheria, California",0.12034750605110879,0.16562536988550713,3.7294287788373217,1.2130643017489392e7,0.135,0.19400000000000003,3.53,7.022e6,0.8796524939488912,0.8343746301144929,0.865,0.8059999999999999,0.34566257607046397,0.34407629507242904,0.0694181186854155,0.136118402037534,0.1973155493466675,0.5617350952767542,0.5617029079487761,0.004385178101309611,0.3824637808217352,0.41115917521548867,7.458310998655905,9.555200681494938,10.793783502271431,13.5143173841582,16.331357950997628,20.940066838589956,22.80244937391826,22.001790085751185,20.3000603855271,16.735646217602742,10.191312619957785,7.347311561107429,14.830967299562234,2.23223893371955,2.8567782045475716,2.7126812121002075,3.008033549557997,2.6628458197292297,2.721016015723199,2.9811189630699806,3.012304655585764,2.5832985332041405,2.4454975375270256,2.6267932474605447,2.5193858946245546,2.696832713978188,161.0652752969335,118.17863641802276,107.35326087080405,47.71289209770253,35.167780921435394,10.06586840713304,5.079558766035589,2.603341109023083,8.931155284444621,34.69105783942305,52.941760142197744,135.16954702033192,59.913344513893804,138.51776830736833,101.19047521824388,97.06896087366734,38.049145582080854,30.845076424040386,13.822126646853643,11.2634524199505,5.549602345132746,14.15310637549873,40.93423184804124,48.768864339686615,114.75848743518765,54.57677481760056,8.711111111,9.544444444,10.02222222,11.66666667,13.82222222,16.38888889,17.98888889,18.1,17.1,14.211111110000001,9.5,8.244444444,12.941666670000002,1.44087165,2.395365896,1.21426704,0.543139025,1.146492235,1.303307758,1.8764623929999997,3.091116303,1.5612495,1.128543801,1.6552945359999998,2.031077984,1.6155990100000002,236.59999999999997,163.2333333,145.7,77.26666667,59.36666667000001,13.466666670000002,12.04444444,10.12222222,7.588888889000001,55.36666667,83.72222222,221.9222222,90.53333333,178.2517181,105.59235289999998,109.12205319999998,56.88055467,45.39887113,15.74444346,23.79638161,21.70511332,10.36755087,56.23088564,57.671565300000005,165.2347556,70.49968715,22254.291754370002,109426.24000000006,740143.3199999961,150524.56101537996
Mooretown Rancheria of Maidu Indians of California,0.15141760667502688,0.22690578504448994,3.3146688522124688,1.012231140291495e7,0.142,0.203,3.37,1.8433e7,0.8485823933249731,0.77309421495551,0.858,0.7969999999999999,0.44810880906018463,0.39122201059481815,0.1705637167986233,0.22483318400216806,0.3161206173320007,0.4389774704739537,0.4389774704739537,0.26897061040146214,0.3964033204854944,0.3416721100826077,6.9087041227103985,9.45194507267448,10.146128708292679,13.248196330055695,16.50863813548358,20.772068249900986,23.8612902222596,22.011349923837628,20.24145927568718,16.210353821145333,9.740431749567003,7.225043991895069,14.693800800531651,1.965079339288457,2.4225095442169065,1.6771273711464911,2.329028955520924,2.5226985384898137,2.802686269589081,2.0314642926976765,3.9935955568797956,2.564716877477936,2.5162787742910018,2.696456670112835,2.0941458676708136,2.467982338123862,196.12777149177018,138.9308320724261,132.09185205225097,57.746628331348866,48.026674835449576,14.762672825726787,3.623680241421374,3.5340654852777074,11.049399823953326,46.756743337202984,74.65338738128384,164.30024508261272,74.30032941186637,151.0065838320132,113.22011035276569,120.31759110954165,45.61459009602368,35.826739785410005,16.903878315492058,6.211858358247443,5.731958823027985,14.713961312768076,54.36352470797498,64.94639604276291,124.0162652431869,62.73945483159775,7.877777778,9.300000000000002,11.17777778,14.01111111,17.17777778,21.9,23.62222222,23.75555556,20.87777778,16.81111111,10.55555556,7.6,15.38888889,1.174497528,2.285278976,1.227576655,1.863762622,1.194547799,2.508983858,3.012796781,1.703754025,1.710100712,1.676636845,2.113120389,1.716828471,1.848990388,158.6111111,102.7222222,90.38888889,43.07777778,30.155555560000003,6.266666667,3.6333333330000004,3.555555556,6.188888889,28.28888889,47.84444444,109.3666667,52.50833333,93.29652250000001,78.18309884,77.28865448,32.1743212,23.92170098,7.635279956,9.766012492,8.49869271,6.080181832,31.979190279999997,42.86193273,76.94887913,40.71953893,7739.4795424799995,38055.73000000001,740143.3199999961,150524.56101537996
"Campo Band of Diegueno Mission Indians of the Campo Indian Reservation, California",0.09599999999999999,0.126,3.5199999999999996,1.88159e8,0.096,0.126,3.52,1.88159e8,0.904,0.874,0.904,0.874,0.23583867746787537,0.23583867746787537,0.11867874575017331,0.13131286315888965,0.08748445906290113,0.2020951406118248,0.20208822618021724,0.019417865809087914,0.08981718941745764,0.07548383266438899,7.763055555687501,8.3681944441125,9.166666666800001,10.279305555087502,12.040555556375,15.096111112,19.84,17.940000004,18.369027777750006,14.148888888,9.952638888625,8.069305555624998,12.586145834625,1.4308004172125002,2.1914113946750002,2.616196673,3.0724978750375,2.40521583245,2.102076005375,4.1641068268,3.5146128042,2.5576637821875,2.8189461248,2.4860211265000003,2.4190502208,2.6482165903,171.43555558000006,85.12277777850001,82.58000000400001,35.93722221975,14.834583336,3.4355555556,3.1177777782000007,6.286666666799999,7.4694444440625,17.8359722215,29.339999998,43.824305557125,41.768321761625,158.81955262,80.115545815375,62.770379006,28.160541219750005,16.55522252075,4.917181845999999,4.9507194199999995,12.290791714600001,7.6118461288625,26.634043469375005,40.88643921600001,52.710642350125,41.368575444625,9.266666667,9.2,11.46666667,13.48888889,16.6,21.41111111,24.98888889,24.66666667,22.46666667,16.94444444,12.21111111,9.622222222,16.02777778,1.6530275249999997,3.343276836,1.9506409200000001,1.5382168610000002,1.399106858,0.987983356,1.634353423,1.2698425099999997,1.345362405,2.9232307089999994,1.374267482,1.042566278,1.705156264,83.42222222,54.84444444,31.55555556,22.95555556,11.73333333,2.033333333,6.522222222,14.31111111,7.066666667,12.44444444,21.37777778,23.944444439999998,24.35092593,66.52747135,47.13600299,20.69728914,26.3031895,17.17192476,2.098213526,11.285474929999998,19.32611216,8.978585635,13.79303367,40.34261945,27.20579493,25.07214267,203.37,999.99,740143.3199999961,150524.56101537996
"Hoopa Valley Tribe, California",0.14099999999999996,0.196,3.3199999999999994,1.0776999999999998e7,0.141,0.196,3.3200000000000003,1.0777e7,0.859,0.804,0.859,0.804,0.3907416922310583,0.38999388827991727,0.09501997891740238,0.09830124240241897,0.20699026008197452,0.2653125706872784,0.2609301131835473,0.022041917885106364,0.09263873442663445,0.1802544020612384,6.971972222160005,8.809074073425005,8.533759258700007,12.427833333408348,13.969944443416669,18.406231480158336,22.202962962433347,17.818259259008343,16.94888888936667,14.34594444106667,8.1353518517025,6.383962962891669,12.912848764400003,2.1310796508250007,2.1672890764433337,2.4557339454591673,2.580145599744168,2.8921451574225014,3.725392367012503,3.2651943511650012,3.5157579186958348,3.473684616271669,3.5184867444066668,2.0757400773033337,2.6039077691266694,2.867046439467502,196.80796297250012,137.61909259541676,142.60775926450006,82.85059259319169,52.808796297191705,29.940240741670845,5.0473240741816685,10.718481483751672,17.316796294398337,77.17320370393337,83.04921296463338,219.41487965241674,87.94619521905005,158.0294015751667,86.9711983717917,83.35442834289172,58.919606986008354,38.102392773325015,37.09471695205002,7.208480490731672,16.998131177033347,17.17796328692001,65.54000429987505,51.75003653224167,196.37716086348348,68.12696013735003,6.7055555555,6.3277777775,7.3944444444999995,8.577777778000002,11.08333333,15.305555555000002,16.527777775,16.23888889,14.749999999999998,11.10555556,7.1777777775,6.15,10.612037039999999,1.705705461,3.6968563125000005,1.2537193755,1.924741778,1.5084786675,3.492881373500001,1.2591574125,0.8481822865,1.4962176499999997,1.844528777,1.3634213899999998,1.6344519845000003,1.8356952060000002,243.22777775,154.86111115000003,167.58333335,103.00555555,72.66666666500001,33.472222220000006,10.483333335000001,11.1555555565,15.961111114999998,76.294444445,138.36111110000002,298.40555555000003,110.45648150000001,119.79866914999998,80.7425943,77.5218859,72.38454866000001,49.151256675,26.473699684999996,12.16155968,12.9525593545,10.897566854999999,42.55641173,70.97148410500002,188.28619905,63.65820293,3040.0,14947.969999999998,740143.3199999961,150524.56101537996
"Kashia Band of Pomo Indians of the Stewarts Point Rancheria, California",0.12034750605110879,0.16562536988550713,3.7294287788373217,1.2130643017489392e7,0.09,0.118,4.0,3.0682e7,0.8796524939488912,0.8343746301144929,0.91,0.882,0.34566257607046397,0.34407629507242904,0.0694181186854155,0.136118402037534,0.1973155493466675,0.6978316968964758,0.6978316968964758,0.001,0.25589567982858746,0.3110899084069139,7.458310998655905,9.555200681494938,10.793783502271431,13.5143173841582,16.331357950997628,20.940066838589956,22.80244937391826,22.001790085751185,20.3000603855271,16.735646217602742,10.191312619957785,7.347311561107429,14.830967299562234,2.23223893371955,2.8567782045475716,2.7126812121002075,3.008033549557997,2.6628458197292297,2.721016015723199,2.9811189630699806,3.012304655585764,2.5832985332041405,2.4454975375270256,2.6267932474605447,2.5193858946245546,2.696832713978188,161.0652752969335,118.17863641802276,107.35326087080405,47.71289209770253,35.167780921435394,10.06586840713304,5.079558766035589,2.603341109023083,8.931155284444621,34.69105783942305,52.941760142197744,135.16954702033192,59.913344513893804,138.51776830736833,101.19047521824388,97.06896087366734,38.049145582080854,30.845076424040386,13.822126646853643,11.2634524199505,5.549602345132746,14.15310637549873,40.93423184804124,48.768864339686615,114.75848743518765,54.57677481760056,9.033333333,8.633333333,11.18888889,12.36666667,15.5,19.2,21.52222222,20.64444444,20.01111111,14.88888889,10.55555556,8.555555556,14.341666670000002,0.988685997,6.982120022,1.6366463,2.329699551,2.029778313,1.7392527129999997,1.859286004,2.094702312,2.091318032,4.6033804,1.029697906,1.479113849,2.405306783,256.0333333,162.6555556,137.1333333,66.02222222,46.54444444,10.52222222,9.977777778,8.422222222,6.566666667,41.9,73.5,224.17777780000003,86.95462963,204.6327076,113.3368553,111.6280207,48.97626409,34.03531663,13.04509273,14.69623913,15.48303731,10.32206375,44.66906088,56.42650087,174.8872121,70.17819759,22254.291754370002,109426.24000000006,740143.3199999961,150524.56101537996
Enterprise Rancheria of Maidu Indians of California,0.15141760667502688,0.22690578504448994,3.3146688522124688,1.012231140291495e7,0.142,0.203,3.3699999999999997,1.8433e7,0.8485823933249731,0.77309421495551,0.858,0.7969999999999999,0.44810880906018463,0.39122201059481815,0.1705637167986233,0.22483318400216806,0.3161206173320007,0.23708592844598703,0.23708592844598703,0.07245737648653135,0.03255971038854934,0.09275744462843631,6.9087041227103985,9.45194507267448,10.146128708292679,13.248196330055695,16.50863813548358,20.772068249900986,23.8612902222596,22.011349923837628,20.24145927568718,16.210353821145333,9.740431749567003,7.225043991895069,14.693800800531651,1.965079339288457,2.4225095442169065,1.6771273711464911,2.329028955520924,2.5226985384898137,2.802686269589081,2.0314642926976765,3.9935955568797956,2.564716877477936,2.5162787742910018,2.696456670112835,2.0941458676708136,2.467982338123862,196.12777149177018,138.9308320724261,132.09185205225097,57.746628331348866,48.026674835449576,14.762672825726787,3.623680241421374,3.5340654852777074,11.049399823953326,46.756743337202984,74.65338738128384,164.30024508261272,74.30032941186637,151.0065838320132,113.22011035276569,120.31759110954165,45.61459009602368,35.826739785410005,16.903878315492058,6.211858358247443,5.731958823027985,14.713961312768076,54.36352470797498,64.94639604276291,124.0162652431869,62.73945483159775,2.8,3.411111111,5.677777778,9.722222222,12.65555556,17.52222222,21.37777778,20.13333333,16.52222222,12.03333333,5.966666667,2.2,10.83518518,2.617728023,7.657585201,1.886648999,2.158574633,1.304905275,1.939573263,1.635372876,1.071214264,1.272573945,2.355313143,2.137171027,4.160228359,2.516407417,273.7888889,197.4666667,165.3777778,95.81111111,65.02222222,23.88888889,10.86666667,4.655555556,16.22222222,56.83333333,89.07777778,211.5,100.8759259,206.2260922,180.6919893,189.8937912,81.80894579,45.84244152,21.78184132,28.39784323,7.274288815999999,24.71784668,51.6183107,77.78707762,242.3994946,96.53666358,7739.4795424799995,38055.73000000001,740143.3199999961,150524.56101537996
"Yerington Paiute Tribe of the Yerington Colony & Campbell Ranch, Nevada",0.09092153184608062,0.12942061884603737,3.209625919231269,3.2922006410447273e7,0.13099999999999998,0.211,3.3799999999999994,3.9909999999999995e6,0.9090784681539194,0.8705793811539626,0.869,0.789,0.00943400608016148,0.008519008883385491,0.0009999999999999998,0.005683579101646718,0.0009999999999999998,0.05880355923227595,0.05716093777567248,0.001,0.02450130893533595,0.001,6.43695117650158,9.781360497228661,11.79555087268915,14.748296451970495,17.160871091633297,22.869605433266596,24.608558718335086,24.330195525974712,21.90556141020021,18.03969090354057,10.188092729319283,6.526003980819811,15.699228231801898,3.4159933175163335,2.091405189848261,2.617742532065332,1.9061761739157006,3.6354953360010542,1.6125023781496315,2.48345922549842,2.982817056050579,1.5413425701654375,1.7558064802465754,3.055299540758693,4.264337449682824,2.613531437721813,120.96261563009485,77.21296101517387,67.2897670036354,43.18998946399368,24.512820512528982,2.8338484956364596,0.749256527321391,4.038672286606954,3.034188034090622,19.873621357218127,32.92555906771339,74.6453576871549,39.27238809066386,102.20444807606955,60.42169951269757,48.07399042712329,25.179184498503687,19.61484331901897,3.5299392744478406,1.6822669667744996,7.297416864963116,4.9079530915679666,25.795953525152786,32.82507898633299,54.40629934557429,32.16158949168598,1.623921938492918,3.7627006611133145,5.852880075651559,9.65476864978187,13.438369533201135,19.741170917082155,24.62212779575071,22.79077745974504,18.058451369178474,11.622411075240793,4.920018885303116,1.0073654388725213,11.424580313569406,1.9592093351274789,2.8445463183739377,2.0718361059546746,1.4007123220849858,1.6805108336912185,2.8782539554872524,1.8241625325637394,1.5557966166288952,1.6597233010906516,1.296776395184136,2.1679482446798866,3.0304312126458925,2.030825598283286,38.69974818631728,36.28325464492918,22.683034305750706,17.800849860566572,24.364117093767703,8.942146679379604,16.676613160311618,12.276487251031163,9.05435945811898,12.753729932776203,14.57976078283286,31.82149826390935,20.49463330144476,20.918709188413597,24.921415781444757,23.685975840424927,13.501128237337111,14.286328093937678,12.38019760674221,17.60866785535411,15.429139588158641,15.318381699830029,14.4573333788102,8.24453968931728,23.392638754532573,17.012037979433426,1920.0,9440.88,740143.3199999961,150524.56101537996
"Los Coyotes Band of Cahuilla and Cupeno Indians, California",0.09436690749613338,0.1283255319789983,3.4044625646256095,2.0192755082851878e8,0.09599999999999999,0.126,3.52,1.88159e8,0.9056330925038666,0.8716744680210017,0.904,0.874,0.23765944034470407,0.23765944034470407,0.10289808415293408,0.1273834437477715,0.07101797638519555,0.13252233140793884,0.13252233140793884,0.022676831178546072,0.03857264589785918,0.05347733223427017,10.373187134246384,11.103538011677307,11.84305190089079,13.187218567240134,14.443311402875004,18.175219297947372,20.333622076141445,20.095007309815802,19.00990131477631,16.728680556065804,12.486769005092105,10.649290935958227,14.869066459197377,2.192756309588158,2.2256027564384873,2.2144438373565793,2.51852672268125,1.948438998578619,2.175480753684869,3.136192164805262,1.8767687302986853,2.586959807120066,2.277588679827632,2.4630567288312504,2.1956644115098687,2.317623325160198,139.2474926973915,89.78269005938816,71.41839181372043,33.937551169042784,16.11209064412501,3.3280336256861847,3.2831944443414485,2.9885818712427628,5.287163742650002,16.68543859726383,26.072050438730283,48.471173246279626,38.05115436288817,143.33785361593422,86.23619409416122,68.70680053149344,25.433811347085527,15.5462192395829,5.6110135481125045,5.125023783579608,4.791258978079933,7.487052235608883,21.445721682355263,40.40092180953293,65.58136517044738,40.80860300363159,8.322222222,7.955555556,9.522222222,10.82222222,13.13333333,17.31111111,20.78888889,21.16666667,18.84444444,14.85555556,11.08888889,8.711111111,13.54351852,1.05921879,4.014695229,1.275517324,2.420112486,2.290196498,2.566341971,3.918687422,2.431049156,1.898756903,2.831568078,1.543894786,1.497034105,2.312256062,111.8222222,91.87777778,64.63333333,39.97777778,18.28888889,4.055555556,10.78888889,8.766666667,7.555555556000001,17.13333333,31.366666669999997,38.54444444,37.06759259,101.571413,78.67372144,53.55086367,21.44048611,18.40885958,5.450484178,9.49242388,8.96953176,9.617056607,16.97836859,48.31627573,54.13340261,35.5502406,4831.580851030001,23757.450000000023,740143.3199999961,150524.56101537996
Tuolumne Band of Me-Wuk Indians of the Tuolumne Rancheria of California,0.1187573228718848,0.17621528952026244,3.58908394435362,2.524313821683046e7,0.128,0.187,4.06,4.759e6,0.8812426771281152,0.8237847104797376,0.872,0.813,0.2541376365871193,0.25280707361680627,0.12176607610199523,0.1269253409204069,0.09633954773037144,0.5377345077081908,0.5377345077081908,0.30949566319423844,0.23041394216671118,0.33987450503981087,8.248594418086151,9.927613746874544,11.007122363162813,13.511870480712785,16.305254612694412,20.134723765054762,22.88409214170091,22.144832359100814,20.26253539683405,16.85013522770298,10.742215338875939,7.835395975683553,14.987865485638212,2.0749111436710166,2.5243652332731448,2.5897416294378437,2.405185811344415,2.4074459355539592,2.9061521764459894,3.013548250444883,2.6791676979976167,2.6338567052322737,2.436589148458074,2.3272437526813867,2.3400079362402804,2.5281846184488836,122.28906395748102,90.68193635501832,75.87683885419673,44.32367063569452,23.86239137812851,7.181482603479334,4.569452767582648,4.887597586476437,7.0276758426195265,26.274724213975084,40.808576387452575,107.77968068973675,46.296924272832825,98.07050158839307,78.0104925795774,64.57032065298668,31.586854887548206,19.82965118570139,9.01967449510442,8.568712903131487,7.187181791993157,8.619504724387406,30.92334437174978,43.07609318701593,96.52723195215972,41.33246369354083,5.477777778,6.977777778,9.733333333,12.75555556,16.37777778,20.42222222,24.55555556,24.11111111,20.56666667,15.322222220000002,8.522222222,4.933333333,14.146296300000001,1.927289403,3.4679885299999995,1.656049516,1.887532193,1.482209312,3.206157271,2.452096609,1.15048299,1.226784415,2.086131454,3.1708743969999995,4.007804885,2.310116748,172.8111111,106.6,95.12222222,63.91111111,38.65555556,6.677777778,13.08888889,8.655555556,6.955555555999999,32.06666667,49.16666667,103.75555559999998,58.12222223,122.77680400000001,90.23666106,90.2227906,38.81244789,24.854381460000003,5.649287074,23.83948639,15.655519080000001,8.300468528,41.77286799,57.22575906,89.42564105,50.73100951999999,55477.811838000016,272789.7399999979,740143.3199999961,150524.56101537996
"Ramona Band of Cahuilla, California",0.09436690749613338,0.1283255319789983,3.4044625646256095,2.0192755082851878e8,0.1,0.146,3.15,1.26963e8,0.9056330925038666,0.8716744680210017,0.9,0.854,0.23765944034470407,0.23765944034470407,0.10289808415293408,0.1273834437477715,0.07101797638519555,0.38471393571988594,0.38471393571988594,0.05194267830312912,0.2735431440586961,0.23999524503283798,10.373187134246384,11.103538011677307,11.84305190089079,13.187218567240134,14.443311402875004,18.175219297947372,20.333622076141445,20.095007309815802,19.00990131477631,16.728680556065804,12.486769005092105,10.649290935958227,14.869066459197377,2.192756309588158,2.2256027564384873,2.2144438373565793,2.51852672268125,1.948438998578619,2.175480753684869,3.136192164805262,1.8767687302986853,2.586959807120066,2.277588679827632,2.4630567288312504,2.1956644115098687,2.317623325160198,139.2474926973915,89.78269005938816,71.41839181372043,33.937551169042784,16.11209064412501,3.3280336256861847,3.2831944443414485,2.9885818712427628,5.287163742650002,16.68543859726383,26.072050438730283,48.471173246279626,38.05115436288817,143.33785361593422,86.23619409416122,68.70680053149344,25.433811347085527,15.5462192395829,5.6110135481125045,5.125023783579608,4.791258978079933,7.487052235608883,21.445721682355263,40.40092180953293,65.58136517044738,40.80860300363159,7.811111110999999,6.711111111,9.911111111,11.67777778,14.75555556,19.53333333,22.93333333,22.94444444,20.599999999999998,13.73333333,8.955555556,7.855555556,13.95185185,1.3023483059999998,2.888963674,3.387271928,2.060811598,2.894007218,2.188035649,2.390606618,2.112528764,2.96605799,2.222611077,4.435682335,1.3519533190000002,2.516739873,140.6333333,105.8,64.68888889,37.84444444,14.06666667,2.344444444,9.711111111,10.14444444,4.988888889000001,20.16666667,34.32222222,42.55555556,40.60555555,137.0920038,126.3408881,62.27753296,20.89516159,12.03058602,2.833333333,9.158799654,21.565777930000003,8.292533456,26.6859982,55.84117607,66.24934172,45.77192774,4831.580851030001,23757.450000000023,740143.3199999961,150524.56101537996
"Washoe Tribe of Nevada & California (Carson Colony, Dresslerville Colony, Woodfords Community, Stewart Community, & Washoe Ranches)",0.09551243413564812,0.14352968096266805,4.311517026437726,1.0962963260860508e7,0.11999974112878743,0.19570689067848185,3.6718415504998516,3.2218564055717173e6,0.9044875658643519,0.856470319037332,0.8800002588712126,0.8042931093215182,0.11392007267070928,0.1104721092901243,0.000986633633177826,0.047608310187720625,0.026842372874243056,0.09032807662092156,0.0868986806157957,0.015992444088003075,0.024384093206110014,0.003868201385853939,5.294986072392758,6.053058908507895,8.065459610003714,9.61496956587744,12.324605385218206,14.920241411513464,19.688135767985152,17.203569586341686,16.91257608571031,11.66951408076138,6.145971319632314,5.309439802029714,11.100210632699163,3.0989042122154142,2.657946487458682,2.5038314419758585,2.804537319500464,2.8378754946165277,2.446314863804086,5.236068026746521,1.9419627812079854,3.1931224765227486,1.8925352784744662,3.6181236238588683,3.378716836041784,2.967494903569174,228.153719176973,120.90995565231195,192.7759207724234,102.50836685589603,68.52339832917363,57.50745898976788,15.90103167218756,20.21281337126742,57.1120293006314,99.66862683963785,170.21601155211695,253.0192716420613,115.54238368374193,149.04888856360262,55.251088851104925,101.24249688528323,47.44973349603713,38.303815863286914,29.647063181253486,16.48601415737233,22.65885786169545,48.23235825614857,81.36877385470754,77.14480385451253,170.6584087476231,69.79102529829154,-0.500559642851726,1.9979626488075835,2.175501478092247,6.357938753756084,9.797038295990378,15.091303530090551,20.52354901589134,19.145783810684776,13.718675723537071,9.552424070643465,2.369905048974533,-0.46279947156762874,8.313893605250708,1.744129695695529,3.0076668584816075,2.5337027186932657,2.8406855543842675,2.6478524124533105,3.323404840136955,2.863780108186757,2.0707775678053197,1.9636758441148838,1.861088796451613,2.2473651315574426,2.5972838662093944,2.475117782827957,135.37116891929827,85.95847323775892,52.55366283075835,41.488190908556874,26.859781173718165,13.939872981284664,15.286480539377477,12.271049485942278,10.562711436622525,29.248965600181094,35.92903226058856,103.34477142124504,46.90118006348614,103.89780925488398,60.83800303636106,43.319966905149975,27.406758587487264,20.26426330830787,16.94331397126769,15.49893210409734,13.379561519895303,12.439786734221844,37.182799541607245,23.495032924934918,100.85318377594794,39.62661763820034,2521.38,12397.869999999997,740143.3199999961,150524.56101537996
