Tribe,Food_Insecurity_Rate_2018_H,Child_Food_Insecurity_Rate_2018_H,Cost_Per_Meal_2018_H,Weighted_Annual_Food_Budget_Shortfall_2018_H,Food_Insecurity_Rate_2018_P,Child_Food_Insecurity_Rate_2018_P,Cost_Per_Meal_2018_P,Weighted_Annual_Food_Budget_Shortfall_2018_P,Food_Security_Rate_2018_H,Child_Food_Security_Rate_2018_H,Food_Security_Rate_2018_P,Child_Food_Security_Rate_2018_P,nccpi3all_H,nccpi3sg_H,nccpi3cot_H,nccpi3soy_H,nccpi3corn_H,nccpi3all_P,nccpi3sg_P,nccpi3cot_P,nccpi3soy_P,nccpi3corn_P,temp_mean_1_H,temp_mean_2_H,temp_mean_3_H,temp_mean_4_H,temp_mean_5_H,temp_mean_6_H,temp_mean_7_H,temp_mean_8_H,temp_mean_9_H,temp_mean_10_H,temp_mean_11_H,temp_mean_12_H,temp_mean_ann_H,temp_std_1_H,temp_std_2_H,temp_std_3_H,temp_std_4_H,temp_std_5_H,temp_std_6_H,temp_std_7_H,temp_std_8_H,temp_std_9_H,temp_std_10_H,temp_std_11_H,temp_std_12_H,temp_std_ann_H,precip_mean_1_H,precip_mean_2_H,precip_mean_3_H,precip_mean_4_H,precip_mean_5_H,precip_mean_6_H,precip_mean_7_H,precip_mean_8_H,precip_mean_9_H,precip_mean_10_H,precip_mean_11_H,precip_mean_12_H,precip_mean_ann_H,precip_std_1_H,precip_std_2_H,precip_std_3_H,precip_std_4_H,precip_std_5_H,precip_std_6_H,precip_std_7_H,precip_std_8_H,precip_std_9_H,precip_std_10_H,precip_std_11_H,precip_std_12_H,precip_std_ann_H,temp_mean_1_P,temp_mean_2_P,temp_mean_3_P,temp_mean_4_P,temp_mean_5_P,temp_mean_6_P,temp_mean_7_P,temp_mean_8_P,temp_mean_9_P,temp_mean_10_P,temp_mean_11_P,temp_mean_12_P,temp_mean_ann_P,temp_std_1_P,temp_std_2_P,temp_std_3_P,temp_std_4_P,temp_std_5_P,temp_std_6_P,temp_std_7_P,temp_std_8_P,temp_std_9_P,temp_std_10_P,temp_std_11_P,temp_std_12_P,temp_std_ann_P,precip_mean_1_P,precip_mean_2_P,precip_mean_3_P,precip_mean_4_P,precip_mean_5_P,precip_mean_6_P,precip_mean_7_P,precip_mean_8_P,precip_mean_9_P,precip_mean_10_P,precip_mean_11_P,precip_mean_12_P,precip_mean_ann_P,precip_std_1_P,precip_std_2_P,precip_std_3_P,precip_std_4_P,precip_std_5_P,precip_std_6_P,precip_std_7_P,precip_std_8_P,precip_std_9_P,precip_std_10_P,precip_std_11_P,precip_std_12_P,precip_std_ann_P,Acres,Endow_Raised_Parcel,Total_Endow,Total_Acres
Winnebago Tribe of Nebraska,0.092,0.165,3.08,979000.0000000001,0.18168822537634446,0.2639529990877823,2.9312489217259365,673735.9381010209,0.908,0.835,0.8183117746236556,0.7360470009122178,0.33625076280833854,0.32952370619978905,0.001,0.1916042195484961,0.27110053078487106,0.6661190966561259,0.5511637068921532,0.0010000000000000156,0.6443356287163982,0.6252081663992922,-8.755555556,-7.599999999999999,0.977777778,8.255555556,14.055555560000002,19.63333333,21.87777778,20.91111111,16.08888889,8.822222222,1.144444444,-8.488888889,7.243518519000001,2.258932885,3.292415527,2.329580315,2.19608237,1.375782606,1.55241747,0.914846678,1.571976816,1.546321801,2.194184232,2.369657734,2.948493024,2.045890955,25.83333333,16.08888889,38.64444444,58.32222222,91.35555556,123.5222222,95.65555556,127.5666667,105.7,51.55555556,44.3,31.63333333,67.51481482,9.276044416,8.884318269,21.83547063,16.31416392,23.62324655,57.51694919,43.79355292,64.22781718,56.90210892000001,24.19427159,28.068487669999996,15.79865501,30.86959052,-4.722222222,-2.0500000000000003,3.433333333,11.0444444455,16.261111115,21.594444445,24.377777775,23.211111109999997,17.544444445,11.494444445,2.8777777775,-5.1388888889999995,9.993981482,4.8784472805,4.860292237,3.324876811,2.780595613,2.116959385,1.7810175970000002,1.8046202415,1.656368933,2.2135799874999997,2.5755346250000004,4.734951826,4.584256024,3.1092917135,23.094444445,28.849999999999998,53.16111111,68.80555556,91.105555555,120.16666665,85.144444445,68.37222222,68.083333335,56.077777775,38.85,44.20000000000001,62.159259255,27.69630635,45.356593995500006,42.38246035,44.78560599000001,41.983345220000004,59.89209473,59.61920113499999,39.989509410000004,37.735143029999996,25.793557485000004,27.545016699999998,74.953095405,43.977660820000004,160.0,88.84,79997.23999999957,144073.23999998003
Prairie Band Potawatomi Nation,0.13858320587719608,0.1613581080703507,2.832313424150597,4.625174574624946e6,0.122,0.189,3.08,845000.0,0.8614167941228039,0.8386418919296493,0.878,0.8109999999999999,0.4596085016964495,0.3733821875956334,0.0010000000000000005,0.38333242976372206,0.44779955614838324,0.5351284296583351,0.5005861278034512,0.01601332915139986,0.4698663067169111,0.4963650617965824,-5.344754098503279,-6.064025501270493,0.10125683049180328,6.498415300765575,12.732568306918035,17.781803280393444,20.367085609311474,19.866120217868854,15.219271403442624,8.851621128940984,3.0112932602983613,-4.558961748698361,7.371807832686887,2.8878555651147537,3.142616796363934,2.823259220172132,2.160083495039345,1.5879565351163938,2.204604629529508,1.4761820914540984,1.5034725368918034,1.5735446579393444,2.0016320629983606,2.259588266939345,3.3655939584967216,2.248865818201639,53.78967213224591,40.62726775921312,42.035009107737714,71.98788706621313,81.99606557622951,95.30735883085245,83.49231330296723,79.73551912431148,96.17876137301641,73.33471766836065,81.955373405,58.19258651977048,71.55271098911474,20.177036521639348,24.89349574031148,21.896887989344265,26.12324363436066,33.91431571442623,49.58658017481967,20.4335001952459,29.017972286754098,24.139825681573775,29.73337381581967,36.011939217852465,23.96136726227869,28.32412818618033,1.188888889,0.444444444,7.955555556000001,15.03333333,19.4,23.93333333,27.17777778,26.4,20.5,15.888888889999999,7.266666667,0.033333333,13.76851852,6.536712561,7.80434352,3.836049762,3.716853508,3.178836265,2.242208732,1.763361688,2.425901894,2.25,3.378403634,4.567274899,5.178561576,3.906542337,24.98888889,32.44444444,74.3,58.95555556,113.7888889,151.2777778,96.28888889,116.2666667,97.1,69.18888889,33.26666667,25.12222222,74.41574075,11.58063518,18.5921429,56.20673892,29.86013694,58.16610792,59.32378903,41.7211111,62.99666658000001,60.93166254,45.41911614,19.54366905,25.77342516,40.84293346,1141.35,633.7400000000001,79997.23999999957,144073.23999998003
"Minnesota Chippewa Tribe, Minnesota (Leech Lake Band)",0.12609433397732092,0.18623635144265896,2.9836431267641688,1.8353213437359848e6,0.11101924624786695,0.2023349899336315,3.0734660545446473,2.0462971160739497e6,0.873905666022679,0.8137636485573411,0.888980753752133,0.7976650100663685,0.38491366653448744,0.35733801948049,0.0009977980451731819,0.2518153937985257,0.35315634083656944,0.4418278154583395,0.41870544742507376,0.000999982210788848,0.3116068499694932,0.36699695299526924,-8.67419026391818,-8.333422391641312,-0.8481710209872229,6.110466533817531,12.505420143662388,17.541627795373167,20.191171554441908,19.397357816432898,14.392350481245977,7.7009599310414165,0.6587298980490075,-7.449728080311967,6.0993810331604426,2.4851171425090968,2.779734949767525,2.494151032728997,2.0113207876693386,1.4334872594631425,1.9661946487152622,1.1558946130360017,1.3347933305466122,1.7419769441039066,1.797990751085409,2.653998323970997,3.8494832008164703,2.142011915397444,33.91645351128149,24.478107000920772,39.347038811952594,54.18809211000293,78.98959076955684,102.88101270436012,91.34870756060474,99.56706633752944,99.89864368337706,71.20027921947515,61.50777799656865,42.26234624673025,66.6320929964838,15.210161728928119,13.792826011464458,23.3482272927955,22.280253967629605,32.625718106616496,41.841868511676985,32.7335156756534,34.037264972795484,39.50716878132226,28.46472491515148,34.00086128169472,21.8573806758403,28.308330993900185,-12.030158728571427,-9.344444443571426,-0.3507936508571428,6.1460317459999985,12.887301587142854,18.255555555714285,20.371428571428567,19.66507936571428,15.055555555714283,6.985714285714283,-0.9142857142857139,-10.347619047714284,5.531613756999999,2.6246656589999993,3.956737953999999,4.678823400285713,2.3482650485714283,1.398682727142857,2.7852073924285707,0.8661011159999997,2.0922188051428563,3.5560599309999996,1.9463187685714285,5.040366559142856,5.850744431142856,3.0953493161428565,24.807936507142855,15.374603174285712,32.50634920571428,38.530158731428564,76.28095238142855,103.09682537142855,107.71111112285713,94.17142856999996,75.67301587285712,64.60476190428571,52.41269841142856,26.84761904714285,59.33478835857142,19.104469444285712,5.492642019999998,15.16250371428571,29.341785517142853,49.23969661999999,34.28940501571428,65.11939853714286,44.005712215714276,34.122292229999985,27.620300549999996,34.64889197714285,16.59434525714285,31.22845359142856,59462.94999999,33017.12000000001,79997.23999999957,144073.23999998003
Flandreau Santee Sioux Tribe of South Dakota,0.08481687265891043,0.13528739997423858,3.0943391409852086,1.503294369046991e6,0.107,0.17,3.11,369000.0,0.9151831273410895,0.8647126000257614,0.893,0.83,0.6590062826285997,0.5717707467566484,0.0010000000000000009,0.6237110798289542,0.6403675038505077,0.6215867611308554,0.5385886535724088,0.001070406582138625,0.5927764869812757,0.5892292125376664,-7.704261619658169,-5.862070297336038,2.178176902304751,9.080545899820397,14.82732071544612,20.706167117473928,22.894991631483197,21.833732458250296,17.14615681626883,9.633912707488994,1.0644650446106607,-7.292352259764776,8.208898759650058,2.728347641585168,3.053906347731171,2.0352253537427583,2.110026720237544,1.5244825355330245,1.6236321843371961,0.9831872433534184,1.4287603750625724,1.8151609648806488,1.7851475829663963,3.4651518945677866,3.894250126995366,2.2039399142792586,15.65224668429896,12.736333203114718,41.727835716338355,61.34129007177288,100.26970515468139,116.74154758660487,89.64569331925841,100.77818977024332,83.21959572811124,45.824024720845884,32.46885541623407,23.264619543661645,60.30582807719583,8.081694984122826,10.303306955436849,24.051935707369648,34.64990302383546,37.94987962837775,56.50275849885284,51.3631436289919,45.931815458725374,51.031745422375444,19.770629695457707,27.486939327555042,20.23825009026651,32.280166868424104,-7.6,-6.1,1.377777778,9.3,14.74444444,20.26666667,23.56666667,21.7,16.02222222,9.7,0.955555556,-8.155555556,7.981481482,4.288647806,3.474550331,2.826118264,2.636759375,1.682342943,1.78605711,2.294558781,1.523154621,2.019144483,2.092247595,4.796642344,4.448907481,2.822427595,12.28888889,37.55555556,46.73333333,58.21111111,98.76666667,130.4222222,89.76666667,97.28888889,96.56666667,56.14444444,36.15555556,38.55555556,66.53796296,9.932326571,82.3413795,45.06656188,30.930908669999997,41.1949026,63.74536802,36.47821268,41.42050955,67.67680548,48.38830208,31.08758237,52.37766965,45.88671075,1920.0,1066.0800000000002,79997.23999999957,144073.23999998003
Match-e-be-nash-she-wish Band of Pottawatomi Indians of Michigan,0.13858320587719608,0.1613581080703507,2.832313424150597,4.625174574624946e6,0.097,0.094,2.86,5.43e6,0.8614167941228039,0.8386418919296493,0.903,0.906,0.4596085016964495,0.3733821875956334,0.0010000000000000005,0.38333242976372206,0.44779955614838324,0.5030101555007082,0.46987021052394545,0.0010000000000000005,0.36848943725137695,0.4811848622728486,-5.344754098503279,-6.064025501270493,0.10125683049180328,6.498415300765575,12.732568306918035,17.781803280393444,20.367085609311474,19.866120217868854,15.219271403442624,8.851621128940984,3.0112932602983613,-4.558961748698361,7.371807832686887,2.8878555651147537,3.142616796363934,2.823259220172132,2.160083495039345,1.5879565351163938,2.204604629529508,1.4761820914540984,1.5034725368918034,1.5735446579393444,2.0016320629983606,2.259588266939345,3.3655939584967216,2.248865818201639,53.78967213224591,40.62726775921312,42.035009107737714,71.98788706621313,81.99606557622951,95.30735883085245,83.49231330296723,79.73551912431148,96.17876137301641,73.33471766836065,81.955373405,58.19258651977048,71.55271098911474,20.177036521639348,24.89349574031148,21.896887989344265,26.12324363436066,33.91431571442623,49.58658017481967,20.4335001952459,29.017972286754098,24.139825681573775,29.73337381581967,36.011939217852465,23.96136726227869,28.32412818618033,-4.977777778,-4.6,1.433333333,8.122222222,14.26666667,18.86666667,21.71111111,21.15555556,16.43333333,9.822222222,3.8666666669999996,-3.188888889,8.575925926,3.251068201,4.796613389,3.6342124320000004,2.896885301,1.747855829,2.122498528,1.457261511,1.993182826,1.570827807,2.131183813,1.755704987,2.49321301,2.487542303,60.52222222,46.43333333,59.63333333,69.55555556,103.6444444,102.8444444,104.3666667,86.1,92.82222222,78.84444444,96.06666667,79.56666667,81.7,33.57349318,20.86701943,33.08190593,29.63414885,55.77466071,35.2430529,27.69178579,27.59066871,38.97662049,41.59877135,41.98803401,40.19564653,35.51798399,1141.35,633.7400000000001,79997.23999999957,144073.23999998003
"Citizen Potawatomi Nation, Oklahoma",0.13858320587719608,0.1613581080703507,2.832313424150597,4.625174574624946e6,0.1421748006607749,0.2087522595401262,3.014256144651789,1.2483986717781419e7,0.8614167941228039,0.8386418919296493,0.8578251993392251,0.7912477404598738,0.4596085016964495,0.3733821875956334,0.0010000000000000005,0.38333242976372206,0.44779955614838324,0.3925058235224002,0.3544004035729066,0.24700249917134348,0.37146334593373687,0.3427926583839122,-5.344754098503279,-6.064025501270493,0.10125683049180328,6.498415300765575,12.732568306918035,17.781803280393444,20.367085609311474,19.866120217868854,15.219271403442624,8.851621128940984,3.0112932602983613,-4.558961748698361,7.371807832686887,2.8878555651147537,3.142616796363934,2.823259220172132,2.160083495039345,1.5879565351163938,2.204604629529508,1.4761820914540984,1.5034725368918034,1.5735446579393444,2.0016320629983606,2.259588266939345,3.3655939584967216,2.248865818201639,53.78967213224591,40.62726775921312,42.035009107737714,71.98788706621313,81.99606557622951,95.30735883085245,83.49231330296723,79.73551912431148,96.17876137301641,73.33471766836065,81.955373405,58.19258651977048,71.55271098911474,20.177036521639348,24.89349574031148,21.896887989344265,26.12324363436066,33.91431571442623,49.58658017481967,20.4335001952459,29.017972286754098,24.139825681573775,29.73337381581967,36.011939217852465,23.96136726227869,28.32412818618033,4.9155555556,6.671111111,12.048888889999999,16.508888889999998,21.073333334,26.26888889,28.493333334000003,28.82,24.62888889,17.511111112,11.293333334,4.8466666666,16.923333332000002,2.260850818,2.6470933796000002,1.3044560762,1.021678284,0.9177624378,1.4630155448,1.230204403,1.3017814736000002,1.3893157237999998,1.1258270404,2.0179717056,2.6667628666,1.6122266464,65.275555556,52.83111111200001,99.913333328,95.22444443599998,167.08666668,128.19555556000003,85.78888888799999,62.44444444399999,100.04666666600001,89.30444444800001,61.086666668,53.171111112,88.364074074,26.601387186,34.237215002,66.833273582,61.378323206,95.27023752800001,62.326650097999995,57.92225945199999,51.43910103,54.546235134,73.791014862,52.067929766,35.058359076,55.955998828000006,1141.35,633.7400000000001,79997.23999999957,144073.23999998003
"Pokagon Band of Potawatomi Indians, Michigan and Indiana",0.13858320587719608,0.1613581080703507,2.832313424150597,4.625174574624946e6,0.14,0.155,2.98,1.0894e7,0.8614167941228039,0.8386418919296493,0.86,0.845,0.4596085016964495,0.3733821875956334,0.0010000000000000005,0.38333242976372206,0.44779955614838324,0.5653292635166147,0.44421387753498415,0.0009038640534865926,0.5012411223857224,0.5590207990067556,-5.344754098503279,-6.064025501270493,0.10125683049180328,6.498415300765575,12.732568306918035,17.781803280393444,20.367085609311474,19.866120217868854,15.219271403442624,8.851621128940984,3.0112932602983613,-4.558961748698361,7.371807832686887,2.8878555651147537,3.142616796363934,2.823259220172132,2.160083495039345,1.5879565351163938,2.204604629529508,1.4761820914540984,1.5034725368918034,1.5735446579393444,2.0016320629983606,2.259588266939345,3.3655939584967216,2.248865818201639,53.78967213224591,40.62726775921312,42.035009107737714,71.98788706621313,81.99606557622951,95.30735883085245,83.49231330296723,79.73551912431148,96.17876137301641,73.33471766836065,81.955373405,58.19258651977048,71.55271098911474,20.177036521639348,24.89349574031148,21.896887989344265,26.12324363436066,33.91431571442623,49.58658017481967,20.4335001952459,29.017972286754098,24.139825681573775,29.73337381581967,36.011939217852465,23.96136726227869,28.32412818618033,-0.811111111,-2.055555556,8.255555556,9.466666667,16.08888889,20.87777778,23.07777778,22.42222222,20.23333333,11.72222222,3.933333333,-3.155555556,10.83796296,8.088177243,3.15440609,9.076909043,1.887458609,3.6998123080000003,1.8680054719999997,1.189304185,1.537675013,4.423234111,1.173432761,1.966596044,3.281810137,3.4455684180000006,54.300000000000004,57.54444444,53.8,60.84444444,83.98888889,112.48888890000002,77.26666667,75.65555556,69.61111111,74.9,87.37777778,66.27777778,72.83796296,31.144180839999997,33.71276135,25.65472666,34.24401813,65.36211526,51.75897131,39.34529832,65.16594416,30.31569084,35.69142054,69.41510602,26.67150998,42.37347862,1141.35,633.7400000000001,79997.23999999957,144073.23999998003
Prairie Island Indian Community in the State of Minnesota,0.0798958077523842,0.13027547717011756,3.0093365738196707,1.9504887012781815e6,0.078,0.126,2.94,1.787e6,0.9201041922476159,0.8697245228298824,0.922,0.874,0.6353542710192961,0.5497741814381558,0.0010164316247046716,0.588780426003698,0.5647702804485926,0.41141266587795633,0.35816602548550946,0.001,0.20911593615487592,0.38152769519799923,-9.89466800231961,-8.333176585301576,0.49817298805758564,7.947348134511104,14.069793914292326,19.576081817592517,21.857505910305274,20.738657621311294,15.788213073695658,8.385137218563829,-0.25580994965610554,-9.306308458728957,6.755912306856616,2.7442729469412583,2.674115830746301,2.269267714922063,2.286360510376967,1.4612082959939874,1.7212624974183623,0.8374438175240516,1.4055992510790936,1.8407180072617948,1.9031791288843667,3.3874260427661893,4.124120519056431,2.221247880346209,19.20690461518039,15.334664406021743,39.84697553706524,50.50145698302498,87.96559255630669,117.09332151634834,94.14194675773824,101.15798644407495,82.52553448410039,52.4405411658742,38.50133878123267,24.971304861052275,60.30729734248383,11.018416949853378,8.320608084169752,24.816266793917666,24.50837852009944,37.0641875021693,44.171119472775224,36.415120174472705,45.59539022946577,44.32270362380436,18.63285369132517,31.668625731741457,18.283633677648016,28.734775370867258,-8.466666667,-4.922222222,1.366666667,9.133333333,14.98888889,20.42222222,22.7,22.02222222,16.13333333,9.677777778,1.277777778,-7.6,8.061111111,2.491485501,4.793166432,2.759075932,2.121320344,1.274209995,1.710100712,0.85732141,1.708638184,1.697056275,2.150452149,2.783782399,4.518296139,2.405408789,28.3,16.43333333,45.36666667,69.93333333,90.53333333,133.1555556,91.91111111,123.4888889,97.83333333,57.5,39.13333333,29.31111111,68.575,30.793099880000003,9.335684228,29.32119541,57.20131117,45.11280306,55.65772882,47.15388225,56.18955518,55.14163581,32.06091858,27.47853708,14.05315307,38.29162538,8809.31,4891.400000000004,79997.23999999957,144073.23999998003
"Santee Sioux Nation, Nebraska",0.08481687265891043,0.13528739997423858,3.0943391409852086,1.503294369046991e6,0.12397529083292405,0.18798058565444034,3.0701764940505427,545845.5677057753,0.9151831273410895,0.8647126000257614,0.876024709167076,0.8120194143455597,0.6590062826285997,0.5717707467566484,0.0010000000000000009,0.6237110798289542,0.6403675038505077,0.4428393953457203,0.38454732337955627,0.001385293635017185,0.4121737207743507,0.3800840552122669,-7.704261619658169,-5.862070297336038,2.178176902304751,9.080545899820397,14.82732071544612,20.706167117473928,22.894991631483197,21.833732458250296,17.14615681626883,9.633912707488994,1.0644650446106607,-7.292352259764776,8.208898759650058,2.728347641585168,3.053906347731171,2.0352253537427583,2.110026720237544,1.5244825355330245,1.6236321843371961,0.9831872433534184,1.4287603750625724,1.8151609648806488,1.7851475829663963,3.4651518945677866,3.894250126995366,2.2039399142792586,15.65224668429896,12.736333203114718,41.727835716338355,61.34129007177288,100.26970515468139,116.74154758660487,89.64569331925841,100.77818977024332,83.21959572811124,45.824024720845884,32.46885541623407,23.264619543661645,60.30582807719583,8.081694984122826,10.303306955436849,24.051935707369648,34.64990302383546,37.94987962837775,56.50275849885284,51.3631436289919,45.931815458725374,51.031745422375444,19.770629695457707,27.486939327555042,20.23825009026651,32.280166868424104,-3.1,-0.6333333330000002,3.6555555560000004,12.01111111,16.82222222,22.0,24.42222222,23.98888889,17.46666667,12.93333333,3.011111111,-3.733333333,10.73703704,7.160830957,6.118006210999999,4.950785572,4.198346235,3.355882067,2.032240143,1.794977561,1.755309406,2.530316186,3.863288754,5.553477389,5.844655678,4.09650968,14.83333333,10.56666667,58.188888889999994,71.31111111,86.07777777999999,112.0111111,66.48888889,105.8111111,51.54444444,39.87777778,30.4,22.08888889,55.76666667,13.48601127,8.656211643,47.62770844,46.20893973,32.07903434,60.60471195,36.74375608,71.08629341,34.23145889,19.0076812,21.49581355,36.39795477,35.63546461,1920.0,1066.0800000000002,79997.23999999957,144073.23999998003
Iowa Tribe of Kansas and Nebraska,0.08288559949264517,0.13156111190935296,3.0912573250769895,1.715425122466748e6,0.13287622297396517,0.225280012498916,3.0072448015408804,607920.5320388732,0.9171144005073548,0.8684388880906471,0.8671237770260348,0.774719987501084,0.6927414383996705,0.6088774972758054,0.0010000000000000007,0.670391318080205,0.6731222461117472,0.6896579535056878,0.5787390560493417,0.0015824584677697382,0.619868236425538,0.6804875154135415,-7.595328988268155,-5.794056486562848,2.2738050900600553,9.153088144673184,14.9048882676676,20.80462445662011,22.878414028254184,21.828646803840787,17.193001240558655,9.670422097942735,1.1089851026522346,-7.190363128727654,8.26967721896648,2.6561025304175976,3.0821121579106143,1.897209100374302,2.077027121039106,1.515496471875698,1.5413894146061449,0.9866734174664804,1.4373943073854747,1.7979960413212288,1.7415497010181562,3.3690288104064243,3.884210294674581,2.165515780769553,15.583829919175976,12.745949719036314,42.888097456131284,64.60463997391061,102.98317814034918,117.34594974050279,91.59250465726257,103.78333332441339,85.28120732438546,46.35496586065642,32.35597455275139,23.013578521522348,61.54443410040502,8.132302397189942,10.64940319793296,24.56692348414804,37.035192971047486,38.41742802121508,58.27353328817038,53.715062707388256,47.59523306067039,51.13741411730448,18.399241559539107,27.754021101899433,20.387370545963684,33.005260537681565,-4.538888889,-2.8277777774999997,5.1333333329999995,11.427777775000001,16.555555555,22.677777775,26.144444444999998,24.805555554999998,19.455555555,12.322222225000003,4.811111111,-3.6111111115000005,11.02962963,4.0175880615,5.851064363,3.2076581809999998,3.1518510090000005,2.5524931720000006,1.74527636,2.1279009915000002,2.0758442574999996,2.8290994605,3.4384425614999996,2.8009377515000002,2.4735940440000004,3.0226458509999996,22.122222225,46.5,61.15555555499999,58.73888888999999,121.80555555000002,122.25555555000001,103.62222225000001,94.122222245,85.894444445,55.172222219999995,48.916666670000005,45.08888889,72.11620371000001,12.272704710000001,44.37224610999999,40.782768004999994,29.515865634999997,69.46719067,42.422479845000005,34.849263335,42.714615585000004,57.396360115,30.069617035,27.322523904999997,58.804075950000005,40.83247591,1600.0,888.4000000000002,79997.23999999957,144073.23999998003
"Chippewa Cree Indians of the Rocky Boy's Reservation, Montana",0.14325353346313419,0.19814261723358095,2.9364609133305137,1.5220522359495363e6,0.12343523303737963,0.19176165781541438,3.171088082593449,895369.5948245387,0.8567464665368658,0.801857382766419,0.8765647669626204,0.8082383421845856,0.3735043572105549,0.3472702736732217,0.0009999999999999987,0.23900019245582202,0.346797990981157,0.14151827746123552,0.13412407215420588,0.0015780191636411013,0.08569734383908499,0.0507085411479157,-7.490466940256043,-7.429407391262572,-0.45900304572539347,6.2435444996136376,12.571478164062697,17.638870902694247,20.301265079116646,19.645760485892495,14.802961844118277,8.121781542884781,1.6524420222413088,-6.094839556707149,6.625365633953157,2.5134649986562168,2.837649021848584,2.5116876280319986,1.87484778151257,1.370601288722317,2.0444330542889615,1.2341327133246804,1.358009201310273,1.5767044183261387,1.6962435383828516,2.3288349792648364,3.6155772660148924,2.0801821575349124,40.663902080539614,29.12695637511222,39.7111620725901,60.22131688109642,78.09145082358341,98.81945163593298,84.52281278998214,94.58515600957959,95.05874822996431,69.58731683291543,67.47195601574907,47.42140501724807,67.10680289747673,16.377130496208164,16.88937108153533,22.64355169499677,23.680047724588274,30.28134658761115,42.28794081930497,27.992306482747665,31.138738161211368,36.0164277301203,26.98109230026601,35.1847697171627,20.069299014947156,27.46183515165332,-8.888888889,-4.422222222,-0.544444444,6.955555556000001,11.05555556,16.15555556,20.7,18.7,12.56666667,7.4,-1.822222222,-6.066666667,5.982407409,3.10340315,5.668725115999999,2.245613007,2.762295744,2.148319757,2.357493961,2.063976744,2.404682931,2.054263858,3.081801421,5.548373135,8.905616206,3.528713753,15.1,8.788888889,23.94444444,23.97777778,64.45555556,64.92222222,43.96666667,38.81111111,33.01111111,28.03333333,31.05555556,22.25555556,33.19351852,12.282100800000002,6.181715871,9.699369968,12.341978949999998,62.67190581,49.7332328,32.28432282,22.807095630000003,25.50114921,17.11848416,41.18944377,27.44964076,26.60503671,38265.680000000015,21247.240000000016,79997.23999999957,144073.23999998003
"Minnesota Chippewa Tribe, Minnesota (Mille Lacs Band)",0.12653513678184408,0.18671420287527327,2.983430708669182,1.8397507923316865e6,0.10608011929540875,0.18022093731619104,3.1389613373660192,1.4406601769316306e6,0.8734648632181559,0.8132857971247267,0.8939198807045913,0.819779062683809,0.3837770370972713,0.35644740865599406,0.0009977750469678174,0.25024419328397207,0.3524468721528541,0.4728271038234141,0.44281592523583635,0.0009999999999999903,0.3082995841851287,0.38709214947998727,-8.639850039536794,-8.315435453519115,-0.8545449493313119,6.091941082556739,12.487932369858644,17.520102839274497,20.17426770000768,19.386062673280442,14.381785009672921,7.69954248578731,0.6832620204260289,-7.407114252511816,6.100662623889046,2.481688306934615,2.7848663597539423,2.495512425036312,2.0070535650554793,1.4348566786988957,1.9687746455545627,1.160448698483478,1.334351112089053,1.7402756523043748,1.795762196524323,2.6447464528864093,3.845125898752675,2.1411218327031984,34.12244412627049,24.59596127948055,39.36564605677326,54.34266699307569,78.94003637838257,102.65530438091655,91.2637178304511,99.52558152809225,100.21409698962941,71.43204192089058,61.85007242406504,42.56351259733445,66.73925687593436,15.263341245461602,13.896967701238287,23.339386349520236,22.33949091414431,32.48049334613208,41.88128514430303,32.76022896473646,33.88949188262627,39.58242921268801,28.606351347157045,34.03911038039177,21.986686365558977,28.338771904955465,-10.631746031714286,-7.911111111000001,-0.550793650857143,6.898412698428573,13.271428572857143,18.428571428571434,21.00634920428572,20.20952380857143,14.574603175714287,7.742857142857144,0.23968253985714288,-9.100000000000001,6.181481481571429,2.4928860430000004,3.5420395787142867,2.8164420848571434,2.3882921137142863,1.5146486575714289,2.193363104714286,1.0073493322857143,1.9168045961428573,1.7883156291428572,2.2218177551428577,4.304854794571429,4.809327475857144,2.5830117638571433,23.47142857,15.641269840000003,38.12698412428572,45.45396825428572,73.11428571428571,115.66507937142859,104.49047617857144,104.22539681428573,82.59365079428572,77.08095238142857,42.75714285714286,31.598412698571433,62.85158730000001,20.68355160714286,9.571970631285716,22.93396112714286,31.942195935714288,31.144342235714294,41.53918991571429,35.11608613857143,58.96117407000002,44.07962768,36.68889363,30.898817570000002,31.932969151428573,32.95773164285714,58822.94999999,32661.760000000017,79997.23999999957,144073.23999998003
"Upper Sioux Community, Minnesota",0.08481687265891043,0.13528739997423858,3.0943391409852086,1.503294369046991e6,0.09293197285960943,0.14991500287535647,3.1464309408980826,491697.1993300504,0.9151831273410895,0.8647126000257614,0.9070680271403906,0.8500849971246436,0.6590062826285997,0.5717707467566484,0.0010000000000000009,0.6237110798289542,0.6403675038505077,0.7237496003414035,0.5006192006338247,0.0010000000000000002,0.6941590104844781,0.59679983404596,-7.704261619658169,-5.862070297336038,2.178176902304751,9.080545899820397,14.82732071544612,20.706167117473928,22.894991631483197,21.833732458250296,17.14615681626883,9.633912707488994,1.0644650446106607,-7.292352259764776,8.208898759650058,2.728347641585168,3.053906347731171,2.0352253537427583,2.110026720237544,1.5244825355330245,1.6236321843371961,0.9831872433534184,1.4287603750625724,1.8151609648806488,1.7851475829663963,3.4651518945677866,3.894250126995366,2.2039399142792586,15.65224668429896,12.736333203114718,41.727835716338355,61.34129007177288,100.26970515468139,116.74154758660487,89.64569331925841,100.77818977024332,83.21959572811124,45.824024720845884,32.46885541623407,23.264619543661645,60.30582807719583,8.081694984122826,10.303306955436849,24.051935707369648,34.64990302383546,37.94987962837775,56.50275849885284,51.3631436289919,45.931815458725374,51.031745422375444,19.770629695457707,27.486939327555042,20.23825009026651,32.280166868424104,-9.8833333335,-7.9611111115,0.638888889,8.088888889,14.327777780000002,20.122222225,22.005555554999997,21.094444445,16.577777779999998,8.4555555555,0.044444444499999985,-8.1833333335,7.1106481485,2.7815319119999997,3.0524398099999996,2.131717749,2.8221770090000002,2.0419697329999997,1.5480067585000001,0.9925782135000001,1.4016155345,1.8194232639999997,2.3399014155,3.256786348,5.353988428,2.4618446809999996,24.61111111,14.394444445000001,36.966666665,66.761111115,98.13333333,106.55555555000001,102.03333335,89.33888888999999,86.138888885,56.68333333500001,40.866666665,28.54444444,62.58564814500001,27.76609312,9.667324171499999,25.058937119999996,37.89240455,24.860249924999998,44.735392315,37.040107185,38.596214925000005,65.10211534,26.647706859999996,38.188397315,21.505453499999998,33.088366359999995,1920.0,1066.0800000000002,79997.23999999957,144073.23999998003
"Minnesota Chippewa Tribe, Minnesota (Grand Portage Band)",0.14325353346313419,0.19814261723358095,2.9364609133305137,1.5220522359495363e6,0.09899999999999999,0.163,3.13,281000.0,0.8567464665368658,0.801857382766419,0.901,0.837,0.3735043572105549,0.3472702736732217,0.0009999999999999987,0.23900019245582202,0.346797990981157,0.3905850151767989,0.364027608883356,0.0009999999999999998,0.27336276216126054,0.3200784671543709,-7.490466940256043,-7.429407391262572,-0.45900304572539347,6.2435444996136376,12.571478164062697,17.638870902694247,20.301265079116646,19.645760485892495,14.802961844118277,8.121781542884781,1.6524420222413088,-6.094839556707149,6.625365633953157,2.5134649986562168,2.837649021848584,2.5116876280319986,1.87484778151257,1.370601288722317,2.0444330542889615,1.2341327133246804,1.358009201310273,1.5767044183261387,1.6962435383828516,2.3288349792648364,3.6155772660148924,2.0801821575349124,40.663902080539614,29.12695637511222,39.7111620725901,60.22131688109642,78.09145082358341,98.81945163593298,84.52281278998214,94.58515600957959,95.05874822996431,69.58731683291543,67.47195601574907,47.42140501724807,67.10680289747673,16.377130496208164,16.88937108153533,22.64355169499677,23.680047724588274,30.28134658761115,42.28794081930497,27.992306482747665,31.138738161211368,36.0164277301203,26.98109230026601,35.1847697171627,20.069299014947156,27.46183515165332,-11.955555560000002,-10.133333333500001,-2.1777777775,4.433333333,10.75,16.08888889,18.794444445,18.07777778,13.01111111,5.988888888499999,-1.8944444444999997,-9.199999998500001,4.3152777775,2.526196929,2.3572405825,3.6804762335,2.1913991009999996,1.433333723,3.541258788,1.852747215,1.6419500509999998,3.5356690009999996,1.7288037445,3.9378277329999998,7.6688108249999996,3.0079761605,34.96666667,19.3,26.25,39.366666665,74.07222222,103.25,114.3777778,83.12777777999999,103.483333345,67.82777778,51.58888889,36.85,62.871759265,15.480685339999999,8.363933929,15.785697895000002,16.519890569999998,25.323755140000003,39.1295641,24.757296805,33.512640705,48.671542835,26.747764395,23.83108262,11.321904508,24.120479905,38265.680000000015,21247.240000000016,79997.23999999957,144073.23999998003
Lac Courte Oreilles Band of Lake Superior Chippewa Indians of Wisconsin,0.1295192982907423,0.18889531248125935,2.988358574373701,1.7975233630000048e6,0.11600000000000002,0.224,3.0,965000.0,0.8704807017092577,0.8111046875187407,0.884,0.776,0.38008992951830456,0.3512786148341807,0.000997588007290795,0.24478072107913243,0.3498465952306895,0.433424743723885,0.4041571227320506,0.0009999999999999979,0.24998240144653047,0.4100168293558134,-8.371426321521938,-8.150246181969422,-0.8362035050674694,6.052677709541137,12.447054095727587,17.485974691648195,20.128960219519772,19.37038625702207,14.374945977752002,7.737564675757126,0.8560244930363117,-7.134713891644076,6.163416518367266,2.4698077607925017,2.7714931764589004,2.4848835483441105,1.9663523135972587,1.4027765691721241,1.9793084896839215,1.2093916948741854,1.3383033991670725,1.7392267826163463,1.780734817872514,2.589305790070487,3.7877321207228896,2.1266097053054644,35.33869844656806,25.41315529028319,39.51385808946927,55.698147273239265,79.01152067355993,102.76239412194519,89.20039744438255,100.0055004261158,101.81427088150691,71.56954047350288,62.92107148758375,43.87194291967216,67.26004146105961,15.406956035528726,14.540953093726777,23.85401169781491,22.908515936835578,31.509691488588444,41.74635893231342,30.462638761525337,34.02831813878619,39.93249429946096,29.052441953789693,34.26946812565088,21.751712281929198,28.28863006276925,-10.3,-7.033333333,-1.133333333,6.2,12.45555556,17.86666667,20.78888889,19.85555556,14.08888889,7.500000000000001,-0.377777778,-8.822222222,5.924074075,2.103568397,5.147329405,2.6,2.202271555,1.354724244,1.639359631,1.115173131,1.632567848,1.543894786,2.094039159,2.699434097,4.617569106,2.395827613,26.5,13.744444439999999,32.27777778,53.1,74.7,112.7333333,88.67777778,111.9666667,111.8444444,77.68888889,46.13333333,36.18888889,65.46296296,20.86953521,7.584871639,16.71143155,24.71360961,17.28351816,40.91112318,43.91178025,53.23523269,60.227238670000006,30.40425317,28.792967890000003,36.33739274,31.74857956,53597.67999998998,29760.420000000013,79997.23999999957,144073.23999998003
The Osage Nation,0.14028053713978453,0.20886283232146968,2.984131123127103,1.4046439967452977e6,0.153990103548466,0.24696571776974643,3.209845170750867,3.9591201444893256e6,0.8597194628602155,0.7911371676785304,0.846009896451534,0.7530342822302536,0.4467737377504346,0.4136124577921996,0.3040579420694195,0.39553970352821627,0.39768862204085337,0.3774161207951463,0.32127760835418484,0.24933042781695985,0.30693447301074434,0.3320218767087474,0.3127741813227523,2.13010847370905,8.553807740490441,13.859168176790634,18.391661911731862,24.292538299972467,26.929775695998938,26.358312871175215,22.009541879850065,15.001554761603911,8.082377161076806,0.8064650148547122,13.894007178502468,2.6565636837576783,3.09226206037033,1.4125021394635748,1.531408725379488,1.4167198276458066,1.6076248157984572,1.5045964507444356,1.9769092411243692,1.5222951320633624,1.4244817213971595,2.2261119593267953,2.888020013582141,1.9382913143741272,46.31675885151384,50.84199965215271,83.42570710393755,69.43764623726605,144.17307009144602,143.9418983655555,111.36109539705623,94.07987325342465,79.53184140719888,64.365435589779,63.373990292958965,45.53757844117252,83.03224122248956,27.166319982554963,28.496490426250112,36.86702676129499,31.23094419168651,66.65644463783737,69.43025637423813,65.77489922062182,48.38115863517865,39.45194708316867,38.87381026870798,39.80315777167852,38.417468687107466,44.21249366950501,1.4092592591666666,2.075925926,8.4555555555,14.522222220000002,19.201851851666667,24.711111111666668,27.312962961666667,27.420370370000004,22.137037038333336,15.635185185000003,8.820370370500003,1.4537037038333334,14.429629630000003,3.7672595333333336,7.605372761833335,4.6927797015,2.9705829261666676,2.479407805666667,2.7016308311666672,2.693006349166667,3.0918469880000004,4.412115398333334,3.165708149833334,2.8488077898333337,3.1960892591666674,3.6353839580000002,40.44444444666667,53.729629630000005,87.29074074166668,87.11481481666668,125.16111110333334,164.7740740666667,89.54814815000002,76.75555555500003,94.00370370166667,71.21481481333333,49.259259258333344,32.60000000000001,80.99135802500003,23.84216639666667,43.871019423333344,54.07718270000001,50.08989102666667,57.997781266666664,69.31045785333333,55.72927590333335,51.15760299500001,53.66359429166667,49.298250886666665,39.52556642333334,22.642688366666672,47.600456461666674,48122.55,26720.140000000036,79997.23999999957,144073.23999998003
Cow Creek Band of Umpqua Tribe of Indians,0.1522582717033592,0.23406552166805242,3.244386521533459,6.74819495677267e6,0.147,0.22599999999999998,3.1600000000000006,8.494e6,0.8477417282966409,0.7659344783319476,0.853,0.774,0.4421626082760352,0.4160137935949236,0.0010000000000000002,0.24420872880930256,0.357456753315013,0.2963750000349256,0.29238416281162133,0.0014745736872325312,0.13661230614991782,0.19572302112639944,7.730335322714833,9.308965615147061,10.126200623726342,11.516936631445011,15.047584541803069,18.634640522109976,18.89610684881074,23.488689968785163,18.337524863746804,16.192824666099746,10.054077863548592,7.833745382336318,13.93063607107417,2.4480803044258312,3.3025192456189254,2.6894952828810736,3.1647934593273654,3.0351412211751922,4.113682950685422,3.5398181342020454,2.4405269035984647,4.605197505214833,3.3290588629654723,2.1827528988030687,1.7822081500242963,3.052772909906649,188.31508951265985,121.8692384280051,114.14079282493609,75.78604717214833,55.80333901578004,15.420659278598466,3.3348820686176466,3.6240835463452674,15.171156580386189,50.359519750166235,68.49305200268542,160.88948564744246,72.76727882060102,121.92319834548591,94.3088577802046,116.21568990222505,58.14494458691817,38.88260590896418,16.36422400134271,4.323275115154731,5.4980524490626586,16.62641406047314,44.134202678938614,69.51627397274936,104.58646757149617,57.543683863209715,3.1055555554999996,4.702777777750001,6.3694444445,9.747222222249999,12.461111110000001,16.0416666675,20.41111111,19.405555555000003,16.08888889,11.163888887499999,4.5083333334999995,2.488888889,10.54120370325,2.38856920025,3.7295004652499997,1.6040431245,2.1109329005000004,1.7851975495,2.2897124347499997,2.1977639445,1.52789031425,1.51290047,2.9419912315,3.01142691875,2.573459847,2.3061157,143.41111112500002,79.79166667,91.54722222250001,73.46388889,59.944444444999995,39.58611111250001,23.180555555,13.830555555,29.56111111,69.3138888875,115.08333334750002,174.75555555,76.12245370500001,97.26967463749999,45.27611616,38.27832518,46.1562527425,32.8748682075,22.9986082375,27.0903862275,17.585311599999997,27.763655925000002,30.2744530475,68.36983158,119.161575355,47.758254907499996,1736.16999999,964.0300000000001,79997.23999999957,144073.23999998003
Lac Vieux Desert Band of Lake Superior Chippewa Indians of Michigan,0.1295192982907423,0.18889531248125935,2.988358574373701,1.7975233630000048e6,0.146,0.187,3.04,1.158e6,0.8704807017092577,0.8111046875187407,0.854,0.813,0.38008992951830456,0.3512786148341807,0.000997588007290795,0.24478072107913243,0.3498465952306895,0.36173648310414613,0.3509983366945477,0.001,0.20119831853441528,0.3241413337593596,-8.371426321521938,-8.150246181969422,-0.8362035050674694,6.052677709541137,12.447054095727587,17.485974691648195,20.128960219519772,19.37038625702207,14.374945977752002,7.737564675757126,0.8560244930363117,-7.134713891644076,6.163416518367266,2.4698077607925017,2.7714931764589004,2.4848835483441105,1.9663523135972587,1.4027765691721241,1.9793084896839215,1.2093916948741854,1.3383033991670725,1.7392267826163463,1.780734817872514,2.589305790070487,3.7877321207228896,2.1266097053054644,35.33869844656806,25.41315529028319,39.51385808946927,55.698147273239265,79.01152067355993,102.76239412194519,89.20039744438255,100.0055004261158,101.81427088150691,71.56954047350288,62.92107148758375,43.87194291967216,67.26004146105961,15.406956035528726,14.540953093726777,23.85401169781491,22.908515936835578,31.509691488588444,41.74635893231342,30.462638761525337,34.02831813878619,39.93249429946096,29.052441953789693,34.26946812565088,21.751712281929198,28.28863006276925,-11.14444444,-10.5,-2.422222222,4.377777778,10.8,16.23333333,18.71111111,17.85555556,12.68888889,5.833333333,-1.8555555559999999,-9.611111111,4.247222223,1.753646993,2.060339778,2.731655989,2.358907468,1.54677083,2.675350444,1.9464354889999997,1.64629213,2.916095182,2.034084561,3.143290915,4.76509298,2.46483023,44.17777778,17.97777778,35.0,56.53333333,74.86666667,105.2777778,117.9333333,99.26666667,122.50000000000001,86.87777778,58.42222222,36.76666667,71.3,63.540730589999995,5.733406007,22.605475,40.00181246,40.31169185,34.67213499,34.28593006,41.16132894,59.14207470000001,40.60359522,33.14195897,20.65623393,36.32136439,53597.67999998998,29760.420000000013,79997.23999999957,144073.23999998003
Omaha Tribe of Nebraska,0.10642515431036734,0.16344679762761086,3.0267610606041915,1.060743565287577e6,0.1621764635154987,0.23459119199236078,2.9437797583017415,601305.687492065,0.8935748456896326,0.8365532023723892,0.8378235364845013,0.7654088080076392,0.6648931833994302,0.5536883815666928,0.004138349517141497,0.642639555304111,0.6199830351486297,0.6884328089990006,0.5696985934835094,0.00102286139486395,0.664994943365482,0.6478236030163257,-6.116182187437075,-4.078294168781199,3.533420365593733,10.182030751287725,15.54222802375457,21.575729620161873,23.815601971916447,22.763881635404708,18.20606324239164,10.72558166535091,2.211528865789555,-5.6373426168851175,9.393687263501304,3.0237915063091396,3.2305246947472575,1.9865427477300257,1.9418575667644906,1.5631535326375976,1.4981717644506527,1.0525274899368144,1.4131646006976493,1.7974695080005219,1.5972961712892948,3.6806429548402084,4.031185217431854,2.2346939795832896,17.723545110459526,15.78647519441775,46.560812299895545,67.29795764472584,102.75908325198434,116.73837540271538,82.33353060684072,91.96174064675196,71.34767623923234,46.0641601388825,37.478439223624015,24.865552653472573,60.07644570108093,16.074930556364492,15.503329046631846,29.895347642887714,39.154138055279354,41.74840962829241,64.4803766253107,52.88529677728458,44.47554982559267,45.6305421174778,23.756083941054833,33.0980948912637,28.66391218708093,36.28050094153002,-5.6444444444999995,-2.4000000000000004,3.1722222220000003,10.572222219999999,15.772222225,21.744444445000003,24.633333335,23.172222225000002,17.47777778,10.93888889,3.4944444445,-6.022222222000001,9.742592593000001,3.0516993995,6.291955315000001,2.5412841945,1.6395577175,1.391675904,2.358326615,1.8952790655,2.4226934815,2.3872151914999997,1.4416619055000002,6.405018934,3.2511028670000006,2.923122549,20.816666670000004,32.66111111,47.72222222,75.56111111499999,109.50555555,123.1,85.58888888999999,79.05,75.32777778,56.40555555499999,37.62777778,44.59444444499999,65.66342592500001,18.451979635,53.61136694500001,30.451534700000003,36.613876770000005,45.9514389,62.450629815,60.91731861499999,43.23647978,40.72742219,32.32539399499999,25.972441139999997,58.538697799999994,42.43738169,4247.5,2358.4299999999994,79997.23999999957,144073.23999998003
Sac & Fox Nation of Missouri in Kansas and Nebraska,0.08288559949264517,0.13156111190935296,3.0912573250769895,1.715425122466748e6,0.13167106274607682,0.22301318823823046,3.039802176426543,580895.2627959948,0.9171144005073548,0.8684388880906471,0.8683289372539231,0.7769868117617695,0.6927414383996705,0.6088774972758054,0.0010000000000000007,0.670391318080205,0.6731222461117472,0.8298846391248865,0.6540761934383941,0.0010000000000000002,0.7247162502712391,0.8123573376512782,-7.595328988268155,-5.794056486562848,2.2738050900600553,9.153088144673184,14.9048882676676,20.80462445662011,22.878414028254184,21.828646803840787,17.193001240558655,9.670422097942735,1.1089851026522346,-7.190363128727654,8.26967721896648,2.6561025304175976,3.0821121579106143,1.897209100374302,2.077027121039106,1.515496471875698,1.5413894146061449,0.9866734174664804,1.4373943073854747,1.7979960413212288,1.7415497010181562,3.3690288104064243,3.884210294674581,2.165515780769553,15.583829919175976,12.745949719036314,42.888097456131284,64.60463997391061,102.98317814034918,117.34594974050279,91.59250465726257,103.78333332441339,85.28120732438546,46.35496586065642,32.35597455275139,23.013578521522348,61.54443410040502,8.132302397189942,10.64940319793296,24.56692348414804,37.035192971047486,38.41742802121508,58.27353328817038,53.715062707388256,47.59523306067039,51.13741411730448,18.399241559539107,27.754021101899433,20.387370545963684,33.005260537681565,-0.9638888887499999,0.6249999997500001,6.3722222222500005,13.719444444999999,18.42222222,23.547222222499997,26.3888888875,25.6361111125,19.541666667500003,14.702777777500001,7.12777777775,-2.3250000002499998,12.7328703725,5.15182658425,5.5537162085,3.9037220907499997,2.69708137225,2.1826643832499997,1.9759749305,1.57894661825,1.80047743025,2.878694075,2.39203343475,4.830711392,4.1656058955,3.25928786825,27.633333335000003,43.1527777775,74.3833333325,73.6361111125,105.130555555,130.44444445,104.88333334999999,95.8555555525,85.11944443499999,66.59166666750001,39.75000000000001,39.5499999975,73.84421296500001,18.670806925,49.0123165575,48.885856365,38.507558495,68.42168179500001,40.113190825000004,32.9584095075,42.7401597125,56.68374790749999,47.69232249,19.1471670875,41.242267192499995,42.006290405,1600.0,888.4000000000002,79997.23999999957,144073.23999998003
St. Croix Chippewa Indians of Wisconsin,0.14325353346313419,0.19814261723358095,2.9364609133305137,1.5220522359495363e6,0.09700517515022355,0.18360633140488966,3.1851943387309163,1.5154593112462228e6,0.8567464665368658,0.801857382766419,0.9029948248497764,0.8163936685951103,0.3735043572105549,0.3472702736732217,0.0009999999999999987,0.23900019245582202,0.346797990981157,0.3440545666797694,0.3200673585177242,0.0010000000000000002,0.20776229812067723,0.31170878076418945,-7.490466940256043,-7.429407391262572,-0.45900304572539347,6.2435444996136376,12.571478164062697,17.638870902694247,20.301265079116646,19.645760485892495,14.802961844118277,8.121781542884781,1.6524420222413088,-6.094839556707149,6.625365633953157,2.5134649986562168,2.837649021848584,2.5116876280319986,1.87484778151257,1.370601288722317,2.0444330542889615,1.2341327133246804,1.358009201310273,1.5767044183261387,1.6962435383828516,2.3288349792648364,3.6155772660148924,2.0801821575349124,40.663902080539614,29.12695637511222,39.7111620725901,60.22131688109642,78.09145082358341,98.81945163593298,84.52281278998214,94.58515600957959,95.05874822996431,69.58731683291543,67.47195601574907,47.42140501724807,67.10680289747673,16.377130496208164,16.88937108153533,22.64355169499677,23.680047724588274,30.28134658761115,42.28794081930497,27.992306482747665,31.138738161211368,36.0164277301203,26.98109230026601,35.1847697171627,20.069299014947156,27.46183515165332,-9.094444444499999,-6.699999999999999,1.2388888889999998,7.4277777775,13.644444445000001,19.272222225,21.105555555,20.816666665,16.55,8.5555555555,1.0055555555,-6.8944444444999995,7.2439814815,3.164906537,3.1752477585,4.0846758560000005,2.4033727415,1.581793228,2.9028246530000006,1.061957149,2.085062937,3.053257678,1.9790695105000002,3.960436876,8.1078117465,3.1300347225,18.377777775,14.416666665,39.23888889,56.183333335,76.94444444499999,124.9055556,98.62222220000001,122.27222219999999,102.84999998500001,73.177777775,45.78333333,27.011111110000005,66.64861110999999,11.1766149325,8.103534686,20.138685985,36.50125045,23.40675805,40.858084625,50.568267580000004,54.832772545000005,60.219771665,39.2135952,37.300312045,17.5214606925,33.32009237,38265.680000000015,21247.240000000016,79997.23999999957,144073.23999998003
"Minnesota Chippewa Tribe, Minnesota (Bois Forte Band (Nett Lake))",0.14325353346313419,0.19814261723358095,2.9364609133305137,1.5220522359495363e6,0.12190811994435309,0.2112608843887198,3.0200566401158047,2.872892703672036e6,0.8567464665368658,0.801857382766419,0.8780918800556469,0.7887391156112802,0.3735043572105549,0.3472702736732217,0.0009999999999999987,0.23900019245582202,0.346797990981157,0.3459309517446793,0.31887426797732443,0.0010000000000000078,0.2915181991234117,0.30531073504780154,-7.490466940256043,-7.429407391262572,-0.45900304572539347,6.2435444996136376,12.571478164062697,17.638870902694247,20.301265079116646,19.645760485892495,14.802961844118277,8.121781542884781,1.6524420222413088,-6.094839556707149,6.625365633953157,2.5134649986562168,2.837649021848584,2.5116876280319986,1.87484778151257,1.370601288722317,2.0444330542889615,1.2341327133246804,1.358009201310273,1.5767044183261387,1.6962435383828516,2.3288349792648364,3.6155772660148924,2.0801821575349124,40.663902080539614,29.12695637511222,39.7111620725901,60.22131688109642,78.09145082358341,98.81945163593298,84.52281278998214,94.58515600957959,95.05874822996431,69.58731683291543,67.47195601574907,47.42140501724807,67.10680289747673,16.377130496208164,16.88937108153533,22.64355169499677,23.680047724588274,30.28134658761115,42.28794081930497,27.992306482747665,31.138738161211368,36.0164277301203,26.98109230026601,35.1847697171627,20.069299014947156,27.46183515165332,-12.48611111,-9.338888888500001,-0.41111111100000003,5.341666666499999,11.830555555,17.3,19.66388889,19.1500000025,14.677777779999998,6.436111111000001,-1.1027777777499999,-10.841666664999998,5.0182870377499995,2.4816605545000003,5.1738276155000005,6.106285776,2.26622421275,1.4380910552500001,3.5374053002499997,1.3974814435,2.9627175397500003,4.765850246,1.8957937685000001,6.11268450675,5.553970123499999,3.6409993455,27.891666665000002,15.397222220000002,30.11111111,42.322222222499995,77.09166666499999,102.19444443999998,96.152777775,92.5972222225,80.305555555,68.3388888875,58.1500000025,33.724999999999994,60.356481484999996,14.012159462500001,5.52637682225,12.4614267095,26.0333065475,44.926880839999995,30.708381314999997,55.816890234999995,39.231464772500004,34.25213603,26.805599152499997,36.15748784,21.977977195,28.9925072425,38265.680000000015,21247.240000000016,79997.23999999957,144073.23999998003
"Cheyenne River Sioux Tribe of the Cheyenne River Reservation, South Dakota",0.0945267954162043,0.1540221755168587,3.1098336836235596,436757.9172742923,0.19710670519442608,0.2962190947888648,3.1989131301886653,468842.49680930603,0.9054732045837957,0.8459778244831413,0.8028932948055739,0.7037809052111352,0.32188251812270074,0.20095380112016223,0.0009999999999999998,0.15722390087277405,0.31304125430050644,0.22395473944512917,0.22183078322109737,0.002095338337502559,0.17034545214190638,0.07480030908239998,-8.234845048741498,-6.193348450489797,1.7123960694285714,8.727210884074829,14.449508692380952,20.22660620027211,22.97573696421769,21.858503400816325,16.91798941632653,9.45608465602721,0.8476190476190476,-7.789115646312925,7.912862182299319,3.080235393938776,2.916522945768708,2.707467785115646,2.270759461911565,1.5682513898095236,2.024216015136054,0.9662069667210886,1.3867066638843537,1.898766987115646,1.997501892319728,3.933343243272109,3.943151623197279,2.3910941972244895,15.985487526666667,12.689493574544217,36.07649282047619,45.446334085850346,87.05306122448981,113.79765682340137,80.16326530557824,86.14089191455783,73.17800455170068,43.23794406707483,33.01866969006802,24.48737717530612,54.27288989612245,7.835199012993197,8.617559270897958,21.54355986945578,23.031756070068027,35.67256908911565,47.877760205306124,39.9075377777551,37.829727002993195,50.517059806258494,26.450316126190476,26.18605122938775,19.511921884285716,28.748418112040817,-6.7400000001,-2.038888889,1.7933333335,9.637777778199998,14.094444443999999,19.519999998,23.134444445,22.245555556999996,16.316666667,10.9411111113,1.5544444444000003,-4.4422222223,8.8347222216,2.9314981244999996,6.1170497525,2.2189424577,3.9769002231999995,2.7458018552000003,2.1146824118000005,2.4211106135000002,2.1105716522,2.2554338988,3.638960430899999,5.981045642299999,6.89713272,3.617427482,9.903333333,11.7088888881,21.460000001,38.70555555599999,83.37555555599998,89.96000000200002,63.246666666,44.744444445,37.133333333,36.389999999000004,23.867777778,15.944444444199998,39.70333333300001,6.8555150525,8.6967324775,13.5122069913,22.40307133,53.377695998,42.447562938000004,33.882611552,32.610438759000004,35.139738763000004,24.733658809,32.688811031,15.335741634500001,26.806982111999996,320.0,177.68,79997.23999999957,144073.23999998003
"Bad River Band of the Lake Superior Tribe of Chippewa Indians of the Bad River Reservation, Wisconsin",0.1295192982907423,0.18889531248125935,2.988358574373701,1.7975233630000048e6,0.11733307393570981,0.19590405782549802,3.3171450805510583,996785.4358320393,0.8704807017092577,0.8111046875187407,0.8826669260642902,0.804095942174502,0.38008992951830456,0.3512786148341807,0.000997588007290795,0.24478072107913243,0.3498465952306895,0.4340199203515163,0.4095993224489371,0.0010000000000000007,0.3480406513461276,0.38155870838708394,-8.371426321521938,-8.150246181969422,-0.8362035050674694,6.052677709541137,12.447054095727587,17.485974691648195,20.128960219519772,19.37038625702207,14.374945977752002,7.737564675757126,0.8560244930363117,-7.134713891644076,6.163416518367266,2.4698077607925017,2.7714931764589004,2.4848835483441105,1.9663523135972587,1.4027765691721241,1.9793084896839215,1.2093916948741854,1.3383033991670725,1.7392267826163463,1.780734817872514,2.589305790070487,3.7877321207228896,2.1266097053054644,35.33869844656806,25.41315529028319,39.51385808946927,55.698147273239265,79.01152067355993,102.76239412194519,89.20039744438255,100.0055004261158,101.81427088150691,71.56954047350288,62.92107148758375,43.87194291967216,67.26004146105961,15.406956035528726,14.540953093726777,23.85401169781491,22.908515936835578,31.509691488588444,41.74635893231342,30.462638761525337,34.02831813878619,39.93249429946096,29.052441953789693,34.26946812565088,21.751712281929198,28.28863006276925,-10.111111111333333,-7.777777777666667,-0.2148148146666667,5.725925926,11.89629629333333,17.496296296666664,19.881481479999998,19.674074076666663,15.114814816666668,7.2333333333333325,0.20740740733333332,-6.3999999999999995,6.060493827333333,2.044218238,3.35303555,4.359817924666666,2.080701853333333,1.4620711936666668,3.0577764046666664,1.154680837,2.0986090326666664,3.851867217666667,1.866184913,4.113275782666666,10.188971990999999,3.302600911666667,24.485185186666662,15.562962966666666,30.607407406666663,54.111111109999996,70.91481481666666,102.36666666666666,97.87777777333334,108.15555555666667,118.33333336666668,75.18888888666665,51.922222223333335,35.714814813333334,65.43672839666667,12.024945739333333,7.162015587666667,21.84585987666667,32.088623676666664,30.589575236666665,30.049565219999998,37.333040553333326,46.909630013333334,66.20566041666666,41.20464626333333,42.59105778666666,22.51937754,32.54366649333333,53597.67999998998,29760.420000000013,79997.23999999957,144073.23999998003
"Minnesota Chippewa Tribe, Minnesota (Fond du Lac Band)",0.14325353346313419,0.19814261723358095,2.9364609133305137,1.5220522359495363e6,0.09706864746028158,0.15960786132752874,3.2177449707072987,6.0771835199553715e6,0.8567464665368658,0.801857382766419,0.9029313525397185,0.8403921386724713,0.3735043572105549,0.3472702736732217,0.0009999999999999987,0.23900019245582202,0.346797990981157,0.3531916414012067,0.34192197897938076,0.0009999999999999979,0.2125168626753289,0.28162577258558613,-7.490466940256043,-7.429407391262572,-0.45900304572539347,6.2435444996136376,12.571478164062697,17.638870902694247,20.301265079116646,19.645760485892495,14.802961844118277,8.121781542884781,1.6524420222413088,-6.094839556707149,6.625365633953157,2.5134649986562168,2.837649021848584,2.5116876280319986,1.87484778151257,1.370601288722317,2.0444330542889615,1.2341327133246804,1.358009201310273,1.5767044183261387,1.6962435383828516,2.3288349792648364,3.6155772660148924,2.0801821575349124,40.663902080539614,29.12695637511222,39.7111620725901,60.22131688109642,78.09145082358341,98.81945163593298,84.52281278998214,94.58515600957959,95.05874822996431,69.58731683291543,67.47195601574907,47.42140501724807,67.10680289747673,16.377130496208164,16.88937108153533,22.64355169499677,23.680047724588274,30.28134658761115,42.28794081930497,27.992306482747665,31.138738161211368,36.0164277301203,26.98109230026601,35.1847697171627,20.069299014947156,27.46183515165332,-10.56666667,-5.661111110999999,-1.3333333334999997,5.6,12.083333335,17.944444445,20.183333335,20.22222222,13.811111110000002,7.066666666500001,1.9277777779999998,-9.1611111115,6.009722222000001,2.3154000485000004,9.271834327999999,3.0027513874999996,2.4058427475,1.3846649274999998,4.2145575375,1.51945652,3.5708645695,1.5242157655000002,2.08349233,9.575960722,4.842509984,3.8092959055000004,29.433333335000004,15.244444445000001,35.83888889,45.23888889,75.16666667000001,99.98333335,92.01666667,102.96111109999998,103.01666668,77.65555555499999,44.444444445,30.466666665,62.622222225,24.374781640000002,7.3772511430000005,20.11278119,35.078878419999995,27.662082050000002,39.15386468,31.96031138,52.140727905,52.284136685,32.315569409999995,30.340615755,21.965546215499995,31.23054554,38265.680000000015,21247.240000000016,79997.23999999957,144073.23999998003
"Assiniboine and Sioux Tribes of the Fort Peck Indian Reservation, Montana",0.0945267954162043,0.1540221755168587,3.1098336836235596,436757.9172742923,0.12038010896521915,0.18691685474746025,3.6456561698830257,716284.2290265224,0.9054732045837957,0.8459778244831413,0.8796198910347809,0.8130831452525398,0.32188251812270074,0.20095380112016223,0.0009999999999999998,0.15722390087277405,0.31304125430050644,0.16566196365638372,0.16502086521633297,0.002532550260128256,0.11131054973845726,0.026499784783389973,-8.234845048741498,-6.193348450489797,1.7123960694285714,8.727210884074829,14.449508692380952,20.22660620027211,22.97573696421769,21.858503400816325,16.91798941632653,9.45608465602721,0.8476190476190476,-7.789115646312925,7.912862182299319,3.080235393938776,2.916522945768708,2.707467785115646,2.270759461911565,1.5682513898095236,2.024216015136054,0.9662069667210886,1.3867066638843537,1.898766987115646,1.997501892319728,3.933343243272109,3.943151623197279,2.3910941972244895,15.985487526666667,12.689493574544217,36.07649282047619,45.446334085850346,87.05306122448981,113.79765682340137,80.16326530557824,86.14089191455783,73.17800455170068,43.23794406707483,33.01866969006802,24.48737717530612,54.27288989612245,7.835199012993197,8.617559270897958,21.54355986945578,23.031756070068027,35.67256908911565,47.877760205306124,39.9075377777551,37.829727002993195,50.517059806258494,26.450316126190476,26.18605122938775,19.511921884285716,28.748418112040817,-10.545555555499998,-6.2466666666999995,-0.08999999999999998,7.692222222599999,12.39,17.221111111,21.040000001,19.238888886999998,13.676666665999997,8.5066666666,-1.6788888889,-7.954444443999999,6.104166666499999,3.5982702583000004,6.5458023596,2.4961002493,3.6149639456,2.7407492660000004,2.5633089067999997,2.7745352575999997,2.128215807,2.5037883391999998,3.9515421195999996,6.8939741967999995,8.5287058642,4.028329714199999,12.554444444,9.2688888884,23.144444443,24.448888888000003,62.58111111,73.13111111200001,48.167777779,61.093333333,27.974444444999996,24.942222223000005,24.422222222,18.084444445,34.151111111,9.2548621782,12.997987173499999,18.964097881100002,11.966123353099997,57.096225049,43.123123977999995,26.767888274999997,33.68752194099999,19.6044021282,17.555884563999996,21.6616718534,10.451495801799998,23.594273683,320.0,177.68,79997.23999999957,144073.23999998003
"Otoe-Missouria Tribe of Indians, Oklahoma",0.11499602214482331,0.1783149138873797,3.0458625532332486,836777.1376051096,0.14840764218316949,0.23107828978237568,3.1647103844768263,2.8732283440351738e6,0.8850039778551767,0.8216850861126204,0.8515923578168305,0.7689217102176243,0.6002330108767762,0.5471202368764774,0.0010286935462325718,0.5463111636671568,0.5685331607910996,0.4570839870368578,0.4166086378022742,0.26255201286712804,0.44358266450267575,0.37881744647288695,-4.261811328443719,-2.3584512842190506,4.942524775847227,11.08044134774118,16.2593175051539,22.552629869997745,24.986522380134804,23.941808333320598,19.39933847494944,12.059769339682537,4.095756259372725,-3.7467360641516505,10.745925801377215,2.867922429356101,3.1795802256883827,1.9210132499757357,1.8192641097184896,1.6181200374926983,1.4900497978265548,1.1767751564129407,1.5174406610518967,1.7769611887706132,1.4747838572678054,3.337754407605931,3.6454944945338106,2.1520966346095256,22.61035223085374,22.28201153327117,50.851963354039526,59.4113183057897,105.46500912216581,114.16946753884524,108.36216830625477,86.39916622897549,70.56178636434507,43.483566740617796,36.95583015107614,26.922107393082445,62.28956227187593,13.45826892188945,18.469711237710616,25.792019492453363,29.072906747000662,53.380698093329556,50.84113327707928,42.26221363400358,42.02234503982024,54.947886591172754,23.561822412379247,26.599108342392704,26.282826452976852,33.89091168754663,3.4296296296666666,5.2185185186666665,11.148148149999999,15.974074076666668,20.351851853333333,26.166666666666664,28.451851853333334,28.496296293333337,24.277777776666667,17.07777778,10.266666669000001,3.4777777779999997,16.19475308666667,2.043340918,2.7680659773333334,1.6151292030000002,1.3604703206666666,1.205923334666667,1.5521968843333331,1.4052631266666666,1.6058335110000002,1.5166312253333334,1.322223026,2.1113904663333334,2.6576586056666662,1.7636772170000001,46.91481481666666,48.73703704,88.02222223333334,89.39999999999999,142.6888889,143.2,98.32962962333333,88.92962963,77.17407407666667,72.83703703666666,46.77407407333333,44.370370369999996,82.28148148666666,24.13099628,36.358565993333336,45.46851216333334,40.648471416666666,81.12755233,69.79083785666667,59.153786266666664,55.61451399333333,49.37269374666666,46.090452903333336,43.75682015333334,36.456938136666665,48.99751177,10160.779999999999,5641.7900000000045,79997.23999999957,144073.23999998003
Menominee Indian Tribe of Wisconsin,0.11367510112441348,0.16714766906208134,2.981423963082004,1.5186313955812354e6,0.17496806735753972,0.29095285570636564,2.799971025069293,379382.7431630321,0.8863248988755865,0.8328523309379187,0.8250319326424602,0.7090471442936344,0.3722144754672556,0.3369986468198383,0.0009970424073279447,0.22205459936536046,0.33028858277756523,0.4392449023985643,0.401358264698485,0.0009999994938260399,0.25717701159867906,0.38758932793151485,-8.454520358873447,-8.245194962091615,-1.2255952382313666,5.909075224378105,12.597541408548135,17.64548826753106,20.166692545683233,19.27559523809006,14.164052796032612,7.73197895121118,0.7664510007072981,-7.463906142198757,6.072304894351707,2.363162076666926,2.4708362561878885,2.215971736484472,1.9582919943509318,1.5484049818750003,1.8470587523835404,1.2022059521979818,1.2968544212088509,1.9698012765147517,1.8073536570900623,2.8737271662290373,3.99689983558851,2.1292140089883547,31.65121635687112,19.10326087245342,41.1063405804348,50.54531573513976,77.85081090354814,106.15304520913821,88.34899931230589,107.42663905838515,118.7663905978261,77.61599378778725,73.00847135799691,49.21816770124224,70.06622095645963,13.959149477197208,11.45746157090295,27.678639176762424,22.771589077507766,30.92165128523292,42.5105641749767,36.364572770038826,33.70674760065993,41.0661952315528,37.27385161777175,35.745694452608696,29.56430275868013,30.251701599961187,-8.20833333325,-7.8499999997500005,-1.047222222,6.4972222222500005,13.049999999999999,17.933333335,20.466666667499997,19.708333335000003,14.511111112499998,8.11666666675,1.00833333325,-7.352777777750001,6.402777778499999,2.7021043455,2.6038506887499997,2.57811786325,1.9349221232499998,1.6496808322499998,1.7252659775,1.5362494895,1.4985873477500002,2.2496914735,1.7962025049999997,3.4035525105000004,5.2471481495,2.41044777575,27.888888889999997,18.894444445,44.5388888875,58.43055555250001,80.76111110999999,117.64166664999999,88.7583333325,120.563888875,113.7527778,66.96666666750001,58.794444445,51.772222219999996,70.7303240725,20.1738882675,10.767371691500001,27.52799993,21.1796598575,34.1144407225,51.994116867500004,48.406417489999995,52.01330052749999,39.167871347500004,36.34813421,36.158006215,39.438935677500005,34.774178565,2751.15,1527.6,79997.23999999957,144073.23999998003
Confederated Tribes of Siletz Indians of Oregon,0.1552667337855463,0.23868012081398338,3.2926673378554634,5.749351882139403e6,0.14699509492157176,0.22398957670834,3.6599417521936646,4.368122780244407e6,0.8447332662144537,0.7613198791860166,0.8530049050784283,0.77601042329166,0.47135162589203283,0.42935554386793795,0.0009999999999999996,0.3205146819662438,0.4548636920291954,0.2617034438739928,0.23774201099007888,0.0009999999999999998,0.16229224478307563,0.2609944233541183,7.876952253716869,9.198505131648597,10.123337793807229,11.469053995722891,14.9995314613253,18.754930833072294,18.90022311447791,23.205622489176708,18.06715751730924,15.916443552228918,9.995269969000002,7.9898929051827325,13.874743417128514,2.438414644186747,3.487130844297189,2.8046298714678715,3.2230924947008037,3.0015083092590364,3.975215749481927,3.562011887598395,2.647696513140562,4.678661244716868,3.4003713761506025,2.131380411084337,1.7050738410341368,3.0879322655823294,197.3678268640562,126.3483935853414,113.21555106646588,78.17117358180724,58.54183400144578,15.69585006736948,3.5394243639538154,3.942369477759036,14.410397145144579,52.77405176331326,70.58502900313255,160.51967870943776,74.59263163821286,133.96670266877513,91.01780147140563,111.24607455791165,54.961037705321296,41.098143152188754,16.55325396801205,4.405836030142571,5.827151741110441,15.10926804174699,48.188839066606434,69.58075631431728,101.34553410102413,57.77503323431728,5.455555556,6.6,7.511111111,9.7,11.788888889999999,14.56666667,18.06666667,17.1,15.33333333,10.83333333,6.8,4.277777778,10.66944444,2.507045627,1.95512148,1.944507935,1.607015868,1.366056774,2.099404678,3.475989068,1.343502884,1.208304597,2.454587542,2.154065923,3.933121463,2.170726987,206.73333329999997,137.4555556,145.9555556,83.92222222,71.52222222,76.21111111,11.5,13.56666667,50.666666670000005,106.2,180.0333333,210.0666667,107.8194444,111.548913,76.63747633,57.8399756,42.26321621,26.71056803,27.75763158,9.404387274000001,9.647927239,25.21105908,42.34760914,92.67906991,124.5413385,53.88243099,1096.1699999900002,608.6700000000001,79997.23999999957,144073.23999998003
Lac du Flambeau Band of Lake Superior Chippewa Indians of the Lac du Flambeau Reservation of Wisconsin,0.1295192982907423,0.18889531248125935,2.988358574373701,1.7975233630000048e6,0.10968495714726743,0.19050520622053005,3.47905967019114,1.2132560286726276e6,0.8704807017092577,0.8111046875187407,0.8903150428527326,0.80949479377947,0.38008992951830456,0.3512786148341807,0.000997588007290795,0.24478072107913243,0.3498465952306895,0.3339864563714868,0.32258080450025856,0.0009999999999999992,0.17468518712754935,0.2520980213224495,-8.371426321521938,-8.150246181969422,-0.8362035050674694,6.052677709541137,12.447054095727587,17.485974691648195,20.128960219519772,19.37038625702207,14.374945977752002,7.737564675757126,0.8560244930363117,-7.134713891644076,6.163416518367266,2.4698077607925017,2.7714931764589004,2.4848835483441105,1.9663523135972587,1.4027765691721241,1.9793084896839215,1.2093916948741854,1.3383033991670725,1.7392267826163463,1.780734817872514,2.589305790070487,3.7877321207228896,2.1266097053054644,35.33869844656806,25.41315529028319,39.51385808946927,55.698147273239265,79.01152067355993,102.76239412194519,89.20039744438255,100.0055004261158,101.81427088150691,71.56954047350288,62.92107148758375,43.87194291967216,67.26004146105961,15.406956035528726,14.540953093726777,23.85401169781491,22.908515936835578,31.509691488588444,41.74635893231342,30.462638761525337,34.02831813878619,39.93249429946096,29.052441953789693,34.26946812565088,21.751712281929198,28.28863006276925,-11.0694444475,-9.594444444500002,-1.6722222224999999,4.8555555555,11.23888889,16.808333335,19.374999999999996,18.5527777775,13.563888887500003,6.2555555555,-0.93888888875,-9.41111111075,4.83032407425,1.975714236,2.56862996325,3.5888346857499998,2.3437890825,1.47281187275,2.7886072315,1.68843413975,1.90274094425,3.4131852169999997,2.1522604875,4.1313898375,4.78478769325,2.7342654495000005,26.0166666675,18.3,35.0250000025,52.1,80.63888889,108.0805555525,106.5472222075,120.10277780000001,121.3638889,85.89999999999999,55.59444444499999,39.991666665000004,70.80509259499999,12.709557644999999,8.46434325575,19.9473098775,26.597010112499998,41.007527405000005,37.686518344999996,40.609416785,52.681342595,67.69214029,38.546123375,30.245758925,29.199331837499997,33.78219837,53597.67999998998,29760.420000000013,79997.23999999957,144073.23999998003
Turtle Mountain Band of Chippewa Indians of North Dakota,0.14325353346313419,0.19814261723358095,2.9364609133305137,1.5220522359495363e6,0.163,0.287,3.0799999999999996,1.245e6,0.8567464665368658,0.801857382766419,0.837,0.7130000000000001,0.3735043572105549,0.3472702736732217,0.0009999999999999987,0.23900019245582202,0.346797990981157,0.47211367059826786,0.4338816922596933,0.0009999999999999983,0.44012508970137065,0.25859287262147046,-7.490466940256043,-7.429407391262572,-0.45900304572539347,6.2435444996136376,12.571478164062697,17.638870902694247,20.301265079116646,19.645760485892495,14.802961844118277,8.121781542884781,1.6524420222413088,-6.094839556707149,6.625365633953157,2.5134649986562168,2.837649021848584,2.5116876280319986,1.87484778151257,1.370601288722317,2.0444330542889615,1.2341327133246804,1.358009201310273,1.5767044183261387,1.6962435383828516,2.3288349792648364,3.6155772660148924,2.0801821575349124,40.663902080539614,29.12695637511222,39.7111620725901,60.22131688109642,78.09145082358341,98.81945163593298,84.52281278998214,94.58515600957959,95.05874822996431,69.58731683291543,67.47195601574907,47.42140501724807,67.10680289747673,16.377130496208164,16.88937108153533,22.64355169499677,23.680047724588274,30.28134658761115,42.28794081930497,27.992306482747665,31.138738161211368,36.0164277301203,26.98109230026601,35.1847697171627,20.069299014947156,27.46183515165332,-12.06666667,-8.444444444,-2.4,6.711111111,11.888888890000002,17.32222222,20.37777778,18.2,12.688888890000001,7.444444443999999,-2.666666667,-11.11111111,4.828703704,5.946637705,7.142673013,4.118252056,3.229336017,1.8312867360000002,2.483333333,1.829465617,1.802775638,1.572771792,3.314404589,5.911429607,6.583966214000001,3.813861026,24.42222222,23.17777778,26.93333333,25.86666667,81.63333333,124.5333333,64.55555556,114.49999999999999,44.877777779999995,42.45555556,45.33333333,23.722222220000003,53.50092591999999,13.7255945,18.61597283,17.77427917,18.08272656,30.32329962,58.99898304,24.19447825,55.47571541,33.08964256,19.50756976,27.48463207,14.93425406,27.68392899,38265.680000000015,21247.240000000016,79997.23999999957,144073.23999998003
Iowa Tribe of Oklahoma,0.08288559949264517,0.13156111190935296,3.0912573250769895,1.715425122466748e6,0.13975319508103268,0.1996527236017709,3.0953847869353632,1.6059975356061919e7,0.9171144005073548,0.8684388880906471,0.8602468049189673,0.8003472763982291,0.6927414383996705,0.6088774972758054,0.0010000000000000007,0.670391318080205,0.6731222461117472,0.36977362712331197,0.346591050631513,0.22849308807949115,0.3400141395361012,0.3373905152488028,-7.595328988268155,-5.794056486562848,2.2738050900600553,9.153088144673184,14.9048882676676,20.80462445662011,22.878414028254184,21.828646803840787,17.193001240558655,9.670422097942735,1.1089851026522346,-7.190363128727654,8.26967721896648,2.6561025304175976,3.0821121579106143,1.897209100374302,2.077027121039106,1.515496471875698,1.5413894146061449,0.9866734174664804,1.4373943073854747,1.7979960413212288,1.7415497010181562,3.3690288104064243,3.884210294674581,2.165515780769553,15.583829919175976,12.745949719036314,42.888097456131284,64.60463997391061,102.98317814034918,117.34594974050279,91.59250465726257,103.78333332441339,85.28120732438546,46.35496586065642,32.35597455275139,23.013578521522348,61.54443410040502,8.132302397189942,10.64940319793296,24.56692348414804,37.035192971047486,38.41742802121508,58.27353328817038,53.715062707388256,47.59523306067039,51.13741411730448,18.399241559539107,27.754021101899433,20.387370545963684,33.005260537681565,4.185185185333333,5.914814815,11.488888886666667,16.30740740666667,20.78888889,26.15555555333333,28.451851849999997,28.655555556666666,24.47037037,17.225925926666665,10.781481483333332,4.1148148146666665,16.545061729999997,2.121187927333333,2.7037127056666663,1.2723781936666667,1.1874893223333334,0.8917007979999999,1.4894532489999999,1.3141346936666667,1.497624087,1.4595135143333333,1.1565946233333333,2.0797091576666666,2.740119569,1.6594681536666667,55.485185183333336,57.744444446666655,106.10000003333333,96.63333333333334,164.0333333333333,149.55555556666667,88.46296297,78.79259259333332,91.41111111000001,82.41111111333332,57.25185185333333,49.97037036999999,89.82098765999999,25.49053576333333,47.18337425,62.761130923333326,46.06262642,81.58725282999998,73.10297097333331,57.802431379999994,58.18912381333333,49.06311094,60.569779579999995,49.0676961,43.26133085666667,54.511780316666666,1600.0,888.4000000000002,79997.23999999957,144073.23999998003
Lower Sioux Indian Community in the State of Minnesota,0.0798958077523842,0.13027547717011756,3.0093365738196707,1.9504887012781815e6,0.08596111683618819,0.15390668040685168,2.97,668455.6357066348,0.9201041922476159,0.8697245228298824,0.9140388831638118,0.8460933195931484,0.6353542710192961,0.5497741814381558,0.0010164316247046716,0.588780426003698,0.5647702804485926,0.5803819613198582,0.4863029892632946,0.0009999999999999994,0.46303554829287247,0.5458192991992524,-9.89466800231961,-8.333176585301576,0.49817298805758564,7.947348134511104,14.069793914292326,19.576081817592517,21.857505910305274,20.738657621311294,15.788213073695658,8.385137218563829,-0.25580994965610554,-9.306308458728957,6.755912306856616,2.7442729469412583,2.674115830746301,2.269267714922063,2.286360510376967,1.4612082959939874,1.7212624974183623,0.8374438175240516,1.4055992510790936,1.8407180072617948,1.9031791288843667,3.3874260427661893,4.124120519056431,2.221247880346209,19.20690461518039,15.334664406021743,39.84697553706524,50.50145698302498,87.96559255630669,117.09332151634834,94.14194675773824,101.15798644407495,82.52553448410039,52.4405411658742,38.50133878123267,24.971304861052275,60.30729734248383,11.018416949853378,8.320608084169752,24.816266793917666,24.50837852009944,37.0641875021693,44.171119472775224,36.415120174472705,45.59539022946577,44.32270362380436,18.63285369132517,31.668625731741457,18.283633677648016,28.734775370867258,-6.95,-6.7166666665,1.961111111,10.133333332000001,15.894444440000001,21.22222222,24.16666667,22.455555555000004,16.527777775,10.572222224499999,2.6777777780000003,-7.7944444445,8.6791666665,6.3744411415,6.0100261040000005,4.1298857705,4.1001271255,2.9315496289999996,2.4396181425,2.976171996,2.3907553234999996,1.854171108,3.969412613,7.024728618,6.034274777499999,4.186263529500001,17.31111111,16.57222222,48.883333335,73.577777775,107.96666665,119.28333334999999,99.13888887,90.294444445,90.055555555,61.533333330000005,40.877777775,36.07222222,66.79722222,12.73250428,11.777770735,43.121797640000004,63.208130340000004,32.600553305,47.68591859,37.419706700000006,32.273634675,60.147020190000006,48.955865275,33.777788705,39.763959230000005,38.622054139999996,8809.31,4891.400000000004,79997.23999999957,144073.23999998003
"Sisseton-Wahpeton Oyate of the Lake Traverse Reservation, South Dakota",0.0798958077523842,0.13027547717011756,3.0093365738196707,1.9504887012781815e6,0.11214925497075916,0.19534231111152073,3.2900084327863044,603523.7579688856,0.9201041922476159,0.8697245228298824,0.8878507450292409,0.8046576888884793,0.6353542710192961,0.5497741814381558,0.0010164316247046716,0.588780426003698,0.5647702804485926,0.5103898714529328,0.4724132621246572,0.0011968059481771097,0.47224784018365284,0.40931289485601785,-9.89466800231961,-8.333176585301576,0.49817298805758564,7.947348134511104,14.069793914292326,19.576081817592517,21.857505910305274,20.738657621311294,15.788213073695658,8.385137218563829,-0.25580994965610554,-9.306308458728957,6.755912306856616,2.7442729469412583,2.674115830746301,2.269267714922063,2.286360510376967,1.4612082959939874,1.7212624974183623,0.8374438175240516,1.4055992510790936,1.8407180072617948,1.9031791288843667,3.3874260427661893,4.124120519056431,2.221247880346209,19.20690461518039,15.334664406021743,39.84697553706524,50.50145698302498,87.96559255630669,117.09332151634834,94.14194675773824,101.15798644407495,82.52553448410039,52.4405411658742,38.50133878123267,24.971304861052275,60.30729734248383,11.018416949853378,8.320608084169752,24.816266793917666,24.50837852009944,37.0641875021693,44.171119472775224,36.415120174472705,45.59539022946577,44.32270362380436,18.63285369132517,31.668625731741457,18.283633677648016,28.734775370867258,-8.781944444,-5.9375,0.25972222224999997,8.799999999874998,14.55694444375,19.79166666625,22.345833331250002,21.45833333375,15.102777777500002,9.116666665875,0.775000000125,-8.625000000125,7.40520833325,5.8082424206250005,6.642718719124999,3.7852824075,3.4279664366250007,2.331449296125,2.7466367932500004,1.9511105431250002,2.4630968531249997,1.960214626875,3.0893825335,7.267888268000001,6.4231473365000005,3.991428019625,22.069444445,22.45138888875,42.73611111,40.1791666675,71.2125,106.65694444999998,81.52916666625002,71.20277777625,70.493055555,51.550000001250005,32.7138888875,38.550000000000004,54.278703705,30.02263383875,35.22965207675,39.6465394,35.779493575000004,33.847985953750005,40.04073055875,44.126906713749996,36.05342494625,39.173957727499996,29.5110065425,29.157018672499998,58.527201622499994,37.59304596875,8809.31,4891.400000000004,79997.23999999957,144073.23999998003
Ottawa Tribe of Oklahoma,0.15790764599144466,0.20343962772685284,2.926765278195953,1.7244263942556148e6,0.17,0.264,2.98,2.716e6,0.8420923540085553,0.7965603722731471,0.83,0.736,0.3534375618555802,0.3280480232797232,0.0010000000000000013,0.22958930300028366,0.33602528180656627,0.4780943928794326,0.3988664893809669,0.40704688497285985,0.40809066348802603,0.4644947640599661,-6.5381043440876825,-6.893327384026589,-0.5638100093966918,5.902298923888518,12.229775525826561,17.28450457419352,19.932028768102093,19.457137392622624,14.727212076951911,8.179084467235782,2.292143927115404,-4.956684832848165,6.754354923884504,2.599725745460561,2.8648275993278536,2.5248461142553786,1.8123575792440005,1.3878007966915573,2.178591221252894,1.3136993486710018,1.3317653875851434,1.514883134639259,1.6091018156378238,2.107519239391337,3.4648459582284183,2.0591636617474904,49.08585588297162,34.025016200139596,40.23519244265227,63.23385813454062,75.75511786733914,87.72124061286841,78.2126971996893,84.64211789883842,93.02921141660777,70.48636474568892,75.46894965395641,55.942687318841244,67.31985911513245,17.824934604966067,19.740137335378144,22.800408923483108,26.09089503521371,30.070758147995033,41.996009064757644,24.140001336055093,24.859995425763465,29.98283533840233,26.32453601148295,37.194927169800195,22.291530127713,26.943080710756302,2.366666667,4.044444444,10.13333333,14.76666667,19.06666667,24.65555556,27.03333333,26.93333333,22.766666670000003,15.62222222,9.455555556,2.6444444439999995,14.957407410000002,2.752271789,2.831126592,1.393735986,1.220655562,0.916515139,1.460403293,1.5337861649999998,1.503329638,1.607793519,1.170232645,2.295163998,3.22765825,1.826056048,70.84444444,67.93333333,110.95555560000001,99.27777778000001,181.7666667,125.4333333,85.38888888999999,83.27777778,101.50000000000001,81.12222222,91.97777778,75.38888889,97.90555556,45.5720888,47.98484136,54.463958520000006,41.91061255000001,82.35030358,47.23314514,55.21570077,62.81589723,51.08125879,60.68959503,80.40044741,74.14164559,58.6549579,20891.329999999998,11600.040000000012,79997.23999999957,144073.23999998003
"Bay Mills Indian Community, Michigan",0.14325353346313419,0.19814261723358095,2.9364609133305137,1.5220522359495363e6,0.16199999999999998,0.208,2.99,3.1e6,0.8567464665368658,0.801857382766419,0.8380000000000001,0.792,0.3735043572105549,0.3472702736732217,0.0009999999999999987,0.23900019245582202,0.346797990981157,0.41721857432810644,0.4053321426388563,0.0009999999999999998,0.2547859970801446,0.3191620777042448,-7.490466940256043,-7.429407391262572,-0.45900304572539347,6.2435444996136376,12.571478164062697,17.638870902694247,20.301265079116646,19.645760485892495,14.802961844118277,8.121781542884781,1.6524420222413088,-6.094839556707149,6.625365633953157,2.5134649986562168,2.837649021848584,2.5116876280319986,1.87484778151257,1.370601288722317,2.0444330542889615,1.2341327133246804,1.358009201310273,1.5767044183261387,1.6962435383828516,2.3288349792648364,3.6155772660148924,2.0801821575349124,40.663902080539614,29.12695637511222,39.7111620725901,60.22131688109642,78.09145082358341,98.81945163593298,84.52281278998214,94.58515600957959,95.05874822996431,69.58731683291543,67.47195601574907,47.42140501724807,67.10680289747673,16.377130496208164,16.88937108153533,22.64355169499677,23.680047724588274,30.28134658761115,42.28794081930497,27.992306482747665,31.138738161211368,36.0164277301203,26.98109230026601,35.1847697171627,20.069299014947156,27.46183515165332,-7.5166666665,-8.283333333499998,-1.538888889,5.027777778000001,11.52222222,15.85,19.122222224999998,18.955555554999997,14.2,7.972222222,2.0333333335,-5.655555555499999,5.974074074,3.0342484695,3.056993822,2.9335206694999996,1.8240094405000002,1.969411485,2.315657823,2.2045738845,1.3994132989999999,2.329952648,1.769175706,2.9133965434999998,4.6589907915,2.5341120485,63.01666666500001,36.733333335000005,45.916666664999994,61.87777778,67.46666667,98.077777795,63.55555556,78.49444444500001,102.81111112,83.61111111,78.67777777999999,73.21111110999999,71.120833335,23.809351314999997,20.771796065,30.71320093,34.992523170000005,32.677356815,48.795490550000004,24.533962154999998,28.648395760000003,40.633281935,35.312558095,22.95180644,40.11374818,31.99612262,38265.680000000015,21247.240000000016,79997.23999999957,144073.23999998003
"Sac & Fox Nation, Oklahoma",0.08288559949264517,0.13156111190935296,3.0912573250769895,1.715425122466748e6,0.15553519771414284,0.22809787345611396,3.053165304180015,3.9693318905893113e6,0.9171144005073548,0.8684388880906471,0.8444648022858572,0.771902126543886,0.6927414383996705,0.6088774972758054,0.0010000000000000007,0.670391318080205,0.6731222461117472,0.39319529980311285,0.3661602502035588,0.25715685083116135,0.3556197790075648,0.3405914773493788,-7.595328988268155,-5.794056486562848,2.2738050900600553,9.153088144673184,14.9048882676676,20.80462445662011,22.878414028254184,21.828646803840787,17.193001240558655,9.670422097942735,1.1089851026522346,-7.190363128727654,8.26967721896648,2.6561025304175976,3.0821121579106143,1.897209100374302,2.077027121039106,1.515496471875698,1.5413894146061449,0.9866734174664804,1.4373943073854747,1.7979960413212288,1.7415497010181562,3.3690288104064243,3.884210294674581,2.165515780769553,15.583829919175976,12.745949719036314,42.888097456131284,64.60463997391061,102.98317814034918,117.34594974050279,91.59250465726257,103.78333332441339,85.28120732438546,46.35496586065642,32.35597455275139,23.013578521522348,61.54443410040502,8.132302397189942,10.64940319793296,24.56692348414804,37.035192971047486,38.41742802121508,58.27353328817038,53.715062707388256,47.59523306067039,51.13741411730448,18.399241559539107,27.754021101899433,20.387370545963684,33.005260537681565,4.362962963,6.088888889,11.674074073333333,16.41851852,20.677777776666662,26.196296293333333,28.500000000000004,28.733333333333327,24.496296296666667,17.281481483333334,10.999999999999998,4.348148148,16.64814815,2.149084097,2.681373451,1.2763990230000002,1.151716427,1.0595884306666667,1.4873687423333333,1.3218946273333332,1.4641091223333333,1.4335329463333333,1.1700262426666665,2.080993908,2.807891405,1.6736648683333333,58.89259259333333,58.03333333666666,101.04814816333332,101.50740740999998,173.31481483333332,141.05925923333334,90.40000000666666,77.64814814666666,97.20740741666665,83.96666666666667,61.31851852,54.48888888666666,91.57376543666666,28.94570754333333,43.32953365333333,54.24677958,50.03438720666666,91.69121505333332,71.05666303666666,57.7591921,58.256499829999996,46.98003915333332,61.222441133333334,51.08909218333333,49.05897917666667,55.30587747,1600.0,888.4000000000002,79997.23999999957,144073.23999998003
Ho-Chunk Nation of Wisconsin,0.092,0.165,3.08,979000.0000000001,0.0865251173034973,0.15172301064200192,2.963600683002306,2.3528851624885243e6,0.908,0.835,0.9134748826965027,0.8482769893579981,0.33625076280833854,0.32952370619978905,0.001,0.1916042195484961,0.27110053078487106,0.7143819917122308,0.6378411741715733,0.0010000000000000005,0.6446997473495178,0.7083400548795111,-8.755555556,-7.599999999999999,0.977777778,8.255555556,14.055555560000002,19.63333333,21.87777778,20.91111111,16.08888889,8.822222222,1.144444444,-8.488888889,7.243518519000001,2.258932885,3.292415527,2.329580315,2.19608237,1.375782606,1.55241747,0.914846678,1.571976816,1.546321801,2.194184232,2.369657734,2.948493024,2.045890955,25.83333333,16.08888889,38.64444444,58.32222222,91.35555556,123.5222222,95.65555556,127.5666667,105.7,51.55555556,44.3,31.63333333,67.51481482,9.276044416,8.884318269,21.83547063,16.31416392,23.62324655,57.51694919,43.79355292,64.22781718,56.90210892000001,24.19427159,28.068487669999996,15.79865501,30.86959052,-6.641269841428571,-4.2095238095714285,1.4015873015714286,9.23333333242857,14.677777778571427,20.158730158571426,22.647619047142857,21.738095239999996,15.547619047142858,9.992063490857143,3.398412698714285,-6.7095238095714285,8.436243386,4.5711126885714295,6.162109383714285,3.622754360285714,3.2093801138571427,2.270578236714286,2.8328304005714293,2.276464111142857,2.502447867,1.740129088714286,3.127234869857143,6.481429833142857,5.667043017285714,3.7052928308571427,33.15714285714286,25.907936507142857,46.25238095142857,64.49523809428571,96.63333333714287,126.54444444285714,103.13650794000002,139.43492062857143,97.56666664999997,61.64126984000001,56.88412698428572,50.14285714285714,75.14973545,25.937141732,27.690858543,30.399341857142858,29.468063681428575,40.15863171714285,60.874928065714286,50.807804701428566,70.82571838,45.02420882714286,39.38223468571429,34.89032129142857,49.44033072285714,42.07496535000001,160.0,88.84,79997.23999999957,144073.23999998003
Red Cliff Band of Lake Superior Chippewa Indians of Wisconsin,0.1295192982907423,0.18889531248125935,2.988358574373701,1.7975233630000048e6,0.102,0.2,3.11,799000.0,0.8704807017092577,0.8111046875187407,0.898,0.8,0.38008992951830456,0.3512786148341807,0.000997588007290795,0.24478072107913243,0.3498465952306895,0.3898746888540367,0.3594329541138747,0.0009999999999999992,0.2930919896637415,0.3754110297657588,-8.371426321521938,-8.150246181969422,-0.8362035050674694,6.052677709541137,12.447054095727587,17.485974691648195,20.128960219519772,19.37038625702207,14.374945977752002,7.737564675757126,0.8560244930363117,-7.134713891644076,6.163416518367266,2.4698077607925017,2.7714931764589004,2.4848835483441105,1.9663523135972587,1.4027765691721241,1.9793084896839215,1.2093916948741854,1.3383033991670725,1.7392267826163463,1.780734817872514,2.589305790070487,3.7877321207228896,2.1266097053054644,35.33869844656806,25.41315529028319,39.51385808946927,55.698147273239265,79.01152067355993,102.76239412194519,89.20039744438255,100.0055004261158,101.81427088150691,71.56954047350288,62.92107148758375,43.87194291967216,67.26004146105961,15.406956035528726,14.540953093726777,23.85401169781491,22.908515936835578,31.509691488588444,41.74635893231342,30.462638761525337,34.02831813878619,39.93249429946096,29.052441953789693,34.26946812565088,21.751712281929198,28.28863006276925,-10.511111109999998,-9.011111111,-1.055555556,5.411111111,11.45555556,17.07777778,19.97777778,19.23333333,14.333333329999999,7.355555556,-0.455555556,-5.866666667,5.662037036999999,1.811383756,2.467004481,2.622551768,2.100859612,1.313498298,2.313426991,1.023203032,1.142365966,2.131900561,2.107789785,2.453625436,11.36914685,2.7380630450000005,45.3,16.61111111,35.88888889,67.92222222,78.35555556,96.96666667,94.4,118.4222222,103.7111111,81.19999999999999,60.15555556,35.45555556,69.53240741,63.599705189999995,7.239724519,23.23657916,48.77324517,44.14261295,28.03952567,36.93599193,65.56301888,73.02301768,36.56025848,33.1377093,15.76539812,39.66806559,53597.67999998998,29760.420000000013,79997.23999999957,144073.23999998003
Yankton Sioux Tribe of South Dakota,0.10202415967016966,0.15947639604777167,3.1220170552073654,529225.4562245203,0.13393616590822693,0.2089071323737285,3.250055927815806,686245.2322798002,0.8979758403298304,0.8405236039522284,0.866063834091773,0.7910928676262715,0.44809339965025097,0.384319136986303,0.001,0.37635154011153815,0.3719895078873099,0.5376297394266497,0.4617725081548185,0.001232740741832453,0.5279810218248919,0.3596819939998333,-7.753671664519031,-5.503267973910034,2.241330257591695,9.098731256411766,14.695424836608998,20.663936947647056,23.244252211003456,22.200999614982695,17.33771626103806,9.777931564207611,0.9470588235294116,-7.314033064370241,8.30303408918685,3.052312645404844,3.019940915480969,2.3306487445951554,2.1305947964775083,1.4810344324671278,1.7265976421557094,0.9347996264913494,1.4405834470276813,1.8518758588408302,1.8319102620138406,3.8939453871141865,3.9159425301764705,2.3008488572698957,13.262898883972317,11.93852364386851,38.21995386256055,51.55997693079585,91.65932333581313,107.83710109806228,78.69361784038061,86.67493272778546,66.83402538245674,40.7516339883045,33.296116876470585,20.071434064948093,53.39996155231834,7.489855449560553,8.423324081318338,25.538338703944632,29.015399089723182,37.94701579868512,48.67739386771626,40.91432619076124,36.85673927709342,44.643294093806226,23.587953383356403,27.41363398228373,16.83155393865052,28.944902321972318,-5.588888888666666,-1.2666666666666666,3.3407407406666665,9.318518518666668,15.285185183333331,21.388888886666667,22.01481481333333,23.111111113333337,17.692592593333334,11.592592596666668,1.2259259256666666,-5.485185184999999,9.385802469666668,2.9738349073333334,5.237998202,2.0878104706666667,2.3179184026666664,2.345048465333333,2.378350342666667,4.138252878333333,3.202735502666666,1.8005771203333334,2.515034196333333,3.5918807759999996,4.286842512,3.0730236483333333,11.133333333333333,12.807407406666666,32.58888889,58.111111109999996,95.30740742,87.10000000000001,49.01111111,73.81481481666667,49.722222223333326,39.944444446666665,28.311111110000002,11.699999998,45.79598765666667,5.360607496333333,10.330376518333333,25.091970223333337,38.735934533333335,42.30118808666666,62.04616256,33.363201983333326,40.22989321666667,39.637478783333336,22.498467446666666,20.851214703333333,6.446260458666667,28.90772966666667,626.49,347.87,79997.23999999957,144073.23999998003
"Keweenaw Bay Indian Community, Michigan",0.14325353346313419,0.19814261723358095,2.9364609133305137,1.5220522359495363e6,0.14815519240857197,0.19350437532785894,3.281464417528541,694037.6384049678,0.8567464665368658,0.801857382766419,0.851844807591428,0.8064956246721411,0.3735043572105549,0.3472702736732217,0.0009999999999999987,0.23900019245582202,0.346797990981157,0.3080354822853061,0.3010273966300051,0.0010000000000000009,0.17698826921915167,0.2778520819974505,-7.490466940256043,-7.429407391262572,-0.45900304572539347,6.2435444996136376,12.571478164062697,17.638870902694247,20.301265079116646,19.645760485892495,14.802961844118277,8.121781542884781,1.6524420222413088,-6.094839556707149,6.625365633953157,2.5134649986562168,2.837649021848584,2.5116876280319986,1.87484778151257,1.370601288722317,2.0444330542889615,1.2341327133246804,1.358009201310273,1.5767044183261387,1.6962435383828516,2.3288349792648364,3.6155772660148924,2.0801821575349124,40.663902080539614,29.12695637511222,39.7111620725901,60.22131688109642,78.09145082358341,98.81945163593298,84.52281278998214,94.58515600957959,95.05874822996431,69.58731683291543,67.47195601574907,47.42140501724807,67.10680289747673,16.377130496208164,16.88937108153533,22.64355169499677,23.680047724588274,30.28134658761115,42.28794081930497,27.992306482747665,31.138738161211368,36.0164277301203,26.98109230026601,35.1847697171627,20.069299014947156,27.46183515165332,-10.75313311811417,-9.937411021344342,-2.879549978121383,4.166432762316812,10.95053524469786,15.44806523751297,18.703982565785022,18.060411353563488,12.539935594371975,6.385231445046881,-1.0276152170924295,-8.853728788220348,4.400263006951593,2.506680883580614,2.765941399948119,2.281161490533703,2.0076373850565865,1.6810891340704839,1.9806895500776087,1.7796305207549035,1.485788987018354,2.415556752487656,1.461979543438165,3.2949389568682816,4.853760250431289,2.3762379047199986,35.58576163736755,30.20059258127496,44.63092261941302,52.431933817294684,71.38305773289046,102.15695114690898,93.88035300707405,90.18707922763582,115.6750559466517,88.14417470345603,62.042219259899134,52.93329358528733,69.93761627377677,16.407084843324828,25.354934532082506,27.855496099768377,30.00023377297153,23.69456030893643,36.88062411008019,25.390481260745887,35.905235220854514,49.971600303144655,31.89544116199768,28.665717609829798,34.29182700569809,30.526103017769962,38265.680000000015,21247.240000000016,79997.23999999957,144073.23999998003
"Hannahville Indian Community, Michigan",0.13858320587719608,0.1613581080703507,2.832313424150597,4.625174574624946e6,0.13101014230691807,0.15301014230691806,3.0995363516837453,1.6010881246422103e6,0.8614167941228039,0.8386418919296493,0.8689898576930819,0.8469898576930819,0.4596085016964495,0.3733821875956334,0.0010000000000000005,0.38333242976372206,0.44779955614838324,0.38036039255397597,0.31641468940856204,0.001,0.26531658970703764,0.3324456795434655,-5.344754098503279,-6.064025501270493,0.10125683049180328,6.498415300765575,12.732568306918035,17.781803280393444,20.367085609311474,19.866120217868854,15.219271403442624,8.851621128940984,3.0112932602983613,-4.558961748698361,7.371807832686887,2.8878555651147537,3.142616796363934,2.823259220172132,2.160083495039345,1.5879565351163938,2.204604629529508,1.4761820914540984,1.5034725368918034,1.5735446579393444,2.0016320629983606,2.259588266939345,3.3655939584967216,2.248865818201639,53.78967213224591,40.62726775921312,42.035009107737714,71.98788706621313,81.99606557622951,95.30735883085245,83.49231330296723,79.73551912431148,96.17876137301641,73.33471766836065,81.955373405,58.19258651977048,71.55271098911474,20.177036521639348,24.89349574031148,21.896887989344265,26.12324363436066,33.91431571442623,49.58658017481967,20.4335001952459,29.017972286754098,24.139825681573775,29.73337381581967,36.011939217852465,23.96136726227869,28.32412818618033,-8.8,-8.155555556,-1.955555556,5.122222222,12.45555556,17.07777778,19.67777778,19.288888890000003,14.1,7.755555556,0.755555556,-6.644444444,5.889814816,2.546566316,3.04594448,2.337793357,1.9829131210000002,1.38122329,1.981021061,1.03413947,1.28398252,1.786756839,1.541193621,1.92490981,3.565848816,2.034357725,38.76666667,21.82222222,44.366666669999994,51.65555556,64.11111111,97.18888889,85.72222222,96.11111111,108.9777778,84.14444444,88.23333332999998,58.92222222,70.00185185,14.46020401,9.949469556,28.23778497,24.45031243,20.79245322,51.77720165,28.18886206,27.70141894,40.34593467,34.95933749,42.94123892,29.948362969999998,29.47938174,1141.35,633.7400000000001,79997.23999999957,144073.23999998003
Standing Rock Sioux Tribe of North & South Dakota,0.0945267954162043,0.1540221755168587,3.1098336836235596,436757.9172742923,0.19660396100492977,0.28873336944568034,3.0119856445221775,421744.5397985314,0.9054732045837957,0.8459778244831413,0.8033960389950703,0.7112666305543196,0.32188251812270074,0.20095380112016223,0.0009999999999999998,0.15722390087277405,0.31304125430050644,0.24901308240894326,0.24333965906758695,0.0016292554997355965,0.21023987505907726,0.09310798717700283,-8.234845048741498,-6.193348450489797,1.7123960694285714,8.727210884074829,14.449508692380952,20.22660620027211,22.97573696421769,21.858503400816325,16.91798941632653,9.45608465602721,0.8476190476190476,-7.789115646312925,7.912862182299319,3.080235393938776,2.916522945768708,2.707467785115646,2.270759461911565,1.5682513898095236,2.024216015136054,0.9662069667210886,1.3867066638843537,1.898766987115646,1.997501892319728,3.933343243272109,3.943151623197279,2.3910941972244895,15.985487526666667,12.689493574544217,36.07649282047619,45.446334085850346,87.05306122448981,113.79765682340137,80.16326530557824,86.14089191455783,73.17800455170068,43.23794406707483,33.01866969006802,24.48737717530612,54.27288989612245,7.835199012993197,8.617559270897958,21.54355986945578,23.031756070068027,35.67256908911565,47.877760205306124,39.9075377777551,37.829727002993195,50.517059806258494,26.450316126190476,26.18605122938775,19.511921884285716,28.748418112040817,-7.977777777846156,-3.5589743589230776,1.1299145299230775,7.672649572615386,14.052991454615388,19.577777778461545,21.643589743846164,21.691452992307692,15.820512820769235,10.452136751692313,-0.3794871794615386,-6.279487179538463,7.820441595692309,3.148746153538462,5.101009452230772,2.551595016615385,2.192351214615385,3.1970336226153857,3.6523519967692315,2.7201668636923086,2.3584129533846157,2.0781870788461547,4.879650718153847,4.261939213153848,6.376845542769232,3.543190818846155,8.037606838000002,11.82307692261539,21.929059829230773,31.949572649230774,71.98119658076926,83.56495726384617,55.70683760615386,38.34871794846155,30.78632478615385,36.91709401846155,29.32820512846154,11.872649572615389,36.020441596923085,4.668579175153847,9.807308433461543,16.857629422307696,19.42251924692308,43.30957074615386,37.9590724023077,29.545971496153854,22.03413740461539,22.644222633076932,22.920370564615396,49.15807749538463,6.585355129846156,23.742734513076933,320.0,177.68,79997.23999999957,144073.23999998003
Sac & Fox Tribe of the Mississippi in Iowa,0.08288559949264517,0.13156111190935296,3.0912573250769895,1.715425122466748e6,0.089,0.146,2.86,742000.0,0.9171144005073548,0.8684388880906471,0.911,0.854,0.6927414383996705,0.6088774972758054,0.0010000000000000007,0.670391318080205,0.6731222461117472,0.5471746797911756,0.4255116988633711,0.0010000000000000005,0.4407211511876534,0.5382937960365421,-7.595328988268155,-5.794056486562848,2.2738050900600553,9.153088144673184,14.9048882676676,20.80462445662011,22.878414028254184,21.828646803840787,17.193001240558655,9.670422097942735,1.1089851026522346,-7.190363128727654,8.26967721896648,2.6561025304175976,3.0821121579106143,1.897209100374302,2.077027121039106,1.515496471875698,1.5413894146061449,0.9866734174664804,1.4373943073854747,1.7979960413212288,1.7415497010181562,3.3690288104064243,3.884210294674581,2.165515780769553,15.583829919175976,12.745949719036314,42.888097456131284,64.60463997391061,102.98317814034918,117.34594974050279,91.59250465726257,103.78333332441339,85.28120732438546,46.35496586065642,32.35597455275139,23.013578521522348,61.54443410040502,8.132302397189942,10.64940319793296,24.56692348414804,37.035192971047486,38.41742802121508,58.27353328817038,53.715062707388256,47.59523306067039,51.13741411730448,18.399241559539107,27.754021101899433,20.387370545963684,33.005260537681565,-6.2944444445,-3.900000000000001,3.5,11.77777778,15.66111111,21.37777778,23.005555555000004,23.21111111,17.4,12.594444445,3.6388888889999995,-5.4444444445,9.710648149,2.8703157630000002,6.7717088604999995,2.253520582,3.1569618415,2.8850721604999996,1.7800995355000002,3.138000564,2.420572832,2.069651141,3.098463133,4.577746697,5.638608305,3.3883934515000003,28.35,42.61666667,53.044444445,66.388888885,97.9388889,136.64444445,116.46666665,85.56666667,76.422222225,47.105555555,46.96111111,31.766666665,69.10601852,10.077731561000002,52.79562521,47.132971135000005,42.737579505,41.319579805000004,54.120409695,55.897962314999994,34.315349485,40.16593805,32.580892215000006,21.917136005,20.972074079499997,37.83610409,1600.0,888.4000000000002,79997.23999999957,144073.23999998003
Oglala Sioux Tribe,0.0945267954162043,0.1540221755168587,3.1098336836235596,436757.9172742923,0.2343782794133746,0.33807302680020096,3.2055426895083468,1.1801196880421687e6,0.9054732045837957,0.8459778244831413,0.7656217205866254,0.661926973199799,0.32188251812270074,0.20095380112016223,0.0009999999999999998,0.15722390087277405,0.31304125430050644,0.2635445815795166,0.24606164961550378,0.0015801131312891778,0.2341996634159017,0.12385060380846473,-8.234845048741498,-6.193348450489797,1.7123960694285714,8.727210884074829,14.449508692380952,20.22660620027211,22.97573696421769,21.858503400816325,16.91798941632653,9.45608465602721,0.8476190476190476,-7.789115646312925,7.912862182299319,3.080235393938776,2.916522945768708,2.707467785115646,2.270759461911565,1.5682513898095236,2.024216015136054,0.9662069667210886,1.3867066638843537,1.898766987115646,1.997501892319728,3.933343243272109,3.943151623197279,2.3910941972244895,15.985487526666667,12.689493574544217,36.07649282047619,45.446334085850346,87.05306122448981,113.79765682340137,80.16326530557824,86.14089191455783,73.17800455170068,43.23794406707483,33.01866969006802,24.48737717530612,54.27288989612245,7.835199012993197,8.617559270897958,21.54355986945578,23.031756070068027,35.67256908911565,47.877760205306124,39.9075377777551,37.829727002993195,50.517059806258494,26.450316126190476,26.18605122938775,19.511921884285716,28.748418112040817,-4.287301587357143,-1.9968253968571426,2.7373015873571425,10.40079365142857,14.165079365714284,19.768253969285716,23.093650793571424,22.379365077857138,16.79285714357143,11.993650793142855,3.015079365142857,-3.095238095357143,9.580555555500002,2.466123612142857,7.431384616928571,1.780969235357143,5.133897429214285,3.8240310591428566,2.637888712857142,2.2991002115,2.381338069642857,2.1859548923571426,4.927077857357141,6.495719883999999,5.741572211785714,3.9420881494285713,8.830158729785714,19.018253967142854,30.927777778571425,54.44126984071428,83.76349206214284,84.8642857142857,72.19126984214284,48.51746031714285,38.13888888857143,33.47857142857142,26.603968253571423,14.29047619,42.92215608428571,7.397241985642856,29.82847995292857,24.216496691499998,34.257127035,42.77488848428571,38.59292840285713,47.100911791428565,32.41546249571428,44.040863218571424,21.03255227785714,35.32693366207142,14.476015440928572,30.95499178714285,320.0,177.68,79997.23999999957,144073.23999998003
Wyandotte Nation,0.142,0.17000000000000004,2.77,2.7430000000000005e6,0.143500682755871,0.1957783534778806,2.7713883536100483,2.9725359435335896e6,0.858,0.83,0.856499317244129,0.8042216465221194,0.5071395726876076,0.4090785916163192,0.0010000000000000007,0.4286609285915843,0.49916936281027796,0.3430635706119382,0.2911012576411127,0.29897882334202874,0.2597234685215731,0.33739808696489226,-5.594863315775794,-6.568231922763889,-0.36351410945634927,6.065762786767857,12.460471782242063,17.467173722936508,19.972244267936503,19.47341269825397,14.760626103373019,8.550066137488095,2.674823632968254,-4.875154320972222,7.001901455462303,2.8642598955238094,2.817928754833333,2.640683253343255,1.8316701227698413,1.3415273234246032,2.0441229387162694,1.4152865791249998,1.352935382325397,1.5297337832043651,1.7946420895515873,2.381253580402778,3.5427124591011903,2.1297296804206347,52.8434082903373,38.1325617277381,40.15886243325397,72.25407848228176,79.24942680980158,93.22442680599205,79.41754850121032,80.0350970003373,99.72164901698413,70.42795414353174,83.4510582002381,57.89658289099206,70.56772119224206,17.260511207222223,24.35137184736111,21.349353237857144,26.259389389603175,31.61242141892857,50.300456489285715,19.106406075912698,28.722834473333336,25.919744786150794,25.972760888670635,36.390597868095234,22.650875825575394,27.491393624940475,2.366666667,4.044444444,10.13333333,14.76666667,19.06666667,24.65555556,27.03333333,26.93333333,22.76666667,15.62222222,9.455555556,2.644444444,14.95740741,2.752271789,2.831126592,1.393735986,1.220655562,0.916515139,1.460403293,1.533786165,1.503329638,1.607793519,1.170232645,2.295163998,3.22765825,1.8260560479999999,70.84444444,67.93333333,110.9555556,99.27777778,181.7666667,125.43333329999999,85.38888889,83.27777778,101.5,81.12222222,91.97777778,75.38888889,97.90555556,45.5720888,47.98484136,54.46395852,41.91061255,82.35030358,47.23314514,55.21570077,62.81589723,51.08125879,60.68959502999999,80.40044741,74.14164559,58.65495790000001,960.0,533.0400000000001,79997.23999999957,144073.23999998003
"Lower Brule Sioux Tribe of the Lower Brule Reservation, South Dakota",0.0945267954162043,0.1540221755168587,3.1098336836235596,436757.9172742923,0.12544701429835634,0.2157886662123754,3.325198553503463,271021.0134944686,0.9054732045837957,0.8459778244831413,0.8745529857016436,0.7842113337876246,0.32188251812270074,0.20095380112016223,0.0009999999999999998,0.15722390087277405,0.31304125430050644,0.2625991491668865,0.25400370052737736,0.0010037010502000107,0.2293245983628374,0.12178972843338298,-8.234845048741498,-6.193348450489797,1.7123960694285714,8.727210884074829,14.449508692380952,20.22660620027211,22.97573696421769,21.858503400816325,16.91798941632653,9.45608465602721,0.8476190476190476,-7.789115646312925,7.912862182299319,3.080235393938776,2.916522945768708,2.707467785115646,2.270759461911565,1.5682513898095236,2.024216015136054,0.9662069667210886,1.3867066638843537,1.898766987115646,1.997501892319728,3.933343243272109,3.943151623197279,2.3910941972244895,15.985487526666667,12.689493574544217,36.07649282047619,45.446334085850346,87.05306122448981,113.79765682340137,80.16326530557824,86.14089191455783,73.17800455170068,43.23794406707483,33.01866969006802,24.48737717530612,54.27288989612245,7.835199012993197,8.617559270897958,21.54355986945578,23.031756070068027,35.67256908911565,47.877760205306124,39.9075377777551,37.829727002993195,50.517059806258494,26.450316126190476,26.18605122938775,19.511921884285716,28.748418112040817,-6.6511111110000005,-2.5777777778,2.3800000002,9.037777777599999,14.068888888,20.168888886,23.648888890000002,22.937777778,17.726666668,10.437777777600001,1.2511111110000002,-5.1711111112,8.9381481482,2.9040852360000007,4.127870844199999,2.1955847168,2.1101192679999996,2.2482746886,1.3262483081999998,1.7615334176,2.5884845136000005,1.8266165951999995,1.39398377,4.620896083000001,6.0543816453999995,2.7631732571999996,13.102222222,9.573333332999999,28.102222219999998,49.237777775999994,84.777777778,94.20666666399998,60.584444446,59.451111108,41.419999999999995,39.486666666000005,28.448888888,17.844444444,43.852962962,10.7381706596,5.886845276600001,16.644757975999998,33.72325401,48.694043056,42.962219049999995,32.075563247999995,32.934912626,30.4748084,32.842185408,42.19868365799999,21.5473887902,29.226902682,320.0,177.68,79997.23999999957,144073.23999998003
"Minnesota Chippewa Tribe, Minnesota (White Earth Band)",0.12609433397732092,0.18623635144265896,2.9836431267641688,1.8353213437359848e6,0.11834742200013683,0.1993088046107159,3.207511621293201,919555.8172685613,0.873905666022679,0.8137636485573411,0.8816525779998632,0.8006911953892841,0.38491366653448744,0.35733801948049,0.0009977980451731819,0.2518153937985257,0.35315634083656944,0.5055306152521707,0.45602032210137156,0.000999207007893245,0.4437247194878268,0.41562371204401255,-8.67419026391818,-8.333422391641312,-0.8481710209872229,6.110466533817531,12.505420143662388,17.541627795373167,20.191171554441908,19.397357816432898,14.392350481245977,7.7009599310414165,0.6587298980490075,-7.449728080311967,6.0993810331604426,2.4851171425090968,2.779734949767525,2.494151032728997,2.0113207876693386,1.4334872594631425,1.9661946487152622,1.1558946130360017,1.3347933305466122,1.7419769441039066,1.797990751085409,2.653998323970997,3.8494832008164703,2.142011915397444,33.91645351128149,24.478107000920772,39.347038811952594,54.18809211000293,78.98959076955684,102.88101270436012,91.34870756060474,99.56706633752944,99.89864368337706,71.20027921947515,61.50777799656865,42.26234624673025,66.6320929964838,15.210161728928119,13.792826011464458,23.3482272927955,22.280253967629605,32.625718106616496,41.841868511676985,32.7335156756534,34.037264972795484,39.50716878132226,28.46472491515148,34.00086128169472,21.8573806758403,28.308330993900185,-12.719444443750001,-9.461111110500001,-0.16527777775000005,6.290277777749999,12.791666665000001,18.47499999875,20.343055555000003,19.966666667500004,15.605555552500002,6.9680555557499995,-1.161111111,-10.1888888875,5.56203703675,2.74577422325,4.55455111975,5.240869173875,2.6607747827500003,1.63897104,3.0741594869999997,0.8473364478750001,2.32647564075,4.0102699545,1.949229490875,5.5407228365000005,7.124164336749999,3.4761082113749997,27.3375,13.606944446249997,28.788888890000006,46.95833333375,76.87777777625,110.23888888625001,109.94583333374999,94.61111110875,68.92499999750001,62.016666667500004,48.20833333375,29.8805555575,59.78298611249999,32.96237615175,4.400743563125,17.506284631249997,40.588957093750004,53.15299063999999,36.926364843749994,69.27872562124999,34.25627289125,33.912939962500005,24.699866487500007,42.04676240125,30.078967835,34.984271012499995,59462.94999999,33017.12000000001,79997.23999999957,144073.23999998003
"Red Lake Band of Chippewa Indians, Minnesota",0.14325353346313419,0.19814261723358095,2.9364609133305137,1.5220522359495363e6,0.11507606487772835,0.19397422746647938,3.0991888017268265,2.0500151232760958e6,0.8567464665368658,0.801857382766419,0.8849239351222716,0.8060257725335206,0.3735043572105549,0.3472702736732217,0.0009999999999999987,0.23900019245582202,0.346797990981157,0.395259166697987,0.3540487022656854,0.0009995721386098493,0.2911338326121937,0.26578617438860946,-7.490466940256043,-7.429407391262572,-0.45900304572539347,6.2435444996136376,12.571478164062697,17.638870902694247,20.301265079116646,19.645760485892495,14.802961844118277,8.121781542884781,1.6524420222413088,-6.094839556707149,6.625365633953157,2.5134649986562168,2.837649021848584,2.5116876280319986,1.87484778151257,1.370601288722317,2.0444330542889615,1.2341327133246804,1.358009201310273,1.5767044183261387,1.6962435383828516,2.3288349792648364,3.6155772660148924,2.0801821575349124,40.663902080539614,29.12695637511222,39.7111620725901,60.22131688109642,78.09145082358341,98.81945163593298,84.52281278998214,94.58515600957959,95.05874822996431,69.58731683291543,67.47195601574907,47.42140501724807,67.10680289747673,16.377130496208164,16.88937108153533,22.64355169499677,23.680047724588274,30.28134658761115,42.28794081930497,27.992306482747665,31.138738161211368,36.0164277301203,26.98109230026601,35.1847697171627,20.069299014947156,27.46183515165332,-13.377083334375003,-10.441666666187503,-1.1722222221875003,5.497916666750001,12.163888888125005,17.589583333750003,19.738888887500003,19.050694444375008,14.422916667500004,6.118055555500002,-2.0027777778125007,-10.886111111187505,4.725173611125001,3.239558577000001,4.740151681437502,5.836849206437501,2.3525969980625003,1.5385293032500005,3.2169396236875016,1.1358766636250002,2.491901402562501,4.436559044,1.8667898656250006,6.085544290312502,8.940832229000003,3.8235107405,34.59791666812501,16.013888888750003,26.490972223125006,45.418055554375,74.53750000000002,112.1305555625,96.08819444000005,109.20972222562506,70.80486111062501,60.79305555625002,54.77152777812503,34.51458333250001,61.28090277937501,44.884765284312515,5.460241235687502,18.683556993937504,40.33953910437502,40.998640076875006,40.98043222687502,47.935730132500005,50.540682818750014,37.25651293500001,29.321915353750008,39.608405002500014,38.32811582325001,36.19487808187501,38265.680000000015,21247.240000000016,79997.23999999957,144073.23999998003
Saginaw Chippewa Indian Tribe of Michigan,0.14325353346313419,0.19814261723358095,2.9364609133305137,1.5220522359495363e6,0.13899363584647279,0.1340288262128662,2.770181553006367,4.622436133448231e6,0.8567464665368658,0.801857382766419,0.8610063641535273,0.8659711737871338,0.3735043572105549,0.3472702736732217,0.0009999999999999987,0.23900019245582202,0.346797990981157,0.5336696558646482,0.46853341867930126,0.0009888662243202062,0.4398799739291396,0.5230238268775373,-7.490466940256043,-7.429407391262572,-0.45900304572539347,6.2435444996136376,12.571478164062697,17.638870902694247,20.301265079116646,19.645760485892495,14.802961844118277,8.121781542884781,1.6524420222413088,-6.094839556707149,6.625365633953157,2.5134649986562168,2.837649021848584,2.5116876280319986,1.87484778151257,1.370601288722317,2.0444330542889615,1.2341327133246804,1.358009201310273,1.5767044183261387,1.6962435383828516,2.3288349792648364,3.6155772660148924,2.0801821575349124,40.663902080539614,29.12695637511222,39.7111620725901,60.22131688109642,78.09145082358341,98.81945163593298,84.52281278998214,94.58515600957959,95.05874822996431,69.58731683291543,67.47195601574907,47.42140501724807,67.10680289747673,16.377130496208164,16.88937108153533,22.64355169499677,23.680047724588274,30.28134658761115,42.28794081930497,27.992306482747665,31.138738161211368,36.0164277301203,26.98109230026601,35.1847697171627,20.069299014947156,27.46183515165332,-5.844444444,-6.211111111,0.47777777800000004,6.85,13.155555555000001,18.411111110000004,21.027777775,20.56111111,15.86111111,9.161111111,3.1833333335000003,-4.3722222225,7.688425925000001,2.6107389175,3.4453497285,2.806400843,2.316148878,1.6434470475,2.038067056,1.2321024194999999,1.5227663275,1.5710362475,1.8715594384999998,1.8671989985,2.7841852819999997,2.1424167655,44.755555555,36.544444444999996,39.866666665000004,62.16666666500001,79.13888889,83.27222221999999,73.02222222500001,93.594444445,95.05555556,72.71666667000001,86.005555555,47.077777775,67.76805556,21.083716084999995,23.640465085,25.28618533,24.935347065,38.084367895,33.92055921,18.265125245,33.45871754,34.82351091,35.32456457,38.420027479999995,21.01300144,29.021298990000002,38265.680000000015,21247.240000000016,79997.23999999957,144073.23999998003
"Rosebud Sioux Tribe of the Rosebud Indian Reservation, South Dakota",0.0945267954162043,0.1540221755168587,3.1098336836235596,436757.9172742923,0.25894456424904105,0.34493884949538584,3.549961086499539,1.577496633617306e6,0.9054732045837957,0.8459778244831413,0.7410554357509589,0.6550611505046142,0.32188251812270074,0.20095380112016223,0.0009999999999999998,0.15722390087277405,0.31304125430050644,0.31939540546512135,0.3168024862595672,0.0011247043683882982,0.26352988498320323,0.20973753105813772,-8.234845048741498,-6.193348450489797,1.7123960694285714,8.727210884074829,14.449508692380952,20.22660620027211,22.97573696421769,21.858503400816325,16.91798941632653,9.45608465602721,0.8476190476190476,-7.789115646312925,7.912862182299319,3.080235393938776,2.916522945768708,2.707467785115646,2.270759461911565,1.5682513898095236,2.024216015136054,0.9662069667210886,1.3867066638843537,1.898766987115646,1.997501892319728,3.933343243272109,3.943151623197279,2.3910941972244895,15.985487526666667,12.689493574544217,36.07649282047619,45.446334085850346,87.05306122448981,113.79765682340137,80.16326530557824,86.14089191455783,73.17800455170068,43.23794406707483,33.01866969006802,24.48737717530612,54.27288989612245,7.835199012993197,8.617559270897958,21.54355986945578,23.031756070068027,35.67256908911565,47.877760205306124,39.9075377777551,37.829727002993195,50.517059806258494,26.450316126190476,26.18605122938775,19.511921884285716,28.748418112040817,-5.172222222333333,-1.2074074073333332,2.3833333333333333,8.944444444166667,13.424074073333333,19.714814816666667,23.32037037166667,22.20185185166667,16.97037037,10.416666666666668,1.8611111109999998,-3.9648148148333338,9.074382716166667,2.5847816688333336,3.859076044833333,2.166047912333333,2.2313711763333335,2.206646666833333,1.7154565334999998,2.1295233693333335,2.048883897,1.9439453094999999,2.0263024021666665,4.358471273166666,4.362388104166667,2.63607453,12.400000000666667,13.507407406666667,26.877777778333332,48.755555556666664,98.25740739999999,77.02962962833334,55.299999998333334,49.75000000166666,28.474074074999997,31.55,26.501851851666668,16.301851853333336,40.39212963000001,9.125158039166667,9.1589549715,10.768770737666667,29.170741449999998,69.15030809000001,36.44144978333333,25.921556355000003,29.94496387166667,20.786030219999997,17.751609051666666,28.985143865,14.634489197499999,25.153264636666666,320.0,177.68,79997.23999999957,144073.23999998003
Confederated Tribes of the Grand Ronde Community of Oregon,0.15202937849315876,0.2337144285236334,3.2407131659327773,6.824190063772026e6,0.11133206421880118,0.16516983945299707,3.3808682339829677,6.484871961505077e6,0.8479706215068412,0.7662855714763666,0.8886679357811988,0.834830160547003,0.4460550460491034,0.4210845966337806,0.0010000000000000005,0.24314743628187802,0.35487928232581534,0.43307982020641783,0.38514582882159737,0.0010000000000000009,0.30186771556228537,0.42288027800832795,7.749538169162591,9.311505025742056,10.129448518036675,11.501032330012224,15.04353436656479,18.596441183875307,18.85129041057457,23.4945666937775,18.2952866057824,16.169668568471884,10.065878837671148,7.8527981528105135,13.92174907229829,2.463940946314181,3.3160386048337402,2.6820105067787288,3.180190651039119,3.029385346952323,4.114137663398533,3.5660583527848404,2.454920004202933,4.628143957533006,3.3385498145953543,2.1701286544400977,1.7732198229132028,3.0597270271381416,189.39217603826404,122.12046998960878,114.55415646442545,76.1309155116626,56.07311871665035,15.467182831227385,3.2976500949425427,3.6000407496943754,15.158734041444987,50.599932083801946,68.50851670652811,161.2434936125917,73.01219890477995,122.51006728040343,93.8516551,116.29501507914424,58.02778948338632,39.14651955316625,16.366810070965766,4.25757359742665,5.444913738101466,16.498672137078234,44.437500221919315,69.40751235522005,104.43391466810513,57.55649527240831,3.688888889,5.122222222,7.155555556,10.26666667,12.01111111,14.988888889999998,17.92222222,17.37777778,15.3,10.51111111,5.977777778,4.222222222,10.3787037,5.599206293,2.986125323,1.406334874,3.506779149,1.7531717289999997,3.335207806,2.81415075,2.347753063,1.385640646,3.286124026,3.124411056,2.673844506,2.851562435,222.56666669999998,144.4222222,142.8222222,89.33333333,70.64444444,66.87777778,18.16666667,20.71111111,46.05555556,120.93333329999999,203.6777778,253.3888889,116.6333333,103.84198329999998,82.00258804,33.72946701,48.28397766999999,33.79508511,24.02299824,22.71508309,16.21476522,25.47101839,55.11887154,99.68117647999999,108.7163447,54.46611323,1816.16999999,1008.45,79997.23999999957,144073.23999998003
"Kaw Nation, Oklahoma",0.12618857975215475,0.19646580015243464,3.0326249596279644,671534.392331,0.1572025342021524,0.2475822789458459,3.078987237184675,3.812518868809298e6,0.8738114202478453,0.8035341998475654,0.8427974657978476,0.752417721054154,0.5628325160734323,0.5278514869900645,0.01451985310791005,0.5151491276591188,0.5265172932921395,0.4384815857878812,0.39364080066475143,0.3051784800557644,0.41531873052694734,0.3356202459152568,-3.1926161060473084,-1.234607595364121,5.831572120810567,11.618834046985464,16.639506675938975,22.94212346559698,25.645964456770447,24.60334266185748,20.113277357528183,12.820658974708172,5.018235601788247,-2.6510387509502364,11.51293774444399,2.562802606673563,3.1625952018203964,1.7409555374097896,1.6207475957403246,1.6090110882557849,1.4768295273864447,1.234126597152571,1.717453196397092,1.7630366147433953,1.3341505385519148,3.140428293515055,3.213592279626051,2.047977422969897,23.672683006303515,22.578865453385237,52.69582223893921,56.77035064843949,108.04213485346926,114.09007441640392,102.61965322669892,94.92704849123903,75.67184562966624,43.34486313305345,34.837975288562355,26.824272420673783,63.006299068928925,11.775732396734792,18.38854747698957,24.960019245222217,22.93619395221994,66.4190526844604,37.78270084580994,36.07907074461399,43.144935229957014,60.11802216267056,30.429046943090324,24.590308540696302,27.16819399763671,33.64931868522014,2.6055555554999996,4.399999999999999,10.584382177196996,15.530817768049246,20.079351044203495,25.977777779999997,28.405555554999996,28.272222219999996,23.832782269493066,16.772222224999997,9.794444444499996,3.02125328770871,15.77303036317959,2.192049267,2.8467459364999996,1.375409552453774,1.3943296068574083,1.102995816433708,1.5461411084999996,1.4531096855,1.7075719259999997,1.517713316756704,1.3516941894999996,2.0105198664999993,2.7782618706972046,1.7730451788460666,43.32777777999999,47.822222225,86.69999999999999,88.02222221999997,141.86111114999997,149.3777778,106.43333329999997,94.77222222499996,76.67222222499998,73.87222221999998,49.67222222,44.81666666999999,83.61250000499999,25.989375079999995,34.83180871999999,47.60368078999999,40.102691695,81.49107882999998,76.73613896999998,58.851854724999995,64.37513860499998,49.79214945,50.7357575,47.12872787,39.522306015,51.43005902499999,11436.34,6350.080000000005,79997.23999999957,144073.23999998003
"Confederated Tribes of the Coos, Lower Umpqua and Siuslaw Indians",0.15238772205424767,0.23438090097327416,3.2438090097327414,6.710664000044016e6,0.15052103830208086,0.21869448894458618,3.4409310397131705,3.677172407329867e6,0.8476122779457523,0.7656190990267259,0.8494789616979191,0.7813055110554138,0.43468083619951225,0.4062679649914454,0.0010000000000000002,0.23738282729827972,0.34947808017294624,0.36410164749946383,0.3344476104547499,0.009678306165172788,0.27414436820918253,0.363938023255845,7.859608763846478,9.407902973336622,10.05561815199155,11.34062597953521,14.952128326211268,18.41843505359155,18.360500782549295,23.7331768386338,18.11372456869014,16.249561815676056,10.254491393350703,7.958857590122536,13.892052686845071,2.4097291098887323,3.3110196931521125,2.6352484508464786,3.231494647957746,2.9473252944436625,4.297330324929577,3.5571889498507034,2.4413432300253515,4.8518814186,3.2954723140154925,1.9948789360901409,1.6547675283929575,3.052306658178873,190.08112675901407,123.90668232267605,115.53309857732395,77.72266040639435,56.72086071833802,15.779937402400002,3.24377151786338,3.1961032863014074,15.937809078690142,50.47935837249295,68.29854460025352,160.68334898295774,73.46527517040846,117.3516114982676,96.52135239712675,122.61789372295775,59.95220669928171,40.05755099764788,16.978058677084505,4.11210353221831,4.813150166263379,17.158025095112674,44.44332538576055,70.49462384570423,99.74693858832396,57.853903382971836,6.0925925926666675,7.303703703666668,7.862962963000001,10.337037036666667,12.32962963,15.118518516666668,18.33333333,17.144444443333335,15.444444443333335,11.366666663333335,6.937037037333334,5.859259259333334,11.177469133333334,3.174116080333333,2.7816783926666666,1.7994002596666665,2.1413567383333336,1.4915599563333335,1.5363296773333333,2.9746129636666665,1.344051392666667,1.667207101666667,4.067148433333334,3.125364775333334,2.814123319666667,2.4097457576666668,220.01851853333335,133.00370373333337,133.83333333333331,93.57407407333334,71.83333333333334,60.91851851999999,21.68518518666667,23.27777777666667,44.4,121.85925928666667,175.92962963333335,233.67777776666668,111.16759261333334,144.85628673333335,69.11931129333333,57.914937300000005,58.967199576666665,30.218017016666668,27.454292413333334,20.857042196666672,20.09591186666667,33.68364604,63.071200440000005,89.54131367000001,122.35625580000001,61.51128453,1576.16999999,875.1899999999999,79997.23999999957,144073.23999998003
"Nottawaseppi Huron Band of the Potawatomi, Michigan",0.13858320587719608,0.1613581080703507,2.832313424150597,4.625174574624946e6,0.143,0.163,2.93,9.514e6,0.8614167941228039,0.8386418919296493,0.857,0.837,0.4596085016964495,0.3733821875956334,0.0010000000000000005,0.38333242976372206,0.44779955614838324,0.5176310423319573,0.41850082110762143,0.001,0.4082484959065641,0.5080129415944554,-5.344754098503279,-6.064025501270493,0.10125683049180328,6.498415300765575,12.732568306918035,17.781803280393444,20.367085609311474,19.866120217868854,15.219271403442624,8.851621128940984,3.0112932602983613,-4.558961748698361,7.371807832686887,2.8878555651147537,3.142616796363934,2.823259220172132,2.160083495039345,1.5879565351163938,2.204604629529508,1.4761820914540984,1.5034725368918034,1.5735446579393444,2.0016320629983606,2.259588266939345,3.3655939584967216,2.248865818201639,53.78967213224591,40.62726775921312,42.035009107737714,71.98788706621313,81.99606557622951,95.30735883085245,83.49231330296723,79.73551912431148,96.17876137301641,73.33471766836065,81.955373405,58.19258651977048,71.55271098911474,20.177036521639348,24.89349574031148,21.896887989344265,26.12324363436066,33.91431571442623,49.58658017481967,20.4335001952459,29.017972286754098,24.139825681573775,29.73337381581967,36.011939217852465,23.96136726227869,28.32412818618033,-1.655555556,1.722222222,3.088888889,9.777777777999999,15.2,20.06666667,23.14444444,22.5,17.8,11.94444444,4.777777778000001,-3.2,10.430555559999998,6.019574551,6.374711322,2.489701008,1.923393991,1.497497913,1.783956277,1.271918935,2.316246964,1.207269647,2.101256238,1.810233257,2.718915225,2.626222944,47.32222222,51.04444444,45.43333333,61.87777778,88.65555556,102.1444444,82.4,56.91111111,92.41111111000001,89.63333333,68.82222222,49.477777780000004,69.67777777,29.75860286,29.45306058,24.48499541,30.81703173,57.50884956,47.14154514,51.00762198,51.37147663,50.25677677,71.24006948,45.019073119999995,24.02154126,42.67338704,1141.35,633.7400000000001,79997.23999999957,144073.23999998003
"Crow Creek Sioux Tribe of the Crow Creek Reservation, South Dakota",0.08481687265891043,0.13528739997423858,3.0943391409852086,1.503294369046991e6,0.16571537551179194,0.24391439539265328,3.2220093056641392,396722.3200806687,0.9151831273410895,0.8647126000257614,0.8342846244882081,0.7560856046073468,0.6590062826285997,0.5717707467566484,0.0010000000000000009,0.6237110798289542,0.6403675038505077,0.3027186178074835,0.28722905703184914,0.0009815805252562783,0.2699282845130425,0.14160428392115101,-7.704261619658169,-5.862070297336038,2.178176902304751,9.080545899820397,14.82732071544612,20.706167117473928,22.894991631483197,21.833732458250296,17.14615681626883,9.633912707488994,1.0644650446106607,-7.292352259764776,8.208898759650058,2.728347641585168,3.053906347731171,2.0352253537427583,2.110026720237544,1.5244825355330245,1.6236321843371961,0.9831872433534184,1.4287603750625724,1.8151609648806488,1.7851475829663963,3.4651518945677866,3.894250126995366,2.2039399142792586,15.65224668429896,12.736333203114718,41.727835716338355,61.34129007177288,100.26970515468139,116.74154758660487,89.64569331925841,100.77818977024332,83.21959572811124,45.824024720845884,32.46885541623407,23.264619543661645,60.30582807719583,8.081694984122826,10.303306955436849,24.051935707369648,34.64990302383546,37.94987962837775,56.50275849885284,51.3631436289919,45.931815458725374,51.031745422375444,19.770629695457707,27.486939327555042,20.23825009026651,32.280166868424104,-6.566666666666667,-2.4148148149999997,2.285185185,9.555555555333333,14.381481483333333,20.36296296333333,23.95925926,22.570370369999996,17.28148148,10.859259256666665,1.2851851853333331,-5.307407407333333,9.020987653999999,3.3076588689999995,4.948760395666667,2.0054453199999998,2.5729091469999994,2.112042521,1.8636933439999999,1.546672117333333,1.7377205296666667,2.172806468333333,2.1679526549999997,4.673668561666666,6.253856305333333,2.9469321863333335,11.277777780666666,9.674074073666667,29.01851851666666,52.144444443333335,101.8,89.82222222,62.85925925999999,60.28888888666667,46.00000000333333,41.492592593333335,21.15555555333333,12.785185183333331,44.85987654333333,7.359926999999999,5.945773999999999,19.099993723333334,32.433189213333335,62.82647677666666,52.08546109333333,32.61673233,25.142487589999998,32.98299786,33.57728779,21.35205832333333,6.140285981999999,27.630222643333333,1920.0,1066.0800000000002,79997.23999999957,144073.23999998003
Coquille Indian Tribe,0.15600000000000003,0.24000000000000002,3.3000000000000003,5.515e6,0.156,0.24,3.3,5.515e6,0.844,0.76,0.844,0.76,0.4638573403873309,0.41506700692263615,0.001,0.32278803017565216,0.4590274910070738,0.1877850777085418,0.16815576835546686,0.001,0.11008646625728041,0.1877617852605661,8.117188315302817,9.344731351138499,10.005216482338026,11.167110069366196,14.832316121267604,18.41491914232395,18.008242044248828,23.56525821467136,17.64846113600939,15.964293167253523,10.31935315621127,8.224804382115025,13.800991131009388,2.3728623539084506,3.532500217192488,2.7336778518286384,3.3441145005093897,2.8494639955563383,4.257891799309858,3.5947143039248837,2.6840716390798116,5.102217507035212,3.3564466136971824,1.8095744659154926,1.47963602036385,3.093097605680751,201.84126239037553,130.50117371807514,115.37968176502349,81.80198226211267,60.53388106197182,16.341158059600943,3.4221439748192486,3.2828638496619713,15.559572249507042,53.38187271823944,70.61442357661973,160.113615020892,76.06446922326292,128.3829131142019,94.14905763051644,121.0764792713615,57.43501611917841,43.43084196551643,17.608260487676056,4.0678373493779345,4.7412703520023465,15.738867387394366,49.38933423504695,71.22223785983569,92.73188905894368,58.33116706941315,4.797222221999999,6.56944444425,7.416666666749999,10.17222222225,12.12777778,15.019444445,18.6944444425,17.3194444425,15.619444442499999,11.100000000000001,6.191666666500001,4.122222222,10.762500000000001,3.68324692025,2.0867143974999998,1.6880789155,2.068871499,1.3114880045,1.1578933605,2.0403428179999996,1.3224060195,1.6983965005,2.1276172645,2.9026088404999997,3.8820117105,2.16413968775,212.63055552499998,127.852777775,140.675,97.3888889075,71.03611111,55.2527777775,16.3166666675,14.922222222499999,35.588888887500005,105.3055555575,144.4472222,219.13333335,103.37916667,136.33274057500003,64.7024190025,77.74262764999999,66.3148008,35.787758735000004,25.80723965,11.776990638250002,19.5435687125,28.797993292500003,62.26614803500001,75.4737860475,119.3129743,60.321587287499995,936.1699999900001,519.83,79997.23999999957,144073.23999998003
"Forest County Potawatomi Community, Wisconsin",0.13858320587719608,0.1613581080703507,2.832313424150597,4.625174574624946e6,0.11961210481409663,0.2124109741534982,2.91134563620483,542266.0052449981,0.8614167941228039,0.8386418919296493,0.8803878951859033,0.7875890258465018,0.4596085016964495,0.3733821875956334,0.0010000000000000005,0.38333242976372206,0.44779955614838324,0.42304623324351415,0.40664666941360283,0.0009999999999999992,0.23357758096922562,0.3800370771844414,-5.344754098503279,-6.064025501270493,0.10125683049180328,6.498415300765575,12.732568306918035,17.781803280393444,20.367085609311474,19.866120217868854,15.219271403442624,8.851621128940984,3.0112932602983613,-4.558961748698361,7.371807832686887,2.8878555651147537,3.142616796363934,2.823259220172132,2.160083495039345,1.5879565351163938,2.204604629529508,1.4761820914540984,1.5034725368918034,1.5735446579393444,2.0016320629983606,2.259588266939345,3.3655939584967216,2.248865818201639,53.78967213224591,40.62726775921312,42.035009107737714,71.98788706621313,81.99606557622951,95.30735883085245,83.49231330296723,79.73551912431148,96.17876137301641,73.33471766836065,81.955373405,58.19258651977048,71.55271098911474,20.177036521639348,24.89349574031148,21.896887989344265,26.12324363436066,33.91431571442623,49.58658017481967,20.4335001952459,29.017972286754098,24.139825681573775,29.73337381581967,36.011939217852465,23.96136726227869,28.32412818618033,-9.155555555,-9.061111111,-2.24166666675,5.313888889,12.1527777775,16.919444445000003,19.544444442499998,18.841666664999998,13.391666667500001,7.11111111125,-0.15000000000000002,-8.188888889,5.373148148,2.84075310825,2.948762864500001,2.54412490075,2.1121535355,1.6667907112499998,1.9111733314999997,1.5074899572499998,1.4329059025000002,2.19138964825,1.7898948887500001,3.3140592234999997,4.9272680090000005,2.4322305067499994,28.469444445000004,20.555555554999998,37.788888892500005,55.099999999999994,77.05833333500001,112.411111125,100.21666667749999,110.855555575,120.33888887499998,75.275,60.416666665,50.11944444499999,70.7171296325,21.563096260000002,14.753351956000001,19.45199719,22.7847429475,30.281425592500003,44.9792005475,42.32939140249999,41.75196205500001,45.766332184999996,37.4612077825,37.19859757,36.347233700000004,32.88904493249999,1141.35,633.7400000000001,79997.23999999957,144073.23999998003
"Sokaogon Chippewa Community, Wisconsin",0.14325353346313419,0.19814261723358095,2.9364609133305137,1.5220522359495363e6,0.12,0.213,2.91,531000.0,0.8567464665368658,0.801857382766419,0.88,0.787,0.3735043572105549,0.3472702736732217,0.0009999999999999987,0.23900019245582202,0.346797990981157,0.4513938957380169,0.4228495501203706,0.0009999999999999998,0.2710637216160781,0.3339795733378038,-7.490466940256043,-7.429407391262572,-0.45900304572539347,6.2435444996136376,12.571478164062697,17.638870902694247,20.301265079116646,19.645760485892495,14.802961844118277,8.121781542884781,1.6524420222413088,-6.094839556707149,6.625365633953157,2.5134649986562168,2.837649021848584,2.5116876280319986,1.87484778151257,1.370601288722317,2.0444330542889615,1.2341327133246804,1.358009201310273,1.5767044183261387,1.6962435383828516,2.3288349792648364,3.6155772660148924,2.0801821575349124,40.663902080539614,29.12695637511222,39.7111620725901,60.22131688109642,78.09145082358341,98.81945163593298,84.52281278998214,94.58515600957959,95.05874822996431,69.58731683291543,67.47195601574907,47.42140501724807,67.10680289747673,16.377130496208164,16.88937108153533,22.64355169499677,23.680047724588274,30.28134658761115,42.28794081930497,27.992306482747665,31.138738161211368,36.0164277301203,26.98109230026601,35.1847697171627,20.069299014947156,27.46183515165332,-10.5472222225,-9.3166666655,-1.5083333332500002,5.2055555555,11.594444445,17.175000002500003,19.355555555,18.627777777499997,13.619444445,6.375,-0.8305555557500001,-6.8416666665,5.242361111500001,1.789696662,3.213995825,3.871922763,2.1587269934999997,1.3638728980000001,2.74129563825,1.6599574025,1.9718180490000001,3.5846219809999997,2.069961616,3.8881334489999997,11.38863948275,3.30855356325,29.625,17.005555554999997,34.077777774999994,65.3694444425,79.22222222250001,112.38333335,112.975,133.11944445,112.6972222,71.83055555499999,56.1722222225,42.3916666675,72.23912037,32.228197605,11.631409757499998,19.7574174675,40.442780392500005,30.198826025000002,45.393459039999996,43.550655,71.12148568250001,60.83124342,38.45245705,43.5312098025,34.3873473675,39.29387404999999,38265.680000000015,21247.240000000016,79997.23999999957,144073.23999998003
Shakopee Mdewakanton Sioux Community of Minnesota,0.0798958077523842,0.13027547717011756,3.0093365738196707,1.9504887012781815e6,0.049,0.087,3.24,3.888e6,0.9201041922476159,0.8697245228298824,0.951,0.913,0.6353542710192961,0.5497741814381558,0.0010164316247046716,0.588780426003698,0.5647702804485926,0.717306784900286,0.593178343387606,0.0009999999999999998,0.586161300575571,0.7085450008077256,-9.89466800231961,-8.333176585301576,0.49817298805758564,7.947348134511104,14.069793914292326,19.576081817592517,21.857505910305274,20.738657621311294,15.788213073695658,8.385137218563829,-0.25580994965610554,-9.306308458728957,6.755912306856616,2.7442729469412583,2.674115830746301,2.269267714922063,2.286360510376967,1.4612082959939874,1.7212624974183623,0.8374438175240516,1.4055992510790936,1.8407180072617948,1.9031791288843667,3.3874260427661893,4.124120519056431,2.221247880346209,19.20690461518039,15.334664406021743,39.84697553706524,50.50145698302498,87.96559255630669,117.09332151634834,94.14194675773824,101.15798644407495,82.52553448410039,52.4405411658742,38.50133878123267,24.971304861052275,60.30729734248383,11.018416949853378,8.320608084169752,24.816266793917666,24.50837852009944,37.0641875021693,44.171119472775224,36.415120174472705,45.59539022946577,44.32270362380436,18.63285369132517,31.668625731741457,18.283633677648016,28.734775370867258,-8.955555556,-6.522222222,1.888888889,8.555555556,14.47777778,20.35555556,22.26666667,21.66666667,17.11111111,9.166666667,1.177777778,-6.622222222,7.880555557,2.549073906,3.111180555,2.862885103,3.133732244,2.438635775,2.342066988,1.225765067,1.78465683,1.606583677,2.8974126389999997,2.761239657,6.984407236,2.80813664,37.41111111,13.33333333,44.65555556,66.65555556,80.34444444,123.8333333,111.6111111,109.6333333,95.21111111,63.31111111,52.422222219999995,43.98888889,70.20092592,65.63340317,8.649566462999998,31.52503414,47.82538842,17.88009446,46.58229277,44.60385198,32.75297696,58.49505202,30.89621516,61.19778954,47.09648194,41.09484559,8809.31,4891.400000000004,79997.23999999957,144073.23999998003
"Spirit Lake Tribe, North Dakota",0.0945267954162043,0.1540221755168587,3.1098336836235596,436757.9172742923,0.13897302415023968,0.24435226395797585,3.1779643009294856,466913.5038488432,0.9054732045837957,0.8459778244831413,0.8610269758497603,0.7556477360420242,0.32188251812270074,0.20095380112016223,0.0009999999999999998,0.15722390087277405,0.31304125430050644,0.40906575911393095,0.3706741718371754,0.0009997879668801324,0.3683904025703518,0.24344350511391885,-8.234845048741498,-6.193348450489797,1.7123960694285714,8.727210884074829,14.449508692380952,20.22660620027211,22.97573696421769,21.858503400816325,16.91798941632653,9.45608465602721,0.8476190476190476,-7.789115646312925,7.912862182299319,3.080235393938776,2.916522945768708,2.707467785115646,2.270759461911565,1.5682513898095236,2.024216015136054,0.9662069667210886,1.3867066638843537,1.898766987115646,1.997501892319728,3.933343243272109,3.943151623197279,2.3910941972244895,15.985487526666667,12.689493574544217,36.07649282047619,45.446334085850346,87.05306122448981,113.79765682340137,80.16326530557824,86.14089191455783,73.17800455170068,43.23794406707483,33.01866969006802,24.48737717530612,54.27288989612245,7.835199012993197,8.617559270897958,21.54355986945578,23.031756070068027,35.67256908911565,47.877760205306124,39.9075377777551,37.829727002993195,50.517059806258494,26.450316126190476,26.18605122938775,19.511921884285716,28.748418112040817,-11.005555555,-7.761111110999999,-0.4916666665,6.327777777750001,13.9444444425,19.080555555000004,20.26111111,20.733333335,14.474999997500001,8.8277777775,-2.84166666675,-10.13888889,5.950925925499999,6.38400334725,7.3346823345,5.400375026,2.3215844760000004,3.72580492925,4.357898787000001,1.5491449215000002,4.346046164250001,3.2390202709999993,5.395209492749999,4.559245315999999,8.243921678249999,4.738078062000001,12.5,15.175000000000002,23.533333335,20.222222220000003,83.72222222250001,92.69166666500001,56.586111110000004,77.7222222225,49.066666665,39.316666665,28.305555555,13.67222222,42.70949074,7.733660249499999,9.5925864505,14.896225787499999,12.3300529925,44.660067274999996,59.12785606,34.1531980575,32.971007817499995,35.278865345,20.261639619999997,22.388445895,5.346240526500001,24.894987175,320.0,177.68,79997.23999999957,144073.23999998003
"Grand Traverse Band of Ottawa and Chippewa Indians, Michigan",0.14325353346313419,0.19814261723358095,2.9364609133305137,1.5220522359495363e6,0.091,0.095,6.96,2.32e6,0.8567464665368658,0.801857382766419,0.909,0.905,0.3735043572105549,0.3472702736732217,0.0009999999999999987,0.23900019245582202,0.346797990981157,0.25789386336067727,0.24160597605904527,0.001,0.16259324614054718,0.25268525697318245,-7.490466940256043,-7.429407391262572,-0.45900304572539347,6.2435444996136376,12.571478164062697,17.638870902694247,20.301265079116646,19.645760485892495,14.802961844118277,8.121781542884781,1.6524420222413088,-6.094839556707149,6.625365633953157,2.5134649986562168,2.837649021848584,2.5116876280319986,1.87484778151257,1.370601288722317,2.0444330542889615,1.2341327133246804,1.358009201310273,1.5767044183261387,1.6962435383828516,2.3288349792648364,3.6155772660148924,2.0801821575349124,40.663902080539614,29.12695637511222,39.7111620725901,60.22131688109642,78.09145082358341,98.81945163593298,84.52281278998214,94.58515600957959,95.05874822996431,69.58731683291543,67.47195601574907,47.42140501724807,67.10680289747673,16.377130496208164,16.88937108153533,22.64355169499677,23.680047724588274,30.28134658761115,42.28794081930497,27.992306482747665,31.138738161211368,36.0164277301203,26.98109230026601,35.1847697171627,20.069299014947156,27.46183515165332,-6.96667,-7.51111,-0.65556,4.36667,12.23333,17.22222,19.9,19.63333,14.86667,8.57778,2.21111,-5.28889,6.54907,2.74388,2.57226,2.19905,4.1644,1.22656,2.05252,1.37921,1.32162,1.83666,1.52153,2.39372,4.01122,2.28522,50.73333,33.53333,38.51111,58.06667,71.47778,94.66667,85.84444,78.31111,96.12222,69.77778,80.42222,63.7,68.43056,12.52136,17.89792,17.81588,22.62339,18.97968,54.60191,16.71055,16.507,24.53686,26.511,34.27979,21.29136,23.68972,38265.680000000015,21247.240000000016,79997.23999999957,144073.23999998003
"Sault Ste. Marie Tribe of Chippewa Indians, Michigan",0.14325353346313419,0.19814261723358095,2.9364609133305137,1.5220522359495363e6,0.162,0.208,2.99,3.1e6,0.8567464665368658,0.801857382766419,0.838,0.792,0.3735043572105549,0.3472702736732217,0.0009999999999999987,0.23900019245582202,0.346797990981157,0.3759572959231426,0.3710199072982709,0.001,0.23574053768295786,0.3020265993972115,-7.490466940256043,-7.429407391262572,-0.45900304572539347,6.2435444996136376,12.571478164062697,17.638870902694247,20.301265079116646,19.645760485892495,14.802961844118277,8.121781542884781,1.6524420222413088,-6.094839556707149,6.625365633953157,2.5134649986562168,2.837649021848584,2.5116876280319986,1.87484778151257,1.370601288722317,2.0444330542889615,1.2341327133246804,1.358009201310273,1.5767044183261387,1.6962435383828516,2.3288349792648364,3.6155772660148924,2.0801821575349124,40.663902080539614,29.12695637511222,39.7111620725901,60.22131688109642,78.09145082358341,98.81945163593298,84.52281278998214,94.58515600957959,95.05874822996431,69.58731683291543,67.47195601574907,47.42140501724807,67.10680289747673,16.377130496208164,16.88937108153533,22.64355169499677,23.680047724588274,30.28134658761115,42.28794081930497,27.992306482747665,31.138738161211368,36.0164277301203,26.98109230026601,35.1847697171627,20.069299014947156,27.46183515165332,-8.12222,-9.08889,-2.2,4.53333,10.85556,15.26667,18.66667,18.65556,13.88889,7.44444,1.65556,-6.24444,5.44259,2.59648,3.08561,2.62213,1.84992,1.3175,1.83787,1.48099,0.91179,1.88116,1.73789,2.27015,3.57153,2.09692,63.37778,36.57778,39.41111,62.01111,61.14444,98.53333,64.15556,77.66667,108.62222,83.32222,76.85556,68.22222,69.99167,20.87618,19.03423,21.91572,32.93423,24.43523,48.17309,25.21213,27.50531,41.92872,35.90527,22.54896,31.56559,29.33622,38265.680000000015,21247.240000000016,79997.23999999957,144073.23999998003
