Tribe,Food_Insecurity_Rate_2018_H,Child_Food_Insecurity_Rate_2018_H,Cost_Per_Meal_2018_H,Weighted_Annual_Food_Budget_Shortfall_2018_H,Food_Insecurity_Rate_2018_P,Child_Food_Insecurity_Rate_2018_P,Cost_Per_Meal_2018_P,Weighted_Annual_Food_Budget_Shortfall_2018_P,Food_Security_Rate_2018_H,Child_Food_Security_Rate_2018_H,Food_Security_Rate_2018_P,Child_Food_Security_Rate_2018_P,nccpi3all_H,nccpi3sg_H,nccpi3cot_H,nccpi3soy_H,nccpi3corn_H,nccpi3all_P,nccpi3sg_P,nccpi3cot_P,nccpi3soy_P,nccpi3corn_P,temp_mean_1_H,temp_mean_2_H,temp_mean_3_H,temp_mean_4_H,temp_mean_5_H,temp_mean_6_H,temp_mean_7_H,temp_mean_8_H,temp_mean_9_H,temp_mean_10_H,temp_mean_11_H,temp_mean_12_H,temp_mean_ann_H,temp_std_1_H,temp_std_2_H,temp_std_3_H,temp_std_4_H,temp_std_5_H,temp_std_6_H,temp_std_7_H,temp_std_8_H,temp_std_9_H,temp_std_10_H,temp_std_11_H,temp_std_12_H,temp_std_ann_H,precip_mean_1_H,precip_mean_2_H,precip_mean_3_H,precip_mean_4_H,precip_mean_5_H,precip_mean_6_H,precip_mean_7_H,precip_mean_8_H,precip_mean_9_H,precip_mean_10_H,precip_mean_11_H,precip_mean_12_H,precip_mean_ann_H,precip_std_1_H,precip_std_2_H,precip_std_3_H,precip_std_4_H,precip_std_5_H,precip_std_6_H,precip_std_7_H,precip_std_8_H,precip_std_9_H,precip_std_10_H,precip_std_11_H,precip_std_12_H,precip_std_ann_H,temp_mean_1_P,temp_mean_2_P,temp_mean_3_P,temp_mean_4_P,temp_mean_5_P,temp_mean_6_P,temp_mean_7_P,temp_mean_8_P,temp_mean_9_P,temp_mean_10_P,temp_mean_11_P,temp_mean_12_P,temp_mean_ann_P,temp_std_1_P,temp_std_2_P,temp_std_3_P,temp_std_4_P,temp_std_5_P,temp_std_6_P,temp_std_7_P,temp_std_8_P,temp_std_9_P,temp_std_10_P,temp_std_11_P,temp_std_12_P,temp_std_ann_P,precip_mean_1_P,precip_mean_2_P,precip_mean_3_P,precip_mean_4_P,precip_mean_5_P,precip_mean_6_P,precip_mean_7_P,precip_mean_8_P,precip_mean_9_P,precip_mean_10_P,precip_mean_11_P,precip_mean_12_P,precip_mean_ann_P,precip_std_1_P,precip_std_2_P,precip_std_3_P,precip_std_4_P,precip_std_5_P,precip_std_6_P,precip_std_7_P,precip_std_8_P,precip_std_9_P,precip_std_10_P,precip_std_11_P,precip_std_12_P,precip_std_ann_P,Acres,Endow_Raised_Parcel,Total_Endow,Total_Acres
Winnebago Tribe of Nebraska,0.08969548923312015,0.15869548923312013,3.0026127691719946,2.9505164437806387e6,0.18168822537634446,0.2639529990877823,2.9312489217259365,673735.9381010209,0.9103045107668799,0.8413045107668798,0.8183117746236556,0.7360470009122178,0.5005044305032331,0.4926549902103097,0.0010000000000000002,0.35478341444361805,0.43577069236566635,0.6661190966561259,0.5511637068921532,0.0010000000000000156,0.6443356287163982,0.6252081663992922,-8.34890162361318,-7.313849092507162,1.247182425922636,8.364788284338111,14.138968483323783,19.694364852521492,22.019484238739256,21.084272526246423,16.17026424418338,9.029576568091692,1.3916268705071635,-8.074721426381089,7.450254695808023,2.2814452166189114,2.79870461925788,2.287053867627507,1.8571181509455592,1.1990357857879657,1.905547656853868,1.0748084065673353,1.392748203510029,1.7161420956303728,1.9171740313237822,2.4298087207020056,3.375379658131806,2.0195805343438398,23.62925819510029,15.266666670000001,40.55861190871061,52.0701368995702,94.45552371948425,129.1666667,100.57376634197706,132.72731612406878,99.04434893234958,53.92120343928367,52.460967843524365,30.75208532292264,68.71887934106019,7.762181698819484,9.774328621000002,21.67715251541547,12.300001565272208,23.518490612550146,54.9739029,57.7494069894556,57.63849248309456,46.117202716045846,29.850093658252153,30.614323614469914,16.31460461025788,30.6908484982235,-4.722222222,-2.0500000000000003,3.433333333,11.0444444455,16.261111115,21.594444445,24.377777775,23.211111109999997,17.544444445,11.494444445,2.8777777775,-5.1388888889999995,9.993981482,4.8784472805,4.860292237,3.324876811,2.780595613,2.116959385,1.7810175970000002,1.8046202415,1.656368933,2.2135799874999997,2.5755346250000004,4.734951826,4.584256024,3.1092917135,23.094444445,28.849999999999998,53.16111111,68.80555556,91.105555555,120.16666665,85.144444445,68.37222222,68.083333335,56.077777775,38.85,44.20000000000001,62.159259255,27.69630635,45.356593995500006,42.38246035,44.78560599000001,41.983345220000004,59.89209473,59.61920113499999,39.989509410000004,37.735143029999996,25.793557485000004,27.545016699999998,74.953095405,43.977660820000004,760.0,387.98,164958.53000000026,323130.36000004003
"Dry Creek Rancheria Band of Pomo Indians, California",0.11154951348437202,0.15439473388471717,3.77492730360767,1.935174468799464e7,0.09,0.118,4.0,3.0681999999999996e7,0.888450486515628,0.8456052661152829,0.91,0.882,0.3274946068067692,0.3274946068067692,0.08536119100345832,0.1543326590378175,0.2007905017461698,0.1753533463299719,0.17271252871728737,0.0875691808561863,0.044849947050144286,0.11928395921103614,8.611433172115945,9.756199677855072,10.7979066,13.519484702028986,15.269565213478263,20.865539453913048,24.105314008550728,23.129951693043477,21.35201288362319,17.09726248014493,10.859742352463769,7.391948469985508,15.22969672362319,1.952361050130435,2.009631333014493,2.8506474705942035,2.311422620072464,2.606309084536232,3.8195663136666664,4.411256441927536,2.9710585507101452,4.895836080159421,3.553637763550725,2.7310184906521746,2.817917868666667,3.077555255739131,183.89178742173914,91.44589371869566,120.16650564492755,49.29565217333334,25.784702094492754,10.275845409478263,9.617391305913044,9.677777778,21.76231883695652,38.441062800724644,64.59388083565217,126.06521740289857,62.58483628666667,170.34943568695655,82.70885074898551,117.5483906173913,48.17762035492754,25.402678841594206,19.287255895492756,16.981582593971012,22.36899516,24.738143421594206,46.776288998115945,58.1941638826087,93.83489272840579,60.53069158000001,8.433333333,9.111111111,10.9,12.57777778,15.000000000000002,19.5,20.78888889,20.48888889,19.28888889,15.8,10.68888889,7.977777778000001,14.21296296,1.321930407,3.535337482,1.218605761,2.121189394,1.691153453,1.65,1.090234429,0.957136934,1.254436571,2.359025222,1.353185542,1.552238527,1.67537281,237.5777778,151.0666667,137.5666667,59.18888889000001,36.81111111,12.91111111,5.0,6.622222222,8.044444444,38.16666667,57.27777778,181.8444444,77.67314815,201.9105729,116.7436187,126.192264,41.8132588,27.11357798,14.34611833,9.686072475,15.81990659,10.78947532,41.13505196,42.94091225,129.8782229,64.86408768,332.84000000000003,169.91,164958.53000000026,323130.36000004003
Redwood Valley or Little River Band of Pomo Indians of the Redwood Valley Rancheria California,0.11154951348437202,0.15439473388471717,3.77492730360767,1.935174468799464e7,0.135,0.194,3.53,7.022e6,0.888450486515628,0.8456052661152829,0.865,0.806,0.3274946068067692,0.3274946068067692,0.08536119100345832,0.1543326590378175,0.2007905017461698,0.4403854479056433,0.44036600254410907,0.21458995852631582,0.23586463244851372,0.2927970301346382,8.611433172115945,9.756199677855072,10.7979066,13.519484702028986,15.269565213478263,20.865539453913048,24.105314008550728,23.129951693043477,21.35201288362319,17.09726248014493,10.859742352463769,7.391948469985508,15.22969672362319,1.952361050130435,2.009631333014493,2.8506474705942035,2.311422620072464,2.606309084536232,3.8195663136666664,4.411256441927536,2.9710585507101452,4.895836080159421,3.553637763550725,2.7310184906521746,2.817917868666667,3.077555255739131,183.89178742173914,91.44589371869566,120.16650564492755,49.29565217333334,25.784702094492754,10.275845409478263,9.617391305913044,9.677777778,21.76231883695652,38.441062800724644,64.59388083565217,126.06521740289857,62.58483628666667,170.34943568695655,82.70885074898551,117.5483906173913,48.17762035492754,25.402678841594206,19.287255895492756,16.981582593971012,22.36899516,24.738143421594206,46.776288998115945,58.1941638826087,93.83489272840579,60.53069158000001,7.933333333,8.677777778,9.655555556,11.64444444,14.5,18.34444444,20.544444440000003,20.57777778,18.58888889,14.78888889,9.6,7.633333333,13.540740740000002,1.393735986,3.097490023,2.13548069,1.387543793,1.70513929,2.78438104,0.719567771,2.6413906270000003,1.90292173,1.923177348,1.523975065,1.68597153,1.908397908,215.8,143.5555556,138.7444444,64.95555556,49.66666667,19.38888889,9.411111111,5.366666667,12.37777778,48.14444444,70.59999999999998,211.6444444,82.47129629,174.60551970000003,111.0239514,140.4865306,45.4295364,37.89930738,20.93504505,18.884282120000005,9.853933225,17.36381135,44.75301976,57.33319283,185.5163814,72.0070426,332.84000000000003,169.91,164958.53000000026,323130.36000004003
Prairie Band Potawatomi Nation,0.1303102143476319,0.15204782917672044,2.8117492344727437,3.640191048819252e6,0.122,0.189,3.08,845000.0,0.8696897856523681,0.8479521708232796,0.878,0.8109999999999999,0.5401130171601225,0.4617345334180174,0.0010000000000000002,0.4781448912565308,0.5192985465328647,0.5351284296583351,0.5005861278034512,0.01601332915139986,0.4698663067169111,0.4963650617965824,-5.666339869029413,-7.194771241970588,-0.7187908496323531,5.7715686273235285,12.180228758970587,16.99183006735294,19.839869283382352,19.34379084897059,14.623366010735293,8.386764705911764,2.5740196079999995,-4.978594771294118,6.762745098485294,3.016395107323529,2.9303134655000003,2.645494549735294,1.8219800803676467,1.3759893558382352,2.0644106963088236,1.3946616980735291,1.3035771076911764,1.6002763349558824,1.8099903196911762,2.143741428485294,3.5068678892205885,2.1344748362058823,49.607679740147056,37.64101307073529,38.930228756470584,69.78611111088235,74.78872549014704,92.84264705852941,79.01503268014704,72.46405228955882,88.30147057941177,63.72401960941175,78.29901960794118,55.52042483367647,66.74336873470588,18.93011897029412,26.841194666470585,21.560214085,25.620728653823527,25.997755939705883,48.907582561764706,23.14883283323529,25.27718000632353,25.48197755955882,24.132206737499995,34.70915754382353,20.993891066029413,26.800070050147056,1.188888889,0.444444444,7.955555556000001,15.03333333,19.4,23.93333333,27.17777778,26.4,20.5,15.888888889999999,7.266666667,0.033333333,13.76851852,6.536712561,7.80434352,3.836049762,3.716853508,3.178836265,2.242208732,1.763361688,2.425901894,2.25,3.378403634,4.567274899,5.178561576,3.906542337,24.98888889,32.44444444,74.3,58.95555556,113.7888889,151.2777778,96.28888889,116.2666667,97.1,69.18888889,33.26666667,25.12222222,74.41574075,11.58063518,18.5921429,56.20673892,29.86013694,58.16610792,59.32378903,41.7211111,62.99666658000001,60.93166254,45.41911614,19.54366905,25.77342516,40.84293346,285.38,145.69,164958.53000000026,323130.36000004003
"Minnesota Chippewa Tribe, Minnesota (Leech Lake Band)",0.12630608415332206,0.18502677401009046,2.9949181094440975,2.102006960442749e6,0.11101924624786695,0.2023349899336315,3.0734660545446473,2.0462971160739497e6,0.8736939158466779,0.8149732259899095,0.888980753752133,0.7976650100663685,0.39353156314271664,0.3646005613008406,0.0009996127549505328,0.26114505765103874,0.35890783129240933,0.4418278154583395,0.41870544742507376,0.000999982210788848,0.3116068499694932,0.36699695299526924,-8.454225733861382,-8.251179148611866,-0.7900044197221919,6.113300532241679,12.460945340165093,17.37016411566064,20.201298165345545,19.44582236002712,14.433425015625586,7.818081413546729,0.8134378732433133,-7.37302234360507,6.149003597528173,2.446840327590527,2.7901176220897037,2.5389198626562295,1.9576912424010287,1.399841304434818,1.9521323776362147,1.2345969072250222,1.3841102199558333,1.74810964039926,1.8006922599746313,2.6306643116124264,3.805927125244701,2.140803600184708,35.991644963528856,25.496339519503582,39.38486374818421,56.525827303812555,79.19274783134388,103.53565997161826,88.21419276157582,100.67721489746816,100.47130777327457,70.75663565535635,64.24521905826188,43.45700615948937,67.32905497055843,16.03866479941725,14.621580717169573,23.17564260969666,22.950977824566596,31.427823652903545,44.353909654675526,31.115579587241346,36.07494169426377,39.989528592015134,28.42716255823386,32.57549629183044,20.665453150635955,28.451396761591088,-12.030158728571427,-9.344444443571426,-0.3507936508571428,6.1460317459999985,12.887301587142854,18.255555555714285,20.371428571428567,19.66507936571428,15.055555555714283,6.985714285714283,-0.9142857142857139,-10.347619047714284,5.531613756999999,2.6246656589999993,3.956737953999999,4.678823400285713,2.3482650485714283,1.398682727142857,2.7852073924285707,0.8661011159999997,2.0922188051428563,3.5560599309999996,1.9463187685714285,5.040366559142856,5.850744431142856,3.0953493161428565,24.807936507142855,15.374603174285712,32.50634920571428,38.530158731428564,76.28095238142855,103.09682537142855,107.71111112285713,94.17142856999996,75.67301587285712,64.60476190428571,52.41269841142856,26.84761904714285,59.33478835857142,19.104469444285712,5.492642019999998,15.16250371428571,29.341785517142853,49.23969661999999,34.28940501571428,65.11939853714286,44.005712215714276,34.122292229999985,27.620300549999996,34.64889197714285,16.59434525714285,31.22845359142856,188320.34000003993,96137.85999999776,164958.53000000026,323130.36000004003
Flandreau Santee Sioux Tribe of South Dakota,0.10167045669396206,0.13077621115137394,3.077025083651864,1.227427604715564e6,0.107,0.17,3.11,369000.0,0.898329543306038,0.8692237888486261,0.893,0.83,0.7029427294726031,0.585823594505151,0.0009999999999999992,0.6168354567580413,0.6778893710971591,0.6215867611308554,0.5385886535724088,0.001070406582138625,0.5927764869812757,0.5892292125376664,-5.835753503837451,-3.8428839761846554,3.9114217599934964,10.428182344003247,15.798461204492842,21.740644416339396,24.110836584128734,23.10751336542262,18.51155179914824,11.180378558481141,3.017071232513654,-5.297283629593627,9.735845014400518,2.7802933359531856,3.1610602029700905,1.900646484812093,1.9214654926846553,1.555812412116385,1.5086708122977888,1.1692740475955785,1.552379671548114,1.7489211389590373,1.6464241669369306,3.1597112824733413,3.650069157394017,2.1462273506703506,20.102073400240567,20.666399364317293,47.28745123658647,60.646308336820546,107.76589366476593,126.05930502756824,99.92202718302991,96.87879641416123,84.91180464698306,47.988477098875144,38.2914968933875,28.24306458605332,64.8969248209818,10.053614235897268,14.626857102421326,26.77230119645643,33.07177503437581,51.06866332262029,53.773572467386195,43.881998902906375,45.611667122061114,51.62837392142391,23.453928370351104,24.73275990685305,23.887283706391415,33.54689960573472,-7.6,-6.1,1.377777778,9.3,14.74444444,20.26666667,23.56666667,21.7,16.02222222,9.7,0.955555556,-8.155555556,7.981481482,4.288647806,3.474550331,2.826118264,2.636759375,1.682342943,1.78605711,2.294558781,1.523154621,2.019144483,2.092247595,4.796642344,4.448907481,2.822427595,12.28888889,37.55555556,46.73333333,58.21111111,98.76666667,130.4222222,89.76666667,97.28888889,96.56666667,56.14444444,36.15555556,38.55555556,66.53796296,9.932326571,82.3413795,45.06656188,30.930908669999997,41.1949026,63.74536802,36.47821268,41.42050955,67.67680548,48.38830208,31.08758237,52.37766965,45.88671075,2718.77,1387.9400000000007,164958.53000000026,323130.36000004003
Match-e-be-nash-she-wish Band of Pottawatomi Indians of Michigan,0.1303102143476319,0.15204782917672044,2.8117492344727437,3.640191048819252e6,0.097,0.094,2.86,5.43e6,0.8696897856523681,0.8479521708232796,0.903,0.906,0.5401130171601225,0.4617345334180174,0.0010000000000000002,0.4781448912565308,0.5192985465328647,0.5030101555007082,0.46987021052394545,0.0010000000000000005,0.36848943725137695,0.4811848622728486,-5.666339869029413,-7.194771241970588,-0.7187908496323531,5.7715686273235285,12.180228758970587,16.99183006735294,19.839869283382352,19.34379084897059,14.623366010735293,8.386764705911764,2.5740196079999995,-4.978594771294118,6.762745098485294,3.016395107323529,2.9303134655000003,2.645494549735294,1.8219800803676467,1.3759893558382352,2.0644106963088236,1.3946616980735291,1.3035771076911764,1.6002763349558824,1.8099903196911762,2.143741428485294,3.5068678892205885,2.1344748362058823,49.607679740147056,37.64101307073529,38.930228756470584,69.78611111088235,74.78872549014704,92.84264705852941,79.01503268014704,72.46405228955882,88.30147057941177,63.72401960941175,78.29901960794118,55.52042483367647,66.74336873470588,18.93011897029412,26.841194666470585,21.560214085,25.620728653823527,25.997755939705883,48.907582561764706,23.14883283323529,25.27718000632353,25.48197755955882,24.132206737499995,34.70915754382353,20.993891066029413,26.800070050147056,-4.977777778,-4.6,1.433333333,8.122222222,14.26666667,18.86666667,21.71111111,21.15555556,16.43333333,9.822222222,3.8666666669999996,-3.188888889,8.575925926,3.251068201,4.796613389,3.6342124320000004,2.896885301,1.747855829,2.122498528,1.457261511,1.993182826,1.570827807,2.131183813,1.755704987,2.49321301,2.487542303,60.52222222,46.43333333,59.63333333,69.55555556,103.6444444,102.8444444,104.3666667,86.1,92.82222222,78.84444444,96.06666667,79.56666667,81.7,33.57349318,20.86701943,33.08190593,29.63414885,55.77466071,35.2430529,27.69178579,27.59066871,38.97662049,41.59877135,41.98803401,40.19564653,35.51798399,285.38,145.69,164958.53000000026,323130.36000004003
Robinson Rancheria,0.11154951348437202,0.15439473388471717,3.77492730360767,1.935174468799464e7,0.157,0.231,3.9200000000000004,6.666e6,0.888450486515628,0.8456052661152829,0.843,0.769,0.3274946068067692,0.3274946068067692,0.08536119100345832,0.1543326590378175,0.2007905017461698,0.4887370136414907,0.4887370136414907,0.15069343763102852,0.27039525671129266,0.26106455988035304,8.611433172115945,9.756199677855072,10.7979066,13.519484702028986,15.269565213478263,20.865539453913048,24.105314008550728,23.129951693043477,21.35201288362319,17.09726248014493,10.859742352463769,7.391948469985508,15.22969672362319,1.952361050130435,2.009631333014493,2.8506474705942035,2.311422620072464,2.606309084536232,3.8195663136666664,4.411256441927536,2.9710585507101452,4.895836080159421,3.553637763550725,2.7310184906521746,2.817917868666667,3.077555255739131,183.89178742173914,91.44589371869566,120.16650564492755,49.29565217333334,25.784702094492754,10.275845409478263,9.617391305913044,9.677777778,21.76231883695652,38.441062800724644,64.59388083565217,126.06521740289857,62.58483628666667,170.34943568695655,82.70885074898551,117.5483906173913,48.17762035492754,25.402678841594206,19.287255895492756,16.981582593971012,22.36899516,24.738143421594206,46.776288998115945,58.1941638826087,93.83489272840579,60.53069158000001,6.500000000000001,6.688888889,7.922222222,9.722222222,12.4,17.66666667,19.55555556,18.87777778,17.05555556,13.15555556,8.077777778,6.0,11.96851852,1.320984481,3.6491247049999997,1.419311257,1.949857545,1.548386257,3.320391543,0.789162707,0.766122996,1.202197063,2.174345368,1.536861882,1.615549442,1.774357937,237.88888890000004,145.7777778,148.3111111,69.4,56.58888889,20.8,5.255555556,10.97777778,18.78888889,45.81111111,72.76666667,204.6111111,86.41481482,194.383657,115.6938177,124.76985260000001,45.25403297,37.49798143,23.91584203,11.21674096,19.53425055,16.30869741,43.2073907,59.441778240000005,129.0186173,68.35355491,332.84000000000003,169.91,164958.53000000026,323130.36000004003
"Citizen Potawatomi Nation, Oklahoma",0.1303102143476319,0.15204782917672044,2.8117492344727437,3.640191048819252e6,0.1421748006607749,0.2087522595401262,3.014256144651789,1.2483986717781419e7,0.8696897856523681,0.8479521708232796,0.8578251993392251,0.7912477404598738,0.5401130171601225,0.4617345334180174,0.0010000000000000002,0.4781448912565308,0.5192985465328647,0.3925058235224002,0.3544004035729066,0.24700249917134348,0.37146334593373687,0.3427926583839122,-5.666339869029413,-7.194771241970588,-0.7187908496323531,5.7715686273235285,12.180228758970587,16.99183006735294,19.839869283382352,19.34379084897059,14.623366010735293,8.386764705911764,2.5740196079999995,-4.978594771294118,6.762745098485294,3.016395107323529,2.9303134655000003,2.645494549735294,1.8219800803676467,1.3759893558382352,2.0644106963088236,1.3946616980735291,1.3035771076911764,1.6002763349558824,1.8099903196911762,2.143741428485294,3.5068678892205885,2.1344748362058823,49.607679740147056,37.64101307073529,38.930228756470584,69.78611111088235,74.78872549014704,92.84264705852941,79.01503268014704,72.46405228955882,88.30147057941177,63.72401960941175,78.29901960794118,55.52042483367647,66.74336873470588,18.93011897029412,26.841194666470585,21.560214085,25.620728653823527,25.997755939705883,48.907582561764706,23.14883283323529,25.27718000632353,25.48197755955882,24.132206737499995,34.70915754382353,20.993891066029413,26.800070050147056,4.9155555556,6.671111111,12.048888889999999,16.508888889999998,21.073333334,26.26888889,28.493333334000003,28.82,24.62888889,17.511111112,11.293333334,4.8466666666,16.923333332000002,2.260850818,2.6470933796000002,1.3044560762,1.021678284,0.9177624378,1.4630155448,1.230204403,1.3017814736000002,1.3893157237999998,1.1258270404,2.0179717056,2.6667628666,1.6122266464,65.275555556,52.83111111200001,99.913333328,95.22444443599998,167.08666668,128.19555556000003,85.78888888799999,62.44444444399999,100.04666666600001,89.30444444800001,61.086666668,53.171111112,88.364074074,26.601387186,34.237215002,66.833273582,61.378323206,95.27023752800001,62.326650097999995,57.92225945199999,51.43910103,54.546235134,73.791014862,52.067929766,35.058359076,55.955998828000006,285.38,145.69,164958.53000000026,323130.36000004003
"Pokagon Band of Potawatomi Indians, Michigan and Indiana",0.1303102143476319,0.15204782917672044,2.8117492344727437,3.640191048819252e6,0.14,0.155,2.98,1.0894e7,0.8696897856523681,0.8479521708232796,0.86,0.845,0.5401130171601225,0.4617345334180174,0.0010000000000000002,0.4781448912565308,0.5192985465328647,0.5653292635166147,0.44421387753498415,0.0009038640534865926,0.5012411223857224,0.5590207990067556,-5.666339869029413,-7.194771241970588,-0.7187908496323531,5.7715686273235285,12.180228758970587,16.99183006735294,19.839869283382352,19.34379084897059,14.623366010735293,8.386764705911764,2.5740196079999995,-4.978594771294118,6.762745098485294,3.016395107323529,2.9303134655000003,2.645494549735294,1.8219800803676467,1.3759893558382352,2.0644106963088236,1.3946616980735291,1.3035771076911764,1.6002763349558824,1.8099903196911762,2.143741428485294,3.5068678892205885,2.1344748362058823,49.607679740147056,37.64101307073529,38.930228756470584,69.78611111088235,74.78872549014704,92.84264705852941,79.01503268014704,72.46405228955882,88.30147057941177,63.72401960941175,78.29901960794118,55.52042483367647,66.74336873470588,18.93011897029412,26.841194666470585,21.560214085,25.620728653823527,25.997755939705883,48.907582561764706,23.14883283323529,25.27718000632353,25.48197755955882,24.132206737499995,34.70915754382353,20.993891066029413,26.800070050147056,-0.811111111,-2.055555556,8.255555556,9.466666667,16.08888889,20.87777778,23.07777778,22.42222222,20.23333333,11.72222222,3.933333333,-3.155555556,10.83796296,8.088177243,3.15440609,9.076909043,1.887458609,3.6998123080000003,1.8680054719999997,1.189304185,1.537675013,4.423234111,1.173432761,1.966596044,3.281810137,3.4455684180000006,54.300000000000004,57.54444444,53.8,60.84444444,83.98888889,112.48888890000002,77.26666667,75.65555556,69.61111111,74.9,87.37777778,66.27777778,72.83796296,31.144180839999997,33.71276135,25.65472666,34.24401813,65.36211526,51.75897131,39.34529832,65.16594416,30.31569084,35.69142054,69.41510602,26.67150998,42.37347862,285.38,145.69,164958.53000000026,323130.36000004003
Prairie Island Indian Community in the State of Minnesota,0.08242471086748945,0.13561122272074086,3.0368298312937725,2.4697177040914833e6,0.078,0.126,2.94,1.787e6,0.9175752891325105,0.8643887772792591,0.922,0.874,0.6597383381940102,0.5634931022705976,0.0009999999999999948,0.6179839542898928,0.5797921544646825,0.41141266587795633,0.35816602548550946,0.001,0.20911593615487592,0.38152769519799923,-9.919830893124356,-8.433224474700506,0.4379002538953636,7.979837780751549,14.179120103722584,19.57781340385899,21.920571528444842,20.754827983609932,15.816853310786962,8.418218200467896,-0.0966534849071571,-9.295976581568672,6.778288094437801,2.7105143413777,2.756337800752139,2.2981150456890456,2.366154282601219,1.4647836798953964,1.7576913563852596,0.9308601006866626,1.4800246136680943,1.8002236445344646,2.018753839577571,3.2373767344328193,4.077785033645253,2.24155170612045,19.891425495710532,16.439624576226393,41.86350936679669,51.906713218351804,90.21738296141197,122.65778695610867,95.28438847177524,102.36632267740978,88.80187949310054,53.969201689506896,42.123030547711565,27.008858327879402,62.71084364905666,11.565013799353515,8.986262896677939,25.561374874175378,24.650952365010404,34.04271772304164,42.59943412625052,33.040152511914435,41.53331544011391,48.74870318418,19.134403777697404,33.356600491858885,19.286801672477782,28.54214440462638,-8.466666667,-4.922222222,1.366666667,9.133333333,14.98888889,20.42222222,22.7,22.02222222,16.13333333,9.677777778,1.277777778,-7.6,8.061111111,2.491485501,4.793166432,2.759075932,2.121320344,1.274209995,1.710100712,0.85732141,1.708638184,1.697056275,2.150452149,2.783782399,4.518296139,2.405408789,28.3,16.43333333,45.36666667,69.93333333,90.53333333,133.1555556,91.91111111,123.4888889,97.83333333,57.5,39.13333333,29.31111111,68.575,30.793099880000003,9.335684228,29.32119541,57.20131117,45.11280306,55.65772882,47.15388225,56.18955518,55.14163581,32.06091858,27.47853708,14.05315307,38.29162538,58252.85999999999,29738.150000000085,164958.53000000026,323130.36000004003
"Santee Sioux Nation, Nebraska",0.10167045669396206,0.13077621115137394,3.077025083651864,1.227427604715564e6,0.12397529083292405,0.18798058565444034,3.0701764940505427,545845.5677057753,0.898329543306038,0.8692237888486261,0.876024709167076,0.8120194143455597,0.7029427294726031,0.585823594505151,0.0009999999999999992,0.6168354567580413,0.6778893710971591,0.4428393953457203,0.38454732337955627,0.001385293635017185,0.4121737207743507,0.3800840552122669,-5.835753503837451,-3.8428839761846554,3.9114217599934964,10.428182344003247,15.798461204492842,21.740644416339396,24.110836584128734,23.10751336542262,18.51155179914824,11.180378558481141,3.017071232513654,-5.297283629593627,9.735845014400518,2.7802933359531856,3.1610602029700905,1.900646484812093,1.9214654926846553,1.555812412116385,1.5086708122977888,1.1692740475955785,1.552379671548114,1.7489211389590373,1.6464241669369306,3.1597112824733413,3.650069157394017,2.1462273506703506,20.102073400240567,20.666399364317293,47.28745123658647,60.646308336820546,107.76589366476593,126.05930502756824,99.92202718302991,96.87879641416123,84.91180464698306,47.988477098875144,38.2914968933875,28.24306458605332,64.8969248209818,10.053614235897268,14.626857102421326,26.77230119645643,33.07177503437581,51.06866332262029,53.773572467386195,43.881998902906375,45.611667122061114,51.62837392142391,23.453928370351104,24.73275990685305,23.887283706391415,33.54689960573472,-3.1,-0.6333333330000002,3.6555555560000004,12.01111111,16.82222222,22.0,24.42222222,23.98888889,17.46666667,12.93333333,3.011111111,-3.733333333,10.73703704,7.160830957,6.118006210999999,4.950785572,4.198346235,3.355882067,2.032240143,1.794977561,1.755309406,2.530316186,3.863288754,5.553477389,5.844655678,4.09650968,14.83333333,10.56666667,58.188888889999994,71.31111111,86.07777777999999,112.0111111,66.48888889,105.8111111,51.54444444,39.87777778,30.4,22.08888889,55.76666667,13.48601127,8.656211643,47.62770844,46.20893973,32.07903434,60.60471195,36.74375608,71.08629341,34.23145889,19.0076812,21.49581355,36.39795477,35.63546461,2718.77,1387.9400000000007,164958.53000000026,323130.36000004003
Iowa Tribe of Kansas and Nebraska,0.10747545922911994,0.13562160981065796,3.064745497494961,1.1871476842993668e6,0.13287622297396517,0.225280012498916,3.0072448015408804,607920.5320388732,0.8925245407708801,0.864378390189342,0.8671237770260348,0.774719987501084,0.7316492578712177,0.6049944943416237,0.0009999999999999994,0.648899756867026,0.7152961846907432,0.6896579535056878,0.5787390560493417,0.0015824584677697382,0.619868236425538,0.6804875154135415,-5.1109838845999995,-3.094860050763358,4.534173028087021,10.857888041182438,16.112120440938924,22.17960983951908,24.50206955019083,23.540067854274803,19.033765903824424,11.693944020900759,3.5892366412534344,-4.643816793996182,10.266101217676333,2.735024787319083,3.190268927563358,1.7496886522419839,1.8583610129717558,1.5888710814404574,1.4357518145236636,1.1826566057450378,1.551043185014503,1.714804358951908,1.5766572573809157,3.104777000149617,3.5249172787816776,2.1010684970801523,20.698702290145032,21.757684478381673,48.45524173190076,63.5712468193206,111.82102630202287,128.27033928488544,102.28579306719084,96.93183205821373,85.18782017940455,46.650186599228995,38.293240033458005,28.939007633213734,66.07184337272518,10.05401218899389,15.681819939883967,27.370052172328236,35.161265652389304,54.623041055137406,55.591047978900754,45.336382654038154,46.40572776394656,51.55005870524425,22.84841732748091,23.727806592106873,24.84906425342748,34.433224688595416,-4.538888889,-2.8277777774999997,5.1333333329999995,11.427777775000001,16.555555555,22.677777775,26.144444444999998,24.805555554999998,19.455555555,12.322222225000003,4.811111111,-3.6111111115000005,11.02962963,4.0175880615,5.851064363,3.2076581809999998,3.1518510090000005,2.5524931720000006,1.74527636,2.1279009915000002,2.0758442574999996,2.8290994605,3.4384425614999996,2.8009377515000002,2.4735940440000004,3.0226458509999996,22.122222225,46.5,61.15555555499999,58.73888888999999,121.80555555000002,122.25555555000001,103.62222225000001,94.122222245,85.894444445,55.172222219999995,48.916666670000005,45.08888889,72.11620371000001,12.272704710000001,44.37224610999999,40.782768004999994,29.515865634999997,69.46719067,42.422479845000005,34.849263335,42.714615585000004,57.396360115,30.069617035,27.322523904999997,58.804075950000005,40.83247591,2398.77,1224.5800000000006,164958.53000000026,323130.36000004003
Sherwood Valley Rancheria of Pomo Indians of California,0.11154951348437202,0.15439473388471717,3.77492730360767,1.935174468799464e7,0.135,0.19399999999999998,3.5299999999999994,7.022000000000001e6,0.888450486515628,0.8456052661152829,0.865,0.806,0.3274946068067692,0.3274946068067692,0.08536119100345832,0.1543326590378175,0.2007905017461698,0.4572270088750737,0.4369567092524577,0.19619433708823555,0.15342903746594294,0.25973845304020954,8.611433172115945,9.756199677855072,10.7979066,13.519484702028986,15.269565213478263,20.865539453913048,24.105314008550728,23.129951693043477,21.35201288362319,17.09726248014493,10.859742352463769,7.391948469985508,15.22969672362319,1.952361050130435,2.009631333014493,2.8506474705942035,2.311422620072464,2.606309084536232,3.8195663136666664,4.411256441927536,2.9710585507101452,4.895836080159421,3.553637763550725,2.7310184906521746,2.817917868666667,3.077555255739131,183.89178742173914,91.44589371869566,120.16650564492755,49.29565217333334,25.784702094492754,10.275845409478263,9.617391305913044,9.677777778,21.76231883695652,38.441062800724644,64.59388083565217,126.06521740289857,62.58483628666667,170.34943568695655,82.70885074898551,117.5483906173913,48.17762035492754,25.402678841594206,19.287255895492756,16.981582593971012,22.36899516,24.738143421594206,46.776288998115945,58.1941638826087,93.83489272840579,60.53069158000001,7.122222222,8.45,8.2944444445,10.877777779499999,13.72777778,17.255555559999998,19.5,19.822222225,17.16111111,14.37222222,8.188888889000001,6.738888889,12.625925924999999,1.227555952,1.396909033,1.343935383,1.7144473085,1.9464941755000003,2.4355099295,0.788213113,3.037083282,1.187630172,1.8512952620000003,1.479585152,1.6056297985,1.66785738,228.6388889,159.31666664999997,158.0722222,77.80555555499998,61.08888888999999,20.927777775,8.427777778,5.677777777999999,13.783333334999998,55.444444445,91.53333333,248.02222224999997,94.061574075,159.44487460000002,109.1846194,124.06605650000002,47.848231845,41.211467065,23.392362340000002,15.760815359999999,10.7585777835,14.633546574999999,43.33152185000001,63.431675195,189.72258595,70.232194535,332.84000000000003,169.91,164958.53000000026,323130.36000004003
"Hopland Band of Pomo Indians, California",0.11154951348437202,0.15439473388471717,3.77492730360767,1.935174468799464e7,0.139176003124956,0.20102327798288055,3.604029146306038,6.954424676705258e6,0.888450486515628,0.8456052661152829,0.860823996875044,0.7989767220171194,0.3274946068067692,0.3274946068067692,0.08536119100345832,0.1543326590378175,0.2007905017461698,0.20546862754912884,0.2049310917370144,0.08496860658843013,0.06752913920435577,0.11706725792353782,8.611433172115945,9.756199677855072,10.7979066,13.519484702028986,15.269565213478263,20.865539453913048,24.105314008550728,23.129951693043477,21.35201288362319,17.09726248014493,10.859742352463769,7.391948469985508,15.22969672362319,1.952361050130435,2.009631333014493,2.8506474705942035,2.311422620072464,2.606309084536232,3.8195663136666664,4.411256441927536,2.9710585507101452,4.895836080159421,3.553637763550725,2.7310184906521746,2.817917868666667,3.077555255739131,183.89178742173914,91.44589371869566,120.16650564492755,49.29565217333334,25.784702094492754,10.275845409478263,9.617391305913044,9.677777778,21.76231883695652,38.441062800724644,64.59388083565217,126.06521740289857,62.58483628666667,170.34943568695655,82.70885074898551,117.5483906173913,48.17762035492754,25.402678841594206,19.287255895492756,16.981582593971012,22.36899516,24.738143421594206,46.776288998115945,58.1941638826087,93.83489272840579,60.53069158000001,8.255555555499999,9.866666668,9.7166666685,12.51111111,15.36666667,18.216666664999998,20.077777775,20.95,18.238888890000002,15.71666667,9.483333333500001,7.827777777499999,13.852314815,1.1018139555000002,1.197663202,1.3041108170000002,2.1796896709999998,2.7246171255,1.8412184544999999,1.1546797095,3.876733482,1.29305583,1.7813535685,1.5207084705,1.6225156775,1.7998466635,249.4388889,160.75,152.46666665,73.8,51.53333333,14.911111110000002,6.500000001499999,6.2222222225,10.872222222,51.583333335,88.57777777499999,241.78333335,92.36990740499999,181.17885415,103.94168645,117.66811895,42.457186265000004,35.136367075,17.07115779,11.792537437499998,12.990271652,13.2080348985,41.061568390000005,58.52862627,174.34111195,67.44796010499999,332.84000000000003,169.91,164958.53000000026,323130.36000004003
"Chippewa Cree Indians of the Rocky Boy's Reservation, Montana",0.14161150229098252,0.19723773945453313,2.9265633973487373,1.4369511212678452e6,0.12343523303737963,0.19176165781541438,3.171088082593449,895369.5948245387,0.8583884977090175,0.8027622605454668,0.8765647669626204,0.8082383421845856,0.3927107878600258,0.36479621065548046,0.0010000000000000122,0.2545496543021596,0.36872729824433115,0.14151827746123552,0.13412407215420588,0.0015780191636411013,0.08569734383908499,0.0507085411479157,-7.288750144244015,-7.545681785064573,-0.6345827792333826,6.104711541698432,12.46754290002217,17.384142707659063,20.168601454756057,19.556093959129875,14.646750397089003,8.109471876765017,1.691010283851705,-6.123280405388793,6.54466916727704,2.4856904970304656,2.8465311651928786,2.5055170345401683,1.8343299239268425,1.381523475896437,1.9862698676640336,1.3507816730495337,1.4044489332133565,1.6430625810980861,1.709352539310573,2.378358365693701,3.6992062498487353,2.1020893589934366,42.462611042766326,30.1322108988763,39.67301371826592,63.035375020632856,77.87027905335901,101.1376684939387,83.70860495302254,97.16276151812829,100.6576190304778,70.37187005320999,71.59482268678296,49.74766201488178,68.96287487390303,16.99242954063864,18.144595602550357,23.22138994136941,23.445994416219914,28.057621201732882,45.975482837346995,28.343146040178993,32.96854699677677,37.782514446370406,28.50335243245641,32.905738694416854,20.553001514612095,28.074484472602553,-8.888888889,-4.422222222,-0.544444444,6.955555556000001,11.05555556,16.15555556,20.7,18.7,12.56666667,7.4,-1.822222222,-6.066666667,5.982407409,3.10340315,5.668725115999999,2.245613007,2.762295744,2.148319757,2.357493961,2.063976744,2.404682931,2.054263858,3.081801421,5.548373135,8.905616206,3.528713753,15.1,8.788888889,23.94444444,23.97777778,64.45555556,64.92222222,43.96666667,38.81111111,33.01111111,28.03333333,31.05555556,22.25555556,33.19351852,12.282100800000002,6.181715871,9.699369968,12.341978949999998,62.67190581,49.7332328,32.28432282,22.807095630000003,25.50114921,17.11848416,41.18944377,27.44964076,26.60503671,125253.29000000002,63941.9600000001,164958.53000000026,323130.36000004003
"Minnesota Chippewa Tribe, Minnesota (Mille Lacs Band)",0.12669520514210889,0.18533655164128793,2.9949891658232723,2.1130561638146974e6,0.10608011929540875,0.18022093731619104,3.1389613373660192,1.4406601769316306e6,0.8733047948578911,0.8146634483587121,0.8939198807045913,0.819779062683809,0.3920525682375565,0.36343574026340864,0.0009996079314182414,0.2591101814085512,0.35780195041415486,0.4728271038234141,0.44281592523583635,0.0009999999999999903,0.3082995841851287,0.38709214947998727,-8.419279398812426,-8.23251279177226,-0.7946711665404664,6.0986515091432105,12.447546269809228,17.351260910977214,20.1880043273409,19.43694312455865,14.425890852490841,7.819804387411688,0.8365805911884191,-7.333801333311515,6.152034773560946,2.444754611478727,2.792924871068211,2.5404370258253763,1.9522961443648659,1.398411206179951,1.95431246040276,1.2415425834258278,1.384313077973717,1.747864566548129,1.7979862956330535,2.621758734498871,3.803270345223873,2.1399893269696464,36.19797541328556,25.622250716410786,39.43005832066441,56.69681219858178,79.16061609654736,103.37511619619058,88.05806380710396,100.67841452290405,100.75994049616776,70.94569906400979,64.57223801182685,43.72228673551224,67.43495596517421,16.092152361623512,14.726717167204953,23.173551278796303,23.01227088183239,31.256024796024356,44.409979836157966,31.03796678250969,35.972074880378344,40.03838108064052,28.53867394464362,32.57979321577081,20.74603533444098,28.465301797212227,-10.631746031714286,-7.911111111000001,-0.550793650857143,6.898412698428573,13.271428572857143,18.428571428571434,21.00634920428572,20.20952380857143,14.574603175714287,7.742857142857144,0.23968253985714288,-9.100000000000001,6.181481481571429,2.4928860430000004,3.5420395787142867,2.8164420848571434,2.3882921137142863,1.5146486575714289,2.193363104714286,1.0073493322857143,1.9168045961428573,1.7883156291428572,2.2218177551428577,4.304854794571429,4.809327475857144,2.5830117638571433,23.47142857,15.641269840000003,38.12698412428572,45.45396825428572,73.11428571428571,115.66507937142859,104.49047617857144,104.22539681428573,82.59365079428572,77.08095238142857,42.75714285714286,31.598412698571433,62.85158730000001,20.68355160714286,9.571970631285716,22.93396112714286,31.942195935714288,31.144342235714294,41.53918991571429,35.11608613857143,58.96117407000002,44.07962768,36.68889363,30.898817570000002,31.932969151428573,32.95773164285714,185993.65000003998,94950.06999999775,164958.53000000026,323130.36000004003
"Elem Indian Colony of Pomo Indians of the Sulphur Bank Rancheria, California",0.11154951348437202,0.15439473388471717,3.77492730360767,1.935174468799464e7,0.157,0.231,3.92,6.666e6,0.888450486515628,0.8456052661152829,0.843,0.769,0.3274946068067692,0.3274946068067692,0.08536119100345832,0.1543326590378175,0.2007905017461698,0.27,0.27,0.07,0.03,0.08,8.611433172115945,9.756199677855072,10.7979066,13.519484702028986,15.269565213478263,20.865539453913048,24.105314008550728,23.129951693043477,21.35201288362319,17.09726248014493,10.859742352463769,7.391948469985508,15.22969672362319,1.952361050130435,2.009631333014493,2.8506474705942035,2.311422620072464,2.606309084536232,3.8195663136666664,4.411256441927536,2.9710585507101452,4.895836080159421,3.553637763550725,2.7310184906521746,2.817917868666667,3.077555255739131,183.89178742173914,91.44589371869566,120.16650564492755,49.29565217333334,25.784702094492754,10.275845409478263,9.617391305913044,9.677777778,21.76231883695652,38.441062800724644,64.59388083565217,126.06521740289857,62.58483628666667,170.34943568695655,82.70885074898551,117.5483906173913,48.17762035492754,25.402678841594206,19.287255895492756,16.981582593971012,22.36899516,24.738143421594206,46.776288998115945,58.1941638826087,93.83489272840579,60.53069158000001,6.800000000000001,7.755555556000001,8.822222222,10.94444444,13.74444444,17.8,20.85555556,20.03333333,18.36666667,14.27777778,8.811111111,6.333333333,12.8787037,1.6725728680000003,2.42234964,2.7976676789999995,2.152969526,2.506048239,2.787023502,2.216478689,2.7106272340000004,3.004579838,2.311264685,1.787767074,1.8398369490000002,2.350765494,226.00000000000003,138.1666667,133.1111111,59.98888889,52.04444444,20.83333333,7.133333333,8.444444444,17.18888889,37.61111111,54.82222222,173.0444444,77.36574074,201.3557052,122.090704,132.7940647,49.32006297,37.54547613,23.88503716,18.62639257,15.45138433,17.72607151,46.66386301,52.09339636,126.1346613,70.30723494,332.84000000000003,169.91,164958.53000000026,323130.36000004003
"Upper Sioux Community, Minnesota",0.10167045669396206,0.13077621115137394,3.077025083651864,1.227427604715564e6,0.09293197285960943,0.14991500287535647,3.1464309408980826,491697.1993300504,0.898329543306038,0.8692237888486261,0.9070680271403906,0.8500849971246436,0.7029427294726031,0.585823594505151,0.0009999999999999992,0.6168354567580413,0.6778893710971591,0.7237496003414035,0.5006192006338247,0.0010000000000000002,0.6941590104844781,0.59679983404596,-5.835753503837451,-3.8428839761846554,3.9114217599934964,10.428182344003247,15.798461204492842,21.740644416339396,24.110836584128734,23.10751336542262,18.51155179914824,11.180378558481141,3.017071232513654,-5.297283629593627,9.735845014400518,2.7802933359531856,3.1610602029700905,1.900646484812093,1.9214654926846553,1.555812412116385,1.5086708122977888,1.1692740475955785,1.552379671548114,1.7489211389590373,1.6464241669369306,3.1597112824733413,3.650069157394017,2.1462273506703506,20.102073400240567,20.666399364317293,47.28745123658647,60.646308336820546,107.76589366476593,126.05930502756824,99.92202718302991,96.87879641416123,84.91180464698306,47.988477098875144,38.2914968933875,28.24306458605332,64.8969248209818,10.053614235897268,14.626857102421326,26.77230119645643,33.07177503437581,51.06866332262029,53.773572467386195,43.881998902906375,45.611667122061114,51.62837392142391,23.453928370351104,24.73275990685305,23.887283706391415,33.54689960573472,-9.8833333335,-7.9611111115,0.638888889,8.088888889,14.327777780000002,20.122222225,22.005555554999997,21.094444445,16.577777779999998,8.4555555555,0.044444444499999985,-8.1833333335,7.1106481485,2.7815319119999997,3.0524398099999996,2.131717749,2.8221770090000002,2.0419697329999997,1.5480067585000001,0.9925782135000001,1.4016155345,1.8194232639999997,2.3399014155,3.256786348,5.353988428,2.4618446809999996,24.61111111,14.394444445000001,36.966666665,66.761111115,98.13333333,106.55555555000001,102.03333335,89.33888888999999,86.138888885,56.68333333500001,40.866666665,28.54444444,62.58564814500001,27.76609312,9.667324171499999,25.058937119999996,37.89240455,24.860249924999998,44.735392315,37.040107185,38.596214925000005,65.10211534,26.647706859999996,38.188397315,21.505453499999998,33.088366359999995,2718.77,1387.9400000000007,164958.53000000026,323130.36000004003
"Northern Cheyenne Tribe of the Northern Cheyenne Indian Reservation, Montana",0.08014279802197852,0.10456041454776015,3.2623088065088663,1.174405804370252e6,0.1466106951571848,0.22974237963042532,3.1799999999999997,895336.9647515771,0.9198572019780215,0.8954395854522399,0.8533893048428152,0.7702576203695747,0.1608555772536026,0.16078840045948958,0.0022067999649261834,0.11721164655369602,0.07332802007615685,0.13861769439877436,0.13684710187397067,0.001605882365546855,0.10574065098006623,0.050354988524354605,-2.8326034061532845,-0.4537712895328467,0.9095701538686131,7.395296026175182,11.431711276131386,16.51240875919708,18.821167881532848,19.81978913664234,14.383698296934305,7.532197891598541,2.3733171128467156,-4.230494728087591,7.638523926021898,3.1491262594452554,3.17891586820438,2.810655546335766,4.313648854737226,3.1880650909051096,2.2680187995401457,2.818286591262774,3.310849212941606,2.7293051911240878,2.213750654839416,4.762223049824818,4.025665045058394,3.230709180510949,43.7775344659854,29.089294402262773,31.8251419280292,39.24582319328468,62.07072181722628,44.78645579832117,41.381670720656935,43.756447686861314,36.47899432335766,41.66642335934307,25.235198704525548,21.25166261430657,38.38044741788321,35.785700093284674,30.314607668686126,20.118775370072992,21.847806201459857,29.907206934671535,49.65710529372262,20.61396506890511,26.838216753211675,21.885931775474454,33.106739313868616,20.43585883394161,15.387828622773721,27.15831182948905,-6.003703703499999,-2.011111111166667,1.8148148148333332,8.111111111166666,11.918518518333332,17.67037037,21.677777776666666,20.279629630000002,14.40925926,9.2777777775,0.8092592591666666,-4.957407407333333,7.749691358166667,2.737693016,3.826009050166667,1.9875261488333331,1.9140999056666668,2.279963476,1.8117523756666665,1.8202456373333336,2.198174013666667,2.0852224411666667,2.0191321788333334,5.0784581200000005,4.170058310833334,2.6606945563333335,14.822222220000002,13.16851851833333,19.892592593333337,37.79629629833334,95.82222222666667,59.818518518333335,41.92592592333334,37.41111111,28.953703703333332,30.670370371666667,21.172222221666665,15.538888888333334,34.74938271666667,9.378028884666668,7.7243933965,10.225311522166667,20.128587186666667,63.42937797166667,25.504651941666665,27.839844741666663,31.13559793666667,15.30877473,15.580133726666666,15.286582825000004,16.668398513333333,21.517473616666667,318.8,162.75,164958.53000000026,323130.36000004003
"Minnesota Chippewa Tribe, Minnesota (Grand Portage Band)",0.14161150229098252,0.19723773945453313,2.9265633973487373,1.4369511212678452e6,0.09899999999999999,0.163,3.13,281000.0,0.8583884977090175,0.8027622605454668,0.901,0.837,0.3927107878600258,0.36479621065548046,0.0010000000000000122,0.2545496543021596,0.36872729824433115,0.3905850151767989,0.364027608883356,0.0009999999999999998,0.27336276216126054,0.3200784671543709,-7.288750144244015,-7.545681785064573,-0.6345827792333826,6.104711541698432,12.46754290002217,17.384142707659063,20.168601454756057,19.556093959129875,14.646750397089003,8.109471876765017,1.691010283851705,-6.123280405388793,6.54466916727704,2.4856904970304656,2.8465311651928786,2.5055170345401683,1.8343299239268425,1.381523475896437,1.9862698676640336,1.3507816730495337,1.4044489332133565,1.6430625810980861,1.709352539310573,2.378358365693701,3.6992062498487353,2.1020893589934366,42.462611042766326,30.1322108988763,39.67301371826592,63.035375020632856,77.87027905335901,101.1376684939387,83.70860495302254,97.16276151812829,100.6576190304778,70.37187005320999,71.59482268678296,49.74766201488178,68.96287487390303,16.99242954063864,18.144595602550357,23.22138994136941,23.445994416219914,28.057621201732882,45.975482837346995,28.343146040178993,32.96854699677677,37.782514446370406,28.50335243245641,32.905738694416854,20.553001514612095,28.074484472602553,-11.955555560000002,-10.133333333500001,-2.1777777775,4.433333333,10.75,16.08888889,18.794444445,18.07777778,13.01111111,5.988888888499999,-1.8944444444999997,-9.199999998500001,4.3152777775,2.526196929,2.3572405825,3.6804762335,2.1913991009999996,1.433333723,3.541258788,1.852747215,1.6419500509999998,3.5356690009999996,1.7288037445,3.9378277329999998,7.6688108249999996,3.0079761605,34.96666667,19.3,26.25,39.366666665,74.07222222,103.25,114.3777778,83.12777777999999,103.483333345,67.82777778,51.58888889,36.85,62.871759265,15.480685339999999,8.363933929,15.785697895000002,16.519890569999998,25.323755140000003,39.1295641,24.757296805,33.512640705,48.671542835,26.747764395,23.83108262,11.321904508,24.120479905,125253.29000000002,63941.9600000001,164958.53000000026,323130.36000004003
Lac Courte Oreilles Band of Lake Superior Chippewa Indians of Wisconsin,0.12754765781332755,0.18599822636289795,2.9932726800369176,2.0906751601832206e6,0.11600000000000002,0.224,3.0,965000.0,0.8724523421866724,0.814001773637102,0.884,0.776,0.39174149238514805,0.3627817163599119,0.0009995978571280524,0.258418299126873,0.3577016167799089,0.433424743723885,0.4041571227320506,0.0009999999999999979,0.24998240144653047,0.4100168293558134,-8.344641591085553,-8.19078159673132,-0.7909325269907612,6.0891892303073725,12.431354271378156,17.334738050069202,20.17397602854638,19.43497001653019,14.42552331804284,7.833197217418053,0.8826304686762254,-7.262468471890809,6.168062867872309,2.443433342529095,2.78497385853327,2.535581209030607,1.9381743165466323,1.389303146042659,1.9591487233085525,1.256998467858521,1.3871005839345965,1.7493092664795848,1.790869634255735,2.608499561812524,3.7919147699090145,2.136275573436387,36.577318022435186,25.86659348035966,39.448828516265195,57.15692431245062,79.10877067645238,103.44317647590913,87.39370815103594,100.78570883999544,101.26602939241867,70.72883846902631,64.92844848156956,44.08432045856168,67.56572210659357,16.14285045773317,14.886547801533144,23.309018407887198,23.111677082094623,30.984063760802073,44.38650871012091,30.67457726374194,36.05619311549163,40.09083520309781,28.520583707760284,32.61602935247135,20.665865290865707,28.453729180014538,-10.3,-7.033333333,-1.133333333,6.2,12.45555556,17.86666667,20.78888889,19.85555556,14.08888889,7.500000000000001,-0.377777778,-8.822222222,5.924074075,2.103568397,5.147329405,2.6,2.202271555,1.354724244,1.639359631,1.115173131,1.632567848,1.543894786,2.094039159,2.699434097,4.617569106,2.395827613,26.5,13.744444439999999,32.27777778,53.1,74.7,112.7333333,88.67777778,111.9666667,111.8444444,77.68888889,46.13333333,36.18888889,65.46296296,20.86953521,7.584871639,16.71143155,24.71360961,17.28351816,40.91112318,43.91178025,53.23523269,60.227238670000006,30.40425317,28.792967890000003,36.33739274,31.74857956,181234.51000003997,92520.50999999796,164958.53000000026,323130.36000004003
The Osage Nation,0.14981481766747845,0.21261307498720175,2.9514463559738084,1.4979697886955058e6,0.153990103548466,0.24696571776974643,3.209845170750867,3.9591201444893256e6,0.8501851823325215,0.7873869250127983,0.846009896451534,0.7530342822302536,0.4685896604474525,0.407082091416962,0.32337414122703056,0.38332226334450353,0.44199916529220185,0.3774161207951463,0.32127760835418484,0.24933042781695985,0.30693447301074434,0.3320218767087474,0.17099408293500293,1.928389590519609,8.455521087237615,13.756503434501818,18.263046669895118,24.044126842812638,26.79580717374621,26.224962454053482,21.832971415888213,14.853935543647982,8.052885080985071,0.7077406013255794,13.757240331271902,2.9502152739426877,3.3397170851062077,1.5628422041994228,1.567731854656178,1.4013321786213153,1.620155505848147,1.5788660356604625,1.9798369407609895,1.5763728562944834,1.4639189151475742,2.4274433331304364,3.225399496354979,2.0578193066772337,53.400153465938374,53.568130748395085,89.65101394142336,77.18769480706936,152.23203092388678,140.87007573881405,104.84902955516746,97.87316722588898,89.33877850961242,65.98565625310431,70.08616425014183,53.293860534326114,87.3613129954753,35.71158982888989,31.699544494919813,46.36069476868974,35.64428450842755,75.17008478813503,62.73417959943359,62.295131364916216,55.81106374894752,53.66207245647167,40.65083513164562,52.86758331853094,48.68362431529803,50.10755736058725,1.4092592591666666,2.075925926,8.4555555555,14.522222220000002,19.201851851666667,24.711111111666668,27.312962961666667,27.420370370000004,22.137037038333336,15.635185185000003,8.820370370500003,1.4537037038333334,14.429629630000003,3.7672595333333336,7.605372761833335,4.6927797015,2.9705829261666676,2.479407805666667,2.7016308311666672,2.693006349166667,3.0918469880000004,4.412115398333334,3.165708149833334,2.8488077898333337,3.1960892591666674,3.6353839580000002,40.44444444666667,53.729629630000005,87.29074074166668,87.11481481666668,125.16111110333334,164.7740740666667,89.54814815000002,76.75555555500003,94.00370370166667,71.21481481333333,49.259259258333344,32.60000000000001,80.99135802500003,23.84216639666667,43.871019423333344,54.07718270000001,50.08989102666667,57.997781266666664,69.31045785333333,55.72927590333335,51.15760299500001,53.66359429166667,49.298250886666665,39.52556642333334,22.642688366666672,47.600456461666674,29984.52,15307.14000000003,164958.53000000026,323130.36000004003
"Pinoleville Pomo Nation, California",0.11154951348437202,0.15439473388471717,3.77492730360767,1.935174468799464e7,0.135,0.194,3.53,7.022e6,0.888450486515628,0.8456052661152829,0.865,0.806,0.3274946068067692,0.3274946068067692,0.08536119100345832,0.1543326590378175,0.2007905017461698,0.5570193653720185,0.5386274236495568,0.39235593272391,0.40992930574618125,0.4613209420304323,8.611433172115945,9.756199677855072,10.7979066,13.519484702028986,15.269565213478263,20.865539453913048,24.105314008550728,23.129951693043477,21.35201288362319,17.09726248014493,10.859742352463769,7.391948469985508,15.22969672362319,1.952361050130435,2.009631333014493,2.8506474705942035,2.311422620072464,2.606309084536232,3.8195663136666664,4.411256441927536,2.9710585507101452,4.895836080159421,3.553637763550725,2.7310184906521746,2.817917868666667,3.077555255739131,183.89178742173914,91.44589371869566,120.16650564492755,49.29565217333334,25.784702094492754,10.275845409478263,9.617391305913044,9.677777778,21.76231883695652,38.441062800724644,64.59388083565217,126.06521740289857,62.58483628666667,170.34943568695655,82.70885074898551,117.5483906173913,48.17762035492754,25.402678841594206,19.287255895492756,16.981582593971012,22.36899516,24.738143421594206,46.776288998115945,58.1941638826087,93.83489272840579,60.53069158000001,7.544444444000001,7.911111111,8.888888889,10.55555556,13.288888890000003,18.07777778,19.96666667,19.34444444,17.72222222,13.84444444,8.866666667,7.2,12.767592589999998,1.170588646,4.060924908,1.287870766,2.114894271,1.8956822279999999,3.078464625,0.8746427839999998,0.585472269,1.210142324,2.374400509,1.670329309,1.679285562,1.833558183,227.68888890000002,151.1666667,153.1,72.73333333,56.22222222,18.84444444,5.444444444,7.888888889,13.62222222,53.57777778,85.13333333,238.68888890000002,90.34259260000002,167.3344663,103.5033937,133.0740771,41.33566862,37.25958862,21.35884542,11.12251221,18.94369581,16.7195079,42.01832272,60.31944131,183.7245795,69.72617493,332.84000000000003,169.91,164958.53000000026,323130.36000004003
Lac Vieux Desert Band of Lake Superior Chippewa Indians of Michigan,0.12754765781332755,0.18599822636289795,2.9932726800369176,2.0906751601832206e6,0.146,0.187,3.04,1.158e6,0.8724523421866724,0.814001773637102,0.854,0.813,0.39174149238514805,0.3627817163599119,0.0009995978571280524,0.258418299126873,0.3577016167799089,0.36173648310414613,0.3509983366945477,0.001,0.20119831853441528,0.3241413337593596,-8.344641591085553,-8.19078159673132,-0.7909325269907612,6.0891892303073725,12.431354271378156,17.334738050069202,20.17397602854638,19.43497001653019,14.42552331804284,7.833197217418053,0.8826304686762254,-7.262468471890809,6.168062867872309,2.443433342529095,2.78497385853327,2.535581209030607,1.9381743165466323,1.389303146042659,1.9591487233085525,1.256998467858521,1.3871005839345965,1.7493092664795848,1.790869634255735,2.608499561812524,3.7919147699090145,2.136275573436387,36.577318022435186,25.86659348035966,39.448828516265195,57.15692431245062,79.10877067645238,103.44317647590913,87.39370815103594,100.78570883999544,101.26602939241867,70.72883846902631,64.92844848156956,44.08432045856168,67.56572210659357,16.14285045773317,14.886547801533144,23.309018407887198,23.111677082094623,30.984063760802073,44.38650871012091,30.67457726374194,36.05619311549163,40.09083520309781,28.520583707760284,32.61602935247135,20.665865290865707,28.453729180014538,-11.14444444,-10.5,-2.422222222,4.377777778,10.8,16.23333333,18.71111111,17.85555556,12.68888889,5.833333333,-1.8555555559999999,-9.611111111,4.247222223,1.753646993,2.060339778,2.731655989,2.358907468,1.54677083,2.675350444,1.9464354889999997,1.64629213,2.916095182,2.034084561,3.143290915,4.76509298,2.46483023,44.17777778,17.97777778,35.0,56.53333333,74.86666667,105.2777778,117.9333333,99.26666667,122.50000000000001,86.87777778,58.42222222,36.76666667,71.3,63.540730589999995,5.733406007,22.605475,40.00181246,40.31169185,34.67213499,34.28593006,41.16132894,59.14207470000001,40.60359522,33.14195897,20.65623393,36.32136439,181234.51000003997,92520.50999999796,164958.53000000026,323130.36000004003
Omaha Tribe of Nebraska,0.11915345413816263,0.17075490885605454,3.004605475442894,695170.4402023691,0.1621764635154987,0.23459119199236078,2.9437797583017415,601305.687492065,0.8808465458618374,0.8292450911439455,0.8378235364845013,0.7654088080076392,0.6811012576495663,0.5510743950705933,0.0019731441231864858,0.6400139100826651,0.6278414106159801,0.6884328089990006,0.5696985934835094,0.00102286139486395,0.664994943365482,0.6478236030163257,-4.980104813580357,-3.019168391917896,4.5032608695605605,10.938951432497863,16.114563924052803,22.18865596987578,24.528109903070657,23.467574620832682,18.993892339840826,11.603545548522906,3.3540674602899854,-4.5205227743868415,10.26440217373389,3.2548294619091607,3.295340554354813,1.982102534879658,1.7999876703045425,1.5829487962344717,1.463905921552407,1.0723042827544647,1.3900056805945267,1.7214617628243405,1.428867451781638,3.6692823687466998,4.143384566562111,2.2337017544982536,21.939973687795028,20.80804865456327,50.454349982069076,65.8133993280473,104.82553701161298,127.49878579858309,84.70937500538626,82.01817848489517,67.7475392488684,46.46276311238158,41.84427622508152,30.123477397414597,62.0204753271273,21.80299394569002,20.379113097066767,30.629575640805506,36.429280582519404,48.0755870646836,72.86392169426631,45.193025033724766,45.64541807251163,48.469728419095496,24.674288793103646,35.97758317615878,37.35446322415179,38.95791489475157,-5.6444444444999995,-2.4000000000000004,3.1722222220000003,10.572222219999999,15.772222225,21.744444445000003,24.633333335,23.172222225000002,17.47777778,10.93888889,3.4944444445,-6.022222222000001,9.742592593000001,3.0516993995,6.291955315000001,2.5412841945,1.6395577175,1.391675904,2.358326615,1.8952790655,2.4226934815,2.3872151914999997,1.4416619055000002,6.405018934,3.2511028670000006,2.923122549,20.816666670000004,32.66111111,47.72222222,75.56111111499999,109.50555555,123.1,85.58888888999999,79.05,75.32777778,56.40555555499999,37.62777778,44.59444444499999,65.66342592500001,18.451979635,53.61136694500001,30.451534700000003,36.613876770000005,45.9514389,62.450629815,60.91731861499999,43.23647978,40.72742219,32.32539399499999,25.972441139999997,58.538697799999994,42.43738169,11183.179999999998,5709.040000000002,164958.53000000026,323130.36000004003
Sac & Fox Nation of Missouri in Kansas and Nebraska,0.10747545922911994,0.13562160981065796,3.064745497494961,1.1871476842993668e6,0.13167106274607682,0.22301318823823046,3.039802176426543,580895.2627959948,0.8925245407708801,0.864378390189342,0.8683289372539231,0.7769868117617695,0.7316492578712177,0.6049944943416237,0.0009999999999999994,0.648899756867026,0.7152961846907432,0.8298846391248865,0.6540761934383941,0.0010000000000000002,0.7247162502712391,0.8123573376512782,-5.1109838845999995,-3.094860050763358,4.534173028087021,10.857888041182438,16.112120440938924,22.17960983951908,24.50206955019083,23.540067854274803,19.033765903824424,11.693944020900759,3.5892366412534344,-4.643816793996182,10.266101217676333,2.735024787319083,3.190268927563358,1.7496886522419839,1.8583610129717558,1.5888710814404574,1.4357518145236636,1.1826566057450378,1.551043185014503,1.714804358951908,1.5766572573809157,3.104777000149617,3.5249172787816776,2.1010684970801523,20.698702290145032,21.757684478381673,48.45524173190076,63.5712468193206,111.82102630202287,128.27033928488544,102.28579306719084,96.93183205821373,85.18782017940455,46.650186599228995,38.293240033458005,28.939007633213734,66.07184337272518,10.05401218899389,15.681819939883967,27.370052172328236,35.161265652389304,54.623041055137406,55.591047978900754,45.336382654038154,46.40572776394656,51.55005870524425,22.84841732748091,23.727806592106873,24.84906425342748,34.433224688595416,-0.9638888887499999,0.6249999997500001,6.3722222222500005,13.719444444999999,18.42222222,23.547222222499997,26.3888888875,25.6361111125,19.541666667500003,14.702777777500001,7.12777777775,-2.3250000002499998,12.7328703725,5.15182658425,5.5537162085,3.9037220907499997,2.69708137225,2.1826643832499997,1.9759749305,1.57894661825,1.80047743025,2.878694075,2.39203343475,4.830711392,4.1656058955,3.25928786825,27.633333335000003,43.1527777775,74.3833333325,73.6361111125,105.130555555,130.44444445,104.88333334999999,95.8555555525,85.11944443499999,66.59166666750001,39.75000000000001,39.5499999975,73.84421296500001,18.670806925,49.0123165575,48.885856365,38.507558495,68.42168179500001,40.113190825000004,32.9584095075,42.7401597125,56.68374790749999,47.69232249,19.1471670875,41.242267192499995,42.006290405,2398.77,1224.5800000000006,164958.53000000026,323130.36000004003
St. Croix Chippewa Indians of Wisconsin,0.14161150229098252,0.19723773945453313,2.9265633973487373,1.4369511212678452e6,0.09700517515022355,0.18360633140488966,3.1851943387309163,1.5154593112462228e6,0.8583884977090175,0.8027622605454668,0.9029948248497764,0.8163936685951103,0.3927107878600258,0.36479621065548046,0.0010000000000000122,0.2545496543021596,0.36872729824433115,0.3440545666797694,0.3200673585177242,0.0010000000000000002,0.20776229812067723,0.31170878076418945,-7.288750144244015,-7.545681785064573,-0.6345827792333826,6.104711541698432,12.46754290002217,17.384142707659063,20.168601454756057,19.556093959129875,14.646750397089003,8.109471876765017,1.691010283851705,-6.123280405388793,6.54466916727704,2.4856904970304656,2.8465311651928786,2.5055170345401683,1.8343299239268425,1.381523475896437,1.9862698676640336,1.3507816730495337,1.4044489332133565,1.6430625810980861,1.709352539310573,2.378358365693701,3.6992062498487353,2.1020893589934366,42.462611042766326,30.1322108988763,39.67301371826592,63.035375020632856,77.87027905335901,101.1376684939387,83.70860495302254,97.16276151812829,100.6576190304778,70.37187005320999,71.59482268678296,49.74766201488178,68.96287487390303,16.99242954063864,18.144595602550357,23.22138994136941,23.445994416219914,28.057621201732882,45.975482837346995,28.343146040178993,32.96854699677677,37.782514446370406,28.50335243245641,32.905738694416854,20.553001514612095,28.074484472602553,-9.094444444499999,-6.699999999999999,1.2388888889999998,7.4277777775,13.644444445000001,19.272222225,21.105555555,20.816666665,16.55,8.5555555555,1.0055555555,-6.8944444444999995,7.2439814815,3.164906537,3.1752477585,4.0846758560000005,2.4033727415,1.581793228,2.9028246530000006,1.061957149,2.085062937,3.053257678,1.9790695105000002,3.960436876,8.1078117465,3.1300347225,18.377777775,14.416666665,39.23888889,56.183333335,76.94444444499999,124.9055556,98.62222220000001,122.27222219999999,102.84999998500001,73.177777775,45.78333333,27.011111110000005,66.64861110999999,11.1766149325,8.103534686,20.138685985,36.50125045,23.40675805,40.858084625,50.568267580000004,54.832772545000005,60.219771665,39.2135952,37.300312045,17.5214606925,33.32009237,125253.29000000002,63941.9600000001,164958.53000000026,323130.36000004003
"Shingle Springs Band of Miwok Indians, Shingle Springs Rancheria (Verona Tract), California",0.14999999999999997,0.22800000000000006,3.25,2.2131000000000004e7,0.091,0.134,4.47,1.2877e7,0.8500000000000001,0.7719999999999999,0.909,0.866,0.23417563014062626,0.23417563014062626,0.0775614250478957,0.13690207351143294,0.09360873695427281,0.20387329374686058,0.20387329374686058,0.05484589402902934,0.09477740470121128,0.13468151565556197,8.177777778,9.973373984006097,11.323373981524389,14.162872632500003,17.989227643384147,22.64945799768293,25.546409215426834,25.82201896996952,22.00697831911586,18.200914634146347,10.634925476920731,7.263279132570123,16.145884147957318,1.7991510340000003,2.5017273704024396,3.7804529235000013,2.825857744231708,2.2221834595792687,2.670863893896342,2.116353816445122,1.347540332905488,2.6240705958658546,2.264062218323171,2.4310669236829274,2.5621113815914636,2.4287868080182933,86.75555556,95.74444444000001,76.26666667000003,64.10447154804879,25.5578590792683,3.0704945802347563,1.5338075877195123,1.2333333330000003,5.344444444,33.800779133231714,32.21111111,89.45416666844514,42.92309451018293,51.499031810000005,75.7302963,86.35170815000001,53.342710638506105,24.264703556920733,3.8320264631036585,2.4753568469969505,1.9993749020000007,7.778995936000001,44.23490330118903,31.357991180000003,94.88157383076219,39.8123894102744,6.1,7.433333332999999,9.3,11.66666667,15.088888889999998,20.52222222,24.98888889,23.01111111,20.65555556,13.88888889,8.133333333,5.6,13.86574074,1.308625233,2.926602125,1.8947295320000002,1.793739111,1.9029217299999999,1.996733444,2.361908362,1.695910113,1.880898131,3.021772842,3.61835598,3.560196624,2.330199436,206.5,142.9111111,128.6888889,63.88888889,57.16666667,13.37777778,11.5,12.11111111,10.64444444,47.11111111,71.28888889,152.7,76.49074074,157.8440528,132.1674454,119.97364760000002,53.05844524,38.03064554,14.24182026,17.63767275,26.16789275,15.48104576,58.94156947,71.24555152,147.7286617,71.04320423,1600.0,816.8000000000002,164958.53000000026,323130.36000004003
"Minnesota Chippewa Tribe, Minnesota (Bois Forte Band (Nett Lake))",0.14161150229098252,0.19723773945453313,2.9265633973487373,1.4369511212678452e6,0.12190811994435309,0.2112608843887198,3.0200566401158047,2.872892703672036e6,0.8583884977090175,0.8027622605454668,0.8780918800556469,0.7887391156112802,0.3927107878600258,0.36479621065548046,0.0010000000000000122,0.2545496543021596,0.36872729824433115,0.3459309517446793,0.31887426797732443,0.0010000000000000078,0.2915181991234117,0.30531073504780154,-7.288750144244015,-7.545681785064573,-0.6345827792333826,6.104711541698432,12.46754290002217,17.384142707659063,20.168601454756057,19.556093959129875,14.646750397089003,8.109471876765017,1.691010283851705,-6.123280405388793,6.54466916727704,2.4856904970304656,2.8465311651928786,2.5055170345401683,1.8343299239268425,1.381523475896437,1.9862698676640336,1.3507816730495337,1.4044489332133565,1.6430625810980861,1.709352539310573,2.378358365693701,3.6992062498487353,2.1020893589934366,42.462611042766326,30.1322108988763,39.67301371826592,63.035375020632856,77.87027905335901,101.1376684939387,83.70860495302254,97.16276151812829,100.6576190304778,70.37187005320999,71.59482268678296,49.74766201488178,68.96287487390303,16.99242954063864,18.144595602550357,23.22138994136941,23.445994416219914,28.057621201732882,45.975482837346995,28.343146040178993,32.96854699677677,37.782514446370406,28.50335243245641,32.905738694416854,20.553001514612095,28.074484472602553,-12.48611111,-9.338888888500001,-0.41111111100000003,5.341666666499999,11.830555555,17.3,19.66388889,19.1500000025,14.677777779999998,6.436111111000001,-1.1027777777499999,-10.841666664999998,5.0182870377499995,2.4816605545000003,5.1738276155000005,6.106285776,2.26622421275,1.4380910552500001,3.5374053002499997,1.3974814435,2.9627175397500003,4.765850246,1.8957937685000001,6.11268450675,5.553970123499999,3.6409993455,27.891666665000002,15.397222220000002,30.11111111,42.322222222499995,77.09166666499999,102.19444443999998,96.152777775,92.5972222225,80.305555555,68.3388888875,58.1500000025,33.724999999999994,60.356481484999996,14.012159462500001,5.52637682225,12.4614267095,26.0333065475,44.926880839999995,30.708381314999997,55.816890234999995,39.231464772500004,34.25213603,26.805599152499997,36.15748784,21.977977195,28.9925072425,125253.29000000002,63941.9600000001,164958.53000000026,323130.36000004003
"Cheyenne River Sioux Tribe of the Cheyenne River Reservation, South Dakota",0.050533938843422575,0.08809288525568285,3.1851964880408676,1.582255161965748e6,0.19710670519442608,0.2962190947888648,3.1989131301886653,468842.49680930603,0.9494660611565774,0.9119071147443172,0.8028932948055739,0.7037809052111352,0.4500656853545588,0.4169463127797766,0.001,0.3343796571335457,0.3483711402588807,0.22395473944512917,0.22183078322109737,0.002095338337502559,0.17034545214190638,0.07480030908239998,-10.000000000333333,-8.140740740666667,0.3333333336666667,7.959259259333334,13.996296293333332,19.218518519999996,21.862962963333334,20.62222222333333,15.511111110000002,8.229629629666666,-0.2703703703333334,-9.051851851666665,6.689197530666667,3.040388944333334,2.993238145,2.7679919263333335,2.284039477,1.3658700576666667,1.9276352293333334,1.0923830336666667,1.5600586073333333,1.944942989,2.047277901666667,3.4753424660000003,4.369143547666667,2.405692693666667,16.674074076666667,14.396296296666666,40.57777777666666,43.84074074,84.46666667000001,113.35555556666667,86.34074074333334,96.57407407333334,83.32592593000001,55.677777776666666,38.28148148333334,24.24444444666667,58.146296299999996,10.051327751,8.565447817,23.3378548,21.066368413333333,30.646580736666667,43.33105966,35.525671210000006,41.04930115333333,52.078342926666664,26.932961116666664,30.506833776666667,18.361263896666667,28.454417769999996,-6.7400000001,-2.038888889,1.7933333335,9.637777778199998,14.094444443999999,19.519999998,23.134444445,22.245555556999996,16.316666667,10.9411111113,1.5544444444000003,-4.4422222223,8.8347222216,2.9314981244999996,6.1170497525,2.2189424577,3.9769002231999995,2.7458018552000003,2.1146824118000005,2.4211106135000002,2.1105716522,2.2554338988,3.638960430899999,5.981045642299999,6.89713272,3.617427482,9.903333333,11.7088888881,21.460000001,38.70555555599999,83.37555555599998,89.96000000200002,63.246666666,44.744444445,37.133333333,36.389999999000004,23.867777778,15.944444444199998,39.70333333300001,6.8555150525,8.6967324775,13.5122069913,22.40307133,53.377695998,42.447562938000004,33.882611552,32.610438759000004,35.139738763000004,24.733658809,32.688811031,15.335741634500001,26.806982111999996,320.0,163.36,164958.53000000026,323130.36000004003
"Bad River Band of the Lake Superior Tribe of Chippewa Indians of the Bad River Reservation, Wisconsin",0.12754765781332755,0.18599822636289795,2.9932726800369176,2.0906751601832206e6,0.11733307393570981,0.19590405782549802,3.3171450805510583,996785.4358320393,0.8724523421866724,0.814001773637102,0.8826669260642902,0.804095942174502,0.39174149238514805,0.3627817163599119,0.0009995978571280524,0.258418299126873,0.3577016167799089,0.4340199203515163,0.4095993224489371,0.0010000000000000007,0.3480406513461276,0.38155870838708394,-8.344641591085553,-8.19078159673132,-0.7909325269907612,6.0891892303073725,12.431354271378156,17.334738050069202,20.17397602854638,19.43497001653019,14.42552331804284,7.833197217418053,0.8826304686762254,-7.262468471890809,6.168062867872309,2.443433342529095,2.78497385853327,2.535581209030607,1.9381743165466323,1.389303146042659,1.9591487233085525,1.256998467858521,1.3871005839345965,1.7493092664795848,1.790869634255735,2.608499561812524,3.7919147699090145,2.136275573436387,36.577318022435186,25.86659348035966,39.448828516265195,57.15692431245062,79.10877067645238,103.44317647590913,87.39370815103594,100.78570883999544,101.26602939241867,70.72883846902631,64.92844848156956,44.08432045856168,67.56572210659357,16.14285045773317,14.886547801533144,23.309018407887198,23.111677082094623,30.984063760802073,44.38650871012091,30.67457726374194,36.05619311549163,40.09083520309781,28.520583707760284,32.61602935247135,20.665865290865707,28.453729180014538,-10.111111111333333,-7.777777777666667,-0.2148148146666667,5.725925926,11.89629629333333,17.496296296666664,19.881481479999998,19.674074076666663,15.114814816666668,7.2333333333333325,0.20740740733333332,-6.3999999999999995,6.060493827333333,2.044218238,3.35303555,4.359817924666666,2.080701853333333,1.4620711936666668,3.0577764046666664,1.154680837,2.0986090326666664,3.851867217666667,1.866184913,4.113275782666666,10.188971990999999,3.302600911666667,24.485185186666662,15.562962966666666,30.607407406666663,54.111111109999996,70.91481481666666,102.36666666666666,97.87777777333334,108.15555555666667,118.33333336666668,75.18888888666665,51.922222223333335,35.714814813333334,65.43672839666667,12.024945739333333,7.162015587666667,21.84585987666667,32.088623676666664,30.589575236666665,30.049565219999998,37.333040553333326,46.909630013333334,66.20566041666666,41.20464626333333,42.59105778666666,22.51937754,32.54366649333333,181234.51000003997,92520.50999999796,164958.53000000026,323130.36000004003
"Minnesota Chippewa Tribe, Minnesota (Fond du Lac Band)",0.14161150229098252,0.19723773945453313,2.9265633973487373,1.4369511212678452e6,0.09706864746028158,0.15960786132752874,3.2177449707072987,6.0771835199553715e6,0.8583884977090175,0.8027622605454668,0.9029313525397185,0.8403921386724713,0.3927107878600258,0.36479621065548046,0.0010000000000000122,0.2545496543021596,0.36872729824433115,0.3531916414012067,0.34192197897938076,0.0009999999999999979,0.2125168626753289,0.28162577258558613,-7.288750144244015,-7.545681785064573,-0.6345827792333826,6.104711541698432,12.46754290002217,17.384142707659063,20.168601454756057,19.556093959129875,14.646750397089003,8.109471876765017,1.691010283851705,-6.123280405388793,6.54466916727704,2.4856904970304656,2.8465311651928786,2.5055170345401683,1.8343299239268425,1.381523475896437,1.9862698676640336,1.3507816730495337,1.4044489332133565,1.6430625810980861,1.709352539310573,2.378358365693701,3.6992062498487353,2.1020893589934366,42.462611042766326,30.1322108988763,39.67301371826592,63.035375020632856,77.87027905335901,101.1376684939387,83.70860495302254,97.16276151812829,100.6576190304778,70.37187005320999,71.59482268678296,49.74766201488178,68.96287487390303,16.99242954063864,18.144595602550357,23.22138994136941,23.445994416219914,28.057621201732882,45.975482837346995,28.343146040178993,32.96854699677677,37.782514446370406,28.50335243245641,32.905738694416854,20.553001514612095,28.074484472602553,-10.56666667,-5.661111110999999,-1.3333333334999997,5.6,12.083333335,17.944444445,20.183333335,20.22222222,13.811111110000002,7.066666666500001,1.9277777779999998,-9.1611111115,6.009722222000001,2.3154000485000004,9.271834327999999,3.0027513874999996,2.4058427475,1.3846649274999998,4.2145575375,1.51945652,3.5708645695,1.5242157655000002,2.08349233,9.575960722,4.842509984,3.8092959055000004,29.433333335000004,15.244444445000001,35.83888889,45.23888889,75.16666667000001,99.98333335,92.01666667,102.96111109999998,103.01666668,77.65555555499999,44.444444445,30.466666665,62.622222225,24.374781640000002,7.3772511430000005,20.11278119,35.078878419999995,27.662082050000002,39.15386468,31.96031138,52.140727905,52.284136685,32.315569409999995,30.340615755,21.965546215499995,31.23054554,125253.29000000002,63941.9600000001,164958.53000000026,323130.36000004003
"Assiniboine and Sioux Tribes of the Fort Peck Indian Reservation, Montana",0.050533938843422575,0.08809288525568285,3.1851964880408676,1.582255161965748e6,0.12038010896521915,0.18691685474746025,3.6456561698830257,716284.2290265224,0.9494660611565774,0.9119071147443172,0.8796198910347809,0.8130831452525398,0.4500656853545588,0.4169463127797766,0.001,0.3343796571335457,0.3483711402588807,0.16566196365638372,0.16502086521633297,0.002532550260128256,0.11131054973845726,0.026499784783389973,-10.000000000333333,-8.140740740666667,0.3333333336666667,7.959259259333334,13.996296293333332,19.218518519999996,21.862962963333334,20.62222222333333,15.511111110000002,8.229629629666666,-0.2703703703333334,-9.051851851666665,6.689197530666667,3.040388944333334,2.993238145,2.7679919263333335,2.284039477,1.3658700576666667,1.9276352293333334,1.0923830336666667,1.5600586073333333,1.944942989,2.047277901666667,3.4753424660000003,4.369143547666667,2.405692693666667,16.674074076666667,14.396296296666666,40.57777777666666,43.84074074,84.46666667000001,113.35555556666667,86.34074074333334,96.57407407333334,83.32592593000001,55.677777776666666,38.28148148333334,24.24444444666667,58.146296299999996,10.051327751,8.565447817,23.3378548,21.066368413333333,30.646580736666667,43.33105966,35.525671210000006,41.04930115333333,52.078342926666664,26.932961116666664,30.506833776666667,18.361263896666667,28.454417769999996,-10.545555555499998,-6.2466666666999995,-0.08999999999999998,7.692222222599999,12.39,17.221111111,21.040000001,19.238888886999998,13.676666665999997,8.5066666666,-1.6788888889,-7.954444443999999,6.104166666499999,3.5982702583000004,6.5458023596,2.4961002493,3.6149639456,2.7407492660000004,2.5633089067999997,2.7745352575999997,2.128215807,2.5037883391999998,3.9515421195999996,6.8939741967999995,8.5287058642,4.028329714199999,12.554444444,9.2688888884,23.144444443,24.448888888000003,62.58111111,73.13111111200001,48.167777779,61.093333333,27.974444444999996,24.942222223000005,24.422222222,18.084444445,34.151111111,9.2548621782,12.997987173499999,18.964097881100002,11.966123353099997,57.096225049,43.123123977999995,26.767888274999997,33.68752194099999,19.6044021282,17.555884563999996,21.6616718534,10.451495801799998,23.594273683,320.0,163.36,164958.53000000026,323130.36000004003
Picayune Rancheria of Chukchansi Indians of California,0.14999999999999997,0.22799999999999998,3.2499999999999996,2.2130999999999996e7,0.132,0.204,3.97,1.3794e7,0.8500000000000001,0.772,0.868,0.796,0.23417563014062617,0.23417563014062617,0.07756142504789565,0.13690207351143285,0.09360873695427277,0.34382022968037373,0.34382022968037373,0.1109048274778449,0.20346927180590052,0.2020189525144095,8.177777778,9.9733739840061,11.32337398152439,14.162872632500003,17.989227643384147,22.64945799768293,25.546409215426834,25.822018969969513,22.00697831911586,18.200914634146343,10.634925476920733,7.263279132570123,16.14588414795732,1.7991510340000003,2.501727370402439,3.7804529235000004,2.8258577442317074,2.2221834595792687,2.6708638938963416,2.1163538164451223,1.347540332905488,2.624070595865854,2.264062218323171,2.4310669236829274,2.5621113815914645,2.428786808018293,86.75555556000002,95.74444444000001,76.26666667,64.10447154804879,25.5578590792683,3.0704945802347563,1.5338075877195123,1.2333333330000003,5.3444444440000005,33.800779133231714,32.21111111,89.45416666844514,42.923094510182935,51.499031810000005,75.73029630000002,86.35170815000001,53.34271063850611,24.264703556920733,3.832026463103659,2.4753568469969514,1.9993749020000007,7.778995936000001,44.23490330118903,31.35799118000001,94.8815738307622,39.81238941027439,5.766666667,7.277777778,10.07777778,13.58888889,17.25555556,22.7,25.22222222,25.14444444,20.911111109999997,16.55555556,9.255555556,5.066666667,14.90185185,1.933907961,3.231399765,1.710100712,1.852325865,1.235021367,2.593260496,2.828770836,0.817176711,1.2771496040000003,1.207384685,2.439831506,3.999374951,2.093808705,182.9,121.2444444,107.0111111,59.72222222,38.15555556,10.27777778,9.411111111,8.333333333,5.811111110999999,32.07777778,55.63333333,104.6222222,61.26666666,100.42448660000001,90.39235464,92.01144554,24.21682152,28.64363416,10.737641470000002,18.02646974,15.79659773,4.711274892,37.64660601,50.26335643,79.0787705,45.99578827,800.0,408.40000000000003,164958.53000000026,323130.36000004003
"Big Valley Band of Pomo Indians of the Big Valley Rancheria, California",0.11154951348437202,0.15439473388471717,3.77492730360767,1.935174468799464e7,0.157,0.231,3.92,6.666e6,0.888450486515628,0.8456052661152829,0.843,0.769,0.3274946068067692,0.3274946068067692,0.08536119100345832,0.1543326590378175,0.2007905017461698,0.633862104878806,0.4135093826394491,0.39747884877122197,0.5886316534397237,0.39831899619632677,8.611433172115945,9.756199677855072,10.7979066,13.519484702028986,15.269565213478263,20.865539453913048,24.105314008550728,23.129951693043477,21.35201288362319,17.09726248014493,10.859742352463769,7.391948469985508,15.22969672362319,1.952361050130435,2.009631333014493,2.8506474705942035,2.311422620072464,2.606309084536232,3.8195663136666664,4.411256441927536,2.9710585507101452,4.895836080159421,3.553637763550725,2.7310184906521746,2.817917868666667,3.077555255739131,183.89178742173914,91.44589371869566,120.16650564492755,49.29565217333334,25.784702094492754,10.275845409478263,9.617391305913044,9.677777778,21.76231883695652,38.441062800724644,64.59388083565217,126.06521740289857,62.58483628666667,170.34943568695655,82.70885074898551,117.5483906173913,48.17762035492754,25.402678841594206,19.287255895492756,16.981582593971012,22.36899516,24.738143421594206,46.776288998115945,58.1941638826087,93.83489272840579,60.53069158000001,6.666666667000001,7.544444444,8.255555556,10.666666670000001,13.4,17.41111111,19.56666667,19.7,17.3,13.92222222,8.4,6.188888889000001,12.41851852,1.49582753,2.064044035,1.836512395,1.485765796,1.6650825809999998,2.370360966,0.796868873,2.386943652,1.336974196,1.245770623,1.480709289,1.719334497,1.657016203,241.1555556,145.8444444,147.8111111,68.83333333,52.34444443999999,21.28888889,4.077777778,6.077777778,18.74444444,45.3,73.34444444,193.7444444,84.88055555,193.5780664,115.6561403,125.5278201,45.37336774,36.57068878,23.5144341,9.692107327,11.13460572,16.29325866,43.18315644,59.28239855,122.1350698,66.82842616,332.84000000000003,169.91,164958.53000000026,323130.36000004003
"Otoe-Missouria Tribe of Indians, Oklahoma",0.11506914361333817,0.16835092407953084,3.0822235659311397,3.7670988976640864e6,0.14840764218316949,0.23107828978237568,3.1647103844768263,2.8732283440351738e6,0.8849308563866618,0.8316490759204691,0.8515923578168305,0.7689217102176243,0.6269550587164433,0.5673217509127007,0.0011747543700121436,0.5629358938222672,0.6022202561042044,0.4570839870368578,0.4166086378022742,0.26255201286712804,0.44358266450267575,0.37881744647288695,-3.9704811170314196,-2.023328286598979,5.24997476658309,11.3127744120248,16.37239254784256,22.693250063595766,25.18033686693795,24.088951972218023,19.643239549057547,12.327895534070798,4.3650117753773685,-3.507649928443795,10.977697346352393,3.066679540675628,3.1912750451879273,2.036635466946444,1.8302597960948155,1.6167796448436789,1.5169640666307727,1.2219053082180171,1.53104429199527,1.7765359262059068,1.4712827404171096,3.407778663996029,3.8431976645842165,2.2091948464082156,23.010330977518965,23.418567583133996,50.84551896806208,62.238239129413365,108.17320212764015,115.59302715895167,111.61750149480135,84.402733618857,69.20229203352011,44.2686285653369,38.71161157458367,28.164772059702873,63.30386877416545,15.255237539604284,18.02987386603671,25.92280985112986,30.570979012657094,55.14062766438501,53.76208770558294,43.92101688884751,43.318007137191564,52.07373802221238,22.705200453325137,29.297246577715757,27.9502787077044,34.82892528486186,3.4296296296666666,5.2185185186666665,11.148148149999999,15.974074076666668,20.351851853333333,26.166666666666664,28.451851853333334,28.496296293333337,24.277777776666667,17.07777778,10.266666669000001,3.4777777779999997,16.19475308666667,2.043340918,2.7680659773333334,1.6151292030000002,1.3604703206666666,1.205923334666667,1.5521968843333331,1.4052631266666666,1.6058335110000002,1.5166312253333334,1.322223026,2.1113904663333334,2.6576586056666662,1.7636772170000001,46.91481481666666,48.73703704,88.02222223333334,89.39999999999999,142.6888889,143.2,98.32962962333333,88.92962963,77.17407407666667,72.83703703666666,46.77407407333333,44.370370369999996,82.28148148666666,24.13099628,36.358565993333336,45.46851216333334,40.648471416666666,81.12755233,69.79083785666667,59.153786266666664,55.61451399333333,49.37269374666666,46.090452903333336,43.75682015333334,36.456938136666665,48.99751177,11616.05,5930.010000000005,164958.53000000026,323130.36000004003
Klamath Tribes,0.141,0.196,3.32,1.0777e7,0.16,0.238,3.3400000000000003,5.978e6,0.859,0.804,0.84,0.762,0.475721860580277,0.475721860580277,0.001,0.18215586382412077,0.25487700348337644,0.11377150679848863,0.11377142009398283,0.0009580515546647907,0.039155449126795076,0.006345533814686733,7.166666667,10.422222219999998,10.985203253512195,14.42222222,16.08888889,22.764552842536585,23.300000000000004,21.844444439999997,20.559403794780486,17.18888889,9.199783198165854,7.055555556,15.083152663560975,2.2416511769999996,2.2736412299999995,1.0159858446829269,1.950498512,3.2355233129999994,1.8758912354585364,3.830796261999999,2.71712675,3.079599707907317,2.7542895839999995,2.8769998348634145,2.089324718,2.495110680995122,166.44222224439022,132.5465040502439,118.64596205219513,60.29804877678049,26.044444439999996,9.588888888999998,2.8000000000000003,0.933333333,5.588184281619512,34.67777777999999,58.18888889,142.2585365926829,63.16773261078048,120.4186891590244,130.8477534912195,53.37929746278048,58.97443254814634,20.18031907,13.702777499999998,7.408103670999999,1.62711401,5.433152304931707,45.599856849999995,45.570123009999996,122.25075696585364,52.116031339853656,1.1444444443333333,2.6407407406666668,4.351851851666666,7.892592592666668,11.074074073333335,15.48888889,19.818518516666664,18.93703703666667,15.155555553333336,9.418518517333334,2.3518518516666664,0.7222222223333334,9.08302469,3.8753553893333335,3.56244428,3.3212572553333333,2.7543027196666663,2.763536126,3.6657515286666666,2.529293802666667,2.8560695469999997,2.7427252663333337,1.643163647,3.402775562333333,3.909134,3.085484093666666,80.76296296,37.07407407666666,61.388888890000004,47.37037037333333,39.20370370333334,21.544444446666667,12.2,14.333333333333332,16.54074074,34.00370370333333,63.770370369999995,126.1111111,46.19197531,68.3451403,20.12580243,42.643613599999995,26.59277717333333,26.87439224666667,17.531732833333333,10.166010634666666,18.989040963333334,16.003255346666666,25.197119886666666,54.70405484666666,136.03444090000002,38.60061509666667,495.03999999999996,252.72000000000003,164958.53000000026,323130.36000004003
Menominee Indian Tribe of Wisconsin,0.11198839275168268,0.1645460863433326,2.9696657389289216,1.8148331347112188e6,0.17496806735753972,0.29095285570636564,2.799971025069293,379382.7431630321,0.8880116072483173,0.8354539136566674,0.8250319326424602,0.7090471442936344,0.3817018437879883,0.33550792463794177,0.001000000000000001,0.23400087748245338,0.3418824241879208,0.4392449023985643,0.401358264698485,0.0009999994938260399,0.25717701159867906,0.38758932793151485,-8.624163811375919,-8.466715614301028,-1.4430412794390606,5.84428128570044,12.526072766372984,17.601696851659327,20.136188611997067,19.232093326270196,14.062587698722464,7.652373959966226,0.5267090880323054,-7.565720345979442,5.9568635448399405,2.472928498734214,2.4070301734948605,2.23430287745815,1.9397609729324525,1.5965266367400883,1.8643241956710719,1.3071768898810572,1.2914256331497798,2.074526247553598,1.7806593409148312,2.9336656312217326,4.2181796612320115,2.176708896488987,30.276798824273133,19.20029368835536,40.19936368064611,49.95361396490455,79.51261217099854,107.97922988399414,90.42594224256976,109.39040626960355,121.56550823935389,78.64612497700442,71.92279327950074,48.85239027512481,70.66042312566813,14.081482020954482,10.98318957076505,28.884733161409688,23.371837709192366,33.64259160807635,41.955501576417035,37.890105019706326,34.27078743434655,44.36345937718062,37.746752570587375,35.77935768220265,30.091152521483114,31.08841252095448,-8.20833333325,-7.8499999997500005,-1.047222222,6.4972222222500005,13.049999999999999,17.933333335,20.466666667499997,19.708333335000003,14.511111112499998,8.11666666675,1.00833333325,-7.352777777750001,6.402777778499999,2.7021043455,2.6038506887499997,2.57811786325,1.9349221232499998,1.6496808322499998,1.7252659775,1.5362494895,1.4985873477500002,2.2496914735,1.7962025049999997,3.4035525105000004,5.2471481495,2.41044777575,27.888888889999997,18.894444445,44.5388888875,58.43055555250001,80.76111110999999,117.64166664999999,88.7583333325,120.563888875,113.7527778,66.96666666750001,58.794444445,51.772222219999996,70.7303240725,20.1738882675,10.767371691500001,27.52799993,21.1796598575,34.1144407225,51.994116867500004,48.406417489999995,52.01330052749999,39.167871347500004,36.34813421,36.158006215,39.438935677500005,34.774178565,1470.51,750.7,164958.53000000026,323130.36000004003
Table Mountain Rancheria,0.14999999999999997,0.22799999999999998,3.2499999999999996,2.2130999999999996e7,0.152,0.22900000000000004,3.07,7.7333e7,0.8500000000000001,0.772,0.848,0.7709999999999999,0.23417563014062617,0.23417563014062617,0.07756142504789565,0.13690207351143285,0.09360873695427277,0.17111909986190685,0.17111909986190685,0.057367257125054964,0.09873342441067542,0.09028703310470325,8.177777778,9.9733739840061,11.32337398152439,14.162872632500003,17.989227643384147,22.64945799768293,25.546409215426834,25.822018969969513,22.00697831911586,18.200914634146343,10.634925476920733,7.263279132570123,16.14588414795732,1.7991510340000003,2.501727370402439,3.7804529235000004,2.8258577442317074,2.2221834595792687,2.6708638938963416,2.1163538164451223,1.347540332905488,2.624070595865854,2.264062218323171,2.4310669236829274,2.5621113815914645,2.428786808018293,86.75555556000002,95.74444444000001,76.26666667,64.10447154804879,25.5578590792683,3.0704945802347563,1.5338075877195123,1.2333333330000003,5.3444444440000005,33.800779133231714,32.21111111,89.45416666844514,42.923094510182935,51.499031810000005,75.73029630000002,86.35170815000001,53.34271063850611,24.264703556920733,3.832026463103659,2.4753568469969514,1.9993749020000007,7.778995936000001,44.23490330118903,31.35799118000001,94.8815738307622,39.81238941027439,9.0,10.08888889,12.38888889,15.84444444,19.21111111,23.48888889,26.755555560000005,26.222222219999995,22.47777778,17.68888889,10.93333333,8.533333333,16.88611111,1.443086969,2.804658823,2.130401631,2.876243692,2.609810551,3.797842955,3.9793564530000003,3.021497054,2.724783376,3.42981211,4.192552922,1.790949469,2.900083,58.33333333,50.04444444,49.71111111,25.57777778,17.44444444,3.088888889,6.988888889,6.311111111,6.044444444,12.988888890000002,15.722222220000003,31.67777778,23.66111111,38.12404097,40.63837814,36.39232215,21.95579524,16.93532633,4.878382018,17.05377117,18.05079253,9.241497594,18.97297054,21.72664135,25.63541387,22.46711099,800.0,408.40000000000003,164958.53000000026,323130.36000004003
Lac du Flambeau Band of Lake Superior Chippewa Indians of the Lac du Flambeau Reservation of Wisconsin,0.12754765781332755,0.18599822636289795,2.9932726800369176,2.0906751601832206e6,0.10968495714726743,0.19050520622053005,3.47905967019114,1.2132560286726276e6,0.8724523421866724,0.814001773637102,0.8903150428527326,0.80949479377947,0.39174149238514805,0.3627817163599119,0.0009995978571280524,0.258418299126873,0.3577016167799089,0.3339864563714868,0.32258080450025856,0.0009999999999999992,0.17468518712754935,0.2520980213224495,-8.344641591085553,-8.19078159673132,-0.7909325269907612,6.0891892303073725,12.431354271378156,17.334738050069202,20.17397602854638,19.43497001653019,14.42552331804284,7.833197217418053,0.8826304686762254,-7.262468471890809,6.168062867872309,2.443433342529095,2.78497385853327,2.535581209030607,1.9381743165466323,1.389303146042659,1.9591487233085525,1.256998467858521,1.3871005839345965,1.7493092664795848,1.790869634255735,2.608499561812524,3.7919147699090145,2.136275573436387,36.577318022435186,25.86659348035966,39.448828516265195,57.15692431245062,79.10877067645238,103.44317647590913,87.39370815103594,100.78570883999544,101.26602939241867,70.72883846902631,64.92844848156956,44.08432045856168,67.56572210659357,16.14285045773317,14.886547801533144,23.309018407887198,23.111677082094623,30.984063760802073,44.38650871012091,30.67457726374194,36.05619311549163,40.09083520309781,28.520583707760284,32.61602935247135,20.665865290865707,28.453729180014538,-11.0694444475,-9.594444444500002,-1.6722222224999999,4.8555555555,11.23888889,16.808333335,19.374999999999996,18.5527777775,13.563888887500003,6.2555555555,-0.93888888875,-9.41111111075,4.83032407425,1.975714236,2.56862996325,3.5888346857499998,2.3437890825,1.47281187275,2.7886072315,1.68843413975,1.90274094425,3.4131852169999997,2.1522604875,4.1313898375,4.78478769325,2.7342654495000005,26.0166666675,18.3,35.0250000025,52.1,80.63888889,108.0805555525,106.5472222075,120.10277780000001,121.3638889,85.89999999999999,55.59444444499999,39.991666665000004,70.80509259499999,12.709557644999999,8.46434325575,19.9473098775,26.597010112499998,41.007527405000005,37.686518344999996,40.609416785,52.681342595,67.69214029,38.546123375,30.245758925,29.199331837499997,33.78219837,181234.51000003997,92520.50999999796,164958.53000000026,323130.36000004003
Turtle Mountain Band of Chippewa Indians of North Dakota,0.14161150229098252,0.19723773945453313,2.9265633973487373,1.4369511212678452e6,0.163,0.287,3.0799999999999996,1.245e6,0.8583884977090175,0.8027622605454668,0.837,0.7130000000000001,0.3927107878600258,0.36479621065548046,0.0010000000000000122,0.2545496543021596,0.36872729824433115,0.47211367059826786,0.4338816922596933,0.0009999999999999983,0.44012508970137065,0.25859287262147046,-7.288750144244015,-7.545681785064573,-0.6345827792333826,6.104711541698432,12.46754290002217,17.384142707659063,20.168601454756057,19.556093959129875,14.646750397089003,8.109471876765017,1.691010283851705,-6.123280405388793,6.54466916727704,2.4856904970304656,2.8465311651928786,2.5055170345401683,1.8343299239268425,1.381523475896437,1.9862698676640336,1.3507816730495337,1.4044489332133565,1.6430625810980861,1.709352539310573,2.378358365693701,3.6992062498487353,2.1020893589934366,42.462611042766326,30.1322108988763,39.67301371826592,63.035375020632856,77.87027905335901,101.1376684939387,83.70860495302254,97.16276151812829,100.6576190304778,70.37187005320999,71.59482268678296,49.74766201488178,68.96287487390303,16.99242954063864,18.144595602550357,23.22138994136941,23.445994416219914,28.057621201732882,45.975482837346995,28.343146040178993,32.96854699677677,37.782514446370406,28.50335243245641,32.905738694416854,20.553001514612095,28.074484472602553,-12.06666667,-8.444444444,-2.4,6.711111111,11.888888890000002,17.32222222,20.37777778,18.2,12.688888890000001,7.444444443999999,-2.666666667,-11.11111111,4.828703704,5.946637705,7.142673013,4.118252056,3.229336017,1.8312867360000002,2.483333333,1.829465617,1.802775638,1.572771792,3.314404589,5.911429607,6.583966214000001,3.813861026,24.42222222,23.17777778,26.93333333,25.86666667,81.63333333,124.5333333,64.55555556,114.49999999999999,44.877777779999995,42.45555556,45.33333333,23.722222220000003,53.50092591999999,13.7255945,18.61597283,17.77427917,18.08272656,30.32329962,58.99898304,24.19447825,55.47571541,33.08964256,19.50756976,27.48463207,14.93425406,27.68392899,125253.29000000002,63941.9600000001,164958.53000000026,323130.36000004003
Iowa Tribe of Oklahoma,0.10747545922911994,0.13562160981065796,3.064745497494961,1.1871476842993668e6,0.13975319508103268,0.1996527236017709,3.0953847869353632,1.6059975356061919e7,0.8925245407708801,0.864378390189342,0.8602468049189673,0.8003472763982291,0.7316492578712177,0.6049944943416237,0.0009999999999999994,0.648899756867026,0.7152961846907432,0.36977362712331197,0.346591050631513,0.22849308807949115,0.3400141395361012,0.3373905152488028,-5.1109838845999995,-3.094860050763358,4.534173028087021,10.857888041182438,16.112120440938924,22.17960983951908,24.50206955019083,23.540067854274803,19.033765903824424,11.693944020900759,3.5892366412534344,-4.643816793996182,10.266101217676333,2.735024787319083,3.190268927563358,1.7496886522419839,1.8583610129717558,1.5888710814404574,1.4357518145236636,1.1826566057450378,1.551043185014503,1.714804358951908,1.5766572573809157,3.104777000149617,3.5249172787816776,2.1010684970801523,20.698702290145032,21.757684478381673,48.45524173190076,63.5712468193206,111.82102630202287,128.27033928488544,102.28579306719084,96.93183205821373,85.18782017940455,46.650186599228995,38.293240033458005,28.939007633213734,66.07184337272518,10.05401218899389,15.681819939883967,27.370052172328236,35.161265652389304,54.623041055137406,55.591047978900754,45.336382654038154,46.40572776394656,51.55005870524425,22.84841732748091,23.727806592106873,24.84906425342748,34.433224688595416,4.185185185333333,5.914814815,11.488888886666667,16.30740740666667,20.78888889,26.15555555333333,28.451851849999997,28.655555556666666,24.47037037,17.225925926666665,10.781481483333332,4.1148148146666665,16.545061729999997,2.121187927333333,2.7037127056666663,1.2723781936666667,1.1874893223333334,0.8917007979999999,1.4894532489999999,1.3141346936666667,1.497624087,1.4595135143333333,1.1565946233333333,2.0797091576666666,2.740119569,1.6594681536666667,55.485185183333336,57.744444446666655,106.10000003333333,96.63333333333334,164.0333333333333,149.55555556666667,88.46296297,78.79259259333332,91.41111111000001,82.41111111333332,57.25185185333333,49.97037036999999,89.82098765999999,25.49053576333333,47.18337425,62.761130923333326,46.06262642,81.58725282999998,73.10297097333331,57.802431379999994,58.18912381333333,49.06311094,60.569779579999995,49.0676961,43.26133085666667,54.511780316666666,2398.77,1224.5800000000006,164958.53000000026,323130.36000004003
Lower Sioux Indian Community in the State of Minnesota,0.08242471086748945,0.13561122272074086,3.0368298312937725,2.4697177040914833e6,0.08596111683618819,0.15390668040685168,2.97,668455.6357066348,0.9175752891325105,0.8643887772792591,0.9140388831638118,0.8460933195931484,0.6597383381940102,0.5634931022705976,0.0009999999999999948,0.6179839542898928,0.5797921544646825,0.5803819613198582,0.4863029892632946,0.0009999999999999994,0.46303554829287247,0.5458192991992524,-9.919830893124356,-8.433224474700506,0.4379002538953636,7.979837780751549,14.179120103722584,19.57781340385899,21.920571528444842,20.754827983609932,15.816853310786962,8.418218200467896,-0.0966534849071571,-9.295976581568672,6.778288094437801,2.7105143413777,2.756337800752139,2.2981150456890456,2.366154282601219,1.4647836798953964,1.7576913563852596,0.9308601006866626,1.4800246136680943,1.8002236445344646,2.018753839577571,3.2373767344328193,4.077785033645253,2.24155170612045,19.891425495710532,16.439624576226393,41.86350936679669,51.906713218351804,90.21738296141197,122.65778695610867,95.28438847177524,102.36632267740978,88.80187949310054,53.969201689506896,42.123030547711565,27.008858327879402,62.71084364905666,11.565013799353515,8.986262896677939,25.561374874175378,24.650952365010404,34.04271772304164,42.59943412625052,33.040152511914435,41.53331544011391,48.74870318418,19.134403777697404,33.356600491858885,19.286801672477782,28.54214440462638,-6.95,-6.7166666665,1.961111111,10.133333332000001,15.894444440000001,21.22222222,24.16666667,22.455555555000004,16.527777775,10.572222224499999,2.6777777780000003,-7.7944444445,8.6791666665,6.3744411415,6.0100261040000005,4.1298857705,4.1001271255,2.9315496289999996,2.4396181425,2.976171996,2.3907553234999996,1.854171108,3.969412613,7.024728618,6.034274777499999,4.186263529500001,17.31111111,16.57222222,48.883333335,73.577777775,107.96666665,119.28333334999999,99.13888887,90.294444445,90.055555555,61.533333330000005,40.877777775,36.07222222,66.79722222,12.73250428,11.777770735,43.121797640000004,63.208130340000004,32.600553305,47.68591859,37.419706700000006,32.273634675,60.147020190000006,48.955865275,33.777788705,39.763959230000005,38.622054139999996,58252.85999999999,29738.150000000085,164958.53000000026,323130.36000004003
"Sisseton-Wahpeton Oyate of the Lake Traverse Reservation, South Dakota",0.08234667064180934,0.13547157494215395,3.037500910080492,2.463552838959227e6,0.11214925497075916,0.19534231111152073,3.2900084327863044,603523.7579688856,0.9176533293581907,0.864528425057846,0.8878507450292409,0.8046576888884793,0.6594920391375279,0.5633592481943239,0.0009999999999999948,0.6178122707495136,0.5792516953721494,0.5103898714529328,0.4724132621246572,0.0011968059481771097,0.47224784018365284,0.40931289485601785,-9.92103748466966,-8.432744714962675,0.43767789834233295,7.9799222281879985,14.177826334744688,19.577003217061574,21.91988590864588,20.754259884504787,15.815577664164833,8.417148891732293,-0.09978287049618022,-9.297787647352747,6.777329109327504,2.7149778609496065,2.7580322081477986,2.301194231384396,2.366159943410113,1.4645159890961763,1.7592890128466814,0.9316287807462047,1.4804509754781932,1.8019728770183652,2.0189309233672352,3.241071709987095,4.081140683472752,2.2432804330088794,19.87644697163045,16.42262568866721,41.8447357918272,51.8466883793639,90.1942634416924,122.59552396770347,95.22871439620462,102.27112295884083,88.70604369998932,53.93076054559776,42.090534730835174,26.989722270171143,62.66643190410416,11.557610673819216,8.9838159433811,25.555542467906513,24.63117271662736,34.053076367469025,42.59669120403645,33.100932009407224,41.50123878873538,48.70406001641885,19.13136716558353,33.33874584034205,19.278820767032826,28.536089496117174,-8.781944444,-5.9375,0.25972222224999997,8.799999999874998,14.55694444375,19.79166666625,22.345833331250002,21.45833333375,15.102777777500002,9.116666665875,0.775000000125,-8.625000000125,7.40520833325,5.8082424206250005,6.642718719124999,3.7852824075,3.4279664366250007,2.331449296125,2.7466367932500004,1.9511105431250002,2.4630968531249997,1.960214626875,3.0893825335,7.267888268000001,6.4231473365000005,3.991428019625,22.069444445,22.45138888875,42.73611111,40.1791666675,71.2125,106.65694444999998,81.52916666625002,71.20277777625,70.493055555,51.550000001250005,32.7138888875,38.550000000000004,54.278703705,30.02263383875,35.22965207675,39.6465394,35.779493575000004,33.847985953750005,40.04073055875,44.126906713749996,36.05342494625,39.173957727499996,29.5110065425,29.157018672499998,58.527201622499994,37.59304596875,58412.85999999999,29819.830000000085,164958.53000000026,323130.36000004003
Ottawa Tribe of Oklahoma,0.14808163525603762,0.18926347512742975,2.9066847626147867,1.5394127655384762e6,0.17,0.264,2.98,2.716e6,0.8519183647439623,0.8107365248725702,0.83,0.736,0.35448123573865514,0.3283693921038039,0.0010000000000000041,0.23986851203465653,0.34281825365397917,0.4780943928794326,0.3988664893809669,0.40704688497285985,0.40809066348802603,0.4644947640599661,-6.506629085945961,-7.026858720394932,-0.7660712536104687,5.811931893550608,12.086224228139253,16.96979128773306,19.763674038057292,19.379570357220036,14.581797535880062,8.159620849287876,2.157977555354777,-5.176540263698462,6.619540701838202,2.5339116690707053,2.8456958288821923,2.4212996260970088,1.8653097265164702,1.3547388919490608,2.0931471789543514,1.3763575148150653,1.351422613935832,1.6580994098647113,1.6740041047506897,2.2387008104673987,3.5374885283319024,2.0791813254326432,53.20010086916957,34.85120206667846,39.860488895741135,62.89864605511912,73.80969145684762,87.57749303955974,76.94674251960377,85.43592652267326,101.05318312497288,74.85511058043167,79.94637017046212,58.14183799979619,69.04806610909017,18.319578372403903,19.459974662443024,22.453957500626178,26.709069182544503,30.110877935812663,44.1060408502262,20.911361307609106,26.542201286828345,33.65389821470824,28.657930373519257,34.11091053501686,22.873521111068147,27.32577677811173,2.366666667,4.044444444,10.13333333,14.76666667,19.06666667,24.65555556,27.03333333,26.93333333,22.766666670000003,15.62222222,9.455555556,2.6444444439999995,14.957407410000002,2.752271789,2.831126592,1.393735986,1.220655562,0.916515139,1.460403293,1.5337861649999998,1.503329638,1.607793519,1.170232645,2.295163998,3.22765825,1.826056048,70.84444444,67.93333333,110.95555560000001,99.27777778000001,181.7666667,125.4333333,85.38888888999999,83.27777778,101.50000000000001,81.12222222,91.97777778,75.38888889,97.90555556,45.5720888,47.98484136,54.463958520000006,41.91061255000001,82.35030358,47.23314514,55.21570077,62.81589723,51.08125879,60.68959503,80.40044741,74.14164559,58.6549579,40540.6,20696.060000000052,164958.53000000026,323130.36000004003
"Bay Mills Indian Community, Michigan",0.14161150229098252,0.19723773945453313,2.9265633973487373,1.4369511212678452e6,0.16199999999999998,0.208,2.99,3.1e6,0.8583884977090175,0.8027622605454668,0.8380000000000001,0.792,0.3927107878600258,0.36479621065548046,0.0010000000000000122,0.2545496543021596,0.36872729824433115,0.41721857432810644,0.4053321426388563,0.0009999999999999998,0.2547859970801446,0.3191620777042448,-7.288750144244015,-7.545681785064573,-0.6345827792333826,6.104711541698432,12.46754290002217,17.384142707659063,20.168601454756057,19.556093959129875,14.646750397089003,8.109471876765017,1.691010283851705,-6.123280405388793,6.54466916727704,2.4856904970304656,2.8465311651928786,2.5055170345401683,1.8343299239268425,1.381523475896437,1.9862698676640336,1.3507816730495337,1.4044489332133565,1.6430625810980861,1.709352539310573,2.378358365693701,3.6992062498487353,2.1020893589934366,42.462611042766326,30.1322108988763,39.67301371826592,63.035375020632856,77.87027905335901,101.1376684939387,83.70860495302254,97.16276151812829,100.6576190304778,70.37187005320999,71.59482268678296,49.74766201488178,68.96287487390303,16.99242954063864,18.144595602550357,23.22138994136941,23.445994416219914,28.057621201732882,45.975482837346995,28.343146040178993,32.96854699677677,37.782514446370406,28.50335243245641,32.905738694416854,20.553001514612095,28.074484472602553,-7.5166666665,-8.283333333499998,-1.538888889,5.027777778000001,11.52222222,15.85,19.122222224999998,18.955555554999997,14.2,7.972222222,2.0333333335,-5.655555555499999,5.974074074,3.0342484695,3.056993822,2.9335206694999996,1.8240094405000002,1.969411485,2.315657823,2.2045738845,1.3994132989999999,2.329952648,1.769175706,2.9133965434999998,4.6589907915,2.5341120485,63.01666666500001,36.733333335000005,45.916666664999994,61.87777778,67.46666667,98.077777795,63.55555556,78.49444444500001,102.81111112,83.61111111,78.67777777999999,73.21111110999999,71.120833335,23.809351314999997,20.771796065,30.71320093,34.992523170000005,32.677356815,48.795490550000004,24.533962154999998,28.648395760000003,40.633281935,35.312558095,22.95180644,40.11374818,31.99612262,125253.29000000002,63941.9600000001,164958.53000000026,323130.36000004003
"Santa Rosa Indian Community of the Santa Rosa Rancheria, California",0.14999999999999997,0.22799999999999998,3.2499999999999996,2.2130999999999996e7,0.144,0.211,3.07,1.1253e7,0.8500000000000001,0.772,0.856,0.789,0.23417563014062617,0.23417563014062617,0.07756142504789565,0.13690207351143285,0.09360873695427277,0.05659125331072332,0.05659125331072332,0.007363863468565379,0.016205128083011954,0.001,8.177777778,9.9733739840061,11.32337398152439,14.162872632500003,17.989227643384147,22.64945799768293,25.546409215426834,25.822018969969513,22.00697831911586,18.200914634146343,10.634925476920733,7.263279132570123,16.14588414795732,1.7991510340000003,2.501727370402439,3.7804529235000004,2.8258577442317074,2.2221834595792687,2.6708638938963416,2.1163538164451223,1.347540332905488,2.624070595865854,2.264062218323171,2.4310669236829274,2.5621113815914645,2.428786808018293,86.75555556000002,95.74444444000001,76.26666667,64.10447154804879,25.5578590792683,3.0704945802347563,1.5338075877195123,1.2333333330000003,5.3444444440000005,33.800779133231714,32.21111111,89.45416666844514,42.923094510182935,51.499031810000005,75.73029630000002,86.35170815000001,53.34271063850611,24.264703556920733,3.832026463103659,2.4753568469969514,1.9993749020000007,7.778995936000001,44.23490330118903,31.35799118000001,94.8815738307622,39.81238941027439,7.3,7.411111111,10.88888889,14.333333329999999,17.88888889,21.74444444,24.76666667,24.2,20.66666667,16.51111111,9.322222222,6.622222222000001,15.13796296,2.880104165,8.599483189,3.761131626,3.9363688849999994,3.002267661,3.2806672760000004,3.2101401839999997,2.556364606,3.4503623,3.958043849,5.690074204,3.6217322440000004,3.995561682,55.01111111,41.66666667,37.93333333,20.13333333,15.811111109999999,3.333333333,7.588888889,8.6,2.688888889,11.0,14.78888889,29.94444444,20.70833333,33.70621028,24.131255669999998,33.43845092,13.057373399999998,13.909389309999998,5.421485036,18.99331754,24.18553287,4.547923824,11.82729893,16.78536896,25.129917979999995,18.76112706,800.0,408.40000000000003,164958.53000000026,323130.36000004003
"Northern Arapaho Tribe of the Wind River Reservation, Wyoming",0.08014279802197852,0.10456041454776015,3.2623088065088663,1.174405804370252e6,0.14117614446151538,0.19888061353981684,3.372357646417614,2.8927536113836793e6,0.9198572019780215,0.8954395854522399,0.8588238555384846,0.8011193864601831,0.1608555772536026,0.16078840045948958,0.0022067999649261834,0.11721164655369602,0.07332802007615685,0.056095397600241424,0.055694570097866346,0.002799349391891822,0.021838923204164896,0.002574532331752992,-2.8326034061532845,-0.4537712895328467,0.9095701538686131,7.395296026175182,11.431711276131386,16.51240875919708,18.821167881532848,19.81978913664234,14.383698296934305,7.532197891598541,2.3733171128467156,-4.230494728087591,7.638523926021898,3.1491262594452554,3.17891586820438,2.810655546335766,4.313648854737226,3.1880650909051096,2.2680187995401457,2.818286591262774,3.310849212941606,2.7293051911240878,2.213750654839416,4.762223049824818,4.025665045058394,3.230709180510949,43.7775344659854,29.089294402262773,31.8251419280292,39.24582319328468,62.07072181722628,44.78645579832117,41.381670720656935,43.756447686861314,36.47899432335766,41.66642335934307,25.235198704525548,21.25166261430657,38.38044741788321,35.785700093284674,30.314607668686126,20.118775370072992,21.847806201459857,29.907206934671535,49.65710529372262,20.61396506890511,26.838216753211675,21.885931775474454,33.106739313868616,20.43585883394161,15.387828622773721,27.15831182948905,-6.7382716049999996,-4.803703703666667,-0.113580246888889,5.569135802555555,9.717283949777777,15.2,20.386419753333332,18.667901233333332,13.122222223333333,7.654320987777777,-0.6098765432222222,-5.095061728333333,6.079732510333333,2.8162391983333332,5.124800153111111,2.4241015083333335,3.230387511,3.686265503111111,3.350102642222222,3.3508274756666663,3.195357493777778,3.017943330333333,3.381468016888889,5.974280982333332,4.491546278777778,3.6702766745555553,23.144444443666664,25.62098765311111,23.483950615555553,37.81728395111112,66.58024691333334,48.67037037111111,38.63950617444444,33.07530864111111,30.495061727777784,29.144444444444446,30.01728395222222,18.85061728188889,33.79495884777777,17.13534423088889,38.518264818888895,20.191571845666665,25.848987507777775,41.14505730333334,42.55738461666667,53.033745974444436,38.139686564444446,28.008764771111107,29.66603994222222,34.52096190955555,16.533450746888885,32.10827168777778,318.8,162.75,164958.53000000026,323130.36000004003
"Sac & Fox Nation, Oklahoma",0.10747545922911994,0.13562160981065796,3.064745497494961,1.1871476842993668e6,0.15553519771414284,0.22809787345611396,3.053165304180015,3.9693318905893113e6,0.8925245407708801,0.864378390189342,0.8444648022858572,0.771902126543886,0.7316492578712177,0.6049944943416237,0.0009999999999999994,0.648899756867026,0.7152961846907432,0.39319529980311285,0.3661602502035588,0.25715685083116135,0.3556197790075648,0.3405914773493788,-5.1109838845999995,-3.094860050763358,4.534173028087021,10.857888041182438,16.112120440938924,22.17960983951908,24.50206955019083,23.540067854274803,19.033765903824424,11.693944020900759,3.5892366412534344,-4.643816793996182,10.266101217676333,2.735024787319083,3.190268927563358,1.7496886522419839,1.8583610129717558,1.5888710814404574,1.4357518145236636,1.1826566057450378,1.551043185014503,1.714804358951908,1.5766572573809157,3.104777000149617,3.5249172787816776,2.1010684970801523,20.698702290145032,21.757684478381673,48.45524173190076,63.5712468193206,111.82102630202287,128.27033928488544,102.28579306719084,96.93183205821373,85.18782017940455,46.650186599228995,38.293240033458005,28.939007633213734,66.07184337272518,10.05401218899389,15.681819939883967,27.370052172328236,35.161265652389304,54.623041055137406,55.591047978900754,45.336382654038154,46.40572776394656,51.55005870524425,22.84841732748091,23.727806592106873,24.84906425342748,34.433224688595416,4.362962963,6.088888889,11.674074073333333,16.41851852,20.677777776666662,26.196296293333333,28.500000000000004,28.733333333333327,24.496296296666667,17.281481483333334,10.999999999999998,4.348148148,16.64814815,2.149084097,2.681373451,1.2763990230000002,1.151716427,1.0595884306666667,1.4873687423333333,1.3218946273333332,1.4641091223333333,1.4335329463333333,1.1700262426666665,2.080993908,2.807891405,1.6736648683333333,58.89259259333333,58.03333333666666,101.04814816333332,101.50740740999998,173.31481483333332,141.05925923333334,90.40000000666666,77.64814814666666,97.20740741666665,83.96666666666667,61.31851852,54.48888888666666,91.57376543666666,28.94570754333333,43.32953365333333,54.24677958,50.03438720666666,91.69121505333332,71.05666303666666,57.7591921,58.256499829999996,46.98003915333332,61.222441133333334,51.08909218333333,49.05897917666667,55.30587747,2398.77,1224.5800000000006,164958.53000000026,323130.36000004003
Ho-Chunk Nation of Wisconsin,0.08969548923312015,0.15869548923312013,3.0026127691719946,2.9505164437806387e6,0.0865251173034973,0.15172301064200192,2.963600683002306,2.3528851624885243e6,0.9103045107668799,0.8413045107668798,0.9134748826965027,0.8482769893579981,0.5005044305032331,0.4926549902103097,0.0010000000000000002,0.35478341444361805,0.43577069236566635,0.7143819917122308,0.6378411741715733,0.0010000000000000005,0.6446997473495178,0.7083400548795111,-8.34890162361318,-7.313849092507162,1.247182425922636,8.364788284338111,14.138968483323783,19.694364852521492,22.019484238739256,21.084272526246423,16.17026424418338,9.029576568091692,1.3916268705071635,-8.074721426381089,7.450254695808023,2.2814452166189114,2.79870461925788,2.287053867627507,1.8571181509455592,1.1990357857879657,1.905547656853868,1.0748084065673353,1.392748203510029,1.7161420956303728,1.9171740313237822,2.4298087207020056,3.375379658131806,2.0195805343438398,23.62925819510029,15.266666670000001,40.55861190871061,52.0701368995702,94.45552371948425,129.1666667,100.57376634197706,132.72731612406878,99.04434893234958,53.92120343928367,52.460967843524365,30.75208532292264,68.71887934106019,7.762181698819484,9.774328621000002,21.67715251541547,12.300001565272208,23.518490612550146,54.9739029,57.7494069894556,57.63849248309456,46.117202716045846,29.850093658252153,30.614323614469914,16.31460461025788,30.6908484982235,-6.641269841428571,-4.2095238095714285,1.4015873015714286,9.23333333242857,14.677777778571427,20.158730158571426,22.647619047142857,21.738095239999996,15.547619047142858,9.992063490857143,3.398412698714285,-6.7095238095714285,8.436243386,4.5711126885714295,6.162109383714285,3.622754360285714,3.2093801138571427,2.270578236714286,2.8328304005714293,2.276464111142857,2.502447867,1.740129088714286,3.127234869857143,6.481429833142857,5.667043017285714,3.7052928308571427,33.15714285714286,25.907936507142857,46.25238095142857,64.49523809428571,96.63333333714287,126.54444444285714,103.13650794000002,139.43492062857143,97.56666664999997,61.64126984000001,56.88412698428572,50.14285714285714,75.14973545,25.937141732,27.690858543,30.399341857142858,29.468063681428575,40.15863171714285,60.874928065714286,50.807804701428566,70.82571838,45.02420882714286,39.38223468571429,34.89032129142857,49.44033072285714,42.07496535000001,760.0,387.98,164958.53000000026,323130.36000004003
Middletown Rancheria of Pomo Indians of California,0.11154951348437202,0.15439473388471717,3.77492730360767,1.935174468799464e7,0.157,0.231,3.92,6.666e6,0.888450486515628,0.8456052661152829,0.843,0.769,0.3274946068067692,0.3274946068067692,0.08536119100345832,0.1543326590378175,0.2007905017461698,0.6837663560783396,0.6819606590617445,0.29732075949592074,0.46285388267586997,0.6030375229685146,8.611433172115945,9.756199677855072,10.7979066,13.519484702028986,15.269565213478263,20.865539453913048,24.105314008550728,23.129951693043477,21.35201288362319,17.09726248014493,10.859742352463769,7.391948469985508,15.22969672362319,1.952361050130435,2.009631333014493,2.8506474705942035,2.311422620072464,2.606309084536232,3.8195663136666664,4.411256441927536,2.9710585507101452,4.895836080159421,3.553637763550725,2.7310184906521746,2.817917868666667,3.077555255739131,183.89178742173914,91.44589371869566,120.16650564492755,49.29565217333334,25.784702094492754,10.275845409478263,9.617391305913044,9.677777778,21.76231883695652,38.441062800724644,64.59388083565217,126.06521740289857,62.58483628666667,170.34943568695655,82.70885074898551,117.5483906173913,48.17762035492754,25.402678841594206,19.287255895492756,16.981582593971012,22.36899516,24.738143421594206,46.776288998115945,58.1941638826087,93.83489272840579,60.53069158000001,8.055555556,9.633333333,10.31111111,13.377777779999999,15.91111111,19.72222222,20.61111111,21.51111111,18.75555556,16.26666667,10.05555556,7.544444444,14.31296296,1.2787798,1.312440475,1.2702799339999997,1.965183056,2.35979048,3.011136736,1.337389663,3.301304456,1.481646981,1.044030651,2.047627353,1.650084173,1.838307813,226.1333333,143.8222222,137.9777778,58.52222222,43.36666667,11.7,9.677777778,4.222222222,8.644444444,43.6,56.73333333,208.8888889,79.44074074,210.37688800000004,123.6031025,124.3515559,42.76116164,29.60886692,15.18584868,16.84063373,9.807876653,10.78808499,39.70865775,52.00240379,134.238877,67.43949646,332.84000000000003,169.91,164958.53000000026,323130.36000004003
Red Cliff Band of Lake Superior Chippewa Indians of Wisconsin,0.12754765781332755,0.18599822636289795,2.9932726800369176,2.0906751601832206e6,0.102,0.2,3.11,799000.0,0.8724523421866724,0.814001773637102,0.898,0.8,0.39174149238514805,0.3627817163599119,0.0009995978571280524,0.258418299126873,0.3577016167799089,0.3898746888540367,0.3594329541138747,0.0009999999999999992,0.2930919896637415,0.3754110297657588,-8.344641591085553,-8.19078159673132,-0.7909325269907612,6.0891892303073725,12.431354271378156,17.334738050069202,20.17397602854638,19.43497001653019,14.42552331804284,7.833197217418053,0.8826304686762254,-7.262468471890809,6.168062867872309,2.443433342529095,2.78497385853327,2.535581209030607,1.9381743165466323,1.389303146042659,1.9591487233085525,1.256998467858521,1.3871005839345965,1.7493092664795848,1.790869634255735,2.608499561812524,3.7919147699090145,2.136275573436387,36.577318022435186,25.86659348035966,39.448828516265195,57.15692431245062,79.10877067645238,103.44317647590913,87.39370815103594,100.78570883999544,101.26602939241867,70.72883846902631,64.92844848156956,44.08432045856168,67.56572210659357,16.14285045773317,14.886547801533144,23.309018407887198,23.111677082094623,30.984063760802073,44.38650871012091,30.67457726374194,36.05619311549163,40.09083520309781,28.520583707760284,32.61602935247135,20.665865290865707,28.453729180014538,-10.511111109999998,-9.011111111,-1.055555556,5.411111111,11.45555556,17.07777778,19.97777778,19.23333333,14.333333329999999,7.355555556,-0.455555556,-5.866666667,5.662037036999999,1.811383756,2.467004481,2.622551768,2.100859612,1.313498298,2.313426991,1.023203032,1.142365966,2.131900561,2.107789785,2.453625436,11.36914685,2.7380630450000005,45.3,16.61111111,35.88888889,67.92222222,78.35555556,96.96666667,94.4,118.4222222,103.7111111,81.19999999999999,60.15555556,35.45555556,69.53240741,63.599705189999995,7.239724519,23.23657916,48.77324517,44.14261295,28.03952567,36.93599193,65.56301888,73.02301768,36.56025848,33.1377093,15.76539812,39.66806559,181234.51000003997,92520.50999999796,164958.53000000026,323130.36000004003
Yankton Sioux Tribe of South Dakota,0.0885593830573772,0.13402431555762157,3.148193539392896,1.707009396545701e6,0.13393616590822693,0.2089071323737285,3.250055927815806,686245.2322798002,0.9114406169426228,0.8659756844423785,0.866063834091773,0.7910928676262715,0.5567808828695274,0.48841285100664944,0.0010000000000000005,0.5267270233072158,0.4454501216848566,0.5376297394266497,0.4617725081548185,0.001232740741832453,0.5279810218248919,0.3596819939998333,-7.711219195804474,-5.472676177937743,2.2497514050768475,9.198400345430933,14.72243839092412,20.68160397738327,23.207144400875485,22.17060095140078,17.349146129494162,9.671552096619651,0.7726977949805447,-7.176048421960116,8.305282641458174,2.938143305678988,3.4762583732178984,2.16862116577821,2.37334203564786,1.637621470801556,1.5901404870661477,1.1174193963346304,1.6523517870505835,1.9555899233793772,2.069595975752918,3.5315200827714004,3.5985794819610892,2.342431957082685,12.875324254500002,11.564018592061283,38.222395157879376,57.9948551658074,94.61862299781129,103.73357112140079,71.33652183304477,88.84110462601167,68.53003675004867,44.47099005539883,32.57322741150779,16.816396455536967,53.46475536825875,8.678914895331712,8.996456024264592,28.73508734300584,35.399042998433856,40.25289654016537,52.50993199179962,45.08325353610894,39.64357044224708,44.35660827308366,23.996384146060308,27.865686632743188,13.704308665475681,30.76851179062257,-5.588888888666666,-1.2666666666666666,3.3407407406666665,9.318518518666668,15.285185183333331,21.388888886666667,22.01481481333333,23.111111113333337,17.692592593333334,11.592592596666668,1.2259259256666666,-5.485185184999999,9.385802469666668,2.9738349073333334,5.237998202,2.0878104706666667,2.3179184026666664,2.345048465333333,2.378350342666667,4.138252878333333,3.202735502666666,1.8005771203333334,2.515034196333333,3.5918807759999996,4.286842512,3.0730236483333333,11.133333333333333,12.807407406666666,32.58888889,58.111111109999996,95.30740742,87.10000000000001,49.01111111,73.81481481666667,49.722222223333326,39.944444446666665,28.311111110000002,11.699999998,45.79598765666667,5.360607496333333,10.330376518333333,25.091970223333337,38.735934533333335,42.30118808666666,62.04616256,33.363201983333326,40.22989321666667,39.637478783333336,22.498467446666666,20.851214703333333,6.446260458666667,28.90772966666667,2106.8,1075.5200000000004,164958.53000000026,323130.36000004003
"Keweenaw Bay Indian Community, Michigan",0.14161150229098252,0.19723773945453313,2.9265633973487373,1.4369511212678452e6,0.14815519240857197,0.19350437532785894,3.281464417528541,694037.6384049678,0.8583884977090175,0.8027622605454668,0.851844807591428,0.8064956246721411,0.3927107878600258,0.36479621065548046,0.0010000000000000122,0.2545496543021596,0.36872729824433115,0.3080354822853061,0.3010273966300051,0.0010000000000000009,0.17698826921915167,0.2778520819974505,-7.288750144244015,-7.545681785064573,-0.6345827792333826,6.104711541698432,12.46754290002217,17.384142707659063,20.168601454756057,19.556093959129875,14.646750397089003,8.109471876765017,1.691010283851705,-6.123280405388793,6.54466916727704,2.4856904970304656,2.8465311651928786,2.5055170345401683,1.8343299239268425,1.381523475896437,1.9862698676640336,1.3507816730495337,1.4044489332133565,1.6430625810980861,1.709352539310573,2.378358365693701,3.6992062498487353,2.1020893589934366,42.462611042766326,30.1322108988763,39.67301371826592,63.035375020632856,77.87027905335901,101.1376684939387,83.70860495302254,97.16276151812829,100.6576190304778,70.37187005320999,71.59482268678296,49.74766201488178,68.96287487390303,16.99242954063864,18.144595602550357,23.22138994136941,23.445994416219914,28.057621201732882,45.975482837346995,28.343146040178993,32.96854699677677,37.782514446370406,28.50335243245641,32.905738694416854,20.553001514612095,28.074484472602553,-10.75313311811417,-9.937411021344342,-2.879549978121383,4.166432762316812,10.95053524469786,15.44806523751297,18.703982565785022,18.060411353563488,12.539935594371975,6.385231445046881,-1.0276152170924295,-8.853728788220348,4.400263006951593,2.506680883580614,2.765941399948119,2.281161490533703,2.0076373850565865,1.6810891340704839,1.9806895500776087,1.7796305207549035,1.485788987018354,2.415556752487656,1.461979543438165,3.2949389568682816,4.853760250431289,2.3762379047199986,35.58576163736755,30.20059258127496,44.63092261941302,52.431933817294684,71.38305773289046,102.15695114690898,93.88035300707405,90.18707922763582,115.6750559466517,88.14417470345603,62.042219259899134,52.93329358528733,69.93761627377677,16.407084843324828,25.354934532082506,27.855496099768377,30.00023377297153,23.69456030893643,36.88062411008019,25.390481260745887,35.905235220854514,49.971600303144655,31.89544116199768,28.665717609829798,34.29182700569809,30.526103017769962,125253.29000000002,63941.9600000001,164958.53000000026,323130.36000004003
"Cheyenne and Arapaho Tribes, Oklahoma",0.08014279802197852,0.10456041454776015,3.2623088065088663,1.174405804370252e6,0.13677236586555203,0.20217334217071342,3.156578760838335,1.5272433055836668e6,0.9198572019780215,0.8954395854522399,0.863227634134448,0.7978266578292865,0.16085557725360267,0.16078840045948964,0.002206799964926184,0.11721164655369602,0.07332802007615688,0.39498500458260405,0.34494755924720977,0.2599588677240644,0.38308808163069863,0.3156539787317898,-2.8326034061532845,-0.4537712895328467,0.9095701538686133,7.395296026175182,11.431711276131386,16.51240875919708,18.821167881532848,19.81978913664234,14.383698296934305,7.532197891598541,2.3733171128467156,-4.230494728087591,7.638523926021898,3.1491262594452554,3.17891586820438,2.810655546335766,4.313648854737226,3.188065090905109,2.2680187995401457,2.818286591262774,3.310849212941606,2.7293051911240878,2.213750654839416,4.762223049824819,4.025665045058394,3.230709180510949,43.7775344659854,29.089294402262773,31.8251419280292,39.24582319328468,62.07072181722628,44.78645579832117,41.381670720656935,43.756447686861314,36.47899432335767,41.66642335934307,25.235198704525548,21.25166261430657,38.38044741788321,35.785700093284674,30.314607668686126,20.118775370072992,21.847806201459857,29.907206934671535,49.65710529372262,20.61396506890511,26.838216753211675,21.885931775474454,33.106739313868616,20.43585883394161,15.387828622773721,27.15831182948905,3.7216049382777783,5.654938271722221,10.530246913500003,15.441358023333335,20.147530865000004,26.02283950611111,28.190123457777776,27.978395062222223,23.793209877777777,16.544444445555555,9.688888888666664,3.683950617222223,15.949794238333332,1.7780730636666668,2.691535571,1.1515593669444446,1.2440872374444445,1.4254032939444445,1.6058676677777775,1.3382674735,1.3812999814444444,1.5759166818333337,1.2395499622222221,1.9788032957777772,2.218851296333334,1.635767907722222,37.012962963888896,31.822222221666674,66.03580246888889,66.7555555561111,123.81049383666668,109.18765432333336,71.29814814777778,66.23950617333335,57.67716049333333,64.45925925888888,33.97654320888889,27.883950617222222,63.0132716061111,18.416155467777777,25.44570710222222,40.020803395,29.728565123888888,87.35408192944443,59.314357512777775,46.90013063777777,51.08409871388889,43.92051316944444,43.661192018333324,32.540366688333336,22.33534570388889,41.72677645611112,637.6,325.5,164958.53000000026,323130.36000004003
"Hannahville Indian Community, Michigan",0.1303102143476319,0.15204782917672044,2.8117492344727437,3.640191048819252e6,0.13101014230691807,0.15301014230691806,3.0995363516837453,1.6010881246422103e6,0.8696897856523681,0.8479521708232796,0.8689898576930819,0.8469898576930819,0.5401130171601225,0.4617345334180174,0.0010000000000000002,0.4781448912565308,0.5192985465328647,0.38036039255397597,0.31641468940856204,0.001,0.26531658970703764,0.3324456795434655,-5.666339869029413,-7.194771241970588,-0.7187908496323531,5.7715686273235285,12.180228758970587,16.99183006735294,19.839869283382352,19.34379084897059,14.623366010735293,8.386764705911764,2.5740196079999995,-4.978594771294118,6.762745098485294,3.016395107323529,2.9303134655000003,2.645494549735294,1.8219800803676467,1.3759893558382352,2.0644106963088236,1.3946616980735291,1.3035771076911764,1.6002763349558824,1.8099903196911762,2.143741428485294,3.5068678892205885,2.1344748362058823,49.607679740147056,37.64101307073529,38.930228756470584,69.78611111088235,74.78872549014704,92.84264705852941,79.01503268014704,72.46405228955882,88.30147057941177,63.72401960941175,78.29901960794118,55.52042483367647,66.74336873470588,18.93011897029412,26.841194666470585,21.560214085,25.620728653823527,25.997755939705883,48.907582561764706,23.14883283323529,25.27718000632353,25.48197755955882,24.132206737499995,34.70915754382353,20.993891066029413,26.800070050147056,-8.8,-8.155555556,-1.955555556,5.122222222,12.45555556,17.07777778,19.67777778,19.288888890000003,14.1,7.755555556,0.755555556,-6.644444444,5.889814816,2.546566316,3.04594448,2.337793357,1.9829131210000002,1.38122329,1.981021061,1.03413947,1.28398252,1.786756839,1.541193621,1.92490981,3.565848816,2.034357725,38.76666667,21.82222222,44.366666669999994,51.65555556,64.11111111,97.18888889,85.72222222,96.11111111,108.9777778,84.14444444,88.23333332999998,58.92222222,70.00185185,14.46020401,9.949469556,28.23778497,24.45031243,20.79245322,51.77720165,28.18886206,27.70141894,40.34593467,34.95933749,42.94123892,29.948362969999998,29.47938174,285.38,145.69,164958.53000000026,323130.36000004003
Standing Rock Sioux Tribe of North & South Dakota,0.050533938843422575,0.08809288525568285,3.1851964880408676,1.582255161965748e6,0.19660396100492977,0.28873336944568034,3.0119856445221775,421744.5397985314,0.9494660611565774,0.9119071147443172,0.8033960389950703,0.7112666305543196,0.4500656853545588,0.4169463127797766,0.001,0.3343796571335457,0.3483711402588807,0.24901308240894326,0.24333965906758695,0.0016292554997355965,0.21023987505907726,0.09310798717700283,-10.000000000333333,-8.140740740666667,0.3333333336666667,7.959259259333334,13.996296293333332,19.218518519999996,21.862962963333334,20.62222222333333,15.511111110000002,8.229629629666666,-0.2703703703333334,-9.051851851666665,6.689197530666667,3.040388944333334,2.993238145,2.7679919263333335,2.284039477,1.3658700576666667,1.9276352293333334,1.0923830336666667,1.5600586073333333,1.944942989,2.047277901666667,3.4753424660000003,4.369143547666667,2.405692693666667,16.674074076666667,14.396296296666666,40.57777777666666,43.84074074,84.46666667000001,113.35555556666667,86.34074074333334,96.57407407333334,83.32592593000001,55.677777776666666,38.28148148333334,24.24444444666667,58.146296299999996,10.051327751,8.565447817,23.3378548,21.066368413333333,30.646580736666667,43.33105966,35.525671210000006,41.04930115333333,52.078342926666664,26.932961116666664,30.506833776666667,18.361263896666667,28.454417769999996,-7.977777777846156,-3.5589743589230776,1.1299145299230775,7.672649572615386,14.052991454615388,19.577777778461545,21.643589743846164,21.691452992307692,15.820512820769235,10.452136751692313,-0.3794871794615386,-6.279487179538463,7.820441595692309,3.148746153538462,5.101009452230772,2.551595016615385,2.192351214615385,3.1970336226153857,3.6523519967692315,2.7201668636923086,2.3584129533846157,2.0781870788461547,4.879650718153847,4.261939213153848,6.376845542769232,3.543190818846155,8.037606838000002,11.82307692261539,21.929059829230773,31.949572649230774,71.98119658076926,83.56495726384617,55.70683760615386,38.34871794846155,30.78632478615385,36.91709401846155,29.32820512846154,11.872649572615389,36.020441596923085,4.668579175153847,9.807308433461543,16.857629422307696,19.42251924692308,43.30957074615386,37.9590724023077,29.545971496153854,22.03413740461539,22.644222633076932,22.920370564615396,49.15807749538463,6.585355129846156,23.742734513076933,320.0,163.36,164958.53000000026,323130.36000004003
Sac & Fox Tribe of the Mississippi in Iowa,0.10747545922911994,0.13562160981065796,3.064745497494961,1.1871476842993668e6,0.089,0.146,2.86,742000.0,0.8925245407708801,0.864378390189342,0.911,0.854,0.7316492578712177,0.6049944943416237,0.0009999999999999994,0.648899756867026,0.7152961846907432,0.5471746797911756,0.4255116988633711,0.0010000000000000005,0.4407211511876534,0.5382937960365421,-5.1109838845999995,-3.094860050763358,4.534173028087021,10.857888041182438,16.112120440938924,22.17960983951908,24.50206955019083,23.540067854274803,19.033765903824424,11.693944020900759,3.5892366412534344,-4.643816793996182,10.266101217676333,2.735024787319083,3.190268927563358,1.7496886522419839,1.8583610129717558,1.5888710814404574,1.4357518145236636,1.1826566057450378,1.551043185014503,1.714804358951908,1.5766572573809157,3.104777000149617,3.5249172787816776,2.1010684970801523,20.698702290145032,21.757684478381673,48.45524173190076,63.5712468193206,111.82102630202287,128.27033928488544,102.28579306719084,96.93183205821373,85.18782017940455,46.650186599228995,38.293240033458005,28.939007633213734,66.07184337272518,10.05401218899389,15.681819939883967,27.370052172328236,35.161265652389304,54.623041055137406,55.591047978900754,45.336382654038154,46.40572776394656,51.55005870524425,22.84841732748091,23.727806592106873,24.84906425342748,34.433224688595416,-6.2944444445,-3.900000000000001,3.5,11.77777778,15.66111111,21.37777778,23.005555555000004,23.21111111,17.4,12.594444445,3.6388888889999995,-5.4444444445,9.710648149,2.8703157630000002,6.7717088604999995,2.253520582,3.1569618415,2.8850721604999996,1.7800995355000002,3.138000564,2.420572832,2.069651141,3.098463133,4.577746697,5.638608305,3.3883934515000003,28.35,42.61666667,53.044444445,66.388888885,97.9388889,136.64444445,116.46666665,85.56666667,76.422222225,47.105555555,46.96111111,31.766666665,69.10601852,10.077731561000002,52.79562521,47.132971135000005,42.737579505,41.319579805000004,54.120409695,55.897962314999994,34.315349485,40.16593805,32.580892215000006,21.917136005,20.972074079499997,37.83610409,2398.77,1224.5800000000006,164958.53000000026,323130.36000004003
Oglala Sioux Tribe,0.050533938843422575,0.08809288525568285,3.1851964880408676,1.582255161965748e6,0.2343782794133746,0.33807302680020096,3.2055426895083468,1.1801196880421687e6,0.9494660611565774,0.9119071147443172,0.7656217205866254,0.661926973199799,0.4500656853545588,0.4169463127797766,0.001,0.3343796571335457,0.3483711402588807,0.2635445815795166,0.24606164961550378,0.0015801131312891778,0.2341996634159017,0.12385060380846473,-10.000000000333333,-8.140740740666667,0.3333333336666667,7.959259259333334,13.996296293333332,19.218518519999996,21.862962963333334,20.62222222333333,15.511111110000002,8.229629629666666,-0.2703703703333334,-9.051851851666665,6.689197530666667,3.040388944333334,2.993238145,2.7679919263333335,2.284039477,1.3658700576666667,1.9276352293333334,1.0923830336666667,1.5600586073333333,1.944942989,2.047277901666667,3.4753424660000003,4.369143547666667,2.405692693666667,16.674074076666667,14.396296296666666,40.57777777666666,43.84074074,84.46666667000001,113.35555556666667,86.34074074333334,96.57407407333334,83.32592593000001,55.677777776666666,38.28148148333334,24.24444444666667,58.146296299999996,10.051327751,8.565447817,23.3378548,21.066368413333333,30.646580736666667,43.33105966,35.525671210000006,41.04930115333333,52.078342926666664,26.932961116666664,30.506833776666667,18.361263896666667,28.454417769999996,-4.287301587357143,-1.9968253968571426,2.7373015873571425,10.40079365142857,14.165079365714284,19.768253969285716,23.093650793571424,22.379365077857138,16.79285714357143,11.993650793142855,3.015079365142857,-3.095238095357143,9.580555555500002,2.466123612142857,7.431384616928571,1.780969235357143,5.133897429214285,3.8240310591428566,2.637888712857142,2.2991002115,2.381338069642857,2.1859548923571426,4.927077857357141,6.495719883999999,5.741572211785714,3.9420881494285713,8.830158729785714,19.018253967142854,30.927777778571425,54.44126984071428,83.76349206214284,84.8642857142857,72.19126984214284,48.51746031714285,38.13888888857143,33.47857142857142,26.603968253571423,14.29047619,42.92215608428571,7.397241985642856,29.82847995292857,24.216496691499998,34.257127035,42.77488848428571,38.59292840285713,47.100911791428565,32.41546249571428,44.040863218571424,21.03255227785714,35.32693366207142,14.476015440928572,30.95499178714285,320.0,163.36,164958.53000000026,323130.36000004003
Wyandotte Nation,0.1303102143476319,0.15204782917672044,2.8117492344727437,3.640191048819252e6,0.143500682755871,0.1957783534778806,2.7713883536100483,2.9725359435335896e6,0.8696897856523681,0.8479521708232796,0.856499317244129,0.8042216465221194,0.5401130171601225,0.4617345334180174,0.0010000000000000002,0.4781448912565308,0.5192985465328647,0.3430635706119382,0.2911012576411127,0.29897882334202874,0.2597234685215731,0.33739808696489226,-5.666339869029413,-7.194771241970588,-0.7187908496323531,5.7715686273235285,12.180228758970587,16.99183006735294,19.839869283382352,19.34379084897059,14.623366010735293,8.386764705911764,2.5740196079999995,-4.978594771294118,6.762745098485294,3.016395107323529,2.9303134655000003,2.645494549735294,1.8219800803676467,1.3759893558382352,2.0644106963088236,1.3946616980735291,1.3035771076911764,1.6002763349558824,1.8099903196911762,2.143741428485294,3.5068678892205885,2.1344748362058823,49.607679740147056,37.64101307073529,38.930228756470584,69.78611111088235,74.78872549014704,92.84264705852941,79.01503268014704,72.46405228955882,88.30147057941177,63.72401960941175,78.29901960794118,55.52042483367647,66.74336873470588,18.93011897029412,26.841194666470585,21.560214085,25.620728653823527,25.997755939705883,48.907582561764706,23.14883283323529,25.27718000632353,25.48197755955882,24.132206737499995,34.70915754382353,20.993891066029413,26.800070050147056,2.366666667,4.044444444,10.13333333,14.76666667,19.06666667,24.65555556,27.03333333,26.93333333,22.76666667,15.62222222,9.455555556,2.644444444,14.95740741,2.752271789,2.831126592,1.393735986,1.220655562,0.916515139,1.460403293,1.533786165,1.503329638,1.607793519,1.170232645,2.295163998,3.22765825,1.8260560479999999,70.84444444,67.93333333,110.9555556,99.27777778,181.7666667,125.43333329999999,85.38888889,83.27777778,101.5,81.12222222,91.97777778,75.38888889,97.90555556,45.5720888,47.98484136,54.46395852,41.91061255,82.35030358,47.23314514,55.21570077,62.81589723,51.08125879,60.68959502999999,80.40044741,74.14164559,58.65495790000001,285.38,145.69,164958.53000000026,323130.36000004003
"Lower Brule Sioux Tribe of the Lower Brule Reservation, South Dakota",0.050533938843422575,0.08809288525568285,3.1851964880408676,1.582255161965748e6,0.12544701429835634,0.2157886662123754,3.325198553503463,271021.0134944686,0.9494660611565774,0.9119071147443172,0.8745529857016436,0.7842113337876246,0.4500656853545588,0.4169463127797766,0.001,0.3343796571335457,0.3483711402588807,0.2625991491668865,0.25400370052737736,0.0010037010502000107,0.2293245983628374,0.12178972843338298,-10.000000000333333,-8.140740740666667,0.3333333336666667,7.959259259333334,13.996296293333332,19.218518519999996,21.862962963333334,20.62222222333333,15.511111110000002,8.229629629666666,-0.2703703703333334,-9.051851851666665,6.689197530666667,3.040388944333334,2.993238145,2.7679919263333335,2.284039477,1.3658700576666667,1.9276352293333334,1.0923830336666667,1.5600586073333333,1.944942989,2.047277901666667,3.4753424660000003,4.369143547666667,2.405692693666667,16.674074076666667,14.396296296666666,40.57777777666666,43.84074074,84.46666667000001,113.35555556666667,86.34074074333334,96.57407407333334,83.32592593000001,55.677777776666666,38.28148148333334,24.24444444666667,58.146296299999996,10.051327751,8.565447817,23.3378548,21.066368413333333,30.646580736666667,43.33105966,35.525671210000006,41.04930115333333,52.078342926666664,26.932961116666664,30.506833776666667,18.361263896666667,28.454417769999996,-6.6511111110000005,-2.5777777778,2.3800000002,9.037777777599999,14.068888888,20.168888886,23.648888890000002,22.937777778,17.726666668,10.437777777600001,1.2511111110000002,-5.1711111112,8.9381481482,2.9040852360000007,4.127870844199999,2.1955847168,2.1101192679999996,2.2482746886,1.3262483081999998,1.7615334176,2.5884845136000005,1.8266165951999995,1.39398377,4.620896083000001,6.0543816453999995,2.7631732571999996,13.102222222,9.573333332999999,28.102222219999998,49.237777775999994,84.777777778,94.20666666399998,60.584444446,59.451111108,41.419999999999995,39.486666666000005,28.448888888,17.844444444,43.852962962,10.7381706596,5.886845276600001,16.644757975999998,33.72325401,48.694043056,42.962219049999995,32.075563247999995,32.934912626,30.4748084,32.842185408,42.19868365799999,21.5473887902,29.226902682,320.0,163.36,164958.53000000026,323130.36000004003
"Minnesota Chippewa Tribe, Minnesota (White Earth Band)",0.12630608415332206,0.18502677401009046,2.9949181094440975,2.102006960442749e6,0.11834742200013683,0.1993088046107159,3.207511621293201,919555.8172685613,0.8736939158466779,0.8149732259899095,0.8816525779998632,0.8006911953892841,0.39353156314271664,0.3646005613008406,0.0009996127549505328,0.26114505765103874,0.35890783129240933,0.5055306152521707,0.45602032210137156,0.000999207007893245,0.4437247194878268,0.41562371204401255,-8.454225733861382,-8.251179148611866,-0.7900044197221919,6.113300532241679,12.460945340165093,17.37016411566064,20.201298165345545,19.44582236002712,14.433425015625586,7.818081413546729,0.8134378732433133,-7.37302234360507,6.149003597528173,2.446840327590527,2.7901176220897037,2.5389198626562295,1.9576912424010287,1.399841304434818,1.9521323776362147,1.2345969072250222,1.3841102199558333,1.74810964039926,1.8006922599746313,2.6306643116124264,3.805927125244701,2.140803600184708,35.991644963528856,25.496339519503582,39.38486374818421,56.525827303812555,79.19274783134388,103.53565997161826,88.21419276157582,100.67721489746816,100.47130777327457,70.75663565535635,64.24521905826188,43.45700615948937,67.32905497055843,16.03866479941725,14.621580717169573,23.17564260969666,22.950977824566596,31.427823652903545,44.353909654675526,31.115579587241346,36.07494169426377,39.989528592015134,28.42716255823386,32.57549629183044,20.665453150635955,28.451396761591088,-12.719444443750001,-9.461111110500001,-0.16527777775000005,6.290277777749999,12.791666665000001,18.47499999875,20.343055555000003,19.966666667500004,15.605555552500002,6.9680555557499995,-1.161111111,-10.1888888875,5.56203703675,2.74577422325,4.55455111975,5.240869173875,2.6607747827500003,1.63897104,3.0741594869999997,0.8473364478750001,2.32647564075,4.0102699545,1.949229490875,5.5407228365000005,7.124164336749999,3.4761082113749997,27.3375,13.606944446249997,28.788888890000006,46.95833333375,76.87777777625,110.23888888625001,109.94583333374999,94.61111110875,68.92499999750001,62.016666667500004,48.20833333375,29.8805555575,59.78298611249999,32.96237615175,4.400743563125,17.506284631249997,40.588957093750004,53.15299063999999,36.926364843749994,69.27872562124999,34.25627289125,33.912939962500005,24.699866487500007,42.04676240125,30.078967835,34.984271012499995,188320.34000003993,96137.85999999776,164958.53000000026,323130.36000004003
"Red Lake Band of Chippewa Indians, Minnesota",0.14161150229098252,0.19723773945453313,2.9265633973487373,1.4369511212678452e6,0.11507606487772835,0.19397422746647938,3.0991888017268265,2.0500151232760958e6,0.8583884977090175,0.8027622605454668,0.8849239351222716,0.8060257725335206,0.3927107878600258,0.36479621065548046,0.0010000000000000122,0.2545496543021596,0.36872729824433115,0.395259166697987,0.3540487022656854,0.0009995721386098493,0.2911338326121937,0.26578617438860946,-7.288750144244015,-7.545681785064573,-0.6345827792333826,6.104711541698432,12.46754290002217,17.384142707659063,20.168601454756057,19.556093959129875,14.646750397089003,8.109471876765017,1.691010283851705,-6.123280405388793,6.54466916727704,2.4856904970304656,2.8465311651928786,2.5055170345401683,1.8343299239268425,1.381523475896437,1.9862698676640336,1.3507816730495337,1.4044489332133565,1.6430625810980861,1.709352539310573,2.378358365693701,3.6992062498487353,2.1020893589934366,42.462611042766326,30.1322108988763,39.67301371826592,63.035375020632856,77.87027905335901,101.1376684939387,83.70860495302254,97.16276151812829,100.6576190304778,70.37187005320999,71.59482268678296,49.74766201488178,68.96287487390303,16.99242954063864,18.144595602550357,23.22138994136941,23.445994416219914,28.057621201732882,45.975482837346995,28.343146040178993,32.96854699677677,37.782514446370406,28.50335243245641,32.905738694416854,20.553001514612095,28.074484472602553,-13.377083334375003,-10.441666666187503,-1.1722222221875003,5.497916666750001,12.163888888125005,17.589583333750003,19.738888887500003,19.050694444375008,14.422916667500004,6.118055555500002,-2.0027777778125007,-10.886111111187505,4.725173611125001,3.239558577000001,4.740151681437502,5.836849206437501,2.3525969980625003,1.5385293032500005,3.2169396236875016,1.1358766636250002,2.491901402562501,4.436559044,1.8667898656250006,6.085544290312502,8.940832229000003,3.8235107405,34.59791666812501,16.013888888750003,26.490972223125006,45.418055554375,74.53750000000002,112.1305555625,96.08819444000005,109.20972222562506,70.80486111062501,60.79305555625002,54.77152777812503,34.51458333250001,61.28090277937501,44.884765284312515,5.460241235687502,18.683556993937504,40.33953910437502,40.998640076875006,40.98043222687502,47.935730132500005,50.540682818750014,37.25651293500001,29.321915353750008,39.608405002500014,38.32811582325001,36.19487808187501,125253.29000000002,63941.9600000001,164958.53000000026,323130.36000004003
Coyote Valley Band of Pomo Indians of California,0.11154951348437202,0.15439473388471717,3.77492730360767,1.935174468799464e7,0.135,0.19400000000000003,3.53,7.022e6,0.888450486515628,0.8456052661152829,0.865,0.8059999999999999,0.3274946068067692,0.3274946068067692,0.08536119100345832,0.1543326590378175,0.2007905017461698,0.6672183321578524,0.6672183321578524,0.4571537900777639,0.4645744995183756,0.5061626625970759,8.611433172115945,9.756199677855072,10.7979066,13.519484702028986,15.269565213478263,20.865539453913048,24.105314008550728,23.129951693043477,21.35201288362319,17.09726248014493,10.859742352463769,7.391948469985508,15.22969672362319,1.952361050130435,2.009631333014493,2.8506474705942035,2.311422620072464,2.606309084536232,3.8195663136666664,4.411256441927536,2.9710585507101452,4.895836080159421,3.553637763550725,2.7310184906521746,2.817917868666667,3.077555255739131,183.89178742173914,91.44589371869566,120.16650564492755,49.29565217333334,25.784702094492754,10.275845409478263,9.617391305913044,9.677777778,21.76231883695652,38.441062800724644,64.59388083565217,126.06521740289857,62.58483628666667,170.34943568695655,82.70885074898551,117.5483906173913,48.17762035492754,25.402678841594206,19.287255895492756,16.981582593971012,22.36899516,24.738143421594206,46.776288998115945,58.1941638826087,93.83489272840579,60.53069158000001,7.4,8.177777778,8.911111111,10.86666667,13.688888889999998,17.73333333,20.48888889,19.71111111,18.14444444,14.22222222,8.844444444,7.044444443999999,12.93611111,1.2,3.23565209,1.328010207,1.532155345,1.501203221,1.637833935,0.633333333,1.057644133,1.335207017,1.8191878529999999,1.694189416,1.7826322609999998,1.563087401,219.0222222,147.1222222,138.8333333,65.76666667,51.67777778,18.94444444,5.155555556,7.1222222219999995,12.06666667,45.37777778,69.15555556,207.1222222,82.28055555,171.935764,106.960025,140.7269253,44.58158252,37.25710596,21.26470733,10.01550187,16.01903382,17.54985755,47.11127195,56.634024909999994,188.2531393,71.52574496,332.84000000000003,169.91,164958.53000000026,323130.36000004003
Saginaw Chippewa Indian Tribe of Michigan,0.14161150229098252,0.19723773945453313,2.9265633973487373,1.4369511212678452e6,0.13899363584647279,0.1340288262128662,2.770181553006367,4.622436133448231e6,0.8583884977090175,0.8027622605454668,0.8610063641535273,0.8659711737871338,0.3927107878600258,0.36479621065548046,0.0010000000000000122,0.2545496543021596,0.36872729824433115,0.5336696558646482,0.46853341867930126,0.0009888662243202062,0.4398799739291396,0.5230238268775373,-7.288750144244015,-7.545681785064573,-0.6345827792333826,6.104711541698432,12.46754290002217,17.384142707659063,20.168601454756057,19.556093959129875,14.646750397089003,8.109471876765017,1.691010283851705,-6.123280405388793,6.54466916727704,2.4856904970304656,2.8465311651928786,2.5055170345401683,1.8343299239268425,1.381523475896437,1.9862698676640336,1.3507816730495337,1.4044489332133565,1.6430625810980861,1.709352539310573,2.378358365693701,3.6992062498487353,2.1020893589934366,42.462611042766326,30.1322108988763,39.67301371826592,63.035375020632856,77.87027905335901,101.1376684939387,83.70860495302254,97.16276151812829,100.6576190304778,70.37187005320999,71.59482268678296,49.74766201488178,68.96287487390303,16.99242954063864,18.144595602550357,23.22138994136941,23.445994416219914,28.057621201732882,45.975482837346995,28.343146040178993,32.96854699677677,37.782514446370406,28.50335243245641,32.905738694416854,20.553001514612095,28.074484472602553,-5.844444444,-6.211111111,0.47777777800000004,6.85,13.155555555000001,18.411111110000004,21.027777775,20.56111111,15.86111111,9.161111111,3.1833333335000003,-4.3722222225,7.688425925000001,2.6107389175,3.4453497285,2.806400843,2.316148878,1.6434470475,2.038067056,1.2321024194999999,1.5227663275,1.5710362475,1.8715594384999998,1.8671989985,2.7841852819999997,2.1424167655,44.755555555,36.544444444999996,39.866666665000004,62.16666666500001,79.13888889,83.27222221999999,73.02222222500001,93.594444445,95.05555556,72.71666667000001,86.005555555,47.077777775,67.76805556,21.083716084999995,23.640465085,25.28618533,24.935347065,38.084367895,33.92055921,18.265125245,33.45871754,34.82351091,35.32456457,38.420027479999995,21.01300144,29.021298990000002,125253.29000000002,63941.9600000001,164958.53000000026,323130.36000004003
"Rosebud Sioux Tribe of the Rosebud Indian Reservation, South Dakota",0.050533938843422575,0.08809288525568285,3.1851964880408676,1.582255161965748e6,0.25894456424904105,0.34493884949538584,3.549961086499539,1.577496633617306e6,0.9494660611565774,0.9119071147443172,0.7410554357509589,0.6550611505046142,0.4500656853545588,0.4169463127797766,0.001,0.3343796571335457,0.3483711402588807,0.31939540546512135,0.3168024862595672,0.0011247043683882982,0.26352988498320323,0.20973753105813772,-10.000000000333333,-8.140740740666667,0.3333333336666667,7.959259259333334,13.996296293333332,19.218518519999996,21.862962963333334,20.62222222333333,15.511111110000002,8.229629629666666,-0.2703703703333334,-9.051851851666665,6.689197530666667,3.040388944333334,2.993238145,2.7679919263333335,2.284039477,1.3658700576666667,1.9276352293333334,1.0923830336666667,1.5600586073333333,1.944942989,2.047277901666667,3.4753424660000003,4.369143547666667,2.405692693666667,16.674074076666667,14.396296296666666,40.57777777666666,43.84074074,84.46666667000001,113.35555556666667,86.34074074333334,96.57407407333334,83.32592593000001,55.677777776666666,38.28148148333334,24.24444444666667,58.146296299999996,10.051327751,8.565447817,23.3378548,21.066368413333333,30.646580736666667,43.33105966,35.525671210000006,41.04930115333333,52.078342926666664,26.932961116666664,30.506833776666667,18.361263896666667,28.454417769999996,-5.172222222333333,-1.2074074073333332,2.3833333333333333,8.944444444166667,13.424074073333333,19.714814816666667,23.32037037166667,22.20185185166667,16.97037037,10.416666666666668,1.8611111109999998,-3.9648148148333338,9.074382716166667,2.5847816688333336,3.859076044833333,2.166047912333333,2.2313711763333335,2.206646666833333,1.7154565334999998,2.1295233693333335,2.048883897,1.9439453094999999,2.0263024021666665,4.358471273166666,4.362388104166667,2.63607453,12.400000000666667,13.507407406666667,26.877777778333332,48.755555556666664,98.25740739999999,77.02962962833334,55.299999998333334,49.75000000166666,28.474074074999997,31.55,26.501851851666668,16.301851853333336,40.39212963000001,9.125158039166667,9.1589549715,10.768770737666667,29.170741449999998,69.15030809000001,36.44144978333333,25.921556355000003,29.94496387166667,20.786030219999997,17.751609051666666,28.985143865,14.634489197499999,25.153264636666666,320.0,163.36,164958.53000000026,323130.36000004003
"Kaw Nation, Oklahoma",0.12673738561015346,0.19482184106053263,3.017847630065194,939734.7321275799,0.1572025342021524,0.2475822789458459,3.078987237184675,3.812518868809298e6,0.8732626143898465,0.8051781589394673,0.8427974657978476,0.752417721054154,0.5850408105990116,0.558941277315865,0.01483142125940729,0.5358962685577604,0.5556865053469793,0.4384815857878812,0.39364080066475143,0.3051784800557644,0.41531873052694734,0.3356202459152568,-3.1667974634641407,-1.2130554729292717,5.838113452155615,11.59120255550601,16.60366779685825,22.904467965259713,25.629264351150532,24.58045745709865,20.10896890619948,12.819761268096771,5.009145865551597,-2.6315560389381725,11.506136722210933,2.545988281823526,3.1523121746478475,1.7105974029557796,1.60341281843694,1.6171048265840366,1.471999433768722,1.2594915346404196,1.7503662841944827,1.7548892784679022,1.3257227056296383,3.1289196097141123,3.1828006395235056,2.0419670824929277,23.657730737191645,22.31906332338911,52.69455051061533,56.35438827788714,110.45996308973211,114.14657237587983,101.55889361693055,96.11071102759644,76.70883590792673,43.56853079347221,34.155361009767574,26.62838175035018,63.19691520372541,11.614680038349926,18.18925156549316,24.250107595567293,23.021477341428426,68.56589966097943,37.695546192602656,35.17193122733309,44.29394908196762,61.54314234574238,31.176380887331145,24.461301402026947,27.23094074728862,33.934550676045156,2.6055555554999996,4.399999999999999,10.584382177196996,15.530817768049246,20.079351044203495,25.977777779999997,28.405555554999996,28.272222219999996,23.832782269493066,16.772222224999997,9.794444444499996,3.02125328770871,15.77303036317959,2.192049267,2.8467459364999996,1.375409552453774,1.3943296068574083,1.102995816433708,1.5461411084999996,1.4531096855,1.7075719259999997,1.517713316756704,1.3516941894999996,2.0105198664999993,2.7782618706972046,1.7730451788460666,43.32777777999999,47.822222225,86.69999999999999,88.02222221999997,141.86111114999997,149.3777778,106.43333329999997,94.77222222499996,76.67222222499998,73.87222221999998,49.67222222,44.81666666999999,83.61250000499999,25.989375079999995,34.83180871999999,47.60368078999999,40.102691695,81.49107882999998,76.73613896999998,58.851854724999995,64.37513860499998,49.79214945,50.7357575,47.12872787,39.522306015,51.43005902499999,22126.96,11295.830000000022,164958.53000000026,323130.36000004003
"Nottawaseppi Huron Band of the Potawatomi, Michigan",0.1303102143476319,0.15204782917672044,2.8117492344727437,3.640191048819252e6,0.143,0.163,2.93,9.514e6,0.8696897856523681,0.8479521708232796,0.857,0.837,0.5401130171601225,0.4617345334180174,0.0010000000000000002,0.4781448912565308,0.5192985465328647,0.5176310423319573,0.41850082110762143,0.001,0.4082484959065641,0.5080129415944554,-5.666339869029413,-7.194771241970588,-0.7187908496323531,5.7715686273235285,12.180228758970587,16.99183006735294,19.839869283382352,19.34379084897059,14.623366010735293,8.386764705911764,2.5740196079999995,-4.978594771294118,6.762745098485294,3.016395107323529,2.9303134655000003,2.645494549735294,1.8219800803676467,1.3759893558382352,2.0644106963088236,1.3946616980735291,1.3035771076911764,1.6002763349558824,1.8099903196911762,2.143741428485294,3.5068678892205885,2.1344748362058823,49.607679740147056,37.64101307073529,38.930228756470584,69.78611111088235,74.78872549014704,92.84264705852941,79.01503268014704,72.46405228955882,88.30147057941177,63.72401960941175,78.29901960794118,55.52042483367647,66.74336873470588,18.93011897029412,26.841194666470585,21.560214085,25.620728653823527,25.997755939705883,48.907582561764706,23.14883283323529,25.27718000632353,25.48197755955882,24.132206737499995,34.70915754382353,20.993891066029413,26.800070050147056,-1.655555556,1.722222222,3.088888889,9.777777777999999,15.2,20.06666667,23.14444444,22.5,17.8,11.94444444,4.777777778000001,-3.2,10.430555559999998,6.019574551,6.374711322,2.489701008,1.923393991,1.497497913,1.783956277,1.271918935,2.316246964,1.207269647,2.101256238,1.810233257,2.718915225,2.626222944,47.32222222,51.04444444,45.43333333,61.87777778,88.65555556,102.1444444,82.4,56.91111111,92.41111111000001,89.63333333,68.82222222,49.477777780000004,69.67777777,29.75860286,29.45306058,24.48499541,30.81703173,57.50884956,47.14154514,51.00762198,51.37147663,50.25677677,71.24006948,45.019073119999995,24.02154126,42.67338704,285.38,145.69,164958.53000000026,323130.36000004003
"Crow Creek Sioux Tribe of the Crow Creek Reservation, South Dakota",0.10167045669396206,0.13077621115137394,3.077025083651864,1.227427604715564e6,0.16571537551179194,0.24391439539265328,3.2220093056641392,396722.3200806687,0.898329543306038,0.8692237888486261,0.8342846244882081,0.7560856046073468,0.7029427294726031,0.585823594505151,0.0009999999999999992,0.6168354567580413,0.6778893710971591,0.3027186178074835,0.28722905703184914,0.0009815805252562783,0.2699282845130425,0.14160428392115101,-5.835753503837451,-3.8428839761846554,3.9114217599934964,10.428182344003247,15.798461204492842,21.740644416339396,24.110836584128734,23.10751336542262,18.51155179914824,11.180378558481141,3.017071232513654,-5.297283629593627,9.735845014400518,2.7802933359531856,3.1610602029700905,1.900646484812093,1.9214654926846553,1.555812412116385,1.5086708122977888,1.1692740475955785,1.552379671548114,1.7489211389590373,1.6464241669369306,3.1597112824733413,3.650069157394017,2.1462273506703506,20.102073400240567,20.666399364317293,47.28745123658647,60.646308336820546,107.76589366476593,126.05930502756824,99.92202718302991,96.87879641416123,84.91180464698306,47.988477098875144,38.2914968933875,28.24306458605332,64.8969248209818,10.053614235897268,14.626857102421326,26.77230119645643,33.07177503437581,51.06866332262029,53.773572467386195,43.881998902906375,45.611667122061114,51.62837392142391,23.453928370351104,24.73275990685305,23.887283706391415,33.54689960573472,-6.566666666666667,-2.4148148149999997,2.285185185,9.555555555333333,14.381481483333333,20.36296296333333,23.95925926,22.570370369999996,17.28148148,10.859259256666665,1.2851851853333331,-5.307407407333333,9.020987653999999,3.3076588689999995,4.948760395666667,2.0054453199999998,2.5729091469999994,2.112042521,1.8636933439999999,1.546672117333333,1.7377205296666667,2.172806468333333,2.1679526549999997,4.673668561666666,6.253856305333333,2.9469321863333335,11.277777780666666,9.674074073666667,29.01851851666666,52.144444443333335,101.8,89.82222222,62.85925925999999,60.28888888666667,46.00000000333333,41.492592593333335,21.15555555333333,12.785185183333331,44.85987654333333,7.359926999999999,5.945773999999999,19.099993723333334,32.433189213333335,62.82647677666666,52.08546109333333,32.61673233,25.142487589999998,32.98299786,33.57728779,21.35205832333333,6.140285981999999,27.630222643333333,2718.77,1387.9400000000007,164958.53000000026,323130.36000004003
"Manchester Band of Pomo Indians of the Manchester Rancheria, California",0.11154951348437202,0.15439473388471717,3.77492730360767,1.935174468799464e7,0.135,0.19400000000000003,3.53,7.022e6,0.888450486515628,0.8456052661152829,0.865,0.8059999999999999,0.3274946068067692,0.3274946068067692,0.08536119100345832,0.1543326590378175,0.2007905017461698,0.5617350952767542,0.5617029079487761,0.004385178101309611,0.3824637808217352,0.41115917521548867,8.611433172115945,9.756199677855072,10.7979066,13.519484702028986,15.269565213478263,20.865539453913048,24.105314008550728,23.129951693043477,21.35201288362319,17.09726248014493,10.859742352463769,7.391948469985508,15.22969672362319,1.952361050130435,2.009631333014493,2.8506474705942035,2.311422620072464,2.606309084536232,3.8195663136666664,4.411256441927536,2.9710585507101452,4.895836080159421,3.553637763550725,2.7310184906521746,2.817917868666667,3.077555255739131,183.89178742173914,91.44589371869566,120.16650564492755,49.29565217333334,25.784702094492754,10.275845409478263,9.617391305913044,9.677777778,21.76231883695652,38.441062800724644,64.59388083565217,126.06521740289857,62.58483628666667,170.34943568695655,82.70885074898551,117.5483906173913,48.17762035492754,25.402678841594206,19.287255895492756,16.981582593971012,22.36899516,24.738143421594206,46.776288998115945,58.1941638826087,93.83489272840579,60.53069158000001,8.711111111,9.544444444,10.02222222,11.66666667,13.82222222,16.38888889,17.98888889,18.1,17.1,14.211111110000001,9.5,8.244444444,12.941666670000002,1.44087165,2.395365896,1.21426704,0.543139025,1.146492235,1.303307758,1.8764623929999997,3.091116303,1.5612495,1.128543801,1.6552945359999998,2.031077984,1.6155990100000002,236.59999999999997,163.2333333,145.7,77.26666667,59.36666667000001,13.466666670000002,12.04444444,10.12222222,7.588888889000001,55.36666667,83.72222222,221.9222222,90.53333333,178.2517181,105.59235289999998,109.12205319999998,56.88055467,45.39887113,15.74444346,23.79638161,21.70511332,10.36755087,56.23088564,57.671565300000005,165.2347556,70.49968715,332.84000000000003,169.91,164958.53000000026,323130.36000004003
"Hoopa Valley Tribe, California",0.141,0.196,3.32,1.0777e7,0.141,0.196,3.3200000000000003,1.0777e7,0.859,0.804,0.859,0.804,0.475721860580277,0.475721860580277,0.001,0.18215586382412077,0.25487700348337644,0.2653125706872784,0.2609301131835473,0.022041917885106364,0.09263873442663445,0.1802544020612384,7.166666667,10.422222219999998,10.985203253512195,14.42222222,16.08888889,22.764552842536585,23.300000000000004,21.844444439999997,20.559403794780486,17.18888889,9.199783198165854,7.055555556,15.083152663560975,2.2416511769999996,2.2736412299999995,1.0159858446829269,1.950498512,3.2355233129999994,1.8758912354585364,3.830796261999999,2.71712675,3.079599707907317,2.7542895839999995,2.8769998348634145,2.089324718,2.495110680995122,166.44222224439022,132.5465040502439,118.64596205219513,60.29804877678049,26.044444439999996,9.588888888999998,2.8000000000000003,0.933333333,5.588184281619512,34.67777777999999,58.18888889,142.2585365926829,63.16773261078048,120.4186891590244,130.8477534912195,53.37929746278048,58.97443254814634,20.18031907,13.702777499999998,7.408103670999999,1.62711401,5.433152304931707,45.599856849999995,45.570123009999996,122.25075696585364,52.116031339853656,6.7055555555,6.3277777775,7.3944444444999995,8.577777778000002,11.08333333,15.305555555000002,16.527777775,16.23888889,14.749999999999998,11.10555556,7.1777777775,6.15,10.612037039999999,1.705705461,3.6968563125000005,1.2537193755,1.924741778,1.5084786675,3.492881373500001,1.2591574125,0.8481822865,1.4962176499999997,1.844528777,1.3634213899999998,1.6344519845000003,1.8356952060000002,243.22777775,154.86111115000003,167.58333335,103.00555555,72.66666666500001,33.472222220000006,10.483333335000001,11.1555555565,15.961111114999998,76.294444445,138.36111110000002,298.40555555000003,110.45648150000001,119.79866914999998,80.7425943,77.5218859,72.38454866000001,49.151256675,26.473699684999996,12.16155968,12.9525593545,10.897566854999999,42.55641173,70.97148410500002,188.28619905,63.65820293,495.03999999999996,252.72000000000003,164958.53000000026,323130.36000004003
"Kashia Band of Pomo Indians of the Stewarts Point Rancheria, California",0.11154951348437202,0.15439473388471717,3.77492730360767,1.935174468799464e7,0.09,0.118,4.0,3.0682e7,0.888450486515628,0.8456052661152829,0.91,0.882,0.3274946068067692,0.3274946068067692,0.08536119100345832,0.1543326590378175,0.2007905017461698,0.6978316968964758,0.6978316968964758,0.001,0.25589567982858746,0.3110899084069139,8.611433172115945,9.756199677855072,10.7979066,13.519484702028986,15.269565213478263,20.865539453913048,24.105314008550728,23.129951693043477,21.35201288362319,17.09726248014493,10.859742352463769,7.391948469985508,15.22969672362319,1.952361050130435,2.009631333014493,2.8506474705942035,2.311422620072464,2.606309084536232,3.8195663136666664,4.411256441927536,2.9710585507101452,4.895836080159421,3.553637763550725,2.7310184906521746,2.817917868666667,3.077555255739131,183.89178742173914,91.44589371869566,120.16650564492755,49.29565217333334,25.784702094492754,10.275845409478263,9.617391305913044,9.677777778,21.76231883695652,38.441062800724644,64.59388083565217,126.06521740289857,62.58483628666667,170.34943568695655,82.70885074898551,117.5483906173913,48.17762035492754,25.402678841594206,19.287255895492756,16.981582593971012,22.36899516,24.738143421594206,46.776288998115945,58.1941638826087,93.83489272840579,60.53069158000001,9.033333333,8.633333333,11.18888889,12.36666667,15.5,19.2,21.52222222,20.64444444,20.01111111,14.88888889,10.55555556,8.555555556,14.341666670000002,0.988685997,6.982120022,1.6366463,2.329699551,2.029778313,1.7392527129999997,1.859286004,2.094702312,2.091318032,4.6033804,1.029697906,1.479113849,2.405306783,256.0333333,162.6555556,137.1333333,66.02222222,46.54444444,10.52222222,9.977777778,8.422222222,6.566666667,41.9,73.5,224.17777780000003,86.95462963,204.6327076,113.3368553,111.6280207,48.97626409,34.03531663,13.04509273,14.69623913,15.48303731,10.32206375,44.66906088,56.42650087,174.8872121,70.17819759,332.84000000000003,169.91,164958.53000000026,323130.36000004003
"Forest County Potawatomi Community, Wisconsin",0.1303102143476319,0.15204782917672044,2.8117492344727437,3.640191048819252e6,0.11961210481409663,0.2124109741534982,2.91134563620483,542266.0052449981,0.8696897856523681,0.8479521708232796,0.8803878951859033,0.7875890258465018,0.5401130171601225,0.4617345334180174,0.0010000000000000002,0.4781448912565308,0.5192985465328647,0.42304623324351415,0.40664666941360283,0.0009999999999999992,0.23357758096922562,0.3800370771844414,-5.666339869029413,-7.194771241970588,-0.7187908496323531,5.7715686273235285,12.180228758970587,16.99183006735294,19.839869283382352,19.34379084897059,14.623366010735293,8.386764705911764,2.5740196079999995,-4.978594771294118,6.762745098485294,3.016395107323529,2.9303134655000003,2.645494549735294,1.8219800803676467,1.3759893558382352,2.0644106963088236,1.3946616980735291,1.3035771076911764,1.6002763349558824,1.8099903196911762,2.143741428485294,3.5068678892205885,2.1344748362058823,49.607679740147056,37.64101307073529,38.930228756470584,69.78611111088235,74.78872549014704,92.84264705852941,79.01503268014704,72.46405228955882,88.30147057941177,63.72401960941175,78.29901960794118,55.52042483367647,66.74336873470588,18.93011897029412,26.841194666470585,21.560214085,25.620728653823527,25.997755939705883,48.907582561764706,23.14883283323529,25.27718000632353,25.48197755955882,24.132206737499995,34.70915754382353,20.993891066029413,26.800070050147056,-9.155555555,-9.061111111,-2.24166666675,5.313888889,12.1527777775,16.919444445000003,19.544444442499998,18.841666664999998,13.391666667500001,7.11111111125,-0.15000000000000002,-8.188888889,5.373148148,2.84075310825,2.948762864500001,2.54412490075,2.1121535355,1.6667907112499998,1.9111733314999997,1.5074899572499998,1.4329059025000002,2.19138964825,1.7898948887500001,3.3140592234999997,4.9272680090000005,2.4322305067499994,28.469444445000004,20.555555554999998,37.788888892500005,55.099999999999994,77.05833333500001,112.411111125,100.21666667749999,110.855555575,120.33888887499998,75.275,60.416666665,50.11944444499999,70.7171296325,21.563096260000002,14.753351956000001,19.45199719,22.7847429475,30.281425592500003,44.9792005475,42.32939140249999,41.75196205500001,45.766332184999996,37.4612077825,37.19859757,36.347233700000004,32.88904493249999,285.38,145.69,164958.53000000026,323130.36000004003
"Sokaogon Chippewa Community, Wisconsin",0.14161150229098252,0.19723773945453313,2.9265633973487373,1.4369511212678452e6,0.12,0.213,2.91,531000.0,0.8583884977090175,0.8027622605454668,0.88,0.787,0.3927107878600258,0.36479621065548046,0.0010000000000000122,0.2545496543021596,0.36872729824433115,0.4513938957380169,0.4228495501203706,0.0009999999999999998,0.2710637216160781,0.3339795733378038,-7.288750144244015,-7.545681785064573,-0.6345827792333826,6.104711541698432,12.46754290002217,17.384142707659063,20.168601454756057,19.556093959129875,14.646750397089003,8.109471876765017,1.691010283851705,-6.123280405388793,6.54466916727704,2.4856904970304656,2.8465311651928786,2.5055170345401683,1.8343299239268425,1.381523475896437,1.9862698676640336,1.3507816730495337,1.4044489332133565,1.6430625810980861,1.709352539310573,2.378358365693701,3.6992062498487353,2.1020893589934366,42.462611042766326,30.1322108988763,39.67301371826592,63.035375020632856,77.87027905335901,101.1376684939387,83.70860495302254,97.16276151812829,100.6576190304778,70.37187005320999,71.59482268678296,49.74766201488178,68.96287487390303,16.99242954063864,18.144595602550357,23.22138994136941,23.445994416219914,28.057621201732882,45.975482837346995,28.343146040178993,32.96854699677677,37.782514446370406,28.50335243245641,32.905738694416854,20.553001514612095,28.074484472602553,-10.5472222225,-9.3166666655,-1.5083333332500002,5.2055555555,11.594444445,17.175000002500003,19.355555555,18.627777777499997,13.619444445,6.375,-0.8305555557500001,-6.8416666665,5.242361111500001,1.789696662,3.213995825,3.871922763,2.1587269934999997,1.3638728980000001,2.74129563825,1.6599574025,1.9718180490000001,3.5846219809999997,2.069961616,3.8881334489999997,11.38863948275,3.30855356325,29.625,17.005555554999997,34.077777774999994,65.3694444425,79.22222222250001,112.38333335,112.975,133.11944445,112.6972222,71.83055555499999,56.1722222225,42.3916666675,72.23912037,32.228197605,11.631409757499998,19.7574174675,40.442780392500005,30.198826025000002,45.393459039999996,43.550655,71.12148568250001,60.83124342,38.45245705,43.5312098025,34.3873473675,39.29387404999999,125253.29000000002,63941.9600000001,164958.53000000026,323130.36000004003
Shakopee Mdewakanton Sioux Community of Minnesota,0.08242471086748945,0.13561122272074086,3.0368298312937725,2.4697177040914833e6,0.049,0.087,3.24,3.888e6,0.9175752891325105,0.8643887772792591,0.951,0.913,0.6597383381940102,0.5634931022705976,0.0009999999999999948,0.6179839542898928,0.5797921544646825,0.717306784900286,0.593178343387606,0.0009999999999999998,0.586161300575571,0.7085450008077256,-9.919830893124356,-8.433224474700506,0.4379002538953636,7.979837780751549,14.179120103722584,19.57781340385899,21.920571528444842,20.754827983609932,15.816853310786962,8.418218200467896,-0.0966534849071571,-9.295976581568672,6.778288094437801,2.7105143413777,2.756337800752139,2.2981150456890456,2.366154282601219,1.4647836798953964,1.7576913563852596,0.9308601006866626,1.4800246136680943,1.8002236445344646,2.018753839577571,3.2373767344328193,4.077785033645253,2.24155170612045,19.891425495710532,16.439624576226393,41.86350936679669,51.906713218351804,90.21738296141197,122.65778695610867,95.28438847177524,102.36632267740978,88.80187949310054,53.969201689506896,42.123030547711565,27.008858327879402,62.71084364905666,11.565013799353515,8.986262896677939,25.561374874175378,24.650952365010404,34.04271772304164,42.59943412625052,33.040152511914435,41.53331544011391,48.74870318418,19.134403777697404,33.356600491858885,19.286801672477782,28.54214440462638,-8.955555556,-6.522222222,1.888888889,8.555555556,14.47777778,20.35555556,22.26666667,21.66666667,17.11111111,9.166666667,1.177777778,-6.622222222,7.880555557,2.549073906,3.111180555,2.862885103,3.133732244,2.438635775,2.342066988,1.225765067,1.78465683,1.606583677,2.8974126389999997,2.761239657,6.984407236,2.80813664,37.41111111,13.33333333,44.65555556,66.65555556,80.34444444,123.8333333,111.6111111,109.6333333,95.21111111,63.31111111,52.422222219999995,43.98888889,70.20092592,65.63340317,8.649566462999998,31.52503414,47.82538842,17.88009446,46.58229277,44.60385198,32.75297696,58.49505202,30.89621516,61.19778954,47.09648194,41.09484559,58252.85999999999,29738.150000000085,164958.53000000026,323130.36000004003
"Spirit Lake Tribe, North Dakota",0.050533938843422575,0.08809288525568285,3.1851964880408676,1.582255161965748e6,0.13897302415023968,0.24435226395797585,3.1779643009294856,466913.5038488432,0.9494660611565774,0.9119071147443172,0.8610269758497603,0.7556477360420242,0.4500656853545588,0.4169463127797766,0.001,0.3343796571335457,0.3483711402588807,0.40906575911393095,0.3706741718371754,0.0009997879668801324,0.3683904025703518,0.24344350511391885,-10.000000000333333,-8.140740740666667,0.3333333336666667,7.959259259333334,13.996296293333332,19.218518519999996,21.862962963333334,20.62222222333333,15.511111110000002,8.229629629666666,-0.2703703703333334,-9.051851851666665,6.689197530666667,3.040388944333334,2.993238145,2.7679919263333335,2.284039477,1.3658700576666667,1.9276352293333334,1.0923830336666667,1.5600586073333333,1.944942989,2.047277901666667,3.4753424660000003,4.369143547666667,2.405692693666667,16.674074076666667,14.396296296666666,40.57777777666666,43.84074074,84.46666667000001,113.35555556666667,86.34074074333334,96.57407407333334,83.32592593000001,55.677777776666666,38.28148148333334,24.24444444666667,58.146296299999996,10.051327751,8.565447817,23.3378548,21.066368413333333,30.646580736666667,43.33105966,35.525671210000006,41.04930115333333,52.078342926666664,26.932961116666664,30.506833776666667,18.361263896666667,28.454417769999996,-11.005555555,-7.761111110999999,-0.4916666665,6.327777777750001,13.9444444425,19.080555555000004,20.26111111,20.733333335,14.474999997500001,8.8277777775,-2.84166666675,-10.13888889,5.950925925499999,6.38400334725,7.3346823345,5.400375026,2.3215844760000004,3.72580492925,4.357898787000001,1.5491449215000002,4.346046164250001,3.2390202709999993,5.395209492749999,4.559245315999999,8.243921678249999,4.738078062000001,12.5,15.175000000000002,23.533333335,20.222222220000003,83.72222222250001,92.69166666500001,56.586111110000004,77.7222222225,49.066666665,39.316666665,28.305555555,13.67222222,42.70949074,7.733660249499999,9.5925864505,14.896225787499999,12.3300529925,44.660067274999996,59.12785606,34.1531980575,32.971007817499995,35.278865345,20.261639619999997,22.388445895,5.346240526500001,24.894987175,320.0,163.36,164958.53000000026,323130.36000004003
Pawnee Nation of Oklahoma,0.13580467638091187,0.21986149873223362,3.06231133806209,308829.53294603474,0.14618498391402254,0.22125169480744056,3.1419843362500144,8.110567148906778e6,0.8641953236190881,0.7801385012677664,0.8538150160859774,0.7787483051925594,0.6616390877202364,0.5241594042468825,0.03624830164503299,0.6615281535340968,0.41418903614823604,0.3509756475607116,0.29967939495812224,0.21647949002961017,0.2996911971043153,0.30502359659839334,-3.3142620233880593,-1.2072968488656717,4.680928690164178,10.172139301791045,15.086567165820897,21.803316750149254,24.521558871194028,23.644776121044778,18.831177443880595,11.263018246567164,3.501492536925373,-2.802155887507463,10.51510503225373,1.852917282164179,2.906544780552239,1.5844772903134328,1.5585427851641789,1.615359296477612,1.4293586642089553,1.1269993359402983,1.4212546662686567,1.792917640835821,1.496016078597015,3.302827524149254,2.9350903301791047,1.9185254731940298,14.89154228686567,12.836650080149253,47.96119402820896,48.388225537910444,111.0293532283582,89.25787727044775,80.92271973134329,70.7112769480597,47.567330014328356,36.34361526149254,24.642454391343286,14.254228852388058,49.90053896761194,9.429833544970148,9.386286261462686,24.507133647611937,27.579912975970153,51.32196431328359,52.59203823149254,34.89730595402985,36.28307757910448,35.1865664622388,20.603217277014924,22.21001076164179,21.285337579402984,28.773557049552238,3.2555555556666667,4.955555555666667,10.933333333333334,15.811111109999999,20.21111111,25.829629629999996,28.277777776666664,28.30370370333333,23.999999999999996,16.825925926666667,10.248148150666667,3.574074074,16.01882716,2.167480880333333,2.724503491666666,1.3075229226666667,1.2983824066666667,1.0323844679999998,1.6181831973333332,1.473044822,1.6571298746666665,1.5030631786666666,1.2305785623333332,2.084679250666667,2.910918936333333,1.750655999333333,50.80740740999999,56.411111113333334,101.90000001,104.62222221333333,163.87407409999994,160.74814813333333,108.59259259999999,81.70000000333333,93.88888888333332,78.83703703666667,60.44074074,50.074074073333335,92.65802469333332,29.986394790000002,43.82995788666666,50.35319568333333,46.50902601333333,86.67694622333333,80.35836953666666,65.94426095,55.90027846333333,50.77729341333333,55.81000703333333,53.49869219666667,47.462556479999996,55.59224822333333,320.0,163.36,164958.53000000026,323130.36000004003
"Grand Traverse Band of Ottawa and Chippewa Indians, Michigan",0.14161150229098252,0.19723773945453313,2.9265633973487373,1.4369511212678452e6,0.091,0.095,6.96,2.32e6,0.8583884977090175,0.8027622605454668,0.909,0.905,0.3927107878600258,0.36479621065548046,0.0010000000000000122,0.2545496543021596,0.36872729824433115,0.25789386336067727,0.24160597605904527,0.001,0.16259324614054718,0.25268525697318245,-7.288750144244015,-7.545681785064573,-0.6345827792333826,6.104711541698432,12.46754290002217,17.384142707659063,20.168601454756057,19.556093959129875,14.646750397089003,8.109471876765017,1.691010283851705,-6.123280405388793,6.54466916727704,2.4856904970304656,2.8465311651928786,2.5055170345401683,1.8343299239268425,1.381523475896437,1.9862698676640336,1.3507816730495337,1.4044489332133565,1.6430625810980861,1.709352539310573,2.378358365693701,3.6992062498487353,2.1020893589934366,42.462611042766326,30.1322108988763,39.67301371826592,63.035375020632856,77.87027905335901,101.1376684939387,83.70860495302254,97.16276151812829,100.6576190304778,70.37187005320999,71.59482268678296,49.74766201488178,68.96287487390303,16.99242954063864,18.144595602550357,23.22138994136941,23.445994416219914,28.057621201732882,45.975482837346995,28.343146040178993,32.96854699677677,37.782514446370406,28.50335243245641,32.905738694416854,20.553001514612095,28.074484472602553,-6.96667,-7.51111,-0.65556,4.36667,12.23333,17.22222,19.9,19.63333,14.86667,8.57778,2.21111,-5.28889,6.54907,2.74388,2.57226,2.19905,4.1644,1.22656,2.05252,1.37921,1.32162,1.83666,1.52153,2.39372,4.01122,2.28522,50.73333,33.53333,38.51111,58.06667,71.47778,94.66667,85.84444,78.31111,96.12222,69.77778,80.42222,63.7,68.43056,12.52136,17.89792,17.81588,22.62339,18.97968,54.60191,16.71055,16.507,24.53686,26.511,34.27979,21.29136,23.68972,125253.29000000002,63941.9600000001,164958.53000000026,323130.36000004003
"Sault Ste. Marie Tribe of Chippewa Indians, Michigan",0.14161150229098252,0.19723773945453313,2.9265633973487373,1.4369511212678452e6,0.162,0.208,2.99,3.1e6,0.8583884977090175,0.8027622605454668,0.838,0.792,0.3927107878600258,0.36479621065548046,0.0010000000000000122,0.2545496543021596,0.36872729824433115,0.3759572959231426,0.3710199072982709,0.001,0.23574053768295786,0.3020265993972115,-7.288750144244015,-7.545681785064573,-0.6345827792333826,6.104711541698432,12.46754290002217,17.384142707659063,20.168601454756057,19.556093959129875,14.646750397089003,8.109471876765017,1.691010283851705,-6.123280405388793,6.54466916727704,2.4856904970304656,2.8465311651928786,2.5055170345401683,1.8343299239268425,1.381523475896437,1.9862698676640336,1.3507816730495337,1.4044489332133565,1.6430625810980861,1.709352539310573,2.378358365693701,3.6992062498487353,2.1020893589934366,42.462611042766326,30.1322108988763,39.67301371826592,63.035375020632856,77.87027905335901,101.1376684939387,83.70860495302254,97.16276151812829,100.6576190304778,70.37187005320999,71.59482268678296,49.74766201488178,68.96287487390303,16.99242954063864,18.144595602550357,23.22138994136941,23.445994416219914,28.057621201732882,45.975482837346995,28.343146040178993,32.96854699677677,37.782514446370406,28.50335243245641,32.905738694416854,20.553001514612095,28.074484472602553,-8.12222,-9.08889,-2.2,4.53333,10.85556,15.26667,18.66667,18.65556,13.88889,7.44444,1.65556,-6.24444,5.44259,2.59648,3.08561,2.62213,1.84992,1.3175,1.83787,1.48099,0.91179,1.88116,1.73789,2.27015,3.57153,2.09692,63.37778,36.57778,39.41111,62.01111,61.14444,98.53333,64.15556,77.66667,108.62222,83.32222,76.85556,68.22222,69.99167,20.87618,19.03423,21.91572,32.93423,24.43523,48.17309,25.21213,27.50531,41.92872,35.90527,22.54896,31.56559,29.33622,125253.29000000002,63941.9600000001,164958.53000000026,323130.36000004003
