Tribe,Food_Insecurity_Rate_2018_H,Child_Food_Insecurity_Rate_2018_H,Cost_Per_Meal_2018_H,Weighted_Annual_Food_Budget_Shortfall_2018_H,Food_Insecurity_Rate_2018_P,Child_Food_Insecurity_Rate_2018_P,Cost_Per_Meal_2018_P,Weighted_Annual_Food_Budget_Shortfall_2018_P,Food_Security_Rate_2018_H,Child_Food_Security_Rate_2018_H,Food_Security_Rate_2018_P,Child_Food_Security_Rate_2018_P,nccpi3all_H,nccpi3sg_H,nccpi3cot_H,nccpi3soy_H,nccpi3corn_H,nccpi3all_P,nccpi3sg_P,nccpi3cot_P,nccpi3soy_P,nccpi3corn_P,temp_mean_1_H,temp_mean_2_H,temp_mean_3_H,temp_mean_4_H,temp_mean_5_H,temp_mean_6_H,temp_mean_7_H,temp_mean_8_H,temp_mean_9_H,temp_mean_10_H,temp_mean_11_H,temp_mean_12_H,temp_mean_ann_H,temp_std_1_H,temp_std_2_H,temp_std_3_H,temp_std_4_H,temp_std_5_H,temp_std_6_H,temp_std_7_H,temp_std_8_H,temp_std_9_H,temp_std_10_H,temp_std_11_H,temp_std_12_H,temp_std_ann_H,precip_mean_1_H,precip_mean_2_H,precip_mean_3_H,precip_mean_4_H,precip_mean_5_H,precip_mean_6_H,precip_mean_7_H,precip_mean_8_H,precip_mean_9_H,precip_mean_10_H,precip_mean_11_H,precip_mean_12_H,precip_mean_ann_H,precip_std_1_H,precip_std_2_H,precip_std_3_H,precip_std_4_H,precip_std_5_H,precip_std_6_H,precip_std_7_H,precip_std_8_H,precip_std_9_H,precip_std_10_H,precip_std_11_H,precip_std_12_H,precip_std_ann_H,temp_mean_1_P,temp_mean_2_P,temp_mean_3_P,temp_mean_4_P,temp_mean_5_P,temp_mean_6_P,temp_mean_7_P,temp_mean_8_P,temp_mean_9_P,temp_mean_10_P,temp_mean_11_P,temp_mean_12_P,temp_mean_ann_P,temp_std_1_P,temp_std_2_P,temp_std_3_P,temp_std_4_P,temp_std_5_P,temp_std_6_P,temp_std_7_P,temp_std_8_P,temp_std_9_P,temp_std_10_P,temp_std_11_P,temp_std_12_P,temp_std_ann_P,precip_mean_1_P,precip_mean_2_P,precip_mean_3_P,precip_mean_4_P,precip_mean_5_P,precip_mean_6_P,precip_mean_7_P,precip_mean_8_P,precip_mean_9_P,precip_mean_10_P,precip_mean_11_P,precip_mean_12_P,precip_mean_ann_P,precip_std_1_P,precip_std_2_P,precip_std_3_P,precip_std_4_P,precip_std_5_P,precip_std_6_P,precip_std_7_P,precip_std_8_P,precip_std_9_P,precip_std_10_P,precip_std_11_P,precip_std_12_P,precip_std_ann_P,Acres,Endow_Raised_Parcel,Total_Endow,Total_Acres
Chicken Ranch Rancheria of Me-Wuk Indians of California,0.11477474331451319,0.1684971468085905,3.6764369041701297,3.774486853723625e7,0.128,0.187,4.06,4.759e6,0.8852252566854868,0.8315028531914095,0.872,0.813,0.2986682994069036,0.29744827269083346,0.14289952487198143,0.17690789288747116,0.12281080038113885,0.2568077926642313,0.2568077926642313,0.06874782953009664,0.134914952741341,0.1594615752843868,8.272901785028342,10.43286155801557,11.264361032767056,13.959729062401154,16.560564651253816,20.46079684086382,23.084356004469587,22.525041040125085,20.2622964638706,16.94632119164114,10.553640356516697,7.843512726125111,15.180531892756548,2.082156277053639,2.1550231400756,2.381336908872885,2.12269837314681,2.2754216449640614,2.7467318591871392,2.6170731025376,2.4227374608635692,2.2748577321498704,2.509629128787168,2.712102968014772,2.5257066530798586,2.402122937441767,127.56754957590701,88.06700533777712,76.34285312834018,45.931931318723535,25.92842628347661,7.325706553010245,3.1234349350061206,2.55636452371995,5.087952733822043,24.972234792785823,41.42602747741912,111.13718148291744,46.62222234531078,105.98395166579915,69.63423788193396,64.87827376426061,32.05170526854517,21.948850444344046,8.219975035422328,6.118639605698517,4.208828503996137,6.5394936150934395,29.00767961652069,43.558357995687444,98.97628621741106,40.927189967926225,4.177777778,8.288888889,7.355555556,11.63333333,15.2,19.6,24.21111111,22.96666667,18.15555556,15.24444444,7.155555556,4.588888889,13.21481481,4.248757988,2.190573238,5.430034786,4.92138192,4.55329551,4.7138095,5.032257059,4.097865298,5.343245996,2.533333333,5.556102751,4.606637723,4.435607925,166.4666667,106.6,102.9555556,61.51111111,39.21111111,8.322222222,9.833333333,9.177777778,6.877777778,34.37777778,51.77777778,99.72222222,58.06944445,130.7217943,90.23666106,84.01105747,41.2438615,23.23114528,7.971790542,22.60945599,23.98983002,7.897432776,40.529211,55.91490807,93.40588549,51.81358612,14056.00999999,13566.470000000012,173998.85999999996,180276.57999994006
"Morongo Band of Mission Indians, California",0.114,0.152,3.46,6.72171e8,0.1,0.146,3.15,1.26963e8,0.886,0.848,0.9,0.854,0.2108483033024095,0.2108483033024095,0.08706001105523094,0.1591190166557745,0.06771170972170304,0.21381640763785453,0.21381640763785453,0.03561679659212874,0.06542398667425059,0.06108523246624451,10.23888888975,10.919444447499998,11.186111109999999,13.14722222,14.4388888875,17.972222220000003,19.072222224999997,20.461111109999997,18.0472222225,16.511111112499997,11.624999997500002,10.213888888000001,14.48611111,2.2392127605,2.189698166,3.12902121975,2.3053553860000005,2.39985538375,2.6229482109999998,2.15022364375,3.034924233,2.1461079365,2.2298594475,1.8548596637499999,2.0991802782499995,2.3667705277500004,123.91944445,118.44166664999999,84.31388889,35.92777778,17.5000000025,5.227777777500001,2.75277777775,1.2222222222499999,2.0805555555,14.216666667499998,24.797222225000002,59.46388889,40.82199074,112.775797225,112.959620925,75.95201064999999,25.9180293425,13.3435850375,8.1345944175,4.028398237,2.0002994149999997,2.89720106525,13.953679555,36.14912349,89.38245928250001,41.457899885,6.3944444439999995,6.4444444445,7.288888889000001,10.0888888905,13.105555555,17.294444445,21.672222225,21.333333335,17.88333333,14.405555555,8.7666666665,6.594444444500001,12.606018515,1.2815093290000001,1.2667449815,1.8150614505,1.899541301,2.3843083065,1.6335268455,2.1367565304999996,2.6734370435,1.3546047855,2.38982291,1.8147102625,1.4045884855,1.8378843525,152.90555559999999,123.8277778,75.183333335,39.722222224999996,16.98888889,3.3722222224999996,21.07777778,8.455555555499998,9.105555557,21.916666669999998,33.055555555,38.944444445,45.379629635,149.79689230000002,140.57970685,74.87986280499999,25.924536225,14.217892769999999,4.1398926255,31.678735219999997,11.7264938155,11.845667179999998,29.448482025,62.278660275,70.41149692,52.24402658,160.0,154.43,173998.85999999996,180276.57999994006
"Dry Creek Rancheria Band of Pomo Indians, California",0.11586236466054425,0.16082815705425121,3.7144753116620524,1.7806687729233507e7,0.09,0.118,4.0,3.0681999999999996e7,0.8841376353394558,0.8391718429457488,0.91,0.882,0.3139243775982025,0.3082102091265928,0.16885572269732343,0.12563368466767635,0.19848242595681215,0.1753533463299719,0.17271252871728737,0.0875691808561863,0.044849947050144286,0.11928395921103614,8.222887633422596,10.281173886037283,11.161249215442934,13.454256120050847,16.230677965237284,20.258405523440665,21.94217828003389,22.6031073445819,19.826798493807907,16.980395479870047,10.746660388909602,7.9196359070265485,14.96895218621468,1.9878769915401113,2.0540290437553654,2.115249066633332,2.6265926600395466,1.7923299657062142,2.944610878572879,3.5304199984175124,2.7048266130079073,3.2247008091615816,2.158893319527118,2.0342240867542367,2.121970764719208,2.441310349777965,154.40644067510155,113.51922787786438,100.19762084158192,49.67125549267795,33.6441619588305,9.604996861888695,2.2247583175344627,1.9490207156327675,6.747212806031071,32.6204896428079,52.799359698661,127.10343377310728,57.040664889022565,113.08144889725425,99.059393500644,87.29864507806211,40.813423814926516,27.67767199545762,14.036372871555363,4.394463339796042,4.322216026240676,7.954780433297736,34.47877981463276,48.858499678237244,114.1169508555988,49.67438719195478,8.433333333,9.111111111,10.9,12.57777778,15.000000000000002,19.5,20.78888889,20.48888889,19.28888889,15.8,10.68888889,7.977777778000001,14.21296296,1.321930407,3.535337482,1.218605761,2.121189394,1.691153453,1.65,1.090234429,0.957136934,1.254436571,2.359025222,1.353185542,1.552238527,1.67537281,237.5777778,151.0666667,137.5666667,59.18888889000001,36.81111111,12.91111111,5.0,6.622222222,8.044444444,38.16666667,57.27777778,181.8444444,77.67314815,201.9105729,116.7436187,126.192264,41.8132588,27.11357798,14.34611833,9.686072475,15.81990659,10.78947532,41.13505196,42.94091225,129.8782229,64.86408768,4069.36,3927.6299999999997,173998.85999999996,180276.57999994006
Redwood Valley or Little River Band of Pomo Indians of the Redwood Valley Rancheria California,0.11586236466054425,0.16082815705425121,3.7144753116620524,1.7806687729233507e7,0.135,0.194,3.53,7.022e6,0.8841376353394558,0.8391718429457488,0.865,0.806,0.3139243775982025,0.3082102091265928,0.16885572269732343,0.12563368466767635,0.19848242595681215,0.4403854479056433,0.44036600254410907,0.21458995852631582,0.23586463244851372,0.2927970301346382,8.222887633422596,10.281173886037283,11.161249215442934,13.454256120050847,16.230677965237284,20.258405523440665,21.94217828003389,22.6031073445819,19.826798493807907,16.980395479870047,10.746660388909602,7.9196359070265485,14.96895218621468,1.9878769915401113,2.0540290437553654,2.115249066633332,2.6265926600395466,1.7923299657062142,2.944610878572879,3.5304199984175124,2.7048266130079073,3.2247008091615816,2.158893319527118,2.0342240867542367,2.121970764719208,2.441310349777965,154.40644067510155,113.51922787786438,100.19762084158192,49.67125549267795,33.6441619588305,9.604996861888695,2.2247583175344627,1.9490207156327675,6.747212806031071,32.6204896428079,52.799359698661,127.10343377310728,57.040664889022565,113.08144889725425,99.059393500644,87.29864507806211,40.813423814926516,27.67767199545762,14.036372871555363,4.394463339796042,4.322216026240676,7.954780433297736,34.47877981463276,48.858499678237244,114.1169508555988,49.67438719195478,7.933333333,8.677777778,9.655555556,11.64444444,14.5,18.34444444,20.544444440000003,20.57777778,18.58888889,14.78888889,9.6,7.633333333,13.540740740000002,1.393735986,3.097490023,2.13548069,1.387543793,1.70513929,2.78438104,0.719567771,2.6413906270000003,1.90292173,1.923177348,1.523975065,1.68597153,1.908397908,215.8,143.5555556,138.7444444,64.95555556,49.66666667,19.38888889,9.411111111,5.366666667,12.37777778,48.14444444,70.59999999999998,211.6444444,82.47129629,174.60551970000003,111.0239514,140.4865306,45.4295364,37.89930738,20.93504505,18.884282120000005,9.853933225,17.36381135,44.75301976,57.33319283,185.5163814,72.0070426,4069.36,3927.6299999999997,173998.85999999996,180276.57999994006
"Soboba Band of Luiseno Indians, California",0.114,0.152,3.46,6.72171e8,0.1,0.146,3.15,1.2696299999999999e8,0.886,0.848,0.9,0.854,0.2108483033024095,0.2108483033024095,0.08706001105523094,0.1591190166557745,0.06771170972170304,0.2301737465323704,0.20476498913406158,0.17300630271392772,0.13785809877739427,0.0634504086991562,10.23888888975,10.919444447499998,11.186111109999999,13.14722222,14.4388888875,17.972222220000003,19.072222224999997,20.461111109999997,18.0472222225,16.511111112499997,11.624999997500002,10.213888888000001,14.48611111,2.2392127605,2.189698166,3.12902121975,2.3053553860000005,2.39985538375,2.6229482109999998,2.15022364375,3.034924233,2.1461079365,2.2298594475,1.8548596637499999,2.0991802782499995,2.3667705277500004,123.91944445,118.44166664999999,84.31388889,35.92777778,17.5000000025,5.227777777500001,2.75277777775,1.2222222222499999,2.0805555555,14.216666667499998,24.797222225000002,59.46388889,40.82199074,112.775797225,112.959620925,75.95201064999999,25.9180293425,13.3435850375,8.1345944175,4.028398237,2.0002994149999997,2.89720106525,13.953679555,36.14912349,89.38245928250001,41.457899885,6.255555556000001,6.011111111,7.822222222000001,9.611111111,12.56666667,17.82222222,22.55555556,20.75555556,18.48888889,13.633333329999997,8.955555556,6.344444444,12.568518519999998,2.013151206,4.925049351,1.6192419349999998,3.1986108100000004,3.1957002360000004,2.255425557,1.785434899,3.35227949,1.941291094,3.715508041,2.566179607,2.87319992,2.786756012,139.4555556,106.4666667,72.33333333,40.76666667,16.23333333,3.822222222,22.84444444,12.97777778,6.0,20.35555556,28.54444444,36.0,42.15000001,138.2598289,125.78024490000001,59.69872277,21.46066169,15.464879570000003,4.820989986,32.87567912,21.12213163,8.959492173,26.50094862,56.97745412,66.07894899,48.16666521,160.0,154.43,173998.85999999996,180276.57999994006
"Minnesota Chippewa Tribe, Minnesota (Leech Lake Band)",0.1012152336734468,0.17063464131974188,3.1873935052612117,5.184752829727975e6,0.11101924624786695,0.2023349899336315,3.0734660545446473,2.0462971160739497e6,0.8987847663265532,0.8293653586802581,0.888980753752133,0.7976650100663685,0.3758724444506068,0.3479552804329659,0.001000000000000004,0.24257449974045114,0.32867818579543695,0.4418278154583395,0.41870544742507376,0.000999982210788848,0.3116068499694932,0.36699695299526924,-10.75790793788317,-9.537095790161079,-1.14179716632886,5.67791166704531,11.773705171207473,16.647315436038756,19.92163751675566,18.95501491314067,13.8124330555293,7.169891871777617,-0.8152887940413374,-9.639138024887593,5.172223493200587,2.2392670581694643,2.786859957783256,2.7941403781760252,2.0521920378569276,1.3205262170485081,1.8454054691661117,1.092874593295609,1.3517016073657748,1.9316166933499102,1.9160555875626948,2.9815266277751693,3.8315414306267552,2.1786423047547294,25.676118567034795,15.955335231159264,36.85500643837864,43.28596705374474,82.0646803603844,100.30888075834054,92.93410616575827,107.98532979353294,101.41912922019547,75.75845027543178,52.895801980954936,32.24537488953938,63.948681728188,15.979338867457326,6.980956557005041,19.90957997178618,23.94013559124469,40.31722290181058,38.53646416605254,38.69773010763125,41.58170432736123,47.72170402713706,29.62739347534021,30.393268198316097,18.326698178952128,29.334349697045496,-12.030158728571427,-9.344444443571426,-0.3507936508571428,6.1460317459999985,12.887301587142854,18.255555555714285,20.371428571428567,19.66507936571428,15.055555555714283,6.985714285714283,-0.9142857142857139,-10.347619047714284,5.531613756999999,2.6246656589999993,3.956737953999999,4.678823400285713,2.3482650485714283,1.398682727142857,2.7852073924285707,0.8661011159999997,2.0922188051428563,3.5560599309999996,1.9463187685714285,5.040366559142856,5.850744431142856,3.0953493161428565,24.807936507142855,15.374603174285712,32.50634920571428,38.530158731428564,76.28095238142855,103.09682537142855,107.71111112285713,94.17142856999996,75.67301587285712,64.60476190428571,52.41269841142856,26.84761904714285,59.33478835857142,19.104469444285712,5.492642019999998,15.16250371428571,29.341785517142853,49.23969661999999,34.28940501571428,65.11939853714286,44.005712215714276,34.122292229999985,27.620300549999996,34.64889197714285,16.59434525714285,31.22845359142856,13926.08,13441.12,173998.85999999996,180276.57999994006
Flandreau Santee Sioux Tribe of South Dakota,0.07639489828137185,0.1197097232462106,3.021553823842804,932474.7521265718,0.107,0.17,3.11,369000.0,0.9236051017186282,0.8802902767537895,0.893,0.83,0.7422724441067655,0.6594778971955698,0.0009999999999999998,0.7296652610655265,0.71791102121207,0.6215867611308554,0.5385886535724088,0.001070406582138625,0.5927764869812757,0.5892292125376664,-7.623609427598784,-5.644855218741816,2.4282222222133334,9.149865319966668,14.908915825709096,20.949488215509092,22.942962961024225,21.8132525271394,17.248087543303033,9.64591245811636,0.996707070641818,-7.268821549033937,8.295510662378183,2.8515344149690907,2.9771062907490893,1.976763552581212,2.0752624471842416,1.5022238606133327,1.6363241388327279,0.9905309209496971,1.3977785358000003,1.8797426381757572,1.6203720973460611,3.713888915655758,4.071180899363029,2.224392392787273,14.903939395533328,12.185218853375757,42.901353534363615,65.21665993292723,102.35907070033333,116.38964309763637,94.0277373777272,102.31630977633337,87.28977104570302,44.3545656574303,32.098127946175765,22.883319864963646,61.410476432193924,9.428211976874543,10.750405901214542,24.804641068739386,38.93497907173939,33.197585220787886,58.50421849321818,56.53068389706667,46.265655579133345,54.4889155237394,18.191750440103025,28.059273771793936,18.016803413896966,33.097760362690906,-7.6,-6.1,1.377777778,9.3,14.74444444,20.26666667,23.56666667,21.7,16.02222222,9.7,0.955555556,-8.155555556,7.981481482,4.288647806,3.474550331,2.826118264,2.636759375,1.682342943,1.78605711,2.294558781,1.523154621,2.019144483,2.092247595,4.796642344,4.448907481,2.822427595,12.28888889,37.55555556,46.73333333,58.21111111,98.76666667,130.4222222,89.76666667,97.28888889,96.56666667,56.14444444,36.15555556,38.55555556,66.53796296,9.932326571,82.3413795,45.06656188,30.930908669999997,41.1949026,63.74536802,36.47821268,41.42050955,67.67680548,48.38830208,31.08758237,52.37766965,45.88671075,3535.29,3412.1799999999994,173998.85999999996,180276.57999994006
Robinson Rancheria,0.12197836742043444,0.1718821897804145,3.726846688430711,1.5256242761053514e7,0.157,0.231,3.9200000000000004,6.666e6,0.8780216325795656,0.8281178102195855,0.843,0.769,0.3898589655858801,0.38234425193971766,0.21530267159534294,0.2364834720335372,0.22178712561398747,0.4887370136414907,0.4887370136414907,0.15069343763102852,0.27039525671129266,0.26106455988035304,7.934755216928282,9.971995617942849,10.702131580086956,13.380638976503143,16.31026196506948,20.13602519974675,22.763673489746747,21.786401215766475,19.984010657987444,16.648411274805024,10.36783704344151,7.595711937776552,14.798487847756613,2.055923783340654,2.069305485576424,2.374287562723893,2.512664756727028,2.329351369485209,3.3263023827644562,3.133803471543477,3.0099223958359462,2.946682426110486,2.708564761051771,2.4555080999392658,2.3048831358471538,2.6022666359063193,166.43126898422457,109.99318193205735,98.5956521768915,47.73932715770957,36.5379849600448,8.893092285461455,3.204873250630435,3.48164002197064,10.285093878870907,33.4359729071672,53.592970268155526,138.9412371120014,59.261024578325845,133.0762252546033,91.2605243390453,93.4106441902331,38.78874545900496,28.053676204159554,11.960951336056024,5.398946780395786,5.371936912086729,12.718185521283287,35.44863933636485,53.52505217451818,125.20118136910133,52.85122573970643,6.500000000000001,6.688888889,7.922222222,9.722222222,12.4,17.66666667,19.55555556,18.87777778,17.05555556,13.15555556,8.077777778,6.0,11.96851852,1.320984481,3.6491247049999997,1.419311257,1.949857545,1.548386257,3.320391543,0.789162707,0.766122996,1.202197063,2.174345368,1.536861882,1.615549442,1.774357937,237.88888890000004,145.7777778,148.3111111,69.4,56.58888889,20.8,5.255555556,10.97777778,18.78888889,45.81111111,72.76666667,204.6111111,86.41481482,194.383657,115.6938177,124.76985260000001,45.25403297,37.49798143,23.91584203,11.21674096,19.53425055,16.30869741,43.2073907,59.441778240000005,129.0186173,68.35355491,9209.039999999999,8888.329999999996,173998.85999999996,180276.57999994006
Modoc Nation,0.13099999999999998,0.18999999999999997,3.309999999999999,1.5762e7,0.17,0.264,2.98,2.716e6,0.869,0.81,0.83,0.736,0.44061157111313143,0.44061157111313143,0.001,0.2399804023647257,0.23036932777193944,0.5368959758673228,0.4327020223337402,0.4706908550266219,0.40546659575021926,0.5257873438610511,6.522866344884058,9.788888889,10.27777778,13.54444444,15.188888890000001,21.85555556,25.32222222,21.33333333,21.088888890000003,16.62222222,8.656521739072463,6.6,14.733467522173914,2.802380230463768,1.8217055499999997,3.243369304,2.5681272900000005,3.562107678,2.823168039,2.540559868,1.938427197,2.4786308940000006,2.38577963,2.6468046844637683,3.03891428,2.65416455415942,161.4444444,108.3666667,109.3555556,61.95555556,46.75555556,13.86666667,2.788888889,3.633333333,7.222222222000001,42.41111111,62.766666670000006,194.6444444,67.93425926000002,157.2433712,78.74984127000002,71.02228719,38.981056650000006,27.29634184,10.60459806,4.139578615,7.370210309,11.35206785,40.23305371000001,62.685943400000006,169.5118883,56.59918652999999,2.366666667,4.044444444,10.13333333,14.76666667,19.06666667,24.65555556,27.03333333,26.93333333,22.76666667,15.622222220000001,9.455555556,2.644444444,14.95740741,2.752271789,2.831126592,1.393735986,1.220655562,0.916515139,1.460403293,1.533786165,1.503329638,1.607793519,1.170232645,2.295163998,3.22765825,1.826056048,70.84444444,67.93333333,110.95555559999998,99.27777777999998,181.76666670000003,125.4333333,85.38888889,83.27777777999998,101.5,81.12222222,91.97777778,75.38888889,97.90555556,45.5720888,47.984841360000004,54.46395852,41.91061255,82.35030358,47.23314514,55.21570077,62.81589723,51.08125879,60.68959503,80.40044741,74.14164559,58.6549579,160.0,154.43,173998.85999999996,180276.57999994006
"Shoshone-Paiute Tribes of the Duck Valley Reservation, Nevada",0.11503244714171111,0.1399917224819442,3.0146464845604495,1.7337030890346773e7,0.11710919903984733,0.17151605868233047,3.314775178447373,1.9057136008471337e6,0.8849675528582889,0.8600082775180558,0.8828908009601527,0.8284839413176696,0.28887058329884674,0.2844737058429776,0.001658383245534501,0.2384055788643023,0.08867329068903167,0.1153522550083994,0.10965187900846689,0.001909624041894278,0.06582956514998332,0.03374937696730447,-0.7944035789864498,0.8739880415021283,3.5638275906608574,8.175411881407271,12.279778035833127,17.549645115416176,21.098550350274856,20.36338452312813,16.426566868610127,10.279111283090582,2.9580935175648437,-1.0819245494103742,9.307669089980248,3.35069286667789,3.8572062589945797,3.3231887088114562,2.9620587812880355,3.408089944928374,3.4603351607649993,3.3624745910731675,3.287785082793649,3.4197069360402605,2.7363616265218718,4.085189755548971,2.9243978841393696,3.3481239664359235,51.41734847305067,39.033591431591134,58.10292511094847,47.2365853656523,57.342457091002665,31.69836107946222,33.56710543336312,24.930416828030182,25.762726373255894,32.22976298005805,44.167402244514086,56.4188841558304,41.825630547963584,40.56702735714283,25.426513923954694,30.737066843232643,27.111577409837384,32.473529261783185,20.76955784041191,31.187877855272514,24.37688993848701,17.013781762714267,25.177860600855585,38.04700166925666,47.092549333457185,29.998436150820716,-1.9777777777499999,0.5055555554999999,2.5555555555000002,7.49999999975,10.5638888875,15.4027777775,20.13611111,18.838888889999996,14.255555554999999,8.05555555525,1.02777777775,-3.5916666667499997,7.772685185,3.3851167967499998,5.3590630405,2.9502163805,3.39488905925,3.112886586,3.4846335235000003,1.8407405275,2.681721885,2.88078728775,2.7470276114999996,3.3712369825,3.8285571297499996,3.2530730675000004,41.708333332500004,33.1027777775,35.5194444425,31.547222222499997,43.583333335,22.391666667499997,20.4583333325,12.241666663499998,15.5666666675,28.966666665,30.233333335,52.85277777750001,30.68101852,24.898607117500003,22.483980800000005,17.235456442500002,15.876663590000001,22.7310071975,15.8779411025,25.809017839999996,18.60600371675,17.167607139999998,21.638040765,14.955100932499999,44.686319335,21.830478829999997,5839.41,5636.039999999998,173998.85999999996,180276.57999994006
"Lovelock Paiute Tribe of the Lovelock Indian Colony, Nevada",0.11154573672617896,0.1579355571322218,3.214335474186797,1.8067163153796364e6,0.12200000000000001,0.20900000000000002,3.3999999999999995,467000.0,0.888454263273821,0.8420644428677782,0.878,0.7909999999999999,0.1184952743827959,0.11826097943284501,0.001019817674905503,0.04269741297541426,0.0069334334740445,0.08221981568189668,0.03070842206386103,0.05251139361803565,0.017759955870638767,0.001,5.211379595243494,8.2070012395,10.073089632234199,12.71470466904461,15.954130523420071,20.299586947527878,22.619950433178435,22.756939281784387,19.679347378940516,15.04698471742565,8.321168939169143,5.532651796782527,13.86807792962825,3.595914740381041,2.3720536910631966,2.34554711386617,2.783907646076208,2.7810047945241636,2.507805138083643,3.481509632475836,2.612562530806691,2.7262057991821558,2.5939382783345724,2.8226204221877316,3.249561789258364,2.8227192981338294,121.93372572397764,88.98215613444238,84.12003305237917,61.61022304710037,37.95103263288104,17.591016108960964,5.122284179920074,9.009190416992563,12.711049153810405,53.935315984925644,64.48205286643125,117.73878562191447,56.26557207970261,99.07887947124534,59.368529317323414,45.37173742228623,36.31364782496283,24.80569764107063,16.848319830063193,7.029463235462825,13.810892456304831,10.842665805169146,57.07920555509292,55.91173046539033,94.71723384169145,43.43150024074349,0.48888888899999994,3.722222222,5.311111111,9.566666667,12.61111111,18.64444444,23.68888889,21.25555556,16.58888889,12.64444444,4.6,0.688888889,10.81759259,2.6035766,3.034706649,1.553580095,1.6970562750000002,1.89238239,2.899185709,2.107394389,2.543182608,1.947077582,3.08994786,2.874021573,2.607893999,2.404167144,19.93333333,16.96666667,31.35555556,21.76666667,37.08888889,14.766666669999998,12.98888889,8.266666667,11.53333333,17.65555556,17.18888889,59.71111111,22.43518519,12.74705848,12.78025821,39.02153608,22.74477962,20.27901899,15.89740545,24.19780178,10.08365013,11.34471242,19.13524961,17.04475318,113.38960979999999,26.55548615,1280.0,1235.41,173998.85999999996,180276.57999994006
"Las Vegas Tribe of Paiute Indians of the Las Vegas Indian Colony, Nevada",0.11154573672617896,0.1579355571322218,3.214335474186797,1.8067163153796364e6,0.128,0.193,3.31,1.53292e8,0.888454263273821,0.8420644428677782,0.872,0.8069999999999999,0.1184952743827959,0.11826097943284501,0.001019817674905503,0.04269741297541426,0.0069334334740445,0.015267543798205772,0.015265723323194385,0.0031255000101913216,0.007220182977791581,0.001,5.211379595243494,8.2070012395,10.073089632234199,12.71470466904461,15.954130523420071,20.299586947527878,22.619950433178435,22.756939281784387,19.679347378940516,15.04698471742565,8.321168939169143,5.532651796782527,13.86807792962825,3.595914740381041,2.3720536910631966,2.34554711386617,2.783907646076208,2.7810047945241636,2.507805138083643,3.481509632475836,2.612562530806691,2.7262057991821558,2.5939382783345724,2.8226204221877316,3.249561789258364,2.8227192981338294,121.93372572397764,88.98215613444238,84.12003305237917,61.61022304710037,37.95103263288104,17.591016108960964,5.122284179920074,9.009190416992563,12.711049153810405,53.935315984925644,64.48205286643125,117.73878562191447,56.26557207970261,99.07887947124534,59.368529317323414,45.37173742228623,36.31364782496283,24.80569764107063,16.848319830063193,7.029463235462825,13.810892456304831,10.842665805169146,57.07920555509292,55.91173046539033,94.71723384169145,43.43150024074349,5.466666667,9.944444444,11.52222222,14.899999999999999,21.099999999999998,26.91111111,27.34444444,29.32222222,24.5,19.42222222,9.522222222,7.033333333,17.24907407,4.224630161,2.119027555,1.435076459,3.861994303,2.262189205,2.452776205,6.668416437,3.551329954,2.235508891,2.889540525,4.226930854,4.563441684,3.3742385189999995,40.8,35.92222222,14.03333333,11.92222222,29.6,5.733333333,17.63333333,9.888888889,9.655555556,15.477777779999998,6.488888889,16.5,17.80462963,35.91416851,34.16605691,12.08242525,14.56208929,59.09496594,11.578860049999998,15.89315891,12.549944669999999,11.376083589999999,16.30673004,10.91357463,28.46489065,21.90857904,1280.0,1235.41,173998.85999999996,180276.57999994006
Confederated Salish and Kootenai Tribes of the Flathead Reservation,0.11401844342539431,0.1804427933792903,3.2583009723578082,2.5830308979442054e6,0.13127708110970598,0.22455450921813946,3.2489747852555713,2.1196834215489314e6,0.8859815565746056,0.8195572066207097,0.8687229188902941,0.7754454907818605,0.18769503978982116,0.17220622697510046,0.007851155583109254,0.10941485535869694,0.03772639733589898,0.20289262261793264,0.2009288107065241,0.0012815351792991455,0.10865325221967688,0.07131920338200715,-4.425821952421096,-1.9675265554575117,1.5561793963512904,6.202217163959031,10.355117180702583,15.420805935083466,19.897462485515934,18.078561794081953,13.39241274701062,8.101230821116086,-0.5482043500364191,-4.823149553214718,6.769940426088012,3.131838708421093,2.3254642647352046,2.5152803324119883,1.8087329741403653,2.015688765311078,1.9546130472223067,2.551123010595599,2.2080198166911997,2.817552073416541,2.3418380094795155,3.797293034933992,3.1117792700887708,2.5482686090417306,47.95292530775419,12.650227618194998,22.551770360106218,28.08245658409713,78.39973866091047,64.00367560292112,28.486992075493173,30.10461979380122,35.13223739663126,29.296400269264055,23.798769178626713,17.28614061734447,34.812162789074364,100.2847569134727,8.531537533342187,12.8605521688695,15.300232643429439,39.40442264962824,40.03743290949168,23.348672027822456,26.738934771122924,24.594242556494695,17.30494604003035,11.907938380491661,13.601012810632021,27.826223450462827,-5.214814814666666,-0.6907407408333333,1.4444444443333333,7.481481480833333,10.529629629666667,14.566666668333331,19.45555555833333,17.17222222166666,12.670370371666666,7.485185185333332,-0.12037037033333332,-4.570370370666666,6.684104938666666,2.685750355833333,4.062826756333333,1.7872202411666662,3.3808578723333333,2.7367723986666657,3.7182051935,3.338343316333333,2.9098020866666663,2.5115704075,4.3927615651666665,5.5444490838333325,4.702636699666666,3.4809329979999992,31.801851851666665,25.86111111,25.866666666666664,33.06296296166666,76.88888888833331,62.91481481333332,33.096296295,43.555555556666654,38.74999999999999,42.48703703833333,41.57962962833332,39.89999999833332,41.31373457,17.151896426166665,18.003031833666665,9.214744735833333,13.967119791666667,46.498644774999995,31.242396523333333,27.370327985,34.76522551333333,25.532693588333327,23.1718856,26.51147096033333,25.67860711666666,24.925670406666665,2761.2,2665.0400000000013,173998.85999999996,180276.57999994006
"Paiute Indian Tribe of Utah (Cedar Band of Paiutes, Kanosh Band of Paiutes, Koosharem Band of Paiutes, Indian Peaks Band of Paiutes, and Shivwits Band of Paiutes)",0.11154573672617896,0.1579355571322218,3.214335474186797,1.8067163153796364e6,0.13006257016805794,0.1645254424979167,3.1629031112137342,9.783015272642368e6,0.888454263273821,0.8420644428677782,0.869937429831942,0.8354745575020833,0.1184952743827959,0.11826097943284501,0.001019817674905503,0.04269741297541426,0.0069334334740445,0.06589223102259233,0.06521885992669375,0.0070551214307464204,0.028722557426555623,0.007453784027833911,5.211379595243494,8.2070012395,10.073089632234199,12.71470466904461,15.954130523420071,20.299586947527878,22.619950433178435,22.756939281784387,19.679347378940516,15.04698471742565,8.321168939169143,5.532651796782527,13.86807792962825,3.595914740381041,2.3720536910631966,2.34554711386617,2.783907646076208,2.7810047945241636,2.507805138083643,3.481509632475836,2.612562530806691,2.7262057991821558,2.5939382783345724,2.8226204221877316,3.249561789258364,2.8227192981338294,121.93372572397764,88.98215613444238,84.12003305237917,61.61022304710037,37.95103263288104,17.591016108960964,5.122284179920074,9.009190416992563,12.711049153810405,53.935315984925644,64.48205286643125,117.73878562191447,56.26557207970261,99.07887947124534,59.368529317323414,45.37173742228623,36.31364782496283,24.80569764107063,16.848319830063193,7.029463235462825,13.810892456304831,10.842665805169146,57.07920555509292,55.91173046539033,94.71723384169145,43.43150024074349,-1.3333333329999997,1.5533333332,2.6666666667999994,6.7644444444,11.302222222000001,16.744444444,21.704444444,20.266666668,15.182222222,9.460000000199999,3.1222222219999995,-1.22,8.8511111116,2.5796658709999996,3.8720265501999998,2.7326724091999997,2.0202079736,3.0284989292,2.4272095034,2.746220545,3.0974607164,3.0166065396,1.7470247155999998,4.001134620599999,3.4485934031999994,2.8931101482000003,37.224444444,43.34888889,38.97777778,37.451111112,35.431111109999996,29.56222222,23.733333333999997,30.933333332000004,28.953333331999996,38.12222222199999,32.273333332,22.188888891999998,33.183333336,24.080867542,38.890910334,23.971239358,28.953573902,28.085154003999996,28.214344501999996,23.957384284,22.113722818,27.209478031999996,25.218003603999996,46.122817374,21.604000278,28.201791336,1280.0,1235.41,173998.85999999996,180276.57999994006
"Jicarilla Apache Nation, New Mexico",0.143,0.232,2.91,4.61e6,0.11580369601336783,0.19967852159465285,3.097681312294092,3.450936968545508e6,0.857,0.768,0.8841963039866322,0.8003214784053472,0.17299701865612835,0.16366582452597353,0.15412164208174914,0.05497731806542312,0.0012866132453099887,0.16283127521856025,0.16255867606794966,0.004998267685218257,0.11961583433998141,0.05708051805316817,5.477777777999999,6.3833333335,9.944444444,13.544444445000002,19.3,24.294444445,26.583333335000003,22.3,20.294444445,13.73888889,9.955555557,4.3944444445,14.68425926,2.8922734689999996,2.205913278,3.4420599705000003,4.3228681945,2.7340737745,3.8784497754999996,3.372655874,3.0610724470000004,2.5125995624999997,2.8145011075,3.6829097919999993,3.1903240615,3.175808442,27.527777774999997,22.288888885000002,17.9,19.922222225000002,15.338888885,24.794444445,41.96111111,49.216666665,54.644444445000005,34.338888885,19.25,19.95,28.927777775,26.165729024999997,15.68999151,10.261249005000002,15.64824708,28.92453551,31.12515982,26.11928275,28.475403319999998,60.626016215,24.065285050000004,23.101083415,21.340057625,25.961836695,-3.888888888999999,0.04629629633333327,1.2018518519999999,5.998148148166666,10.862962963666666,16.916666668333335,19.314814815,19.090740739999998,13.93888889,9.379629629833333,1.124074074,-2.2574074073333334,7.643981482499999,2.9104271984999994,5.1864122915,3.2735219826666664,2.317984742166667,3.6018899443333328,3.728236859833333,2.2307335055,4.64034061,3.206568154833333,4.120791823166666,2.357740849166666,3.7355090286666663,3.4425130825,48.19259259166667,43.31666666666666,52.57037037166667,36.00370370333333,44.605555554999995,14.498148148,46.822222225000004,54.387037036666655,44.70925925833333,40.70555555666667,26.64814814833333,23.985185183333332,39.703703705,28.472977676666666,22.808596783333332,29.623867536666666,22.165833701666664,48.58233034999999,11.376727135833331,24.61987842333333,26.564322928333333,25.974265314999997,27.52983165333333,23.454014285,21.419160549999997,26.049317195,320.0,308.86,173998.85999999996,180276.57999994006
"Santa Rosa Band of Cahuilla Indians, California",0.114,0.152,3.46,6.72171e8,0.1,0.146,3.1500000000000004,1.26963e8,0.886,0.848,0.9,0.854,0.2108483033024095,0.2108483033024095,0.08706001105523094,0.1591190166557745,0.06771170972170304,0.23504570702592256,0.23504570702592256,0.022024748475734893,0.08901100225964974,0.08579227657200894,10.23888888975,10.919444447499998,11.186111109999999,13.14722222,14.4388888875,17.972222220000003,19.072222224999997,20.461111109999997,18.0472222225,16.511111112499997,11.624999997500002,10.213888888000001,14.48611111,2.2392127605,2.189698166,3.12902121975,2.3053553860000005,2.39985538375,2.6229482109999998,2.15022364375,3.034924233,2.1461079365,2.2298594475,1.8548596637499999,2.0991802782499995,2.3667705277500004,123.91944445,118.44166664999999,84.31388889,35.92777778,17.5000000025,5.227777777500001,2.75277777775,1.2222222222499999,2.0805555555,14.216666667499998,24.797222225000002,59.46388889,40.82199074,112.775797225,112.959620925,75.95201064999999,25.9180293425,13.3435850375,8.1345944175,4.028398237,2.0002994149999997,2.89720106525,13.953679555,36.14912349,89.38245928250001,41.457899885,8.733333333000001,8.5555555535,10.661111108999998,12.91666667,15.850000000000003,20.83333333,25.144444445,23.883333330000003,21.300000000000004,16.150000000000002,11.0333333315,8.961111111,15.335185184999998,1.6422880825000001,4.450126623,2.433622416,3.383160453,3.421315142,3.7804780575000003,4.15371646,3.7619175125,3.127823212,3.8497717910000007,3.1851790080000004,2.1993339179999998,3.2823943895000003,92.794444435,71.627777765,41.71111111,20.438888889999998,10.283333334,1.483333333,12.844444445,11.383333334500001,6.8277777775,15.788888885,26.249999999999996,28.544444445,28.33148148,94.44603714,88.28926528000001,39.47905802499999,14.173739152500001,10.530491667000001,2.161967333,21.449760335000004,21.918234379999998,10.396321968999999,22.032053545,45.09713041,49.212610764999994,34.9322225,160.0,154.43,173998.85999999996,180276.57999994006
Prairie Island Indian Community in the State of Minnesota,0.08207927689274154,0.13099242974349617,2.9643878378233652,2.0007032373309515e6,0.078,0.126,2.94,1.787e6,0.9179207231072585,0.8690075702565039,0.922,0.874,0.6796467468836486,0.5879861899832893,0.000999094969063636,0.6531535001148611,0.6191752323113425,0.41141266587795633,0.35816602548550946,0.001,0.20911593615487592,0.38152769519799923,-9.179829572390474,-7.408886349681812,1.1348011679247372,8.403341902344621,14.362715414708683,20.09953029295775,22.283014376169696,21.209743248273373,16.39785616848474,8.84934939225123,0.11269795930976877,-8.656823446842912,7.300625879513006,2.8598883086202553,2.851516251153819,2.1992763519728675,2.2298834278440487,1.395230252231935,1.7333393542395055,0.9286812749190237,1.4322511315895474,1.84848164544916,1.8055728294194546,3.5765912045192843,4.07029950131249,2.244250961225939,16.588747660061422,13.111326922519304,39.3563711949472,53.9639103115639,98.09380811830493,112.05293408082419,95.23634675802641,99.07309658008865,84.26236154757645,47.681068901046906,34.79235456543277,23.00039671231222,59.767726946176886,10.771998952300926,8.750217857452595,25.924861244278805,29.87275685931595,40.407129129044634,46.939862961192574,46.12791867021719,41.3504736682363,53.75548703933743,18.35587940574696,28.828863409036046,17.58046701587264,30.722159683750398,-8.466666667,-4.922222222,1.366666667,9.133333333,14.98888889,20.42222222,22.7,22.02222222,16.13333333,9.677777778,1.277777778,-7.6,8.061111111,2.491485501,4.793166432,2.759075932,2.121320344,1.274209995,1.710100712,0.85732141,1.708638184,1.697056275,2.150452149,2.783782399,4.518296139,2.405408789,28.3,16.43333333,45.36666667,69.93333333,90.53333333,133.1555556,91.91111111,123.4888889,97.83333333,57.5,39.13333333,29.31111111,68.575,30.793099880000003,9.335684228,29.32119541,57.20131117,45.11280306,55.65772882,47.15388225,56.18955518,55.14163581,32.06091858,27.47853708,14.05315307,38.29162538,14667.448333349997,14156.730000000007,173998.85999999996,180276.57999994006
"Torres Martinez Desert Cahuilla Indians, California",0.114,0.152,3.46,6.72171e8,0.1292169134568103,0.19935253595718105,3.0102693847239648,9.168936922032507e7,0.886,0.848,0.8707830865431897,0.800647464042819,0.2108483033024095,0.2108483033024095,0.08706001105523094,0.1591190166557745,0.06771170972170304,0.05705526466523769,0.05559038371402051,0.018937143630638986,0.03703884754545667,0.001204670173407835,10.23888888975,10.919444447499998,11.186111109999999,13.14722222,14.4388888875,17.972222220000003,19.072222224999997,20.461111109999997,18.0472222225,16.511111112499997,11.624999997500002,10.213888888000001,14.48611111,2.2392127605,2.189698166,3.12902121975,2.3053553860000005,2.39985538375,2.6229482109999998,2.15022364375,3.034924233,2.1461079365,2.2298594475,1.8548596637499999,2.0991802782499995,2.3667705277500004,123.91944445,118.44166664999999,84.31388889,35.92777778,17.5000000025,5.227777777500001,2.75277777775,1.2222222222499999,2.0805555555,14.216666667499998,24.797222225000002,59.46388889,40.82199074,112.775797225,112.959620925,75.95201064999999,25.9180293425,13.3435850375,8.1345944175,4.028398237,2.0002994149999997,2.89720106525,13.953679555,36.14912349,89.38245928250001,41.457899885,11.0666666675,11.783333332500002,14.186111109999999,16.8833333325,20.025,24.9750000025,28.091666667499997,27.955555557500002,25.35277778,19.7999999975,14.27777778,11.313888887500001,18.8092592625,1.3088931152499999,4.249098430999999,2.05069632325,3.7367435055,3.832575822,4.287192188750001,5.471271870500001,4.129544911999999,3.43207031375,3.8041961557499997,2.2751524599999997,1.9797160245,3.3797625935,40.3305555575,27.227777777500002,23.700000000000003,15.7027777775,5.794444444499999,0.9222222219999999,5.52222222225,8.188888889,5.627777777749999,8.11388888875,15.205555555,16.38888889,14.393750000999999,37.48228118750001,35.310027865,26.300770910000004,24.93663383,10.858892693000001,1.475657488,9.08467689825,13.626051767500002,9.12431440025,10.93924953775,25.92120089,23.329520505,19.03243983,160.0,154.43,173998.85999999996,180276.57999994006
"Santee Sioux Nation, Nebraska",0.07639489828137185,0.1197097232462106,3.021553823842804,932474.7521265718,0.12397529083292405,0.18798058565444034,3.0701764940505427,545845.5677057753,0.9236051017186282,0.8802902767537895,0.876024709167076,0.8120194143455597,0.7422724441067655,0.6594778971955698,0.0009999999999999998,0.7296652610655265,0.71791102121207,0.4428393953457203,0.38454732337955627,0.001385293635017185,0.4121737207743507,0.3800840552122669,-7.623609427598784,-5.644855218741816,2.4282222222133334,9.149865319966668,14.908915825709096,20.949488215509092,22.942962961024225,21.8132525271394,17.248087543303033,9.64591245811636,0.996707070641818,-7.268821549033937,8.295510662378183,2.8515344149690907,2.9771062907490893,1.976763552581212,2.0752624471842416,1.5022238606133327,1.6363241388327279,0.9905309209496971,1.3977785358000003,1.8797426381757572,1.6203720973460611,3.713888915655758,4.071180899363029,2.224392392787273,14.903939395533328,12.185218853375757,42.901353534363615,65.21665993292723,102.35907070033333,116.38964309763637,94.0277373777272,102.31630977633337,87.28977104570302,44.3545656574303,32.098127946175765,22.883319864963646,61.410476432193924,9.428211976874543,10.750405901214542,24.804641068739386,38.93497907173939,33.197585220787886,58.50421849321818,56.53068389706667,46.265655579133345,54.4889155237394,18.191750440103025,28.059273771793936,18.016803413896966,33.097760362690906,-3.1,-0.6333333330000002,3.6555555560000004,12.01111111,16.82222222,22.0,24.42222222,23.98888889,17.46666667,12.93333333,3.011111111,-3.733333333,10.73703704,7.160830957,6.118006210999999,4.950785572,4.198346235,3.355882067,2.032240143,1.794977561,1.755309406,2.530316186,3.863288754,5.553477389,5.844655678,4.09650968,14.83333333,10.56666667,58.188888889999994,71.31111111,86.07777777999999,112.0111111,66.48888889,105.8111111,51.54444444,39.87777778,30.4,22.08888889,55.76666667,13.48601127,8.656211643,47.62770844,46.20893973,32.07903434,60.60471195,36.74375608,71.08629341,34.23145889,19.0076812,21.49581355,36.39795477,35.63546461,3535.29,3412.1799999999994,173998.85999999996,180276.57999994006
"Fort Independence Indian Community of Paiute Indians of the Fort Independence Reservation, California",0.11154573672617896,0.1579355571322218,3.214335474186797,1.8067163153796364e6,0.105,0.144,3.27,1.052e6,0.888454263273821,0.8420644428677782,0.895,0.856,0.1184952743827959,0.11826097943284501,0.001019817674905503,0.04269741297541426,0.0069334334740445,0.07335097989329237,0.05127947354966941,0.05536698682536013,0.021847049245886846,0.001,5.211379595243494,8.2070012395,10.073089632234199,12.71470466904461,15.954130523420071,20.299586947527878,22.619950433178435,22.756939281784387,19.679347378940516,15.04698471742565,8.321168939169143,5.532651796782527,13.86807792962825,3.595914740381041,2.3720536910631966,2.34554711386617,2.783907646076208,2.7810047945241636,2.507805138083643,3.481509632475836,2.612562530806691,2.7262057991821558,2.5939382783345724,2.8226204221877316,3.249561789258364,2.8227192981338294,121.93372572397764,88.98215613444238,84.12003305237917,61.61022304710037,37.95103263288104,17.591016108960964,5.122284179920074,9.009190416992563,12.711049153810405,53.935315984925644,64.48205286643125,117.73878562191447,56.26557207970261,99.07887947124534,59.368529317323414,45.37173742228623,36.31364782496283,24.80569764107063,16.848319830063193,7.029463235462825,13.810892456304831,10.842665805169146,57.07920555509292,55.91173046539033,94.71723384169145,43.43150024074349,2.988888889,-0.022222222,4.5,6.355555556,10.14444444,16.02222222,19.233333329999997,18.33333333,16.0,8.8,4.877777778,3.333333333,9.213888888,4.544624419,4.103589215,5.728437832,3.9944058099999995,4.10643127,5.202109615,3.125299986,3.701013375,5.553152258,3.025723054,3.695868564,4.104266073,4.240410123,149.3555556,96.67777778,54.96666667,34.28888889,12.94444444,16.07777778,19.62222222,10.15555556,21.97777778,19.91111111,35.67777778,120.8111111,49.37222223,146.6486457,107.6139138,53.85338894,45.24934929,14.93980515,36.64838938,43.59451737,12.85030263,25.06261049,21.16013022,58.35445094,129.6150111,57.96587625,1280.0,1235.41,173998.85999999996,180276.57999994006
Bishop Paiute Tribe,0.11503244714171111,0.1399917224819442,3.0146464845604495,1.7337030890346773e7,0.105,0.144,3.27,1.052e6,0.8849675528582889,0.8600082775180558,0.895,0.856,0.28887058329884674,0.2844737058429776,0.001658383245534501,0.2384055788643023,0.08867329068903167,0.08232097809647239,0.08227562353456645,0.001448617710705673,0.04753067629805779,0.001,-0.7944035789864498,0.8739880415021283,3.5638275906608574,8.175411881407271,12.279778035833127,17.549645115416176,21.098550350274856,20.36338452312813,16.426566868610127,10.279111283090582,2.9580935175648437,-1.0819245494103742,9.307669089980248,3.35069286667789,3.8572062589945797,3.3231887088114562,2.9620587812880355,3.408089944928374,3.4603351607649993,3.3624745910731675,3.287785082793649,3.4197069360402605,2.7363616265218718,4.085189755548971,2.9243978841393696,3.3481239664359235,51.41734847305067,39.033591431591134,58.10292511094847,47.2365853656523,57.342457091002665,31.69836107946222,33.56710543336312,24.930416828030182,25.762726373255894,32.22976298005805,44.167402244514086,56.4188841558304,41.825630547963584,40.56702735714283,25.426513923954694,30.737066843232643,27.111577409837384,32.473529261783185,20.76955784041191,31.187877855272514,24.37688993848701,17.013781762714267,25.177860600855585,38.04700166925666,47.092549333457185,29.998436150820716,0.588888889,2.977777778,3.6555555560000004,7.755555556,11.68888889,16.44444444,20.8,20.43333333,14.96666667,10.83333333,4.711111111,0.988888889,9.653703703,1.601908584,1.899853796,1.502590356,1.6546231529999997,1.7716125740000002,1.6470512369999997,3.49821383,2.26715681,2.1,1.5499999999999998,2.270707183,2.923800799,2.057293194,99.00000000000001,62.15555556,41.28888889,28.06666667,15.28888889,14.166666670000001,25.611111109999996,12.68888889,14.911111109999998,17.6,26.07777778,75.91111111,36.06388889,93.87935075999998,60.15725457,27.641338809999997,21.1936901,13.476965950000002,22.40870367,38.75972279,17.1975612,14.63381738,16.25169222,33.48334578,81.21780046,36.69177031,5839.41,5636.039999999998,173998.85999999996,180276.57999994006
Squaxin Island Tribe of the Squaxin Island Reservation,0.11799999999999997,0.17099999999999999,3.3899999999999997,5.7993999999999985e7,0.141,0.23800000000000002,3.3599999999999994,5.041e6,0.882,0.829,0.859,0.762,0.43199793923782054,0.4303236442443508,0.0008810733775663674,0.18595263842965304,0.34523668711520766,0.5822075506574653,0.5556245411271556,0.0010000000000000005,0.4094655498424523,0.5701404840114671,1.0286309284328896,3.6978637645139045,3.530122262725513,7.962501679230954,11.172228939854895,15.824828698016923,19.73518742324062,18.54126024480048,15.927529221813778,8.972752921918982,2.8624613733095523,-1.135550181460701,9.009984772813784,3.902752925990326,2.039695567001209,2.545453453412333,2.193715623287787,2.149259676900846,3.4615834703893578,2.836561310301088,2.0372017298440137,3.917641014120917,2.069952603058041,3.456814539415961,2.3794905593784756,2.7491768726662626,102.93662502070127,72.82164449529623,96.79819965199512,42.90548166162031,51.43099556667472,40.685382236263585,16.722383448607008,22.25843074096734,35.53864033316807,70.5162837595163,84.37776434662634,134.3935509857315,64.28211518857314,114.03361907446192,55.6285668154897,82.36117393517532,34.642537843143884,24.760992878548965,34.817739601886316,12.685605197788385,23.87288293349455,31.12554449191051,54.667549592914135,91.33413489871825,101.65652647035064,55.132239479347014,3.7888888890000003,4.688888889,6.683333333499999,9.644444444000001,11.950000000000001,14.716666665,17.84444444,17.483333335,14.833333335,10.283333334,5.361111111,2.6166666665000005,9.991203705,2.8536402565,2.5573832475000002,2.0245773295,1.5134003105,1.8188637705,1.7129614510000002,1.7267871609999998,1.9432708750000003,1.501064544,2.105210899,2.7361287895,4.229622464,2.226909258,189.2388889,142.51111115,146.65555555,84.31666668,71.14444444499999,56.388888890000004,19.566666665,28.3,57.677777774999996,133.24444445,198.07222219999997,230.18333329999996,113.10833335,101.8364884,75.11613143999999,35.923011575000004,30.39721296,33.14790205,22.786164675000002,16.109747125000002,18.17090086,38.993363095,78.82711178,126.26450615,126.80232645000001,58.697905549999994,1114.20000001,1075.4100000000003,173998.85999999996,180276.57999994006
Iowa Tribe of Kansas and Nebraska,0.07639489828137185,0.1197097232462106,3.021553823842804,932474.7521265718,0.13287622297396517,0.225280012498916,3.0072448015408804,607920.5320388732,0.9236051017186282,0.8802902767537895,0.8671237770260348,0.774719987501084,0.7422724441067655,0.6594778971955698,0.0009999999999999998,0.7296652610655265,0.71791102121207,0.6896579535056878,0.5787390560493417,0.0015824584677697382,0.619868236425538,0.6804875154135415,-7.623609427598784,-5.644855218741816,2.4282222222133334,9.149865319966668,14.908915825709096,20.949488215509092,22.942962961024225,21.8132525271394,17.248087543303033,9.64591245811636,0.996707070641818,-7.268821549033937,8.295510662378183,2.8515344149690907,2.9771062907490893,1.976763552581212,2.0752624471842416,1.5022238606133327,1.6363241388327279,0.9905309209496971,1.3977785358000003,1.8797426381757572,1.6203720973460611,3.713888915655758,4.071180899363029,2.224392392787273,14.903939395533328,12.185218853375757,42.901353534363615,65.21665993292723,102.35907070033333,116.38964309763637,94.0277373777272,102.31630977633337,87.28977104570302,44.3545656574303,32.098127946175765,22.883319864963646,61.410476432193924,9.428211976874543,10.750405901214542,24.804641068739386,38.93497907173939,33.197585220787886,58.50421849321818,56.53068389706667,46.265655579133345,54.4889155237394,18.191750440103025,28.059273771793936,18.016803413896966,33.097760362690906,-4.538888889,-2.8277777774999997,5.1333333329999995,11.427777775000001,16.555555555,22.677777775,26.144444444999998,24.805555554999998,19.455555555,12.322222225000003,4.811111111,-3.6111111115000005,11.02962963,4.0175880615,5.851064363,3.2076581809999998,3.1518510090000005,2.5524931720000006,1.74527636,2.1279009915000002,2.0758442574999996,2.8290994605,3.4384425614999996,2.8009377515000002,2.4735940440000004,3.0226458509999996,22.122222225,46.5,61.15555555499999,58.73888888999999,121.80555555000002,122.25555555000001,103.62222225000001,94.122222245,85.894444445,55.172222219999995,48.916666670000005,45.08888889,72.11620371000001,12.272704710000001,44.37224610999999,40.782768004999994,29.515865634999997,69.46719067,42.422479845000005,34.849263335,42.714615585000004,57.396360115,30.069617035,27.322523904999997,58.804075950000005,40.83247591,3535.29,3412.1799999999994,173998.85999999996,180276.57999994006
Te-Moak Tribe of Western Shoshone Indians of Nevada (Elko Band),0.11602091821922218,0.13490470364251667,2.9580353046173853,2.1739824627853267e7,0.1,0.16899999999999998,3.35,2.969e6,0.8839790817807778,0.8650952963574834,0.9,0.831,0.3396484874011003,0.3340110122515397,0.0018486985060889337,0.2967335757011592,0.11303467648724996,0.101,0.101,0.001,0.024000000000000004,0.001,-2.3744091280014668,-1.0551860907828852,1.8513664765452322,6.981211627251343,11.313126867949629,16.82618853562347,20.698299374919312,19.73368649860146,15.570823145110019,9.024775875915891,1.547171964106112,-2.8220918228831287,8.107913610405376,3.286179728266012,4.2479212132963315,3.580387328899754,3.008926903901223,3.5730639355970637,3.7109274112308066,3.331158770889975,3.465423094025427,3.602153689893398,2.773830458465526,4.417347360120291,2.8388535413745712,3.4863477862630803,32.86585167060635,25.89308883494865,51.25832654249389,43.45515892427382,62.44396631274817,35.40973105214179,41.050388481946214,29.118983971863074,29.196370551281166,26.519451235990218,38.82301005155989,40.28680249873838,38.02676084425917,25.173689245951095,16.497025277679708,26.88696768844987,24.69069042532029,34.490787653931534,21.801159820640578,37.54349011222004,27.156599789545226,18.637283173550124,16.785232930743277,33.34713658743764,34.56341472933495,26.464456453814172,-0.911111111,0.822222222,2.333333333,7.211111111000001,10.35555556,15.56666667,19.88888889,18.75555556,13.92222222,9.788888889,1.311111111,-3.244444444,7.983333334,4.221505787,5.073405606,1.823458253,3.200954719,1.9906726949999998,3.3,2.525096258,1.067837899,1.7718477489999997,4.518695731,2.599252029,3.0883292859999996,2.931754668,46.1,30.28888889,31.27777778,33.02222222,44.75555556,20.27777778,16.61111111,16.62222222,10.6,23.18888889,33.08888889,38.3,28.67777778,25.54941291,23.88165847,16.150215,12.91973082,24.805398160000003,13.71803355,21.32477693,22.0790499,10.79073677,24.26846948,17.28752762,29.77532536,20.21252791,4559.41,4400.629999999999,173998.85999999996,180276.57999994006
Sherwood Valley Rancheria of Pomo Indians of California,0.11586236466054425,0.16082815705425121,3.7144753116620524,1.7806687729233507e7,0.135,0.19399999999999998,3.5299999999999994,7.022000000000001e6,0.8841376353394558,0.8391718429457488,0.865,0.806,0.3139243775982025,0.3082102091265928,0.16885572269732343,0.12563368466767635,0.19848242595681215,0.4572270088750737,0.4369567092524577,0.19619433708823555,0.15342903746594294,0.25973845304020954,8.222887633422596,10.281173886037283,11.161249215442934,13.454256120050847,16.230677965237284,20.258405523440665,21.94217828003389,22.6031073445819,19.826798493807907,16.980395479870047,10.746660388909602,7.9196359070265485,14.96895218621468,1.9878769915401113,2.0540290437553654,2.115249066633332,2.6265926600395466,1.7923299657062142,2.944610878572879,3.5304199984175124,2.7048266130079073,3.2247008091615816,2.158893319527118,2.0342240867542367,2.121970764719208,2.441310349777965,154.40644067510155,113.51922787786438,100.19762084158192,49.67125549267795,33.6441619588305,9.604996861888695,2.2247583175344627,1.9490207156327675,6.747212806031071,32.6204896428079,52.799359698661,127.10343377310728,57.040664889022565,113.08144889725425,99.059393500644,87.29864507806211,40.813423814926516,27.67767199545762,14.036372871555363,4.394463339796042,4.322216026240676,7.954780433297736,34.47877981463276,48.858499678237244,114.1169508555988,49.67438719195478,7.122222222,8.45,8.2944444445,10.877777779499999,13.72777778,17.255555559999998,19.5,19.822222225,17.16111111,14.37222222,8.188888889000001,6.738888889,12.625925924999999,1.227555952,1.396909033,1.343935383,1.7144473085,1.9464941755000003,2.4355099295,0.788213113,3.037083282,1.187630172,1.8512952620000003,1.479585152,1.6056297985,1.66785738,228.6388889,159.31666664999997,158.0722222,77.80555555499998,61.08888888999999,20.927777775,8.427777778,5.677777777999999,13.783333334999998,55.444444445,91.53333333,248.02222224999997,94.061574075,159.44487460000002,109.1846194,124.06605650000002,47.848231845,41.211467065,23.392362340000002,15.760815359999999,10.7585777835,14.633546574999999,43.33152185000001,63.431675195,189.72258595,70.232194535,4069.36,3927.6299999999997,173998.85999999996,180276.57999994006
"Hopland Band of Pomo Indians, California",0.11586236466054425,0.16082815705425121,3.7144753116620524,1.7806687729233507e7,0.139176003124956,0.20102327798288055,3.604029146306038,6.954424676705258e6,0.8841376353394558,0.8391718429457488,0.860823996875044,0.7989767220171194,0.3139243775982025,0.3082102091265928,0.16885572269732343,0.12563368466767635,0.19848242595681215,0.20546862754912884,0.2049310917370144,0.08496860658843013,0.06752913920435577,0.11706725792353782,8.222887633422596,10.281173886037283,11.161249215442934,13.454256120050847,16.230677965237284,20.258405523440665,21.94217828003389,22.6031073445819,19.826798493807907,16.980395479870047,10.746660388909602,7.9196359070265485,14.96895218621468,1.9878769915401113,2.0540290437553654,2.115249066633332,2.6265926600395466,1.7923299657062142,2.944610878572879,3.5304199984175124,2.7048266130079073,3.2247008091615816,2.158893319527118,2.0342240867542367,2.121970764719208,2.441310349777965,154.40644067510155,113.51922787786438,100.19762084158192,49.67125549267795,33.6441619588305,9.604996861888695,2.2247583175344627,1.9490207156327675,6.747212806031071,32.6204896428079,52.799359698661,127.10343377310728,57.040664889022565,113.08144889725425,99.059393500644,87.29864507806211,40.813423814926516,27.67767199545762,14.036372871555363,4.394463339796042,4.322216026240676,7.954780433297736,34.47877981463276,48.858499678237244,114.1169508555988,49.67438719195478,8.255555555499999,9.866666668,9.7166666685,12.51111111,15.36666667,18.216666664999998,20.077777775,20.95,18.238888890000002,15.71666667,9.483333333500001,7.827777777499999,13.852314815,1.1018139555000002,1.197663202,1.3041108170000002,2.1796896709999998,2.7246171255,1.8412184544999999,1.1546797095,3.876733482,1.29305583,1.7813535685,1.5207084705,1.6225156775,1.7998466635,249.4388889,160.75,152.46666665,73.8,51.53333333,14.911111110000002,6.500000001499999,6.2222222225,10.872222222,51.583333335,88.57777777499999,241.78333335,92.36990740499999,181.17885415,103.94168645,117.66811895,42.457186265000004,35.136367075,17.07115779,11.792537437499998,12.990271652,13.2080348985,41.061568390000005,58.52862627,174.34111195,67.44796010499999,4069.36,3927.6299999999997,173998.85999999996,180276.57999994006
"Chippewa Cree Indians of the Rocky Boy's Reservation, Montana",0.09364993104347126,0.17451077661874487,3.219243639915166,1.1994535398717772e6,0.12343523303737963,0.19176165781541438,3.171088082593449,895369.5948245387,0.9063500689565287,0.8254892233812552,0.8765647669626204,0.8082383421845856,0.45452830188830246,0.40965838583959185,0.0009999999999999996,0.29562886964572477,0.33408527859342907,0.14151827746123552,0.13412407215420588,0.0015780191636411013,0.08569734383908499,0.0507085411479157,-10.857085828131737,-9.507385229134734,-0.7176646707919163,6.84570858282635,13.217797736976053,18.44950100137725,20.933732536616766,19.760545574371257,14.66723220248503,7.642149035185631,-0.6938789087694611,-9.818629408922156,5.826835218405691,2.6683655928323353,2.7713868948652696,2.7989670217844314,2.178208938086827,1.3604907195059883,1.9371205985583835,1.1758313551916169,1.468736515125749,1.9839281825029944,1.8707798721077846,3.416391286366767,4.294667027167665,2.3270728337739524,20.63057218868264,15.568163672694611,33.69457751374252,45.27235529185629,78.30365934973055,122.77551565104791,94.58629407943116,112.68732535269463,100.76816368161681,65.81526946176648,47.871423819730545,26.11526946368264,63.674049127934154,11.973047716437128,7.784224972949104,18.32944956658683,18.47343146949102,28.87863520125749,40.61904114528444,40.00963024562875,46.580752787485046,53.84262346236529,28.325872992934134,31.213402243203603,15.971252231667666,28.5001136688024,-8.888888889,-4.422222222,-0.544444444,6.955555556000001,11.05555556,16.15555556,20.7,18.7,12.56666667,7.4,-1.822222222,-6.066666667,5.982407409,3.10340315,5.668725115999999,2.245613007,2.762295744,2.148319757,2.357493961,2.063976744,2.404682931,2.054263858,3.081801421,5.548373135,8.905616206,3.528713753,15.1,8.788888889,23.94444444,23.97777778,64.45555556,64.92222222,43.96666667,38.81111111,33.01111111,28.03333333,31.05555556,22.25555556,33.19351852,12.282100800000002,6.181715871,9.699369968,12.341978949999998,62.67190581,49.7332328,32.28432282,22.807095630000003,25.50114921,17.11848416,41.18944377,27.44964076,26.60503671,1440.0,1389.8400000000001,173998.85999999996,180276.57999994006
"Minnesota Chippewa Tribe, Minnesota (Mille Lacs Band)",0.10154480947378912,0.17125349360039382,3.196391917229236,5.3268725196497245e6,0.10608011929540875,0.18022093731619104,3.1389613373660192,1.4406601769316306e6,0.8984551905262109,0.8287465063996062,0.8939198807045913,0.819779062683809,0.3693377775454546,0.3421310231360979,0.001000000000000003,0.23486814163453693,0.3233330361670373,0.4728271038234141,0.44281592523583635,0.0009999999999999903,0.3082995841851287,0.38709214947998727,-10.729896436180418,-9.516700017615172,-1.1554502370123232,5.634823591398268,11.722388975310615,16.58382306463982,19.88926277052924,18.927553097060066,13.7831490259384,7.159770054450876,-0.7945813586718811,-9.600900474212175,5.1586035046497685,2.221253483778674,2.7990056331148545,2.806095584719118,2.040564455915958,1.316124238283415,1.8450502630548227,1.102452028377569,1.3501671187778852,1.9327576414925765,1.9154729749237005,2.968080261196526,3.8132686105489744,2.1758576910903646,25.874572580859414,15.986003159127982,36.90258732462723,43.34745480135395,82.2547691764139,99.96230999116594,92.49595752445673,108.40865717282652,102.27590838165898,76.46797086263675,53.3394031961233,32.594837633538724,64.1592026506699,16.130379863592452,7.018694053208065,19.88041040135863,24.232072513564006,40.226851330118514,38.62066632291159,38.604010154826284,41.709274036105874,48.226566429455055,30.032147732582995,30.375629656273347,18.464116516488172,29.46006825048503,-10.631746031714286,-7.911111111000001,-0.550793650857143,6.898412698428573,13.271428572857143,18.428571428571434,21.00634920428572,20.20952380857143,14.574603175714287,7.742857142857144,0.23968253985714288,-9.100000000000001,6.181481481571429,2.4928860430000004,3.5420395787142867,2.8164420848571434,2.3882921137142863,1.5146486575714289,2.193363104714286,1.0073493322857143,1.9168045961428573,1.7883156291428572,2.2218177551428577,4.304854794571429,4.809327475857144,2.5830117638571433,23.47142857,15.641269840000003,38.12698412428572,45.45396825428572,73.11428571428571,115.66507937142859,104.49047617857144,104.22539681428573,82.59365079428572,77.08095238142857,42.75714285714286,31.598412698571433,62.85158730000001,20.68355160714286,9.571970631285716,22.93396112714286,31.942195935714288,31.144342235714294,41.53918991571429,35.11608613857143,58.96117407000002,44.07962768,36.68889363,30.898817570000002,31.932969151428573,32.95773164285714,13449.709999999997,12981.34,173998.85999999996,180276.57999994006
"Elem Indian Colony of Pomo Indians of the Sulphur Bank Rancheria, California",0.11586236466054425,0.16082815705425121,3.7144753116620524,1.7806687729233507e7,0.157,0.231,3.92,6.666e6,0.8841376353394558,0.8391718429457488,0.843,0.769,0.3139243775982025,0.3082102091265928,0.16885572269732343,0.12563368466767635,0.19848242595681215,0.27,0.27,0.07,0.03,0.08,8.222887633422596,10.281173886037283,11.161249215442934,13.454256120050847,16.230677965237284,20.258405523440665,21.94217828003389,22.6031073445819,19.826798493807907,16.980395479870047,10.746660388909602,7.9196359070265485,14.96895218621468,1.9878769915401113,2.0540290437553654,2.115249066633332,2.6265926600395466,1.7923299657062142,2.944610878572879,3.5304199984175124,2.7048266130079073,3.2247008091615816,2.158893319527118,2.0342240867542367,2.121970764719208,2.441310349777965,154.40644067510155,113.51922787786438,100.19762084158192,49.67125549267795,33.6441619588305,9.604996861888695,2.2247583175344627,1.9490207156327675,6.747212806031071,32.6204896428079,52.799359698661,127.10343377310728,57.040664889022565,113.08144889725425,99.059393500644,87.29864507806211,40.813423814926516,27.67767199545762,14.036372871555363,4.394463339796042,4.322216026240676,7.954780433297736,34.47877981463276,48.858499678237244,114.1169508555988,49.67438719195478,6.800000000000001,7.755555556000001,8.822222222,10.94444444,13.74444444,17.8,20.85555556,20.03333333,18.36666667,14.27777778,8.811111111,6.333333333,12.8787037,1.6725728680000003,2.42234964,2.7976676789999995,2.152969526,2.506048239,2.787023502,2.216478689,2.7106272340000004,3.004579838,2.311264685,1.787767074,1.8398369490000002,2.350765494,226.00000000000003,138.1666667,133.1111111,59.98888889,52.04444444,20.83333333,7.133333333,8.444444444,17.18888889,37.61111111,54.82222222,173.0444444,77.36574074,201.3557052,122.090704,132.7940647,49.32006297,37.54547613,23.88503716,18.62639257,15.45138433,17.72607151,46.66386301,52.09339636,126.1346613,70.30723494,4069.36,3927.6299999999997,173998.85999999996,180276.57999994006
Berry Creek Rancheria of Maidu Indians of California,0.142799266229376,0.20699633114688015,3.2660953901811145,1.3356060911003428e7,0.142,0.203,3.37,1.8433e7,0.857200733770624,0.7930036688531199,0.858,0.7969999999999999,0.39716630361504945,0.3918327708624174,0.22244286707417626,0.2359128731537446,0.2729855335765598,0.13887696122255078,0.1354123136590905,0.08051472705402221,0.05599977260001963,0.11067016401514174,6.105929415253027,8.842620008792057,10.595147300591519,13.382406161514124,16.83631673386271,20.77768805141319,22.652243157880207,22.921855839744282,19.986144758956925,15.769350978923276,10.024637355721396,6.380005981781962,14.5228621456393,3.0662932860437406,2.8742427283465677,2.8014028176648718,2.9515058236756384,3.0421384433519516,3.126066416397711,2.706610205104306,2.76822697334051,2.427017176164873,3.0247519649865406,2.4038526427947504,2.5511534466144012,2.811938493728129,157.0672872814266,109.08441752419246,104.46920142897707,56.073986839973074,35.53731867753028,12.552332883884928,5.492911619823687,9.243793927832433,7.057918348953561,43.70938387997306,51.38049199997981,140.39807836881553,61.00559356533647,132.9611347440107,101.20610785299458,88.73013365362722,40.41280423629205,25.709958233149393,13.54615827092261,9.153348427746296,20.383941447450198,8.467947409581424,45.49143226910499,50.78516126012112,124.38345325055181,55.10263175391653,2.844444444,5.511111111,5.066666667,9.033333333,12.02222222,16.88888889,21.2,19.6,15.94444444,11.72222222,5.577777778,2.222222222,10.63611111,2.38857233,1.929666062,2.697220792,2.636759375,1.926640715,2.3534254,2.490983741,1.492481156,2.092911316,1.997985096,2.548910443,3.9315320730000005,2.373924042,284.9111111,198.1444444,166.8333333,94.31111111,67.31111111,23.72222222,4.088888889,5.288888889,20.15555556,58.04444444,94.68888889,221.5666667,103.2555556,194.0988179,179.9267567,188.7724291,83.19733236,44.85059767,21.57995469,8.436445407,7.404127978,25.12817697,50.44014054,77.16810294,234.8518895,92.98789765,3517.2699999999995,3394.7200000000003,173998.85999999996,180276.57999994006
Fort Belknap Indian Community of the Fort Belknap Reservation of Montana,0.10699964987919276,0.1829992247324983,3.2000007502588725,352076.50139637565,0.16579977017292113,0.2655350983545774,3.32787111601747,595895.2840244244,0.8930003501208073,0.8170007752675017,0.8342002298270789,0.7344649016454226,0.15322522637451513,0.15322522637451513,0.03376146275133198,0.07203374030487525,0.019311703170138958,0.17898662412414862,0.16921481900015345,0.003383540461383587,0.11436624981535028,0.032431791760871756,-3.8999999999999995,-1.6833333329999998,1.733333333,6.811111110999999,10.68888889,15.14444444,20.2,19.17777778,13.516666665,8.288888889,0.166666667,-4.194444444499999,7.1625000000000005,3.458323293,1.8736744779999999,2.48445165,1.395030864,2.192854558,2.0415136,2.257210668,2.272541407,2.323490296,1.558400177,3.945883931,4.67790201,2.540106411,9.25,8.177777778,22.12222222,21.52222222,78.93333333,68.43333333,19.45555556,28.877777779999995,41.3,26.82222222,15.688888890000001,8.527777777999999,29.092592590000002,9.2962085925,6.703315929,28.692236659999995,11.81987498,36.79368152,46.77662344,14.626953809999998,30.528584060000004,35.43176541,16.05551134,9.19272055,6.8869498425,21.06703551,-8.1822222224,-3.8488888888000004,0.8888888887999998,7.177777778,12.644444444000001,17.733333334000005,20.175555554000002,19.717777776000002,13.860000000000001,8.9044444442,-2.0400000002000005,-7.7355555557999995,6.607962962600001,3.30921892,5.9055317812,2.0823423892,2.1934220546,3.1157848498,3.484731272400001,2.4048805848000003,3.2851524648,2.4444010204,4.2514206912,4.637453462600001,5.2152574842,3.5274664146,10.5444444426,9.475555555800002,21.56222222,27.064444444000003,53.297777778000004,66.66888889,41.324444442,37.442222222,32.426666665999996,24.513333332000002,28.46,15.315555554000001,30.674629632000006,7.6104642378000005,8.952889429199999,20.6054674512,12.4484458118,27.187261752,44.433547504,29.20840256,29.871788540000004,26.861012072,15.451961266000001,36.8960344166,14.515779081399998,22.836921176,160.0,154.42,173998.85999999996,180276.57999994006
"Ute Indian Tribe of the Uintah & Ouray Reservation, Utah",0.11789651038726945,0.13995523835290022,3.0082176570373926,2.6650358007597305e7,0.12914510324878747,0.16133383780632604,3.261240118909931,1.9397597473314728e6,0.8821034896127306,0.8600447616470998,0.8708548967512125,0.838666162193674,0.2625649168114492,0.26175335674723454,0.0009999999999999996,0.18849491640460472,0.06813849635295931,0.05917354911970659,0.058023302918925226,0.002295117006036708,0.029486249940490785,0.010854942943102982,-0.17416331996867468,2.0659170005686747,5.227657295048192,9.651887550363854,13.64744310759036,18.805247655734938,22.990281125518074,22.255020080771082,17.93394912819277,11.424471217908435,4.199089692568674,-0.6405087014337352,10.61552432027229,2.782322108460241,3.3506521900771085,2.628057659012048,1.8017239574433739,2.5433133022120487,2.743494239889156,1.936003335260241,2.211289988279518,2.221184643127711,2.2192947137277104,2.472339135587952,2.5544736693734933,2.4553457453277105,59.615823294024096,45.799223559999994,45.025435072072284,39.48872824761445,60.42479250318072,26.135769747913255,17.992931727628914,19.14195448499277,30.781365461113253,34.968460509638554,33.172208835228915,48.52714859344579,38.422820169975914,40.3511251273012,33.09668628178313,22.63370976891566,26.960457904891566,32.875392125971075,11.988544653580723,18.03491611038554,14.118285674318072,18.98668468290602,24.186216065421682,20.003275055879516,42.49795683573493,25.477770858578314,-4.85625,-2.9215277777500006,0.9979166666250002,5.559027777812502,11.122916665624999,15.90972222125,19.748611110625,19.4284722225,14.277083333437501,8.569444444375,-0.28541666675000005,-4.0361111110625,6.9594907405,5.839467341687499,5.0209662404375,3.1924260244375,2.3114324686874994,3.700746624625,3.992385742000001,2.7370802373750007,4.140669982687499,2.4882719198125005,3.7876950969375,2.7955674796874996,4.6638668152500005,3.7225479979999996,41.6284722213125,39.40902777875,36.13680555625,28.020833333125008,46.048611111875,24.524305554375,26.6777777775,29.122222221875,34.1486111125,33.527777778125,29.063888888999998,26.8000000014375,32.925694445,32.94128657893751,31.258123195625,15.5363898266875,14.9935807971875,31.958833251249995,16.3430289584375,24.977897793125,18.052484034375002,18.385579730625,20.343522340625,24.750726093812496,28.839753959812498,23.19843388125,1000.3299999999999,965.49,173998.85999999996,180276.57999994006
Cahuilla Band of Indians,0.114,0.152,3.46,6.72171e8,0.1,0.146,3.15,1.2696300000000001e8,0.886,0.848,0.9,0.854,0.2108483033024095,0.2108483033024095,0.08706001105523094,0.1591190166557745,0.06771170972170304,0.31523242629918397,0.31523242629918397,0.030723481500461246,0.15934489781175143,0.1345824449697337,10.23888888975,10.919444447499998,11.186111109999999,13.14722222,14.4388888875,17.972222220000003,19.072222224999997,20.461111109999997,18.0472222225,16.511111112499997,11.624999997500002,10.213888888000001,14.48611111,2.2392127605,2.189698166,3.12902121975,2.3053553860000005,2.39985538375,2.6229482109999998,2.15022364375,3.034924233,2.1461079365,2.2298594475,1.8548596637499999,2.0991802782499995,2.3667705277500004,123.91944445,118.44166664999999,84.31388889,35.92777778,17.5000000025,5.227777777500001,2.75277777775,1.2222222222499999,2.0805555555,14.216666667499998,24.797222225000002,59.46388889,40.82199074,112.775797225,112.959620925,75.95201064999999,25.9180293425,13.3435850375,8.1345944175,4.028398237,2.0002994149999997,2.89720106525,13.953679555,36.14912349,89.38245928250001,41.457899885,7.2,6.316666667,9.277777776,10.81666667,13.766666670000001,19.211111109999997,22.627777779999995,21.972222225,19.816666665000003,14.133333335,9.36111111,7.383333333,13.49027778,1.309655401,4.7954474085,1.6518247195000002,2.2690221315000003,2.5716072965000003,2.422311972,2.217544198,2.4325579950000003,2.2629351735,2.72212211,3.458275426,2.192229803,2.525461136,127.41666665000001,102.28333335,68.81111111,38.716666665000005,16.727777775,3.6666666665,12.97777778,9.183333331,5.8,19.483333329999997,35.966666665000005,46.06111111,40.5912037,118.14281867,100.371461065,57.17329292,18.827003445000003,15.191980430000001,4.384228878,12.853364195499998,11.145003490000002,7.151597140499999,21.643370915,51.80272075,61.25008413,39.994743834999994,160.0,154.43,173998.85999999996,180276.57999994006
"Upper Sioux Community, Minnesota",0.07639489828137185,0.1197097232462106,3.021553823842804,932474.7521265718,0.09293197285960943,0.14991500287535647,3.1464309408980826,491697.1993300504,0.9236051017186282,0.8802902767537895,0.9070680271403906,0.8500849971246436,0.7422724441067655,0.6594778971955698,0.0009999999999999998,0.7296652610655265,0.71791102121207,0.7237496003414035,0.5006192006338247,0.0010000000000000002,0.6941590104844781,0.59679983404596,-7.623609427598784,-5.644855218741816,2.4282222222133334,9.149865319966668,14.908915825709096,20.949488215509092,22.942962961024225,21.8132525271394,17.248087543303033,9.64591245811636,0.996707070641818,-7.268821549033937,8.295510662378183,2.8515344149690907,2.9771062907490893,1.976763552581212,2.0752624471842416,1.5022238606133327,1.6363241388327279,0.9905309209496971,1.3977785358000003,1.8797426381757572,1.6203720973460611,3.713888915655758,4.071180899363029,2.224392392787273,14.903939395533328,12.185218853375757,42.901353534363615,65.21665993292723,102.35907070033333,116.38964309763637,94.0277373777272,102.31630977633337,87.28977104570302,44.3545656574303,32.098127946175765,22.883319864963646,61.410476432193924,9.428211976874543,10.750405901214542,24.804641068739386,38.93497907173939,33.197585220787886,58.50421849321818,56.53068389706667,46.265655579133345,54.4889155237394,18.191750440103025,28.059273771793936,18.016803413896966,33.097760362690906,-9.8833333335,-7.9611111115,0.638888889,8.088888889,14.327777780000002,20.122222225,22.005555554999997,21.094444445,16.577777779999998,8.4555555555,0.044444444499999985,-8.1833333335,7.1106481485,2.7815319119999997,3.0524398099999996,2.131717749,2.8221770090000002,2.0419697329999997,1.5480067585000001,0.9925782135000001,1.4016155345,1.8194232639999997,2.3399014155,3.256786348,5.353988428,2.4618446809999996,24.61111111,14.394444445000001,36.966666665,66.761111115,98.13333333,106.55555555000001,102.03333335,89.33888888999999,86.138888885,56.68333333500001,40.866666665,28.54444444,62.58564814500001,27.76609312,9.667324171499999,25.058937119999996,37.89240455,24.860249924999998,44.735392315,37.040107185,38.596214925000005,65.10211534,26.647706859999996,38.188397315,21.505453499999998,33.088366359999995,3535.29,3412.1799999999994,173998.85999999996,180276.57999994006
"Northern Cheyenne Tribe of the Northern Cheyenne Indian Reservation, Montana",0.09371698679977278,0.12366436845243892,3.4656149145745108,1.705056429518307e7,0.1466106951571848,0.22974237963042532,3.1799999999999997,895336.9647515771,0.9062830132002272,0.8763356315475611,0.8533893048428152,0.7702576203695747,0.1629911129714161,0.1551300476785009,0.002349017042170636,0.13501836339693543,0.06590993289080722,0.13861769439877436,0.13684710187397067,0.001605882365546855,0.10574065098006623,0.050354988524354605,-2.6413631346523165,-1.1235688005758264,2.6402483443764893,6.926848785917379,11.655222590488563,16.899472037745017,19.986162619728464,20.020180279973495,15.496260118253302,8.112113686669366,2.5615415746947003,-2.9469849153786387,8.132177765557774,3.2980705599458573,3.5766746810403935,3.3144583380223485,3.0574778355915533,2.969145416607614,3.4378265039115856,2.6814966506778135,2.9450079717019846,3.115091043928145,2.7968384876122503,4.286772113202645,3.8339125782268186,3.2760643483534744,27.100483811693685,22.064243929387384,35.61727005143542,41.52738042718374,59.86642200191552,37.49461000789069,47.912030905137364,42.588018763831094,31.404521707547982,28.99736019170694,25.45261957261752,19.089048933315873,34.92616752546025,24.374485036200962,18.28021300848358,18.49525135930413,21.7771814796109,37.6306462994652,27.7769786245364,32.82619857853142,24.817502811122516,20.902204792265717,21.236942807575154,20.556923476495857,14.775459197995856,23.620832289632432,-6.003703703499999,-2.011111111166667,1.8148148148333332,8.111111111166666,11.918518518333332,17.67037037,21.677777776666666,20.279629630000002,14.40925926,9.2777777775,0.8092592591666666,-4.957407407333333,7.749691358166667,2.737693016,3.826009050166667,1.9875261488333331,1.9140999056666668,2.279963476,1.8117523756666665,1.8202456373333336,2.198174013666667,2.0852224411666667,2.0191321788333334,5.0784581200000005,4.170058310833334,2.6606945563333335,14.822222220000002,13.16851851833333,19.892592593333337,37.79629629833334,95.82222222666667,59.818518518333335,41.92592592333334,37.41111111,28.953703703333332,30.670370371666667,21.172222221666665,15.538888888333334,34.74938271666667,9.378028884666668,7.7243933965,10.225311522166667,20.128587186666667,63.42937797166667,25.504651941666665,27.839844741666663,31.13559793666667,15.30877473,15.580133726666666,15.286582825000004,16.668398513333333,21.517473616666667,12629.15,12189.400000000012,173998.85999999996,180276.57999994006
"Minnesota Chippewa Tribe, Minnesota (Grand Portage Band)",0.10492852748135763,0.19712951733749842,3.134396822376029,1.4838128628243108e6,0.09899999999999999,0.163,3.13,281000.0,0.8950714725186424,0.8028704826625016,0.901,0.837,0.43070823539366787,0.4052773502494078,0.0009999999999999996,0.222377759190418,0.3282079265958238,0.3905850151767989,0.364027608883356,0.0009999999999999998,0.27336276216126054,0.3200784671543709,-10.103703703082353,-8.88662309349412,-0.523485838937255,6.808235294003923,13.154466230470593,18.22732026482353,20.920087147490197,19.782745096196077,14.691503267921568,7.679302832211766,-0.2616993462666667,-9.156601307215688,6.027628903415688,2.334671710909804,2.8512240243647056,2.48689087054902,2.1111125140549025,1.3646661212235298,1.7134400980235296,1.0982229414901963,1.4454521880705886,1.794491221619608,1.9042781024196083,2.8010316028196085,3.980209808305882,2.1571409337843135,21.204575162352942,15.568627450000001,37.48627451117648,51.28431372764707,78.85211329309806,123.71455339568628,97.3633986947059,116.53529411176473,111.82174293078434,71.53071895411766,48.898692810000014,27.59673203058824,66.82141975666669,11.867106797647061,6.817666885588237,19.271096357647064,18.744464043529412,22.63734074231373,36.75623242301962,40.62764900705882,46.068413780000014,60.92510031850982,30.838164581176475,31.66454291882354,18.239315346470594,28.70475776545098,-11.955555560000002,-10.133333333500001,-2.1777777775,4.433333333,10.75,16.08888889,18.794444445,18.07777778,13.01111111,5.988888888499999,-1.8944444444999997,-9.199999998500001,4.3152777775,2.526196929,2.3572405825,3.6804762335,2.1913991009999996,1.433333723,3.541258788,1.852747215,1.6419500509999998,3.5356690009999996,1.7288037445,3.9378277329999998,7.6688108249999996,3.0079761605,34.96666667,19.3,26.25,39.366666665,74.07222222,103.25,114.3777778,83.12777777999999,103.483333345,67.82777778,51.58888889,36.85,62.871759265,15.480685339999999,8.363933929,15.785697895000002,16.519890569999998,25.323755140000003,39.1295641,24.757296805,33.512640705,48.671542835,26.747764395,23.83108262,11.321904508,24.120479905,1120.0,1080.98,173998.85999999996,180276.57999994006
"Pyramid Lake Paiute Tribe of the Pyramid Lake Reservation, Nevada",0.11154573672617896,0.1579355571322218,3.214335474186797,1.8067163153796364e6,0.1120181721483174,0.1680847302338794,3.4199473242596086,2.930110922290315e7,0.888454263273821,0.8420644428677782,0.8879818278516826,0.8319152697661206,0.1184952743827959,0.11826097943284501,0.001019817674905503,0.04269741297541426,0.0069334334740445,0.03370420930364877,0.02852215800010752,0.010327151544202719,0.007683054092331389,0.0010230100217784343,5.211379595243494,8.2070012395,10.073089632234199,12.71470466904461,15.954130523420071,20.299586947527878,22.619950433178435,22.756939281784387,19.679347378940516,15.04698471742565,8.321168939169143,5.532651796782527,13.86807792962825,3.595914740381041,2.3720536910631966,2.34554711386617,2.783907646076208,2.7810047945241636,2.507805138083643,3.481509632475836,2.612562530806691,2.7262057991821558,2.5939382783345724,2.8226204221877316,3.249561789258364,2.8227192981338294,121.93372572397764,88.98215613444238,84.12003305237917,61.61022304710037,37.95103263288104,17.591016108960964,5.122284179920074,9.009190416992563,12.711049153810405,53.935315984925644,64.48205286643125,117.73878562191447,56.26557207970261,99.07887947124534,59.368529317323414,45.37173742228623,36.31364782496283,24.80569764107063,16.848319830063193,7.029463235462825,13.810892456304831,10.842665805169146,57.07920555509292,55.91173046539033,94.71723384169145,43.43150024074349,0.4916666667499999,3.45277777775,5.0194444444999995,9.86944444325,13.105555555,18.294444447500002,22.7111111125,22.075000000000006,16.52222222,11.9694444425,3.886111110999999,0.07777777775,10.62291666675,2.232096447,4.233105741,2.05876378875,2.686624663,2.0403954942499998,2.2308115500000003,2.84451424275,1.7797508814999998,1.591870669,3.33557621325,2.14661891175,2.97499362925,2.51292685275,51.369444445,30.71388889,20.04722222,18.4111111075,27.23611111,17.57777778,9.2694444435,15.744444445000001,10.2361111115,20.477777780000004,27.9166666675,45.8194444425,24.568287037500003,51.7214701175,20.011472215,21.838320205,12.638807038000001,18.155403665,19.673733315,8.3685513455,23.888630765000002,11.388925119750002,23.32945573,36.448126895,45.981489535,24.453698829999997,1280.0,1235.41,173998.85999999996,180276.57999994006
Lac Courte Oreilles Band of Lake Superior Chippewa Indians of Wisconsin,0.10074832675401879,0.16858918840122636,3.199270939909695,5.665519571177076e6,0.11600000000000002,0.224,3.0,965000.0,0.8992516732459812,0.8314108115987736,0.884,0.776,0.36878970138795986,0.3408251612843349,0.001000000000000003,0.23097331215445982,0.32139605337843186,0.433424743723885,0.4041571227320506,0.0009999999999999979,0.24998240144653047,0.4100168293558134,-10.683029640652183,-9.502065490277634,-1.185280987181411,5.532440459116231,11.58528481779895,16.42566726065529,19.805974210677704,18.866804620632887,13.710486482665978,7.122498131897058,-0.7811998237834117,-9.527133031092092,5.114203917528888,2.2022984839218838,2.8242041424519773,2.816107907854632,2.0278416346645995,1.3166529082171081,1.8255521628368714,1.1235230972612533,1.354542421399553,1.9424309560876012,1.9119794406490798,2.9449332590663917,3.7995117264769784,2.1741315116297644,26.48009809982066,16.07459906834973,37.12752006827387,43.56289015405075,82.17825295521473,98.97634266740475,90.69174953669781,109.20599143940527,105.28905750994666,76.95426414589419,54.58423483126578,33.76633902388515,64.57427829195727,16.51370852267291,7.0140261002507405,19.945023350788073,24.339898082233162,39.90001544732713,38.74961075256945,38.57178981804971,41.82572010852562,49.793713838144576,30.004603157887612,30.61257144967756,19.314193507131414,29.715406177825514,-10.3,-7.033333333,-1.133333333,6.2,12.45555556,17.86666667,20.78888889,19.85555556,14.08888889,7.500000000000001,-0.377777778,-8.822222222,5.924074075,2.103568397,5.147329405,2.6,2.202271555,1.354724244,1.639359631,1.115173131,1.632567848,1.543894786,2.094039159,2.699434097,4.617569106,2.395827613,26.5,13.744444439999999,32.27777778,53.1,74.7,112.7333333,88.67777778,111.9666667,111.8444444,77.68888889,46.13333333,36.18888889,65.46296296,20.86953521,7.584871639,16.71143155,24.71360961,17.28351816,40.91112318,43.91178025,53.23523269,60.227238670000006,30.40425317,28.792967890000003,36.33739274,31.74857956,12320.469999989997,11891.440000000008,173998.85999999996,180276.57999994006
Port Gamble S'Klallam Tribe,0.1368401270489432,0.2350538086322975,3.8907466867124993,5.649717562500087e6,0.112,0.165,3.44,1.7064e7,0.8631598729510568,0.7649461913677025,0.888,0.835,0.3949533460984992,0.3894549883806881,0.0010000000000000002,0.25317358416177976,0.2908627441715287,0.4965771712598416,0.4692087775816397,0.0010000000000000002,0.3021938131686998,0.45631318464851395,-0.17102490411022164,1.3693144498793106,3.9905719760825122,7.765852490463669,11.39184455429803,14.815654077432264,20.140975643189652,18.186350574525868,14.237253695086203,9.174828954584976,2.369882320706896,-1.972304324086206,8.441599959023396,3.251403376195196,2.8553328503084985,2.3304490483608364,2.2602481521681033,1.7560237252949504,2.6300862497592363,2.2023467998417487,1.460064016690887,1.8364667273589899,1.912875353341133,3.4435865062241384,2.788933413942733,2.393984685000615,82.44626436701351,39.95613711106528,51.19584701804185,37.04649014774014,38.96659824940271,29.732724412056648,12.278126710092982,14.971360153042484,20.777859879827584,34.02136699564654,51.44852901037561,92.54270662778325,42.11533422347905,85.45077327574506,36.01635124891009,44.98103943521552,27.682871603897784,21.398206607019706,27.269319598928575,10.081373898475984,21.55706264590886,24.129565342380545,35.49479527961207,49.734783560412566,101.70128989008003,40.45811936562807,3.633333333,5.6555555559999995,7.544444444,11.53333333,13.75555556,16.42222222,19.5,17.3,15.799999999999999,11.75555556,6.977777778000001,3.966666667,11.153703700000001,3.995935435,4.160862624,1.257090998,4.102133591,3.026182046,4.442909457,4.244408086,2.690724809,1.815213486,4.112210814,4.554058019,2.753633963,3.429613611,140.9444444,93.95555555999998,94.37777778000002,52.38888889,55.98888889,48.96666667,27.7,25.63333333,35.95555556,105.21111110000001,148.0888889,142.7444444,80.99629629,69.71162226,37.17627305,30.959238429999996,25.845572369999996,21.75037037,26.07465244,29.296928170000005,15.946394580000002,27.364763430000004,60.62883894,91.75823457,62.17059415999999,41.5569569,3520.0,3397.459999999999,173998.85999999996,180276.57999994006
Summit Lake Paiute Tribe of Nevada,0.11154573672617896,0.1579355571322218,3.214335474186797,1.8067163153796364e6,0.09900000000000002,0.158,3.2299999999999995,912000.0,0.888454263273821,0.8420644428677782,0.901,0.842,0.1184952743827959,0.11826097943284501,0.001019817674905503,0.04269741297541426,0.0069334334740445,0.08668148322320711,0.08668148322320711,0.010609479396703064,0.020693450775411404,0.0054139155814396794,5.211379595243494,8.2070012395,10.073089632234199,12.71470466904461,15.954130523420071,20.299586947527878,22.619950433178435,22.756939281784387,19.679347378940516,15.04698471742565,8.321168939169143,5.532651796782527,13.86807792962825,3.595914740381041,2.3720536910631966,2.34554711386617,2.783907646076208,2.7810047945241636,2.507805138083643,3.481509632475836,2.612562530806691,2.7262057991821558,2.5939382783345724,2.8226204221877316,3.249561789258364,2.8227192981338294,121.93372572397764,88.98215613444238,84.12003305237917,61.61022304710037,37.95103263288104,17.591016108960964,5.122284179920074,9.009190416992563,12.711049153810405,53.935315984925644,64.48205286643125,117.73878562191447,56.26557207970261,99.07887947124534,59.368529317323414,45.37173742228623,36.31364782496283,24.80569764107063,16.848319830063193,7.029463235462825,13.810892456304831,10.842665805169146,57.07920555509292,55.91173046539033,94.71723384169145,43.43150024074349,-1.4777777774999998,1.1333333335,2.2111111109999997,6.761111111,9.766666669,14.69444444,19.88333333,18.2,13.444444445000002,7.95,1.2444444444999998,-2.6833333335000003,7.593981480999999,3.0132904565000005,4.071815099,1.823654154,2.354284017,1.6062948680000002,2.0053735355,1.6596442345,1.2545352790000002,2.032638445,2.1143476125,2.780091583,3.4241909630000005,2.3450133535,36.888888885,19.444444445000002,24.38888889,23.644444445,38.305555555,16.633333335,14.638888890000002,11.927777777000001,11.13888889,21.955555555,26.96111111,51.105555554999995,24.752777779999995,30.069420599999997,12.749994065,14.066417529999999,13.90457037,19.44253353,16.399804319999998,23.44685428,15.0275270155,11.0343749195,20.75811518,17.387144090000003,47.897256735,20.182001055,1280.0,1235.41,173998.85999999996,180276.57999994006
The Osage Nation,0.11805726587423786,0.18483749365584143,3.0831096951360104,5.49567369106937e6,0.153990103548466,0.24696571776974643,3.209845170750867,3.9591201444893256e6,0.8819427341257622,0.8151625063441585,0.846009896451534,0.7530342822302536,0.5727039084298908,0.5302263082425231,0.30747677014152647,0.5512311827011958,0.4606866373573338,0.3774161207951463,0.32127760835418484,0.24933042781695985,0.30693447301074434,0.3320218767087474,0.22492039555203625,2.229763700447964,8.488654265223229,13.740388802880853,18.306066699411776,24.903033347978894,27.450812804826555,26.852723312368035,22.44741075941177,15.196480640769233,7.654164571831072,0.5647896766892914,14.004934081779789,2.40354057860181,2.886276088552037,1.214727499396682,1.451267366763198,1.5031097108235296,1.741397249161388,1.5485446209140274,1.8045169266862746,1.6834705575022633,1.4859352611704377,2.372521889271494,2.669913396069382,1.8971017621659128,34.12773587969835,36.242768560497744,68.89369867782807,57.27018602343893,125.76222558371046,130.4597452620513,98.20670354365011,90.87134238321269,59.46835930901961,54.61794871862745,39.899128540165925,27.417362160452495,68.60310038717951,18.375254768461545,18.866932250045252,37.80494275767723,27.42777921003018,66.34190142870288,69.08113222834089,64.75234765434391,47.16246299993968,37.69382596485672,38.380627659577684,32.78138072873303,22.578445651176477,40.103919441659144,1.4092592591666666,2.075925926,8.4555555555,14.522222220000002,19.201851851666667,24.711111111666668,27.312962961666667,27.420370370000004,22.137037038333336,15.635185185000003,8.820370370500003,1.4537037038333334,14.429629630000003,3.7672595333333336,7.605372761833335,4.6927797015,2.9705829261666676,2.479407805666667,2.7016308311666672,2.693006349166667,3.0918469880000004,4.412115398333334,3.165708149833334,2.8488077898333337,3.1960892591666674,3.6353839580000002,40.44444444666667,53.729629630000005,87.29074074166668,87.11481481666668,125.16111110333334,164.7740740666667,89.54814815000002,76.75555555500003,94.00370370166667,71.21481481333333,49.259259258333344,32.60000000000001,80.99135802500003,23.84216639666667,43.871019423333344,54.07718270000001,50.08989102666667,57.997781266666664,69.31045785333333,55.72927590333335,51.15760299500001,53.66359429166667,49.298250886666665,39.52556642333334,22.642688366666672,47.600456461666674,1590.65,1535.2600000000004,173998.85999999996,180276.57999994006
Nez Perce Tribe,0.09731835830033433,0.15565399548489825,3.1901382310738366,3.7940051630988833e6,0.13717849971271384,0.1752863925965737,3.137604157438543,1.3213835592277774e6,0.9026816416996657,0.8443460045151018,0.8628215002872861,0.8247136074034263,0.2249082932576324,0.2156009806098038,0.04031240883254114,0.17582289588330416,0.05867178572078067,0.4316690381686286,0.42732045498178295,0.0010494194699924087,0.2857999013589034,0.2689853818746574,-4.583526570039131,-2.230096618226087,1.9066666664347827,6.695603864456521,10.537777778378262,15.323768115391307,20.21816425130435,18.547729468956522,13.362898550434783,7.750096618273913,-0.44893719831739126,-4.438115941991304,6.886835748769564,3.3456309294739133,2.133074732691304,2.4359051265608693,1.5620241340913044,1.785440317478261,1.449302053947826,2.270591667913043,2.0468974800521735,2.1451744397043475,1.8834868114956522,3.743578937473913,3.2645202294086952,2.3388022384695653,32.263816422695655,10.467777778356522,22.892512078608696,27.54758453995652,79.15183574843479,73.42396135065218,25.577004829695653,28.717294685608696,39.72207729591304,28.609130435434786,25.17874396021739,15.100434780652174,34.05434782721739,68.26043755005652,8.013107500382608,16.622369191069563,15.574040333304346,33.673986661956526,49.496361020173914,21.810395151043476,29.953921511347822,27.872285896695647,19.8359705396087,13.057154199304346,9.215594099526085,26.115468638217394,0.501851852,2.444444444333333,5.311111110999999,9.824074074833334,12.788888888333332,16.71851852,21.516666666666662,19.872222224999998,15.742592593333331,9.264814814166668,1.5388888888333332,-1.5740740741666666,9.495833333499998,3.7622205096666668,3.679281216333333,2.854451045833333,3.0288910715,2.5071261236666667,3.227577303166666,2.3305043843333326,2.042143586666666,2.3230487913333335,4.499437176833332,3.892690730333333,4.356619525499999,3.2086659556666657,99.46851851,61.13518518833333,79.67037037,61.45555555500001,76.90185185333331,60.03703703666666,23.59814814833333,29.490740741666663,42.92222222333333,76.14629629166667,101.28333332666666,123.07222223333333,69.59845678666666,71.86350761833332,36.18803963833332,42.20218440666666,29.741475243333337,29.895939625,35.60933365333333,22.676693958333335,23.943912036666667,28.886771208333332,41.17612086833333,56.95900197833333,73.22930139166667,41.031023469999994,480.0,463.28999999999996,173998.85999999996,180276.57999994006
Jamestown S'Klallam Tribe,0.1368401270489432,0.2350538086322975,3.8907466867124993,5.649717562500087e6,0.147,0.252,3.31,6.145e6,0.8631598729510568,0.7649461913677025,0.853,0.748,0.3949533460984992,0.3894549883806881,0.0010000000000000002,0.25317358416177976,0.2908627441715287,0.23840793108308586,0.23840793108308586,0.0009999999999999998,0.1724246541083563,0.1520099599928208,-0.17102490411022164,1.3693144498793106,3.9905719760825122,7.765852490463669,11.39184455429803,14.815654077432264,20.140975643189652,18.186350574525868,14.237253695086203,9.174828954584976,2.369882320706896,-1.972304324086206,8.441599959023396,3.251403376195196,2.8553328503084985,2.3304490483608364,2.2602481521681033,1.7560237252949504,2.6300862497592363,2.2023467998417487,1.460064016690887,1.8364667273589899,1.912875353341133,3.4435865062241384,2.788933413942733,2.393984685000615,82.44626436701351,39.95613711106528,51.19584701804185,37.04649014774014,38.96659824940271,29.732724412056648,12.278126710092982,14.971360153042484,20.777859879827584,34.02136699564654,51.44852901037561,92.54270662778325,42.11533422347905,85.45077327574506,36.01635124891009,44.98103943521552,27.682871603897784,21.398206607019706,27.269319598928575,10.081373898475984,21.55706264590886,24.129565342380545,35.49479527961207,49.734783560412566,101.70128989008003,40.45811936562807,3.616666667,4.6666666665,6.7055555555,9.944444443,12.49444444,15.266666664999999,17.98888889,17.28888889,14.888888890000002,10.35,4.716666666499999,3.1555555555,10.090277779000001,1.7643593215,3.23604212,1.337528533,2.2347238419999997,1.7707194849999999,2.660168977,2.207436966,1.5537614704999998,1.0538444145,4.8639637745,3.0021851100000005,2.0882359979999996,2.3144141675,229.05555555,175.30555555,170.18888890000002,112.72222225,116.2666667,99.09999997999999,29.927777775,67.92222222000001,90.71666666,238.27222225,348.60555555,277.9277778,163.0009259,135.172889575,86.53714843,63.791907645,49.257634044999996,62.142047205000004,60.11287945000001,24.325363965,48.9387882,52.65461165999999,176.74767759999997,226.75517055,125.33798006,92.64784155,3520.0,3397.459999999999,173998.85999999996,180276.57999994006
Cow Creek Band of Umpqua Tribe of Indians,0.15469530877843257,0.23797048032200627,3.2797048032200626,5.946852794338816e6,0.147,0.22599999999999998,3.1600000000000006,8.494e6,0.8453046912215674,0.7620295196779937,0.853,0.774,0.3287386418041003,0.2971758168973633,0.0010000000000000007,0.1996580657507474,0.30749472004806633,0.2963750000349256,0.29238416281162133,0.0014745736872325312,0.13661230614991782,0.19572302112639944,6.763744251690253,8.587553775354468,10.58469811732777,11.813981605333776,14.4664812336048,18.31485684458611,18.53238392029372,24.003990504572755,18.931219405013337,16.39348761483311,10.38461652507877,7.738317757218289,13.876277629512678,2.705305772170894,3.6059253783197582,2.2932915638357803,2.170600556365821,3.309547141612817,4.914788058469958,3.351525698267689,2.2942191727349788,3.3699865450200264,3.3116251523464615,2.1910050587176233,1.6535167398911879,2.930944736592122,171.04198932403196,110.68360777541386,107.20304110273695,72.84813826135512,49.50153537957273,17.27754784140854,3.1288829549786374,3.569737427477302,16.042137666257666,52.93747218447929,66.68654502315084,177.7056668014018,70.71885847833774,135.93202975109472,91.70001772476637,111.42539407200928,65.35687702243655,36.773916132082775,17.8187629274032,3.6266335937730294,5.538324498532708,19.524563341221626,43.5365323676168,80.91841849281708,179.05195011882506,65.93361833789719,3.1055555554999996,4.702777777750001,6.3694444445,9.747222222249999,12.461111110000001,16.0416666675,20.41111111,19.405555555000003,16.08888889,11.163888887499999,4.5083333334999995,2.488888889,10.54120370325,2.38856920025,3.7295004652499997,1.6040431245,2.1109329005000004,1.7851975495,2.2897124347499997,2.1977639445,1.52789031425,1.51290047,2.9419912315,3.01142691875,2.573459847,2.3061157,143.41111112500002,79.79166667,91.54722222250001,73.46388889,59.944444444999995,39.58611111250001,23.180555555,13.830555555,29.56111111,69.3138888875,115.08333334750002,174.75555555,76.12245370500001,97.26967463749999,45.27611616,38.27832518,46.1562527425,32.8748682075,22.9986082375,27.0903862275,17.585311599999997,27.763655925000002,30.2744530475,68.36983158,119.161575355,47.758254907499996,3377.7699999899996,3260.130000000001,173998.85999999996,180276.57999994006
"Pinoleville Pomo Nation, California",0.11586236466054425,0.16082815705425121,3.7144753116620524,1.7806687729233507e7,0.135,0.194,3.53,7.022e6,0.8841376353394558,0.8391718429457488,0.865,0.806,0.3139243775982025,0.3082102091265928,0.16885572269732343,0.12563368466767635,0.19848242595681215,0.5570193653720185,0.5386274236495568,0.39235593272391,0.40992930574618125,0.4613209420304323,8.222887633422596,10.281173886037283,11.161249215442934,13.454256120050847,16.230677965237284,20.258405523440665,21.94217828003389,22.6031073445819,19.826798493807907,16.980395479870047,10.746660388909602,7.9196359070265485,14.96895218621468,1.9878769915401113,2.0540290437553654,2.115249066633332,2.6265926600395466,1.7923299657062142,2.944610878572879,3.5304199984175124,2.7048266130079073,3.2247008091615816,2.158893319527118,2.0342240867542367,2.121970764719208,2.441310349777965,154.40644067510155,113.51922787786438,100.19762084158192,49.67125549267795,33.6441619588305,9.604996861888695,2.2247583175344627,1.9490207156327675,6.747212806031071,32.6204896428079,52.799359698661,127.10343377310728,57.040664889022565,113.08144889725425,99.059393500644,87.29864507806211,40.813423814926516,27.67767199545762,14.036372871555363,4.394463339796042,4.322216026240676,7.954780433297736,34.47877981463276,48.858499678237244,114.1169508555988,49.67438719195478,7.544444444000001,7.911111111,8.888888889,10.55555556,13.288888890000003,18.07777778,19.96666667,19.34444444,17.72222222,13.84444444,8.866666667,7.2,12.767592589999998,1.170588646,4.060924908,1.287870766,2.114894271,1.8956822279999999,3.078464625,0.8746427839999998,0.585472269,1.210142324,2.374400509,1.670329309,1.679285562,1.833558183,227.68888890000002,151.1666667,153.1,72.73333333,56.22222222,18.84444444,5.444444444,7.888888889,13.62222222,53.57777778,85.13333333,238.68888890000002,90.34259260000002,167.3344663,103.5033937,133.0740771,41.33566862,37.25958862,21.35884542,11.12251221,18.94369581,16.7195079,42.01832272,60.31944131,183.7245795,69.72617493,4069.36,3927.6299999999997,173998.85999999996,180276.57999994006
Lac Vieux Desert Band of Lake Superior Chippewa Indians of Michigan,0.09424978395974593,0.15373263051365182,3.25495488937132,4.006602239535499e6,0.146,0.187,3.04,1.158e6,0.9057502160402541,0.8462673694863482,0.854,0.813,0.2899676404390876,0.27226040216806946,0.005208503311395493,0.1790968769189515,0.20473619762936013,0.36173648310414613,0.3509983366945477,0.001,0.20119831853441528,0.3241413337593596,-7.978321048600365,-6.248641292873147,0.15083343920529987,5.841063032118952,11.11045346623487,15.934413521481158,19.736649087396106,18.571022365763483,13.746557165385079,7.510765874558913,-0.6806106240021939,-7.3071461857304625,5.865586566767831,2.5803260287677308,2.6705134975390794,2.566570584467312,1.7667315040499476,1.4857593161822369,1.7823632112335133,1.719361508309096,1.7307812973813412,2.3443412464542557,1.9468001381249547,3.2977766064086977,3.3288492126506894,2.268347845908314,36.18450989029935,15.160794467424543,34.624617696973914,41.06259584060525,79.75542953362472,83.3245139170769,64.0596221466995,75.55589654806447,74.70444677966184,58.56958952898787,42.36590629961309,27.075939340090017,52.70365516609518,52.55000442300068,8.39525406536648,18.70870641118769,22.036470028834394,38.254469532520034,37.60712451406317,30.931325006970404,32.82400190104177,38.56204157264118,25.096371231182875,22.779941403278244,17.85176833885859,28.799789869031677,-11.14444444,-10.5,-2.422222222,4.377777778,10.8,16.23333333,18.71111111,17.85555556,12.68888889,5.833333333,-1.8555555559999999,-9.611111111,4.247222223,1.753646993,2.060339778,2.731655989,2.358907468,1.54677083,2.675350444,1.9464354889999997,1.64629213,2.916095182,2.034084561,3.143290915,4.76509298,2.46483023,44.17777778,17.97777778,35.0,56.53333333,74.86666667,105.2777778,117.9333333,99.26666667,122.50000000000001,86.87777778,58.42222222,36.76666667,71.3,63.540730589999995,5.733406007,22.605475,40.00181246,40.31169185,34.67213499,34.28593006,41.16132894,59.14207470000001,40.60359522,33.14195897,20.65623393,36.32136439,21957.009999979997,21192.469999999994,173998.85999999996,180276.57999994006
Nisqually Indian Tribe,0.11799999999999997,0.17099999999999999,3.3899999999999997,5.7993999999999985e7,0.11626475664261329,0.16857065929965862,3.3761180531409067,4.396282221217101e7,0.882,0.829,0.8837352433573867,0.8314293407003414,0.43199793923782054,0.4303236442443508,0.0008810733775663674,0.18595263842965304,0.34523668711520766,0.41089157227510137,0.40811860484213525,0.0010000000000000002,0.19134293604210126,0.3536547604485944,1.0286309284328896,3.6978637645139045,3.530122262725513,7.962501679230954,11.172228939854895,15.824828698016923,19.73518742324062,18.54126024480048,15.927529221813778,8.972752921918982,2.8624613733095523,-1.135550181460701,9.009984772813784,3.902752925990326,2.039695567001209,2.545453453412333,2.193715623287787,2.149259676900846,3.4615834703893578,2.836561310301088,2.0372017298440137,3.917641014120917,2.069952603058041,3.456814539415961,2.3794905593784756,2.7491768726662626,102.93662502070127,72.82164449529623,96.79819965199512,42.90548166162031,51.43099556667472,40.685382236263585,16.722383448607008,22.25843074096734,35.53864033316807,70.5162837595163,84.37776434662634,134.3935509857315,64.28211518857314,114.03361907446192,55.6285668154897,82.36117393517532,34.642537843143884,24.760992878548965,34.817739601886316,12.685605197788385,23.87288293349455,31.12554449191051,54.667549592914135,91.33413489871825,101.65652647035064,55.132239479347014,4.0,4.816666667,7.261111111000001,10.649999999999999,12.633333335,15.255555560000003,18.46111111,18.11111111,15.500000000000002,10.561111113499999,5.2,3.3333333334999993,10.481944445,2.1297111435,3.19212127,1.430800077,2.5524193494999996,1.2967929185,1.4266678044999999,1.6628876195000002,1.9652880275,1.502622879,3.1638503705,2.8987010775,2.4217362639999997,2.1369665665,159.5611111,119.0388889,120.26666665,75.25555555499999,68.2,58.183333335,26.144444445,24.433333335000004,47.63888888500001,116.71111110000001,187.1388889,159.29444445,96.82222223,104.310128985,64.614523175,57.03434875,35.218798144999994,34.042938255,24.457082805000002,24.16408525,14.20506986,38.14833995,65.25426362,113.62910935000001,86.87465953,55.16277897,1114.20000001,1075.4100000000003,173998.85999999996,180276.57999994006
Omaha Tribe of Nebraska,0.08647030843138287,0.13155660321981777,3.018790679187138,985240.0231624984,0.1621764635154987,0.23459119199236078,2.9437797583017415,601305.687492065,0.9135296915686171,0.8684433967801822,0.8378235364845013,0.7654088080076392,0.7301505604362637,0.6384256255934908,0.002751498483097562,0.7113085468876066,0.7011445198921911,0.6884328089990006,0.5696985934835094,0.00102286139486395,0.664994943365482,0.6478236030163257,-6.953757429162278,-4.936148886750224,2.890687015171349,9.495512239475513,15.086828851359925,21.185962526314587,23.27566736977785,22.165926262910233,17.599576912280142,10.040233706623749,1.4711796111368982,-6.576830865498635,8.728736442656391,2.9304358701799624,3.043279992349951,2.0066542354279227,1.9795158070126908,1.5152616558191283,1.6337544312656394,1.0192586880543968,1.380901993019945,1.889359727817315,1.579978942702175,3.75432135828785,4.0017041557425195,2.2278689048961913,15.289120580852208,13.45256875024478,43.70504180383949,64.97674020402077,102.70807897051219,118.10131963576607,89.81071824632359,95.83419966705803,80.43234612813234,43.45087639834994,33.46436486353127,22.766278835358115,60.33263784062098,10.53121774380507,12.179387163904794,25.05106174656843,38.80176361904801,34.81205610771531,61.450138982864885,53.38414303861286,43.92035584260199,50.931227128635506,18.92808851116046,28.244960191541235,19.905104398921107,33.17829203908883,-5.6444444444999995,-2.4000000000000004,3.1722222220000003,10.572222219999999,15.772222225,21.744444445000003,24.633333335,23.172222225000002,17.47777778,10.93888889,3.4944444445,-6.022222222000001,9.742592593000001,3.0516993995,6.291955315000001,2.5412841945,1.6395577175,1.391675904,2.358326615,1.8952790655,2.4226934815,2.3872151914999997,1.4416619055000002,6.405018934,3.2511028670000006,2.923122549,20.816666670000004,32.66111111,47.72222222,75.56111111499999,109.50555555,123.1,85.58888888999999,79.05,75.32777778,56.40555555499999,37.62777778,44.59444444499999,65.66342592500001,18.451979635,53.61136694500001,30.451534700000003,36.613876770000005,45.9514389,62.450629815,60.91731861499999,43.23647978,40.72742219,32.32539399499999,25.972441139999997,58.538697799999994,42.43738169,4791.59,4624.730000000001,173998.85999999996,180276.57999994006
"Three Affiliated Tribes of the Fort Berthold Reservation, North Dakota",0.10699964987919276,0.1829992247324983,3.2000007502588725,352076.50139637565,0.053172719181877014,0.09285858751018361,3.4305833956082985,294891.80221172376,0.8930003501208073,0.8170007752675017,0.946827280818123,0.9071414124898164,0.15322522637451513,0.15322522637451513,0.03376146275133198,0.07203374030487525,0.019311703170138958,0.34766780138017855,0.30495257751041316,0.0011000283791571127,0.3305012164846494,0.16612773931542837,-3.8999999999999995,-1.6833333329999998,1.733333333,6.811111110999999,10.68888889,15.14444444,20.2,19.17777778,13.516666665,8.288888889,0.166666667,-4.194444444499999,7.1625000000000005,3.458323293,1.8736744779999999,2.48445165,1.395030864,2.192854558,2.0415136,2.257210668,2.272541407,2.323490296,1.558400177,3.945883931,4.67790201,2.540106411,9.25,8.177777778,22.12222222,21.52222222,78.93333333,68.43333333,19.45555556,28.877777779999995,41.3,26.82222222,15.688888890000001,8.527777777999999,29.092592590000002,9.2962085925,6.703315929,28.692236659999995,11.81987498,36.79368152,46.77662344,14.626953809999998,30.528584060000004,35.43176541,16.05551134,9.19272055,6.8869498425,21.06703551,-9.582222222200002,-5.1711111112,0.07999999980000004,8.0044444444,13.062222222,17.959999998000004,21.520000000000003,20.273333334,14.015555556,8.671111111000002,-1.6533333332000002,-8.917777778,6.5218518518,4.4996841110000005,6.421281563200001,3.1021497772,2.9541897684,2.7998824414000003,3.2436533676,2.1470949598,2.0321355312000002,2.4854973040000004,3.6900597768,5.065807521,5.3327533746,3.6478491246,11.457777777999999,9.8066666684,23.142222222,25.735555555999998,67.713333332,77.673333334,50.868888888,45.21777778,34.52,40.164444444000004,31.217777778,14.131111112000001,35.97074074,9.079346110000001,9.4725830252,25.660209048600006,15.924825160000001,34.854485974000006,45.98372537400001,23.255263382000003,37.733491568,25.778163674,19.385400810000004,32.178071866,7.917720781799999,23.935273898000005,160.0,154.42,173998.85999999996,180276.57999994006
"Rincon Band of Luiseno Mission Indians of Rincon Reservation, California",0.114,0.152,3.46,6.72171e8,0.096,0.126,3.52,1.88159e8,0.886,0.848,0.904,0.874,0.2108483033024095,0.2108483033024095,0.08706001105523094,0.1591190166557745,0.06771170972170304,0.15760970533106658,0.15760970533106658,0.07435762634190232,0.0832615953377016,0.05864297771304655,10.23888888975,10.919444447499998,11.186111109999999,13.14722222,14.4388888875,17.972222220000003,19.072222224999997,20.461111109999997,18.0472222225,16.511111112499997,11.624999997500002,10.213888888000001,14.48611111,2.2392127605,2.189698166,3.12902121975,2.3053553860000005,2.39985538375,2.6229482109999998,2.15022364375,3.034924233,2.1461079365,2.2298594475,1.8548596637499999,2.0991802782499995,2.3667705277500004,123.91944445,118.44166664999999,84.31388889,35.92777778,17.5000000025,5.227777777500001,2.75277777775,1.2222222222499999,2.0805555555,14.216666667499998,24.797222225000002,59.46388889,40.82199074,112.775797225,112.959620925,75.95201064999999,25.9180293425,13.3435850375,8.1345944175,4.028398237,2.0002994149999997,2.89720106525,13.953679555,36.14912349,89.38245928250001,41.457899885,8.288888889,8.211111111,9.477777778,11.23333333,13.66666667,17.8,21.42222222,21.8,19.22222222,15.08888889,11.01111111,8.644444444,13.82222222,1.027672667,3.0563231360000005,1.2637026719999997,1.467991826,1.553222457,1.7334935819999997,2.709602267,1.538668255,1.488940712,2.394496004,1.59173211,1.510886421,1.778061009,116.3,92.57777778,65.82222222,37.26666667,19.56666667,4.122222222,10.144444440000001,12.1,6.822222222,17.72222222,36.1,43.68888889000001,38.51944444,97.49667943,77.92768728,52.33817386999999,16.54486325,18.77072188,5.417512754,10.33865454,17.68954493,8.749253936,16.65351147,47.2032573,54.76094513,35.32423381,160.0,154.43,173998.85999999996,180276.57999994006
Sac & Fox Nation of Missouri in Kansas and Nebraska,0.07639489828137185,0.1197097232462106,3.021553823842804,932474.7521265718,0.13167106274607682,0.22301318823823046,3.039802176426543,580895.2627959948,0.9236051017186282,0.8802902767537895,0.8683289372539231,0.7769868117617695,0.7422724441067655,0.6594778971955698,0.0009999999999999998,0.7296652610655265,0.71791102121207,0.8298846391248865,0.6540761934383941,0.0010000000000000002,0.7247162502712391,0.8123573376512782,-7.623609427598784,-5.644855218741816,2.4282222222133334,9.149865319966668,14.908915825709096,20.949488215509092,22.942962961024225,21.8132525271394,17.248087543303033,9.64591245811636,0.996707070641818,-7.268821549033937,8.295510662378183,2.8515344149690907,2.9771062907490893,1.976763552581212,2.0752624471842416,1.5022238606133327,1.6363241388327279,0.9905309209496971,1.3977785358000003,1.8797426381757572,1.6203720973460611,3.713888915655758,4.071180899363029,2.224392392787273,14.903939395533328,12.185218853375757,42.901353534363615,65.21665993292723,102.35907070033333,116.38964309763637,94.0277373777272,102.31630977633337,87.28977104570302,44.3545656574303,32.098127946175765,22.883319864963646,61.410476432193924,9.428211976874543,10.750405901214542,24.804641068739386,38.93497907173939,33.197585220787886,58.50421849321818,56.53068389706667,46.265655579133345,54.4889155237394,18.191750440103025,28.059273771793936,18.016803413896966,33.097760362690906,-0.9638888887499999,0.6249999997500001,6.3722222222500005,13.719444444999999,18.42222222,23.547222222499997,26.3888888875,25.6361111125,19.541666667500003,14.702777777500001,7.12777777775,-2.3250000002499998,12.7328703725,5.15182658425,5.5537162085,3.9037220907499997,2.69708137225,2.1826643832499997,1.9759749305,1.57894661825,1.80047743025,2.878694075,2.39203343475,4.830711392,4.1656058955,3.25928786825,27.633333335000003,43.1527777775,74.3833333325,73.6361111125,105.130555555,130.44444445,104.88333334999999,95.8555555525,85.11944443499999,66.59166666750001,39.75000000000001,39.5499999975,73.84421296500001,18.670806925,49.0123165575,48.885856365,38.507558495,68.42168179500001,40.113190825000004,32.9584095075,42.7401597125,56.68374790749999,47.69232249,19.1471670875,41.242267192499995,42.006290405,3535.29,3412.1799999999994,173998.85999999996,180276.57999994006
"Eastern Shoshone Tribe of the Wind River Reservation, Wyoming",0.11602091821922218,0.13490470364251667,2.9580353046173853,2.1739824627853267e7,0.14117614446151538,0.19888061353981684,3.372357646417614,2.8927536113836793e6,0.8839790817807778,0.8650952963574834,0.8588238555384846,0.8011193864601831,0.3396484874011003,0.3340110122515397,0.0018486985060889337,0.2967335757011592,0.11303467648724996,0.05609539760024144,0.05569457009786642,0.0027993493918918168,0.021838923204164907,0.002574532331752981,-2.3744091280014668,-1.0551860907828852,1.8513664765452322,6.981211627251343,11.313126867949629,16.82618853562347,20.698299374919312,19.73368649860146,15.570823145110019,9.024775875915891,1.547171964106112,-2.8220918228831287,8.107913610405376,3.286179728266012,4.2479212132963315,3.580387328899754,3.008926903901223,3.5730639355970637,3.7109274112308066,3.331158770889975,3.465423094025427,3.602153689893398,2.773830458465526,4.417347360120291,2.8388535413745712,3.4863477862630803,32.86585167060635,25.89308883494865,51.25832654249389,43.45515892427382,62.44396631274817,35.40973105214179,41.050388481946214,29.118983971863074,29.196370551281166,26.519451235990218,38.82301005155989,40.28680249873838,38.02676084425917,25.173689245951095,16.497025277679708,26.88696768844987,24.69069042532029,34.490787653931534,21.801159820640578,37.54349011222004,27.156599789545226,18.637283173550124,16.785232930743277,33.34713658743764,34.56341472933495,26.464456453814172,-6.496296296333333,-4.635802469,-0.029629629555555582,5.949382716111111,9.918518518444445,15.38271604888889,20.185185185555557,18.54691358,13.139506173333332,8.029629629777778,-0.3049382717777778,-4.875308642,6.234156378888889,3.1105639564444445,5.878266512666666,2.4648985858888888,4.026717573111111,3.997194629444444,3.950562285333333,3.2757558817777777,3.184990003222223,2.6478310743333333,4.122794151777777,6.587103823111112,4.9054174122222225,4.012674657444445,23.583950617,17.796296296666664,23.271604939,37.43086419777778,69.60740740777777,48.22839506111111,37.371604938888886,31.63950617333333,31.04074073888889,27.196296296666663,26.355555556666665,18.376543208888886,32.65823045333333,17.769103131444446,17.553317302222222,19.267596984999997,25.954731226666667,43.030171653333326,46.96072052111112,53.68980983222222,34.686089348888885,30.19823227,29.595302138999998,25.53437202222222,15.066637324444443,29.942173646666667,4559.41,4400.629999999999,173998.85999999996,180276.57999994006
Ely Shoshone Tribe of Nevada,0.11602091821922218,0.13490470364251667,2.9580353046173853,2.1739824627853267e7,0.115,0.193,3.12,591000.0,0.8839790817807778,0.8650952963574834,0.885,0.8069999999999999,0.3396484874011003,0.3340110122515397,0.0018486985060889337,0.2967335757011592,0.11303467648724996,0.06412660271286598,0.06412660271286598,0.001,0.014414487339391003,0.0020734551081965633,-2.3744091280014668,-1.0551860907828852,1.8513664765452322,6.981211627251343,11.313126867949629,16.82618853562347,20.698299374919312,19.73368649860146,15.570823145110019,9.024775875915891,1.547171964106112,-2.8220918228831287,8.107913610405376,3.286179728266012,4.2479212132963315,3.580387328899754,3.008926903901223,3.5730639355970637,3.7109274112308066,3.331158770889975,3.465423094025427,3.602153689893398,2.773830458465526,4.417347360120291,2.8388535413745712,3.4863477862630803,32.86585167060635,25.89308883494865,51.25832654249389,43.45515892427382,62.44396631274817,35.40973105214179,41.050388481946214,29.118983971863074,29.196370551281166,26.519451235990218,38.82301005155989,40.28680249873838,38.02676084425917,25.173689245951095,16.497025277679708,26.88696768844987,24.69069042532029,34.490787653931534,21.801159820640578,37.54349011222004,27.156599789545226,18.637283173550124,16.785232930743277,33.34713658743764,34.56341472933495,26.464456453814172,-1.9074074073333336,0.588888889,1.3296296293333334,5.396296296333333,9.122222221000001,14.970370370000003,19.811111110000002,17.97407407666667,13.781481483333334,8.848148147333333,1.6888888886666666,-2.396296296,7.433950617333333,4.772760445333334,5.14993696,2.388736221666667,2.399994739333333,2.7072910363333333,2.9505244493333334,2.4219419336666665,1.2961065303333335,2.0208205206666667,4.797516956333333,4.5302561216666675,2.9639628743333333,3.1999873990000003,34.322222223333334,38.92962963,32.86296296333334,34.04444444666667,50.15555555333333,18.081481483333334,15.477777776666665,38.748148150000006,23.085185183333337,27.15555555666667,30.107407406666667,25.000000000000004,30.66419753,21.905745913333334,27.020789710000006,14.878421860000001,20.474755016666666,22.89820372,13.134621665333334,15.48606557666667,49.61178987,19.05757146666667,15.799408000000003,23.89146981333333,24.131234253333332,22.357506406666666,4559.41,4400.629999999999,173998.85999999996,180276.57999994006
Timbisha Shoshone Tribe,0.11602091821922218,0.13490470364251667,2.9580353046173853,2.1739824627853267e7,0.1352905976342332,0.2069852739423407,3.338669724014972,1.6747403068893403e6,0.8839790817807778,0.8650952963574834,0.8647094023657668,0.7930147260576593,0.3396484874011003,0.3340110122515397,0.0018486985060889337,0.2967335757011592,0.11303467648724996,0.03963632128744971,0.03630652234249261,0.006388627976409937,0.010661776937097857,0.0011899809591822974,-2.3744091280014668,-1.0551860907828852,1.8513664765452322,6.981211627251343,11.313126867949629,16.82618853562347,20.698299374919312,19.73368649860146,15.570823145110019,9.024775875915891,1.547171964106112,-2.8220918228831287,8.107913610405376,3.286179728266012,4.2479212132963315,3.580387328899754,3.008926903901223,3.5730639355970637,3.7109274112308066,3.331158770889975,3.465423094025427,3.602153689893398,2.773830458465526,4.417347360120291,2.8388535413745712,3.4863477862630803,32.86585167060635,25.89308883494865,51.25832654249389,43.45515892427382,62.44396631274817,35.40973105214179,41.050388481946214,29.118983971863074,29.196370551281166,26.519451235990218,38.82301005155989,40.28680249873838,38.02676084425917,25.173689245951095,16.497025277679708,26.88696768844987,24.69069042532029,34.490787653931534,21.801159820640578,37.54349011222004,27.156599789545226,18.637283173550124,16.785232930743277,33.34713658743764,34.56341472933495,26.464456453814172,4.51111111125,6.0444444445,7.8888888900000005,11.54722222275,15.702777777500001,21.10277778,25.355555555,24.0999999975,19.619444445,14.65,7.7805555565,4.405555555499999,13.559027777499999,1.48307116575,2.37868779925,2.37346783625,2.7126254395,2.7389140170000004,3.6940497117500004,3.4151210985000002,2.58984891775,3.0462361249999996,1.4882011345,2.35830500625,2.6754785455,2.5795005665,60.9055555475,37.330555555,24.5916666675,20.230555555000002,14.563888888000001,5.25,11.3916666675,11.047222223000002,12.063888888249998,7.725,7.96388888825,25.83055555275,19.90787037,57.153463782500005,39.2192277,22.469067637499997,25.079346015,15.274600317500001,6.73971268375,14.7018569325,14.573919557499998,14.481971359999998,7.63431555675,12.446478672999998,26.39806119,21.34766845,4559.41,4400.629999999999,173998.85999999996,180276.57999994006
St. Croix Chippewa Indians of Wisconsin,0.10492852748135763,0.19712951733749842,3.134396822376029,1.4838128628243108e6,0.09700517515022355,0.18360633140488966,3.1851943387309163,1.5154593112462228e6,0.8950714725186424,0.8028704826625016,0.9029948248497764,0.8163936685951103,0.43070823539366787,0.4052773502494078,0.0009999999999999996,0.222377759190418,0.3282079265958238,0.3440545666797694,0.3200673585177242,0.0010000000000000002,0.20776229812067723,0.31170878076418945,-10.103703703082353,-8.88662309349412,-0.523485838937255,6.808235294003923,13.154466230470593,18.22732026482353,20.920087147490197,19.782745096196077,14.691503267921568,7.679302832211766,-0.2616993462666667,-9.156601307215688,6.027628903415688,2.334671710909804,2.8512240243647056,2.48689087054902,2.1111125140549025,1.3646661212235298,1.7134400980235296,1.0982229414901963,1.4454521880705886,1.794491221619608,1.9042781024196083,2.8010316028196085,3.980209808305882,2.1571409337843135,21.204575162352942,15.568627450000001,37.48627451117648,51.28431372764707,78.85211329309806,123.71455339568628,97.3633986947059,116.53529411176473,111.82174293078434,71.53071895411766,48.898692810000014,27.59673203058824,66.82141975666669,11.867106797647061,6.817666885588237,19.271096357647064,18.744464043529412,22.63734074231373,36.75623242301962,40.62764900705882,46.068413780000014,60.92510031850982,30.838164581176475,31.66454291882354,18.239315346470594,28.70475776545098,-9.094444444499999,-6.699999999999999,1.2388888889999998,7.4277777775,13.644444445000001,19.272222225,21.105555555,20.816666665,16.55,8.5555555555,1.0055555555,-6.8944444444999995,7.2439814815,3.164906537,3.1752477585,4.0846758560000005,2.4033727415,1.581793228,2.9028246530000006,1.061957149,2.085062937,3.053257678,1.9790695105000002,3.960436876,8.1078117465,3.1300347225,18.377777775,14.416666665,39.23888889,56.183333335,76.94444444499999,124.9055556,98.62222220000001,122.27222219999999,102.84999998500001,73.177777775,45.78333333,27.011111110000005,66.64861110999999,11.1766149325,8.103534686,20.138685985,36.50125045,23.40675805,40.858084625,50.568267580000004,54.832772545000005,60.219771665,39.2135952,37.300312045,17.5214606925,33.32009237,1120.0,1080.98,173998.85999999996,180276.57999994006
"Shingle Springs Band of Miwok Indians, Shingle Springs Rancheria (Verona Tract), California",0.12083606599909869,0.1788344848210037,3.549469438691832,3.421988151708245e7,0.091,0.134,4.47,1.2877e7,0.8791639340009013,0.8211655151789963,0.909,0.866,0.2738268989927643,0.2719159136947033,0.1343777501540155,0.1503586036347545,0.10078747183383675,0.20387329374686058,0.20387329374686058,0.05484589402902934,0.09477740470121128,0.13468151565556197,8.178496785781547,10.046136347042955,11.158341202842784,14.036315998595922,16.67191806612283,20.66136652095878,23.20325889362582,22.71766038045516,20.368781037616284,16.857971544575435,10.404501924443096,7.489634301164056,15.149531917088014,2.0723260394360663,2.398250144580203,2.3582015287650115,2.076164134518781,2.205234194993968,2.6132602306627355,2.510262494449045,2.3487169449999077,2.3094201611463285,2.3955382504303087,2.6983555394081886,2.6906162610014603,2.3896954937590715,129.1544242307494,89.86793711684119,78.14403010076589,47.2467720804177,28.33809828490811,8.909503498632665,3.412581624701487,3.554733977115619,6.9856147621231175,27.18564624359928,45.39753932717937,108.14018828603417,48.0280891278037,110.91716706913708,70.58796956559269,64.370364571711,33.819125880082225,23.518616194236085,9.45954436115602,5.59201601833388,4.770878830199341,8.539410120442826,31.63440413984825,46.12176540797367,93.93815126347401,41.93911778509367,6.1,7.433333332999999,9.3,11.66666667,15.088888889999998,20.52222222,24.98888889,23.01111111,20.65555556,13.88888889,8.133333333,5.6,13.86574074,1.308625233,2.926602125,1.8947295320000002,1.793739111,1.9029217299999999,1.996733444,2.361908362,1.695910113,1.880898131,3.021772842,3.61835598,3.560196624,2.330199436,206.5,142.9111111,128.6888889,63.88888889,57.16666667,13.37777778,11.5,12.11111111,10.64444444,47.11111111,71.28888889,152.7,76.49074074,157.8440528,132.1674454,119.97364760000002,53.05844524,38.03064554,14.24182026,17.63767275,26.16789275,15.48104576,58.94156947,71.24555152,147.7286617,71.04320423,22439.949999990007,21658.469999999976,173998.85999999996,180276.57999994006
"Minnesota Chippewa Tribe, Minnesota (Bois Forte Band (Nett Lake))",0.10492852748135763,0.19712951733749842,3.134396822376029,1.4838128628243108e6,0.12190811994435309,0.2112608843887198,3.0200566401158047,2.872892703672036e6,0.8950714725186424,0.8028704826625016,0.8780918800556469,0.7887391156112802,0.43070823539366787,0.4052773502494078,0.0009999999999999996,0.222377759190418,0.3282079265958238,0.3459309517446793,0.31887426797732443,0.0010000000000000078,0.2915181991234117,0.30531073504780154,-10.103703703082353,-8.88662309349412,-0.523485838937255,6.808235294003923,13.154466230470593,18.22732026482353,20.920087147490197,19.782745096196077,14.691503267921568,7.679302832211766,-0.2616993462666667,-9.156601307215688,6.027628903415688,2.334671710909804,2.8512240243647056,2.48689087054902,2.1111125140549025,1.3646661212235298,1.7134400980235296,1.0982229414901963,1.4454521880705886,1.794491221619608,1.9042781024196083,2.8010316028196085,3.980209808305882,2.1571409337843135,21.204575162352942,15.568627450000001,37.48627451117648,51.28431372764707,78.85211329309806,123.71455339568628,97.3633986947059,116.53529411176473,111.82174293078434,71.53071895411766,48.898692810000014,27.59673203058824,66.82141975666669,11.867106797647061,6.817666885588237,19.271096357647064,18.744464043529412,22.63734074231373,36.75623242301962,40.62764900705882,46.068413780000014,60.92510031850982,30.838164581176475,31.66454291882354,18.239315346470594,28.70475776545098,-12.48611111,-9.338888888500001,-0.41111111100000003,5.341666666499999,11.830555555,17.3,19.66388889,19.1500000025,14.677777779999998,6.436111111000001,-1.1027777777499999,-10.841666664999998,5.0182870377499995,2.4816605545000003,5.1738276155000005,6.106285776,2.26622421275,1.4380910552500001,3.5374053002499997,1.3974814435,2.9627175397500003,4.765850246,1.8957937685000001,6.11268450675,5.553970123499999,3.6409993455,27.891666665000002,15.397222220000002,30.11111111,42.322222222499995,77.09166666499999,102.19444443999998,96.152777775,92.5972222225,80.305555555,68.3388888875,58.1500000025,33.724999999999994,60.356481484999996,14.012159462500001,5.52637682225,12.4614267095,26.0333065475,44.926880839999995,30.708381314999997,55.816890234999995,39.231464772500004,34.25213603,26.805599152499997,36.15748784,21.977977195,28.9925072425,1120.0,1080.98,173998.85999999996,180276.57999994006
"Kaibab Band of Paiute Indians of the Kaibab Indian Reservation, Arizona",0.11154573672617896,0.1579355571322218,3.214335474186797,1.8067163153796364e6,0.16523390399099266,0.25124652030126465,3.147703014457647,1.7502445555188935e7,0.888454263273821,0.8420644428677782,0.8347660960090073,0.7487534796987354,0.1184952743827959,0.11826097943284501,0.001019817674905503,0.04269741297541426,0.0069334334740445,0.094748634745588,0.09438883956205457,0.005164941693630471,0.04880871577669733,0.013013931253738344,5.211379595243494,8.2070012395,10.073089632234199,12.71470466904461,15.954130523420071,20.299586947527878,22.619950433178435,22.756939281784387,19.679347378940516,15.04698471742565,8.321168939169143,5.532651796782527,13.86807792962825,3.595914740381041,2.3720536910631966,2.34554711386617,2.783907646076208,2.7810047945241636,2.507805138083643,3.481509632475836,2.612562530806691,2.7262057991821558,2.5939382783345724,2.8226204221877316,3.249561789258364,2.8227192981338294,121.93372572397764,88.98215613444238,84.12003305237917,61.61022304710037,37.95103263288104,17.591016108960964,5.122284179920074,9.009190416992563,12.711049153810405,53.935315984925644,64.48205286643125,117.73878562191447,56.26557207970261,99.07887947124534,59.368529317323414,45.37173742228623,36.31364782496283,24.80569764107063,16.848319830063193,7.029463235462825,13.810892456304831,10.842665805169146,57.07920555509292,55.91173046539033,94.71723384169145,43.43150024074349,2.077777778,3.4444444444999998,5.922222222499999,8.7444444445,13.955555555,18.22222222,22.455555555,22.1,18.894444444999998,11.86111111,4.4944444445,1.6777777779999998,11.154166665000002,3.9780588124999996,3.5047283475,3.063724416,1.9445916964999999,3.2946735465000003,2.3976761399999997,2.406884689,1.3550941425,2.5662778470000003,1.681992982,2.426124073,3.7204755095,2.6950251834999994,77.82222222,68.86666667,45.077777775,37.2,34.733333335000005,19.961111110000004,25.211111109999997,29.222222220000003,20.488888884999998,39.63888889,39.311111115,26.983333334999998,38.70972222,65.17840699,42.078065465,28.871499645,30.52030869,41.167093105,23.66754155,14.34320134,16.787715929999997,15.119705869999999,35.678438465,50.84174513000001,30.39980368,32.887793825,1280.0,1235.41,173998.85999999996,180276.57999994006
Big Pine Paiute Tribe of the Owens Valley,0.11503244714171111,0.1399917224819442,3.0146464845604495,1.7337030890346773e7,0.105,0.144,3.27,1.052e6,0.8849675528582889,0.8600082775180558,0.895,0.856,0.28887058329884674,0.2844737058429776,0.001658383245534501,0.2384055788643023,0.08867329068903167,0.08661750513103256,0.0853060941517156,0.00880319009656081,0.04104376282758139,0.001,-0.7944035789864498,0.8739880415021283,3.5638275906608574,8.175411881407271,12.279778035833127,17.549645115416176,21.098550350274856,20.36338452312813,16.426566868610127,10.279111283090582,2.9580935175648437,-1.0819245494103742,9.307669089980248,3.35069286667789,3.8572062589945797,3.3231887088114562,2.9620587812880355,3.408089944928374,3.4603351607649993,3.3624745910731675,3.287785082793649,3.4197069360402605,2.7363616265218718,4.085189755548971,2.9243978841393696,3.3481239664359235,51.41734847305067,39.033591431591134,58.10292511094847,47.2365853656523,57.342457091002665,31.69836107946222,33.56710543336312,24.930416828030182,25.762726373255894,32.22976298005805,44.167402244514086,56.4188841558304,41.825630547963584,40.56702735714283,25.426513923954694,30.737066843232643,27.111577409837384,32.473529261783185,20.76955784041191,31.187877855272514,24.37688993848701,17.013781762714267,25.177860600855585,38.04700166925666,47.092549333457185,29.998436150820716,2.855555556,2.144444444,5.266666667,7.311111111,10.84444444,16.51111111,21.23333333,18.8,16.04444444,11.05555556,6.1,3.255555556,10.11851852,3.116532974,3.622192399,2.868797658,2.552177719,2.657118322,1.887752926,2.724885319,1.717556404,1.592255563,4.503362941,2.946183973,3.121742747,2.775879912,99.57777778,58.72222222,42.46666667,31.28888889,14.26666667,10.36666667,29.57777778,10.866666670000003,16.94444444,16.08888889,20.74444444,79.63333333,35.8787037,93.26466075,62.05910042,29.26734528,26.91600102,13.716413529999999,22.61559197,39.7270304,15.92921844,15.3134019,15.79053866,33.13001325,78.21724554,37.16221343,5839.41,5636.039999999998,173998.85999999996,180276.57999994006
Ute Mountain Ute Tribe,0.12999999999999998,0.17400000000000002,3.4299999999999993,487999.9999999999,0.14137320487560204,0.21698516619508287,3.143615047559393,3.4097666605083635e6,0.87,0.826,0.858626795124398,0.7830148338049171,0.07012729704896682,0.06895613066038958,0.0009999999999999996,0.035811476885848015,0.0070988889611929,0.06693688418335556,0.06528732581384349,0.0017571582834139505,0.04230134049718806,0.01372167253850739,-3.630024462550406,-1.51246298434299,0.5680185400011587,3.6162482297219016,10.501171623743918,15.710274236558522,18.10943736344149,17.98805201396292,15.024604095295487,8.26920303845655,2.358091927402086,-1.9189004763371964,7.090309428801857,5.000858705188877,4.958223725287372,5.251750108027813,4.538625520063731,4.745304802136734,5.0070433734924675,4.009945227123986,5.826723195310545,5.301927195539979,4.35704619542642,4.841506313308227,4.291754981798378,4.844225778612979,24.57898802718425,26.718127976952502,49.0462855690035,34.594064633186555,38.184884767276955,22.484653019559676,50.63531608074161,41.568842539571264,44.6475859401043,41.03195571052145,19.69595725560835,16.330140338342996,34.1264001548204,17.88820807886443,16.646333862551568,35.192956940915415,21.86802874127462,31.193895558331405,20.214303806848207,36.04432752828505,17.428244033163388,26.698072630196997,39.87919875035922,12.741107914637315,11.382724250961765,23.9314501745423,-1.0347222221249999,3.197222222125,5.431944444625,8.883333333875,14.4875,19.662499998749997,23.411111109999997,22.454166666249993,18.069444444999995,11.418055554874998,4.0847222221249995,-0.147222222125,10.826504630499999,2.0227411746249997,3.0243625868749997,1.831206416375,2.6265536772499996,2.1833845726249996,2.8779275095,2.161988346125,2.1495740959999994,1.7207746112499995,1.7741743127499998,2.5574430811249997,3.6205194345,2.3792208181249994,43.91111111124999,40.36944444625,33.7722222225,27.101388889999992,24.095833333749997,15.091666667999998,25.506944444999995,30.358333334999998,31.694444443749997,32.74999999874999,33.77361111125,15.099999998749999,29.460416667499995,25.221212101249996,38.54973661375,21.417154033749995,19.302306532499998,29.962588529999994,25.517954878624995,21.904859753749996,18.850175455,19.74526815,22.200175671249994,56.59570746124998,16.2261661495,26.291108778749994,1759.29999999,1698.0400000000002,173998.85999999996,180276.57999994006
"Bad River Band of the Lake Superior Tribe of Chippewa Indians of the Bad River Reservation, Wisconsin",0.10074832675401879,0.16858918840122636,3.199270939909695,5.665519571177076e6,0.11733307393570981,0.19590405782549802,3.3171450805510583,996785.4358320393,0.8992516732459812,0.8314108115987736,0.8826669260642902,0.804095942174502,0.36878970138795986,0.3408251612843349,0.001000000000000003,0.23097331215445982,0.32139605337843186,0.4340199203515163,0.4095993224489371,0.0010000000000000007,0.3480406513461276,0.38155870838708394,-10.683029640652183,-9.502065490277634,-1.185280987181411,5.532440459116231,11.58528481779895,16.42566726065529,19.805974210677704,18.866804620632887,13.710486482665978,7.122498131897058,-0.7811998237834117,-9.527133031092092,5.114203917528888,2.2022984839218838,2.8242041424519773,2.816107907854632,2.0278416346645995,1.3166529082171081,1.8255521628368714,1.1235230972612533,1.354542421399553,1.9424309560876012,1.9119794406490798,2.9449332590663917,3.7995117264769784,2.1741315116297644,26.48009809982066,16.07459906834973,37.12752006827387,43.56289015405075,82.17825295521473,98.97634266740475,90.69174953669781,109.20599143940527,105.28905750994666,76.95426414589419,54.58423483126578,33.76633902388515,64.57427829195727,16.51370852267291,7.0140261002507405,19.945023350788073,24.339898082233162,39.90001544732713,38.74961075256945,38.57178981804971,41.82572010852562,49.793713838144576,30.004603157887612,30.61257144967756,19.314193507131414,29.715406177825514,-10.111111111333333,-7.777777777666667,-0.2148148146666667,5.725925926,11.89629629333333,17.496296296666664,19.881481479999998,19.674074076666663,15.114814816666668,7.2333333333333325,0.20740740733333332,-6.3999999999999995,6.060493827333333,2.044218238,3.35303555,4.359817924666666,2.080701853333333,1.4620711936666668,3.0577764046666664,1.154680837,2.0986090326666664,3.851867217666667,1.866184913,4.113275782666666,10.188971990999999,3.302600911666667,24.485185186666662,15.562962966666666,30.607407406666663,54.111111109999996,70.91481481666666,102.36666666666666,97.87777777333334,108.15555555666667,118.33333336666668,75.18888888666665,51.922222223333335,35.714814813333334,65.43672839666667,12.024945739333333,7.162015587666667,21.84585987666667,32.088623676666664,30.589575236666665,30.049565219999998,37.333040553333326,46.909630013333334,66.20566041666666,41.20464626333333,42.59105778666666,22.51937754,32.54366649333333,12320.469999989997,11891.440000000008,173998.85999999996,180276.57999994006
"Minnesota Chippewa Tribe, Minnesota (Fond du Lac Band)",0.10492852748135763,0.19712951733749842,3.134396822376029,1.4838128628243108e6,0.09706864746028158,0.15960786132752874,3.2177449707072987,6.0771835199553715e6,0.8950714725186424,0.8028704826625016,0.9029313525397185,0.8403921386724713,0.43070823539366787,0.4052773502494078,0.0009999999999999996,0.222377759190418,0.3282079265958238,0.3531916414012067,0.34192197897938076,0.0009999999999999979,0.2125168626753289,0.28162577258558613,-10.103703703082353,-8.88662309349412,-0.523485838937255,6.808235294003923,13.154466230470593,18.22732026482353,20.920087147490197,19.782745096196077,14.691503267921568,7.679302832211766,-0.2616993462666667,-9.156601307215688,6.027628903415688,2.334671710909804,2.8512240243647056,2.48689087054902,2.1111125140549025,1.3646661212235298,1.7134400980235296,1.0982229414901963,1.4454521880705886,1.794491221619608,1.9042781024196083,2.8010316028196085,3.980209808305882,2.1571409337843135,21.204575162352942,15.568627450000001,37.48627451117648,51.28431372764707,78.85211329309806,123.71455339568628,97.3633986947059,116.53529411176473,111.82174293078434,71.53071895411766,48.898692810000014,27.59673203058824,66.82141975666669,11.867106797647061,6.817666885588237,19.271096357647064,18.744464043529412,22.63734074231373,36.75623242301962,40.62764900705882,46.068413780000014,60.92510031850982,30.838164581176475,31.66454291882354,18.239315346470594,28.70475776545098,-10.56666667,-5.661111110999999,-1.3333333334999997,5.6,12.083333335,17.944444445,20.183333335,20.22222222,13.811111110000002,7.066666666500001,1.9277777779999998,-9.1611111115,6.009722222000001,2.3154000485000004,9.271834327999999,3.0027513874999996,2.4058427475,1.3846649274999998,4.2145575375,1.51945652,3.5708645695,1.5242157655000002,2.08349233,9.575960722,4.842509984,3.8092959055000004,29.433333335000004,15.244444445000001,35.83888889,45.23888889,75.16666667000001,99.98333335,92.01666667,102.96111109999998,103.01666668,77.65555555499999,44.444444445,30.466666665,62.622222225,24.374781640000002,7.3772511430000005,20.11278119,35.078878419999995,27.662082050000002,39.15386468,31.96031138,52.140727905,52.284136685,32.315569409999995,30.340615755,21.965546215499995,31.23054554,1120.0,1080.98,173998.85999999996,180276.57999994006
Picayune Rancheria of Chukchansi Indians of California,0.1258478310895789,0.18615541594799606,3.4186484009586784,1.9122218828680746e7,0.132,0.204,3.97,1.3794e7,0.8741521689104211,0.8138445840520039,0.868,0.796,0.22352962695351036,0.22179993400854334,0.11473451336421554,0.11093149594572678,0.07209057439414579,0.34382022968037373,0.34382022968037373,0.1109048274778449,0.20346927180590052,0.2020189525144095,8.381485418703933,9.955140970910174,11.019212642665037,13.613443890390764,16.195273023468694,19.967460401218222,22.75542090464972,22.145989393412332,20.270519589788456,16.425509372367685,10.399447219793112,7.514785679622412,14.886974042678318,2.0132424836191127,2.3630771892588487,2.16211919034825,2.0123547615077046,2.1857789323384718,2.2669598477801616,2.6226570472735182,2.3871327318657363,2.224154402199743,2.228808065104069,2.3312331719744837,2.604377681182203,2.283491292118208,116.94500903417548,86.00899094080565,74.65246565701598,45.74174196516313,29.630906062995624,11.735400351983735,4.162629483975651,5.046588237989577,9.717652339331979,30.861697553477207,48.03441645111291,101.073510267455,46.96758402890182,94.16694019676828,72.60546415935255,65.96413686818428,31.941600839519474,22.302037545252883,10.158082155117878,5.4193882726862945,5.320090096907828,10.936576530260547,34.06423489988622,46.53770172794936,85.65866882676518,40.42291017642923,5.766666667,7.277777778,10.07777778,13.58888889,17.25555556,22.7,25.22222222,25.14444444,20.911111109999997,16.55555556,9.255555556,5.066666667,14.90185185,1.933907961,3.231399765,1.710100712,1.852325865,1.235021367,2.593260496,2.828770836,0.817176711,1.2771496040000003,1.207384685,2.439831506,3.999374951,2.093808705,182.9,121.2444444,107.0111111,59.72222222,38.15555556,10.27777778,9.411111111,8.333333333,5.811111110999999,32.07777778,55.63333333,104.6222222,61.26666666,100.42448660000001,90.39235464,92.01144554,24.21682152,28.64363416,10.737641470000002,18.02646974,15.79659773,4.711274892,37.64660601,50.26335643,79.0787705,45.99578827,21242.169999989997,20502.44999999999,173998.85999999996,180276.57999994006
Lone Pine Paiute-Shoshone Tribe,0.11503244714171111,0.1399917224819442,3.0146464845604495,1.7337030890346773e7,0.105,0.144,3.27,1.052e6,0.8849675528582889,0.8600082775180558,0.895,0.856,0.28887058329884674,0.2844737058429776,0.001658383245534501,0.2384055788643023,0.08867329068903167,0.0919460413227742,0.0918365258793649,0.02074070502277858,0.055850196320263536,0.001,-0.7944035789864498,0.8739880415021283,3.5638275906608574,8.175411881407271,12.279778035833127,17.549645115416176,21.098550350274856,20.36338452312813,16.426566868610127,10.279111283090582,2.9580935175648437,-1.0819245494103742,9.307669089980248,3.35069286667789,3.8572062589945797,3.3231887088114562,2.9620587812880355,3.408089944928374,3.4603351607649993,3.3624745910731675,3.287785082793649,3.4197069360402605,2.7363616265218718,4.085189755548971,2.9243978841393696,3.3481239664359235,51.41734847305067,39.033591431591134,58.10292511094847,47.2365853656523,57.342457091002665,31.69836107946222,33.56710543336312,24.930416828030182,25.762726373255894,32.22976298005805,44.167402244514086,56.4188841558304,41.825630547963584,40.56702735714283,25.426513923954694,30.737066843232643,27.111577409837384,32.473529261783185,20.76955784041191,31.187877855272514,24.37688993848701,17.013781762714267,25.177860600855585,38.04700166925666,47.092549333457185,29.998436150820716,2.722222222,1.077777778,3.722222222,5.344444444,8.8,15.7,19.1,16.88888889,14.6,9.455555556,4.966666667,3.1,8.789814815,4.019570182,3.8512263560000006,4.280706068,2.8147429330000002,2.731300057,5.786838515,3.636275567,1.49117776,2.883574171,3.909639085,3.307567082,3.694252292,3.533905839,150.8444444,90.37777778,59.92222222,39.51111111,9.711111111,15.88888889,19.64444444,11.98888889,21.53333333,17.78888889,26.27777778,117.2333333,48.39351851,145.001501,110.8757951,52.36283935,47.00998416,12.44793602,36.72320263,43.74317407,17.24640864,25.45329055,21.53871192,58.515741,130.0971368,58.41797677,5839.41,5636.039999999998,173998.85999999996,180276.57999994006
Confederated Tribes of the Warm Springs Reservation of Oregon,0.1462775907141621,0.21585448787571504,3.1784134646988873,7.376328805732532e6,0.13100061191831475,0.1829476189572743,3.594380633690402,2.535744434097967e6,0.8537224092858379,0.784145512124285,0.8689993880816853,0.8170523810427257,0.48036386054703883,0.4802691733119595,0.0009999999999999998,0.23045114953469018,0.30833383803544523,0.2002525183637259,0.19836301681139068,0.0013072553428344373,0.10603870481989128,0.06124464370481037,1.981206113148699,4.05726283874845,6.330166597489467,9.84795539094795,13.319564916431224,17.953325072515486,20.43246592432466,21.251342420470877,16.582555417744736,12.85570700840149,4.981412639049567,3.7825003441586116,11.114622058277568,3.1053492457819076,3.28956502307311,2.646457823596034,2.624873252926889,3.0698593667980174,3.161810195804213,2.9263226996493183,3.0987124762503098,2.490560334122676,3.4588665940198253,2.8806377318128864,3.1014534879429987,2.987872352679058,126.64513286240395,91.7487539651425,101.53537105447336,69.81762357231722,47.15532149309788,14.746413329231721,4.461241911050804,7.388076552267658,9.960636100837672,39.89684703177199,49.720322180855014,116.44653723767038,56.62685644112762,96.66536093997522,95.53133228457247,125.79432663915735,65.28967799485748,29.018010433965298,14.365751195762078,4.236939706685253,8.762827185596032,13.436883351821564,52.58472393260223,57.28765293558861,92.89882751333333,54.65602617714992,0.39999999999999997,2.525,4.00000000025,7.463888889,10.408333333499998,14.166666665,19.1499999975,17.71388889,14.23888889,8.38888888875,2.27777777775,-1.6083333332499998,8.2604166665,2.5411675427500002,3.3024210925,1.5698735554999999,1.82000335675,1.6141418415,2.2006112565,2.4024532665000002,1.9851208110000003,1.920824747,2.1127605032499996,2.4454058350000003,2.6319898587499995,2.21223113875,139.602777795,97.29444443499999,77.27222223499999,73.3666666675,63.4083333325,49.0972222225,21.608333332500003,18.980555555,40.69999999750001,71.89444444749999,104.1083333375,158.005555565,76.27824074,87.66832942,57.114479422500004,34.8163710125,45.4476321375,37.195206170000006,34.65916802,26.9392578375,22.90625516,34.933356375,38.439729050000004,57.505969252499995,91.84023031000001,47.455498680000005,1681.16,1622.6100000000001,173998.85999999996,180276.57999994006
"Utu Utu Gwaitu Paiute Tribe of the Benton Paiute Reservation, California",0.11154573672617896,0.1579355571322218,3.214335474186797,1.8067163153796364e6,0.085,0.12,3.25,665000.0,0.888454263273821,0.8420644428677782,0.915,0.88,0.1184952743827959,0.11826097943284501,0.001019817674905503,0.04269741297541426,0.0069334334740445,0.08362143945762583,0.07929725525945212,0.03991765778356334,0.02086483683963474,0.0010000000000000002,5.211379595243494,8.2070012395,10.073089632234199,12.71470466904461,15.954130523420071,20.299586947527878,22.619950433178435,22.756939281784387,19.679347378940516,15.04698471742565,8.321168939169143,5.532651796782527,13.86807792962825,3.595914740381041,2.3720536910631966,2.34554711386617,2.783907646076208,2.7810047945241636,2.507805138083643,3.481509632475836,2.612562530806691,2.7262057991821558,2.5939382783345724,2.8226204221877316,3.249561789258364,2.8227192981338294,121.93372572397764,88.98215613444238,84.12003305237917,61.61022304710037,37.95103263288104,17.591016108960964,5.122284179920074,9.009190416992563,12.711049153810405,53.935315984925644,64.48205286643125,117.73878562191447,56.26557207970261,99.07887947124534,59.368529317323414,45.37173742228623,36.31364782496283,24.80569764107063,16.848319830063193,7.029463235462825,13.810892456304831,10.842665805169146,57.07920555509292,55.91173046539033,94.71723384169145,43.43150024074349,-0.022222222,0.788888889,1.911111111,5.266666667,9.044444444,13.97777778,18.2,17.4,12.96666667,8.1,1.9666666669999997,0.322222222,7.493518519,1.696892585,1.919273589,2.275106835,2.304343724,2.584623334,2.448355457,1.456021978,2.098809186,1.61322658,1.958953802,3.3845236,2.19361447,2.161145428,150.6333333,89.98888889,62.46666667,42.66666667,36.08888889,14.35555556,29.22222222,14.85555556,15.711111109999997,31.98888889,37.07777778,100.1666667,52.10185185,113.6596344,74.72727823,50.87536241,24.58256496,29.12170344,16.80655461,37.03112805,23.13925837,13.72447125,34.0901175,40.60682756,97.65812818,46.33525241,1280.0,1235.41,173998.85999999996,180276.57999994006
"Big Valley Band of Pomo Indians of the Big Valley Rancheria, California",0.12197836742043444,0.1718821897804145,3.726846688430711,1.5256242761053514e7,0.157,0.231,3.92,6.666e6,0.8780216325795656,0.8281178102195855,0.843,0.769,0.3898589655858801,0.38234425193971766,0.21530267159534294,0.2364834720335372,0.22178712561398747,0.633862104878806,0.4135093826394491,0.39747884877122197,0.5886316534397237,0.39831899619632677,7.934755216928282,9.971995617942849,10.702131580086956,13.380638976503143,16.31026196506948,20.13602519974675,22.763673489746747,21.786401215766475,19.984010657987444,16.648411274805024,10.36783704344151,7.595711937776552,14.798487847756613,2.055923783340654,2.069305485576424,2.374287562723893,2.512664756727028,2.329351369485209,3.3263023827644562,3.133803471543477,3.0099223958359462,2.946682426110486,2.708564761051771,2.4555080999392658,2.3048831358471538,2.6022666359063193,166.43126898422457,109.99318193205735,98.5956521768915,47.73932715770957,36.5379849600448,8.893092285461455,3.204873250630435,3.48164002197064,10.285093878870907,33.4359729071672,53.592970268155526,138.9412371120014,59.261024578325845,133.0762252546033,91.2605243390453,93.4106441902331,38.78874545900496,28.053676204159554,11.960951336056024,5.398946780395786,5.371936912086729,12.718185521283287,35.44863933636485,53.52505217451818,125.20118136910133,52.85122573970643,6.666666667000001,7.544444444,8.255555556,10.666666670000001,13.4,17.41111111,19.56666667,19.7,17.3,13.92222222,8.4,6.188888889000001,12.41851852,1.49582753,2.064044035,1.836512395,1.485765796,1.6650825809999998,2.370360966,0.796868873,2.386943652,1.336974196,1.245770623,1.480709289,1.719334497,1.657016203,241.1555556,145.8444444,147.8111111,68.83333333,52.34444443999999,21.28888889,4.077777778,6.077777778,18.74444444,45.3,73.34444444,193.7444444,84.88055555,193.5780664,115.6561403,125.5278201,45.37336774,36.57068878,23.5144341,9.692107327,11.13460572,16.29325866,43.18315644,59.28239855,122.1350698,66.82842616,9209.039999999999,8888.329999999996,173998.85999999996,180276.57999994006
"Walker River Paiute Tribe of the Walker River Reservation, Nevada",0.11154573672617896,0.1579355571322218,3.214335474186797,1.8067163153796364e6,0.16015266622604163,0.2812594420590853,3.360778074052918,1.1125906564324491e6,0.888454263273821,0.8420644428677782,0.8398473337739584,0.7187405579409147,0.1184952743827959,0.11826097943284501,0.001019817674905503,0.04269741297541426,0.0069334334740445,0.035334175392728706,0.02647209915989125,0.01578090209824353,0.010796425000684628,0.001012427278962062,5.211379595243494,8.2070012395,10.073089632234199,12.71470466904461,15.954130523420071,20.299586947527878,22.619950433178435,22.756939281784387,19.679347378940516,15.04698471742565,8.321168939169143,5.532651796782527,13.86807792962825,3.595914740381041,2.3720536910631966,2.34554711386617,2.783907646076208,2.7810047945241636,2.507805138083643,3.481509632475836,2.612562530806691,2.7262057991821558,2.5939382783345724,2.8226204221877316,3.249561789258364,2.8227192981338294,121.93372572397764,88.98215613444238,84.12003305237917,61.61022304710037,37.95103263288104,17.591016108960964,5.122284179920074,9.009190416992563,12.711049153810405,53.935315984925644,64.48205286643125,117.73878562191447,56.26557207970261,99.07887947124534,59.368529317323414,45.37173742228623,36.31364782496283,24.80569764107063,16.848319830063193,7.029463235462825,13.810892456304831,10.842665805169146,57.07920555509292,55.91173046539033,94.71723384169145,43.43150024074349,1.0066666666,4.3133333334,4.9355555556,9.5911111108,13.262222221999998,18.939999997999998,23.68,22.657777778000003,17.031111111999998,12.835555556,4.5177777778,1.0644444443999999,11.152962964,2.0980350473999994,3.5380944714,3.2469995292,3.4183305582000005,3.1620254338000002,3.5436736808,3.9445170216,3.0653931173999993,3.0853559554,2.5484428146,2.9997523526,3.1296328476,3.1483544026000003,33.56,26.515555553999995,24.10222222,21.431111112,30.551111111999997,10.211111109800001,11.928888889000001,11.977777775799998,10.1244444444,17.135555556,19.479999999999997,28.606666668000003,20.468703704000003,22.889333163000003,17.6110920084,20.908251464,16.970204889999998,18.108966665999997,13.026841678,13.317400613999999,20.410550947999997,12.596261239999999,17.32123398,17.838397355999998,23.811192741199996,17.900810562,1280.0,1235.41,173998.85999999996,180276.57999994006
Puyallup Tribe of the Puyallup Reservation,0.11799999999999997,0.17099999999999999,3.3899999999999997,5.7993999999999985e7,0.11786127880359022,0.17069843218171793,3.392834737491852,5.845085111927192e7,0.882,0.829,0.8821387211964098,0.829301567818282,0.43199793923782054,0.4303236442443508,0.0008810733775663674,0.18595263842965304,0.34523668711520766,0.497586721646447,0.4646050298870838,0.0008030530853658792,0.3591694824947253,0.45956066676088103,1.0286309284328896,3.6978637645139045,3.530122262725513,7.962501679230954,11.172228939854895,15.824828698016923,19.73518742324062,18.54126024480048,15.927529221813778,8.972752921918982,2.8624613733095523,-1.135550181460701,9.009984772813784,3.902752925990326,2.039695567001209,2.545453453412333,2.193715623287787,2.149259676900846,3.4615834703893578,2.836561310301088,2.0372017298440137,3.917641014120917,2.069952603058041,3.456814539415961,2.3794905593784756,2.7491768726662626,102.93662502070127,72.82164449529623,96.79819965199512,42.90548166162031,51.43099556667472,40.685382236263585,16.722383448607008,22.25843074096734,35.53864033316807,70.5162837595163,84.37776434662634,134.3935509857315,64.28211518857314,114.03361907446192,55.6285668154897,82.36117393517532,34.642537843143884,24.760992878548965,34.817739601886316,12.685605197788385,23.87288293349455,31.12554449191051,54.667549592914135,91.33413489871825,101.65652647035064,55.132239479347014,3.877777778,5.788888889,7.944444444,11.08888889,13.36666667,16.53333333,20.64444444,19.22222222,16.67777778,10.96666667,6.3,3.6111111109999996,11.33518519,3.425557538,1.510334768,1.543624882,1.174142713,1.09658561,1.206233808,2.377557103,1.401586403,1.652859475,2.507488784,2.437211521,3.54451846,1.9898084220000003,181.7555556,100.3444444,104.9,77.42222222,60.844444440000004,57.91111111000001,20.93333333,27.833333329999995,54.55555556,105.3,160.1888889,202.0,96.16574074,159.2205162,49.56949947,37.61100238,24.49978458,27.88597816,22.12834407,16.10807251,14.397482420000001,41.6115402,54.17564028,76.91882807,134.857332,54.91533503,1114.20000001,1075.4100000000003,173998.85999999996,180276.57999994006
"Otoe-Missouria Tribe of Indians, Oklahoma",0.08118835939611573,0.12536713842400432,3.021634627726498,890843.2660168131,0.14840764218316949,0.23107828978237568,3.1647103844768263,2.8732283440351738e6,0.9188116406038843,0.8746328615759957,0.8515923578168305,0.7689217102176243,0.7205643343071556,0.6459541781569805,0.0011752323236313505,0.7087887054712516,0.6957636362222471,0.4570839870368578,0.4166086378022742,0.26255201286712804,0.44358266450267575,0.37881744647288695,-6.977026274770537,-4.96414495648597,2.9051213538151295,9.473819862066636,15.1038855492986,21.21644399897294,23.282331327374735,22.178974617419847,17.649443332074142,10.095062347160315,1.4990425294609215,-6.61788577172645,8.737088993544088,2.8014876208051103,2.9784735227825636,1.9127882468707413,1.973795596501001,1.5272832511342675,1.5645868015070146,1.0127208960495993,1.4305607132810623,1.8486912282174344,1.5875773461783573,3.6258111764664323,3.872078915207915,2.177987942980961,15.599782900526048,12.825835001778554,43.168147405065106,62.97207192168833,102.16551992075149,114.13317189819637,93.4096582088677,97.02672011735972,80.80590069221442,43.98072812378256,31.373252059328657,21.949654864954915,59.950870259864715,9.596313136293086,11.081858482867734,24.021793759333658,36.606160944709416,35.347150592484965,57.193785726127246,53.390164227294584,45.07338000496995,51.78639762076151,18.86324589926853,26.07822372368737,17.345194941252505,32.19863908763025,3.4296296296666666,5.2185185186666665,11.148148149999999,15.974074076666668,20.351851853333333,26.166666666666664,28.451851853333334,28.496296293333337,24.277777776666667,17.07777778,10.266666669000001,3.4777777779999997,16.19475308666667,2.043340918,2.7680659773333334,1.6151292030000002,1.3604703206666666,1.205923334666667,1.5521968843333331,1.4052631266666666,1.6058335110000002,1.5166312253333334,1.322223026,2.1113904663333334,2.6576586056666662,1.7636772170000001,46.91481481666666,48.73703704,88.02222223333334,89.39999999999999,142.6888889,143.2,98.32962962333333,88.92962963,77.17407407666667,72.83703703666666,46.77407407333333,44.370370369999996,82.28148148666666,24.13099628,36.358565993333336,45.46851216333334,40.648471416666666,81.12755233,69.79083785666667,59.153786266666664,55.61451399333333,49.37269374666666,46.090452903333336,43.75682015333334,36.456938136666665,48.99751177,4338.49,4187.409999999999,173998.85999999996,180276.57999994006
Klamath Tribes,0.14574715597918436,0.20938648281207525,3.36257655319557,9.305748408504354e6,0.16,0.238,3.3400000000000003,5.978e6,0.8542528440208157,0.7906135171879247,0.84,0.762,0.35719010971332416,0.35690521050350205,0.040182343737469095,0.10206946427643007,0.16590464803456995,0.11377150679848863,0.11377142009398283,0.0009580515546647907,0.039155449126795076,0.006345533814686733,6.380504493538604,10.106505309429227,10.479411764830884,14.365502452141545,15.97057802085478,21.771058004586397,23.532015931727944,21.460314542784925,20.19977532590073,16.403002450395217,9.391329656056985,7.3341094770946675,14.782842285744483,2.7098480894972425,2.0231773078409923,1.8582838681939338,2.2417113244522056,2.9297665479650736,2.0768596288501837,3.1505513909375,3.7584362702104785,3.0096267715707716,2.6196597534338237,2.4393677819246324,2.158004871996323,2.5812744672729777,180.7349877498162,127.53986927527576,116.86900531222425,61.265267562931975,40.16294934665441,10.853502859423713,3.767330473881434,0.9324346405753676,9.015829247970588,38.17917687941176,62.65645424913602,147.85985498740806,66.65305521502758,136.87036961928305,115.60588583377759,86.97012364495404,58.0430880899908,33.742920690551465,13.884142930559742,6.603804896594668,1.571406011508272,14.588374099834558,44.000128424117655,52.602523272077214,102.48445223018383,55.58060164453126,1.1444444443333333,2.6407407406666668,4.351851851666666,7.892592592666668,11.074074073333335,15.48888889,19.818518516666664,18.93703703666667,15.155555553333336,9.418518517333334,2.3518518516666664,0.7222222223333334,9.08302469,3.8753553893333335,3.56244428,3.3212572553333333,2.7543027196666663,2.763536126,3.6657515286666666,2.529293802666667,2.8560695469999997,2.7427252663333337,1.643163647,3.402775562333333,3.909134,3.085484093666666,80.76296296,37.07407407666666,61.388888890000004,47.37037037333333,39.20370370333334,21.544444446666667,12.2,14.333333333333332,16.54074074,34.00370370333333,63.770370369999995,126.1111111,46.19197531,68.3451403,20.12580243,42.643613599999995,26.59277717333333,26.87439224666667,17.531732833333333,10.166010634666666,18.989040963333334,16.003255346666666,25.197119886666666,54.70405484666666,136.03444090000002,38.60061509666667,2387.8099999999995,2304.6800000000007,173998.85999999996,180276.57999994006
"White Mountain Apache Tribe of the Fort Apache Reservation, Arizona",0.143,0.232,2.91,4.61e6,0.2012650884713611,0.3192626696023654,3.0718648837246763,8.42774444628449e6,0.857,0.768,0.7987349115286388,0.6807373303976346,0.17299701865612835,0.16366582452597353,0.15412164208174914,0.05497731806542312,0.0012866132453099887,0.2169550277448879,0.1986762632880852,0.00700109428999271,0.17578933509699496,0.16382001740618163,5.477777777999999,6.3833333335,9.944444444,13.544444445000002,19.3,24.294444445,26.583333335000003,22.3,20.294444445,13.73888889,9.955555557,4.3944444445,14.68425926,2.8922734689999996,2.205913278,3.4420599705000003,4.3228681945,2.7340737745,3.8784497754999996,3.372655874,3.0610724470000004,2.5125995624999997,2.8145011075,3.6829097919999993,3.1903240615,3.175808442,27.527777774999997,22.288888885000002,17.9,19.922222225000002,15.338888885,24.794444445,41.96111111,49.216666665,54.644444445000005,34.338888885,19.25,19.95,28.927777775,26.165729024999997,15.68999151,10.261249005000002,15.64824708,28.92453551,31.12515982,26.11928275,28.475403319999998,60.626016215,24.065285050000004,23.101083415,21.340057625,25.961836695,3.5499999998750003,2.7402777780000003,7.649999999375002,10.890277777124998,15.005555555,20.48888889,23.03333333125,22.1888888875,19.905555555,12.105555553875,6.6625,3.34027777775,12.296759259499998,2.474819949375,4.043165354125,3.0928867462500005,3.0004830841250003,3.3786899118750005,2.891004158875,2.5317436413750003,2.74725391475,3.23035368675,2.8804673063750004,3.5241019548749994,3.0622475854999993,3.0714347746249997,50.11666666625001,47.37222222375001,36.70416666625,16.98055555625,7.32222222225,10.673611112,45.790277778749996,61.85555555625,32.572222223749996,30.086111112500006,23.4416666675,19.205555555,31.84340277875,32.97911423125,39.797714558749995,16.649866773,14.770265710000002,10.458685055125,14.088771301249997,30.391855386250004,41.64127958,25.60175889,37.64890043875,21.836552878750002,19.829946376499997,25.474559265000003,320.0,308.86,173998.85999999996,180276.57999994006
Suquamish Indian Tribe of the Port Madison Reservation,0.1040775912040011,0.14986130523539792,3.646459161798195,4.894303595857569e7,0.112,0.165,3.44,1.7064e7,0.8959224087959989,0.8501386947646021,0.888,0.835,0.5393365708643605,0.52007048013661,0.0022313734134863416,0.3514642534859201,0.48417274161987195,0.4410687913401502,0.42276957601933035,0.0010000000000000005,0.2602812584803902,0.38607727142601245,0.12659801367816437,2.3164767046157784,3.807398520340734,7.555292274907324,11.55132640224956,15.152282877045598,20.223028726598688,18.596620676070785,14.538085716172782,8.848550289815842,3.0669666066928616,-1.677051256480804,8.675464629284951,3.191415742109178,3.249984483106481,2.9071459057894447,2.1978098212414534,1.7991951355272948,3.047132593780147,2.330657081592982,2.0132669781433723,2.096417378471807,1.769377696391423,3.6751325307576517,2.7699361530683855,2.587289291667067,84.04581750162873,43.786709324727056,60.31895287502702,36.60852829431914,39.66374058516798,28.194344464706063,12.545767513378529,12.535539559166773,18.695110977480507,42.72883756595984,62.40008998224957,84.14420781938819,43.80563720598384,89.57156921044393,41.69080585934013,53.38461530525497,27.02685166683864,21.57484019580986,24.847805131178774,10.964065667278648,15.039457895862636,19.716786806470626,48.04848333189563,67.25485148539593,78.12860841532103,41.43739508107081,4.588888889,4.4222222225,7.6333333334999995,11.799999999999999,12.933333335,14.755555555,17.66111111,17.833333330000002,15.21666667,10.611111110000001,7.050000000000001,4.544444444499999,10.754166670000002,2.9118778250000004,3.911670854,1.5291672459999999,3.780104535,1.3324989625,1.584988119,1.8363795550000002,1.7020551750000001,1.402893371,2.2111362615,4.4623307585,2.4367485525,2.4251542680000004,123.44444445,91.805555555,101.77222224500001,63.83888889000001,59.805555555,52.37777778,23.966666670000002,25.911111110000004,41.505555555,108.505555555,128.5833333,131.75555555,79.43935185000001,51.90659634,45.122882395000005,39.50680331,27.169911,24.140439055,24.737857085,23.240555609999998,17.912365175,34.694305944999996,56.507702515000005,84.23475580000002,62.46784304,40.970168105000006,6774.6399999899995,6538.790000000002,173998.85999999996,180276.57999994006
"La Jolla Band of Luiseno Indians, California",0.114,0.152,3.46,6.72171e8,0.096,0.126,3.52,1.88159e8,0.886,0.848,0.904,0.874,0.2108483033024095,0.2108483033024095,0.08706001105523094,0.1591190166557745,0.06771170972170304,0.20607848567495116,0.20607848567495116,0.04114198033157699,0.06553705818895647,0.09221305305858225,10.23888888975,10.919444447499998,11.186111109999999,13.14722222,14.4388888875,17.972222220000003,19.072222224999997,20.461111109999997,18.0472222225,16.511111112499997,11.624999997500002,10.213888888000001,14.48611111,2.2392127605,2.189698166,3.12902121975,2.3053553860000005,2.39985538375,2.6229482109999998,2.15022364375,3.034924233,2.1461079365,2.2298594475,1.8548596637499999,2.0991802782499995,2.3667705277500004,123.91944445,118.44166664999999,84.31388889,35.92777778,17.5000000025,5.227777777500001,2.75277777775,1.2222222222499999,2.0805555555,14.216666667499998,24.797222225000002,59.46388889,40.82199074,112.775797225,112.959620925,75.95201064999999,25.9180293425,13.3435850375,8.1345944175,4.028398237,2.0002994149999997,2.89720106525,13.953679555,36.14912349,89.38245928250001,41.457899885,8.288888889,8.311111111,9.477777777999998,11.34444444,13.76666667,17.8,21.42222222,21.866666669999997,19.22222222,15.17777778,11.011111109999998,8.644444444,13.861111110000001,1.027672667,2.798412248,1.263702672,1.267981773,1.496662955,1.733493582,2.7096022670000006,1.54677083,1.488940712,2.14637938,1.59173211,1.510886421,1.715186468,113.9222222,94.12222222,67.95555556,40.51111111,19.02222222,4.255555556,11.08888889,13.61111111,6.977777778,17.51111111,34.44444444,39.22222222,38.5537037,99.45550233,76.46014939,52.2744467,20.64905836,19.16929692,5.376130372,10.16592893,21.77684805,8.652713126,16.76532466,47.57357752000001,54.04562373,36.03038334,160.0,154.43,173998.85999999996,180276.57999994006
Table Mountain Rancheria,0.12576132086918496,0.18590448998649298,3.4108954362657182,1.919714287447466e7,0.152,0.22900000000000004,3.07,7.7333e7,0.874238679130815,0.814095510013507,0.848,0.7709999999999999,0.22296307961729575,0.22120757660887153,0.11531339877909431,0.1105341061175835,0.07108642516998816,0.17111909986190685,0.17111909986190685,0.057367257125054964,0.09873342441067542,0.09028703310470325,8.392844564283116,9.945805331194824,11.005412398498112,13.59228751233487,16.177178795901884,19.929203952597287,22.71414675106414,22.1205522613768,20.244482779637732,16.400413297291948,10.403392632189089,7.530334830717414,14.871337926073847,2.002414080385444,2.3775816887764942,2.1671697830061443,2.020842248158596,2.1770218514115367,2.2761195231939597,2.6312124087124515,2.375253898772289,2.232662301098542,2.2387523840308328,2.318142258353851,2.5716931157426393,2.2824054618846343,117.218584005547,86.16203174622517,74.75678825903064,45.61677987420479,29.708355795268982,11.863357891590617,4.192616951198592,5.093425576428673,9.799973644866835,30.99856843336711,48.300013177565404,101.32772446570662,47.08651831857028,94.54607742542738,72.92474305202687,66.25944664110506,31.963286835730422,22.337545946095293,10.268234401220255,5.426855985490885,5.355462304742203,11.039073161733796,34.200605386155225,46.79103226362906,85.82292628096386,40.57794080692718,9.0,10.08888889,12.38888889,15.84444444,19.21111111,23.48888889,26.755555560000005,26.222222219999995,22.47777778,17.68888889,10.93333333,8.533333333,16.88611111,1.443086969,2.804658823,2.130401631,2.876243692,2.609810551,3.797842955,3.9793564530000003,3.021497054,2.724783376,3.42981211,4.192552922,1.790949469,2.900083,58.33333333,50.04444444,49.71111111,25.57777778,17.44444444,3.088888889,6.988888889,6.311111111,6.044444444,12.988888890000002,15.722222220000003,31.67777778,23.66111111,38.12404097,40.63837814,36.39232215,21.95579524,16.93532633,4.878382018,17.05377117,18.05079253,9.241497594,18.97297054,21.72664135,25.63541387,22.46711099,20922.96999999,20194.359999999993,173998.85999999996,180276.57999994006
Confederated Tribes of Siletz Indians of Oregon,0.147889319192901,0.22254489694429108,3.2844061403120093,9.412670320726857e6,0.14699509492157176,0.22398957670834,3.6599417521936646,4.368122780244407e6,0.8521106808070991,0.7774551030557089,0.8530049050784283,0.77601042329166,0.3805124319308322,0.357141631799691,0.001,0.2265165335676616,0.3308409580146427,0.2617034438739928,0.23774201099007888,0.0009999999999999998,0.16229224478307563,0.2609944233541183,6.034238924232795,7.626370587126889,9.530236972877987,11.438474052477309,14.107109157994142,18.34927064568082,19.402098585588092,23.093498182552466,18.49934385448511,15.34374491721425,9.03468900744607,6.541201670318693,13.25002304684236,2.702344471630552,3.337641008534408,2.4234823838057578,2.3777785998091763,3.215803172569545,4.240367557848218,3.3062047933269887,2.6105223933079555,3.2598860419697413,3.1428323140697887,2.483019978391898,2.1476392265139084,2.93729349520693,163.40340003387013,109.30734776164955,108.23679844539775,68.69439835357736,50.946407461517836,16.928143810751592,3.4397429639877988,4.247291361482186,14.560175695910202,51.49892630431429,62.982793774734,168.50870884389462,68.56284456694974,131.49443703301122,91.56953285606151,115.20811048656905,60.49625231685212,36.09658557455344,16.904688052191315,3.8872811653552946,5.757901581393852,17.54189838930698,48.53537454576869,74.72262639391413,160.47414857214744,63.55740308184967,5.455555556,6.6,7.511111111,9.7,11.788888889999999,14.56666667,18.06666667,17.1,15.33333333,10.83333333,6.8,4.277777778,10.66944444,2.507045627,1.95512148,1.944507935,1.607015868,1.366056774,2.099404678,3.475989068,1.343502884,1.208304597,2.454587542,2.154065923,3.933121463,2.170726987,206.73333329999997,137.4555556,145.9555556,83.92222222,71.52222222,76.21111111,11.5,13.56666667,50.666666670000005,106.2,180.0333333,210.0666667,107.8194444,111.548913,76.63747633,57.8399756,42.26321621,26.71056803,27.75763158,9.404387274000001,9.647927239,25.21105908,42.34760914,92.67906991,124.5413385,53.88243099,4497.76999999,4341.130000000001,173998.85999999996,180276.57999994006
"Duckwater Shoshone Tribe of the Duckwater Reservation, Nevada",0.11602091821922218,0.13490470364251667,2.9580353046173853,2.1739824627853267e7,0.162,0.259,3.15,3.775e6,0.8839790817807778,0.8650952963574834,0.838,0.741,0.3396484874011003,0.3340110122515397,0.0018486985060889337,0.2967335757011592,0.11303467648724996,0.04528048488180902,0.03588607561510605,0.01113316554500958,0.020082657065596754,0.001,-2.3744091280014668,-1.0551860907828852,1.8513664765452322,6.981211627251343,11.313126867949629,16.82618853562347,20.698299374919312,19.73368649860146,15.570823145110019,9.024775875915891,1.547171964106112,-2.8220918228831287,8.107913610405376,3.286179728266012,4.2479212132963315,3.580387328899754,3.008926903901223,3.5730639355970637,3.7109274112308066,3.331158770889975,3.465423094025427,3.602153689893398,2.773830458465526,4.417347360120291,2.8388535413745712,3.4863477862630803,32.86585167060635,25.89308883494865,51.25832654249389,43.45515892427382,62.44396631274817,35.40973105214179,41.050388481946214,29.118983971863074,29.196370551281166,26.519451235990218,38.82301005155989,40.28680249873838,38.02676084425917,25.173689245951095,16.497025277679708,26.88696768844987,24.69069042532029,34.490787653931534,21.801159820640578,37.54349011222004,27.156599789545226,18.637283173550124,16.785232930743277,33.34713658743764,34.56341472933495,26.464456453814172,-0.7,2.788888889,2.855555556,7.377777778,11.222222219999999,16.12222222,22.64444444,20.62222222,15.28888889,11.41111111,3.044444444,-0.5,9.348148147000002,1.646966909,3.8063908250000003,1.747220014,2.605176471,2.477285701,2.744438821,4.316859713,2.216854629,2.343311996,2.544329207,2.649108865,2.4464259649999995,2.628697426,36.2,33.78888889,27.11111111,24.000000000000004,30.63333333,12.17777778,21.97777778,19.76666667,13.8,18.85555556,24.52222222,26.45555556,24.107407410000004,18.9563314,15.11782428,18.67909556,10.62544117,12.86914916,8.003558236,19.04795119,17.02542217,12.71436196,8.035718871,19.23816375,25.7234383,15.503038,4559.41,4400.629999999999,173998.85999999996,180276.57999994006
Lac du Flambeau Band of Lake Superior Chippewa Indians of the Lac du Flambeau Reservation of Wisconsin,0.10074832675401879,0.16858918840122636,3.199270939909695,5.665519571177076e6,0.10968495714726743,0.19050520622053005,3.47905967019114,1.2132560286726276e6,0.8992516732459812,0.8314108115987736,0.8903150428527326,0.80949479377947,0.36878970138795986,0.3408251612843349,0.001000000000000003,0.23097331215445982,0.32139605337843186,0.3339864563714868,0.32258080450025856,0.0009999999999999992,0.17468518712754935,0.2520980213224495,-10.683029640652183,-9.502065490277634,-1.185280987181411,5.532440459116231,11.58528481779895,16.42566726065529,19.805974210677704,18.866804620632887,13.710486482665978,7.122498131897058,-0.7811998237834117,-9.527133031092092,5.114203917528888,2.2022984839218838,2.8242041424519773,2.816107907854632,2.0278416346645995,1.3166529082171081,1.8255521628368714,1.1235230972612533,1.354542421399553,1.9424309560876012,1.9119794406490798,2.9449332590663917,3.7995117264769784,2.1741315116297644,26.48009809982066,16.07459906834973,37.12752006827387,43.56289015405075,82.17825295521473,98.97634266740475,90.69174953669781,109.20599143940527,105.28905750994666,76.95426414589419,54.58423483126578,33.76633902388515,64.57427829195727,16.51370852267291,7.0140261002507405,19.945023350788073,24.339898082233162,39.90001544732713,38.74961075256945,38.57178981804971,41.82572010852562,49.793713838144576,30.004603157887612,30.61257144967756,19.314193507131414,29.715406177825514,-11.0694444475,-9.594444444500002,-1.6722222224999999,4.8555555555,11.23888889,16.808333335,19.374999999999996,18.5527777775,13.563888887500003,6.2555555555,-0.93888888875,-9.41111111075,4.83032407425,1.975714236,2.56862996325,3.5888346857499998,2.3437890825,1.47281187275,2.7886072315,1.68843413975,1.90274094425,3.4131852169999997,2.1522604875,4.1313898375,4.78478769325,2.7342654495000005,26.0166666675,18.3,35.0250000025,52.1,80.63888889,108.0805555525,106.5472222075,120.10277780000001,121.3638889,85.89999999999999,55.59444444499999,39.991666665000004,70.80509259499999,12.709557644999999,8.46434325575,19.9473098775,26.597010112499998,41.007527405000005,37.686518344999996,40.609416785,52.681342595,67.69214029,38.546123375,30.245758925,29.199331837499997,33.78219837,12320.469999989997,11891.440000000008,173998.85999999996,180276.57999994006
Turtle Mountain Band of Chippewa Indians of North Dakota,0.09364993104347126,0.17451077661874487,3.219243639915166,1.1994535398717772e6,0.163,0.287,3.0799999999999996,1.245e6,0.9063500689565287,0.8254892233812552,0.837,0.7130000000000001,0.45452830188830246,0.40965838583959185,0.0009999999999999996,0.29562886964572477,0.33408527859342907,0.47211367059826786,0.4338816922596933,0.0009999999999999983,0.44012508970137065,0.25859287262147046,-10.857085828131737,-9.507385229134734,-0.7176646707919163,6.84570858282635,13.217797736976053,18.44950100137725,20.933732536616766,19.760545574371257,14.66723220248503,7.642149035185631,-0.6938789087694611,-9.818629408922156,5.826835218405691,2.6683655928323353,2.7713868948652696,2.7989670217844314,2.178208938086827,1.3604907195059883,1.9371205985583835,1.1758313551916169,1.468736515125749,1.9839281825029944,1.8707798721077846,3.416391286366767,4.294667027167665,2.3270728337739524,20.63057218868264,15.568163672694611,33.69457751374252,45.27235529185629,78.30365934973055,122.77551565104791,94.58629407943116,112.68732535269463,100.76816368161681,65.81526946176648,47.871423819730545,26.11526946368264,63.674049127934154,11.973047716437128,7.784224972949104,18.32944956658683,18.47343146949102,28.87863520125749,40.61904114528444,40.00963024562875,46.580752787485046,53.84262346236529,28.325872992934134,31.213402243203603,15.971252231667666,28.5001136688024,-12.06666667,-8.444444444,-2.4,6.711111111,11.888888890000002,17.32222222,20.37777778,18.2,12.688888890000001,7.444444443999999,-2.666666667,-11.11111111,4.828703704,5.946637705,7.142673013,4.118252056,3.229336017,1.8312867360000002,2.483333333,1.829465617,1.802775638,1.572771792,3.314404589,5.911429607,6.583966214000001,3.813861026,24.42222222,23.17777778,26.93333333,25.86666667,81.63333333,124.5333333,64.55555556,114.49999999999999,44.877777779999995,42.45555556,45.33333333,23.722222220000003,53.50092591999999,13.7255945,18.61597283,17.77427917,18.08272656,30.32329962,58.99898304,24.19447825,55.47571541,33.08964256,19.50756976,27.48463207,14.93425406,27.68392899,1440.0,1389.8400000000001,173998.85999999996,180276.57999994006
Iowa Tribe of Oklahoma,0.07639489828137185,0.1197097232462106,3.021553823842804,932474.7521265718,0.13975319508103268,0.1996527236017709,3.0953847869353632,1.6059975356061919e7,0.9236051017186282,0.8802902767537895,0.8602468049189673,0.8003472763982291,0.7422724441067655,0.6594778971955698,0.0009999999999999998,0.7296652610655265,0.71791102121207,0.36977362712331197,0.346591050631513,0.22849308807949115,0.3400141395361012,0.3373905152488028,-7.623609427598784,-5.644855218741816,2.4282222222133334,9.149865319966668,14.908915825709096,20.949488215509092,22.942962961024225,21.8132525271394,17.248087543303033,9.64591245811636,0.996707070641818,-7.268821549033937,8.295510662378183,2.8515344149690907,2.9771062907490893,1.976763552581212,2.0752624471842416,1.5022238606133327,1.6363241388327279,0.9905309209496971,1.3977785358000003,1.8797426381757572,1.6203720973460611,3.713888915655758,4.071180899363029,2.224392392787273,14.903939395533328,12.185218853375757,42.901353534363615,65.21665993292723,102.35907070033333,116.38964309763637,94.0277373777272,102.31630977633337,87.28977104570302,44.3545656574303,32.098127946175765,22.883319864963646,61.410476432193924,9.428211976874543,10.750405901214542,24.804641068739386,38.93497907173939,33.197585220787886,58.50421849321818,56.53068389706667,46.265655579133345,54.4889155237394,18.191750440103025,28.059273771793936,18.016803413896966,33.097760362690906,4.185185185333333,5.914814815,11.488888886666667,16.30740740666667,20.78888889,26.15555555333333,28.451851849999997,28.655555556666666,24.47037037,17.225925926666665,10.781481483333332,4.1148148146666665,16.545061729999997,2.121187927333333,2.7037127056666663,1.2723781936666667,1.1874893223333334,0.8917007979999999,1.4894532489999999,1.3141346936666667,1.497624087,1.4595135143333333,1.1565946233333333,2.0797091576666666,2.740119569,1.6594681536666667,55.485185183333336,57.744444446666655,106.10000003333333,96.63333333333334,164.0333333333333,149.55555556666667,88.46296297,78.79259259333332,91.41111111000001,82.41111111333332,57.25185185333333,49.97037036999999,89.82098765999999,25.49053576333333,47.18337425,62.761130923333326,46.06262642,81.58725282999998,73.10297097333331,57.802431379999994,58.18912381333333,49.06311094,60.569779579999995,49.0676961,43.26133085666667,54.511780316666666,3535.29,3412.1799999999994,173998.85999999996,180276.57999994006
Lower Sioux Indian Community in the State of Minnesota,0.08207927689274154,0.13099242974349617,2.9643878378233652,2.0007032373309515e6,0.08596111683618819,0.15390668040685168,2.97,668455.6357066348,0.9179207231072585,0.8690075702565039,0.9140388831638118,0.8460933195931484,0.6796467468836486,0.5879861899832893,0.000999094969063636,0.6531535001148611,0.6191752323113425,0.5803819613198582,0.4863029892632946,0.0009999999999999994,0.46303554829287247,0.5458192991992524,-9.179829572390474,-7.408886349681812,1.1348011679247372,8.403341902344621,14.362715414708683,20.09953029295775,22.283014376169696,21.209743248273373,16.39785616848474,8.84934939225123,0.11269795930976877,-8.656823446842912,7.300625879513006,2.8598883086202553,2.851516251153819,2.1992763519728675,2.2298834278440487,1.395230252231935,1.7333393542395055,0.9286812749190237,1.4322511315895474,1.84848164544916,1.8055728294194546,3.5765912045192843,4.07029950131249,2.244250961225939,16.588747660061422,13.111326922519304,39.3563711949472,53.9639103115639,98.09380811830493,112.05293408082419,95.23634675802641,99.07309658008865,84.26236154757645,47.681068901046906,34.79235456543277,23.00039671231222,59.767726946176886,10.771998952300926,8.750217857452595,25.924861244278805,29.87275685931595,40.407129129044634,46.939862961192574,46.12791867021719,41.3504736682363,53.75548703933743,18.35587940574696,28.828863409036046,17.58046701587264,30.722159683750398,-6.95,-6.7166666665,1.961111111,10.133333332000001,15.894444440000001,21.22222222,24.16666667,22.455555555000004,16.527777775,10.572222224499999,2.6777777780000003,-7.7944444445,8.6791666665,6.3744411415,6.0100261040000005,4.1298857705,4.1001271255,2.9315496289999996,2.4396181425,2.976171996,2.3907553234999996,1.854171108,3.969412613,7.024728618,6.034274777499999,4.186263529500001,17.31111111,16.57222222,48.883333335,73.577777775,107.96666665,119.28333334999999,99.13888887,90.294444445,90.055555555,61.533333330000005,40.877777775,36.07222222,66.79722222,12.73250428,11.777770735,43.121797640000004,63.208130340000004,32.600553305,47.68591859,37.419706700000006,32.273634675,60.147020190000006,48.955865275,33.777788705,39.763959230000005,38.622054139999996,14667.448333349997,14156.730000000007,173998.85999999996,180276.57999994006
Confederated Tribes of the Chehalis Reservation,0.104,0.154,3.3100000000000005,2.716e7,0.14406253748754144,0.2228553341869206,3.4317435197040562,8.388289913219665e6,0.896,0.846,0.8559374625124585,0.7771446658130794,0.7256437938724734,0.6549306916566568,0.0010000000000000002,0.577088709879009,0.6908564430369797,0.6052040180248901,0.5553752937114971,0.0013071107612196346,0.42212069432045174,0.5786997806999316,6.2729729725855865,9.422222222000002,9.63603603468919,12.576576575810812,15.188888890000001,20.643843845675676,24.12222222,21.42777778,20.957507508243243,15.550300302162162,8.722222222,6.6000000000000005,14.260047544324323,3.3786483513693697,1.438556375,3.550658589581081,2.719147407608108,3.5621076779999994,3.8636941330135133,3.147132734,1.802947403,2.5443006193378377,2.2117442374459464,2.6508384419999995,3.03891428,2.8257241876261268,131.12102103963966,122.87537540135133,109.3555556,63.255555560000005,46.75555556,13.86666667,2.8333333329999997,3.3700200201486488,8.746246244972973,43.82532532792793,62.76666666999999,194.27777779999997,66.92075827013512,104.29270553378379,106.54965027635136,71.02228719,43.40282569,27.29634184,10.60459806,4.107919181,7.389311623094594,12.342967944594594,40.04529947729729,62.685943400000006,190.565217,56.69208893563063,3.644444444,4.077777778,6.388888889,10.37777778,11.43333333,13.78888889,16.65555556,16.78888889,14.51111111,9.833333333,4.733333333,3.155555556,9.615740741,2.549564233,4.382002333,1.370624351,4.617298392,1.177921899,0.888037787,1.371232211,2.009629596,1.390543459,4.347700542,4.04103947,2.633491556,2.564923819,235.3,149.7111111,135.6444444,103.4444444,78.67777778,71.47777778,24.37777778,34.21111111,65.28888889,166.1555556,220.8333333,212.7222222,124.8203704,125.7456162,83.32702809,48.80320459,48.57720945,39.6765919,20.31063624,18.04790693,16.56007582,40.27379559,81.92225142,136.6263426,106.0438209,63.82620664,480.0,463.27,173998.85999999996,180276.57999994006
Burns Paiute Tribe,0.11154573672617896,0.1579355571322218,3.214335474186797,1.8067163153796364e6,0.151,0.24,3.28,606000.0,0.888454263273821,0.8420644428677782,0.849,0.76,0.1184952743827959,0.11826097943284501,0.001019817674905503,0.04269741297541426,0.0069334334740445,0.06519192660490764,0.06513721492330583,0.001,0.005269118286321526,0.001,5.211379595243494,8.2070012395,10.073089632234199,12.71470466904461,15.954130523420071,20.299586947527878,22.619950433178435,22.756939281784387,19.679347378940516,15.04698471742565,8.321168939169143,5.532651796782527,13.86807792962825,3.595914740381041,2.3720536910631966,2.34554711386617,2.783907646076208,2.7810047945241636,2.507805138083643,3.481509632475836,2.612562530806691,2.7262057991821558,2.5939382783345724,2.8226204221877316,3.249561789258364,2.8227192981338294,121.93372572397764,88.98215613444238,84.12003305237917,61.61022304710037,37.95103263288104,17.591016108960964,5.122284179920074,9.009190416992563,12.711049153810405,53.935315984925644,64.48205286643125,117.73878562191447,56.26557207970261,99.07887947124534,59.368529317323414,45.37173742228623,36.31364782496283,24.80569764107063,16.848319830063193,7.029463235462825,13.810892456304831,10.842665805169146,57.07920555509292,55.91173046539033,94.71723384169145,43.43150024074349,-1.1388888885,1.7833333335000001,3.8555555555,7.85,10.805555555,15.044444445,20.11111111,18.09444444,13.93888889,8.6111111115,1.738888889,-2.3111111109999998,8.198611111,4.3099393605000005,4.466078888,3.264517020499999,3.075296587,2.6463140624999997,2.9858414235,2.2483830680000003,1.9697561775,1.9985708969999998,3.5971473145000004,3.6749571435,4.588365743,3.2354306405,56.277777779999994,20.422222225000002,46.644444445000005,28.277777774999997,49.06666666499999,28.95,20.905555555,6.966666666499999,22.05,36.666666665,69.43888888999999,78.961111115,38.718981485,95.33472671,16.30546166,60.484306965,13.83350094,27.925440495,20.31851383,22.14004578,8.4468365025,21.370373185,27.509710179999995,109.55516475,87.73851002999999,42.580215915000004,1280.0,1235.41,173998.85999999996,180276.57999994006
Pechanga Band of Indians,0.114,0.152,3.46,6.72171e8,0.09999660224025875,0.14598301120129376,3.150314292776065,1.2701498232628132e8,0.886,0.848,0.9000033977597413,0.8540169887987062,0.2108483033024095,0.2108483033024095,0.08706001105523094,0.1591190166557745,0.06771170972170304,0.18492062792383177,0.1834416713681825,0.08414054346724076,0.07387068514672342,0.038841401359541526,10.23888888975,10.919444447499998,11.186111109999999,13.14722222,14.4388888875,17.972222220000003,19.072222224999997,20.461111109999997,18.0472222225,16.511111112499997,11.624999997500002,10.213888888000001,14.48611111,2.2392127605,2.189698166,3.12902121975,2.3053553860000005,2.39985538375,2.6229482109999998,2.15022364375,3.034924233,2.1461079365,2.2298594475,1.8548596637499999,2.0991802782499995,2.3667705277500004,123.91944445,118.44166664999999,84.31388889,35.92777778,17.5000000025,5.227777777500001,2.75277777775,1.2222222222499999,2.0805555555,14.216666667499998,24.797222225000002,59.46388889,40.82199074,112.775797225,112.959620925,75.95201064999999,25.9180293425,13.3435850375,8.1345944175,4.028398237,2.0002994149999997,2.89720106525,13.953679555,36.14912349,89.38245928250001,41.457899885,12.266666669999998,12.02222222,13.14444444,14.53333333,16.51111111,18.85555556,21.27777778,22.64444444,20.63333333,17.83333333,14.422222219999998,12.34444444,16.37407407,1.102270384,3.322189706,1.260070545,1.011187421,0.902003942,1.897439796,2.625727412,1.627967376,0.874642784,1.809005252,1.091762082,0.7731609,1.524785633,130.9888889,102.4777778,63.78888889,33.45555556,17.47777778,3.233333333,5.811111111,3.966666667,5.522222222,12.4,26.48888889,36.91111111,36.87685186,119.4774188,82.84269397,53.85855188,21.34649334,16.09905104,4.848195541,8.543629856,9.675872054,10.14085521,14.20026408,41.08136574,56.30347335,36.53482207,160.0,154.43,173998.85999999996,180276.57999994006
Te-Moak Tribe of Western Shoshone Indians of Nevada (Wells Band),0.11602091821922218,0.13490470364251667,2.9580353046173853,2.1739824627853267e7,0.1,0.169,3.35,2.969e6,0.8839790817807778,0.8650952963574834,0.9,0.831,0.3396484874011003,0.3340110122515397,0.0018486985060889337,0.2967335757011592,0.11303467648724996,0.07593724961763115,0.07593724961763115,0.001,0.020954363358277214,0.006965772518707908,-2.3744091280014668,-1.0551860907828852,1.8513664765452322,6.981211627251343,11.313126867949629,16.82618853562347,20.698299374919312,19.73368649860146,15.570823145110019,9.024775875915891,1.547171964106112,-2.8220918228831287,8.107913610405376,3.286179728266012,4.2479212132963315,3.580387328899754,3.008926903901223,3.5730639355970637,3.7109274112308066,3.331158770889975,3.465423094025427,3.602153689893398,2.773830458465526,4.417347360120291,2.8388535413745712,3.4863477862630803,32.86585167060635,25.89308883494865,51.25832654249389,43.45515892427382,62.44396631274817,35.40973105214179,41.050388481946214,29.118983971863074,29.196370551281166,26.519451235990218,38.82301005155989,40.28680249873838,38.02676084425917,25.173689245951095,16.497025277679708,26.88696768844987,24.69069042532029,34.490787653931534,21.801159820640578,37.54349011222004,27.156599789545226,18.637283173550124,16.785232930743277,33.34713658743764,34.56341472933495,26.464456453814172,-1.477777778,1.422222222,1.233333333,6.544444444,9.966666667,15.611111110000001,20.16666667,18.02222222,13.55555556,9.733333333,2.1,-2.411111111,7.872222223,5.876814141,6.162340825,1.359227722,1.728518955,2.242208732,2.663383395,1.860107524,0.9310985149999998,1.614087289,5.521095906,5.389805191,4.399842169,3.31237753,30.4,35.3,28.67777778,34.16666667,47.21111111,24.27777778,10.24444444,32.74444444,18.58888889,23.2,27.12222222,24.84444444,28.06481481,24.39087944,38.54289818,13.38345787,18.44302036,31.23617472,19.29208243,7.867355195999999,66.45071691,14.360313749999998,19.73094017,9.525069262,16.01023978,23.26942901,4559.41,4400.629999999999,173998.85999999996,180276.57999994006
"Sisseton-Wahpeton Oyate of the Lake Traverse Reservation, South Dakota",0.08240934362892581,0.1313462419841439,2.9637286973139068,1.99851460603535e6,0.11214925497075916,0.19534231111152073,3.2900084327863044,603523.7579688856,0.9175906563710742,0.8686537580158561,0.8878507450292409,0.8046576888884793,0.6755099504242302,0.5851013597253852,0.000999094654110995,0.6473859565767396,0.6144323108871516,0.5103898714529328,0.4724132621246572,0.0011968059481771097,0.47224784018365284,0.40931289485601785,-9.193102955768115,-7.423713646293025,1.1321782728023717,8.393629714282742,14.353154997141253,20.097201199534506,22.274377647022735,21.20389832955307,16.386266203884073,8.840547701796245,0.10228314848736265,-8.663423611684859,7.291941416777534,2.858661460257037,2.8563146198322205,2.2063763220733996,2.2317899973515676,1.394404520130945,1.7257020399982885,0.9254210560341288,1.4302139554606614,1.8490940146363013,1.8067520909877226,3.5829530170294195,4.069307151028853,2.2447491871892082,16.562041665287747,13.09668237417966,39.244406365035026,53.74528852732835,97.95124787841084,111.74735589382135,95.2768908562446,99.03705713877348,83.96737747315869,47.647866787335495,34.56491979638303,22.907315912524652,59.64570422255328,10.726427401880773,8.672351178280318,25.940313426200227,29.688655332263348,40.82976186532922,46.88966075710701,46.26071785694,41.50658267146516,53.62073066722844,18.49937868417396,28.81339418970732,17.512449203551366,30.74670193559479,-8.781944444,-5.9375,0.25972222224999997,8.799999999874998,14.55694444375,19.79166666625,22.345833331250002,21.45833333375,15.102777777500002,9.116666665875,0.775000000125,-8.625000000125,7.40520833325,5.8082424206250005,6.642718719124999,3.7852824075,3.4279664366250007,2.331449296125,2.7466367932500004,1.9511105431250002,2.4630968531249997,1.960214626875,3.0893825335,7.267888268000001,6.4231473365000005,3.991428019625,22.069444445,22.45138888875,42.73611111,40.1791666675,71.2125,106.65694444999998,81.52916666625002,71.20277777625,70.493055555,51.550000001250005,32.7138888875,38.550000000000004,54.278703705,30.02263383875,35.22965207675,39.6465394,35.779493575000004,33.847985953750005,40.04073055875,44.126906713749996,36.05342494625,39.173957727499996,29.5110065425,29.157018672499998,58.527201622499994,37.59304596875,14672.058333349998,14161.180000000008,173998.85999999996,180276.57999994006
"Bay Mills Indian Community, Michigan",0.10492852748135763,0.19712951733749842,3.134396822376029,1.4838128628243108e6,0.16199999999999998,0.208,2.99,3.1e6,0.8950714725186424,0.8028704826625016,0.8380000000000001,0.792,0.43070823539366787,0.4052773502494078,0.0009999999999999996,0.222377759190418,0.3282079265958238,0.41721857432810644,0.4053321426388563,0.0009999999999999998,0.2547859970801446,0.3191620777042448,-10.103703703082353,-8.88662309349412,-0.523485838937255,6.808235294003923,13.154466230470593,18.22732026482353,20.920087147490197,19.782745096196077,14.691503267921568,7.679302832211766,-0.2616993462666667,-9.156601307215688,6.027628903415688,2.334671710909804,2.8512240243647056,2.48689087054902,2.1111125140549025,1.3646661212235298,1.7134400980235296,1.0982229414901963,1.4454521880705886,1.794491221619608,1.9042781024196083,2.8010316028196085,3.980209808305882,2.1571409337843135,21.204575162352942,15.568627450000001,37.48627451117648,51.28431372764707,78.85211329309806,123.71455339568628,97.3633986947059,116.53529411176473,111.82174293078434,71.53071895411766,48.898692810000014,27.59673203058824,66.82141975666669,11.867106797647061,6.817666885588237,19.271096357647064,18.744464043529412,22.63734074231373,36.75623242301962,40.62764900705882,46.068413780000014,60.92510031850982,30.838164581176475,31.66454291882354,18.239315346470594,28.70475776545098,-7.5166666665,-8.283333333499998,-1.538888889,5.027777778000001,11.52222222,15.85,19.122222224999998,18.955555554999997,14.2,7.972222222,2.0333333335,-5.655555555499999,5.974074074,3.0342484695,3.056993822,2.9335206694999996,1.8240094405000002,1.969411485,2.315657823,2.2045738845,1.3994132989999999,2.329952648,1.769175706,2.9133965434999998,4.6589907915,2.5341120485,63.01666666500001,36.733333335000005,45.916666664999994,61.87777778,67.46666667,98.077777795,63.55555556,78.49444444500001,102.81111112,83.61111111,78.67777777999999,73.21111110999999,71.120833335,23.809351314999997,20.771796065,30.71320093,34.992523170000005,32.677356815,48.795490550000004,24.533962154999998,28.648395760000003,40.633281935,35.312558095,22.95180644,40.11374818,31.99612262,1120.0,1080.98,173998.85999999996,180276.57999994006
"Santa Rosa Indian Community of the Santa Rosa Rancheria, California",0.12576132086918496,0.18590448998649298,3.4108954362657182,1.919714287447466e7,0.144,0.211,3.07,1.1253e7,0.874238679130815,0.814095510013507,0.856,0.789,0.22296307961729575,0.22120757660887153,0.11531339877909431,0.1105341061175835,0.07108642516998816,0.05659125331072332,0.05659125331072332,0.007363863468565379,0.016205128083011954,0.001,8.392844564283116,9.945805331194824,11.005412398498112,13.59228751233487,16.177178795901884,19.929203952597287,22.71414675106414,22.1205522613768,20.244482779637732,16.400413297291948,10.403392632189089,7.530334830717414,14.871337926073847,2.002414080385444,2.3775816887764942,2.1671697830061443,2.020842248158596,2.1770218514115367,2.2761195231939597,2.6312124087124515,2.375253898772289,2.232662301098542,2.2387523840308328,2.318142258353851,2.5716931157426393,2.2824054618846343,117.218584005547,86.16203174622517,74.75678825903064,45.61677987420479,29.708355795268982,11.863357891590617,4.192616951198592,5.093425576428673,9.799973644866835,30.99856843336711,48.300013177565404,101.32772446570662,47.08651831857028,94.54607742542738,72.92474305202687,66.25944664110506,31.963286835730422,22.337545946095293,10.268234401220255,5.426855985490885,5.355462304742203,11.039073161733796,34.200605386155225,46.79103226362906,85.82292628096386,40.57794080692718,7.3,7.411111111,10.88888889,14.333333329999999,17.88888889,21.74444444,24.76666667,24.2,20.66666667,16.51111111,9.322222222,6.622222222000001,15.13796296,2.880104165,8.599483189,3.761131626,3.9363688849999994,3.002267661,3.2806672760000004,3.2101401839999997,2.556364606,3.4503623,3.958043849,5.690074204,3.6217322440000004,3.995561682,55.01111111,41.66666667,37.93333333,20.13333333,15.811111109999999,3.333333333,7.588888889,8.6,2.688888889,11.0,14.78888889,29.94444444,20.70833333,33.70621028,24.131255669999998,33.43845092,13.057373399999998,13.909389309999998,5.421485036,18.99331754,24.18553287,4.547923824,11.82729893,16.78536896,25.129917979999995,18.76112706,20922.96999999,20194.359999999993,173998.85999999996,180276.57999994006
"Northern Arapaho Tribe of the Wind River Reservation, Wyoming",0.09371698679977278,0.12366436845243892,3.4656149145745108,1.705056429518307e7,0.14117614446151538,0.19888061353981684,3.372357646417614,2.8927536113836793e6,0.9062830132002272,0.8763356315475611,0.8588238555384846,0.8011193864601831,0.1629911129714161,0.1551300476785009,0.002349017042170636,0.13501836339693543,0.06590993289080722,0.056095397600241424,0.055694570097866346,0.002799349391891822,0.021838923204164896,0.002574532331752992,-2.6413631346523165,-1.1235688005758264,2.6402483443764893,6.926848785917379,11.655222590488563,16.899472037745017,19.986162619728464,20.020180279973495,15.496260118253302,8.112113686669366,2.5615415746947003,-2.9469849153786387,8.132177765557774,3.2980705599458573,3.5766746810403935,3.3144583380223485,3.0574778355915533,2.969145416607614,3.4378265039115856,2.6814966506778135,2.9450079717019846,3.115091043928145,2.7968384876122503,4.286772113202645,3.8339125782268186,3.2760643483534744,27.100483811693685,22.064243929387384,35.61727005143542,41.52738042718374,59.86642200191552,37.49461000789069,47.912030905137364,42.588018763831094,31.404521707547982,28.99736019170694,25.45261957261752,19.089048933315873,34.92616752546025,24.374485036200962,18.28021300848358,18.49525135930413,21.7771814796109,37.6306462994652,27.7769786245364,32.82619857853142,24.817502811122516,20.902204792265717,21.236942807575154,20.556923476495857,14.775459197995856,23.620832289632432,-6.7382716049999996,-4.803703703666667,-0.113580246888889,5.569135802555555,9.717283949777777,15.2,20.386419753333332,18.667901233333332,13.122222223333333,7.654320987777777,-0.6098765432222222,-5.095061728333333,6.079732510333333,2.8162391983333332,5.124800153111111,2.4241015083333335,3.230387511,3.686265503111111,3.350102642222222,3.3508274756666663,3.195357493777778,3.017943330333333,3.381468016888889,5.974280982333332,4.491546278777778,3.6702766745555553,23.144444443666664,25.62098765311111,23.483950615555553,37.81728395111112,66.58024691333334,48.67037037111111,38.63950617444444,33.07530864111111,30.495061727777784,29.144444444444446,30.01728395222222,18.85061728188889,33.79495884777777,17.13534423088889,38.518264818888895,20.191571845666665,25.848987507777775,41.14505730333334,42.55738461666667,53.033745974444436,38.139686564444446,28.008764771111107,29.66603994222222,34.52096190955555,16.533450746888885,32.10827168777778,12629.15,12189.400000000012,173998.85999999996,180276.57999994006
"Sac & Fox Nation, Oklahoma",0.07639489828137185,0.1197097232462106,3.021553823842804,932474.7521265718,0.15553519771414284,0.22809787345611396,3.053165304180015,3.9693318905893113e6,0.9236051017186282,0.8802902767537895,0.8444648022858572,0.771902126543886,0.7422724441067655,0.6594778971955698,0.0009999999999999998,0.7296652610655265,0.71791102121207,0.39319529980311285,0.3661602502035588,0.25715685083116135,0.3556197790075648,0.3405914773493788,-7.623609427598784,-5.644855218741816,2.4282222222133334,9.149865319966668,14.908915825709096,20.949488215509092,22.942962961024225,21.8132525271394,17.248087543303033,9.64591245811636,0.996707070641818,-7.268821549033937,8.295510662378183,2.8515344149690907,2.9771062907490893,1.976763552581212,2.0752624471842416,1.5022238606133327,1.6363241388327279,0.9905309209496971,1.3977785358000003,1.8797426381757572,1.6203720973460611,3.713888915655758,4.071180899363029,2.224392392787273,14.903939395533328,12.185218853375757,42.901353534363615,65.21665993292723,102.35907070033333,116.38964309763637,94.0277373777272,102.31630977633337,87.28977104570302,44.3545656574303,32.098127946175765,22.883319864963646,61.410476432193924,9.428211976874543,10.750405901214542,24.804641068739386,38.93497907173939,33.197585220787886,58.50421849321818,56.53068389706667,46.265655579133345,54.4889155237394,18.191750440103025,28.059273771793936,18.016803413896966,33.097760362690906,4.362962963,6.088888889,11.674074073333333,16.41851852,20.677777776666662,26.196296293333333,28.500000000000004,28.733333333333327,24.496296296666667,17.281481483333334,10.999999999999998,4.348148148,16.64814815,2.149084097,2.681373451,1.2763990230000002,1.151716427,1.0595884306666667,1.4873687423333333,1.3218946273333332,1.4641091223333333,1.4335329463333333,1.1700262426666665,2.080993908,2.807891405,1.6736648683333333,58.89259259333333,58.03333333666666,101.04814816333332,101.50740740999998,173.31481483333332,141.05925923333334,90.40000000666666,77.64814814666666,97.20740741666665,83.96666666666667,61.31851852,54.48888888666666,91.57376543666666,28.94570754333333,43.32953365333333,54.24677958,50.03438720666666,91.69121505333332,71.05666303666666,57.7591921,58.256499829999996,46.98003915333332,61.222441133333334,51.08909218333333,49.05897917666667,55.30587747,3535.29,3412.1799999999994,173998.85999999996,180276.57999994006
Shoshone-Bannock Tribes of the Fort Hall Reservation,0.11602091821922206,0.1349047036425166,2.9580353046173813,2.1739824627853274e7,0.10277626189145306,0.11767605794722659,3.011174416503097,2.2402585807060134e6,0.883979081780778,0.8650952963574834,0.8972237381085469,0.8823239420527734,0.33964848740110104,0.33401101225154023,0.001848698506088939,0.29673357570115944,0.11303467648724999,0.1479410898275719,0.1479305193854391,0.0009999999999999842,0.06542990642649153,0.021345649656414098,-2.374409128001465,-1.0551860907828847,1.851366476545231,6.981211627251338,11.313126867949629,16.826188535623448,20.698299374919305,19.73368649860146,15.570823145110017,9.024775875915887,1.5471719641061108,-2.822091822883128,8.10791361040537,3.2861797282660143,4.247921213296331,3.580387328899754,3.008926903901219,3.5730639355970637,3.710927411230803,3.3311587708899704,3.4654230940254256,3.6021536898933957,2.7738304584655236,4.417347360120289,2.8388535413745686,3.4863477862630785,32.86585167060634,25.89308883494864,51.25832654249385,43.455158924273796,62.44396631274808,35.40973105214177,41.05038848194618,29.118983971863052,29.19637055128115,26.519451235990207,38.823010051559855,40.28680249873836,38.026760844259115,25.173689245951067,16.4970252776797,26.88696768844986,24.69069042532027,34.49078765393152,21.801159820640564,37.54349011221999,27.15659978954522,18.6372831735501,16.785232930743273,33.34713658743763,34.56341472933493,26.464456453814176,-4.462962962833333,-0.9203703703333335,1.2,7.033333333333333,11.155555555500001,16.305555556666665,19.122222221666668,18.970370371666668,13.985185185,9.307407407333335,0.42222222216666666,-3.8111111110000007,7.358950617500001,2.5714141953333334,4.859185274833333,2.5543382995000004,1.3379136891666668,3.246135246833333,4.2711790569999994,2.223885998,2.1758714905,1.9560021716666667,4.858128823333334,3.3849975955,5.5854849085,3.252044729333334,33.12777777666667,23.622222224999998,37.753703701666666,28.74444444166667,59.770370369999995,36.44259259166667,19.148148148333334,20.838888888333333,24.94814814833333,28.901851851666667,31.059259259999997,30.78148148,31.26157407666667,19.740244320000002,13.343015789999999,31.808152043333333,18.990204253333335,34.844520896666666,23.895005284999996,19.12194775,20.189850765,14.44831285,14.318603198333335,20.746821621666665,22.16923757166667,21.134659693333333,9118.82,8801.260000000007,173998.85999999996,180276.57999994006
"Fort McDermitt Paiute and Shoshone Tribes of the Fort McDermitt Indian Reservation, Nevada and Oregon",0.11503244714171111,0.1399917224819442,3.0146464845604495,1.7337030890346773e7,0.1219792792936167,0.18306830468394544,2.932313881878147,1.4593246522661431e6,0.8849675528582889,0.8600082775180558,0.8780207207063833,0.8169316953160546,0.28887058329884674,0.2844737058429776,0.001658383245534501,0.2384055788643023,0.08867329068903167,0.07748912025172243,0.07496504539727834,0.007473004265262795,0.020395902718537612,0.004645870793633382,-0.7944035789864498,0.8739880415021283,3.5638275906608574,8.175411881407271,12.279778035833127,17.549645115416176,21.098550350274856,20.36338452312813,16.426566868610127,10.279111283090582,2.9580935175648437,-1.0819245494103742,9.307669089980248,3.35069286667789,3.8572062589945797,3.3231887088114562,2.9620587812880355,3.408089944928374,3.4603351607649993,3.3624745910731675,3.287785082793649,3.4197069360402605,2.7363616265218718,4.085189755548971,2.9243978841393696,3.3481239664359235,51.41734847305067,39.033591431591134,58.10292511094847,47.2365853656523,57.342457091002665,31.69836107946222,33.56710543336312,24.930416828030182,25.762726373255894,32.22976298005805,44.167402244514086,56.4188841558304,41.825630547963584,40.56702735714283,25.426513923954694,30.737066843232643,27.111577409837384,32.473529261783185,20.76955784041191,31.187877855272514,24.37688993848701,17.013781762714267,25.177860600855585,38.04700166925666,47.092549333457185,29.998436150820716,-1.4844444446,1.6155555555999999,3.3844444441999997,7.9866666668000015,11.104444444,16.153333334,21.346666667999997,19.486666665999998,14.377777778,8.626666666599998,1.4777777779999999,-2.297777778,8.481481481600001,2.970978584,4.583973895200001,1.6079369238,2.1952990348,1.7068022530000002,2.2178630561999997,1.6572415428,1.122653925,1.79658836,1.9174611268000001,2.56624475,3.0643573648000006,2.2839500679999998,32.675555554000006,22.94666667,25.955555556000004,21.32,38.457777778,17.157777778000003,12.682222222399998,10.726666665600002,11.72888889,23.57111111,28.128888888000002,44.18444444400001,24.127962961999998,27.751194870000003,18.969477538000003,17.993738418000003,13.213021573799999,16.845375978,12.789272246,19.232642658,14.9347157608,10.6822257752,20.787321878000004,22.997529472,35.232518052,19.285752852,5839.41,5636.039999999998,173998.85999999996,180276.57999994006
Middletown Rancheria of Pomo Indians of California,0.11750210546762915,0.16977875700260892,3.6955225388058994,2.9230456080993075e7,0.157,0.231,3.92,6.666e6,0.8824978945323708,0.8302212429973911,0.843,0.769,0.33223143783153775,0.32869462303147895,0.1695478315208857,0.1988349550901175,0.1592394859445471,0.6837663560783396,0.6819606590617445,0.29732075949592074,0.46285388267586997,0.6030375229685146,8.14690512641771,10.261138482892022,11.054868939417698,13.743954535196405,16.46729946663967,20.339783808491042,22.964866619860548,22.249816748159507,20.15860450012525,16.8353170956977,10.484408257732444,7.751179772671145,15.038178612690615,2.0723817979766186,2.1230839188334047,2.3787102548005006,2.268003592648687,2.295516378226138,2.9626854020850115,2.809611800366765,2.641528206571023,2.525186064880752,2.5837544558155323,2.616493256002004,2.4434256899155744,2.4766984015377056,142.04854464896871,96.2369093013411,84.63445975503217,46.60538436536702,29.881649733568274,7.909729529060132,3.1537796334875985,2.901131060103632,7.02445743438221,28.125904894361575,45.95954720453945,121.49723962212202,51.33156143205098,116.07879298131023,77.69239990044177,75.50970899104048,34.56199114160002,24.223567149170538,9.6138987309069,5.85047514753562,4.642213866576537,8.84173355542071,31.40764306286262,47.27204396027563,108.74793399752323,45.37020020706474,8.055555556,9.633333333,10.31111111,13.377777779999999,15.91111111,19.72222222,20.61111111,21.51111111,18.75555556,16.26666667,10.05555556,7.544444444,14.31296296,1.2787798,1.312440475,1.2702799339999997,1.965183056,2.35979048,3.011136736,1.337389663,3.301304456,1.481646981,1.044030651,2.047627353,1.650084173,1.838307813,226.1333333,143.8222222,137.9777778,58.52222222,43.36666667,11.7,9.677777778,4.222222222,8.644444444,43.6,56.73333333,208.8888889,79.44074074,210.37688800000004,123.6031025,124.3515559,42.76116164,29.60886692,15.18584868,16.84063373,9.807876653,10.78808499,39.70865775,52.00240379,134.238877,67.43949646,23265.049999989995,22454.799999999996,173998.85999999996,180276.57999994006
Red Cliff Band of Lake Superior Chippewa Indians of Wisconsin,0.10074832675401879,0.16858918840122636,3.199270939909695,5.665519571177076e6,0.102,0.2,3.11,799000.0,0.8992516732459812,0.8314108115987736,0.898,0.8,0.36878970138795986,0.3408251612843349,0.001000000000000003,0.23097331215445982,0.32139605337843186,0.3898746888540367,0.3594329541138747,0.0009999999999999992,0.2930919896637415,0.3754110297657588,-10.683029640652183,-9.502065490277634,-1.185280987181411,5.532440459116231,11.58528481779895,16.42566726065529,19.805974210677704,18.866804620632887,13.710486482665978,7.122498131897058,-0.7811998237834117,-9.527133031092092,5.114203917528888,2.2022984839218838,2.8242041424519773,2.816107907854632,2.0278416346645995,1.3166529082171081,1.8255521628368714,1.1235230972612533,1.354542421399553,1.9424309560876012,1.9119794406490798,2.9449332590663917,3.7995117264769784,2.1741315116297644,26.48009809982066,16.07459906834973,37.12752006827387,43.56289015405075,82.17825295521473,98.97634266740475,90.69174953669781,109.20599143940527,105.28905750994666,76.95426414589419,54.58423483126578,33.76633902388515,64.57427829195727,16.51370852267291,7.0140261002507405,19.945023350788073,24.339898082233162,39.90001544732713,38.74961075256945,38.57178981804971,41.82572010852562,49.793713838144576,30.004603157887612,30.61257144967756,19.314193507131414,29.715406177825514,-10.511111109999998,-9.011111111,-1.055555556,5.411111111,11.45555556,17.07777778,19.97777778,19.23333333,14.333333329999999,7.355555556,-0.455555556,-5.866666667,5.662037036999999,1.811383756,2.467004481,2.622551768,2.100859612,1.313498298,2.313426991,1.023203032,1.142365966,2.131900561,2.107789785,2.453625436,11.36914685,2.7380630450000005,45.3,16.61111111,35.88888889,67.92222222,78.35555556,96.96666667,94.4,118.4222222,103.7111111,81.19999999999999,60.15555556,35.45555556,69.53240741,63.599705189999995,7.239724519,23.23657916,48.77324517,44.14261295,28.03952567,36.93599193,65.56301888,73.02301768,36.56025848,33.1377093,15.76539812,39.66806559,12320.469999989997,11891.440000000008,173998.85999999996,180276.57999994006
Yankton Sioux Tribe of South Dakota,0.09786816129643379,0.14633474356050802,3.107903580285468,1.7534033463349107e6,0.13393616590822693,0.2089071323737285,3.250055927815806,686245.2322798002,0.9021318387035662,0.853665256439492,0.866063834091773,0.7910928676262715,0.5663490401771594,0.49415805752666964,0.0012339684927635056,0.5509835704156781,0.47378889500624377,0.5376297394266497,0.4617725081548185,0.001232740741832453,0.5279810218248919,0.3596819939998333,-6.674734871159384,-4.217138324228456,3.229408569863781,9.988880313855672,15.211276905325448,21.429165595665047,23.689739300882437,22.72974444847828,18.107682303545165,10.411159706786604,1.528310893698869,-6.235385758805511,9.099842423683182,2.7710557399736335,3.273791378615771,1.7218516357559823,2.055099785618089,1.4866768990490107,1.3230208636568064,1.0040828358215848,1.5525527208062777,1.788037553784925,1.7222517707110894,3.4979066378985086,3.5169151607644724,2.1427702485182674,12.398452105854913,11.376172714448927,38.99616242112686,65.55362604643302,99.73614612208006,98.51160850057242,68.8073264141961,93.35813395076926,70.27323414115645,42.61725123578342,34.07300260222154,16.391987535459233,54.341091983765125,9.271317717108442,10.174592697174049,29.58047316588374,39.93554191591076,40.26311644128376,54.669399748325176,51.98788259796892,40.03328553210063,44.930479516591234,22.893062063475696,27.53389107857732,15.424062286074886,32.22475872939286,-5.588888888666666,-1.2666666666666666,3.3407407406666665,9.318518518666668,15.285185183333331,21.388888886666667,22.01481481333333,23.111111113333337,17.692592593333334,11.592592596666668,1.2259259256666666,-5.485185184999999,9.385802469666668,2.9738349073333334,5.237998202,2.0878104706666667,2.3179184026666664,2.345048465333333,2.378350342666667,4.138252878333333,3.202735502666666,1.8005771203333334,2.515034196333333,3.5918807759999996,4.286842512,3.0730236483333333,11.133333333333333,12.807407406666666,32.58888889,58.111111109999996,95.30740742,87.10000000000001,49.01111111,73.81481481666667,49.722222223333326,39.944444446666665,28.311111110000002,11.699999998,45.79598765666667,5.360607496333333,10.330376518333333,25.091970223333337,38.735934533333335,42.30118808666666,62.04616256,33.363201983333326,40.22989321666667,39.637478783333336,22.498467446666666,20.851214703333333,6.446260458666667,28.90772966666667,11567.97166666,11165.110000000008,173998.85999999996,180276.57999994006
"Keweenaw Bay Indian Community, Michigan",0.08798901114920227,0.14132231338601778,3.3056893757078587,1.8823163046143055e6,0.14815519240857197,0.19350437532785894,3.281464417528541,694037.6384049678,0.9120109888507977,0.8586776866139822,0.851844807591428,0.8064956246721411,0.20844740401288905,0.20240546766733453,0.009890966027631837,0.12052041259053406,0.07561791377843138,0.3080354822853061,0.3010273966300051,0.0010000000000000009,0.17698826921915167,0.2778520819974505,-5.172120784998085,-2.881115595692298,1.573901808754374,6.279840690086309,10.781585409736708,15.61163858502789,19.775383859784764,18.360131974937566,13.879383688810337,7.960029470195859,-0.5274371623115514,-5.014145685193352,6.718923021625995,2.9775772358508603,2.516931010287725,2.2806387004731916,1.5094677461541435,1.66236714442764,1.7274711262661964,2.3225685574324477,2.1221500069853985,2.7383935741825907,1.9814414962746534,3.64234678119393,2.8681192464976033,2.362456052192777,45.53221645607539,14.182290131531442,32.11551028280419,39.27783116613306,76.9665299940382,69.83882589304064,37.641251842045016,42.06802272192586,44.25464155424375,39.34941807086302,29.388322975616035,19.67020735966062,40.85708903776866,88.72647994425198,9.780065041345587,17.385895905700767,19.146502253672914,34.889630700505556,36.250362518381785,23.366087605585857,24.08936537847206,28.235824484949124,20.18871750555067,14.920961033079973,16.25981089566579,27.76997527216035,-10.75313311811417,-9.937411021344342,-2.879549978121383,4.166432762316812,10.95053524469786,15.44806523751297,18.703982565785022,18.060411353563488,12.539935594371975,6.385231445046881,-1.0276152170924295,-8.853728788220348,4.400263006951593,2.506680883580614,2.765941399948119,2.281161490533703,2.0076373850565865,1.6810891340704839,1.9806895500776087,1.7796305207549035,1.485788987018354,2.415556752487656,1.461979543438165,3.2949389568682816,4.853760250431289,2.3762379047199986,35.58576163736755,30.20059258127496,44.63092261941302,52.431933817294684,71.38305773289046,102.15695114690898,93.88035300707405,90.18707922763582,115.6750559466517,88.14417470345603,62.042219259899134,52.93329358528733,69.93761627377677,16.407084843324828,25.354934532082506,27.855496099768377,30.00023377297153,23.69456030893643,36.88062411008019,25.390481260745887,35.905235220854514,49.971600303144655,31.89544116199768,28.665717609829798,34.29182700569809,30.526103017769962,10756.53999999,10382.01,173998.85999999996,180276.57999994006
Pala Band of Mission Indians,0.114,0.152,3.46,6.72171e8,0.096,0.126,3.5200000000000005,1.88159e8,0.886,0.848,0.904,0.874,0.2108483033024095,0.2108483033024095,0.08706001105523094,0.1591190166557745,0.06771170972170304,0.1510246660490926,0.1510246660490926,0.05379842009024991,0.05402160314505566,0.04436310875907828,10.23888888975,10.919444447499998,11.186111109999999,13.14722222,14.4388888875,17.972222220000003,19.072222224999997,20.461111109999997,18.0472222225,16.511111112499997,11.624999997500002,10.213888888000001,14.48611111,2.2392127605,2.189698166,3.12902121975,2.3053553860000005,2.39985538375,2.6229482109999998,2.15022364375,3.034924233,2.1461079365,2.2298594475,1.8548596637499999,2.0991802782499995,2.3667705277500004,123.91944445,118.44166664999999,84.31388889,35.92777778,17.5000000025,5.227777777500001,2.75277777775,1.2222222222499999,2.0805555555,14.216666667499998,24.797222225000002,59.46388889,40.82199074,112.775797225,112.959620925,75.95201064999999,25.9180293425,13.3435850375,8.1345944175,4.028398237,2.0002994149999997,2.89720106525,13.953679555,36.14912349,89.38245928250001,41.457899885,10.322222222999999,10.305555553999998,12.27222222,13.41111111,15.872222220000001,20.88888889,24.161111114999997,23.327777774999998,21.97777778,17.005555554999997,13.149999999999999,10.4722222215,16.09722222,1.5780382245,3.8974225380000003,2.5306205705,2.6841708049999995,3.0702047619999995,3.8357855585,3.351976011,3.1157073935,3.8651993005,3.3688169199999995,1.68748694,1.7039164195,2.890778787,118.86666665000001,94.4,57.6,30.800000000000004,15.33888889,3.6722222225,6.25,11.1944444445,3.9055555555,13.377777774999998,25.43888889,31.205555555000004,34.337499995,113.25834290000002,83.87757212,56.48737995500001,17.05426811,16.442705095,5.19887175,5.462320551000001,21.58153997,4.9573689045,16.443657815,46.213552575,57.7911307,37.064059199999996,160.0,154.43,173998.85999999996,180276.57999994006
Bridgeport Indian Colony,0.11154573672617896,0.1579355571322218,3.214335474186797,1.8067163153796364e6,0.085,0.12000000000000001,3.25,665000.0,0.888454263273821,0.8420644428677782,0.915,0.88,0.1184952743827959,0.11826097943284501,0.001019817674905503,0.04269741297541426,0.0069334334740445,0.0130622601030926,0.0130622601030926,0.001,0.003,0.001,5.211379595243494,8.2070012395,10.073089632234199,12.71470466904461,15.954130523420071,20.299586947527878,22.619950433178435,22.756939281784387,19.679347378940516,15.04698471742565,8.321168939169143,5.532651796782527,13.86807792962825,3.595914740381041,2.3720536910631966,2.34554711386617,2.783907646076208,2.7810047945241636,2.507805138083643,3.481509632475836,2.612562530806691,2.7262057991821558,2.5939382783345724,2.8226204221877316,3.249561789258364,2.8227192981338294,121.93372572397764,88.98215613444238,84.12003305237917,61.61022304710037,37.95103263288104,17.591016108960964,5.122284179920074,9.009190416992563,12.711049153810405,53.935315984925644,64.48205286643125,117.73878562191447,56.26557207970261,99.07887947124534,59.368529317323414,45.37173742228623,36.31364782496283,24.80569764107063,16.848319830063193,7.029463235462825,13.810892456304831,10.842665805169146,57.07920555509292,55.91173046539033,94.71723384169145,43.43150024074349,0.166666667,1.044444444,2.466666667,5.688888889,9.355555556,15.03333333,19.65555556,18.26666667,13.93333333,9.0,2.488888889,0.044444444,8.095370371,3.035621847,2.980398929,4.299127819,3.122676914,3.570403027,4.891574389,3.6421529040000005,3.45,4.016528352,2.278705773,1.9877402020000001,3.148853407,3.36864863,165.0444444,112.74444439999999,93.67777778,44.67777778,45.77777778,13.43333333,28.73333333,13.73333333,17.17777778,35.0,52.8,98.77777778,60.13148147,99.7513297,60.9154765,53.92700571,30.54168372,30.68488137,18.00909492,29.51325973,15.0109127,21.56877244,36.74870746,36.6005806,78.79441252,42.67217645,1280.0,1235.41,173998.85999999996,180276.57999994006
Te-Moak Tribe of Western Shoshone Indians of Nevada (South Fork Band),0.11602091821922218,0.13490470364251667,2.9580353046173853,2.1739824627853267e7,0.1,0.169,3.35,2.969e6,0.8839790817807778,0.8650952963574834,0.9,0.831,0.3396484874011003,0.3340110122515397,0.0018486985060889337,0.2967335757011592,0.11303467648724996,0.13243735579197538,0.13188436024351574,0.0011059744624978525,0.047199715001221595,0.019613209515739614,-2.3744091280014668,-1.0551860907828852,1.8513664765452322,6.981211627251343,11.313126867949629,16.82618853562347,20.698299374919312,19.73368649860146,15.570823145110019,9.024775875915891,1.547171964106112,-2.8220918228831287,8.107913610405376,3.286179728266012,4.2479212132963315,3.580387328899754,3.008926903901223,3.5730639355970637,3.7109274112308066,3.331158770889975,3.465423094025427,3.602153689893398,2.773830458465526,4.417347360120291,2.8388535413745712,3.4863477862630803,32.86585167060635,25.89308883494865,51.25832654249389,43.45515892427382,62.44396631274817,35.40973105214179,41.050388481946214,29.118983971863074,29.196370551281166,26.519451235990218,38.82301005155989,40.28680249873838,38.02676084425917,25.173689245951095,16.497025277679708,26.88696768844987,24.69069042532029,34.490787653931534,21.801159820640578,37.54349011222004,27.156599789545226,18.637283173550124,16.785232930743277,33.34713658743764,34.56341472933495,26.464456453814172,-1.9,1.822222222,2.8,7.844444444,10.7,15.822222220000002,21.15555556,19.68888889,14.45555556,8.811111111,0.7,-2.766666667,8.261111112,2.253885534,5.150674174,2.151162476,3.39452173,2.74271763,2.279132389,2.56861398,2.345977645,1.926208135,4.361606483,2.46221445,3.451086785,2.923983451,46.56666667,29.85555556,35.63333333,30.24444444,47.62222222,21.73333333,12.77777778,15.011111110000002,11.9,23.64444444,34.06666667,43.01111111,29.33888889,25.27602619,24.18434985,17.3223122,14.51353774,29.59661204,14.13665448,10.73799071,24.21804309,10.10816502,24.80761532,17.828839,27.92250188,20.05438729,4559.41,4400.629999999999,173998.85999999996,180276.57999994006
"Cheyenne and Arapaho Tribes, Oklahoma",0.09371698679977288,0.12366436845243907,3.4656149145745174,1.7050564295183066e7,0.13677236586555203,0.20217334217071342,3.156578760838335,1.5272433055836668e6,0.9062830132002271,0.8763356315475609,0.863227634134448,0.7978266578292865,0.16299111297141614,0.15513004767850103,0.002349017042170635,0.1350183633969352,0.06590993289080725,0.39498500458260405,0.34494755924720977,0.2599588677240644,0.38308808163069863,0.3156539787317898,-2.641363134652325,-1.1235688005758304,2.6402483443764933,6.926848785917398,11.655222590488604,16.89947203774505,19.986162619728514,20.020180279973538,15.496260118253334,8.112113686669385,2.5615415746947066,-2.9469849153786476,8.132177765557795,3.2980705599458675,3.5766746810403998,3.3144583380223542,3.0574778355915635,2.9691454166076237,3.4378265039115945,2.681496650677818,2.9450079717019912,3.1150910439281505,2.7968384876122587,4.286772113202657,3.83391257822683,3.2760643483534864,27.100483811693763,22.064243929387477,35.61727005143548,41.52738042718388,59.86642200191565,37.4946100078908,47.91203090513753,42.58801876383122,31.40452170754806,28.997360191707013,25.45261957261762,19.089048933315922,34.92616752546034,24.374485036200994,18.280213008483653,18.49525135930416,21.777181479610977,37.63064629946532,27.776978624536472,32.826198578531525,24.817502811122548,20.902204792265774,21.236942807575208,20.556923476495875,14.775459197995891,23.620832289632503,3.7216049382777783,5.654938271722221,10.530246913500003,15.441358023333335,20.147530865000004,26.02283950611111,28.190123457777776,27.978395062222223,23.793209877777777,16.544444445555555,9.688888888666664,3.683950617222223,15.949794238333332,1.7780730636666668,2.691535571,1.1515593669444446,1.2440872374444445,1.4254032939444445,1.6058676677777775,1.3382674735,1.3812999814444444,1.5759166818333337,1.2395499622222221,1.9788032957777772,2.218851296333334,1.635767907722222,37.012962963888896,31.822222221666674,66.03580246888889,66.7555555561111,123.81049383666668,109.18765432333336,71.29814814777778,66.23950617333335,57.67716049333333,64.45925925888888,33.97654320888889,27.883950617222222,63.0132716061111,18.416155467777777,25.44570710222222,40.020803395,29.728565123888888,87.35408192944443,59.314357512777775,46.90013063777777,51.08409871388889,43.92051316944444,43.661192018333324,32.540366688333336,22.33534570388889,41.72677645611112,25258.300000000003,24378.800000000003,173998.85999999996,180276.57999994006
Jackson Band of Miwuk Indians,0.11477474331451319,0.1684971468085905,3.6764369041701297,3.774486853723625e7,0.109,0.175,4.2,2.919e6,0.8852252566854868,0.8315028531914095,0.891,0.825,0.2986682994069036,0.29744827269083346,0.14289952487198143,0.17690789288747116,0.12281080038113885,0.3139065766335078,0.3139065766335078,0.04253848337588654,0.06788229831573926,0.10093728003132255,8.272901785028342,10.43286155801557,11.264361032767056,13.959729062401154,16.560564651253816,20.46079684086382,23.084356004469587,22.525041040125085,20.2622964638706,16.94632119164114,10.553640356516697,7.843512726125111,15.180531892756548,2.082156277053639,2.1550231400756,2.381336908872885,2.12269837314681,2.2754216449640614,2.7467318591871392,2.6170731025376,2.4227374608635692,2.2748577321498704,2.509629128787168,2.712102968014772,2.5257066530798586,2.402122937441767,127.56754957590701,88.06700533777712,76.34285312834018,45.931931318723535,25.92842628347661,7.325706553010245,3.1234349350061206,2.55636452371995,5.087952733822043,24.972234792785823,41.42602747741912,111.13718148291744,46.62222234531078,105.98395166579915,69.63423788193396,64.87827376426061,32.05170526854517,21.948850444344046,8.219975035422328,6.118639605698517,4.208828503996137,6.5394936150934395,29.00767961652069,43.558357995687444,98.97628621741106,40.927189967926225,5.322222222,8.1,8.244444444,11.96666667,14.98888889,20.6,23.96666667,22.65555556,19.32222222,15.56666667,8.188888889,4.688888889,13.63425926,3.119606457,2.426417112,4.209249075,3.646230931,3.383210178,3.55,3.282910294,2.662288072,3.845704675,2.82931087,4.434648928,5.461328695,3.570908774,168.1111111,117.4444444,116.1666667,59.31111111,40.95555556,9.222222222,5.488888889,4.111111111,6.633333333,37.94444444,56.41111111,116.7222222,61.54351851,113.4942669,101.6663798,100.0820788,42.32282022,27.77535378,9.170302309,9.683419391,7.042095648,8.769549589,46.13166242,59.55846801,121.4112616,53.92563821,14056.00999999,13566.470000000012,173998.85999999996,180276.57999994006
Sac & Fox Tribe of the Mississippi in Iowa,0.07639489828137185,0.1197097232462106,3.021553823842804,932474.7521265718,0.089,0.146,2.86,742000.0,0.9236051017186282,0.8802902767537895,0.911,0.854,0.7422724441067655,0.6594778971955698,0.0009999999999999998,0.7296652610655265,0.71791102121207,0.5471746797911756,0.4255116988633711,0.0010000000000000005,0.4407211511876534,0.5382937960365421,-7.623609427598784,-5.644855218741816,2.4282222222133334,9.149865319966668,14.908915825709096,20.949488215509092,22.942962961024225,21.8132525271394,17.248087543303033,9.64591245811636,0.996707070641818,-7.268821549033937,8.295510662378183,2.8515344149690907,2.9771062907490893,1.976763552581212,2.0752624471842416,1.5022238606133327,1.6363241388327279,0.9905309209496971,1.3977785358000003,1.8797426381757572,1.6203720973460611,3.713888915655758,4.071180899363029,2.224392392787273,14.903939395533328,12.185218853375757,42.901353534363615,65.21665993292723,102.35907070033333,116.38964309763637,94.0277373777272,102.31630977633337,87.28977104570302,44.3545656574303,32.098127946175765,22.883319864963646,61.410476432193924,9.428211976874543,10.750405901214542,24.804641068739386,38.93497907173939,33.197585220787886,58.50421849321818,56.53068389706667,46.265655579133345,54.4889155237394,18.191750440103025,28.059273771793936,18.016803413896966,33.097760362690906,-6.2944444445,-3.900000000000001,3.5,11.77777778,15.66111111,21.37777778,23.005555555000004,23.21111111,17.4,12.594444445,3.6388888889999995,-5.4444444445,9.710648149,2.8703157630000002,6.7717088604999995,2.253520582,3.1569618415,2.8850721604999996,1.7800995355000002,3.138000564,2.420572832,2.069651141,3.098463133,4.577746697,5.638608305,3.3883934515000003,28.35,42.61666667,53.044444445,66.388888885,97.9388889,136.64444445,116.46666665,85.56666667,76.422222225,47.105555555,46.96111111,31.766666665,69.10601852,10.077731561000002,52.79562521,47.132971135000005,42.737579505,41.319579805000004,54.120409695,55.897962314999994,34.315349485,40.16593805,32.580892215000006,21.917136005,20.972074079499997,37.83610409,3535.29,3412.1799999999994,173998.85999999996,180276.57999994006
"Minnesota Chippewa Tribe, Minnesota (White Earth Band)",0.10017922643848895,0.16898397302084697,3.1946253774390176,5.073570013873185e6,0.11834742200013683,0.1993088046107159,3.207511621293201,919555.8172685613,0.899820773561511,0.831016026979153,0.8816525779998632,0.8006911953892841,0.3793847989917541,0.34968845064428516,0.0010000000000000037,0.24902970223838086,0.32922259658881897,0.5055306152521707,0.45602032210137156,0.000999207007893245,0.4437247194878268,0.41562371204401255,-10.817469300771828,-9.583550127446534,-1.1465660477633313,5.708239830583118,11.812499584926453,16.706603117743533,19.94649157716564,18.972285108008673,13.830705325688129,7.178183232417345,-0.8452603184684254,-9.693650084844066,5.172375991447133,2.2747126119760215,2.780431348908404,2.8179594795790917,2.0602542729615756,1.3211495319892794,1.864554716368488,1.1007219956440293,1.3562244733509117,1.9472374954554679,1.9124455696149874,3.0385034008860607,3.8663265104410196,2.1950434505068523,25.513780490723878,15.946188726443275,36.49261244987941,42.87604011590863,81.93451163372359,100.76625625182909,92.76203621290902,107.80368714104885,100.56417271555279,75.090308808399,52.69953166005668,31.988582728918697,63.70314241161164,15.893106497293747,7.073280214180079,19.80086676543196,23.790900282338427,40.522132540978575,38.87889484985857,38.68165781890236,41.73826413530239,47.32775735959645,29.40592952743676,30.378299392019706,18.09898405202028,29.29917278585199,-12.719444443750001,-9.461111110500001,-0.16527777775000005,6.290277777749999,12.791666665000001,18.47499999875,20.343055555000003,19.966666667500004,15.605555552500002,6.9680555557499995,-1.161111111,-10.1888888875,5.56203703675,2.74577422325,4.55455111975,5.240869173875,2.6607747827500003,1.63897104,3.0741594869999997,0.8473364478750001,2.32647564075,4.0102699545,1.949229490875,5.5407228365000005,7.124164336749999,3.4761082113749997,27.3375,13.606944446249997,28.788888890000006,46.95833333375,76.87777777625,110.23888888625001,109.94583333374999,94.61111110875,68.92499999750001,62.016666667500004,48.20833333375,29.8805555575,59.78298611249999,32.96237615175,4.400743563125,17.506284631249997,40.588957093750004,53.15299063999999,36.926364843749994,69.27872562124999,34.25627289125,33.912939962500005,24.699866487500007,42.04676240125,30.078967835,34.984271012499995,14246.08,13749.980000000003,173998.85999999996,180276.57999994006
Lower Elwha Tribal Community,0.1368401270489432,0.2350538086322975,3.8907466867124993,5.649717562500087e6,0.147,0.252,3.3100000000000005,6.145e6,0.8631598729510568,0.7649461913677025,0.853,0.748,0.3949533460984992,0.3894549883806881,0.0010000000000000002,0.25317358416177976,0.2908627441715287,0.5053630166994378,0.49590468479270744,0.0010000000000000002,0.3500462507111278,0.4677598200666462,-0.17102490411022164,1.3693144498793106,3.9905719760825122,7.765852490463669,11.39184455429803,14.815654077432264,20.140975643189652,18.186350574525868,14.237253695086203,9.174828954584976,2.369882320706896,-1.972304324086206,8.441599959023396,3.251403376195196,2.8553328503084985,2.3304490483608364,2.2602481521681033,1.7560237252949504,2.6300862497592363,2.2023467998417487,1.460064016690887,1.8364667273589899,1.912875353341133,3.4435865062241384,2.788933413942733,2.393984685000615,82.44626436701351,39.95613711106528,51.19584701804185,37.04649014774014,38.96659824940271,29.732724412056648,12.278126710092982,14.971360153042484,20.777859879827584,34.02136699564654,51.44852901037561,92.54270662778325,42.11533422347905,85.45077327574506,36.01635124891009,44.98103943521552,27.682871603897784,21.398206607019706,27.269319598928575,10.081373898475984,21.55706264590886,24.129565342380545,35.49479527961207,49.734783560412566,101.70128989008003,40.45811936562807,3.2944444445000003,3.1666666665,5.727777778000001,9.772222222,10.86111111,13.51111111,16.32222222,15.783333335,13.761111115,9.1833333335,5.949999999999999,2.744444444,9.173148148500001,2.049453925,3.646093526,1.296362215,4.1459008285,1.4135797835000001,2.7777354025,3.1299728179999997,2.782438519,1.382088805,1.0428533880000002,4.641284115,2.5927672104999995,2.5750442115,276.11666665,205.7611111,190.84444445,128.34999999000001,92.644444435,70.43888889,36.344444445,42.127777775,80.35555557,208.33333335,293.67222219999996,286.40555555,159.2828704,135.03172268,116.081910735,82.15607349,63.601480124999995,50.526516485,37.808238865,26.577363270000003,39.094561135,68.04411646,131.4435607,232.62507365,175.892276,96.573574475,3520.0,3397.459999999999,173998.85999999996,180276.57999994006
"Red Lake Band of Chippewa Indians, Minnesota",0.09364993104347126,0.17451077661874487,3.219243639915166,1.1994535398717772e6,0.11507606487772835,0.19397422746647938,3.0991888017268265,2.0500151232760958e6,0.9063500689565287,0.8254892233812552,0.8849239351222716,0.8060257725335206,0.45452830188830246,0.40965838583959185,0.0009999999999999996,0.29562886964572477,0.33408527859342907,0.395259166697987,0.3540487022656854,0.0009995721386098493,0.2911338326121937,0.26578617438860946,-10.857085828131737,-9.507385229134734,-0.7176646707919163,6.84570858282635,13.217797736976053,18.44950100137725,20.933732536616766,19.760545574371257,14.66723220248503,7.642149035185631,-0.6938789087694611,-9.818629408922156,5.826835218405691,2.6683655928323353,2.7713868948652696,2.7989670217844314,2.178208938086827,1.3604907195059883,1.9371205985583835,1.1758313551916169,1.468736515125749,1.9839281825029944,1.8707798721077846,3.416391286366767,4.294667027167665,2.3270728337739524,20.63057218868264,15.568163672694611,33.69457751374252,45.27235529185629,78.30365934973055,122.77551565104791,94.58629407943116,112.68732535269463,100.76816368161681,65.81526946176648,47.871423819730545,26.11526946368264,63.674049127934154,11.973047716437128,7.784224972949104,18.32944956658683,18.47343146949102,28.87863520125749,40.61904114528444,40.00963024562875,46.580752787485046,53.84262346236529,28.325872992934134,31.213402243203603,15.971252231667666,28.5001136688024,-13.377083334375003,-10.441666666187503,-1.1722222221875003,5.497916666750001,12.163888888125005,17.589583333750003,19.738888887500003,19.050694444375008,14.422916667500004,6.118055555500002,-2.0027777778125007,-10.886111111187505,4.725173611125001,3.239558577000001,4.740151681437502,5.836849206437501,2.3525969980625003,1.5385293032500005,3.2169396236875016,1.1358766636250002,2.491901402562501,4.436559044,1.8667898656250006,6.085544290312502,8.940832229000003,3.8235107405,34.59791666812501,16.013888888750003,26.490972223125006,45.418055554375,74.53750000000002,112.1305555625,96.08819444000005,109.20972222562506,70.80486111062501,60.79305555625002,54.77152777812503,34.51458333250001,61.28090277937501,44.884765284312515,5.460241235687502,18.683556993937504,40.33953910437502,40.998640076875006,40.98043222687502,47.935730132500005,50.540682818750014,37.25651293500001,29.321915353750008,39.608405002500014,38.32811582325001,36.19487808187501,1440.0,1389.8400000000001,173998.85999999996,180276.57999994006
Coyote Valley Band of Pomo Indians of California,0.11586236466054425,0.16082815705425121,3.7144753116620524,1.7806687729233507e7,0.135,0.19400000000000003,3.53,7.022e6,0.8841376353394558,0.8391718429457488,0.865,0.8059999999999999,0.3139243775982025,0.3082102091265928,0.16885572269732343,0.12563368466767635,0.19848242595681215,0.6672183321578524,0.6672183321578524,0.4571537900777639,0.4645744995183756,0.5061626625970759,8.222887633422596,10.281173886037283,11.161249215442934,13.454256120050847,16.230677965237284,20.258405523440665,21.94217828003389,22.6031073445819,19.826798493807907,16.980395479870047,10.746660388909602,7.9196359070265485,14.96895218621468,1.9878769915401113,2.0540290437553654,2.115249066633332,2.6265926600395466,1.7923299657062142,2.944610878572879,3.5304199984175124,2.7048266130079073,3.2247008091615816,2.158893319527118,2.0342240867542367,2.121970764719208,2.441310349777965,154.40644067510155,113.51922787786438,100.19762084158192,49.67125549267795,33.6441619588305,9.604996861888695,2.2247583175344627,1.9490207156327675,6.747212806031071,32.6204896428079,52.799359698661,127.10343377310728,57.040664889022565,113.08144889725425,99.059393500644,87.29864507806211,40.813423814926516,27.67767199545762,14.036372871555363,4.394463339796042,4.322216026240676,7.954780433297736,34.47877981463276,48.858499678237244,114.1169508555988,49.67438719195478,7.4,8.177777778,8.911111111,10.86666667,13.688888889999998,17.73333333,20.48888889,19.71111111,18.14444444,14.22222222,8.844444444,7.044444443999999,12.93611111,1.2,3.23565209,1.328010207,1.532155345,1.501203221,1.637833935,0.633333333,1.057644133,1.335207017,1.8191878529999999,1.694189416,1.7826322609999998,1.563087401,219.0222222,147.1222222,138.8333333,65.76666667,51.67777778,18.94444444,5.155555556,7.1222222219999995,12.06666667,45.37777778,69.15555556,207.1222222,82.28055555,171.935764,106.960025,140.7269253,44.58158252,37.25710596,21.26470733,10.01550187,16.01903382,17.54985755,47.11127195,56.634024909999994,188.2531393,71.52574496,4069.36,3927.6299999999997,173998.85999999996,180276.57999994006
Saginaw Chippewa Indian Tribe of Michigan,0.10492852748135763,0.19712951733749842,3.134396822376029,1.4838128628243108e6,0.13899363584647279,0.1340288262128662,2.770181553006367,4.622436133448231e6,0.8950714725186424,0.8028704826625016,0.8610063641535273,0.8659711737871338,0.43070823539366787,0.4052773502494078,0.0009999999999999996,0.222377759190418,0.3282079265958238,0.5336696558646482,0.46853341867930126,0.0009888662243202062,0.4398799739291396,0.5230238268775373,-10.103703703082353,-8.88662309349412,-0.523485838937255,6.808235294003923,13.154466230470593,18.22732026482353,20.920087147490197,19.782745096196077,14.691503267921568,7.679302832211766,-0.2616993462666667,-9.156601307215688,6.027628903415688,2.334671710909804,2.8512240243647056,2.48689087054902,2.1111125140549025,1.3646661212235298,1.7134400980235296,1.0982229414901963,1.4454521880705886,1.794491221619608,1.9042781024196083,2.8010316028196085,3.980209808305882,2.1571409337843135,21.204575162352942,15.568627450000001,37.48627451117648,51.28431372764707,78.85211329309806,123.71455339568628,97.3633986947059,116.53529411176473,111.82174293078434,71.53071895411766,48.898692810000014,27.59673203058824,66.82141975666669,11.867106797647061,6.817666885588237,19.271096357647064,18.744464043529412,22.63734074231373,36.75623242301962,40.62764900705882,46.068413780000014,60.92510031850982,30.838164581176475,31.66454291882354,18.239315346470594,28.70475776545098,-5.844444444,-6.211111111,0.47777777800000004,6.85,13.155555555000001,18.411111110000004,21.027777775,20.56111111,15.86111111,9.161111111,3.1833333335000003,-4.3722222225,7.688425925000001,2.6107389175,3.4453497285,2.806400843,2.316148878,1.6434470475,2.038067056,1.2321024194999999,1.5227663275,1.5710362475,1.8715594384999998,1.8671989985,2.7841852819999997,2.1424167655,44.755555555,36.544444444999996,39.866666665000004,62.16666666500001,79.13888889,83.27222221999999,73.02222222500001,93.594444445,95.05555556,72.71666667000001,86.005555555,47.077777775,67.76805556,21.083716084999995,23.640465085,25.28618533,24.935347065,38.084367895,33.92055921,18.265125245,33.45871754,34.82351091,35.32456457,38.420027479999995,21.01300144,29.021298990000002,1120.0,1080.98,173998.85999999996,180276.57999994006
Crow Tribe of Montana,0.10699964987919276,0.1829992247324983,3.2000007502588725,352076.50139637565,0.15623931222115042,0.24569197695909978,3.177054387284383,1.7933871456790003e6,0.8930003501208073,0.8170007752675017,0.8437606877788496,0.7543080230409003,0.15322522637451513,0.15322522637451513,0.03376146275133198,0.07203374030487525,0.019311703170138958,0.14205018070923206,0.14034257400606834,0.0017646743814222847,0.1008469472328812,0.0406035668442996,-3.8999999999999995,-1.6833333329999998,1.733333333,6.811111110999999,10.68888889,15.14444444,20.2,19.17777778,13.516666665,8.288888889,0.166666667,-4.194444444499999,7.1625000000000005,3.458323293,1.8736744779999999,2.48445165,1.395030864,2.192854558,2.0415136,2.257210668,2.272541407,2.323490296,1.558400177,3.945883931,4.67790201,2.540106411,9.25,8.177777778,22.12222222,21.52222222,78.93333333,68.43333333,19.45555556,28.877777779999995,41.3,26.82222222,15.688888890000001,8.527777777999999,29.092592590000002,9.2962085925,6.703315929,28.692236659999995,11.81987498,36.79368152,46.77662344,14.626953809999998,30.528584060000004,35.43176541,16.05551134,9.19272055,6.8869498425,21.06703551,-5.540000000199998,-1.2077777778999998,1.6999999999999997,7.196666666699998,11.974444444300001,17.417777777999998,20.388888889999993,20.257777777999994,14.567777777999996,9.835555555999996,0.28,-4.322222222199999,7.712407407599999,2.6469750824999996,5.149034985599999,2.266953359699999,2.5959705260999995,3.5265118471999997,3.9614034386999997,2.9799169288999994,3.5262504851999994,2.4606674664999995,4.7320327562,4.755469527499999,4.965425936699999,3.6305510283999993,15.838888888399996,15.656666668000002,27.524444444200004,37.51555555599999,70.411111111,50.45333333299999,27.983333333999997,36.816666667,27.517777776999992,29.986666665999994,30.806666665999995,13.918888889199998,32.035833335,7.9949963013000005,11.066787984899998,22.452585315199997,28.440287665999993,33.446625169,25.427694287999994,15.982037075999997,46.50403662299999,15.129847346999997,16.235129991999997,38.301684237299995,11.470751892599997,22.704371991,160.0,154.42,173998.85999999996,180276.57999994006
Confederated Tribes of the Grand Ronde Community of Oregon,0.14783044017857927,0.22277364840262467,3.2761696027722675,9.351848060954662e6,0.11133206421880118,0.16516983945299707,3.3808682339829677,6.484871961505077e6,0.8521695598214207,0.7772263515973753,0.8886679357811988,0.834830160547003,0.3931120233913878,0.37130889074940393,0.001,0.22934860092641846,0.33452172674952535,0.43307982020641783,0.38514582882159737,0.0010000000000000009,0.30186771556228537,0.42288027800832795,6.053424657614154,7.714703196224199,9.650527651761186,11.475900558203655,14.203840689127853,18.38445459041096,19.442135972424655,23.154378487255705,18.568371386150677,15.4634246584347,9.108285133898173,6.63717909703516,13.321385506794517,2.738634338857991,3.3190570745808223,2.4176611802018257,2.346298160082193,3.2303424969748846,4.289315596664839,3.284456829373972,2.550244945693151,3.275356978080822,3.1141615790009127,2.463188399415981,2.108209524576711,2.928077258678082,162.8962709309588,108.99046677105933,106.45914764757077,67.91334855588583,50.218361237904126,16.806133942730593,3.330187721926484,4.281019786755251,14.47856418106393,51.08953830437898,62.22750887866207,168.5575748254521,68.10401023151142,132.14535829193608,92.89328914875345,111.41991726048859,59.50598203832877,35.55754825012785,17.079137229200914,3.7808805449401817,6.069733286126027,17.373425106589043,47.439961255223764,73.312701278032,161.7152596265891,63.1910994442146,3.688888889,5.122222222,7.155555556,10.26666667,12.01111111,14.988888889999998,17.92222222,17.37777778,15.3,10.51111111,5.977777778,4.222222222,10.3787037,5.599206293,2.986125323,1.406334874,3.506779149,1.7531717289999997,3.335207806,2.81415075,2.347753063,1.385640646,3.286124026,3.124411056,2.673844506,2.851562435,222.56666669999998,144.4222222,142.8222222,89.33333333,70.64444444,66.87777778,18.16666667,20.71111111,46.05555556,120.93333329999999,203.6777778,253.3888889,116.6333333,103.84198329999998,82.00258804,33.72946701,48.28397766999999,33.79508511,24.02299824,22.71508309,16.21476522,25.47101839,55.11887154,99.68117647999999,108.7163447,54.46611323,4817.76999999,4649.980000000001,173998.85999999996,180276.57999994006
"Paiute-Shoshone Tribe of the Fallon Reservation and Colony, Nevada",0.11503244714171111,0.1399917224819442,3.0146464845604495,1.7337030890346773e7,0.126,0.181,3.4,1.736e6,0.8849675528582889,0.8600082775180558,0.874,0.819,0.28887058329884674,0.2844737058429776,0.001658383245534501,0.2384055788643023,0.08867329068903167,0.0341735986017964,0.029825658187605547,0.0009999999999999998,0.018394364525715624,0.0009999999999999998,-0.7944035789864498,0.8739880415021283,3.5638275906608574,8.175411881407271,12.279778035833127,17.549645115416176,21.098550350274856,20.36338452312813,16.426566868610127,10.279111283090582,2.9580935175648437,-1.0819245494103742,9.307669089980248,3.35069286667789,3.8572062589945797,3.3231887088114562,2.9620587812880355,3.408089944928374,3.4603351607649993,3.3624745910731675,3.287785082793649,3.4197069360402605,2.7363616265218718,4.085189755548971,2.9243978841393696,3.3481239664359235,51.41734847305067,39.033591431591134,58.10292511094847,47.2365853656523,57.342457091002665,31.69836107946222,33.56710543336312,24.930416828030182,25.762726373255894,32.22976298005805,44.167402244514086,56.4188841558304,41.825630547963584,40.56702735714283,25.426513923954694,30.737066843232643,27.111577409837384,32.473529261783185,20.76955784041191,31.187877855272514,24.37688993848701,17.013781762714267,25.177860600855585,38.04700166925666,47.092549333457185,29.998436150820716,2.5425298360376223,4.329558363867892,7.88071031990494,11.369867256585298,15.347721615933374,20.834635268744975,26.14563150224871,24.60400472216255,19.981131535246988,12.802106069304996,5.491339587831705,2.8517646307458357,12.84841672607984,2.8609480766657094,2.343262846905227,3.2105515562978177,1.8721701153012638,2.1934517078506603,2.122858057722286,1.5839349819494544,1.5236708710112006,2.2884590053294085,2.360364362020678,3.9723907829035046,3.1892260537762787,2.4601073681453194,17.801183865129236,17.496509031677196,14.966424148645892,20.854805667225737,25.55081690071798,8.316609228246698,12.48251004935382,9.448519369554855,6.569730040042218,11.446445207504308,12.724181508219415,17.24853532784032,14.575522531861,11.475660580255601,10.14096069607984,19.234158519035034,17.554546398380243,16.841534220893166,12.475342052946583,19.468453853446295,17.471598345901782,7.547168664542792,13.364846498391731,12.447381511137278,16.139133074562032,14.513398699767375,5839.41,5636.039999999998,173998.85999999996,180276.57999994006
"Kaw Nation, Oklahoma",0.12629563680744366,0.19910452265830536,3.0491094430826156,939885.27282573,0.1572025342021524,0.2475822789458459,3.078987237184675,3.812518868809298e6,0.8737043631925563,0.8008954773416946,0.8427974657978476,0.752417721054154,0.6414224852581942,0.5519112542246547,0.19530380827432703,0.6367522336918395,0.5238049612716246,0.4384815857878812,0.39364080066475143,0.3051784800557644,0.41531873052694734,0.3356202459152568,-1.768907563003152,0.38109243697058826,6.969922969052001,12.28410947725841,17.13069561180147,23.892722922489515,26.7265464525,25.869637021633412,21.291328198455886,13.893259803823536,5.923523576101366,-1.2892623716286766,12.608722378030462,2.3866543059726903,3.129806690911241,1.4402102685141815,1.5526785227142856,1.6892572452804624,1.6076330669112397,1.4346858413487398,1.859391620136556,1.725871617483194,1.5264208876486354,2.815859416546745,2.7642221800987397,1.9943909720204842,23.36904178390232,22.35969887921744,63.59534897233194,55.2738211951103,113.6294526228467,103.03836951261556,93.30650676802526,88.47994864425422,55.019561157694326,41.25490779577733,31.47240896362921,21.66643324003677,59.372124961717475,11.774964575710609,15.693415648616607,34.72005306066178,23.780111109406523,67.548128660562,46.145217513282574,50.798197227184886,43.01770331685927,32.720210433503176,28.11009079918068,23.750823645630263,20.538550818518914,33.21645556752102,2.6055555554999996,4.399999999999999,10.584382177196996,15.530817768049246,20.079351044203495,25.977777779999997,28.405555554999996,28.272222219999996,23.832782269493066,16.772222224999997,9.794444444499996,3.02125328770871,15.77303036317959,2.192049267,2.8467459364999996,1.375409552453774,1.3943296068574083,1.102995816433708,1.5461411084999996,1.4531096855,1.7075719259999997,1.517713316756704,1.3516941894999996,2.0105198664999993,2.7782618706972046,1.7730451788460666,43.32777777999999,47.822222225,86.69999999999999,88.02222221999997,141.86111114999997,149.3777778,106.43333329999997,94.77222222499996,76.67222222499998,73.87222221999998,49.67222222,44.81666666999999,83.61250000499999,25.989375079999995,34.83180871999999,47.60368078999999,40.102691695,81.49107882999998,76.73613896999998,58.851854724999995,64.37513860499998,49.79214945,50.7357575,47.12872787,39.522306015,51.43005902499999,4148.48,4003.9899999999984,173998.85999999996,180276.57999994006
"Moapa Band of Paiute Indians of the Moapa River Indian Reservation, Nevada",0.11154573672617896,0.1579355571322218,3.214335474186797,1.8067163153796364e6,0.128,0.193,3.31,1.53292e8,0.888454263273821,0.8420644428677782,0.872,0.8069999999999999,0.1184952743827959,0.11826097943284501,0.001019817674905503,0.04269741297541426,0.0069334334740445,0.04384992114807813,0.02785907901946148,0.027968929147709924,0.012151047392407362,0.0013076223985035325,5.211379595243494,8.2070012395,10.073089632234199,12.71470466904461,15.954130523420071,20.299586947527878,22.619950433178435,22.756939281784387,19.679347378940516,15.04698471742565,8.321168939169143,5.532651796782527,13.86807792962825,3.595914740381041,2.3720536910631966,2.34554711386617,2.783907646076208,2.7810047945241636,2.507805138083643,3.481509632475836,2.612562530806691,2.7262057991821558,2.5939382783345724,2.8226204221877316,3.249561789258364,2.8227192981338294,121.93372572397764,88.98215613444238,84.12003305237917,61.61022304710037,37.95103263288104,17.591016108960964,5.122284179920074,9.009190416992563,12.711049153810405,53.935315984925644,64.48205286643125,117.73878562191447,56.26557207970261,99.07887947124534,59.368529317323414,45.37173742228623,36.31364782496283,24.80569764107063,16.848319830063193,7.029463235462825,13.810892456304831,10.842665805169146,57.07920555509292,55.91173046539033,94.71723384169145,43.43150024074349,4.833333333500001,8.5777777775,9.7111111105,14.07777778,19.749999999999996,25.994444444999996,27.66111111,27.005555555,22.733333329999997,17.677777775000003,10.65,6.5,16.264351855,4.7765262185,3.0679914040000003,4.3779993919999995,5.564739464500001,4.333569431,4.1681959795,6.614044380999999,5.763870188,5.475535214000001,3.8200734499999998,4.347764513,4.759230838500001,4.755795039500001,39.066666670000004,39.83888889,15.577777775,10.7111111135,12.794444445,7.300000000000001,26.383333334999996,14.777777780000001,9.855555555499999,16.52222222,15.533333333499998,9.394444444000001,18.146296295,25.49746454,40.96130471,12.21044985,13.003269415,24.763606995,12.962201932,39.0131248,12.48503673,10.2502519765,14.228328145,31.502566769999998,12.95346549,20.819255945000002,1280.0,1235.41,173998.85999999996,180276.57999994006
"Confederated Tribes of the Coos, Lower Umpqua and Siuslaw Indians",0.15469530877843257,0.23797048032200627,3.2797048032200626,5.946852794338816e6,0.15052103830208086,0.21869448894458618,3.4409310397131705,3.677172407329867e6,0.8453046912215674,0.7620295196779937,0.8494789616979191,0.7813055110554138,0.3287386418041003,0.2971758168973633,0.0010000000000000007,0.1996580657507474,0.30749472004806633,0.36410164749946383,0.3344476104547499,0.009678306165172788,0.27414436820918253,0.363938023255845,6.763744251690253,8.587553775354468,10.58469811732777,11.813981605333776,14.4664812336048,18.31485684458611,18.53238392029372,24.003990504572755,18.931219405013337,16.39348761483311,10.38461652507877,7.738317757218289,13.876277629512678,2.705305772170894,3.6059253783197582,2.2932915638357803,2.170600556365821,3.309547141612817,4.914788058469958,3.351525698267689,2.2942191727349788,3.3699865450200264,3.3116251523464615,2.1910050587176233,1.6535167398911879,2.930944736592122,171.04198932403196,110.68360777541386,107.20304110273695,72.84813826135512,49.50153537957273,17.27754784140854,3.1288829549786374,3.569737427477302,16.042137666257666,52.93747218447929,66.68654502315084,177.7056668014018,70.71885847833774,135.93202975109472,91.70001772476637,111.42539407200928,65.35687702243655,36.773916132082775,17.8187629274032,3.6266335937730294,5.538324498532708,19.524563341221626,43.5365323676168,80.91841849281708,179.05195011882506,65.93361833789719,6.0925925926666675,7.303703703666668,7.862962963000001,10.337037036666667,12.32962963,15.118518516666668,18.33333333,17.144444443333335,15.444444443333335,11.366666663333335,6.937037037333334,5.859259259333334,11.177469133333334,3.174116080333333,2.7816783926666666,1.7994002596666665,2.1413567383333336,1.4915599563333335,1.5363296773333333,2.9746129636666665,1.344051392666667,1.667207101666667,4.067148433333334,3.125364775333334,2.814123319666667,2.4097457576666668,220.01851853333335,133.00370373333337,133.83333333333331,93.57407407333334,71.83333333333334,60.91851851999999,21.68518518666667,23.27777777666667,44.4,121.85925928666667,175.92962963333335,233.67777776666668,111.16759261333334,144.85628673333335,69.11931129333333,57.914937300000005,58.967199576666665,30.218017016666668,27.454292413333334,20.857042196666672,20.09591186666667,33.68364604,63.071200440000005,89.54131367000001,122.35625580000001,61.51128453,3377.7699999899996,3260.130000000001,173998.85999999996,180276.57999994006
"Agua Caliente Band of Cahuilla Indians of the Agua Caliente Indian Reservation, California",0.114,0.152,3.46,6.72171e8,0.1,0.146,3.15,1.26963e8,0.886,0.848,0.9,0.854,0.2108483033024095,0.2108483033024095,0.08706001105523094,0.1591190166557745,0.06771170972170304,0.032189206990478246,0.027513679391934425,0.011900729538034775,0.018900619002625598,0.0027039200041031803,10.23888888975,10.919444447499998,11.186111109999999,13.14722222,14.4388888875,17.972222220000003,19.072222224999997,20.461111109999997,18.0472222225,16.511111112499997,11.624999997500002,10.213888888000001,14.48611111,2.2392127605,2.189698166,3.12902121975,2.3053553860000005,2.39985538375,2.6229482109999998,2.15022364375,3.034924233,2.1461079365,2.2298594475,1.8548596637499999,2.0991802782499995,2.3667705277500004,123.91944445,118.44166664999999,84.31388889,35.92777778,17.5000000025,5.227777777500001,2.75277777775,1.2222222222499999,2.0805555555,14.216666667499998,24.797222225000002,59.46388889,40.82199074,112.775797225,112.959620925,75.95201064999999,25.9180293425,13.3435850375,8.1345944175,4.028398237,2.0002994149999997,2.89720106525,13.953679555,36.14912349,89.38245928250001,41.457899885,9.172222222,9.338888887,11.405555554000001,13.68888889,16.76666667,21.572222225000004,25.394444445000005,24.994444444999996,22.47222222,16.238888890000002,11.0444444465,9.361111111000001,15.95416667,0.8384270014999999,4.1063181835,1.317072312,2.0329989074999997,1.9684879149999999,2.3559641335,2.4302985905,1.9358716395,1.417287319,3.028219901,3.6607816580000003,1.4878854225,2.2149677490000004,93.55555558,68.850000015,45.0,24.033333335000002,10.7444444435,1.3611111115,15.311111115000001,4.7055555555,6.95,14.705555558,22.161111115,26.238888890000002,27.801388890000002,93.75435748,87.34097877500001,42.61166339,22.424751825,13.141054024999999,1.7320787055,26.457179655000004,6.5406278185,11.226741525,21.621841965,43.039232254999995,42.536305635,34.368901085000005,160.0,154.43,173998.85999999996,180276.57999994006
"Tule River Indian Tribe of the Tule River Reservation, California",0.12403418537936835,0.18266207392961606,3.439170730129337,1.748741631731383e7,0.159,0.239,3.1000000000000005,3.8373e7,0.8759658146206316,0.8173379260703839,0.841,0.761,0.2230242450385907,0.22163692963239562,0.11495729728782529,0.11399215696145189,0.07473319981065604,0.20277578997696694,0.20277578997696694,0.038104564251400644,0.040199490131231905,0.06665609297435791,8.488337815443323,10.115196402991531,11.023418418927127,13.453580509125375,16.00970330163999,19.663582124076182,22.54419609434334,21.889495804816818,20.163401373018118,16.340583990766167,10.477236990496362,7.715377154619101,14.823675832171007,1.991449682792224,2.2520549098227747,2.1353591287467246,2.031420763458801,2.2054973439273904,2.2660053848459207,2.711696762942334,2.4180448532237806,2.198090586160426,2.259893953868004,2.238781942500594,2.4628031259091383,2.264258203262927,113.72445296641042,84.42719217033722,73.09406456988226,44.594030771870074,28.821791650232754,11.746094725779132,4.225787300329059,4.9462152272079045,9.49515202282079,30.763238254591993,46.984824170283005,101.27239341902653,46.17460310425205,88.3839730328924,72.98062675604544,66.94002428278664,30.664487252440125,21.28990946351593,9.835705973307485,5.651056119023805,5.208740181343735,10.61211060392765,33.4773119414112,45.66918111250362,86.48636475926601,39.76662428983069,6.683333332999999,6.2333333335,9.394444443000001,11.799999999999999,15.11111111,20.083333335,23.394444445,22.483333330000004,19.35,14.033333335,7.827777777999999,6.338888889,13.561111110000002,2.9480220075,2.933840869,2.4987617639999997,1.80298728,1.3385208955,1.9098264444999997,1.7257281039999997,1.3665049885,1.10766658,2.577456837,4.2946172465,3.30453975,2.3173727305,111.95000001999999,72.516666665,60.205555555,35.60555556,19.238888885,8.805555556000002,6.1,5.422222222499999,6.411111111500001,14.4,25.522222225,59.505555554999994,35.47361111,72.27791619,50.04293539499999,52.02112069499999,24.408174285,17.73524733,13.001056629,11.140103909999999,9.2517943855,8.6974503345,14.843905955,40.757860429999994,56.6284895,30.900504585,16730.99999999,16148.359999999997,173998.85999999996,180276.57999994006
Te-Moak Tribe of Western Shoshone Indians of Nevada (Battle Mountain Band),0.11602091821922206,0.1349047036425166,2.9580353046173813,2.1739824627853274e7,0.098,0.188,3.41,323000.0,0.883979081780778,0.8650952963574834,0.902,0.812,0.33964848740110104,0.33401101225154023,0.001848698506088939,0.29673357570115944,0.11303467648724999,0.011608455990506743,0.0029131580877763156,0.001,0.011608455990506743,0.003013589963581764,-2.374409128001465,-1.0551860907828847,1.851366476545231,6.981211627251338,11.313126867949629,16.826188535623448,20.698299374919305,19.73368649860146,15.570823145110017,9.024775875915887,1.5471719641061108,-2.822091822883128,8.10791361040537,3.2861797282660143,4.247921213296331,3.580387328899754,3.008926903901219,3.5730639355970637,3.710927411230803,3.3311587708899704,3.4654230940254256,3.6021536898933957,2.7738304584655236,4.417347360120289,2.8388535413745686,3.4863477862630785,32.86585167060634,25.89308883494864,51.25832654249385,43.455158924273796,62.44396631274808,35.40973105214177,41.05038848194618,29.118983971863052,29.19637055128115,26.519451235990207,38.823010051559855,40.28680249873836,38.026760844259115,25.173689245951067,16.4970252776797,26.88696768844986,24.69069042532027,34.49078765393152,21.801159820640564,37.54349011221999,27.15659978954522,18.6372831735501,16.785232930743273,33.34713658743763,34.56341472933493,26.464456453814176,-0.9888888889999999,2.433333333,3.966666667,9.033333333,12.16666667,17.72222222,21.91111111,21.14444444,15.522222219999998,11.14444444,2.444444444,-1.455555556,9.587037036,2.580912845,4.294182111,1.299038106,2.970269348,2.153485547,3.286250819,1.645785864,1.663663962,1.65058912,3.572852891,2.22323588,2.946655354,2.523910154,35.05555556,22.53333333,29.866666670000004,23.12222222,50.57777778,20.35555556,13.16666667,18.46666667,10.35555556,19.32222222,25.47777778,37.15555556,25.45462963,19.90302183,14.8118196,16.47482929,18.2109018,22.81840144,14.471187850000002,19.89830395,32.36155126,8.578186159,17.57140986,14.3530291,23.21223336,18.55540629,9118.82,8801.260000000007,173998.85999999996,180276.57999994006
"Pauma Band of Luiseno Mission Indians of the Pauma & Yuima Reservation, California",0.114,0.152,3.46,6.72171e8,0.096,0.126,3.52,1.88159e8,0.886,0.848,0.904,0.874,0.2108483033024095,0.2108483033024095,0.08706001105523094,0.1591190166557745,0.06771170972170304,0.18907442069423352,0.18907442069423352,0.041000070323556854,0.05728466971947103,0.08737621288222253,10.23888888975,10.919444447499998,11.186111109999999,13.14722222,14.4388888875,17.972222220000003,19.072222224999997,20.461111109999997,18.0472222225,16.511111112499997,11.624999997500002,10.213888888000001,14.48611111,2.2392127605,2.189698166,3.12902121975,2.3053553860000005,2.39985538375,2.6229482109999998,2.15022364375,3.034924233,2.1461079365,2.2298594475,1.8548596637499999,2.0991802782499995,2.3667705277500004,123.91944445,118.44166664999999,84.31388889,35.92777778,17.5000000025,5.227777777500001,2.75277777775,1.2222222222499999,2.0805555555,14.216666667499998,24.797222225000002,59.46388889,40.82199074,112.775797225,112.959620925,75.95201064999999,25.9180293425,13.3435850375,8.1345944175,4.028398237,2.0002994149999997,2.89720106525,13.953679555,36.14912349,89.38245928250001,41.457899885,8.322222222,9.1,9.522222222,11.42222222,13.25555556,17.31111111,20.78888889,20.91111111,18.84444444,15.66666667,11.08888889,8.711111111,13.74537037,1.05921879,1.58981131,1.275517324,1.171300322,2.046406064,2.566341971,3.9186874220000005,2.803321443,1.898756903,0.8351646539999998,1.543894786,1.497034105,1.8504545910000003,111.8222222,91.87777778,64.63333333,39.97777778,18.28888889,4.055555556,10.03333333,7.466666667000001,7.555555556,17.13333333,31.366666669999997,38.54444444,36.89629629,101.571413,78.67372144,53.550863670000005,21.44048611,18.40885958,5.450484178,9.56477914,8.448964434,9.617056607,16.97836859,48.31627573,54.13340261,35.51288959,160.0,154.43,173998.85999999996,180276.57999994006
"Crow Creek Sioux Tribe of the Crow Creek Reservation, South Dakota",0.07639489828137185,0.1197097232462106,3.021553823842804,932474.7521265718,0.16571537551179194,0.24391439539265328,3.2220093056641392,396722.3200806687,0.9236051017186282,0.8802902767537895,0.8342846244882081,0.7560856046073468,0.7422724441067655,0.6594778971955698,0.0009999999999999998,0.7296652610655265,0.71791102121207,0.3027186178074835,0.28722905703184914,0.0009815805252562783,0.2699282845130425,0.14160428392115101,-7.623609427598784,-5.644855218741816,2.4282222222133334,9.149865319966668,14.908915825709096,20.949488215509092,22.942962961024225,21.8132525271394,17.248087543303033,9.64591245811636,0.996707070641818,-7.268821549033937,8.295510662378183,2.8515344149690907,2.9771062907490893,1.976763552581212,2.0752624471842416,1.5022238606133327,1.6363241388327279,0.9905309209496971,1.3977785358000003,1.8797426381757572,1.6203720973460611,3.713888915655758,4.071180899363029,2.224392392787273,14.903939395533328,12.185218853375757,42.901353534363615,65.21665993292723,102.35907070033333,116.38964309763637,94.0277373777272,102.31630977633337,87.28977104570302,44.3545656574303,32.098127946175765,22.883319864963646,61.410476432193924,9.428211976874543,10.750405901214542,24.804641068739386,38.93497907173939,33.197585220787886,58.50421849321818,56.53068389706667,46.265655579133345,54.4889155237394,18.191750440103025,28.059273771793936,18.016803413896966,33.097760362690906,-6.566666666666667,-2.4148148149999997,2.285185185,9.555555555333333,14.381481483333333,20.36296296333333,23.95925926,22.570370369999996,17.28148148,10.859259256666665,1.2851851853333331,-5.307407407333333,9.020987653999999,3.3076588689999995,4.948760395666667,2.0054453199999998,2.5729091469999994,2.112042521,1.8636933439999999,1.546672117333333,1.7377205296666667,2.172806468333333,2.1679526549999997,4.673668561666666,6.253856305333333,2.9469321863333335,11.277777780666666,9.674074073666667,29.01851851666666,52.144444443333335,101.8,89.82222222,62.85925925999999,60.28888888666667,46.00000000333333,41.492592593333335,21.15555555333333,12.785185183333331,44.85987654333333,7.359926999999999,5.945773999999999,19.099993723333334,32.433189213333335,62.82647677666666,52.08546109333333,32.61673233,25.142487589999998,32.98299786,33.57728779,21.35205832333333,6.140285981999999,27.630222643333333,3535.29,3412.1799999999994,173998.85999999996,180276.57999994006
"Manchester Band of Pomo Indians of the Manchester Rancheria, California",0.11586236466054425,0.16082815705425121,3.7144753116620524,1.7806687729233507e7,0.135,0.19400000000000003,3.53,7.022e6,0.8841376353394558,0.8391718429457488,0.865,0.8059999999999999,0.3139243775982025,0.3082102091265928,0.16885572269732343,0.12563368466767635,0.19848242595681215,0.5617350952767542,0.5617029079487761,0.004385178101309611,0.3824637808217352,0.41115917521548867,8.222887633422596,10.281173886037283,11.161249215442934,13.454256120050847,16.230677965237284,20.258405523440665,21.94217828003389,22.6031073445819,19.826798493807907,16.980395479870047,10.746660388909602,7.9196359070265485,14.96895218621468,1.9878769915401113,2.0540290437553654,2.115249066633332,2.6265926600395466,1.7923299657062142,2.944610878572879,3.5304199984175124,2.7048266130079073,3.2247008091615816,2.158893319527118,2.0342240867542367,2.121970764719208,2.441310349777965,154.40644067510155,113.51922787786438,100.19762084158192,49.67125549267795,33.6441619588305,9.604996861888695,2.2247583175344627,1.9490207156327675,6.747212806031071,32.6204896428079,52.799359698661,127.10343377310728,57.040664889022565,113.08144889725425,99.059393500644,87.29864507806211,40.813423814926516,27.67767199545762,14.036372871555363,4.394463339796042,4.322216026240676,7.954780433297736,34.47877981463276,48.858499678237244,114.1169508555988,49.67438719195478,8.711111111,9.544444444,10.02222222,11.66666667,13.82222222,16.38888889,17.98888889,18.1,17.1,14.211111110000001,9.5,8.244444444,12.941666670000002,1.44087165,2.395365896,1.21426704,0.543139025,1.146492235,1.303307758,1.8764623929999997,3.091116303,1.5612495,1.128543801,1.6552945359999998,2.031077984,1.6155990100000002,236.59999999999997,163.2333333,145.7,77.26666667,59.36666667000001,13.466666670000002,12.04444444,10.12222222,7.588888889000001,55.36666667,83.72222222,221.9222222,90.53333333,178.2517181,105.59235289999998,109.12205319999998,56.88055467,45.39887113,15.74444346,23.79638161,21.70511332,10.36755087,56.23088564,57.671565300000005,165.2347556,70.49968715,4069.36,3927.6299999999997,173998.85999999996,180276.57999994006
Mooretown Rancheria of Maidu Indians of California,0.142799266229376,0.20699633114688015,3.2660953901811145,1.3356060911003428e7,0.142,0.203,3.37,1.8433e7,0.857200733770624,0.7930036688531199,0.858,0.7969999999999999,0.39716630361504945,0.3918327708624174,0.22244286707417626,0.2359128731537446,0.2729855335765598,0.4389774704739537,0.4389774704739537,0.26897061040146214,0.3964033204854944,0.3416721100826077,6.105929415253027,8.842620008792057,10.595147300591519,13.382406161514124,16.83631673386271,20.77768805141319,22.652243157880207,22.921855839744282,19.986144758956925,15.769350978923276,10.024637355721396,6.380005981781962,14.5228621456393,3.0662932860437406,2.8742427283465677,2.8014028176648718,2.9515058236756384,3.0421384433519516,3.126066416397711,2.706610205104306,2.76822697334051,2.427017176164873,3.0247519649865406,2.4038526427947504,2.5511534466144012,2.811938493728129,157.0672872814266,109.08441752419246,104.46920142897707,56.073986839973074,35.53731867753028,12.552332883884928,5.492911619823687,9.243793927832433,7.057918348953561,43.70938387997306,51.38049199997981,140.39807836881553,61.00559356533647,132.9611347440107,101.20610785299458,88.73013365362722,40.41280423629205,25.709958233149393,13.54615827092261,9.153348427746296,20.383941447450198,8.467947409581424,45.49143226910499,50.78516126012112,124.38345325055181,55.10263175391653,7.877777778,9.300000000000002,11.17777778,14.01111111,17.17777778,21.9,23.62222222,23.75555556,20.87777778,16.81111111,10.55555556,7.6,15.38888889,1.174497528,2.285278976,1.227576655,1.863762622,1.194547799,2.508983858,3.012796781,1.703754025,1.710100712,1.676636845,2.113120389,1.716828471,1.848990388,158.6111111,102.7222222,90.38888889,43.07777778,30.155555560000003,6.266666667,3.6333333330000004,3.555555556,6.188888889,28.28888889,47.84444444,109.3666667,52.50833333,93.29652250000001,78.18309884,77.28865448,32.1743212,23.92170098,7.635279956,9.766012492,8.49869271,6.080181832,31.979190279999997,42.86193273,76.94887913,40.71953893,3517.2699999999995,3394.7200000000003,173998.85999999996,180276.57999994006
Blackfeet Tribe of the Blackfeet Indian Reservation of Montana,0.08694288067047819,0.1367945435234851,3.316623700935759,1.9886711471555023e6,0.17950383835116168,0.26195321077613354,3.194675277337018,1.2755289413522887e6,0.9130571193295218,0.8632054564765149,0.8204961616488383,0.7380467892238665,0.18523698799766897,0.18115403054164594,0.012639238447310346,0.11174630952758977,0.04767023287129177,0.18566467751003676,0.17953115914966009,0.001760571449829211,0.12322367742974344,0.033911655547780084,-4.622288875601283,-2.2200537670208,1.805583327746653,6.253362660679876,10.526941278097798,15.324366237892441,19.685633984211183,18.236434935260977,13.76715323589485,7.984132062496711,-0.5401008687258552,-4.552422848772251,6.8040617802429635,3.0675657100981852,2.455153287723262,2.2699248595063013,1.4487445029604094,1.7066607596834653,1.7210068692619513,2.44401700057689,2.190044095298346,2.8008985418248384,1.9782074491767696,3.7375337507200603,2.8011664560757916,2.3850769402589522,46.83702592789047,13.776426936725471,30.987764669460145,37.23699926687469,76.90541891649285,64.48756248751856,30.712326423589335,33.65414250544096,37.10963585084788,35.37824212945617,26.991392832093624,18.477908862817074,37.71290390119783,94.38445422712878,9.952917749654288,17.334872351207174,18.908929031945643,36.11290318875433,36.972145033065466,21.39790963810902,22.218098088518328,24.997699878218395,19.022002870147993,13.038396527745473,15.587785241762676,27.49400948555094,-6.485714285714287,-2.9507936507142865,-0.8603174602857143,4.4682539682857145,8.860317460857145,13.28730158714286,16.874603175714288,15.195238095714288,10.850793652285715,6.849206349000001,-1.8619047620000007,-5.733333333428572,4.874470899714286,2.925335754571429,4.7792076240000005,2.479287670571429,2.4201086554285722,3.8412780722857147,5.227756565285715,3.183212205285715,3.3714378840000006,3.222619491714286,4.283425667714287,5.249413353428572,4.911048779285714,3.824510976857143,18.21428571357143,16.907936508428573,21.603174602857145,35.27619047571428,68.13809523857144,82.35079365142859,32.103174602857145,39.312698412857145,43.55714285857143,32.56031746,36.78888888714286,20.36190476371429,37.26455026428572,11.04103887357143,12.37328417157143,16.556767179,23.478581082857147,36.80904616000001,59.52308715,26.006705904285717,25.40730010571429,41.14558029857143,17.358124914285717,46.85434863571429,14.159266057000002,27.559427544285718,10276.539999989998,9918.740000000005,173998.85999999996,180276.57999994006
"Hoopa Valley Tribe, California",0.14100000000000004,0.19600000000000004,3.3200000000000003,1.0777000000000002e7,0.141,0.196,3.3200000000000003,1.0777e7,0.859,0.8039999999999999,0.859,0.804,0.430069895747574,0.4296408907637734,0.06000128944148458,0.11884759907769216,0.21807354354185352,0.2653125706872784,0.2609301131835473,0.022041917885106364,0.09263873442663445,0.1802544020612384,6.117641325662282,10.143940869766086,10.660721247339184,14.938060431125736,15.748245611140355,22.1684210505848,23.45862573133041,22.040269656754393,19.95219298207603,16.357050033596497,9.281205327352342,7.292381416580411,14.846562972675443,2.6820078241915213,2.142853529192983,1.5331462329298249,2.1055802986520473,3.2871686347368434,1.933575033662281,3.369419199673977,3.2389077572807023,3.3853594675043865,2.949353189690059,2.487575254103802,2.070913054290936,2.5988216230731,182.05575049590652,135.20229043274858,110.44353476710529,58.3688109126316,33.462361923552635,9.499057829904972,4.76413255363889,0.37777777800000006,9.342040285616964,35.1069525666228,55.500422352295345,128.01483106769004,63.51149691381579,160.47842026710526,129.34231916228072,63.861347878713474,59.80910392614036,31.146423599809943,13.890437150716375,8.62785194717398,0.5847601600000002,15.252196250716377,41.92995926729533,43.89922526190059,81.71260395985381,54.21122073502926,6.7055555555,6.3277777775,7.3944444444999995,8.577777778000002,11.08333333,15.305555555000002,16.527777775,16.23888889,14.749999999999998,11.10555556,7.1777777775,6.15,10.612037039999999,1.705705461,3.6968563125000005,1.2537193755,1.924741778,1.5084786675,3.492881373500001,1.2591574125,0.8481822865,1.4962176499999997,1.844528777,1.3634213899999998,1.6344519845000003,1.8356952060000002,243.22777775,154.86111115000003,167.58333335,103.00555555,72.66666666500001,33.472222220000006,10.483333335000001,11.1555555565,15.961111114999998,76.294444445,138.36111110000002,298.40555555000003,110.45648150000001,119.79866914999998,80.7425943,77.5218859,72.38454866000001,49.151256675,26.473699684999996,12.16155968,12.9525593545,10.897566854999999,42.55641173,70.97148410500002,188.28619905,63.65820293,1587.81,1532.5300000000004,173998.85999999996,180276.57999994006
Coquille Indian Tribe,0.15551168238543853,0.2392403948217932,3.292403948217933,5.676633130419853e6,0.156,0.24,3.3,5.515e6,0.8444883176145614,0.7607596051782068,0.844,0.76,0.30295058904841027,0.26799079185296265,0.0010000000000000002,0.19222339265446128,0.299076324317469,0.1877850777085418,0.16815576835546686,0.001,0.11008646625728041,0.1877617852605661,6.808581020346353,8.5448702201717,10.50013100945247,11.792598051473835,14.347711454296237,18.254499302277083,18.377401131068535,24.000343894480473,18.864693361002203,16.30941619780398,10.406108244353721,7.7078113487759765,13.826180436337506,2.6470469174532054,3.663793404478997,2.28915857214591,2.1998784184708917,3.2958233237700814,4.905869182699337,3.3913328380272656,2.3586324786860717,3.356458778510685,3.3754340690729547,2.19266832642815,1.6658083954760496,2.9451587255630063,172.65411447162856,111.33800868280765,109.96449685949888,74.54023581768607,50.52636534726601,17.51075902732498,3.2733890116064845,3.4449029720294764,16.327831001064105,53.747637762196014,68.29030541255709,178.58242035512154,71.68337222639643,135.34262887873248,89.5772263360354,117.14593950359613,67.46007524900514,37.714222211009584,17.63220497585851,3.7712659085232123,5.012258321637434,20.002464776278554,44.784961519550464,83.83760986328666,178.9793169639646,66.77168121005896,4.797222221999999,6.56944444425,7.416666666749999,10.17222222225,12.12777778,15.019444445,18.6944444425,17.3194444425,15.619444442499999,11.100000000000001,6.191666666500001,4.122222222,10.762500000000001,3.68324692025,2.0867143974999998,1.6880789155,2.068871499,1.3114880045,1.1578933605,2.0403428179999996,1.3224060195,1.6983965005,2.1276172645,2.9026088404999997,3.8820117105,2.16413968775,212.63055552499998,127.852777775,140.675,97.3888889075,71.03611111,55.2527777775,16.3166666675,14.922222222499999,35.588888887500005,105.3055555575,144.4472222,219.13333335,103.37916667,136.33274057500003,64.7024190025,77.74262764999999,66.3148008,35.787758735000004,25.80723965,11.776990638250002,19.5435687125,28.797993292500003,62.26614803500001,75.4737860475,119.3129743,60.321587287499995,3057.7699999899996,2951.2800000000007,173998.85999999996,180276.57999994006
"Kashia Band of Pomo Indians of the Stewarts Point Rancheria, California",0.11586236466054425,0.16082815705425121,3.7144753116620524,1.7806687729233507e7,0.09,0.118,4.0,3.0682e7,0.8841376353394558,0.8391718429457488,0.91,0.882,0.3139243775982025,0.3082102091265928,0.16885572269732343,0.12563368466767635,0.19848242595681215,0.6978316968964758,0.6978316968964758,0.001,0.25589567982858746,0.3110899084069139,8.222887633422596,10.281173886037283,11.161249215442934,13.454256120050847,16.230677965237284,20.258405523440665,21.94217828003389,22.6031073445819,19.826798493807907,16.980395479870047,10.746660388909602,7.9196359070265485,14.96895218621468,1.9878769915401113,2.0540290437553654,2.115249066633332,2.6265926600395466,1.7923299657062142,2.944610878572879,3.5304199984175124,2.7048266130079073,3.2247008091615816,2.158893319527118,2.0342240867542367,2.121970764719208,2.441310349777965,154.40644067510155,113.51922787786438,100.19762084158192,49.67125549267795,33.6441619588305,9.604996861888695,2.2247583175344627,1.9490207156327675,6.747212806031071,32.6204896428079,52.799359698661,127.10343377310728,57.040664889022565,113.08144889725425,99.059393500644,87.29864507806211,40.813423814926516,27.67767199545762,14.036372871555363,4.394463339796042,4.322216026240676,7.954780433297736,34.47877981463276,48.858499678237244,114.1169508555988,49.67438719195478,9.033333333,8.633333333,11.18888889,12.36666667,15.5,19.2,21.52222222,20.64444444,20.01111111,14.88888889,10.55555556,8.555555556,14.341666670000002,0.988685997,6.982120022,1.6366463,2.329699551,2.029778313,1.7392527129999997,1.859286004,2.094702312,2.091318032,4.6033804,1.029697906,1.479113849,2.405306783,256.0333333,162.6555556,137.1333333,66.02222222,46.54444444,10.52222222,9.977777778,8.422222222,6.566666667,41.9,73.5,224.17777780000003,86.95462963,204.6327076,113.3368553,111.6280207,48.97626409,34.03531663,13.04509273,14.69623913,15.48303731,10.32206375,44.66906088,56.42650087,174.8872121,70.17819759,4069.36,3927.6299999999997,173998.85999999996,180276.57999994006
"Yomba Shoshone Tribe of the Yomba Reservation, Nevada",0.11602091821922218,0.13490470364251667,2.9580353046173853,2.1739824627853267e7,0.162,0.259,3.15,3.775e6,0.8839790817807778,0.8650952963574834,0.838,0.741,0.3396484874011003,0.3340110122515397,0.0018486985060889337,0.2967335757011592,0.11303467648724996,0.08348620791794929,0.08178094878378717,0.013835814089295309,0.03178344043605192,0.001,-2.3744091280014668,-1.0551860907828852,1.8513664765452322,6.981211627251343,11.313126867949629,16.82618853562347,20.698299374919312,19.73368649860146,15.570823145110019,9.024775875915891,1.547171964106112,-2.8220918228831287,8.107913610405376,3.286179728266012,4.2479212132963315,3.580387328899754,3.008926903901223,3.5730639355970637,3.7109274112308066,3.331158770889975,3.465423094025427,3.602153689893398,2.773830458465526,4.417347360120291,2.8388535413745712,3.4863477862630803,32.86585167060635,25.89308883494865,51.25832654249389,43.45515892427382,62.44396631274817,35.40973105214179,41.050388481946214,29.118983971863074,29.196370551281166,26.519451235990218,38.82301005155989,40.28680249873838,38.02676084425917,25.173689245951095,16.497025277679708,26.88696768844987,24.69069042532029,34.490787653931534,21.801159820640578,37.54349011222004,27.156599789545226,18.637283173550124,16.785232930743277,33.34713658743764,34.56341472933495,26.464456453814172,1.3944444445,2.2666666665,5.0666666665,8.227777778,12.149999999999999,18.005555555,23.099999999999998,21.65,17.766666665,10.711111109,4.3055555555,0.7055555555,10.445833330999998,3.4479391909999997,2.3433110275,4.310707704,2.8644839280000003,3.306696355,3.1815174894999996,2.0178347690000003,2.1694428325,3.6324252159999997,1.2138298850000002,3.3081479340000004,3.5365433475,2.94440664,45.77222222,24.677777775,38.333333335,23.266666665,40.594444445,10.149999998,18.849999999999998,12.716666665,10.405555554,18.51111111,26.444444445000002,46.87222222,26.382870370000003,42.76774298499999,18.759103749999998,31.781874254999998,19.854111965,26.01146239,8.744383047499998,17.492800975,13.79819528,11.494438441,14.15923521,29.063594049999995,49.379571915,23.60887619,4559.41,4400.629999999999,173998.85999999996,180276.57999994006
Quinault Indian Nation,0.104,0.154,3.3100000000000005,2.716e7,0.15036638086198895,0.23592959787355433,3.485553073855064,6.225054158347681e6,0.896,0.846,0.849633619138011,0.7640704021264457,0.7256437938724734,0.6549306916566568,0.0010000000000000002,0.577088709879009,0.6908564430369797,0.2243017946210981,0.19402298723479264,0.0010000000000000002,0.14264292508111748,0.2184293943287658,6.2729729725855865,9.422222222000002,9.63603603468919,12.576576575810812,15.188888890000001,20.643843845675676,24.12222222,21.42777778,20.957507508243243,15.550300302162162,8.722222222,6.6000000000000005,14.260047544324323,3.3786483513693697,1.438556375,3.550658589581081,2.719147407608108,3.5621076779999994,3.8636941330135133,3.147132734,1.802947403,2.5443006193378377,2.2117442374459464,2.6508384419999995,3.03891428,2.8257241876261268,131.12102103963966,122.87537540135133,109.3555556,63.255555560000005,46.75555556,13.86666667,2.8333333329999997,3.3700200201486488,8.746246244972973,43.82532532792793,62.76666666999999,194.27777779999997,66.92075827013512,104.29270553378379,106.54965027635136,71.02228719,43.40282569,27.29634184,10.60459806,4.107919181,7.389311623094594,12.342967944594594,40.04529947729729,62.685943400000006,190.565217,56.69208893563063,4.0194444444999995,6.0027777780000005,6.1444444445,8.26666666675,10.9916666675,13.1638888875,16.541666667500003,15.02777778,13.9611111125,10.458333333250001,5.099999999999999,3.3972222222499995,9.422916667,2.8801060682500004,2.2736354675,2.0884998085,1.82234345325,1.8994027512500002,2.1382402295,3.4910304932500003,1.95483026775,1.9869189274999999,2.7243078755,3.0423970437500003,3.07960778025,2.4484433469999995,352.749999975,259.15000002499994,240.85,170.847222225,116.51666667500001,88.62777778,49.4250000025,59.3249999975,101.02222224,271.3138889,366.09444442499995,378.402777775,204.52708335,193.97525025,153.978789975,80.62501190249998,88.28195736,63.473796295,42.592395090000004,30.6903722175,43.375008655,68.591235815,178.910929875,250.85867365000001,195.377249825,115.894222575,480.0,463.27,173998.85999999996,180276.57999994006
"Mescalero Apache Tribe of the Mescalero Reservation, New Mexico",0.143,0.232,2.91,4.61e6,0.15896955935026003,0.25196384788397375,3.1796761836505105,5.611036786684385e6,0.857,0.768,0.84103044064974,0.7480361521160263,0.17299701865612835,0.16366582452597353,0.15412164208174914,0.05497731806542312,0.0012866132453099887,0.09073952208559775,0.08970304526505109,0.0009908126037130509,0.06937383360168546,0.043818728918729344,5.477777777999999,6.3833333335,9.944444444,13.544444445000002,19.3,24.294444445,26.583333335000003,22.3,20.294444445,13.73888889,9.955555557,4.3944444445,14.68425926,2.8922734689999996,2.205913278,3.4420599705000003,4.3228681945,2.7340737745,3.8784497754999996,3.372655874,3.0610724470000004,2.5125995624999997,2.8145011075,3.6829097919999993,3.1903240615,3.175808442,27.527777774999997,22.288888885000002,17.9,19.922222225000002,15.338888885,24.794444445,41.96111111,49.216666665,54.644444445000005,34.338888885,19.25,19.95,28.927777775,26.165729024999997,15.68999151,10.261249005000002,15.64824708,28.92453551,31.12515982,26.11928275,28.475403319999998,60.626016215,24.065285050000004,23.101083415,21.340057625,25.961836695,2.9370370370000005,4.003703703666667,7.114814815000001,11.137037034666669,15.67037037,20.559259260000005,23.311111113333336,21.00740740333334,18.348148146666666,12.918518520000003,7.155555555333334,2.6037037036666675,12.230555556666667,2.132683555666667,4.2435717376666675,1.2872812023333335,1.6705816720000002,2.334896348,2.0280504163333335,4.403691245333334,2.4646539250000004,1.781314011,1.98012546,2.207866242666667,2.8334066076666673,2.447343535,26.137037040000003,23.174074073333337,23.30740740666667,24.18148148333334,17.75555555666667,29.651851850000003,58.18148148333334,59.90000000000001,60.23703703666668,40.21851851666667,34.04444444333334,13.855555556333336,34.220370373333346,14.979782636666668,18.69728386666667,13.412911407000001,19.114486533333338,13.683746298666668,31.229610323333333,48.537134363333344,42.376067563333336,49.83983151333334,47.84701525333334,63.07491799666668,12.568508049333335,31.280107986666675,320.0,308.86,173998.85999999996,180276.57999994006
Enterprise Rancheria of Maidu Indians of California,0.142799266229376,0.20699633114688015,3.2660953901811145,1.3356060911003428e7,0.142,0.203,3.3699999999999997,1.8433e7,0.857200733770624,0.7930036688531199,0.858,0.7969999999999999,0.39716630361504945,0.3918327708624174,0.22244286707417626,0.2359128731537446,0.2729855335765598,0.23708592844598703,0.23708592844598703,0.07245737648653135,0.03255971038854934,0.09275744462843631,6.105929415253027,8.842620008792057,10.595147300591519,13.382406161514124,16.83631673386271,20.77768805141319,22.652243157880207,22.921855839744282,19.986144758956925,15.769350978923276,10.024637355721396,6.380005981781962,14.5228621456393,3.0662932860437406,2.8742427283465677,2.8014028176648718,2.9515058236756384,3.0421384433519516,3.126066416397711,2.706610205104306,2.76822697334051,2.427017176164873,3.0247519649865406,2.4038526427947504,2.5511534466144012,2.811938493728129,157.0672872814266,109.08441752419246,104.46920142897707,56.073986839973074,35.53731867753028,12.552332883884928,5.492911619823687,9.243793927832433,7.057918348953561,43.70938387997306,51.38049199997981,140.39807836881553,61.00559356533647,132.9611347440107,101.20610785299458,88.73013365362722,40.41280423629205,25.709958233149393,13.54615827092261,9.153348427746296,20.383941447450198,8.467947409581424,45.49143226910499,50.78516126012112,124.38345325055181,55.10263175391653,2.8,3.411111111,5.677777778,9.722222222,12.65555556,17.52222222,21.37777778,20.13333333,16.52222222,12.03333333,5.966666667,2.2,10.83518518,2.617728023,7.657585201,1.886648999,2.158574633,1.304905275,1.939573263,1.635372876,1.071214264,1.272573945,2.355313143,2.137171027,4.160228359,2.516407417,273.7888889,197.4666667,165.3777778,95.81111111,65.02222222,23.88888889,10.86666667,4.655555556,16.22222222,56.83333333,89.07777778,211.5,100.8759259,206.2260922,180.6919893,189.8937912,81.80894579,45.84244152,21.78184132,28.39784323,7.274288815999999,24.71784668,51.6183107,77.78707762,242.3994946,96.53666358,3517.2699999999995,3394.7200000000003,173998.85999999996,180276.57999994006
"Sokaogon Chippewa Community, Wisconsin",0.10492852748135763,0.19712951733749842,3.134396822376029,1.4838128628243108e6,0.12,0.213,2.91,531000.0,0.8950714725186424,0.8028704826625016,0.88,0.787,0.43070823539366787,0.4052773502494078,0.0009999999999999996,0.222377759190418,0.3282079265958238,0.4513938957380169,0.4228495501203706,0.0009999999999999998,0.2710637216160781,0.3339795733378038,-10.103703703082353,-8.88662309349412,-0.523485838937255,6.808235294003923,13.154466230470593,18.22732026482353,20.920087147490197,19.782745096196077,14.691503267921568,7.679302832211766,-0.2616993462666667,-9.156601307215688,6.027628903415688,2.334671710909804,2.8512240243647056,2.48689087054902,2.1111125140549025,1.3646661212235298,1.7134400980235296,1.0982229414901963,1.4454521880705886,1.794491221619608,1.9042781024196083,2.8010316028196085,3.980209808305882,2.1571409337843135,21.204575162352942,15.568627450000001,37.48627451117648,51.28431372764707,78.85211329309806,123.71455339568628,97.3633986947059,116.53529411176473,111.82174293078434,71.53071895411766,48.898692810000014,27.59673203058824,66.82141975666669,11.867106797647061,6.817666885588237,19.271096357647064,18.744464043529412,22.63734074231373,36.75623242301962,40.62764900705882,46.068413780000014,60.92510031850982,30.838164581176475,31.66454291882354,18.239315346470594,28.70475776545098,-10.5472222225,-9.3166666655,-1.5083333332500002,5.2055555555,11.594444445,17.175000002500003,19.355555555,18.627777777499997,13.619444445,6.375,-0.8305555557500001,-6.8416666665,5.242361111500001,1.789696662,3.213995825,3.871922763,2.1587269934999997,1.3638728980000001,2.74129563825,1.6599574025,1.9718180490000001,3.5846219809999997,2.069961616,3.8881334489999997,11.38863948275,3.30855356325,29.625,17.005555554999997,34.077777774999994,65.3694444425,79.22222222250001,112.38333335,112.975,133.11944445,112.6972222,71.83055555499999,56.1722222225,42.3916666675,72.23912037,32.228197605,11.631409757499998,19.7574174675,40.442780392500005,30.198826025000002,45.393459039999996,43.550655,71.12148568250001,60.83124342,38.45245705,43.5312098025,34.3873473675,39.29387404999999,1120.0,1080.98,173998.85999999996,180276.57999994006
"Yerington Paiute Tribe of the Yerington Colony & Campbell Ranch, Nevada",0.11154573672617896,0.1579355571322218,3.214335474186797,1.8067163153796364e6,0.13099999999999998,0.211,3.3799999999999994,3.9909999999999995e6,0.888454263273821,0.8420644428677782,0.869,0.789,0.1184952743827959,0.11826097943284501,0.001019817674905503,0.04269741297541426,0.0069334334740445,0.05880355923227595,0.05716093777567248,0.001,0.02450130893533595,0.001,5.211379595243494,8.2070012395,10.073089632234199,12.71470466904461,15.954130523420071,20.299586947527878,22.619950433178435,22.756939281784387,19.679347378940516,15.04698471742565,8.321168939169143,5.532651796782527,13.86807792962825,3.595914740381041,2.3720536910631966,2.34554711386617,2.783907646076208,2.7810047945241636,2.507805138083643,3.481509632475836,2.612562530806691,2.7262057991821558,2.5939382783345724,2.8226204221877316,3.249561789258364,2.8227192981338294,121.93372572397764,88.98215613444238,84.12003305237917,61.61022304710037,37.95103263288104,17.591016108960964,5.122284179920074,9.009190416992563,12.711049153810405,53.935315984925644,64.48205286643125,117.73878562191447,56.26557207970261,99.07887947124534,59.368529317323414,45.37173742228623,36.31364782496283,24.80569764107063,16.848319830063193,7.029463235462825,13.810892456304831,10.842665805169146,57.07920555509292,55.91173046539033,94.71723384169145,43.43150024074349,1.623921938492918,3.7627006611133145,5.852880075651559,9.65476864978187,13.438369533201135,19.741170917082155,24.62212779575071,22.79077745974504,18.058451369178474,11.622411075240793,4.920018885303116,1.0073654388725213,11.424580313569406,1.9592093351274789,2.8445463183739377,2.0718361059546746,1.4007123220849858,1.6805108336912185,2.8782539554872524,1.8241625325637394,1.5557966166288952,1.6597233010906516,1.296776395184136,2.1679482446798866,3.0304312126458925,2.030825598283286,38.69974818631728,36.28325464492918,22.683034305750706,17.800849860566572,24.364117093767703,8.942146679379604,16.676613160311618,12.276487251031163,9.05435945811898,12.753729932776203,14.57976078283286,31.82149826390935,20.49463330144476,20.918709188413597,24.921415781444757,23.685975840424927,13.501128237337111,14.286328093937678,12.38019760674221,17.60866785535411,15.429139588158641,15.318381699830029,14.4573333788102,8.24453968931728,23.392638754532573,17.012037979433426,1280.0,1235.41,173998.85999999996,180276.57999994006
"Los Coyotes Band of Cahuilla and Cupeno Indians, California",0.114,0.152,3.46,6.72171e8,0.09599999999999999,0.126,3.52,1.88159e8,0.886,0.848,0.904,0.874,0.2108483033024095,0.2108483033024095,0.08706001105523094,0.1591190166557745,0.06771170972170304,0.13252233140793884,0.13252233140793884,0.022676831178546072,0.03857264589785918,0.05347733223427017,10.23888888975,10.919444447499998,11.186111109999999,13.14722222,14.4388888875,17.972222220000003,19.072222224999997,20.461111109999997,18.0472222225,16.511111112499997,11.624999997500002,10.213888888000001,14.48611111,2.2392127605,2.189698166,3.12902121975,2.3053553860000005,2.39985538375,2.6229482109999998,2.15022364375,3.034924233,2.1461079365,2.2298594475,1.8548596637499999,2.0991802782499995,2.3667705277500004,123.91944445,118.44166664999999,84.31388889,35.92777778,17.5000000025,5.227777777500001,2.75277777775,1.2222222222499999,2.0805555555,14.216666667499998,24.797222225000002,59.46388889,40.82199074,112.775797225,112.959620925,75.95201064999999,25.9180293425,13.3435850375,8.1345944175,4.028398237,2.0002994149999997,2.89720106525,13.953679555,36.14912349,89.38245928250001,41.457899885,8.322222222,7.955555556,9.522222222,10.82222222,13.13333333,17.31111111,20.78888889,21.16666667,18.84444444,14.85555556,11.08888889,8.711111111,13.54351852,1.05921879,4.014695229,1.275517324,2.420112486,2.290196498,2.566341971,3.918687422,2.431049156,1.898756903,2.831568078,1.543894786,1.497034105,2.312256062,111.8222222,91.87777778,64.63333333,39.97777778,18.28888889,4.055555556,10.78888889,8.766666667,7.555555556000001,17.13333333,31.366666669999997,38.54444444,37.06759259,101.571413,78.67372144,53.55086367,21.44048611,18.40885958,5.450484178,9.49242388,8.96953176,9.617056607,16.97836859,48.31627573,54.13340261,35.5502406,160.0,154.43,173998.85999999996,180276.57999994006
Fort Sill Apache Tribe of Oklahoma,0.14299999999999996,0.232,2.91,4.61e6,0.15417287040547864,0.2246837301755536,3.047701231963496,2.171015379399898e6,0.857,0.768,0.8458271295945213,0.7753162698244465,0.17299701865612832,0.1636658245259735,0.15412164208174908,0.0549773180654231,0.001286613245309989,0.407192546178905,0.3427241788059843,0.28795088304882616,0.3988014569565103,0.3100479408794345,5.477777778,6.3833333335,9.944444444,13.544444445000002,19.3,24.294444445,26.583333335000003,22.3,20.294444445000003,13.73888889,9.955555556999999,4.3944444445,14.68425926,2.8922734689999996,2.205913278,3.4420599705000003,4.3228681945,2.7340737745,3.8784497754999996,3.372655874,3.061072447,2.5125995624999997,2.8145011075,3.682909792,3.1903240615,3.175808442,27.527777774999997,22.288888885000002,17.9,19.922222225000002,15.338888885,24.794444445,41.96111111,49.216666665,54.644444445000005,34.338888885,19.25,19.95,28.927777775,26.165729024999997,15.68999151,10.261249005000002,15.648247079999999,28.92453551,31.12515982,26.119282749999996,28.475403319999995,60.626016215,24.065285050000004,23.101083415,21.340057625,25.961836695,5.119513331878549,6.917288894594599,11.840197332964275,16.545983403545158,21.422526416599,26.845435388096973,29.05592954780001,29.016351376618797,24.70026660476995,17.612948401723028,10.985241738396734,5.1131814946905765,17.097905326484003,1.9185276228768982,2.5818577920563555,1.2613708030702733,0.9835191210134779,1.1828052344704367,1.5466158903472214,1.3846486045711388,1.227753826460912,1.4909449169934252,1.0460640556841043,1.930405100641368,2.2995261853391225,1.5711699294514003,41.151589825242326,39.449088415828484,70.92446553647606,69.84313601133344,129.40021557730518,107.29312403151432,77.91129433084254,60.14270243734141,73.15751724208404,72.60409345834552,39.22156845588261,32.80230779882279,67.82509192780316,18.943850030574257,25.77306406085553,46.61512367312733,39.89899676606171,102.68633372813377,57.68781131047209,51.68984370993983,52.508116146097166,47.02175346760823,55.76716161370598,40.37245305854211,23.84516088289835,46.90080570390482,640.0,617.72,173998.85999999996,180276.57999994006
Tuolumne Band of Me-Wuk Indians of the Tuolumne Rancheria of California,0.12277680226991208,0.18283158898203897,3.5527171227658383,3.2331384669086143e7,0.128,0.187,4.06,4.759e6,0.877223197730088,0.817168411017961,0.872,0.813,0.2679601832606368,0.2662029832965297,0.12873649696181697,0.14980897337342305,0.10681940376372866,0.5377345077081908,0.5377345077081908,0.30949566319423844,0.23041394216671118,0.33987450503981087,8.106234739509462,10.10649086585361,11.129933924737994,13.88081043710888,16.626862399320114,20.566362703010128,23.363245333059456,22.81238975083234,20.408125292977825,16.71348700952487,10.298646614641667,7.382245542763918,15.1162362183106,2.0935009436228347,2.1664153188146025,2.3481023535927856,2.124193728083683,2.3171458225787944,2.6348187879787415,2.5468590261418034,2.3130142137074174,2.2346472387276854,2.3544248582432488,2.5803084417688553,2.587951351442369,2.3584485071191135,114.26342172803385,82.7872883459503,70.86130793925818,43.59639529183058,27.23105111576103,10.023544712481028,4.078253156742215,3.8575627111116675,7.130133245646777,28.66678526166112,43.29329287018291,100.21998884051659,44.66741876842496,93.6295578886034,64.1131879912996,57.81815430873707,29.931768593364406,20.920225427622288,9.247705295452509,6.321304584583182,4.626016183603277,7.734454527406223,32.72671914614849,44.26635353948782,87.6977539424513,38.25276678546054,5.477777778,6.977777778,9.733333333,12.75555556,16.37777778,20.42222222,24.55555556,24.11111111,20.56666667,15.322222220000002,8.522222222,4.933333333,14.146296300000001,1.927289403,3.4679885299999995,1.656049516,1.887532193,1.482209312,3.206157271,2.452096609,1.15048299,1.226784415,2.086131454,3.1708743969999995,4.007804885,2.310116748,172.8111111,106.6,95.12222222,63.91111111,38.65555556,6.677777778,13.08888889,8.655555556,6.955555555999999,32.06666667,49.16666667,103.75555559999998,58.12222223,122.77680400000001,90.23666106,90.2227906,38.81244789,24.854381460000003,5.649287074,23.83948639,15.655519080000001,8.300468528,41.77286799,57.22575906,89.42564105,50.73100951999999,21181.64999999,20443.98,173998.85999999996,180276.57999994006
"Ramona Band of Cahuilla, California",0.114,0.152,3.46,6.72171e8,0.1,0.146,3.15,1.26963e8,0.886,0.848,0.9,0.854,0.2108483033024095,0.2108483033024095,0.08706001105523094,0.1591190166557745,0.06771170972170304,0.38471393571988594,0.38471393571988594,0.05194267830312912,0.2735431440586961,0.23999524503283798,10.23888888975,10.919444447499998,11.186111109999999,13.14722222,14.4388888875,17.972222220000003,19.072222224999997,20.461111109999997,18.0472222225,16.511111112499997,11.624999997500002,10.213888888000001,14.48611111,2.2392127605,2.189698166,3.12902121975,2.3053553860000005,2.39985538375,2.6229482109999998,2.15022364375,3.034924233,2.1461079365,2.2298594475,1.8548596637499999,2.0991802782499995,2.3667705277500004,123.91944445,118.44166664999999,84.31388889,35.92777778,17.5000000025,5.227777777500001,2.75277777775,1.2222222222499999,2.0805555555,14.216666667499998,24.797222225000002,59.46388889,40.82199074,112.775797225,112.959620925,75.95201064999999,25.9180293425,13.3435850375,8.1345944175,4.028398237,2.0002994149999997,2.89720106525,13.953679555,36.14912349,89.38245928250001,41.457899885,7.811111110999999,6.711111111,9.911111111,11.67777778,14.75555556,19.53333333,22.93333333,22.94444444,20.599999999999998,13.73333333,8.955555556,7.855555556,13.95185185,1.3023483059999998,2.888963674,3.387271928,2.060811598,2.894007218,2.188035649,2.390606618,2.112528764,2.96605799,2.222611077,4.435682335,1.3519533190000002,2.516739873,140.6333333,105.8,64.68888889,37.84444444,14.06666667,2.344444444,9.711111111,10.14444444,4.988888889000001,20.16666667,34.32222222,42.55555556,40.60555555,137.0920038,126.3408881,62.27753296,20.89516159,12.03058602,2.833333333,9.158799654,21.565777930000003,8.292533456,26.6859982,55.84117607,66.24934172,45.77192774,160.0,154.43,173998.85999999996,180276.57999994006
Shakopee Mdewakanton Sioux Community of Minnesota,0.08207927689274154,0.13099242974349617,2.9643878378233652,2.0007032373309515e6,0.049,0.087,3.24,3.888e6,0.9179207231072585,0.8690075702565039,0.951,0.913,0.6796467468836486,0.5879861899832893,0.000999094969063636,0.6531535001148611,0.6191752323113425,0.717306784900286,0.593178343387606,0.0009999999999999998,0.586161300575571,0.7085450008077256,-9.179829572390474,-7.408886349681812,1.1348011679247372,8.403341902344621,14.362715414708683,20.09953029295775,22.283014376169696,21.209743248273373,16.39785616848474,8.84934939225123,0.11269795930976877,-8.656823446842912,7.300625879513006,2.8598883086202553,2.851516251153819,2.1992763519728675,2.2298834278440487,1.395230252231935,1.7333393542395055,0.9286812749190237,1.4322511315895474,1.84848164544916,1.8055728294194546,3.5765912045192843,4.07029950131249,2.244250961225939,16.588747660061422,13.111326922519304,39.3563711949472,53.9639103115639,98.09380811830493,112.05293408082419,95.23634675802641,99.07309658008865,84.26236154757645,47.681068901046906,34.79235456543277,23.00039671231222,59.767726946176886,10.771998952300926,8.750217857452595,25.924861244278805,29.87275685931595,40.407129129044634,46.939862961192574,46.12791867021719,41.3504736682363,53.75548703933743,18.35587940574696,28.828863409036046,17.58046701587264,30.722159683750398,-8.955555556,-6.522222222,1.888888889,8.555555556,14.47777778,20.35555556,22.26666667,21.66666667,17.11111111,9.166666667,1.177777778,-6.622222222,7.880555557,2.549073906,3.111180555,2.862885103,3.133732244,2.438635775,2.342066988,1.225765067,1.78465683,1.606583677,2.8974126389999997,2.761239657,6.984407236,2.80813664,37.41111111,13.33333333,44.65555556,66.65555556,80.34444444,123.8333333,111.6111111,109.6333333,95.21111111,63.31111111,52.422222219999995,43.98888889,70.20092592,65.63340317,8.649566462999998,31.52503414,47.82538842,17.88009446,46.58229277,44.60385198,32.75297696,58.49505202,30.89621516,61.19778954,47.09648194,41.09484559,14667.448333349997,14156.730000000007,173998.85999999996,180276.57999994006
Pawnee Nation of Oklahoma,0.11704115473097829,0.17420629113864922,3.0583027176747826,800100.378363595,0.14618498391402254,0.22125169480744056,3.1419843362500144,8.110567148906778e6,0.8829588452690217,0.8257937088613507,0.8538150160859774,0.7787483051925594,0.5819520507080596,0.5160591178737061,0.004721423630910744,0.5557551497540442,0.46200955805613964,0.3509756475607116,0.29967939495812224,0.21647949002961017,0.2996911971043153,0.30502359659839334,-3.1592785295775236,-0.9421898486233093,5.543820094967744,11.127922302663894,15.988958261581693,22.657821714661807,25.212764484869925,24.310313329136314,19.71520406951093,12.269892473361086,4.09959532898335,-2.5353104405525504,11.190792769562956,2.388331610386057,2.9246869804224773,1.8012291866982315,1.7318051219646204,1.8120825866607704,1.5048940905213324,1.179614089722164,1.5750513652892828,1.9612897607003124,1.580817565886577,3.509882618193548,2.9910106726212278,2.0800579708844955,16.91311134166494,14.765140479802293,53.64842178372529,53.27844837579605,113.90405826638916,95.06874783278879,82.87963926415193,79.69079662338191,49.6944849107076,34.32308937459938,26.41558561581686,15.508579026066599,53.007508575150894,9.064664365905308,11.722546290370449,26.409118759906352,29.456671776524463,50.54660455547348,40.03851794084287,42.377999374266395,38.73176214832467,35.725197656524465,17.604853746253905,20.707635363537978,16.08572516155047,28.205941427929243,3.2555555556666667,4.955555555666667,10.933333333333334,15.811111109999999,20.21111111,25.829629629999996,28.277777776666664,28.30370370333333,23.999999999999996,16.825925926666667,10.248148150666667,3.574074074,16.01882716,2.167480880333333,2.724503491666666,1.3075229226666667,1.2983824066666667,1.0323844679999998,1.6181831973333332,1.473044822,1.6571298746666665,1.5030631786666666,1.2305785623333332,2.084679250666667,2.910918936333333,1.750655999333333,50.80740740999999,56.411111113333334,101.90000001,104.62222221333333,163.87407409999994,160.74814813333333,108.59259259999999,81.70000000333333,93.88888888333332,78.83703703666667,60.44074074,50.074074073333335,92.65802469333332,29.986394790000002,43.82995788666666,50.35319568333333,46.50902601333333,86.67694622333333,80.35836953666666,65.94426095,55.90027846333333,50.77729341333333,55.81000703333333,53.49869219666667,47.462556479999996,55.59224822333333,1932.72,1865.4599999999996,173998.85999999996,180276.57999994006
"Washoe Tribe of Nevada & California (Carson Colony, Dresslerville Colony, Woodfords Community, Stewart Community, & Washoe Ranches)",0.12045553249570004,0.18116014236023043,3.712825962729075,5.572973370906221e6,0.11999974112878743,0.19570689067848185,3.6718415504998516,3.2218564055717173e6,0.8795444675042999,0.8188398576397695,0.8800002588712126,0.8042931093215182,0.2851034943674534,0.2756590593045005,0.0012697252957680563,0.23474667989342504,0.14613774902171123,0.09032807662092156,0.0868986806157957,0.015992444088003075,0.024384093206110014,0.003868201385853939,3.083576524069552,4.428777561695526,5.889758970904182,8.942261132792801,12.433241460992217,16.105928448599226,20.39589278005349,18.80749567719844,16.017666449785988,11.099378512292315,5.27625378310603,3.072649156925584,10.462740038244648,3.3597665728608948,2.991498755357003,2.5590626773025282,2.2087856587144943,2.702210656098735,3.2056286281201354,3.0283024056687746,2.0787757482470814,2.144511040634241,2.371336658340954,3.4485190924051556,3.497932453421207,2.799694195608463,181.20986272356518,77.77353005841441,99.71246758454278,75.97338954444554,59.560186986916335,40.9761132723249,12.56563986302237,13.031528317224709,36.2223897550428,86.61496431708656,134.53771075911965,176.93430069112847,82.92600698392508,148.82697622359922,46.64419430357003,57.391087307286,59.08281435142511,30.32109395045233,27.590440704119654,12.027827420527238,15.120592455709145,33.15415695316051,67.45762183677041,90.03460182161965,129.07087563865764,59.72685691425583,-0.500559642851726,1.9979626488075835,2.175501478092247,6.357938753756084,9.797038295990378,15.091303530090551,20.52354901589134,19.145783810684776,13.718675723537071,9.552424070643465,2.369905048974533,-0.46279947156762874,8.313893605250708,1.744129695695529,3.0076668584816075,2.5337027186932657,2.8406855543842675,2.6478524124533105,3.323404840136955,2.863780108186757,2.0707775678053197,1.9636758441148838,1.861088796451613,2.2473651315574426,2.5972838662093944,2.475117782827957,135.37116891929827,85.95847323775892,52.55366283075835,41.488190908556874,26.859781173718165,13.939872981284664,15.286480539377477,12.271049485942278,10.562711436622525,29.248965600181094,35.92903226058856,103.34477142124504,46.90118006348614,103.89780925488398,60.83800303636106,43.319966905149975,27.406758587487264,20.26426330830787,16.94331397126769,15.49893210409734,13.379561519895303,12.439786734221844,37.182799541607245,23.495032924934918,100.85318377594794,39.62661763820034,2398.12999999,2314.6500000000005,173998.85999999996,180276.57999994006
Confederated Tribes of the Umatilla Indian Reservation,0.1220524900724275,0.17878927153203933,3.152104724085437,3.1987042619136637e6,0.132024246659284,0.19304041109880668,3.1906465775809063,5.460324284286797e6,0.8779475099275725,0.8212107284679606,0.867975753340716,0.8069595889011933,0.22604195369327368,0.22604195369327368,0.029345308151599615,0.11902289497769392,0.03719372243453943,0.3276315351426433,0.32321384186426205,0.005686861318583142,0.23271657156044115,0.15651755704478007,-0.478661616323864,2.7481691918380684,4.487878788062501,8.642140151437504,11.84965277786932,16.63989899144887,20.244917928522728,20.793023988352275,15.84434974948864,11.847411616789778,3.9978851011022734,2.549116161721591,9.930481902687502,2.5601152021534097,3.422638274207387,2.8894214271420458,3.094329410923296,2.9752452672698873,3.1853229229147733,2.9372189066505685,2.3706232873125006,3.0213339652897737,3.703134783400569,3.564394921727273,3.9020192439943178,3.135483134454546,115.41319443437503,87.83611111011366,83.35363004599434,46.131502525056824,40.89864267880682,18.824210857215906,6.512373737551139,4.428061868735797,10.911300504343751,35.33547979860796,48.95012626201704,95.2976325789489,49.49102219877841,102.61599952670457,117.39820433443182,91.70759187724434,36.536357477784094,25.171914802130694,15.295823016534097,6.067099184534094,6.417180344480116,13.833888299707391,40.41856381269887,46.24136581275569,95.80385379400572,49.792320191022725,-0.961111111,2.72777777775,3.97222222225,8.955555555750001,11.3333333325,15.166666665,20.88888889,18.6638888875,14.5583333325,8.886111112250001,1.661111111,-2.4555555554999997,8.61643518425,3.0699816172500003,2.985573897,1.7471426407500004,3.4712406869999994,1.485781379,2.14054938925,2.11262945325,1.6186336554999998,2.3997392865,2.46301746025,2.58813179075,3.13888262125,2.4351086564999997,62.230555555,33.8111111125,53.16111110999999,38.633333334999996,63.719444445,40.5472222225,20.963888890000003,11.886111110999998,31.166666667499996,43.888888890000004,55.280555555,82.2111111075,44.7916666675,54.5773524525,23.762805972499997,27.5767132475,22.524875204999997,22.472365265,20.31524407,24.106451300000003,11.036947447750002,21.6662136975,17.72316802525,34.940557725,89.55240101250001,30.854591287500003,1337.46,1290.8600000000001,173998.85999999996,180276.57999994006
"Grand Traverse Band of Ottawa and Chippewa Indians, Michigan",0.10492852748135763,0.19712951733749842,3.134396822376029,1.4838128628243108e6,0.091,0.095,6.96,2.32e6,0.8950714725186424,0.8028704826625016,0.909,0.905,0.43070823539366787,0.4052773502494078,0.0009999999999999996,0.222377759190418,0.3282079265958238,0.25789386336067727,0.24160597605904527,0.001,0.16259324614054718,0.25268525697318245,-10.103703703082353,-8.88662309349412,-0.523485838937255,6.808235294003923,13.154466230470593,18.22732026482353,20.920087147490197,19.782745096196077,14.691503267921568,7.679302832211766,-0.2616993462666667,-9.156601307215688,6.027628903415688,2.334671710909804,2.8512240243647056,2.48689087054902,2.1111125140549025,1.3646661212235298,1.7134400980235296,1.0982229414901963,1.4454521880705886,1.794491221619608,1.9042781024196083,2.8010316028196085,3.980209808305882,2.1571409337843135,21.204575162352942,15.568627450000001,37.48627451117648,51.28431372764707,78.85211329309806,123.71455339568628,97.3633986947059,116.53529411176473,111.82174293078434,71.53071895411766,48.898692810000014,27.59673203058824,66.82141975666669,11.867106797647061,6.817666885588237,19.271096357647064,18.744464043529412,22.63734074231373,36.75623242301962,40.62764900705882,46.068413780000014,60.92510031850982,30.838164581176475,31.66454291882354,18.239315346470594,28.70475776545098,-6.96667,-7.51111,-0.65556,4.36667,12.23333,17.22222,19.9,19.63333,14.86667,8.57778,2.21111,-5.28889,6.54907,2.74388,2.57226,2.19905,4.1644,1.22656,2.05252,1.37921,1.32162,1.83666,1.52153,2.39372,4.01122,2.28522,50.73333,33.53333,38.51111,58.06667,71.47778,94.66667,85.84444,78.31111,96.12222,69.77778,80.42222,63.7,68.43056,12.52136,17.89792,17.81588,22.62339,18.97968,54.60191,16.71055,16.507,24.53686,26.511,34.27979,21.29136,23.68972,1120.0,1080.98,173998.85999999996,180276.57999994006
Shoalwater Bay Indian Tribe of the Shoalwater Bay Indian Reservation,0.104,0.154,3.3100000000000005,2.716e7,0.166,0.27,4.87,2.909e6,0.896,0.846,0.834,0.73,0.7256437938724734,0.6549306916566568,0.0010000000000000002,0.577088709879009,0.6908564430369797,0.20617756487886899,0.18796923099339619,0.001,0.13322610810689248,0.16570839547069557,6.2729729725855865,9.422222222000002,9.63603603468919,12.576576575810812,15.188888890000001,20.643843845675676,24.12222222,21.42777778,20.957507508243243,15.550300302162162,8.722222222,6.6000000000000005,14.260047544324323,3.3786483513693697,1.438556375,3.550658589581081,2.719147407608108,3.5621076779999994,3.8636941330135133,3.147132734,1.802947403,2.5443006193378377,2.2117442374459464,2.6508384419999995,3.03891428,2.8257241876261268,131.12102103963966,122.87537540135133,109.3555556,63.255555560000005,46.75555556,13.86666667,2.8333333329999997,3.3700200201486488,8.746246244972973,43.82532532792793,62.76666666999999,194.27777779999997,66.92075827013512,104.29270553378379,106.54965027635136,71.02228719,43.40282569,27.29634184,10.60459806,4.107919181,7.389311623094594,12.342967944594594,40.04529947729729,62.685943400000006,190.565217,56.69208893563063,6.28889,6.45556,7.43333,8.97778,11.36667,13.55556,15.71111,15.5,14.54444,11.3556,6.92222,5.92222,10.33611,1.48357,1.33592,1.25875,0.55533,0.91409,0.78756,0.69032,0.81921,1.16057,0.93821,1.64234,1.3571,1.07858,306.8444,202.7778,189.9778,154.1778,100.8111,80.85556,27.72222,41.82222,72.5,230.8778,318.5111,284.0556,167.57778,135.96386,81.46624,20.07059,53.48896,46.2322,37.71404,15.03904,14.76503,27.17213,70.67655,109.22943,113.02838,60.40387,480.0,463.27,173998.85999999996,180276.57999994006
"Sault Ste. Marie Tribe of Chippewa Indians, Michigan",0.10492852748135763,0.19712951733749842,3.134396822376029,1.4838128628243108e6,0.162,0.208,2.99,3.1e6,0.8950714725186424,0.8028704826625016,0.838,0.792,0.43070823539366787,0.4052773502494078,0.0009999999999999996,0.222377759190418,0.3282079265958238,0.3759572959231426,0.3710199072982709,0.001,0.23574053768295786,0.3020265993972115,-10.103703703082353,-8.88662309349412,-0.523485838937255,6.808235294003923,13.154466230470593,18.22732026482353,20.920087147490197,19.782745096196077,14.691503267921568,7.679302832211766,-0.2616993462666667,-9.156601307215688,6.027628903415688,2.334671710909804,2.8512240243647056,2.48689087054902,2.1111125140549025,1.3646661212235298,1.7134400980235296,1.0982229414901963,1.4454521880705886,1.794491221619608,1.9042781024196083,2.8010316028196085,3.980209808305882,2.1571409337843135,21.204575162352942,15.568627450000001,37.48627451117648,51.28431372764707,78.85211329309806,123.71455339568628,97.3633986947059,116.53529411176473,111.82174293078434,71.53071895411766,48.898692810000014,27.59673203058824,66.82141975666669,11.867106797647061,6.817666885588237,19.271096357647064,18.744464043529412,22.63734074231373,36.75623242301962,40.62764900705882,46.068413780000014,60.92510031850982,30.838164581176475,31.66454291882354,18.239315346470594,28.70475776545098,-8.12222,-9.08889,-2.2,4.53333,10.85556,15.26667,18.66667,18.65556,13.88889,7.44444,1.65556,-6.24444,5.44259,2.59648,3.08561,2.62213,1.84992,1.3175,1.83787,1.48099,0.91179,1.88116,1.73789,2.27015,3.57153,2.09692,63.37778,36.57778,39.41111,62.01111,61.14444,98.53333,64.15556,77.66667,108.62222,83.32222,76.85556,68.22222,69.99167,20.87618,19.03423,21.91572,32.93423,24.43523,48.17309,25.21213,27.50531,41.92872,35.90527,22.54896,31.56559,29.33622,1120.0,1080.98,173998.85999999996,180276.57999994006
