Tribe,Food_Insecurity_Rate_2018_H,Child_Food_Insecurity_Rate_2018_H,Cost_Per_Meal_2018_H,Weighted_Annual_Food_Budget_Shortfall_2018_H,Food_Insecurity_Rate_2018_P,Child_Food_Insecurity_Rate_2018_P,Cost_Per_Meal_2018_P,Weighted_Annual_Food_Budget_Shortfall_2018_P,Food_Security_Rate_2018_H,Child_Food_Security_Rate_2018_H,Food_Security_Rate_2018_P,Child_Food_Security_Rate_2018_P,nccpi3all_H,nccpi3sg_H,nccpi3cot_H,nccpi3soy_H,nccpi3corn_H,nccpi3all_P,nccpi3sg_P,nccpi3cot_P,nccpi3soy_P,nccpi3corn_P,temp_mean_1_H,temp_mean_2_H,temp_mean_3_H,temp_mean_4_H,temp_mean_5_H,temp_mean_6_H,temp_mean_7_H,temp_mean_8_H,temp_mean_9_H,temp_mean_10_H,temp_mean_11_H,temp_mean_12_H,temp_mean_ann_H,temp_std_1_H,temp_std_2_H,temp_std_3_H,temp_std_4_H,temp_std_5_H,temp_std_6_H,temp_std_7_H,temp_std_8_H,temp_std_9_H,temp_std_10_H,temp_std_11_H,temp_std_12_H,temp_std_ann_H,precip_mean_1_H,precip_mean_2_H,precip_mean_3_H,precip_mean_4_H,precip_mean_5_H,precip_mean_6_H,precip_mean_7_H,precip_mean_8_H,precip_mean_9_H,precip_mean_10_H,precip_mean_11_H,precip_mean_12_H,precip_mean_ann_H,precip_std_1_H,precip_std_2_H,precip_std_3_H,precip_std_4_H,precip_std_5_H,precip_std_6_H,precip_std_7_H,precip_std_8_H,precip_std_9_H,precip_std_10_H,precip_std_11_H,precip_std_12_H,precip_std_ann_H,temp_mean_1_P,temp_mean_2_P,temp_mean_3_P,temp_mean_4_P,temp_mean_5_P,temp_mean_6_P,temp_mean_7_P,temp_mean_8_P,temp_mean_9_P,temp_mean_10_P,temp_mean_11_P,temp_mean_12_P,temp_mean_ann_P,temp_std_1_P,temp_std_2_P,temp_std_3_P,temp_std_4_P,temp_std_5_P,temp_std_6_P,temp_std_7_P,temp_std_8_P,temp_std_9_P,temp_std_10_P,temp_std_11_P,temp_std_12_P,temp_std_ann_P,precip_mean_1_P,precip_mean_2_P,precip_mean_3_P,precip_mean_4_P,precip_mean_5_P,precip_mean_6_P,precip_mean_7_P,precip_mean_8_P,precip_mean_9_P,precip_mean_10_P,precip_mean_11_P,precip_mean_12_P,precip_mean_ann_P,precip_std_1_P,precip_std_2_P,precip_std_3_P,precip_std_4_P,precip_std_5_P,precip_std_6_P,precip_std_7_P,precip_std_8_P,precip_std_9_P,precip_std_10_P,precip_std_11_P,precip_std_12_P,precip_std_ann_P,Acres,Endow_Raised_Parcel,Total_Endow,Total_Acres
Chicken Ranch Rancheria of Me-Wuk Indians of California,0.14649084410978283,0.22072406730778485,3.2282924050401403,6.684719432061574e7,0.128,0.187,4.06,4.759e6,0.8535091558902171,0.7792759326922152,0.872,0.813,0.17623895404050374,0.17074319929290876,0.1281972955474232,0.05728309750147633,0.018323263330088244,0.2568077926642313,0.2568077926642313,0.06874782953009664,0.134914952741341,0.1594615752843868,8.92215775398196,11.00435525257416,12.793907432700664,15.879291783151638,19.07744746014948,23.656060002285475,26.08245071851947,25.652704336576043,22.8244666438084,18.659647617858536,11.553319110705742,8.357982081888608,17.03864918269884,1.5569115325683078,2.0017577010561616,2.16222212939717,2.292384541237941,2.149656697264263,2.3828457015523328,2.4055081381349988,2.148475483832211,2.4038674875833776,1.8434149325101636,2.4554748298179776,2.0253863502515195,2.152325460474929,78.75766838338538,56.79896983957216,54.37859127196547,31.30423163452019,16.45060015061486,3.366287168822098,1.3384927756263243,0.40024524459701977,3.2247889831997747,14.377533196579678,23.931728277898607,52.960931665281606,28.107505716056885,53.03533529452789,46.572152578509815,44.03997531388786,22.29560818839268,14.89586048586215,5.585419404447288,3.421829794323291,0.8549942909671592,4.31259203599628,18.34675397773292,28.625776751861967,50.096013345817546,24.34019262218618,4.177777778,8.288888889,7.355555556,11.63333333,15.2,19.6,24.21111111,22.96666667,18.15555556,15.24444444,7.155555556,4.588888889,13.21481481,4.248757988,2.190573238,5.430034786,4.92138192,4.55329551,4.7138095,5.032257059,4.097865298,5.343245996,2.533333333,5.556102751,4.606637723,4.435607925,166.4666667,106.6,102.9555556,61.51111111,39.21111111,8.322222222,9.833333333,9.177777778,6.877777778,34.37777778,51.77777778,99.72222222,58.06944445,130.7217943,90.23666106,84.01105747,41.2438615,23.23114528,7.971790542,22.60945599,23.98983002,7.897432776,40.529211,55.91490807,93.40588549,51.81358612,39594.68000000001,35734.24000000012,271872.50000000064,301243.35000006
"Morongo Band of Mission Indians, California",0.10738403984496223,0.1514807476527993,3.2343683018738,3.0679865233249515e8,0.1,0.146,3.15,1.26963e8,0.8926159601550377,0.8485192523472007,0.9,0.854,0.20613442540933527,0.20613442540933527,0.06118771074554379,0.10262817338449547,0.061845833026767584,0.21381640763785453,0.21381640763785453,0.03561679659212874,0.06542398667425059,0.06108523246624451,10.45734269474438,11.29155364007181,12.211430243446625,13.59544173051221,14.82338173514601,18.13579065024893,19.73529067617999,21.35661932862136,18.946290091086645,17.004781659818097,12.595766182618476,10.576596989586886,15.060857135035908,1.7646645246328392,2.3973671347534706,2.3141050659573965,1.7721608145418863,2.3311795882618482,2.988347147340833,3.145709084173768,3.1728981496993773,2.027994132124462,1.9354576967391102,2.055021645624222,2.0002819809013888,2.3254322471972233,95.1559810608808,118.68764959856395,75.17951704722834,28.95290676068453,16.433487580215413,2.8729748417884142,3.1972767404710387,3.0763523217640034,4.469666507076114,18.168299556400193,24.498239455146013,52.03125897584968,36.89363420381043,93.24621462399712,118.20354684388226,73.75963522376736,23.124728441191962,14.534387923524179,4.7194928952867405,5.88393179512877,4.632169482404023,7.658422712694592,21.24335840428435,34.568316151182394,71.65036930865966,39.43538115114887,6.3944444439999995,6.4444444445,7.288888889000001,10.0888888905,13.105555555,17.294444445,21.672222225,21.333333335,17.88333333,14.405555555,8.7666666665,6.594444444500001,12.606018515,1.2815093290000001,1.2667449815,1.8150614505,1.899541301,2.3843083065,1.6335268455,2.1367565304999996,2.6734370435,1.3546047855,2.38982291,1.8147102625,1.4045884855,1.8378843525,152.90555559999999,123.8277778,75.183333335,39.722222224999996,16.98888889,3.3722222224999996,21.07777778,8.455555555499998,9.105555557,21.916666669999998,33.055555555,38.944444445,45.379629635,149.79689230000002,140.57970685,74.87986280499999,25.924536225,14.217892769999999,4.1398926255,31.678735219999997,11.7264938155,11.845667179999998,29.448482025,62.278660275,70.41149692,52.24402658,4988.87000001,4502.470000000001,271872.50000000064,301243.35000006
"Dry Creek Rancheria Band of Pomo Indians, California",0.1036104679669343,0.14098656812193353,3.8578462234564634,2.3525918397829648e7,0.09,0.118,4.0,3.0681999999999996e7,0.8963895320330657,0.8590134318780664,0.91,0.882,0.39395790753372956,0.3932780325513505,0.1812751991883092,0.1139075470798968,0.18671168856034231,0.1753533463299719,0.17271252871728737,0.0875691808561863,0.044849947050144286,0.11928395921103614,7.787740858812923,10.07176452810013,11.2563445104456,14.127006523199812,16.930081422462447,19.847291760805632,22.915263235698667,21.78785718050067,19.759692509021384,17.378308805557563,10.789915540673643,7.984387801485204,15.05297122360946,2.34489342172872,2.1946838051811546,2.417022695829766,2.089352826116067,1.776236114472006,3.4071458713281726,2.765079545625852,3.435690733946744,2.6649848169799717,2.066170394166134,2.2962798808042773,2.0642382735625846,2.460148198381884,157.04398420798813,111.62219188584426,92.11064077276282,35.373337379217084,28.952414908575314,7.539230263715519,3.5891721041010443,3.4967430335607617,7.650209882242599,28.76724321088301,41.46555909584889,117.69919082549833,52.94249313065086,160.70489684654524,101.19513991447424,76.86047789361399,25.451240300700942,26.839225185402814,12.012366982135175,5.939866919516156,8.12178171977651,10.551139327970867,32.37051065618569,38.83358847717793,124.22910977950377,51.9257786654119,8.433333333,9.111111111,10.9,12.57777778,15.000000000000002,19.5,20.78888889,20.48888889,19.28888889,15.8,10.68888889,7.977777778000001,14.21296296,1.321930407,3.535337482,1.218605761,2.121189394,1.691153453,1.65,1.090234429,0.957136934,1.254436571,2.359025222,1.353185542,1.552238527,1.67537281,237.5777778,151.0666667,137.5666667,59.18888889000001,36.81111111,12.91111111,5.0,6.622222222,8.044444444,38.16666667,57.27777778,181.8444444,77.67314815,201.9105729,116.7436187,126.192264,41.8132588,27.11357798,14.34611833,9.686072475,15.81990659,10.78947532,41.13505196,42.94091225,129.8782229,64.86408768,2685.95,2424.050000000001,271872.50000000064,301243.35000006
Redwood Valley or Little River Band of Pomo Indians of the Redwood Valley Rancheria California,0.1036104679669343,0.14098656812193353,3.8578462234564634,2.3525918397829648e7,0.135,0.194,3.53,7.022e6,0.8963895320330657,0.8590134318780664,0.865,0.806,0.39395790753372956,0.3932780325513505,0.1812751991883092,0.1139075470798968,0.18671168856034231,0.4403854479056433,0.44036600254410907,0.21458995852631582,0.23586463244851372,0.2927970301346382,7.787740858812923,10.07176452810013,11.2563445104456,14.127006523199812,16.930081422462447,19.847291760805632,22.915263235698667,21.78785718050067,19.759692509021384,17.378308805557563,10.789915540673643,7.984387801485204,15.05297122360946,2.34489342172872,2.1946838051811546,2.417022695829766,2.089352826116067,1.776236114472006,3.4071458713281726,2.765079545625852,3.435690733946744,2.6649848169799717,2.066170394166134,2.2962798808042773,2.0642382735625846,2.460148198381884,157.04398420798813,111.62219188584426,92.11064077276282,35.373337379217084,28.952414908575314,7.539230263715519,3.5891721041010443,3.4967430335607617,7.650209882242599,28.76724321088301,41.46555909584889,117.69919082549833,52.94249313065086,160.70489684654524,101.19513991447424,76.86047789361399,25.451240300700942,26.839225185402814,12.012366982135175,5.939866919516156,8.12178171977651,10.551139327970867,32.37051065618569,38.83358847717793,124.22910977950377,51.9257786654119,7.933333333,8.677777778,9.655555556,11.64444444,14.5,18.34444444,20.544444440000003,20.57777778,18.58888889,14.78888889,9.6,7.633333333,13.540740740000002,1.393735986,3.097490023,2.13548069,1.387543793,1.70513929,2.78438104,0.719567771,2.6413906270000003,1.90292173,1.923177348,1.523975065,1.68597153,1.908397908,215.8,143.5555556,138.7444444,64.95555556,49.66666667,19.38888889,9.411111111,5.366666667,12.37777778,48.14444444,70.59999999999998,211.6444444,82.47129629,174.60551970000003,111.0239514,140.4865306,45.4295364,37.89930738,20.93504505,18.884282120000005,9.853933225,17.36381135,44.75301976,57.33319283,185.5163814,72.0070426,2685.95,2424.050000000001,271872.50000000064,301243.35000006
"Soboba Band of Luiseno Indians, California",0.10738403984496223,0.1514807476527993,3.2343683018738,3.0679865233249515e8,0.1,0.146,3.15,1.2696299999999999e8,0.8926159601550377,0.8485192523472007,0.9,0.854,0.20613442540933527,0.20613442540933527,0.06118771074554379,0.10262817338449547,0.061845833026767584,0.2301737465323704,0.20476498913406158,0.17300630271392772,0.13785809877739427,0.0634504086991562,10.45734269474438,11.29155364007181,12.211430243446625,13.59544173051221,14.82338173514601,18.13579065024893,19.73529067617999,21.35661932862136,18.946290091086645,17.004781659818097,12.595766182618476,10.576596989586886,15.060857135035908,1.7646645246328392,2.3973671347534706,2.3141050659573965,1.7721608145418863,2.3311795882618482,2.988347147340833,3.145709084173768,3.1728981496993773,2.027994132124462,1.9354576967391102,2.055021645624222,2.0002819809013888,2.3254322471972233,95.1559810608808,118.68764959856395,75.17951704722834,28.95290676068453,16.433487580215413,2.8729748417884142,3.1972767404710387,3.0763523217640034,4.469666507076114,18.168299556400193,24.498239455146013,52.03125897584968,36.89363420381043,93.24621462399712,118.20354684388226,73.75963522376736,23.124728441191962,14.534387923524179,4.7194928952867405,5.88393179512877,4.632169482404023,7.658422712694592,21.24335840428435,34.568316151182394,71.65036930865966,39.43538115114887,6.255555556000001,6.011111111,7.822222222000001,9.611111111,12.56666667,17.82222222,22.55555556,20.75555556,18.48888889,13.633333329999997,8.955555556,6.344444444,12.568518519999998,2.013151206,4.925049351,1.6192419349999998,3.1986108100000004,3.1957002360000004,2.255425557,1.785434899,3.35227949,1.941291094,3.715508041,2.566179607,2.87319992,2.786756012,139.4555556,106.4666667,72.33333333,40.76666667,16.23333333,3.822222222,22.84444444,12.97777778,6.0,20.35555556,28.54444444,36.0,42.15000001,138.2598289,125.78024490000001,59.69872277,21.46066169,15.464879570000003,4.820989986,32.87567912,21.12213163,8.959492173,26.50094862,56.97745412,66.07894899,48.16666521,4988.87000001,4502.470000000001,271872.50000000064,301243.35000006
"Minnesota Chippewa Tribe, Minnesota (Leech Lake Band)",0.09280776989480621,0.1608475017269852,3.0490578014365273,2.061093154704508e6,0.11101924624786695,0.2023349899336315,3.0734660545446473,2.0462971160739497e6,0.9071922301051938,0.8391524982730147,0.888980753752133,0.7976650100663685,0.4834297101120773,0.437806577262006,0.0011411726751141148,0.370196804673249,0.43210361563053495,0.4418278154583395,0.41870544742507376,0.000999982210788848,0.3116068499694932,0.36699695299526924,-10.902175969504603,-9.425316552933683,-0.42216679564797455,7.129621666028469,13.345958161334826,18.459840601980716,21.06784973746451,19.99448314724862,14.847883757041348,7.752704910973002,-0.7851791329154548,-9.994760280707567,5.922395270983737,2.6558797692501024,2.575459051814313,2.554140221496515,2.269156669161863,1.3583268718813104,1.8960660298685823,0.9287213563260509,1.393193796970412,1.893308845340843,1.9913679791626384,3.2441696737713057,4.1682816237552185,2.244005990647972,21.078750608586052,15.925812523864284,39.060482785690176,44.066875950192646,82.20493774175533,117.81694045859469,99.7189969816195,102.1711810653994,86.35561002717556,62.80490142815341,43.09189338938933,25.54422560463919,61.65338404783436,13.209566530173735,6.787700665248474,23.07039155759945,19.854386811362332,39.29679427069062,40.99314310291389,37.22015816574267,40.8721603151518,42.94759185244084,24.4598765237516,32.26933014462715,17.254679838204517,28.186314981425113,-12.030158728571427,-9.344444443571426,-0.3507936508571428,6.1460317459999985,12.887301587142854,18.255555555714285,20.371428571428567,19.66507936571428,15.055555555714283,6.985714285714283,-0.9142857142857139,-10.347619047714284,5.531613756999999,2.6246656589999993,3.956737953999999,4.678823400285713,2.3482650485714283,1.398682727142857,2.7852073924285707,0.8661011159999997,2.0922188051428563,3.5560599309999996,1.9463187685714285,5.040366559142856,5.850744431142856,3.0953493161428565,24.807936507142855,15.374603174285712,32.50634920571428,38.530158731428564,76.28095238142855,103.09682537142855,107.71111112285713,94.17142856999996,75.67301587285712,64.60476190428571,52.41269841142856,26.84761904714285,59.33478835857142,19.104469444285712,5.492642019999998,15.16250371428571,29.341785517142853,49.23969661999999,34.28940501571428,65.11939853714286,44.005712215714276,34.122292229999985,27.620300549999996,34.64889197714285,16.59434525714285,31.22845359142856,21614.520000000008,19507.160000000018,271872.50000000064,301243.35000006
Flandreau Santee Sioux Tribe of South Dakota,0.08378006019524369,0.13083600320902447,3.0117451651555713,965151.3338821447,0.107,0.17,3.11,369000.0,0.9162199398047564,0.8691639967909756,0.893,0.83,0.7481471196672874,0.6540660717667265,0.000999999999999994,0.7341694624277112,0.7184319101698796,0.6215867611308554,0.5385886535724088,0.001070406582138625,0.5927764869812757,0.5892292125376664,-7.636288910581817,-5.737469995295184,2.338929319563122,9.075308005286402,14.831862548603546,20.820448365681663,22.79821977642598,21.747933579296966,17.17734864002406,9.667277265466742,1.03794370267578,-7.272922277625367,8.237382501673375,2.7690438369408645,3.006218043359587,1.9228015986145783,2.0526466502802703,1.4913467942660632,1.5913848891656661,0.9484899092881222,1.380480545378432,1.834904485776864,1.6414194210787914,3.5771404031899636,3.9447475037962856,2.1800520067310805,14.511403358596079,12.118331326866091,42.621623721048735,64.94466919985005,103.78780012249914,120.11798623229642,93.86647629377767,102.49794600033938,86.09838086369557,45.08991398184523,31.615430507358887,21.84407133544325,61.592836078867194,8.583285632591624,11.167490486839284,25.992342860657295,37.99849704472471,37.674564616616905,62.08378878934576,55.02236028963793,47.07204870009345,50.68224866507423,17.619814789276237,28.160053700504925,18.87648073771287,33.411081358873496,-7.6,-6.1,1.377777778,9.3,14.74444444,20.26666667,23.56666667,21.7,16.02222222,9.7,0.955555556,-8.155555556,7.981481482,4.288647806,3.474550331,2.826118264,2.636759375,1.682342943,1.78605711,2.294558781,1.523154621,2.019144483,2.092247595,4.796642344,4.448907481,2.822427595,12.28888889,37.55555556,46.73333333,58.21111111,98.76666667,130.4222222,89.76666667,97.28888889,96.56666667,56.14444444,36.15555556,38.55555556,66.53796296,9.932326571,82.3413795,45.06656188,30.930908669999997,41.1949026,63.74536802,36.47821268,41.42050955,67.67680548,48.38830208,31.08758237,52.37766965,45.88671075,37373.06,33729.22000000014,271872.50000000064,301243.35000006
Robinson Rancheria,0.10945860327202339,0.15191323464519718,3.7604969979335294,2.0022563201953318e7,0.157,0.231,3.9200000000000004,6.666e6,0.8905413967279766,0.8480867653548028,0.843,0.769,0.38198410109040787,0.38102756379176467,0.18295963060156512,0.16650736065512842,0.19006738488541175,0.4887370136414907,0.4887370136414907,0.15069343763102852,0.27039525671129266,0.26106455988035304,8.043756450002618,10.181207165832106,11.263835304573954,14.029888068097181,16.899780369676122,20.06546267592999,22.80796750427484,21.88444603351751,20.08801566466302,17.230441110423925,10.646077107951188,7.781638485352228,15.076876328421056,2.2087356324670155,2.0968983262622065,2.462725218382949,2.07059491245249,2.08464282791379,3.449382851996905,2.928466798222912,3.4230705916532522,2.759678220834009,2.466902887820195,2.5648841640914526,2.2272813947208867,2.5619386522691125,152.2898256125817,111.88316002349374,92.62942499763038,38.45594189092643,31.360718160178603,6.96623270112646,4.878299066467733,3.514791881783044,8.619279722786619,28.999277606258655,45.195551851445565,115.53742160857345,53.36082709356038,147.47032707876886,98.3438949123482,82.19297055101926,28.166790898580622,27.144029603934268,10.464303794198148,8.362466557651826,8.107863088725647,11.3009888373951,32.22634370785427,41.769725514112885,113.87723386202192,50.785578200033335,6.500000000000001,6.688888889,7.922222222,9.722222222,12.4,17.66666667,19.55555556,18.87777778,17.05555556,13.15555556,8.077777778,6.0,11.96851852,1.320984481,3.6491247049999997,1.419311257,1.949857545,1.548386257,3.320391543,0.789162707,0.766122996,1.202197063,2.174345368,1.536861882,1.615549442,1.774357937,237.88888890000004,145.7777778,148.3111111,69.4,56.58888889,20.8,5.255555556,10.97777778,18.78888889,45.81111111,72.76666667,204.6111111,86.41481482,194.383657,115.6938177,124.76985260000001,45.25403297,37.49798143,23.91584203,11.21674096,19.53425055,16.30869741,43.2073907,59.441778240000005,129.0186173,68.35355491,6843.840000000001,6176.550000000001,271872.50000000064,301243.35000006
Modoc Nation,0.149,0.209,3.2899999999999996,651000.0,0.17,0.264,2.98,2.716e6,0.851,0.791,0.83,0.736,0.11808943647455751,0.10860289881959388,0.001,0.09224936940765886,0.051691876381145724,0.5368959758673228,0.4327020223337402,0.4706908550266219,0.40546659575021926,0.5257873438610511,2.7055555557499997,6.833333333000001,6.966666667000001,10.04444444,12.016666665,19.194444447500004,21.244444445,21.6638888875,16.54444444,13.961111110000001,5.038888889000001,2.644444444,11.57152778,3.9935860107500005,2.410394159,3.8787884709999996,2.360143593,4.8648820115,2.2400279857500003,3.262053979,2.61635263775,3.883333333,2.6745436505,2.6593353635,5.156576168,3.33333478,113.80000000000001,103.8111111,90.16666667,64.42222222000001,48.8999999975,16.93333333,9.3222222205,2.0,12.21111111,41.105555555,72.9444444425,96.788888885,56.0337962925,125.5657995,123.8761991,53.25098591,55.289420385,34.4135455275,17.75035211,14.552156475,2.649056436,11.35654486,38.727588125000004,65.26772439,135.3403907,56.5033136275,2.366666667,4.044444444,10.13333333,14.76666667,19.06666667,24.65555556,27.03333333,26.93333333,22.76666667,15.622222220000001,9.455555556,2.644444444,14.95740741,2.752271789,2.831126592,1.393735986,1.220655562,0.916515139,1.460403293,1.533786165,1.503329638,1.607793519,1.170232645,2.295163998,3.22765825,1.826056048,70.84444444,67.93333333,110.95555559999998,99.27777777999998,181.76666670000003,125.4333333,85.38888889,83.27777777999998,101.5,81.12222222,91.97777778,75.38888889,97.90555556,45.5720888,47.984841360000004,54.46395852,41.91061255,82.35030358,47.23314514,55.21570077,62.81589723,51.08125879,60.68959503,80.40044741,74.14164559,58.6549579,160.0,144.4,271872.50000000064,301243.35000006
"Shoshone-Paiute Tribes of the Duck Valley Reservation, Nevada",0.11262095569648145,0.1343480790576381,3.034238802132399,2.36550824461374e7,0.11710919903984733,0.17151605868233047,3.314775178447373,1.9057136008471337e6,0.8873790443035185,0.8656519209423619,0.8828908009601527,0.8284839413176696,0.28640841093811914,0.2772803701208635,0.001364516575211777,0.23367106895858952,0.08517913256537608,0.1153522550083994,0.10965187900846689,0.001909624041894278,0.06582956514998332,0.03374937696730447,-1.2540092694510883,0.10468397545551875,3.5942660268552924,7.821336286527122,12.156211803927638,16.93318157574381,21.72243140070504,20.188146507714993,16.030757557283113,10.004757803668133,2.6713834546363944,-1.8270046347098532,9.012178540682159,3.2496895000749304,4.015369621355847,3.294967224750459,3.0670977488501263,3.5269736144843074,3.4295562496932406,3.0860018021572513,3.1267080943909162,3.390569384053152,2.8330737285585057,3.6978669147810934,3.1347664542185267,3.3210533614839384,48.64325498956067,40.06053074161677,54.09862597971569,42.84786514050566,61.735740945983736,32.384619170806175,33.61500758754001,26.210750174374294,29.00310897792242,31.900159960125464,43.13401008977108,50.11471227572531,41.145698835308174,39.55520640628271,27.868310186105532,30.64407688619782,23.67180494961238,33.16108595800512,20.31646189114505,31.738644631715726,24.794660560226625,19.67377385753153,22.55160316070872,37.42863208702469,41.95300172310075,29.446438524857847,-1.9777777777499999,0.5055555554999999,2.5555555555000002,7.49999999975,10.5638888875,15.4027777775,20.13611111,18.838888889999996,14.255555554999999,8.05555555525,1.02777777775,-3.5916666667499997,7.772685185,3.3851167967499998,5.3590630405,2.9502163805,3.39488905925,3.112886586,3.4846335235000003,1.8407405275,2.681721885,2.88078728775,2.7470276114999996,3.3712369825,3.8285571297499996,3.2530730675000004,41.708333332500004,33.1027777775,35.5194444425,31.547222222499997,43.583333335,22.391666667499997,20.4583333325,12.241666663499998,15.5666666675,28.966666665,30.233333335,52.85277777750001,30.68101852,24.898607117500003,22.483980800000005,17.235456442500002,15.876663590000001,22.7310071975,15.8779411025,25.809017839999996,18.60600371675,17.167607139999998,21.638040765,14.955100932499999,44.686319335,21.830478829999997,5915.92000001,5339.120000000001,271872.50000000064,301243.35000006
"Lovelock Paiute Tribe of the Lovelock Indian Colony, Nevada",0.10671163645088495,0.15046052473980195,3.2182265348440806,1.9405454204295182e6,0.12200000000000001,0.20900000000000002,3.3999999999999995,467000.0,0.893288363549115,0.849539475260198,0.878,0.7909999999999999,0.0927830765495786,0.09232821979022744,0.0009999999999999998,0.04957642955309161,0.011537647058846724,0.08221981568189668,0.03070842206386103,0.05251139361803565,0.017759955870638767,0.001,6.08925373134627,10.34381426385075,11.043582089770153,13.025439469492541,16.414792700776122,21.502089550388064,23.0028855718209,23.90311774540299,20.31993366498508,17.15472637143284,10.228888891540299,6.6609286899373155,14.974121061194035,4.630304346089552,1.7323440277402993,1.7875225345194035,3.871870796758211,3.088072982961195,1.8317533828716424,3.1649291816388074,1.8284663445343288,3.3942209531940315,2.1489446138895527,2.5072144741731344,3.759818830229853,2.8121218725402994,132.43031505725378,118.88922056286569,80.7862686606269,57.853631841194044,42.52308457710449,12.453731343892539,5.048490878197015,6.872238805820897,9.235323383558214,49.91529021110449,71.3796351615224,114.90378109229853,58.52425096080598,99.12072522743287,75.67340585319404,51.81386171898507,39.52057209235822,30.042168043301505,9.887607993558214,5.557189220047763,12.042227303653737,12.466313054576124,52.41028693985075,80.33207186289555,74.37002220444779,45.26970429274629,0.48888888899999994,3.722222222,5.311111111,9.566666667,12.61111111,18.64444444,23.68888889,21.25555556,16.58888889,12.64444444,4.6,0.688888889,10.81759259,2.6035766,3.034706649,1.553580095,1.6970562750000002,1.89238239,2.899185709,2.107394389,2.543182608,1.947077582,3.08994786,2.874021573,2.607893999,2.404167144,19.93333333,16.96666667,31.35555556,21.76666667,37.08888889,14.766666669999998,12.98888889,8.266666667,11.53333333,17.65555556,17.18888889,59.71111111,22.43518519,12.74705848,12.78025821,39.02153608,22.74477962,20.27901899,15.89740545,24.19780178,10.08365013,11.34471242,19.13524961,17.04475318,113.38960979999999,26.55548615,800.0,722.0000000000001,271872.50000000064,301243.35000006
"Las Vegas Tribe of Paiute Indians of the Las Vegas Indian Colony, Nevada",0.10671163645088495,0.15046052473980195,3.2182265348440806,1.9405454204295182e6,0.128,0.193,3.31,1.53292e8,0.893288363549115,0.849539475260198,0.872,0.8069999999999999,0.0927830765495786,0.09232821979022744,0.0009999999999999998,0.04957642955309161,0.011537647058846724,0.015267543798205772,0.015265723323194385,0.0031255000101913216,0.007220182977791581,0.001,6.08925373134627,10.34381426385075,11.043582089770153,13.025439469492541,16.414792700776122,21.502089550388064,23.0028855718209,23.90311774540299,20.31993366498508,17.15472637143284,10.228888891540299,6.6609286899373155,14.974121061194035,4.630304346089552,1.7323440277402993,1.7875225345194035,3.871870796758211,3.088072982961195,1.8317533828716424,3.1649291816388074,1.8284663445343288,3.3942209531940315,2.1489446138895527,2.5072144741731344,3.759818830229853,2.8121218725402994,132.43031505725378,118.88922056286569,80.7862686606269,57.853631841194044,42.52308457710449,12.453731343892539,5.048490878197015,6.872238805820897,9.235323383558214,49.91529021110449,71.3796351615224,114.90378109229853,58.52425096080598,99.12072522743287,75.67340585319404,51.81386171898507,39.52057209235822,30.042168043301505,9.887607993558214,5.557189220047763,12.042227303653737,12.466313054576124,52.41028693985075,80.33207186289555,74.37002220444779,45.26970429274629,5.466666667,9.944444444,11.52222222,14.899999999999999,21.099999999999998,26.91111111,27.34444444,29.32222222,24.5,19.42222222,9.522222222,7.033333333,17.24907407,4.224630161,2.119027555,1.435076459,3.861994303,2.262189205,2.452776205,6.668416437,3.551329954,2.235508891,2.889540525,4.226930854,4.563441684,3.3742385189999995,40.8,35.92222222,14.03333333,11.92222222,29.6,5.733333333,17.63333333,9.888888889,9.655555556,15.477777779999998,6.488888889,16.5,17.80462963,35.91416851,34.16605691,12.08242525,14.56208929,59.09496594,11.578860049999998,15.89315891,12.549944669999999,11.376083589999999,16.30673004,10.91357463,28.46489065,21.90857904,800.0,722.0000000000001,271872.50000000064,301243.35000006
"Paiute Indian Tribe of Utah (Cedar Band of Paiutes, Kanosh Band of Paiutes, Koosharem Band of Paiutes, Indian Peaks Band of Paiutes, and Shivwits Band of Paiutes)",0.10671163645088495,0.15046052473980195,3.2182265348440806,1.9405454204295182e6,0.13006257016805794,0.1645254424979167,3.1629031112137342,9.783015272642368e6,0.893288363549115,0.849539475260198,0.869937429831942,0.8354745575020833,0.0927830765495786,0.09232821979022744,0.0009999999999999998,0.04957642955309161,0.011537647058846724,0.06589223102259233,0.06521885992669375,0.0070551214307464204,0.028722557426555623,0.007453784027833911,6.08925373134627,10.34381426385075,11.043582089770153,13.025439469492541,16.414792700776122,21.502089550388064,23.0028855718209,23.90311774540299,20.31993366498508,17.15472637143284,10.228888891540299,6.6609286899373155,14.974121061194035,4.630304346089552,1.7323440277402993,1.7875225345194035,3.871870796758211,3.088072982961195,1.8317533828716424,3.1649291816388074,1.8284663445343288,3.3942209531940315,2.1489446138895527,2.5072144741731344,3.759818830229853,2.8121218725402994,132.43031505725378,118.88922056286569,80.7862686606269,57.853631841194044,42.52308457710449,12.453731343892539,5.048490878197015,6.872238805820897,9.235323383558214,49.91529021110449,71.3796351615224,114.90378109229853,58.52425096080598,99.12072522743287,75.67340585319404,51.81386171898507,39.52057209235822,30.042168043301505,9.887607993558214,5.557189220047763,12.042227303653737,12.466313054576124,52.41028693985075,80.33207186289555,74.37002220444779,45.26970429274629,-1.3333333329999997,1.5533333332,2.6666666667999994,6.7644444444,11.302222222000001,16.744444444,21.704444444,20.266666668,15.182222222,9.460000000199999,3.1222222219999995,-1.22,8.8511111116,2.5796658709999996,3.8720265501999998,2.7326724091999997,2.0202079736,3.0284989292,2.4272095034,2.746220545,3.0974607164,3.0166065396,1.7470247155999998,4.001134620599999,3.4485934031999994,2.8931101482000003,37.224444444,43.34888889,38.97777778,37.451111112,35.431111109999996,29.56222222,23.733333333999997,30.933333332000004,28.953333331999996,38.12222222199999,32.273333332,22.188888891999998,33.183333336,24.080867542,38.890910334,23.971239358,28.953573902,28.085154003999996,28.214344501999996,23.957384284,22.113722818,27.209478031999996,25.218003603999996,46.122817374,21.604000278,28.201791336,800.0,722.0000000000001,271872.50000000064,301243.35000006
"Santa Rosa Band of Cahuilla Indians, California",0.10743636304786137,0.15100126991883167,3.252675204176721,3.321796739323771e8,0.1,0.146,3.1500000000000004,1.26963e8,0.8925636369521386,0.8489987300811683,0.9,0.854,0.1963860848017627,0.1963860848017627,0.06634087072529894,0.09242110904923734,0.0561393466685583,0.23504570702592256,0.23504570702592256,0.022024748475734893,0.08901100225964974,0.08579227657200894,10.653058880657243,11.377245797644182,12.15273243887922,13.59228630027204,14.826568733971717,18.09515778089228,19.746203603313386,21.3350622657073,19.045641397959745,17.08948131990207,12.631864345571275,10.558608390575088,15.091992604368887,1.7326808256093589,2.3706805619782374,2.285490947151796,1.7440132881664856,2.296864633867248,2.8659926122747557,3.1894680115984784,3.0907837053699674,2.048712570745377,2.0295019436109913,1.984217975230686,1.9655689050457028,2.3003313318286187,93.43608390397172,117.0625559214364,73.72752387841678,28.70875347661045,16.310186192796525,2.582704630661045,3.348809091877585,3.0264176037236146,4.309744891717084,18.08611413147987,24.16505259339501,51.15763511081067,36.32679845243744,90.01908615192058,117.8718721045539,73.61156635551144,22.90293182995104,14.649115084076177,4.275396973916215,6.0084470283057705,4.6493418518901,7.449351785866704,21.118111099336243,34.34298588182264,69.17999678774211,38.839850245511435,8.733333333000001,8.5555555535,10.661111108999998,12.91666667,15.850000000000003,20.83333333,25.144444445,23.883333330000003,21.300000000000004,16.150000000000002,11.0333333315,8.961111111,15.335185184999998,1.6422880825000001,4.450126623,2.433622416,3.383160453,3.421315142,3.7804780575000003,4.15371646,3.7619175125,3.127823212,3.8497717910000007,3.1851790080000004,2.1993339179999998,3.2823943895000003,92.794444435,71.627777765,41.71111111,20.438888889999998,10.283333334,1.483333333,12.844444445,11.383333334500001,6.8277777775,15.788888885,26.249999999999996,28.544444445,28.33148148,94.44603714,88.28926528000001,39.47905802499999,14.173739152500001,10.530491667000001,2.161967333,21.449760335000004,21.918234379999998,10.396321968999999,22.032053545,45.09713041,49.212610764999994,34.9322225,4348.87000001,3924.870000000002,271872.50000000064,301243.35000006
Prairie Island Indian Community in the State of Minnesota,0.07928934000364762,0.1261519942750699,2.9782115940297897,1.0254083506043254e6,0.078,0.126,2.94,1.787e6,0.9207106599963524,0.87384800572493,0.922,0.874,0.7184545172417997,0.6222874603438541,0.0010119324783639072,0.6980948594101748,0.6780611197717775,0.41141266587795633,0.35816602548550946,0.001,0.20911593615487592,0.38152769519799923,-8.273194104309193,-6.379819637124547,1.9045214366804655,8.822911772224597,14.650004945595724,20.565609877949758,22.62594241212328,21.56480327421951,16.889354221242243,9.336740691413295,0.6521638598139694,-7.822601412580371,7.878036444811732,2.7864001157101037,2.9661878765419165,2.013279403317121,2.142956821334926,1.494984206415792,1.6040626332636698,0.9246756720088259,1.3870435937122183,1.8349587387996869,1.7153878986519762,3.5729358086167737,3.9487736055337423,2.199303864521959,14.926812902794357,12.457301068580746,39.901635053891546,60.36385035060912,100.15255211583275,115.0093820858282,94.19944399156007,99.45069367567741,83.6915560010214,45.734844326445966,31.994244133516197,21.506386889607544,59.94905854943197,9.222045521979238,10.311057147586725,25.80046602187065,35.40600527205466,38.81725226914344,55.89290296587325,52.53088187475368,43.6764727845581,51.03235016952821,17.647968990012593,27.567533220101616,17.483059385806317,32.11566630150271,-8.466666667,-4.922222222,1.366666667,9.133333333,14.98888889,20.42222222,22.7,22.02222222,16.13333333,9.677777778,1.277777778,-7.6,8.061111111,2.491485501,4.793166432,2.759075932,2.121320344,1.274209995,1.710100712,0.85732141,1.708638184,1.697056275,2.150452149,2.783782399,4.518296139,2.405408789,28.3,16.43333333,45.36666667,69.93333333,90.53333333,133.1555556,91.91111111,123.4888889,97.83333333,57.5,39.13333333,29.31111111,68.575,30.793099880000003,9.335684228,29.32119541,57.20131117,45.11280306,55.65772882,47.15388225,56.18955518,55.14163581,32.06091858,27.47853708,14.05315307,38.29162538,57770.82000003,52138.250000000255,271872.50000000064,301243.35000006
"Torres Martinez Desert Cahuilla Indians, California",0.10743636304786137,0.15100126991883167,3.252675204176721,3.321796739323771e8,0.1292169134568103,0.19935253595718105,3.0102693847239648,9.168936922032507e7,0.8925636369521386,0.8489987300811683,0.8707830865431897,0.800647464042819,0.1963860848017627,0.1963860848017627,0.06634087072529894,0.09242110904923734,0.0561393466685583,0.05705526466523769,0.05559038371402051,0.018937143630638986,0.03703884754545667,0.001204670173407835,10.653058880657243,11.377245797644182,12.15273243887922,13.59228630027204,14.826568733971717,18.09515778089228,19.746203603313386,21.3350622657073,19.045641397959745,17.08948131990207,12.631864345571275,10.558608390575088,15.091992604368887,1.7326808256093589,2.3706805619782374,2.285490947151796,1.7440132881664856,2.296864633867248,2.8659926122747557,3.1894680115984784,3.0907837053699674,2.048712570745377,2.0295019436109913,1.984217975230686,1.9655689050457028,2.3003313318286187,93.43608390397172,117.0625559214364,73.72752387841678,28.70875347661045,16.310186192796525,2.582704630661045,3.348809091877585,3.0264176037236146,4.309744891717084,18.08611413147987,24.16505259339501,51.15763511081067,36.32679845243744,90.01908615192058,117.8718721045539,73.61156635551144,22.90293182995104,14.649115084076177,4.275396973916215,6.0084470283057705,4.6493418518901,7.449351785866704,21.118111099336243,34.34298588182264,69.17999678774211,38.839850245511435,11.0666666675,11.783333332500002,14.186111109999999,16.8833333325,20.025,24.9750000025,28.091666667499997,27.955555557500002,25.35277778,19.7999999975,14.27777778,11.313888887500001,18.8092592625,1.3088931152499999,4.249098430999999,2.05069632325,3.7367435055,3.832575822,4.287192188750001,5.471271870500001,4.129544911999999,3.43207031375,3.8041961557499997,2.2751524599999997,1.9797160245,3.3797625935,40.3305555575,27.227777777500002,23.700000000000003,15.7027777775,5.794444444499999,0.9222222219999999,5.52222222225,8.188888889,5.627777777749999,8.11388888875,15.205555555,16.38888889,14.393750000999999,37.48228118750001,35.310027865,26.300770910000004,24.93663383,10.858892693000001,1.475657488,9.08467689825,13.626051767500002,9.12431440025,10.93924953775,25.92120089,23.329520505,19.03243983,4348.87000001,3924.870000000002,271872.50000000064,301243.35000006
"Santee Sioux Nation, Nebraska",0.08378006019524369,0.13083600320902447,3.0117451651555713,965151.3338821447,0.12397529083292405,0.18798058565444034,3.0701764940505427,545845.5677057753,0.9162199398047564,0.8691639967909756,0.876024709167076,0.8120194143455597,0.7481471196672874,0.6540660717667265,0.000999999999999994,0.7341694624277112,0.7184319101698796,0.4428393953457203,0.38454732337955627,0.001385293635017185,0.4121737207743507,0.3800840552122669,-7.636288910581817,-5.737469995295184,2.338929319563122,9.075308005286402,14.831862548603546,20.820448365681663,22.79821977642598,21.747933579296966,17.17734864002406,9.667277265466742,1.03794370267578,-7.272922277625367,8.237382501673375,2.7690438369408645,3.006218043359587,1.9228015986145783,2.0526466502802703,1.4913467942660632,1.5913848891656661,0.9484899092881222,1.380480545378432,1.834904485776864,1.6414194210787914,3.5771404031899636,3.9447475037962856,2.1800520067310805,14.511403358596079,12.118331326866091,42.621623721048735,64.94466919985005,103.78780012249914,120.11798623229642,93.86647629377767,102.49794600033938,86.09838086369557,45.08991398184523,31.615430507358887,21.84407133544325,61.592836078867194,8.583285632591624,11.167490486839284,25.992342860657295,37.99849704472471,37.674564616616905,62.08378878934576,55.02236028963793,47.07204870009345,50.68224866507423,17.619814789276237,28.160053700504925,18.87648073771287,33.411081358873496,-3.1,-0.6333333330000002,3.6555555560000004,12.01111111,16.82222222,22.0,24.42222222,23.98888889,17.46666667,12.93333333,3.011111111,-3.733333333,10.73703704,7.160830957,6.118006210999999,4.950785572,4.198346235,3.355882067,2.032240143,1.794977561,1.755309406,2.530316186,3.863288754,5.553477389,5.844655678,4.09650968,14.83333333,10.56666667,58.188888889999994,71.31111111,86.07777777999999,112.0111111,66.48888889,105.8111111,51.54444444,39.87777778,30.4,22.08888889,55.76666667,13.48601127,8.656211643,47.62770844,46.20893973,32.07903434,60.60471195,36.74375608,71.08629341,34.23145889,19.0076812,21.49581355,36.39795477,35.63546461,37373.06,33729.22000000014,271872.50000000064,301243.35000006
"Fort Independence Indian Community of Paiute Indians of the Fort Independence Reservation, California",0.10671163645088495,0.15046052473980195,3.2182265348440806,1.9405454204295182e6,0.105,0.144,3.27,1.052e6,0.893288363549115,0.849539475260198,0.895,0.856,0.0927830765495786,0.09232821979022744,0.0009999999999999998,0.04957642955309161,0.011537647058846724,0.07335097989329237,0.05127947354966941,0.05536698682536013,0.021847049245886846,0.001,6.08925373134627,10.34381426385075,11.043582089770153,13.025439469492541,16.414792700776122,21.502089550388064,23.0028855718209,23.90311774540299,20.31993366498508,17.15472637143284,10.228888891540299,6.6609286899373155,14.974121061194035,4.630304346089552,1.7323440277402993,1.7875225345194035,3.871870796758211,3.088072982961195,1.8317533828716424,3.1649291816388074,1.8284663445343288,3.3942209531940315,2.1489446138895527,2.5072144741731344,3.759818830229853,2.8121218725402994,132.43031505725378,118.88922056286569,80.7862686606269,57.853631841194044,42.52308457710449,12.453731343892539,5.048490878197015,6.872238805820897,9.235323383558214,49.91529021110449,71.3796351615224,114.90378109229853,58.52425096080598,99.12072522743287,75.67340585319404,51.81386171898507,39.52057209235822,30.042168043301505,9.887607993558214,5.557189220047763,12.042227303653737,12.466313054576124,52.41028693985075,80.33207186289555,74.37002220444779,45.26970429274629,2.988888889,-0.022222222,4.5,6.355555556,10.14444444,16.02222222,19.233333329999997,18.33333333,16.0,8.8,4.877777778,3.333333333,9.213888888,4.544624419,4.103589215,5.728437832,3.9944058099999995,4.10643127,5.202109615,3.125299986,3.701013375,5.553152258,3.025723054,3.695868564,4.104266073,4.240410123,149.3555556,96.67777778,54.96666667,34.28888889,12.94444444,16.07777778,19.62222222,10.15555556,21.97777778,19.91111111,35.67777778,120.8111111,49.37222223,146.6486457,107.6139138,53.85338894,45.24934929,14.93980515,36.64838938,43.59451737,12.85030263,25.06261049,21.16013022,58.35445094,129.6150111,57.96587625,800.0,722.0000000000001,271872.50000000064,301243.35000006
Bishop Paiute Tribe,0.11262095569648145,0.1343480790576381,3.034238802132399,2.36550824461374e7,0.105,0.144,3.27,1.052e6,0.8873790443035185,0.8656519209423619,0.895,0.856,0.28640841093811914,0.2772803701208635,0.001364516575211777,0.23367106895858952,0.08517913256537608,0.08232097809647239,0.08227562353456645,0.001448617710705673,0.04753067629805779,0.001,-1.2540092694510883,0.10468397545551875,3.5942660268552924,7.821336286527122,12.156211803927638,16.93318157574381,21.72243140070504,20.188146507714993,16.030757557283113,10.004757803668133,2.6713834546363944,-1.8270046347098532,9.012178540682159,3.2496895000749304,4.015369621355847,3.294967224750459,3.0670977488501263,3.5269736144843074,3.4295562496932406,3.0860018021572513,3.1267080943909162,3.390569384053152,2.8330737285585057,3.6978669147810934,3.1347664542185267,3.3210533614839384,48.64325498956067,40.06053074161677,54.09862597971569,42.84786514050566,61.735740945983736,32.384619170806175,33.61500758754001,26.210750174374294,29.00310897792242,31.900159960125464,43.13401008977108,50.11471227572531,41.145698835308174,39.55520640628271,27.868310186105532,30.64407688619782,23.67180494961238,33.16108595800512,20.31646189114505,31.738644631715726,24.794660560226625,19.67377385753153,22.55160316070872,37.42863208702469,41.95300172310075,29.446438524857847,0.588888889,2.977777778,3.6555555560000004,7.755555556,11.68888889,16.44444444,20.8,20.43333333,14.96666667,10.83333333,4.711111111,0.988888889,9.653703703,1.601908584,1.899853796,1.502590356,1.6546231529999997,1.7716125740000002,1.6470512369999997,3.49821383,2.26715681,2.1,1.5499999999999998,2.270707183,2.923800799,2.057293194,99.00000000000001,62.15555556,41.28888889,28.06666667,15.28888889,14.166666670000001,25.611111109999996,12.68888889,14.911111109999998,17.6,26.07777778,75.91111111,36.06388889,93.87935075999998,60.15725457,27.641338809999997,21.1936901,13.476965950000002,22.40870367,38.75972279,17.1975612,14.63381738,16.25169222,33.48334578,81.21780046,36.69177031,5915.92000001,5339.120000000001,271872.50000000064,301243.35000006
Squaxin Island Tribe of the Squaxin Island Reservation,0.11487873096496828,0.16739575714583085,3.39628914434382,3.517514331936831e7,0.141,0.23800000000000002,3.3599999999999994,5.041e6,0.8851212690350317,0.8326042428541691,0.859,0.762,0.47917373685404,0.46460905196212,0.0009388469818878747,0.25055972430083256,0.38657158691245697,0.5822075506574653,0.5556245411271556,0.0010000000000000005,0.4094655498424523,0.5701404840114671,1.7392853038510858,4.254693783555326,4.851752269111687,8.549350798511894,12.829690912688728,16.986418476308174,21.085568194860393,18.4443180488211,16.646891877300934,10.48852119950155,4.553062162589453,0.04176720668769368,10.039276685920372,3.417552111853154,2.5847684702926577,2.9623116673464325,2.46168199723061,1.9251367118686662,3.267246091695967,2.1099638304250257,1.7295719970734231,3.2984177787745605,2.366003458046536,3.7222423795987587,3.1332044272523265,2.7481750767549125,106.66492013106517,91.16693094657703,98.5639089979214,44.40876709219235,56.19149718448811,31.680845686949326,15.466218545472598,18.25559002623992,29.899333564395032,54.282155578014475,70.78312076346432,141.12887508903827,63.20768030025854,117.22132548980352,79.29954503519131,100.76772870216134,35.71582958796277,36.95277021061013,27.1861331616029,13.011846042016545,18.912540480446744,32.14412137930714,49.31502738180972,79.02010219222339,117.78377821171667,58.94422898995863,3.7888888890000003,4.688888889,6.683333333499999,9.644444444000001,11.950000000000001,14.716666665,17.84444444,17.483333335,14.833333335,10.283333334,5.361111111,2.6166666665000005,9.991203705,2.8536402565,2.5573832475000002,2.0245773295,1.5134003105,1.8188637705,1.7129614510000002,1.7267871609999998,1.9432708750000003,1.501064544,2.105210899,2.7361287895,4.229622464,2.226909258,189.2388889,142.51111115,146.65555555,84.31666668,71.14444444499999,56.388888890000004,19.566666665,28.3,57.677777774999996,133.24444445,198.07222219999997,230.18333329999996,113.10833335,101.8364884,75.11613143999999,35.923011575000004,30.39721296,33.14790205,22.786164675000002,16.109747125000002,18.17090086,38.993363095,78.82711178,126.26450615,126.80232645000001,58.697905549999994,1923.0,1735.5100000000002,271872.50000000064,301243.35000006
Iowa Tribe of Kansas and Nebraska,0.08378006019524369,0.13083600320902447,3.0117451651555713,965151.3338821447,0.13287622297396517,0.225280012498916,3.0072448015408804,607920.5320388732,0.9162199398047564,0.8691639967909756,0.8671237770260348,0.774719987501084,0.7481471196672874,0.6540660717667265,0.000999999999999994,0.7341694624277112,0.7184319101698796,0.6896579535056878,0.5787390560493417,0.0015824584677697382,0.619868236425538,0.6804875154135415,-7.636288910581817,-5.737469995295184,2.338929319563122,9.075308005286402,14.831862548603546,20.820448365681663,22.79821977642598,21.747933579296966,17.17734864002406,9.667277265466742,1.03794370267578,-7.272922277625367,8.237382501673375,2.7690438369408645,3.006218043359587,1.9228015986145783,2.0526466502802703,1.4913467942660632,1.5913848891656661,0.9484899092881222,1.380480545378432,1.834904485776864,1.6414194210787914,3.5771404031899636,3.9447475037962856,2.1800520067310805,14.511403358596079,12.118331326866091,42.621623721048735,64.94466919985005,103.78780012249914,120.11798623229642,93.86647629377767,102.49794600033938,86.09838086369557,45.08991398184523,31.615430507358887,21.84407133544325,61.592836078867194,8.583285632591624,11.167490486839284,25.992342860657295,37.99849704472471,37.674564616616905,62.08378878934576,55.02236028963793,47.07204870009345,50.68224866507423,17.619814789276237,28.160053700504925,18.87648073771287,33.411081358873496,-4.538888889,-2.8277777774999997,5.1333333329999995,11.427777775000001,16.555555555,22.677777775,26.144444444999998,24.805555554999998,19.455555555,12.322222225000003,4.811111111,-3.6111111115000005,11.02962963,4.0175880615,5.851064363,3.2076581809999998,3.1518510090000005,2.5524931720000006,1.74527636,2.1279009915000002,2.0758442574999996,2.8290994605,3.4384425614999996,2.8009377515000002,2.4735940440000004,3.0226458509999996,22.122222225,46.5,61.15555555499999,58.73888888999999,121.80555555000002,122.25555555000001,103.62222225000001,94.122222245,85.894444445,55.172222219999995,48.916666670000005,45.08888889,72.11620371000001,12.272704710000001,44.37224610999999,40.782768004999994,29.515865634999997,69.46719067,42.422479845000005,34.849263335,42.714615585000004,57.396360115,30.069617035,27.322523904999997,58.804075950000005,40.83247591,37373.06,33729.22000000014,271872.50000000064,301243.35000006
Te-Moak Tribe of Western Shoshone Indians of Nevada (Elko Band),0.11442586063416325,0.13404167698040964,2.9951186476598344,2.6304578815270063e7,0.1,0.16899999999999998,3.35,2.969e6,0.8855741393658367,0.8659583230195904,0.9,0.831,0.29911433222455497,0.2893893367372348,0.001390244906849038,0.24531270470623795,0.09003787834948697,0.101,0.101,0.001,0.024000000000000004,0.001,-2.2037915983960703,-1.2374704491677566,2.624095290058917,7.128341516697619,11.584510820098192,16.316189307373147,21.521167484165293,19.726591198571988,15.443667030535991,9.079659938161614,1.653255137277003,-2.8689261683473783,8.230607458910795,3.0819804437409952,4.314911246870291,3.4940420172606355,2.9640107000126816,3.5836523659619437,3.6382553444697185,3.0885873906354315,3.2913262308645637,3.375024419018818,2.9540806022058073,3.8510219100474576,3.047425878584694,3.390359879153025,38.79113475063008,31.03570194741404,52.039125295965576,41.09405346378064,64.07520912914889,34.501995817557265,36.73657937780234,28.349768139748345,31.20794235265135,29.437497726824855,38.9280414614484,42.50190034549915,39.05824581700897,33.7893336511579,23.278465394165273,30.51585960177984,21.918278937688193,33.65760377794187,21.536620963960697,34.55978306626593,26.13845151322829,20.540833946292942,19.285018973408327,31.168333265580987,38.54896709505727,27.9114625155278,-0.911111111,0.822222222,2.333333333,7.211111111000001,10.35555556,15.56666667,19.88888889,18.75555556,13.92222222,9.788888889,1.311111111,-3.244444444,7.983333334,4.221505787,5.073405606,1.823458253,3.200954719,1.9906726949999998,3.3,2.525096258,1.067837899,1.7718477489999997,4.518695731,2.599252029,3.0883292859999996,2.931754668,46.1,30.28888889,31.27777778,33.02222222,44.75555556,20.27777778,16.61111111,16.62222222,10.6,23.18888889,33.08888889,38.3,28.67777778,25.54941291,23.88165847,16.150215,12.91973082,24.805398160000003,13.71803355,21.32477693,22.0790499,10.79073677,24.26846948,17.28752762,29.77532536,20.21252791,5275.92000001,4761.520000000001,271872.50000000064,301243.35000006
Sherwood Valley Rancheria of Pomo Indians of California,0.1036104679669343,0.14098656812193353,3.8578462234564634,2.3525918397829648e7,0.135,0.19399999999999998,3.5299999999999994,7.022000000000001e6,0.8963895320330657,0.8590134318780664,0.865,0.806,0.39395790753372956,0.3932780325513505,0.1812751991883092,0.1139075470798968,0.18671168856034231,0.4572270088750737,0.4369567092524577,0.19619433708823555,0.15342903746594294,0.25973845304020954,7.787740858812923,10.07176452810013,11.2563445104456,14.127006523199812,16.930081422462447,19.847291760805632,22.915263235698667,21.78785718050067,19.759692509021384,17.378308805557563,10.789915540673643,7.984387801485204,15.05297122360946,2.34489342172872,2.1946838051811546,2.417022695829766,2.089352826116067,1.776236114472006,3.4071458713281726,2.765079545625852,3.435690733946744,2.6649848169799717,2.066170394166134,2.2962798808042773,2.0642382735625846,2.460148198381884,157.04398420798813,111.62219188584426,92.11064077276282,35.373337379217084,28.952414908575314,7.539230263715519,3.5891721041010443,3.4967430335607617,7.650209882242599,28.76724321088301,41.46555909584889,117.69919082549833,52.94249313065086,160.70489684654524,101.19513991447424,76.86047789361399,25.451240300700942,26.839225185402814,12.012366982135175,5.939866919516156,8.12178171977651,10.551139327970867,32.37051065618569,38.83358847717793,124.22910977950377,51.9257786654119,7.122222222,8.45,8.2944444445,10.877777779499999,13.72777778,17.255555559999998,19.5,19.822222225,17.16111111,14.37222222,8.188888889000001,6.738888889,12.625925924999999,1.227555952,1.396909033,1.343935383,1.7144473085,1.9464941755000003,2.4355099295,0.788213113,3.037083282,1.187630172,1.8512952620000003,1.479585152,1.6056297985,1.66785738,228.6388889,159.31666664999997,158.0722222,77.80555555499998,61.08888888999999,20.927777775,8.427777778,5.677777777999999,13.783333334999998,55.444444445,91.53333333,248.02222224999997,94.061574075,159.44487460000002,109.1846194,124.06605650000002,47.848231845,41.211467065,23.392362340000002,15.760815359999999,10.7585777835,14.633546574999999,43.33152185000001,63.431675195,189.72258595,70.232194535,2685.95,2424.050000000001,271872.50000000064,301243.35000006
"Hopland Band of Pomo Indians, California",0.1036104679669343,0.14098656812193353,3.8578462234564634,2.3525918397829648e7,0.139176003124956,0.20102327798288055,3.604029146306038,6.954424676705258e6,0.8963895320330657,0.8590134318780664,0.860823996875044,0.7989767220171194,0.39395790753372956,0.3932780325513505,0.1812751991883092,0.1139075470798968,0.18671168856034231,0.20546862754912884,0.2049310917370144,0.08496860658843013,0.06752913920435577,0.11706725792353782,7.787740858812923,10.07176452810013,11.2563445104456,14.127006523199812,16.930081422462447,19.847291760805632,22.915263235698667,21.78785718050067,19.759692509021384,17.378308805557563,10.789915540673643,7.984387801485204,15.05297122360946,2.34489342172872,2.1946838051811546,2.417022695829766,2.089352826116067,1.776236114472006,3.4071458713281726,2.765079545625852,3.435690733946744,2.6649848169799717,2.066170394166134,2.2962798808042773,2.0642382735625846,2.460148198381884,157.04398420798813,111.62219188584426,92.11064077276282,35.373337379217084,28.952414908575314,7.539230263715519,3.5891721041010443,3.4967430335607617,7.650209882242599,28.76724321088301,41.46555909584889,117.69919082549833,52.94249313065086,160.70489684654524,101.19513991447424,76.86047789361399,25.451240300700942,26.839225185402814,12.012366982135175,5.939866919516156,8.12178171977651,10.551139327970867,32.37051065618569,38.83358847717793,124.22910977950377,51.9257786654119,8.255555555499999,9.866666668,9.7166666685,12.51111111,15.36666667,18.216666664999998,20.077777775,20.95,18.238888890000002,15.71666667,9.483333333500001,7.827777777499999,13.852314815,1.1018139555000002,1.197663202,1.3041108170000002,2.1796896709999998,2.7246171255,1.8412184544999999,1.1546797095,3.876733482,1.29305583,1.7813535685,1.5207084705,1.6225156775,1.7998466635,249.4388889,160.75,152.46666665,73.8,51.53333333,14.911111110000002,6.500000001499999,6.2222222225,10.872222222,51.583333335,88.57777777499999,241.78333335,92.36990740499999,181.17885415,103.94168645,117.66811895,42.457186265000004,35.136367075,17.07115779,11.792537437499998,12.990271652,13.2080348985,41.061568390000005,58.52862627,174.34111195,67.44796010499999,2685.95,2424.050000000001,271872.50000000064,301243.35000006
"Chippewa Cree Indians of the Rocky Boy's Reservation, Montana",0.09629300881527232,0.16992055167312764,3.108143356434721,1.1594263944086106e6,0.12343523303737963,0.19176165781541438,3.171088082593449,895369.5948245387,0.9037069911847276,0.8300794483268723,0.8765647669626204,0.8082383421845856,0.5381113616086634,0.49754654851891494,0.0010000000000000002,0.3750414651780729,0.4604738581969239,0.14151827746123552,0.13412407215420588,0.0015780191636411013,0.08569734383908499,0.0507085411479157,-10.119186494202896,-8.3881433767182,0.20860619059634994,7.801067573187333,13.777473606639823,19.059694639865807,21.58900220656468,20.44520784653247,15.335050991025224,8.23036917763983,-0.025699290337627488,-9.161555436386474,6.56265730263446,2.682123213655931,2.6891496812646265,2.5945212504567894,2.105582670079441,1.3110239394138483,1.9919569397933434,1.0720046159071388,1.617961984083199,1.927490286675255,2.2107546191594203,2.881038396393451,3.723990527608696,2.233966510541599,20.39976143944175,16.55191745323135,41.70371563381108,45.668306791239935,79.4963738312775,128.16923121202362,106.74526750757917,105.75596709506172,83.12886025771336,68.96697083948472,42.12945667017176,21.928740981572727,63.38704747599033,13.955385298314546,9.658300441344604,25.358307663247448,23.88260399172303,32.44052005027911,45.93157572147074,40.48406625456791,44.44654463573269,50.56243251235106,39.28417405464842,33.24171208312399,14.661787437364467,31.15895084498658,-8.888888889,-4.422222222,-0.544444444,6.955555556000001,11.05555556,16.15555556,20.7,18.7,12.56666667,7.4,-1.822222222,-6.066666667,5.982407409,3.10340315,5.668725115999999,2.245613007,2.762295744,2.148319757,2.357493961,2.063976744,2.404682931,2.054263858,3.081801421,5.548373135,8.905616206,3.528713753,15.1,8.788888889,23.94444444,23.97777778,64.45555556,64.92222222,43.96666667,38.81111111,33.01111111,28.03333333,31.05555556,22.25555556,33.19351852,12.282100800000002,6.181715871,9.699369968,12.341978949999998,62.67190581,49.7332328,32.28432282,22.807095630000003,25.50114921,17.11848416,41.18944377,27.44964076,26.60503671,3837.5,3463.3500000000013,271872.50000000064,301243.35000006
"Minnesota Chippewa Tribe, Minnesota (Mille Lacs Band)",0.09409868842539718,0.16285762102812062,3.0678672984167754,2.191436723802919e6,0.10608011929540875,0.18022093731619104,3.1389613373660192,1.4406601769316306e6,0.9059013115746029,0.8371423789718794,0.8939198807045913,0.819779062683809,0.48258815564571894,0.4343023679012692,0.0011954281249536998,0.36829449421697774,0.42400465212704147,0.4728271038234141,0.44281592523583635,0.0009999999999999903,0.3082995841851287,0.38709214947998727,-10.71722678152638,-9.222878729146647,-0.31301289568030444,7.188610134127077,13.352626024261417,18.458929270534565,21.115704051756136,20.05029959656388,14.888529373593201,7.826406148214528,-0.6136550736424375,-9.786397029842544,6.018994507506796,2.6464037682805355,2.6058453757739746,2.5835736987235625,2.236549654542555,1.355529500379835,1.9056112840212187,0.962700931666236,1.4029693511777224,1.9054963791817123,2.0132890246359887,3.2193310035567406,4.109420329774202,2.2455600250384493,21.480694281454856,16.074280316973017,39.86626156147357,44.8659802005803,82.99364856133636,119.56637489065409,98.32728279966113,103.68757848320632,88.82341800241844,64.7028761245205,44.110398592719775,26.56991012044899,62.5890586616377,13.601670481656493,7.153593188935861,23.828367620815804,21.060884899445462,37.51622510292024,42.086566914912034,36.56985694214533,41.770008571905024,46.00792516495889,26.153430409062093,32.89382487222977,17.966952688447115,28.884108904733864,-10.631746031714286,-7.911111111000001,-0.550793650857143,6.898412698428573,13.271428572857143,18.428571428571434,21.00634920428572,20.20952380857143,14.574603175714287,7.742857142857144,0.23968253985714288,-9.100000000000001,6.181481481571429,2.4928860430000004,3.5420395787142867,2.8164420848571434,2.3882921137142863,1.5146486575714289,2.193363104714286,1.0073493322857143,1.9168045961428573,1.7883156291428572,2.2218177551428577,4.304854794571429,4.809327475857144,2.5830117638571433,23.47142857,15.641269840000003,38.12698412428572,45.45396825428572,73.11428571428571,115.66507937142859,104.49047617857144,104.22539681428573,82.59365079428572,77.08095238142857,42.75714285714286,31.598412698571433,62.85158730000001,20.68355160714286,9.571970631285716,22.93396112714286,31.942195935714288,31.144342235714294,41.53918991571429,35.11608613857143,58.96117407000002,44.07962768,36.68889363,30.898817570000002,31.932969151428573,32.95773164285714,15383.840000000002,13883.949999999984,271872.50000000064,301243.35000006
"Elem Indian Colony of Pomo Indians of the Sulphur Bank Rancheria, California",0.1036104679669343,0.14098656812193353,3.8578462234564634,2.3525918397829648e7,0.157,0.231,3.92,6.666e6,0.8963895320330657,0.8590134318780664,0.843,0.769,0.39395790753372956,0.3932780325513505,0.1812751991883092,0.1139075470798968,0.18671168856034231,0.27,0.27,0.07,0.03,0.08,7.787740858812923,10.07176452810013,11.2563445104456,14.127006523199812,16.930081422462447,19.847291760805632,22.915263235698667,21.78785718050067,19.759692509021384,17.378308805557563,10.789915540673643,7.984387801485204,15.05297122360946,2.34489342172872,2.1946838051811546,2.417022695829766,2.089352826116067,1.776236114472006,3.4071458713281726,2.765079545625852,3.435690733946744,2.6649848169799717,2.066170394166134,2.2962798808042773,2.0642382735625846,2.460148198381884,157.04398420798813,111.62219188584426,92.11064077276282,35.373337379217084,28.952414908575314,7.539230263715519,3.5891721041010443,3.4967430335607617,7.650209882242599,28.76724321088301,41.46555909584889,117.69919082549833,52.94249313065086,160.70489684654524,101.19513991447424,76.86047789361399,25.451240300700942,26.839225185402814,12.012366982135175,5.939866919516156,8.12178171977651,10.551139327970867,32.37051065618569,38.83358847717793,124.22910977950377,51.9257786654119,6.800000000000001,7.755555556000001,8.822222222,10.94444444,13.74444444,17.8,20.85555556,20.03333333,18.36666667,14.27777778,8.811111111,6.333333333,12.8787037,1.6725728680000003,2.42234964,2.7976676789999995,2.152969526,2.506048239,2.787023502,2.216478689,2.7106272340000004,3.004579838,2.311264685,1.787767074,1.8398369490000002,2.350765494,226.00000000000003,138.1666667,133.1111111,59.98888889,52.04444444,20.83333333,7.133333333,8.444444444,17.18888889,37.61111111,54.82222222,173.0444444,77.36574074,201.3557052,122.090704,132.7940647,49.32006297,37.54547613,23.88503716,18.62639257,15.45138433,17.72607151,46.66386301,52.09339636,126.1346613,70.30723494,2685.95,2424.050000000001,271872.50000000064,301243.35000006
Berry Creek Rancheria of Maidu Indians of California,0.14202333084627664,0.20311665423138325,3.3669669899840358,1.8284802464450717e7,0.142,0.203,3.37,1.8433e7,0.8579766691537234,0.7968833457686167,0.858,0.7969999999999999,0.4157231284548111,0.41436351297435425,0.1814955413285968,0.2494678498085658,0.2571545497530732,0.13887696122255078,0.1354123136590905,0.08051472705402221,0.05599977260001963,0.11067016401514174,4.832254902020588,8.007385620414706,10.353169933529411,14.161111111176469,16.619052287352936,21.035065358911762,23.679836602323526,23.117385618147054,20.27584967391176,16.446437909117645,9.262875817067645,6.036045751644117,14.485539217382351,4.060500220729411,3.8032256542558818,3.0485511412794115,2.3885915694,2.7035736975558815,2.654116610120588,2.104973165720588,2.551342654917647,2.3617532091911766,3.209887273008823,3.2913258989117637,3.110474169782352,2.9406929387088234,127.44960785735294,99.33065359564706,99.13777777020587,43.99473856391176,33.31519607870588,12.31428104611176,11.480196080011764,7.057026143567645,6.338856208973528,40.702973856294115,40.38846405135294,97.8673529414706,51.61476034994118,119.24554858588236,104.27519494058824,84.65493749111765,30.968028979794113,25.562055752941173,15.938818110058822,19.04258417575294,16.947290429335293,7.713454906844117,40.917921815441176,40.64523332508823,112.88927316058825,51.56669513794116,2.844444444,5.511111111,5.066666667,9.033333333,12.02222222,16.88888889,21.2,19.6,15.94444444,11.72222222,5.577777778,2.222222222,10.63611111,2.38857233,1.929666062,2.697220792,2.636759375,1.926640715,2.3534254,2.490983741,1.492481156,2.092911316,1.997985096,2.548910443,3.9315320730000005,2.373924042,284.9111111,198.1444444,166.8333333,94.31111111,67.31111111,23.72222222,4.088888889,5.288888889,20.15555556,58.04444444,94.68888889,221.5666667,103.2555556,194.0988179,179.9267567,188.7724291,83.19733236,44.85059767,21.57995469,8.436445407,7.404127978,25.12817697,50.44014054,77.16810294,234.8518895,92.98789765,800.0,722.0,271872.50000000064,301243.35000006
"Ute Indian Tribe of the Uintah & Ouray Reservation, Utah",0.12380175224730866,0.15166691442640376,2.919912511435941,1.1080366551113393e7,0.12914510324878747,0.16133383780632604,3.261240118909931,1.9397597473314728e6,0.8761982477526913,0.8483330855735962,0.8708548967512125,0.838666162193674,0.17619631523027884,0.17597108600815897,0.009856465773435248,0.10371024365534229,0.027465064440357935,0.05917354911970659,0.058023302918925226,0.002295117006036708,0.029486249940490785,0.010854942943102982,-2.5824057179014597,-0.17618613142563871,2.3192568937755467,7.769708029023266,11.447891322447992,16.596852189708027,21.060938767819334,20.33114862138229,15.274310624438868,9.455515004230385,1.2736060422582114,-2.7755119626806564,8.332926973677463,3.0731233780296514,3.515358390774635,2.6593149585579376,1.969357972452098,2.694948263975365,2.3747804988604013,2.249445207646441,1.800163821287865,1.9845342170141418,1.7684497297700725,2.8713021613544707,3.0704157734402364,2.5025995311081197,54.51792883141422,42.8365622461679,44.63304947341242,37.57040247425183,58.48441301609943,30.98330292040603,20.019267032281014,16.924229519885944,30.29536192129105,33.041017843512776,31.501054339297443,47.47063057638229,37.356435016062946,39.79345898102189,28.521993566614952,20.337779046719888,20.978679839963494,33.799362792677904,18.43693061033758,21.361416573932477,12.051257798242698,19.5272691248677,20.81462212329835,23.130168729114963,40.24490017615875,24.916486613147807,-4.85625,-2.9215277777500006,0.9979166666250002,5.559027777812502,11.122916665624999,15.90972222125,19.748611110625,19.4284722225,14.277083333437501,8.569444444375,-0.28541666675000005,-4.0361111110625,6.9594907405,5.839467341687499,5.0209662404375,3.1924260244375,2.3114324686874994,3.700746624625,3.992385742000001,2.7370802373750007,4.140669982687499,2.4882719198125005,3.7876950969375,2.7955674796874996,4.6638668152500005,3.7225479979999996,41.6284722213125,39.40902777875,36.13680555625,28.020833333125008,46.048611111875,24.524305554375,26.6777777775,29.122222221875,34.1486111125,33.527777778125,29.063888888999998,26.8000000014375,32.925694445,32.94128657893751,31.258123195625,15.5363898266875,14.9935807971875,31.958833251249995,16.3430289584375,24.977897793125,18.052484034375002,18.385579730625,20.343522340625,24.750726093812496,28.839753959812498,23.19843388125,3920.46,3538.2200000000016,271872.50000000064,301243.35000006
Cahuilla Band of Indians,0.10743636304786137,0.15100126991883167,3.252675204176721,3.321796739323771e8,0.1,0.146,3.15,1.2696300000000001e8,0.8925636369521386,0.8489987300811683,0.9,0.854,0.1963860848017627,0.1963860848017627,0.06634087072529894,0.09242110904923734,0.0561393466685583,0.31523242629918397,0.31523242629918397,0.030723481500461246,0.15934489781175143,0.1345824449697337,10.653058880657243,11.377245797644182,12.15273243887922,13.59228630027204,14.826568733971717,18.09515778089228,19.746203603313386,21.3350622657073,19.045641397959745,17.08948131990207,12.631864345571275,10.558608390575088,15.091992604368887,1.7326808256093589,2.3706805619782374,2.285490947151796,1.7440132881664856,2.296864633867248,2.8659926122747557,3.1894680115984784,3.0907837053699674,2.048712570745377,2.0295019436109913,1.984217975230686,1.9655689050457028,2.3003313318286187,93.43608390397172,117.0625559214364,73.72752387841678,28.70875347661045,16.310186192796525,2.582704630661045,3.348809091877585,3.0264176037236146,4.309744891717084,18.08611413147987,24.16505259339501,51.15763511081067,36.32679845243744,90.01908615192058,117.8718721045539,73.61156635551144,22.90293182995104,14.649115084076177,4.275396973916215,6.0084470283057705,4.6493418518901,7.449351785866704,21.118111099336243,34.34298588182264,69.17999678774211,38.839850245511435,7.2,6.316666667,9.277777776,10.81666667,13.766666670000001,19.211111109999997,22.627777779999995,21.972222225,19.816666665000003,14.133333335,9.36111111,7.383333333,13.49027778,1.309655401,4.7954474085,1.6518247195000002,2.2690221315000003,2.5716072965000003,2.422311972,2.217544198,2.4325579950000003,2.2629351735,2.72212211,3.458275426,2.192229803,2.525461136,127.41666665000001,102.28333335,68.81111111,38.716666665000005,16.727777775,3.6666666665,12.97777778,9.183333331,5.8,19.483333329999997,35.966666665000005,46.06111111,40.5912037,118.14281867,100.371461065,57.17329292,18.827003445000003,15.191980430000001,4.384228878,12.853364195499998,11.145003490000002,7.151597140499999,21.643370915,51.80272075,61.25008413,39.994743834999994,4348.87000001,3924.870000000002,271872.50000000064,301243.35000006
"Upper Sioux Community, Minnesota",0.08378006019524369,0.13083600320902447,3.0117451651555713,965151.3338821447,0.09293197285960943,0.14991500287535647,3.1464309408980826,491697.1993300504,0.9162199398047564,0.8691639967909756,0.9070680271403906,0.8500849971246436,0.7481471196672874,0.6540660717667265,0.000999999999999994,0.7341694624277112,0.7184319101698796,0.7237496003414035,0.5006192006338247,0.0010000000000000002,0.6941590104844781,0.59679983404596,-7.636288910581817,-5.737469995295184,2.338929319563122,9.075308005286402,14.831862548603546,20.820448365681663,22.79821977642598,21.747933579296966,17.17734864002406,9.667277265466742,1.03794370267578,-7.272922277625367,8.237382501673375,2.7690438369408645,3.006218043359587,1.9228015986145783,2.0526466502802703,1.4913467942660632,1.5913848891656661,0.9484899092881222,1.380480545378432,1.834904485776864,1.6414194210787914,3.5771404031899636,3.9447475037962856,2.1800520067310805,14.511403358596079,12.118331326866091,42.621623721048735,64.94466919985005,103.78780012249914,120.11798623229642,93.86647629377767,102.49794600033938,86.09838086369557,45.08991398184523,31.615430507358887,21.84407133544325,61.592836078867194,8.583285632591624,11.167490486839284,25.992342860657295,37.99849704472471,37.674564616616905,62.08378878934576,55.02236028963793,47.07204870009345,50.68224866507423,17.619814789276237,28.160053700504925,18.87648073771287,33.411081358873496,-9.8833333335,-7.9611111115,0.638888889,8.088888889,14.327777780000002,20.122222225,22.005555554999997,21.094444445,16.577777779999998,8.4555555555,0.044444444499999985,-8.1833333335,7.1106481485,2.7815319119999997,3.0524398099999996,2.131717749,2.8221770090000002,2.0419697329999997,1.5480067585000001,0.9925782135000001,1.4016155345,1.8194232639999997,2.3399014155,3.256786348,5.353988428,2.4618446809999996,24.61111111,14.394444445000001,36.966666665,66.761111115,98.13333333,106.55555555000001,102.03333335,89.33888888999999,86.138888885,56.68333333500001,40.866666665,28.54444444,62.58564814500001,27.76609312,9.667324171499999,25.058937119999996,37.89240455,24.860249924999998,44.735392315,37.040107185,38.596214925000005,65.10211534,26.647706859999996,38.188397315,21.505453499999998,33.088366359999995,37373.06,33729.22000000014,271872.50000000064,301243.35000006
"Northern Cheyenne Tribe of the Northern Cheyenne Indian Reservation, Montana",0.09671072977480884,0.12799655854404285,3.4158514469972605,1.6414541049401855e7,0.1466106951571848,0.22974237963042532,3.1799999999999997,895336.9647515771,0.9032892702251911,0.8720034414559572,0.8533893048428152,0.7702576203695747,0.18205457583475243,0.1719417706995206,0.0012084530782560878,0.14648051908778445,0.07330944301077652,0.13861769439877436,0.13684710187397067,0.001605882365546855,0.10574065098006623,0.050354988524354605,-2.406498780047033,-0.6505899705804647,3.0378127390270397,7.339866710374952,11.820009832230411,17.666393531655185,20.701514986025888,20.358239556896088,15.694464474251069,8.75785716836086,2.5785243453733173,-2.563955351660111,8.527803270150438,3.1693481970467032,3.0671195888631577,2.6797095693680753,2.5214033121510973,3.262528871583576,2.7816425593879046,2.7032194332528667,2.8185657091928844,3.077789331645689,2.736274576116682,4.2808309771134025,3.7152819238895423,3.0678095041799387,26.818336429339542,20.855162240606347,35.2069667509341,42.76159364850702,57.948594267567984,39.134289303633174,46.64099202419039,42.321792490403126,31.383014676491296,29.233755781194667,25.20695582526549,18.375536254442313,34.657249141350356,23.612336496661573,16.41922349559603,19.601253955883642,22.194371869134688,35.7018629617961,29.813559528901983,35.5555357370796,24.337374421425743,19.86589145034643,21.856238900609622,22.030848082476076,14.795613917790073,23.815342567972785,-6.003703703499999,-2.011111111166667,1.8148148148333332,8.111111111166666,11.918518518333332,17.67037037,21.677777776666666,20.279629630000002,14.40925926,9.2777777775,0.8092592591666666,-4.957407407333333,7.749691358166667,2.737693016,3.826009050166667,1.9875261488333331,1.9140999056666668,2.279963476,1.8117523756666665,1.8202456373333336,2.198174013666667,2.0852224411666667,2.0191321788333334,5.0784581200000005,4.170058310833334,2.6606945563333335,14.822222220000002,13.16851851833333,19.892592593333337,37.79629629833334,95.82222222666667,59.818518518333335,41.92592592333334,37.41111111,28.953703703333332,30.670370371666667,21.172222221666665,15.538888888333334,34.74938271666667,9.378028884666668,7.7243933965,10.225311522166667,20.128587186666667,63.42937797166667,25.504651941666665,27.839844741666663,31.13559793666667,15.30877473,15.580133726666666,15.286582825000004,16.668398513333333,21.517473616666667,12873.399999989999,11618.23999999998,271872.50000000064,301243.35000006
Jena Band of Choctaw Indians,0.24800000000000003,0.339,3.12,1.179e6,0.16350629121142427,0.24114837413090082,3.077409990067438,1.8236013413534467e6,0.752,0.661,0.8364937087885758,0.7588516258690992,0.28866928330943364,0.23168915872105922,0.2873733987968155,0.14582289739749793,0.23467794795050895,0.5866029851579736,0.45235563163036524,0.5838422417159095,0.34034961449552964,0.47564380458515704,1.2238845142125983,1.5386701663385824,2.6888013999370077,7.036570428307087,10.849081364803151,16.749868766377954,20.9045494307874,19.699387576535436,17.28556430614173,10.350131233622047,2.302799650047244,-1.6059492567874016,9.085279964818898,4.191182995700788,5.853097618259842,3.9827087973779527,3.2494487282047246,2.6628792251732283,4.089387188244094,2.587365387456693,1.602866865527559,4.44081195092126,2.5867962212440943,2.9447093373543307,3.0717599809842517,3.4385845243700786,38.63622047299213,55.388538928740154,35.67777778,22.53333333,52.756517934724414,39.62659667433071,16.85555556,40.69037620574804,20.47777778,21.74444444,36.23333333,27.027559057322833,33.9706692944882,31.488806086614176,64.62728875023622,25.68928657,20.503963029999998,30.992259665984253,44.03306276858268,12.60100305,44.963632829842524,20.9769384,16.92993732,43.43898019000001,38.051817433543306,32.85808134125985,9.681481481333334,10.28888889,13.774074073333336,19.114814813333336,23.714814813333334,27.181481480000002,28.177777776666666,28.518518520000004,23.722222223333336,19.770370370000002,15.177777780000003,7.718518518333334,18.90339506,2.275679022666667,4.908985583333334,5.546553891666667,1.1572632096666668,1.0885198420000002,1.408219166,1.1096039390000003,1.2985985863333334,5.0483371723333335,1.1499854096666668,4.168453484333333,4.273347142333334,2.7861288710000003,130.97777776666666,108.41111113333335,153.44814813333335,122.21111113333332,112.71481483333335,89.31111111,110.38888891,76.35185185,69.63333333333334,107.66666666666667,123.8111111,104.78148146666666,109.14228396666668,96.96834532666668,71.68436802666668,81.11656497666668,90.10272606000001,46.517342760000005,43.387793380000005,43.065206460000006,52.39151025,41.873114720000004,116.52650336666667,78.93753869666666,64.98815487333333,68.96326407666668,334.55999999999995,301.94,271872.50000000064,301243.35000006
"Minnesota Chippewa Tribe, Minnesota (Grand Portage Band)",0.09629300881527232,0.16992055167312764,3.108143356434721,1.1594263944086106e6,0.09899999999999999,0.163,3.13,281000.0,0.9037069911847276,0.8300794483268723,0.901,0.837,0.5381113616086634,0.49754654851891494,0.0010000000000000002,0.3750414651780729,0.4604738581969239,0.3905850151767989,0.364027608883356,0.0009999999999999998,0.27336276216126054,0.3200784671543709,-10.119186494202896,-8.3881433767182,0.20860619059634994,7.801067573187333,13.777473606639823,19.059694639865807,21.58900220656468,20.44520784653247,15.335050991025224,8.23036917763983,-0.025699290337627488,-9.161555436386474,6.56265730263446,2.682123213655931,2.6891496812646265,2.5945212504567894,2.105582670079441,1.3110239394138483,1.9919569397933434,1.0720046159071388,1.617961984083199,1.927490286675255,2.2107546191594203,2.881038396393451,3.723990527608696,2.233966510541599,20.39976143944175,16.55191745323135,41.70371563381108,45.668306791239935,79.4963738312775,128.16923121202362,106.74526750757917,105.75596709506172,83.12886025771336,68.96697083948472,42.12945667017176,21.928740981572727,63.38704747599033,13.955385298314546,9.658300441344604,25.358307663247448,23.88260399172303,32.44052005027911,45.93157572147074,40.48406625456791,44.44654463573269,50.56243251235106,39.28417405464842,33.24171208312399,14.661787437364467,31.15895084498658,-11.955555560000002,-10.133333333500001,-2.1777777775,4.433333333,10.75,16.08888889,18.794444445,18.07777778,13.01111111,5.988888888499999,-1.8944444444999997,-9.199999998500001,4.3152777775,2.526196929,2.3572405825,3.6804762335,2.1913991009999996,1.433333723,3.541258788,1.852747215,1.6419500509999998,3.5356690009999996,1.7288037445,3.9378277329999998,7.6688108249999996,3.0079761605,34.96666667,19.3,26.25,39.366666665,74.07222222,103.25,114.3777778,83.12777777999999,103.483333345,67.82777778,51.58888889,36.85,62.871759265,15.480685339999999,8.363933929,15.785697895000002,16.519890569999998,25.323755140000003,39.1295641,24.757296805,33.512640705,48.671542835,26.747764395,23.83108262,11.321904508,24.120479905,3837.5,3463.3500000000013,271872.50000000064,301243.35000006
"Pyramid Lake Paiute Tribe of the Pyramid Lake Reservation, Nevada",0.10671163645088495,0.15046052473980195,3.2182265348440806,1.9405454204295182e6,0.1120181721483174,0.1680847302338794,3.4199473242596086,2.930110922290315e7,0.893288363549115,0.849539475260198,0.8879818278516826,0.8319152697661206,0.0927830765495786,0.09232821979022744,0.0009999999999999998,0.04957642955309161,0.011537647058846724,0.03370420930364877,0.02852215800010752,0.010327151544202719,0.007683054092331389,0.0010230100217784343,6.08925373134627,10.34381426385075,11.043582089770153,13.025439469492541,16.414792700776122,21.502089550388064,23.0028855718209,23.90311774540299,20.31993366498508,17.15472637143284,10.228888891540299,6.6609286899373155,14.974121061194035,4.630304346089552,1.7323440277402993,1.7875225345194035,3.871870796758211,3.088072982961195,1.8317533828716424,3.1649291816388074,1.8284663445343288,3.3942209531940315,2.1489446138895527,2.5072144741731344,3.759818830229853,2.8121218725402994,132.43031505725378,118.88922056286569,80.7862686606269,57.853631841194044,42.52308457710449,12.453731343892539,5.048490878197015,6.872238805820897,9.235323383558214,49.91529021110449,71.3796351615224,114.90378109229853,58.52425096080598,99.12072522743287,75.67340585319404,51.81386171898507,39.52057209235822,30.042168043301505,9.887607993558214,5.557189220047763,12.042227303653737,12.466313054576124,52.41028693985075,80.33207186289555,74.37002220444779,45.26970429274629,0.4916666667499999,3.45277777775,5.0194444444999995,9.86944444325,13.105555555,18.294444447500002,22.7111111125,22.075000000000006,16.52222222,11.9694444425,3.886111110999999,0.07777777775,10.62291666675,2.232096447,4.233105741,2.05876378875,2.686624663,2.0403954942499998,2.2308115500000003,2.84451424275,1.7797508814999998,1.591870669,3.33557621325,2.14661891175,2.97499362925,2.51292685275,51.369444445,30.71388889,20.04722222,18.4111111075,27.23611111,17.57777778,9.2694444435,15.744444445000001,10.2361111115,20.477777780000004,27.9166666675,45.8194444425,24.568287037500003,51.7214701175,20.011472215,21.838320205,12.638807038000001,18.155403665,19.673733315,8.3685513455,23.888630765000002,11.388925119750002,23.32945573,36.448126895,45.981489535,24.453698829999997,800.0,722.0000000000001,271872.50000000064,301243.35000006
Lac Courte Oreilles Band of Lake Superior Chippewa Indians of Wisconsin,0.095097746515104,0.16479623632964568,3.1140790256832327,2.362347385537105e6,0.11600000000000002,0.224,3.0,965000.0,0.9049022534848961,0.8352037636703543,0.884,0.776,0.4946351333752433,0.4458837174028174,0.0010000000000000033,0.3764921881449549,0.4386693179571392,0.433424743723885,0.4041571227320506,0.0009999999999999979,0.24998240144653047,0.4100168293558134,-10.385237552232478,-8.899639496682836,-0.15070033573716318,7.283408575985858,13.414367215250769,18.5277488399494,21.216426056730146,20.129913512513756,14.98207735994345,7.933068743688634,-0.4081824346233069,-9.506161630515999,6.1780907379115915,2.605460593991069,2.6236699682900726,2.543942535749665,2.1972412434325026,1.3095521955578215,1.882703678754577,0.9804806761056698,1.4331622650668228,1.914862024619291,2.043922406176662,3.101728605700252,4.047847998624196,2.2237145158868863,21.21877759567644,16.484703409805014,42.074336459578795,46.44628664945082,81.68644474232318,122.86830216156268,97.18018224368508,106.13673165917844,93.79913677743116,65.94947164867688,45.337133501616286,27.167157810709924,63.86238872214019,13.603634362360456,7.585278646662888,24.91854403084536,21.857154270199427,31.567868535762752,42.989410121595455,31.675972161217405,44.45209089349303,49.46239029398269,27.540496761241222,34.62897540565113,19.219056024099714,29.12507262539216,-10.3,-7.033333333,-1.133333333,6.2,12.45555556,17.86666667,20.78888889,19.85555556,14.08888889,7.500000000000001,-0.377777778,-8.822222222,5.924074075,2.103568397,5.147329405,2.6,2.202271555,1.354724244,1.639359631,1.115173131,1.632567848,1.543894786,2.094039159,2.699434097,4.617569106,2.395827613,26.5,13.744444439999999,32.27777778,53.1,74.7,112.7333333,88.67777778,111.9666667,111.8444444,77.68888889,46.13333333,36.18888889,65.46296296,20.86953521,7.584871639,16.71143155,24.71360961,17.28351816,40.91112318,43.91178025,53.23523269,60.227238670000006,30.40425317,28.792967890000003,36.33739274,31.74857956,11710.490000000003,10568.729999999992,271872.50000000064,301243.35000006
Port Gamble S'Klallam Tribe,0.1377015420582999,0.24004483978924274,4.073801902353933,4.123913748814764e6,0.112,0.165,3.44,1.7064e7,0.8622984579417001,0.7599551602107573,0.888,0.835,0.47082448323699516,0.46645004961722075,0.0009999999999999998,0.33850097115555366,0.4106236673394743,0.4965771712598416,0.4692087775816397,0.0010000000000000002,0.3021938131686998,0.45631318464851395,0.43185503121888424,2.8493085359999997,4.3269909392188834,7.736576060708154,11.358559848154506,14.94663805248927,20.662374821201716,18.388984264334763,14.304101096051502,9.33199809251502,2.7099666187939913,-2.0528373864849785,8.749542997824035,3.285515677274678,3.252751310218884,2.671285971467811,2.11005013855794,1.8087762008369097,2.306801589596567,2.4959038402060085,1.444630099334764,2.2355807233991416,1.6381780413605151,2.789584161472103,2.883002333918455,2.410171674218884,81.42164997652361,41.04563662708154,54.37501192034335,32.36070576905579,36.59856938596567,25.947448737381976,12.79732951690987,14.997901767381975,18.86256557025751,30.606294708927038,60.212255601030044,104.32951836841201,42.79624066300429,91.5937247593133,36.296110773304726,52.91520257892704,17.260612012060086,20.821057427768242,20.409812278798285,12.3598989567382,20.992610303991416,19.626497042446353,28.65245297776824,56.20447317502146,108.52213219948499,40.47121537463519,3.633333333,5.6555555559999995,7.544444444,11.53333333,13.75555556,16.42222222,19.5,17.3,15.799999999999999,11.75555556,6.977777778000001,3.966666667,11.153703700000001,3.995935435,4.160862624,1.257090998,4.102133591,3.026182046,4.442909457,4.244408086,2.690724809,1.815213486,4.112210814,4.554058019,2.753633963,3.429613611,140.9444444,93.95555555999998,94.37777778000002,52.38888889,55.98888889,48.96666667,27.7,25.63333333,35.95555556,105.21111110000001,148.0888889,142.7444444,80.99629629,69.71162226,37.17627305,30.959238429999996,25.845572369999996,21.75037037,26.07465244,29.296928170000005,15.946394580000002,27.364763430000004,60.62883894,91.75823457,62.17059415999999,41.5569569,480.0,433.20000000000005,271872.50000000064,301243.35000006
Summit Lake Paiute Tribe of Nevada,0.10671163645088495,0.15046052473980195,3.2182265348440806,1.9405454204295182e6,0.09900000000000002,0.158,3.2299999999999995,912000.0,0.893288363549115,0.849539475260198,0.901,0.842,0.0927830765495786,0.09232821979022744,0.0009999999999999998,0.04957642955309161,0.011537647058846724,0.08668148322320711,0.08668148322320711,0.010609479396703064,0.020693450775411404,0.0054139155814396794,6.08925373134627,10.34381426385075,11.043582089770153,13.025439469492541,16.414792700776122,21.502089550388064,23.0028855718209,23.90311774540299,20.31993366498508,17.15472637143284,10.228888891540299,6.6609286899373155,14.974121061194035,4.630304346089552,1.7323440277402993,1.7875225345194035,3.871870796758211,3.088072982961195,1.8317533828716424,3.1649291816388074,1.8284663445343288,3.3942209531940315,2.1489446138895527,2.5072144741731344,3.759818830229853,2.8121218725402994,132.43031505725378,118.88922056286569,80.7862686606269,57.853631841194044,42.52308457710449,12.453731343892539,5.048490878197015,6.872238805820897,9.235323383558214,49.91529021110449,71.3796351615224,114.90378109229853,58.52425096080598,99.12072522743287,75.67340585319404,51.81386171898507,39.52057209235822,30.042168043301505,9.887607993558214,5.557189220047763,12.042227303653737,12.466313054576124,52.41028693985075,80.33207186289555,74.37002220444779,45.26970429274629,-1.4777777774999998,1.1333333335,2.2111111109999997,6.761111111,9.766666669,14.69444444,19.88333333,18.2,13.444444445000002,7.95,1.2444444444999998,-2.6833333335000003,7.593981480999999,3.0132904565000005,4.071815099,1.823654154,2.354284017,1.6062948680000002,2.0053735355,1.6596442345,1.2545352790000002,2.032638445,2.1143476125,2.780091583,3.4241909630000005,2.3450133535,36.888888885,19.444444445000002,24.38888889,23.644444445,38.305555555,16.633333335,14.638888890000002,11.927777777000001,11.13888889,21.955555555,26.96111111,51.105555554999995,24.752777779999995,30.069420599999997,12.749994065,14.066417529999999,13.90457037,19.44253353,16.399804319999998,23.44685428,15.0275270155,11.0343749195,20.75811518,17.387144090000003,47.897256735,20.182001055,800.0,722.0000000000001,271872.50000000064,301243.35000006
The Osage Nation,0.12205524491588854,0.18955563224557395,2.9957981684271364,766796.1652637967,0.153990103548466,0.24696571776974643,3.209845170750867,3.9591201444893256e6,0.8779447550841115,0.8104443677544261,0.846009896451534,0.7530342822302536,0.5488203371512321,0.49672714060937107,0.3206681332510927,0.519488790762865,0.4900940016953921,0.3774161207951463,0.32127760835418484,0.24933042781695985,0.30693447301074434,0.3320218767087474,-0.23605031442716984,1.7414423481162267,8.175375262069814,13.45597484334717,18.07126205475094,24.4244737938,27.202800840237742,26.4449475868717,22.051618449543398,14.921165618784908,7.424683438232079,0.1648805032230189,13.65354786946793,2.653557942751699,3.0394393949988694,1.3910529768622641,1.4890873487018874,1.5303385239098115,1.6495392659671702,1.5482816933528298,1.9685157199347176,1.658799949530566,1.4390514529320757,2.561237449053585,2.849995531429057,1.9815747709433964,36.1705073364868,36.6844737933434,76.01562263932456,63.15474213847545,131.11382808566043,136.53962684310946,99.51782390299249,98.09243185668676,72.58607127905663,55.255203355917004,45.611798740675475,34.471463314418884,73.76779944080756,19.4418719878702,20.59401999125661,37.3328508314755,32.37755313941888,70.50274382613584,60.20651094877737,57.98243349510191,47.698249805094356,40.02471697486791,34.83995876814719,38.68421578689057,33.9042445537283,41.13244751007547,1.4092592591666666,2.075925926,8.4555555555,14.522222220000002,19.201851851666667,24.711111111666668,27.312962961666667,27.420370370000004,22.137037038333336,15.635185185000003,8.820370370500003,1.4537037038333334,14.429629630000003,3.7672595333333336,7.605372761833335,4.6927797015,2.9705829261666676,2.479407805666667,2.7016308311666672,2.693006349166667,3.0918469880000004,4.412115398333334,3.165708149833334,2.8488077898333337,3.1960892591666674,3.6353839580000002,40.44444444666667,53.729629630000005,87.29074074166668,87.11481481666668,125.16111110333334,164.7740740666667,89.54814815000002,76.75555555500003,94.00370370166667,71.21481481333333,49.259259258333344,32.60000000000001,80.99135802500003,23.84216639666667,43.871019423333344,54.07718270000001,50.08989102666667,57.997781266666664,69.31045785333333,55.72927590333335,51.15760299500001,53.66359429166667,49.298250886666665,39.52556642333334,22.642688366666672,47.600456461666674,5698.96,5143.34,271872.50000000064,301243.35000006
Jamestown S'Klallam Tribe,0.1377015420582999,0.24004483978924274,4.073801902353933,4.123913748814764e6,0.147,0.252,3.31,6.145e6,0.8622984579417001,0.7599551602107573,0.853,0.748,0.47082448323699516,0.46645004961722075,0.0009999999999999998,0.33850097115555366,0.4106236673394743,0.23840793108308586,0.23840793108308586,0.0009999999999999998,0.1724246541083563,0.1520099599928208,0.43185503121888424,2.8493085359999997,4.3269909392188834,7.736576060708154,11.358559848154506,14.94663805248927,20.662374821201716,18.388984264334763,14.304101096051502,9.33199809251502,2.7099666187939913,-2.0528373864849785,8.749542997824035,3.285515677274678,3.252751310218884,2.671285971467811,2.11005013855794,1.8087762008369097,2.306801589596567,2.4959038402060085,1.444630099334764,2.2355807233991416,1.6381780413605151,2.789584161472103,2.883002333918455,2.410171674218884,81.42164997652361,41.04563662708154,54.37501192034335,32.36070576905579,36.59856938596567,25.947448737381976,12.79732951690987,14.997901767381975,18.86256557025751,30.606294708927038,60.212255601030044,104.32951836841201,42.79624066300429,91.5937247593133,36.296110773304726,52.91520257892704,17.260612012060086,20.821057427768242,20.409812278798285,12.3598989567382,20.992610303991416,19.626497042446353,28.65245297776824,56.20447317502146,108.52213219948499,40.47121537463519,3.616666667,4.6666666665,6.7055555555,9.944444443,12.49444444,15.266666664999999,17.98888889,17.28888889,14.888888890000002,10.35,4.716666666499999,3.1555555555,10.090277779000001,1.7643593215,3.23604212,1.337528533,2.2347238419999997,1.7707194849999999,2.660168977,2.207436966,1.5537614704999998,1.0538444145,4.8639637745,3.0021851100000005,2.0882359979999996,2.3144141675,229.05555555,175.30555555,170.18888890000002,112.72222225,116.2666667,99.09999997999999,29.927777775,67.92222222000001,90.71666666,238.27222225,348.60555555,277.9277778,163.0009259,135.172889575,86.53714843,63.791907645,49.257634044999996,62.142047205000004,60.11287945000001,24.325363965,48.9387882,52.65461165999999,176.74767759999997,226.75517055,125.33798006,92.64784155,480.0,433.20000000000005,271872.50000000064,301243.35000006
Cow Creek Band of Umpqua Tribe of Indians,0.14805141734213226,0.22167144900150548,3.2820695665771233,6.406445454321257e6,0.147,0.22599999999999998,3.1600000000000006,8.494e6,0.8519485826578678,0.7783285509984945,0.853,0.774,0.3829285693279479,0.369270705388285,0.0009999999999999998,0.15269333587999437,0.24367933517419402,0.2963750000349256,0.29238416281162133,0.0014745736872325312,0.13661230614991782,0.19572302112639944,6.911111111233645,9.09465212882243,10.495404982742992,12.296832812453273,15.388888887757012,19.234942886074762,20.155477672196263,23.78579958523364,19.429309448504675,16.629543096425234,10.172170301233644,7.682294911934579,14.273035651892522,2.8688668690677566,3.388990324556075,2.2871084304929905,2.6406414932897193,3.2310031429836448,4.262105026530374,3.5962559178995326,1.7051800968247661,3.813834365359813,2.987289691100467,2.084268811343458,1.7864929340046731,2.887669758558411,170.7452751792056,109.43756489892525,105.32261161915889,65.79306853621496,48.927362408060745,16.251635513224304,2.3546988578504666,3.3726116302196263,13.29171858861215,49.8970145363785,59.94646936471963,157.04537901261682,66.86545084495327,129.66074557088785,90.51743075649533,104.45574014754675,53.05383068773365,34.201375270093465,17.107756520373833,3.092787054885514,6.182474244469627,16.319343636892523,41.53616759383177,60.48220469373831,136.983044395514,57.799408381705604,3.1055555554999996,4.702777777750001,6.3694444445,9.747222222249999,12.461111110000001,16.0416666675,20.41111111,19.405555555000003,16.08888889,11.163888887499999,4.5083333334999995,2.488888889,10.54120370325,2.38856920025,3.7295004652499997,1.6040431245,2.1109329005000004,1.7851975495,2.2897124347499997,2.1977639445,1.52789031425,1.51290047,2.9419912315,3.01142691875,2.573459847,2.3061157,143.41111112500002,79.79166667,91.54722222250001,73.46388889,59.944444444999995,39.58611111250001,23.180555555,13.830555555,29.56111111,69.3138888875,115.08333334750002,174.75555555,76.12245370500001,97.26967463749999,45.27611616,38.27832518,46.1562527425,32.8748682075,22.9986082375,27.0903862275,17.585311599999997,27.763655925000002,30.2744530475,68.36983158,119.161575355,47.758254907499996,1097.27,990.3000000000001,271872.50000000064,301243.35000006
"Pinoleville Pomo Nation, California",0.1036104679669343,0.14098656812193353,3.8578462234564634,2.3525918397829648e7,0.135,0.194,3.53,7.022e6,0.8963895320330657,0.8590134318780664,0.865,0.806,0.39395790753372956,0.3932780325513505,0.1812751991883092,0.1139075470798968,0.18671168856034231,0.5570193653720185,0.5386274236495568,0.39235593272391,0.40992930574618125,0.4613209420304323,7.787740858812923,10.07176452810013,11.2563445104456,14.127006523199812,16.930081422462447,19.847291760805632,22.915263235698667,21.78785718050067,19.759692509021384,17.378308805557563,10.789915540673643,7.984387801485204,15.05297122360946,2.34489342172872,2.1946838051811546,2.417022695829766,2.089352826116067,1.776236114472006,3.4071458713281726,2.765079545625852,3.435690733946744,2.6649848169799717,2.066170394166134,2.2962798808042773,2.0642382735625846,2.460148198381884,157.04398420798813,111.62219188584426,92.11064077276282,35.373337379217084,28.952414908575314,7.539230263715519,3.5891721041010443,3.4967430335607617,7.650209882242599,28.76724321088301,41.46555909584889,117.69919082549833,52.94249313065086,160.70489684654524,101.19513991447424,76.86047789361399,25.451240300700942,26.839225185402814,12.012366982135175,5.939866919516156,8.12178171977651,10.551139327970867,32.37051065618569,38.83358847717793,124.22910977950377,51.9257786654119,7.544444444000001,7.911111111,8.888888889,10.55555556,13.288888890000003,18.07777778,19.96666667,19.34444444,17.72222222,13.84444444,8.866666667,7.2,12.767592589999998,1.170588646,4.060924908,1.287870766,2.114894271,1.8956822279999999,3.078464625,0.8746427839999998,0.585472269,1.210142324,2.374400509,1.670329309,1.679285562,1.833558183,227.68888890000002,151.1666667,153.1,72.73333333,56.22222222,18.84444444,5.444444444,7.888888889,13.62222222,53.57777778,85.13333333,238.68888890000002,90.34259260000002,167.3344663,103.5033937,133.0740771,41.33566862,37.25958862,21.35884542,11.12251221,18.94369581,16.7195079,42.01832272,60.31944131,183.7245795,69.72617493,2685.95,2424.050000000001,271872.50000000064,301243.35000006
Mississippi Band of Choctaw Indians,0.24800000000000003,0.339,3.12,1.179e6,0.1972161834736489,0.24557510467795243,2.971578059209473,2.560867063239762e6,0.752,0.661,0.8027838165263511,0.7544248953220476,0.28866928330943364,0.23168915872105922,0.2873733987968155,0.14582289739749793,0.23467794795050895,0.5151935785264556,0.3767264635660659,0.5139194712013128,0.2761428548707277,0.3793785455499145,1.2238845142125983,1.5386701663385824,2.6888013999370077,7.036570428307087,10.849081364803151,16.749868766377954,20.9045494307874,19.699387576535436,17.28556430614173,10.350131233622047,2.302799650047244,-1.6059492567874016,9.085279964818898,4.191182995700788,5.853097618259842,3.9827087973779527,3.2494487282047246,2.6628792251732283,4.089387188244094,2.587365387456693,1.602866865527559,4.44081195092126,2.5867962212440943,2.9447093373543307,3.0717599809842517,3.4385845243700786,38.63622047299213,55.388538928740154,35.67777778,22.53333333,52.756517934724414,39.62659667433071,16.85555556,40.69037620574804,20.47777778,21.74444444,36.23333333,27.027559057322833,33.9706692944882,31.488806086614176,64.62728875023622,25.68928657,20.503963029999998,30.992259665984253,44.03306276858268,12.60100305,44.963632829842524,20.9769384,16.92993732,43.43898019000001,38.051817433543306,32.85808134125985,5.636666666800001,5.353333333300001,11.448888888000004,16.105555555000002,21.121111110000005,25.144444445000005,27.002222222000004,27.030000000000005,22.792222222000003,16.946666666000006,11.835555556000005,5.236666666600002,16.304444445000005,5.119469746400001,9.266141514000001,5.7286403533,3.069047335300001,2.971652069900001,2.2932249046000006,1.8800235989000007,2.0851863926000007,4.390633501600001,3.3210064252000016,3.591478148,4.869906047900001,4.0488675032,118.78555555000003,109.44333333900002,134.84777777000002,134.67888889000002,106.05444444600003,86.52333333100002,118.54444444000002,105.46000001200002,65.28555555500003,77.24222222200002,103.54444444100004,88.338888889,104.06240741,68.40726621200001,71.32228694700002,93.096696691,73.872940622,48.23824163700002,31.58510595300001,49.746684004000016,58.82159918500002,37.67902248200001,68.99700541600002,59.69275676900001,69.188673722,60.887356638000014,334.55999999999995,301.94,271872.50000000064,301243.35000006
Lac Vieux Desert Band of Lake Superior Chippewa Indians of Michigan,0.09508431520093981,0.16478649409849738,3.1167208946400304,2.338753377998504e6,0.146,0.187,3.04,1.158e6,0.9049156847990601,0.8352135059015027,0.854,0.813,0.49152457551964357,0.44338062251877264,0.0010000000000000033,0.3736949218711192,0.43463626329061195,0.36173648310414613,0.3509983366945477,0.001,0.20119831853441528,0.3241413337593596,-10.323762570862993,-8.82768866003002,-0.1336669119861662,7.269923963675789,13.37965824335981,18.490777534119207,21.204187720955094,20.112801897068426,14.961523996894785,7.928784236768791,-0.41331044075437806,-9.450293515801766,6.183244624505663,2.608862951835466,2.6194532738314935,2.541148702067697,2.184889595676083,1.3147294420784403,1.8761623974563653,0.996431898523914,1.432940440560998,1.9164831163339242,2.0396666964958046,3.105834022608682,4.034423169730092,2.222585475479616,21.9918027959426,16.448834925939646,41.99173248381898,46.351817512532755,81.70629384371294,122.17203662841499,96.38386723013689,105.3618428610125,93.1623023476527,65.6496656048418,45.11650396493302,27.019390073927887,63.61300752322295,15.994702585886667,7.622467301290353,24.837494923133185,21.86123246917586,31.74513002515231,42.954538255293585,31.465287021312694,44.22580907282114,49.19893485027369,27.420291099841027,34.37354599437968,19.10268352561707,29.23350976020161,-11.14444444,-10.5,-2.422222222,4.377777778,10.8,16.23333333,18.71111111,17.85555556,12.68888889,5.833333333,-1.8555555559999999,-9.611111111,4.247222223,1.753646993,2.060339778,2.731655989,2.358907468,1.54677083,2.675350444,1.9464354889999997,1.64629213,2.916095182,2.034084561,3.143290915,4.76509298,2.46483023,44.17777778,17.97777778,35.0,56.53333333,74.86666667,105.2777778,117.9333333,99.26666667,122.50000000000001,86.87777778,58.42222222,36.76666667,71.3,63.540730589999995,5.733406007,22.605475,40.00181246,40.31169185,34.67213499,34.28593006,41.16132894,59.14207470000001,40.60359522,33.14195897,20.65623393,36.32136439,11872.650000000003,10715.089999999993,271872.50000000064,301243.35000006
Nisqually Indian Tribe,0.11487873096496828,0.16739575714583085,3.39628914434382,3.517514331936831e7,0.11626475664261329,0.16857065929965862,3.3761180531409067,4.396282221217101e7,0.8851212690350317,0.8326042428541691,0.8837352433573867,0.8314293407003414,0.47917373685404,0.46460905196212,0.0009388469818878747,0.25055972430083256,0.38657158691245697,0.41089157227510137,0.40811860484213525,0.0010000000000000002,0.19134293604210126,0.3536547604485944,1.7392853038510858,4.254693783555326,4.851752269111687,8.549350798511894,12.829690912688728,16.986418476308174,21.085568194860393,18.4443180488211,16.646891877300934,10.48852119950155,4.553062162589453,0.04176720668769368,10.039276685920372,3.417552111853154,2.5847684702926577,2.9623116673464325,2.46168199723061,1.9251367118686662,3.267246091695967,2.1099638304250257,1.7295719970734231,3.2984177787745605,2.366003458046536,3.7222423795987587,3.1332044272523265,2.7481750767549125,106.66492013106517,91.16693094657703,98.5639089979214,44.40876709219235,56.19149718448811,31.680845686949326,15.466218545472598,18.25559002623992,29.899333564395032,54.282155578014475,70.78312076346432,141.12887508903827,63.20768030025854,117.22132548980352,79.29954503519131,100.76772870216134,35.71582958796277,36.95277021061013,27.1861331616029,13.011846042016545,18.912540480446744,32.14412137930714,49.31502738180972,79.02010219222339,117.78377821171667,58.94422898995863,4.0,4.816666667,7.261111111000001,10.649999999999999,12.633333335,15.255555560000003,18.46111111,18.11111111,15.500000000000002,10.561111113499999,5.2,3.3333333334999993,10.481944445,2.1297111435,3.19212127,1.430800077,2.5524193494999996,1.2967929185,1.4266678044999999,1.6628876195000002,1.9652880275,1.502622879,3.1638503705,2.8987010775,2.4217362639999997,2.1369665665,159.5611111,119.0388889,120.26666665,75.25555555499999,68.2,58.183333335,26.144444445,24.433333335000004,47.63888888500001,116.71111110000001,187.1388889,159.29444445,96.82222223,104.310128985,64.614523175,57.03434875,35.218798144999994,34.042938255,24.457082805000002,24.16408525,14.20506986,38.14833995,65.25426362,113.62910935000001,86.87465953,55.16277897,1923.0,1735.5100000000002,271872.50000000064,301243.35000006
Omaha Tribe of Nebraska,0.09159203176949107,0.13732335273290186,2.9955116547978413,791672.9152033882,0.1621764635154987,0.23459119199236078,2.9437797583017415,601305.687492065,0.908407968230509,0.8626766472670981,0.8378235364845013,0.7654088080076392,0.7376102586744588,0.6279601253829299,0.001819142019205062,0.7202779189549567,0.7007607175985802,0.6884328089990006,0.5696985934835094,0.00102286139486395,0.664994943365482,0.6478236030163257,-6.822275245627451,-4.827876935644823,2.964965326021296,9.560034987304583,15.086937461237707,21.20723372373983,23.283194512026373,22.240995003137883,17.674211016032313,10.16289699708521,1.5618231691368452,-6.447280568839644,8.803738287185965,2.880746735356925,3.0826427252793667,1.9289538287224945,1.9016290978954529,1.4645864806147728,1.594767643598011,0.9952960940102924,1.3812572888023877,1.8848442555935778,1.5858400071533798,3.6633323637374104,3.8299750524373595,2.1828226310915655,14.962478237997564,13.144618961722047,42.17910210895152,65.77722625083891,103.02778883796319,121.12590170753661,89.48492299218579,93.90257518687069,78.47385947602277,44.09021697846493,33.64337354020132,21.39705323597146,60.10075979331168,9.36944741315167,11.62529903655924,24.866654762364607,38.440123598219245,37.2764811766996,61.602392013785675,55.85425857603898,45.73455088001789,46.312603668888805,18.098009633556455,27.432025525205614,19.401224448282957,33.001089227080314,-5.6444444444999995,-2.4000000000000004,3.1722222220000003,10.572222219999999,15.772222225,21.744444445000003,24.633333335,23.172222225000002,17.47777778,10.93888889,3.4944444445,-6.022222222000001,9.742592593000001,3.0516993995,6.291955315000001,2.5412841945,1.6395577175,1.391675904,2.358326615,1.8952790655,2.4226934815,2.3872151914999997,1.4416619055000002,6.405018934,3.2511028670000006,2.923122549,20.816666670000004,32.66111111,47.72222222,75.56111111499999,109.50555555,123.1,85.58888888999999,79.05,75.32777778,56.40555555499999,37.62777778,44.59444444499999,65.66342592500001,18.451979635,53.61136694500001,30.451534700000003,36.613876770000005,45.9514389,62.450629815,60.91731861499999,43.23647978,40.72742219,32.32539399499999,25.972441139999997,58.538697799999994,42.43738169,57307.58000000001,51720.13000000027,271872.50000000064,301243.35000006
"Rincon Band of Luiseno Mission Indians of Rincon Reservation, California",0.10743636304786137,0.15100126991883167,3.252675204176721,3.321796739323771e8,0.096,0.126,3.52,1.88159e8,0.8925636369521386,0.8489987300811683,0.904,0.874,0.1963860848017627,0.1963860848017627,0.06634087072529894,0.09242110904923734,0.0561393466685583,0.15760970533106658,0.15760970533106658,0.07435762634190232,0.0832615953377016,0.05864297771304655,10.653058880657243,11.377245797644182,12.15273243887922,13.59228630027204,14.826568733971717,18.09515778089228,19.746203603313386,21.3350622657073,19.045641397959745,17.08948131990207,12.631864345571275,10.558608390575088,15.091992604368887,1.7326808256093589,2.3706805619782374,2.285490947151796,1.7440132881664856,2.296864633867248,2.8659926122747557,3.1894680115984784,3.0907837053699674,2.048712570745377,2.0295019436109913,1.984217975230686,1.9655689050457028,2.3003313318286187,93.43608390397172,117.0625559214364,73.72752387841678,28.70875347661045,16.310186192796525,2.582704630661045,3.348809091877585,3.0264176037236146,4.309744891717084,18.08611413147987,24.16505259339501,51.15763511081067,36.32679845243744,90.01908615192058,117.8718721045539,73.61156635551144,22.90293182995104,14.649115084076177,4.275396973916215,6.0084470283057705,4.6493418518901,7.449351785866704,21.118111099336243,34.34298588182264,69.17999678774211,38.839850245511435,8.288888889,8.211111111,9.477777778,11.23333333,13.66666667,17.8,21.42222222,21.8,19.22222222,15.08888889,11.01111111,8.644444444,13.82222222,1.027672667,3.0563231360000005,1.2637026719999997,1.467991826,1.553222457,1.7334935819999997,2.709602267,1.538668255,1.488940712,2.394496004,1.59173211,1.510886421,1.778061009,116.3,92.57777778,65.82222222,37.26666667,19.56666667,4.122222222,10.144444440000001,12.1,6.822222222,17.72222222,36.1,43.68888889000001,38.51944444,97.49667943,77.92768728,52.33817386999999,16.54486325,18.77072188,5.417512754,10.33865454,17.68954493,8.749253936,16.65351147,47.2032573,54.76094513,35.32423381,4348.87000001,3924.870000000002,271872.50000000064,301243.35000006
Sac & Fox Nation of Missouri in Kansas and Nebraska,0.08378006019524369,0.13083600320902447,3.0117451651555713,965151.3338821447,0.13167106274607682,0.22301318823823046,3.039802176426543,580895.2627959948,0.9162199398047564,0.8691639967909756,0.8683289372539231,0.7769868117617695,0.7481471196672874,0.6540660717667265,0.000999999999999994,0.7341694624277112,0.7184319101698796,0.8298846391248865,0.6540761934383941,0.0010000000000000002,0.7247162502712391,0.8123573376512782,-7.636288910581817,-5.737469995295184,2.338929319563122,9.075308005286402,14.831862548603546,20.820448365681663,22.79821977642598,21.747933579296966,17.17734864002406,9.667277265466742,1.03794370267578,-7.272922277625367,8.237382501673375,2.7690438369408645,3.006218043359587,1.9228015986145783,2.0526466502802703,1.4913467942660632,1.5913848891656661,0.9484899092881222,1.380480545378432,1.834904485776864,1.6414194210787914,3.5771404031899636,3.9447475037962856,2.1800520067310805,14.511403358596079,12.118331326866091,42.621623721048735,64.94466919985005,103.78780012249914,120.11798623229642,93.86647629377767,102.49794600033938,86.09838086369557,45.08991398184523,31.615430507358887,21.84407133544325,61.592836078867194,8.583285632591624,11.167490486839284,25.992342860657295,37.99849704472471,37.674564616616905,62.08378878934576,55.02236028963793,47.07204870009345,50.68224866507423,17.619814789276237,28.160053700504925,18.87648073771287,33.411081358873496,-0.9638888887499999,0.6249999997500001,6.3722222222500005,13.719444444999999,18.42222222,23.547222222499997,26.3888888875,25.6361111125,19.541666667500003,14.702777777500001,7.12777777775,-2.3250000002499998,12.7328703725,5.15182658425,5.5537162085,3.9037220907499997,2.69708137225,2.1826643832499997,1.9759749305,1.57894661825,1.80047743025,2.878694075,2.39203343475,4.830711392,4.1656058955,3.25928786825,27.633333335000003,43.1527777775,74.3833333325,73.6361111125,105.130555555,130.44444445,104.88333334999999,95.8555555525,85.11944443499999,66.59166666750001,39.75000000000001,39.5499999975,73.84421296500001,18.670806925,49.0123165575,48.885856365,38.507558495,68.42168179500001,40.113190825000004,32.9584095075,42.7401597125,56.68374790749999,47.69232249,19.1471670875,41.242267192499995,42.006290405,37373.06,33729.22000000014,271872.50000000064,301243.35000006
"Eastern Shoshone Tribe of the Wind River Reservation, Wyoming",0.11354598406131446,0.13182588171757406,3.0054378752462023,2.7054215551522482e7,0.14117614446151538,0.19888061353981684,3.372357646417614,2.8927536113836793e6,0.8864540159386856,0.868174118282426,0.8588238555384846,0.8011193864601831,0.3072495388561674,0.2971879480002331,0.0014037518157665747,0.2534863474756968,0.09310563466471873,0.05609539760024144,0.05569457009786642,0.0027993493918918168,0.021838923204164907,0.002574532331752981,-2.290232144458296,-1.3401806608597289,2.543077787143215,7.086974632654582,11.555274735501255,16.288453618074968,21.54174389130159,19.663919311158356,15.425503136019357,8.99581110181423,1.6049283908778413,-3.0247542824591376,8.170876626456606,3.0548681127898023,4.337532036630155,3.5076858309962056,2.953534576546333,3.5889077811061454,3.6550254832169298,3.074864198060234,3.3099056454448155,3.390054103656272,2.92961258846335,3.8658823181524795,3.0465640338462476,3.3928697257620013,36.819891416402655,28.936852944599796,50.33267808666379,40.73037068189969,64.44687821791908,35.19710755413224,37.646087241133074,28.939647102961224,31.792581671314192,29.35800805023586,39.148212112080834,40.97219414027798,38.693375767893805,31.149794104224895,21.122435270994075,27.656765210130548,21.435352972855913,33.601202849928356,21.78809881435128,35.43316340294942,26.594182523559365,20.690833406390034,18.33818316660065,31.374439869283876,37.37856959957453,27.213585099313367,-6.496296296333333,-4.635802469,-0.029629629555555582,5.949382716111111,9.918518518444445,15.38271604888889,20.185185185555557,18.54691358,13.139506173333332,8.029629629777778,-0.3049382717777778,-4.875308642,6.234156378888889,3.1105639564444445,5.878266512666666,2.4648985858888888,4.026717573111111,3.997194629444444,3.950562285333333,3.2757558817777777,3.184990003222223,2.6478310743333333,4.122794151777777,6.587103823111112,4.9054174122222225,4.012674657444445,23.583950617,17.796296296666664,23.271604939,37.43086419777778,69.60740740777777,48.22839506111111,37.371604938888886,31.63950617333333,31.04074073888889,27.196296296666663,26.355555556666665,18.376543208888886,32.65823045333333,17.769103131444446,17.553317302222222,19.267596984999997,25.954731226666667,43.030171653333326,46.96072052111112,53.68980983222222,34.686089348888885,30.19823227,29.595302138999998,25.53437202222222,15.066637324444443,29.942173646666667,5115.92000001,4617.120000000001,271872.50000000064,301243.35000006
Ely Shoshone Tribe of Nevada,0.11354598406131446,0.13182588171757406,3.0054378752462023,2.7054215551522482e7,0.115,0.193,3.12,591000.0,0.8864540159386856,0.868174118282426,0.885,0.8069999999999999,0.3072495388561674,0.2971879480002331,0.0014037518157665747,0.2534863474756968,0.09310563466471873,0.06412660271286598,0.06412660271286598,0.001,0.014414487339391003,0.0020734551081965633,-2.290232144458296,-1.3401806608597289,2.543077787143215,7.086974632654582,11.555274735501255,16.288453618074968,21.54174389130159,19.663919311158356,15.425503136019357,8.99581110181423,1.6049283908778413,-3.0247542824591376,8.170876626456606,3.0548681127898023,4.337532036630155,3.5076858309962056,2.953534576546333,3.5889077811061454,3.6550254832169298,3.074864198060234,3.3099056454448155,3.390054103656272,2.92961258846335,3.8658823181524795,3.0465640338462476,3.3928697257620013,36.819891416402655,28.936852944599796,50.33267808666379,40.73037068189969,64.44687821791908,35.19710755413224,37.646087241133074,28.939647102961224,31.792581671314192,29.35800805023586,39.148212112080834,40.97219414027798,38.693375767893805,31.149794104224895,21.122435270994075,27.656765210130548,21.435352972855913,33.601202849928356,21.78809881435128,35.43316340294942,26.594182523559365,20.690833406390034,18.33818316660065,31.374439869283876,37.37856959957453,27.213585099313367,-1.9074074073333336,0.588888889,1.3296296293333334,5.396296296333333,9.122222221000001,14.970370370000003,19.811111110000002,17.97407407666667,13.781481483333334,8.848148147333333,1.6888888886666666,-2.396296296,7.433950617333333,4.772760445333334,5.14993696,2.388736221666667,2.399994739333333,2.7072910363333333,2.9505244493333334,2.4219419336666665,1.2961065303333335,2.0208205206666667,4.797516956333333,4.5302561216666675,2.9639628743333333,3.1999873990000003,34.322222223333334,38.92962963,32.86296296333334,34.04444444666667,50.15555555333333,18.081481483333334,15.477777776666665,38.748148150000006,23.085185183333337,27.15555555666667,30.107407406666667,25.000000000000004,30.66419753,21.905745913333334,27.020789710000006,14.878421860000001,20.474755016666666,22.89820372,13.134621665333334,15.48606557666667,49.61178987,19.05757146666667,15.799408000000003,23.89146981333333,24.131234253333332,22.357506406666666,5115.92000001,4617.120000000001,271872.50000000064,301243.35000006
Timbisha Shoshone Tribe,0.11354598406131446,0.13182588171757406,3.0054378752462023,2.7054215551522482e7,0.1352905976342332,0.2069852739423407,3.338669724014972,1.6747403068893403e6,0.8864540159386856,0.868174118282426,0.8647094023657668,0.7930147260576593,0.3072495388561674,0.2971879480002331,0.0014037518157665747,0.2534863474756968,0.09310563466471873,0.03963632128744971,0.03630652234249261,0.006388627976409937,0.010661776937097857,0.0011899809591822974,-2.290232144458296,-1.3401806608597289,2.543077787143215,7.086974632654582,11.555274735501255,16.288453618074968,21.54174389130159,19.663919311158356,15.425503136019357,8.99581110181423,1.6049283908778413,-3.0247542824591376,8.170876626456606,3.0548681127898023,4.337532036630155,3.5076858309962056,2.953534576546333,3.5889077811061454,3.6550254832169298,3.074864198060234,3.3099056454448155,3.390054103656272,2.92961258846335,3.8658823181524795,3.0465640338462476,3.3928697257620013,36.819891416402655,28.936852944599796,50.33267808666379,40.73037068189969,64.44687821791908,35.19710755413224,37.646087241133074,28.939647102961224,31.792581671314192,29.35800805023586,39.148212112080834,40.97219414027798,38.693375767893805,31.149794104224895,21.122435270994075,27.656765210130548,21.435352972855913,33.601202849928356,21.78809881435128,35.43316340294942,26.594182523559365,20.690833406390034,18.33818316660065,31.374439869283876,37.37856959957453,27.213585099313367,4.51111111125,6.0444444445,7.8888888900000005,11.54722222275,15.702777777500001,21.10277778,25.355555555,24.0999999975,19.619444445,14.65,7.7805555565,4.405555555499999,13.559027777499999,1.48307116575,2.37868779925,2.37346783625,2.7126254395,2.7389140170000004,3.6940497117500004,3.4151210985000002,2.58984891775,3.0462361249999996,1.4882011345,2.35830500625,2.6754785455,2.5795005665,60.9055555475,37.330555555,24.5916666675,20.230555555000002,14.563888888000001,5.25,11.3916666675,11.047222223000002,12.063888888249998,7.725,7.96388888825,25.83055555275,19.90787037,57.153463782500005,39.2192277,22.469067637499997,25.079346015,15.274600317500001,6.73971268375,14.7018569325,14.573919557499998,14.481971359999998,7.63431555675,12.446478672999998,26.39806119,21.34766845,5115.92000001,4617.120000000001,271872.50000000064,301243.35000006
St. Croix Chippewa Indians of Wisconsin,0.09629300881527232,0.16992055167312764,3.108143356434721,1.1594263944086106e6,0.09700517515022355,0.18360633140488966,3.1851943387309163,1.5154593112462228e6,0.9037069911847276,0.8300794483268723,0.9029948248497764,0.8163936685951103,0.5381113616086634,0.49754654851891494,0.0010000000000000002,0.3750414651780729,0.4604738581969239,0.3440545666797694,0.3200673585177242,0.0010000000000000002,0.20776229812067723,0.31170878076418945,-10.119186494202896,-8.3881433767182,0.20860619059634994,7.801067573187333,13.777473606639823,19.059694639865807,21.58900220656468,20.44520784653247,15.335050991025224,8.23036917763983,-0.025699290337627488,-9.161555436386474,6.56265730263446,2.682123213655931,2.6891496812646265,2.5945212504567894,2.105582670079441,1.3110239394138483,1.9919569397933434,1.0720046159071388,1.617961984083199,1.927490286675255,2.2107546191594203,2.881038396393451,3.723990527608696,2.233966510541599,20.39976143944175,16.55191745323135,41.70371563381108,45.668306791239935,79.4963738312775,128.16923121202362,106.74526750757917,105.75596709506172,83.12886025771336,68.96697083948472,42.12945667017176,21.928740981572727,63.38704747599033,13.955385298314546,9.658300441344604,25.358307663247448,23.88260399172303,32.44052005027911,45.93157572147074,40.48406625456791,44.44654463573269,50.56243251235106,39.28417405464842,33.24171208312399,14.661787437364467,31.15895084498658,-9.094444444499999,-6.699999999999999,1.2388888889999998,7.4277777775,13.644444445000001,19.272222225,21.105555555,20.816666665,16.55,8.5555555555,1.0055555555,-6.8944444444999995,7.2439814815,3.164906537,3.1752477585,4.0846758560000005,2.4033727415,1.581793228,2.9028246530000006,1.061957149,2.085062937,3.053257678,1.9790695105000002,3.960436876,8.1078117465,3.1300347225,18.377777775,14.416666665,39.23888889,56.183333335,76.94444444499999,124.9055556,98.62222220000001,122.27222219999999,102.84999998500001,73.177777775,45.78333333,27.011111110000005,66.64861110999999,11.1766149325,8.103534686,20.138685985,36.50125045,23.40675805,40.858084625,50.568267580000004,54.832772545000005,60.219771665,39.2135952,37.300312045,17.5214606925,33.32009237,3837.5,3463.3500000000013,271872.50000000064,301243.35000006
"Shingle Springs Band of Miwok Indians, Shingle Springs Rancheria (Verona Tract), California",0.14565270721333104,0.21967563613848654,3.232346627188141,6.037681854688121e7,0.091,0.134,4.47,1.2877e7,0.854347292786669,0.7803243638615135,0.909,0.866,0.18198750764085445,0.17712251718299374,0.123256939564689,0.0643265558840589,0.025649803198697096,0.20387329374686058,0.20387329374686058,0.05484589402902934,0.09477740470121128,0.13468151565556197,8.794199644197347,10.816453381087774,12.569556434229638,15.621948723258168,18.795670694955398,23.352507091120756,25.797112484452434,25.378620789846956,22.53710550687243,18.44798813641609,11.393462430329357,8.183815617732666,16.80737007783323,1.6046825059757355,2.0581994317986707,2.2077819039123705,2.26143439669682,2.0942802291842586,2.4071980582477686,2.362457918060924,2.1230960271648573,2.4008300402511593,1.8878045689752292,2.4105763608608637,2.154586535626766,2.1644106647588064,84.91176785118608,62.467121375697225,57.24733927578196,34.5638196706345,18.62541981753136,4.164025639265998,1.7283906221880527,0.906389001338479,4.042365613227312,17.19763416099875,26.71876294443326,58.99565606516506,30.964057669819617,60.71023185921993,50.47058393950098,47.086335005906435,24.803464576335564,16.30913410019157,5.788258636961491,3.597621159350523,1.3701417652913743,5.145759058325953,21.71781968359905,30.674413054988246,55.644382868542245,26.943178809123253,6.1,7.433333332999999,9.3,11.66666667,15.088888889999998,20.52222222,24.98888889,23.01111111,20.65555556,13.88888889,8.133333333,5.6,13.86574074,1.308625233,2.926602125,1.8947295320000002,1.793739111,1.9029217299999999,1.996733444,2.361908362,1.695910113,1.880898131,3.021772842,3.61835598,3.560196624,2.330199436,206.5,142.9111111,128.6888889,63.88888889,57.16666667,13.37777778,11.5,12.11111111,10.64444444,47.11111111,71.28888889,152.7,76.49074074,157.8440528,132.1674454,119.97364760000002,53.05844524,38.03064554,14.24182026,17.63767275,26.16789275,15.48104576,58.94156947,71.24555152,147.7286617,71.04320423,46315.020000000004,41799.36000000018,271872.50000000064,301243.35000006
"Minnesota Chippewa Tribe, Minnesota (Bois Forte Band (Nett Lake))",0.09629300881527232,0.16992055167312764,3.108143356434721,1.1594263944086106e6,0.12190811994435309,0.2112608843887198,3.0200566401158047,2.872892703672036e6,0.9037069911847276,0.8300794483268723,0.8780918800556469,0.7887391156112802,0.5381113616086634,0.49754654851891494,0.0010000000000000002,0.3750414651780729,0.4604738581969239,0.3459309517446793,0.31887426797732443,0.0010000000000000078,0.2915181991234117,0.30531073504780154,-10.119186494202896,-8.3881433767182,0.20860619059634994,7.801067573187333,13.777473606639823,19.059694639865807,21.58900220656468,20.44520784653247,15.335050991025224,8.23036917763983,-0.025699290337627488,-9.161555436386474,6.56265730263446,2.682123213655931,2.6891496812646265,2.5945212504567894,2.105582670079441,1.3110239394138483,1.9919569397933434,1.0720046159071388,1.617961984083199,1.927490286675255,2.2107546191594203,2.881038396393451,3.723990527608696,2.233966510541599,20.39976143944175,16.55191745323135,41.70371563381108,45.668306791239935,79.4963738312775,128.16923121202362,106.74526750757917,105.75596709506172,83.12886025771336,68.96697083948472,42.12945667017176,21.928740981572727,63.38704747599033,13.955385298314546,9.658300441344604,25.358307663247448,23.88260399172303,32.44052005027911,45.93157572147074,40.48406625456791,44.44654463573269,50.56243251235106,39.28417405464842,33.24171208312399,14.661787437364467,31.15895084498658,-12.48611111,-9.338888888500001,-0.41111111100000003,5.341666666499999,11.830555555,17.3,19.66388889,19.1500000025,14.677777779999998,6.436111111000001,-1.1027777777499999,-10.841666664999998,5.0182870377499995,2.4816605545000003,5.1738276155000005,6.106285776,2.26622421275,1.4380910552500001,3.5374053002499997,1.3974814435,2.9627175397500003,4.765850246,1.8957937685000001,6.11268450675,5.553970123499999,3.6409993455,27.891666665000002,15.397222220000002,30.11111111,42.322222222499995,77.09166666499999,102.19444443999998,96.152777775,92.5972222225,80.305555555,68.3388888875,58.1500000025,33.724999999999994,60.356481484999996,14.012159462500001,5.52637682225,12.4614267095,26.0333065475,44.926880839999995,30.708381314999997,55.816890234999995,39.231464772500004,34.25213603,26.805599152499997,36.15748784,21.977977195,28.9925072425,3837.5,3463.3500000000013,271872.50000000064,301243.35000006
"Kaibab Band of Paiute Indians of the Kaibab Indian Reservation, Arizona",0.10671163645088495,0.15046052473980195,3.2182265348440806,1.9405454204295182e6,0.16523390399099266,0.25124652030126465,3.147703014457647,1.7502445555188935e7,0.893288363549115,0.849539475260198,0.8347660960090073,0.7487534796987354,0.0927830765495786,0.09232821979022744,0.0009999999999999998,0.04957642955309161,0.011537647058846724,0.094748634745588,0.09438883956205457,0.005164941693630471,0.04880871577669733,0.013013931253738344,6.08925373134627,10.34381426385075,11.043582089770153,13.025439469492541,16.414792700776122,21.502089550388064,23.0028855718209,23.90311774540299,20.31993366498508,17.15472637143284,10.228888891540299,6.6609286899373155,14.974121061194035,4.630304346089552,1.7323440277402993,1.7875225345194035,3.871870796758211,3.088072982961195,1.8317533828716424,3.1649291816388074,1.8284663445343288,3.3942209531940315,2.1489446138895527,2.5072144741731344,3.759818830229853,2.8121218725402994,132.43031505725378,118.88922056286569,80.7862686606269,57.853631841194044,42.52308457710449,12.453731343892539,5.048490878197015,6.872238805820897,9.235323383558214,49.91529021110449,71.3796351615224,114.90378109229853,58.52425096080598,99.12072522743287,75.67340585319404,51.81386171898507,39.52057209235822,30.042168043301505,9.887607993558214,5.557189220047763,12.042227303653737,12.466313054576124,52.41028693985075,80.33207186289555,74.37002220444779,45.26970429274629,2.077777778,3.4444444444999998,5.922222222499999,8.7444444445,13.955555555,18.22222222,22.455555555,22.1,18.894444444999998,11.86111111,4.4944444445,1.6777777779999998,11.154166665000002,3.9780588124999996,3.5047283475,3.063724416,1.9445916964999999,3.2946735465000003,2.3976761399999997,2.406884689,1.3550941425,2.5662778470000003,1.681992982,2.426124073,3.7204755095,2.6950251834999994,77.82222222,68.86666667,45.077777775,37.2,34.733333335000005,19.961111110000004,25.211111109999997,29.222222220000003,20.488888884999998,39.63888889,39.311111115,26.983333334999998,38.70972222,65.17840699,42.078065465,28.871499645,30.52030869,41.167093105,23.66754155,14.34320134,16.787715929999997,15.119705869999999,35.678438465,50.84174513000001,30.39980368,32.887793825,800.0,722.0000000000001,271872.50000000064,301243.35000006
Big Pine Paiute Tribe of the Owens Valley,0.11262095569648145,0.1343480790576381,3.034238802132399,2.36550824461374e7,0.105,0.144,3.27,1.052e6,0.8873790443035185,0.8656519209423619,0.895,0.856,0.28640841093811914,0.2772803701208635,0.001364516575211777,0.23367106895858952,0.08517913256537608,0.08661750513103256,0.0853060941517156,0.00880319009656081,0.04104376282758139,0.001,-1.2540092694510883,0.10468397545551875,3.5942660268552924,7.821336286527122,12.156211803927638,16.93318157574381,21.72243140070504,20.188146507714993,16.030757557283113,10.004757803668133,2.6713834546363944,-1.8270046347098532,9.012178540682159,3.2496895000749304,4.015369621355847,3.294967224750459,3.0670977488501263,3.5269736144843074,3.4295562496932406,3.0860018021572513,3.1267080943909162,3.390569384053152,2.8330737285585057,3.6978669147810934,3.1347664542185267,3.3210533614839384,48.64325498956067,40.06053074161677,54.09862597971569,42.84786514050566,61.735740945983736,32.384619170806175,33.61500758754001,26.210750174374294,29.00310897792242,31.900159960125464,43.13401008977108,50.11471227572531,41.145698835308174,39.55520640628271,27.868310186105532,30.64407688619782,23.67180494961238,33.16108595800512,20.31646189114505,31.738644631715726,24.794660560226625,19.67377385753153,22.55160316070872,37.42863208702469,41.95300172310075,29.446438524857847,2.855555556,2.144444444,5.266666667,7.311111111,10.84444444,16.51111111,21.23333333,18.8,16.04444444,11.05555556,6.1,3.255555556,10.11851852,3.116532974,3.622192399,2.868797658,2.552177719,2.657118322,1.887752926,2.724885319,1.717556404,1.592255563,4.503362941,2.946183973,3.121742747,2.775879912,99.57777778,58.72222222,42.46666667,31.28888889,14.26666667,10.36666667,29.57777778,10.866666670000003,16.94444444,16.08888889,20.74444444,79.63333333,35.8787037,93.26466075,62.05910042,29.26734528,26.91600102,13.716413529999999,22.61559197,39.7270304,15.92921844,15.3134019,15.79053866,33.13001325,78.21724554,37.16221343,5915.92000001,5339.120000000001,271872.50000000064,301243.35000006
"Bad River Band of the Lake Superior Tribe of Chippewa Indians of the Bad River Reservation, Wisconsin",0.095097746515104,0.16479623632964568,3.1140790256832327,2.362347385537105e6,0.11733307393570981,0.19590405782549802,3.3171450805510583,996785.4358320393,0.9049022534848961,0.8352037636703543,0.8826669260642902,0.804095942174502,0.4946351333752433,0.4458837174028174,0.0010000000000000033,0.3764921881449549,0.4386693179571392,0.4340199203515163,0.4095993224489371,0.0010000000000000007,0.3480406513461276,0.38155870838708394,-10.385237552232478,-8.899639496682836,-0.15070033573716318,7.283408575985858,13.414367215250769,18.5277488399494,21.216426056730146,20.129913512513756,14.98207735994345,7.933068743688634,-0.4081824346233069,-9.506161630515999,6.1780907379115915,2.605460593991069,2.6236699682900726,2.543942535749665,2.1972412434325026,1.3095521955578215,1.882703678754577,0.9804806761056698,1.4331622650668228,1.914862024619291,2.043922406176662,3.101728605700252,4.047847998624196,2.2237145158868863,21.21877759567644,16.484703409805014,42.074336459578795,46.44628664945082,81.68644474232318,122.86830216156268,97.18018224368508,106.13673165917844,93.79913677743116,65.94947164867688,45.337133501616286,27.167157810709924,63.86238872214019,13.603634362360456,7.585278646662888,24.91854403084536,21.857154270199427,31.567868535762752,42.989410121595455,31.675972161217405,44.45209089349303,49.46239029398269,27.540496761241222,34.62897540565113,19.219056024099714,29.12507262539216,-10.111111111333333,-7.777777777666667,-0.2148148146666667,5.725925926,11.89629629333333,17.496296296666664,19.881481479999998,19.674074076666663,15.114814816666668,7.2333333333333325,0.20740740733333332,-6.3999999999999995,6.060493827333333,2.044218238,3.35303555,4.359817924666666,2.080701853333333,1.4620711936666668,3.0577764046666664,1.154680837,2.0986090326666664,3.851867217666667,1.866184913,4.113275782666666,10.188971990999999,3.302600911666667,24.485185186666662,15.562962966666666,30.607407406666663,54.111111109999996,70.91481481666666,102.36666666666666,97.87777777333334,108.15555555666667,118.33333336666668,75.18888888666665,51.922222223333335,35.714814813333334,65.43672839666667,12.024945739333333,7.162015587666667,21.84585987666667,32.088623676666664,30.589575236666665,30.049565219999998,37.333040553333326,46.909630013333334,66.20566041666666,41.20464626333333,42.59105778666666,22.51937754,32.54366649333333,11710.490000000003,10568.729999999992,271872.50000000064,301243.35000006
"Minnesota Chippewa Tribe, Minnesota (Fond du Lac Band)",0.09629300881527232,0.16992055167312764,3.108143356434721,1.1594263944086106e6,0.09706864746028158,0.15960786132752874,3.2177449707072987,6.0771835199553715e6,0.9037069911847276,0.8300794483268723,0.9029313525397185,0.8403921386724713,0.5381113616086634,0.49754654851891494,0.0010000000000000002,0.3750414651780729,0.4604738581969239,0.3531916414012067,0.34192197897938076,0.0009999999999999979,0.2125168626753289,0.28162577258558613,-10.119186494202896,-8.3881433767182,0.20860619059634994,7.801067573187333,13.777473606639823,19.059694639865807,21.58900220656468,20.44520784653247,15.335050991025224,8.23036917763983,-0.025699290337627488,-9.161555436386474,6.56265730263446,2.682123213655931,2.6891496812646265,2.5945212504567894,2.105582670079441,1.3110239394138483,1.9919569397933434,1.0720046159071388,1.617961984083199,1.927490286675255,2.2107546191594203,2.881038396393451,3.723990527608696,2.233966510541599,20.39976143944175,16.55191745323135,41.70371563381108,45.668306791239935,79.4963738312775,128.16923121202362,106.74526750757917,105.75596709506172,83.12886025771336,68.96697083948472,42.12945667017176,21.928740981572727,63.38704747599033,13.955385298314546,9.658300441344604,25.358307663247448,23.88260399172303,32.44052005027911,45.93157572147074,40.48406625456791,44.44654463573269,50.56243251235106,39.28417405464842,33.24171208312399,14.661787437364467,31.15895084498658,-10.56666667,-5.661111110999999,-1.3333333334999997,5.6,12.083333335,17.944444445,20.183333335,20.22222222,13.811111110000002,7.066666666500001,1.9277777779999998,-9.1611111115,6.009722222000001,2.3154000485000004,9.271834327999999,3.0027513874999996,2.4058427475,1.3846649274999998,4.2145575375,1.51945652,3.5708645695,1.5242157655000002,2.08349233,9.575960722,4.842509984,3.8092959055000004,29.433333335000004,15.244444445000001,35.83888889,45.23888889,75.16666667000001,99.98333335,92.01666667,102.96111109999998,103.01666668,77.65555555499999,44.444444445,30.466666665,62.622222225,24.374781640000002,7.3772511430000005,20.11278119,35.078878419999995,27.662082050000002,39.15386468,31.96031138,52.140727905,52.284136685,32.315569409999995,30.340615755,21.965546215499995,31.23054554,3837.5,3463.3500000000013,271872.50000000064,301243.35000006
Picayune Rancheria of Chukchansi Indians of California,0.13906319294633096,0.20774189198111548,3.303683099922836,5.224135590678126e7,0.132,0.204,3.97,1.3794e7,0.860936807053669,0.7922581080188845,0.868,0.796,0.1622934837243068,0.15816553291948232,0.10284142772239824,0.05932829274832799,0.020696248834003794,0.34382022968037373,0.34382022968037373,0.1109048274778449,0.20346927180590052,0.2020189525144095,8.945784884190022,10.845598490792913,12.234947290642594,15.06165871511533,17.902696633187503,22.06935532873641,24.59542557349748,24.076254170641146,21.739322985482982,18.051548091771483,11.480204311674333,8.411231830444338,16.284502358900074,1.6964731416829195,2.0316390561791993,2.2670376224465003,2.2039500869454027,2.20805819824375,2.46610017385064,2.492394662587521,2.3391801267993286,2.229180162424114,1.8766990476870549,2.3366489033120312,2.1287088418059836,2.1896725020396506,91.82003959432106,67.83407055677037,59.18698566154728,34.52911840825872,18.597639899097665,4.876079355871027,1.9638982845735262,1.5798990968166795,4.197132157254336,17.438253403586348,28.20328580485585,61.151492098871685,32.61482452683212,72.51633970835425,60.0261302882826,52.22137923728479,24.150375101529384,15.772717131677469,6.952561696702842,3.722318014247858,1.935507611991933,5.299196703142598,22.238144217780402,31.5468927934613,58.945676673824025,29.610603264955948,5.766666667,7.277777778,10.07777778,13.58888889,17.25555556,22.7,25.22222222,25.14444444,20.911111109999997,16.55555556,9.255555556,5.066666667,14.90185185,1.933907961,3.231399765,1.710100712,1.852325865,1.235021367,2.593260496,2.828770836,0.817176711,1.2771496040000003,1.207384685,2.439831506,3.999374951,2.093808705,182.9,121.2444444,107.0111111,59.72222222,38.15555556,10.27777778,9.411111111,8.333333333,5.811111110999999,32.07777778,55.63333333,104.6222222,61.26666666,100.42448660000001,90.39235464,92.01144554,24.21682152,28.64363416,10.737641470000002,18.02646974,15.79659773,4.711274892,37.64660601,50.26335643,79.0787705,45.99578827,138530.00999999998,125023.53999999867,271872.50000000064,301243.35000006
Lone Pine Paiute-Shoshone Tribe,0.11262095569648145,0.1343480790576381,3.034238802132399,2.36550824461374e7,0.105,0.144,3.27,1.052e6,0.8873790443035185,0.8656519209423619,0.895,0.856,0.28640841093811914,0.2772803701208635,0.001364516575211777,0.23367106895858952,0.08517913256537608,0.0919460413227742,0.0918365258793649,0.02074070502277858,0.055850196320263536,0.001,-1.2540092694510883,0.10468397545551875,3.5942660268552924,7.821336286527122,12.156211803927638,16.93318157574381,21.72243140070504,20.188146507714993,16.030757557283113,10.004757803668133,2.6713834546363944,-1.8270046347098532,9.012178540682159,3.2496895000749304,4.015369621355847,3.294967224750459,3.0670977488501263,3.5269736144843074,3.4295562496932406,3.0860018021572513,3.1267080943909162,3.390569384053152,2.8330737285585057,3.6978669147810934,3.1347664542185267,3.3210533614839384,48.64325498956067,40.06053074161677,54.09862597971569,42.84786514050566,61.735740945983736,32.384619170806175,33.61500758754001,26.210750174374294,29.00310897792242,31.900159960125464,43.13401008977108,50.11471227572531,41.145698835308174,39.55520640628271,27.868310186105532,30.64407688619782,23.67180494961238,33.16108595800512,20.31646189114505,31.738644631715726,24.794660560226625,19.67377385753153,22.55160316070872,37.42863208702469,41.95300172310075,29.446438524857847,2.722222222,1.077777778,3.722222222,5.344444444,8.8,15.7,19.1,16.88888889,14.6,9.455555556,4.966666667,3.1,8.789814815,4.019570182,3.8512263560000006,4.280706068,2.8147429330000002,2.731300057,5.786838515,3.636275567,1.49117776,2.883574171,3.909639085,3.307567082,3.694252292,3.533905839,150.8444444,90.37777778,59.92222222,39.51111111,9.711111111,15.88888889,19.64444444,11.98888889,21.53333333,17.78888889,26.27777778,117.2333333,48.39351851,145.001501,110.8757951,52.36283935,47.00998416,12.44793602,36.72320263,43.74317407,17.24640864,25.45329055,21.53871192,58.515741,130.0971368,58.41797677,5915.92000001,5339.120000000001,271872.50000000064,301243.35000006
"Utu Utu Gwaitu Paiute Tribe of the Benton Paiute Reservation, California",0.10671163645088495,0.15046052473980195,3.2182265348440806,1.9405454204295182e6,0.085,0.12,3.25,665000.0,0.893288363549115,0.849539475260198,0.915,0.88,0.0927830765495786,0.09232821979022744,0.0009999999999999998,0.04957642955309161,0.011537647058846724,0.08362143945762583,0.07929725525945212,0.03991765778356334,0.02086483683963474,0.0010000000000000002,6.08925373134627,10.34381426385075,11.043582089770153,13.025439469492541,16.414792700776122,21.502089550388064,23.0028855718209,23.90311774540299,20.31993366498508,17.15472637143284,10.228888891540299,6.6609286899373155,14.974121061194035,4.630304346089552,1.7323440277402993,1.7875225345194035,3.871870796758211,3.088072982961195,1.8317533828716424,3.1649291816388074,1.8284663445343288,3.3942209531940315,2.1489446138895527,2.5072144741731344,3.759818830229853,2.8121218725402994,132.43031505725378,118.88922056286569,80.7862686606269,57.853631841194044,42.52308457710449,12.453731343892539,5.048490878197015,6.872238805820897,9.235323383558214,49.91529021110449,71.3796351615224,114.90378109229853,58.52425096080598,99.12072522743287,75.67340585319404,51.81386171898507,39.52057209235822,30.042168043301505,9.887607993558214,5.557189220047763,12.042227303653737,12.466313054576124,52.41028693985075,80.33207186289555,74.37002220444779,45.26970429274629,-0.022222222,0.788888889,1.911111111,5.266666667,9.044444444,13.97777778,18.2,17.4,12.96666667,8.1,1.9666666669999997,0.322222222,7.493518519,1.696892585,1.919273589,2.275106835,2.304343724,2.584623334,2.448355457,1.456021978,2.098809186,1.61322658,1.958953802,3.3845236,2.19361447,2.161145428,150.6333333,89.98888889,62.46666667,42.66666667,36.08888889,14.35555556,29.22222222,14.85555556,15.711111109999997,31.98888889,37.07777778,100.1666667,52.10185185,113.6596344,74.72727823,50.87536241,24.58256496,29.12170344,16.80655461,37.03112805,23.13925837,13.72447125,34.0901175,40.60682756,97.65812818,46.33525241,800.0,722.0000000000001,271872.50000000064,301243.35000006
"Big Valley Band of Pomo Indians of the Big Valley Rancheria, California",0.10945860327202339,0.15191323464519718,3.7604969979335294,2.0022563201953318e7,0.157,0.231,3.92,6.666e6,0.8905413967279766,0.8480867653548028,0.843,0.769,0.38198410109040787,0.38102756379176467,0.18295963060156512,0.16650736065512842,0.19006738488541175,0.633862104878806,0.4135093826394491,0.39747884877122197,0.5886316534397237,0.39831899619632677,8.043756450002618,10.181207165832106,11.263835304573954,14.029888068097181,16.899780369676122,20.06546267592999,22.80796750427484,21.88444603351751,20.08801566466302,17.230441110423925,10.646077107951188,7.781638485352228,15.076876328421056,2.2087356324670155,2.0968983262622065,2.462725218382949,2.07059491245249,2.08464282791379,3.449382851996905,2.928466798222912,3.4230705916532522,2.759678220834009,2.466902887820195,2.5648841640914526,2.2272813947208867,2.5619386522691125,152.2898256125817,111.88316002349374,92.62942499763038,38.45594189092643,31.360718160178603,6.96623270112646,4.878299066467733,3.514791881783044,8.619279722786619,28.999277606258655,45.195551851445565,115.53742160857345,53.36082709356038,147.47032707876886,98.3438949123482,82.19297055101926,28.166790898580622,27.144029603934268,10.464303794198148,8.362466557651826,8.107863088725647,11.3009888373951,32.22634370785427,41.769725514112885,113.87723386202192,50.785578200033335,6.666666667000001,7.544444444,8.255555556,10.666666670000001,13.4,17.41111111,19.56666667,19.7,17.3,13.92222222,8.4,6.188888889000001,12.41851852,1.49582753,2.064044035,1.836512395,1.485765796,1.6650825809999998,2.370360966,0.796868873,2.386943652,1.336974196,1.245770623,1.480709289,1.719334497,1.657016203,241.1555556,145.8444444,147.8111111,68.83333333,52.34444443999999,21.28888889,4.077777778,6.077777778,18.74444444,45.3,73.34444444,193.7444444,84.88055555,193.5780664,115.6561403,125.5278201,45.37336774,36.57068878,23.5144341,9.692107327,11.13460572,16.29325866,43.18315644,59.28239855,122.1350698,66.82842616,6843.840000000001,6176.550000000001,271872.50000000064,301243.35000006
"Walker River Paiute Tribe of the Walker River Reservation, Nevada",0.10671163645088495,0.15046052473980195,3.2182265348440806,1.9405454204295182e6,0.16015266622604163,0.2812594420590853,3.360778074052918,1.1125906564324491e6,0.893288363549115,0.849539475260198,0.8398473337739584,0.7187405579409147,0.0927830765495786,0.09232821979022744,0.0009999999999999998,0.04957642955309161,0.011537647058846724,0.035334175392728706,0.02647209915989125,0.01578090209824353,0.010796425000684628,0.001012427278962062,6.08925373134627,10.34381426385075,11.043582089770153,13.025439469492541,16.414792700776122,21.502089550388064,23.0028855718209,23.90311774540299,20.31993366498508,17.15472637143284,10.228888891540299,6.6609286899373155,14.974121061194035,4.630304346089552,1.7323440277402993,1.7875225345194035,3.871870796758211,3.088072982961195,1.8317533828716424,3.1649291816388074,1.8284663445343288,3.3942209531940315,2.1489446138895527,2.5072144741731344,3.759818830229853,2.8121218725402994,132.43031505725378,118.88922056286569,80.7862686606269,57.853631841194044,42.52308457710449,12.453731343892539,5.048490878197015,6.872238805820897,9.235323383558214,49.91529021110449,71.3796351615224,114.90378109229853,58.52425096080598,99.12072522743287,75.67340585319404,51.81386171898507,39.52057209235822,30.042168043301505,9.887607993558214,5.557189220047763,12.042227303653737,12.466313054576124,52.41028693985075,80.33207186289555,74.37002220444779,45.26970429274629,1.0066666666,4.3133333334,4.9355555556,9.5911111108,13.262222221999998,18.939999997999998,23.68,22.657777778000003,17.031111111999998,12.835555556,4.5177777778,1.0644444443999999,11.152962964,2.0980350473999994,3.5380944714,3.2469995292,3.4183305582000005,3.1620254338000002,3.5436736808,3.9445170216,3.0653931173999993,3.0853559554,2.5484428146,2.9997523526,3.1296328476,3.1483544026000003,33.56,26.515555553999995,24.10222222,21.431111112,30.551111111999997,10.211111109800001,11.928888889000001,11.977777775799998,10.1244444444,17.135555556,19.479999999999997,28.606666668000003,20.468703704000003,22.889333163000003,17.6110920084,20.908251464,16.970204889999998,18.108966665999997,13.026841678,13.317400613999999,20.410550947999997,12.596261239999999,17.32123398,17.838397355999998,23.811192741199996,17.900810562,800.0,722.0000000000001,271872.50000000064,301243.35000006
Puyallup Tribe of the Puyallup Reservation,0.11487873096496828,0.16739575714583085,3.39628914434382,3.517514331936831e7,0.11786127880359022,0.17069843218171793,3.392834737491852,5.845085111927192e7,0.8851212690350317,0.8326042428541691,0.8821387211964098,0.829301567818282,0.47917373685404,0.46460905196212,0.0009388469818878747,0.25055972430083256,0.38657158691245697,0.497586721646447,0.4646050298870838,0.0008030530853658792,0.3591694824947253,0.45956066676088103,1.7392853038510858,4.254693783555326,4.851752269111687,8.549350798511894,12.829690912688728,16.986418476308174,21.085568194860393,18.4443180488211,16.646891877300934,10.48852119950155,4.553062162589453,0.04176720668769368,10.039276685920372,3.417552111853154,2.5847684702926577,2.9623116673464325,2.46168199723061,1.9251367118686662,3.267246091695967,2.1099638304250257,1.7295719970734231,3.2984177787745605,2.366003458046536,3.7222423795987587,3.1332044272523265,2.7481750767549125,106.66492013106517,91.16693094657703,98.5639089979214,44.40876709219235,56.19149718448811,31.680845686949326,15.466218545472598,18.25559002623992,29.899333564395032,54.282155578014475,70.78312076346432,141.12887508903827,63.20768030025854,117.22132548980352,79.29954503519131,100.76772870216134,35.71582958796277,36.95277021061013,27.1861331616029,13.011846042016545,18.912540480446744,32.14412137930714,49.31502738180972,79.02010219222339,117.78377821171667,58.94422898995863,3.877777778,5.788888889,7.944444444,11.08888889,13.36666667,16.53333333,20.64444444,19.22222222,16.67777778,10.96666667,6.3,3.6111111109999996,11.33518519,3.425557538,1.510334768,1.543624882,1.174142713,1.09658561,1.206233808,2.377557103,1.401586403,1.652859475,2.507488784,2.437211521,3.54451846,1.9898084220000003,181.7555556,100.3444444,104.9,77.42222222,60.844444440000004,57.91111111000001,20.93333333,27.833333329999995,54.55555556,105.3,160.1888889,202.0,96.16574074,159.2205162,49.56949947,37.61100238,24.49978458,27.88597816,22.12834407,16.10807251,14.397482420000001,41.6115402,54.17564028,76.91882807,134.857332,54.91533503,1923.0,1735.5100000000002,271872.50000000064,301243.35000006
"Otoe-Missouria Tribe of Indians, Oklahoma",0.0862495834299329,0.1337123345948102,3.0128567441273457,1.04767941439352e6,0.14840764218316949,0.23107828978237568,3.1647103844768263,2.8732283440351738e6,0.9137504165700671,0.8662876654051899,0.8515923578168305,0.7689217102176243,0.7364186676109379,0.6477042460842939,0.0014057873826750663,0.7233552236965517,0.7063647663116315,0.4570839870368578,0.4166086378022742,0.26255201286712804,0.44358266450267575,0.37881744647288695,-7.3022820343112675,-5.37627284719204,2.585152333872,9.2451484825403,14.942238874500717,20.97687096692923,23.001194541300904,21.952986355630888,17.388816955764366,9.888163327854926,1.298958952853395,-6.9334902267027605,8.47229047395025,2.7429694790910437,3.011737882625843,1.8820375482802678,2.004392590401231,1.5132065683347646,1.5509796658372856,0.9682967321538981,1.4039178581799463,1.812085599822758,1.626166083145843,3.5299979264253505,3.8274644888286677,2.1561043685796544,14.943163243076935,12.632949311691904,42.97050177575935,63.691596856730584,103.65944560067146,118.88604611283598,92.58358056940834,99.24776073364652,82.77863417812826,44.4022491835633,31.625696533325165,21.655409423163583,60.75641946057051,8.652800571963216,11.19649103649347,25.12663621158283,37.348520319136014,38.42398440752978,62.29523059708685,53.33051220903098,45.742709641385545,49.68599343190448,17.336828610071848,27.367822260115283,18.84027479419929,32.945650340661764,3.4296296296666666,5.2185185186666665,11.148148149999999,15.974074076666668,20.351851853333333,26.166666666666664,28.451851853333334,28.496296293333337,24.277777776666667,17.07777778,10.266666669000001,3.4777777779999997,16.19475308666667,2.043340918,2.7680659773333334,1.6151292030000002,1.3604703206666666,1.205923334666667,1.5521968843333331,1.4052631266666666,1.6058335110000002,1.5166312253333334,1.322223026,2.1113904663333334,2.6576586056666662,1.7636772170000001,46.91481481666666,48.73703704,88.02222223333334,89.39999999999999,142.6888889,143.2,98.32962962333333,88.92962963,77.17407407666667,72.83703703666666,46.77407407333333,44.370370369999996,82.28148148666666,24.13099628,36.358565993333336,45.46851216333334,40.648471416666666,81.12755233,69.79083785666667,59.153786266666664,55.61451399333333,49.37269374666666,46.090452903333336,43.75682015333334,36.456938136666665,48.99751177,42331.2,38203.94000000018,271872.50000000064,301243.35000006
Klamath Tribes,0.14366840383096569,0.20033615622531928,3.309993485633879,7.39946785095514e6,0.16,0.238,3.3400000000000003,5.978e6,0.8563315961690343,0.7996638437746807,0.84,0.762,0.33187434799137794,0.32871010860654687,0.0010000000000000002,0.12384007279839973,0.15039989566758877,0.11377150679848863,0.11377142009398283,0.0009580515546647907,0.039155449126795076,0.006345533814686733,5.488414955270143,8.937809371402846,9.96771985120379,13.30168509663507,14.39189046663507,20.815745132985786,23.10342285507109,22.517482887630333,19.369826220616115,15.330542389052136,7.443917851592417,5.484465508303319,13.846076883317536,2.637871057682465,2.240979742478673,1.8976581156161139,2.1564110802180094,3.856029444725119,1.9629429438625594,3.1455506313222754,3.057759364383886,3.6810768803222755,2.8655779814881517,2.6353313335260666,3.1729159730900482,2.77584204578673,155.99694577203792,125.09125854407584,109.51637704900477,59.6790942579147,37.17588204047394,11.619273300819906,3.9056872032037924,1.2077935754360192,7.936440231175356,36.59373354597157,69.97266982336494,106.49726174464456,60.43270142327014,123.31122988483412,129.63177145734596,54.64573052033176,58.84703065748816,32.1400680043128,15.2690298092891,6.430590113952607,1.8078714686350712,7.824637354194314,36.92868085639811,66.18520419971564,82.45893245725118,51.29006473336493,1.1444444443333333,2.6407407406666668,4.351851851666666,7.892592592666668,11.074074073333335,15.48888889,19.818518516666664,18.93703703666667,15.155555553333336,9.418518517333334,2.3518518516666664,0.7222222223333334,9.08302469,3.8753553893333335,3.56244428,3.3212572553333333,2.7543027196666663,2.763536126,3.6657515286666666,2.529293802666667,2.8560695469999997,2.7427252663333337,1.643163647,3.402775562333333,3.909134,3.085484093666666,80.76296296,37.07407407666666,61.388888890000004,47.37037037333333,39.20370370333334,21.544444446666667,12.2,14.333333333333332,16.54074074,34.00370370333333,63.770370369999995,126.1111111,46.19197531,68.3451403,20.12580243,42.643613599999995,26.59277717333333,26.87439224666667,17.531732833333333,10.166010634666666,18.989040963333334,16.003255346666666,25.197119886666666,54.70405484666666,136.03444090000002,38.60061509666667,480.40999999999997,433.57000000000005,271872.50000000064,301243.35000006
Suquamish Indian Tribe of the Port Madison Reservation,0.0966287773353321,0.13397674621229996,3.658384154338347,6.852092690636902e7,0.112,0.165,3.44,1.7064e7,0.903371222664668,0.8660232537877001,0.888,0.835,0.3205082841936184,0.30418457583261044,0.0006940473446000424,0.200801821602448,0.2860815599417365,0.4410687913401502,0.42276957601933035,0.0010000000000000005,0.2602812584803902,0.38607727142601245,0.5766681662192981,3.0543634726781375,3.7083220872860987,7.637816764126177,11.211545961126852,15.034105563663962,20.374508924392707,18.301551957807014,14.734667866349524,9.677762783810389,3.4401109610715235,-1.5665017243873138,8.848743565403508,3.6060100888205118,3.411894924042509,2.6463510931848844,2.09706803025506,1.7496434518380561,2.83995501079487,2.4199904683225357,1.6720162365134943,2.348874817261133,1.679003532114709,3.100615505073548,3.3484663927753022,2.5766574626059366,83.10299895089742,46.05686009876516,67.37734293081645,33.982088769345474,35.408831910728736,24.435440094709843,15.176143348704452,12.982298695472329,21.427537860944664,37.8329059825506,70.15545059347501,93.72805517890687,45.13882953448041,96.35145490795541,44.139976374001336,54.219154142928474,23.469811597557346,17.70916353586369,20.685100443778673,13.754084142031033,15.768978143117405,22.993091085134942,36.29046369222671,62.10547615121456,102.55517289765177,42.50349392691632,4.588888889,4.4222222225,7.6333333334999995,11.799999999999999,12.933333335,14.755555555,17.66111111,17.833333330000002,15.21666667,10.611111110000001,7.050000000000001,4.544444444499999,10.754166670000002,2.9118778250000004,3.911670854,1.5291672459999999,3.780104535,1.3324989625,1.584988119,1.8363795550000002,1.7020551750000001,1.402893371,2.2111362615,4.4623307585,2.4367485525,2.4251542680000004,123.44444445,91.805555555,101.77222224500001,63.83888889000001,59.805555555,52.37777778,23.966666670000002,25.911111110000004,41.505555555,108.505555555,128.5833333,131.75555555,79.43935185000001,51.90659634,45.122882395000005,39.50680331,27.169911,24.140439055,24.737857085,23.240555609999998,17.912365175,34.694305944999996,56.507702515000005,84.23475580000002,62.46784304,40.970168105000006,3189.88,2878.860000000001,271872.50000000064,301243.35000006
"La Jolla Band of Luiseno Indians, California",0.10743636304786137,0.15100126991883167,3.252675204176721,3.321796739323771e8,0.096,0.126,3.52,1.88159e8,0.8925636369521386,0.8489987300811683,0.904,0.874,0.1963860848017627,0.1963860848017627,0.06634087072529894,0.09242110904923734,0.0561393466685583,0.20607848567495116,0.20607848567495116,0.04114198033157699,0.06553705818895647,0.09221305305858225,10.653058880657243,11.377245797644182,12.15273243887922,13.59228630027204,14.826568733971717,18.09515778089228,19.746203603313386,21.3350622657073,19.045641397959745,17.08948131990207,12.631864345571275,10.558608390575088,15.091992604368887,1.7326808256093589,2.3706805619782374,2.285490947151796,1.7440132881664856,2.296864633867248,2.8659926122747557,3.1894680115984784,3.0907837053699674,2.048712570745377,2.0295019436109913,1.984217975230686,1.9655689050457028,2.3003313318286187,93.43608390397172,117.0625559214364,73.72752387841678,28.70875347661045,16.310186192796525,2.582704630661045,3.348809091877585,3.0264176037236146,4.309744891717084,18.08611413147987,24.16505259339501,51.15763511081067,36.32679845243744,90.01908615192058,117.8718721045539,73.61156635551144,22.90293182995104,14.649115084076177,4.275396973916215,6.0084470283057705,4.6493418518901,7.449351785866704,21.118111099336243,34.34298588182264,69.17999678774211,38.839850245511435,8.288888889,8.311111111,9.477777777999998,11.34444444,13.76666667,17.8,21.42222222,21.866666669999997,19.22222222,15.17777778,11.011111109999998,8.644444444,13.861111110000001,1.027672667,2.798412248,1.263702672,1.267981773,1.496662955,1.733493582,2.7096022670000006,1.54677083,1.488940712,2.14637938,1.59173211,1.510886421,1.715186468,113.9222222,94.12222222,67.95555556,40.51111111,19.02222222,4.255555556,11.08888889,13.61111111,6.977777778,17.51111111,34.44444444,39.22222222,38.5537037,99.45550233,76.46014939,52.2744467,20.64905836,19.16929692,5.376130372,10.16592893,21.77684805,8.652713126,16.76532466,47.57357752000001,54.04562373,36.03038334,4348.87000001,3924.870000000002,271872.50000000064,301243.35000006
Table Mountain Rancheria,0.13534052438476718,0.20124113380977193,3.3446522321967476,4.622804267953168e7,0.152,0.22900000000000004,3.07,7.7333e7,0.8646594756152328,0.7987588661902281,0.848,0.7709999999999999,0.15971588684510168,0.15621043988970199,0.0935074633747864,0.06185432550387212,0.023515904090295147,0.17111909986190685,0.17111909986190685,0.057367257125054964,0.09873342441067542,0.09028703310470325,8.949841741093566,10.781891476947935,12.000142794759771,14.725319354273925,17.411892610466392,21.405111451461508,23.97683363740613,23.431409225108656,21.287515078818927,17.80024486277475,11.433637736590734,8.428452568767694,15.969357711676956,1.7538060559436184,2.0302105694391432,2.2975718021996485,2.1476655076203586,2.222548243914022,2.484048832060671,2.529489865137828,2.3936248774539677,2.1662319268683863,1.878586056418939,2.2878460517424255,2.1782044271325374,2.1974861847046827,97.36823559366164,72.48319698392126,61.52521419055801,36.10757219654069,19.51014351515901,5.482818089981157,2.243444630111595,2.0571079871072055,4.575872743398682,18.696272926464793,30.02678801529232,64.93351247023726,34.58418161189597,80.12377524766526,65.64694807227855,55.698612190432776,25.03510264751119,16.215934669494033,7.483141588768373,3.913648230082996,2.4424436234547473,5.713412216424475,23.784624290104254,32.759009968224746,62.685632108941185,31.791857071091307,9.0,10.08888889,12.38888889,15.84444444,19.21111111,23.48888889,26.755555560000005,26.222222219999995,22.47777778,17.68888889,10.93333333,8.533333333,16.88611111,1.443086969,2.804658823,2.130401631,2.876243692,2.609810551,3.797842955,3.9793564530000003,3.021497054,2.724783376,3.42981211,4.192552922,1.790949469,2.900083,58.33333333,50.04444444,49.71111111,25.57777778,17.44444444,3.088888889,6.988888889,6.311111111,6.044444444,12.988888890000002,15.722222220000003,31.67777778,23.66111111,38.12404097,40.63837814,36.39232215,21.95579524,16.93532633,4.878382018,17.05377117,18.05079253,9.241497594,18.97297054,21.72664135,25.63541387,22.46711099,101482.02000000003,91587.68999999965,271872.50000000064,301243.35000006
Confederated Tribes of Siletz Indians of Oregon,0.14163987837702455,0.20437038593305107,3.3988387291847433,8.627432473057408e6,0.14699509492157176,0.22398957670834,3.6599417521936646,4.368122780244407e6,0.8583601216229755,0.795629614066949,0.8530049050784283,0.77601042329166,0.365893729967002,0.34640967948903684,0.001,0.23410157817215663,0.2642188645717131,0.2617034438739928,0.23774201099007888,0.0009999999999999998,0.16229224478307563,0.2609944233541183,6.676354290199289,8.979201265544486,10.52325029405694,13.221233687010676,15.43444048950178,19.853222614590745,23.223131670960857,21.881494658291814,20.40921312633452,16.449584816405697,9.378173189928825,6.91553973911032,14.41206998669039,2.6338874518540925,2.2995909138327404,3.0443624861245557,2.2208815653879004,3.79235944780427,3.0985248312669045,2.7285651119430607,2.254304479839858,2.648120675530249,2.544998631914591,2.51987995772242,2.6561771084697514,2.7034710549323844,172.28331357935943,110.16401740106762,116.24590747373664,62.47500988811388,47.2703835535943,14.020482405516015,2.3234480029395024,3.8160537760604982,10.587425860177936,50.35709766647686,60.37164887419928,177.0358244366548,68.91255107736654,158.5629736733096,86.34015528544484,96.13227388491102,47.519467814199295,29.694185410462637,12.264356199572953,3.5433272026476867,7.658668902188613,15.521648602241992,41.89057266338078,58.785615395871886,172.42810661494664,60.8617793047331,5.455555556,6.6,7.511111111,9.7,11.788888889999999,14.56666667,18.06666667,17.1,15.33333333,10.83333333,6.8,4.277777778,10.66944444,2.507045627,1.95512148,1.944507935,1.607015868,1.366056774,2.099404678,3.475989068,1.343502884,1.208304597,2.454587542,2.154065923,3.933121463,2.170726987,206.73333329999997,137.4555556,145.9555556,83.92222222,71.52222222,76.21111111,11.5,13.56666667,50.666666670000005,106.2,180.0333333,210.0666667,107.8194444,111.548913,76.63747633,57.8399756,42.26321621,26.71056803,27.75763158,9.404387274000001,9.647927239,25.21105908,42.34760914,92.67906991,124.5413385,53.88243099,780.2299999999999,704.1700000000001,271872.50000000064,301243.35000006
"Duckwater Shoshone Tribe of the Duckwater Reservation, Nevada",0.11354598406131446,0.13182588171757406,3.0054378752462023,2.7054215551522482e7,0.162,0.259,3.15,3.775e6,0.8864540159386856,0.868174118282426,0.838,0.741,0.3072495388561674,0.2971879480002331,0.0014037518157665747,0.2534863474756968,0.09310563466471873,0.04528048488180902,0.03588607561510605,0.01113316554500958,0.020082657065596754,0.001,-2.290232144458296,-1.3401806608597289,2.543077787143215,7.086974632654582,11.555274735501255,16.288453618074968,21.54174389130159,19.663919311158356,15.425503136019357,8.99581110181423,1.6049283908778413,-3.0247542824591376,8.170876626456606,3.0548681127898023,4.337532036630155,3.5076858309962056,2.953534576546333,3.5889077811061454,3.6550254832169298,3.074864198060234,3.3099056454448155,3.390054103656272,2.92961258846335,3.8658823181524795,3.0465640338462476,3.3928697257620013,36.819891416402655,28.936852944599796,50.33267808666379,40.73037068189969,64.44687821791908,35.19710755413224,37.646087241133074,28.939647102961224,31.792581671314192,29.35800805023586,39.148212112080834,40.97219414027798,38.693375767893805,31.149794104224895,21.122435270994075,27.656765210130548,21.435352972855913,33.601202849928356,21.78809881435128,35.43316340294942,26.594182523559365,20.690833406390034,18.33818316660065,31.374439869283876,37.37856959957453,27.213585099313367,-0.7,2.788888889,2.855555556,7.377777778,11.222222219999999,16.12222222,22.64444444,20.62222222,15.28888889,11.41111111,3.044444444,-0.5,9.348148147000002,1.646966909,3.8063908250000003,1.747220014,2.605176471,2.477285701,2.744438821,4.316859713,2.216854629,2.343311996,2.544329207,2.649108865,2.4464259649999995,2.628697426,36.2,33.78888889,27.11111111,24.000000000000004,30.63333333,12.17777778,21.97777778,19.76666667,13.8,18.85555556,24.52222222,26.45555556,24.107407410000004,18.9563314,15.11782428,18.67909556,10.62544117,12.86914916,8.003558236,19.04795119,17.02542217,12.71436196,8.035718871,19.23816375,25.7234383,15.503038,5115.92000001,4617.120000000001,271872.50000000064,301243.35000006
Lac du Flambeau Band of Lake Superior Chippewa Indians of the Lac du Flambeau Reservation of Wisconsin,0.095097746515104,0.16479623632964568,3.1140790256832327,2.362347385537105e6,0.10968495714726743,0.19050520622053005,3.47905967019114,1.2132560286726276e6,0.9049022534848961,0.8352037636703543,0.8903150428527326,0.80949479377947,0.4946351333752433,0.4458837174028174,0.0010000000000000033,0.3764921881449549,0.4386693179571392,0.3339864563714868,0.32258080450025856,0.0009999999999999992,0.17468518712754935,0.2520980213224495,-10.385237552232478,-8.899639496682836,-0.15070033573716318,7.283408575985858,13.414367215250769,18.5277488399494,21.216426056730146,20.129913512513756,14.98207735994345,7.933068743688634,-0.4081824346233069,-9.506161630515999,6.1780907379115915,2.605460593991069,2.6236699682900726,2.543942535749665,2.1972412434325026,1.3095521955578215,1.882703678754577,0.9804806761056698,1.4331622650668228,1.914862024619291,2.043922406176662,3.101728605700252,4.047847998624196,2.2237145158868863,21.21877759567644,16.484703409805014,42.074336459578795,46.44628664945082,81.68644474232318,122.86830216156268,97.18018224368508,106.13673165917844,93.79913677743116,65.94947164867688,45.337133501616286,27.167157810709924,63.86238872214019,13.603634362360456,7.585278646662888,24.91854403084536,21.857154270199427,31.567868535762752,42.989410121595455,31.675972161217405,44.45209089349303,49.46239029398269,27.540496761241222,34.62897540565113,19.219056024099714,29.12507262539216,-11.0694444475,-9.594444444500002,-1.6722222224999999,4.8555555555,11.23888889,16.808333335,19.374999999999996,18.5527777775,13.563888887500003,6.2555555555,-0.93888888875,-9.41111111075,4.83032407425,1.975714236,2.56862996325,3.5888346857499998,2.3437890825,1.47281187275,2.7886072315,1.68843413975,1.90274094425,3.4131852169999997,2.1522604875,4.1313898375,4.78478769325,2.7342654495000005,26.0166666675,18.3,35.0250000025,52.1,80.63888889,108.0805555525,106.5472222075,120.10277780000001,121.3638889,85.89999999999999,55.59444444499999,39.991666665000004,70.80509259499999,12.709557644999999,8.46434325575,19.9473098775,26.597010112499998,41.007527405000005,37.686518344999996,40.609416785,52.681342595,67.69214029,38.546123375,30.245758925,29.199331837499997,33.78219837,11710.490000000003,10568.729999999992,271872.50000000064,301243.35000006
Turtle Mountain Band of Chippewa Indians of North Dakota,0.09629300881527232,0.16992055167312764,3.108143356434721,1.1594263944086106e6,0.163,0.287,3.0799999999999996,1.245e6,0.9037069911847276,0.8300794483268723,0.837,0.7130000000000001,0.5381113616086634,0.49754654851891494,0.0010000000000000002,0.3750414651780729,0.4604738581969239,0.47211367059826786,0.4338816922596933,0.0009999999999999983,0.44012508970137065,0.25859287262147046,-10.119186494202896,-8.3881433767182,0.20860619059634994,7.801067573187333,13.777473606639823,19.059694639865807,21.58900220656468,20.44520784653247,15.335050991025224,8.23036917763983,-0.025699290337627488,-9.161555436386474,6.56265730263446,2.682123213655931,2.6891496812646265,2.5945212504567894,2.105582670079441,1.3110239394138483,1.9919569397933434,1.0720046159071388,1.617961984083199,1.927490286675255,2.2107546191594203,2.881038396393451,3.723990527608696,2.233966510541599,20.39976143944175,16.55191745323135,41.70371563381108,45.668306791239935,79.4963738312775,128.16923121202362,106.74526750757917,105.75596709506172,83.12886025771336,68.96697083948472,42.12945667017176,21.928740981572727,63.38704747599033,13.955385298314546,9.658300441344604,25.358307663247448,23.88260399172303,32.44052005027911,45.93157572147074,40.48406625456791,44.44654463573269,50.56243251235106,39.28417405464842,33.24171208312399,14.661787437364467,31.15895084498658,-12.06666667,-8.444444444,-2.4,6.711111111,11.888888890000002,17.32222222,20.37777778,18.2,12.688888890000001,7.444444443999999,-2.666666667,-11.11111111,4.828703704,5.946637705,7.142673013,4.118252056,3.229336017,1.8312867360000002,2.483333333,1.829465617,1.802775638,1.572771792,3.314404589,5.911429607,6.583966214000001,3.813861026,24.42222222,23.17777778,26.93333333,25.86666667,81.63333333,124.5333333,64.55555556,114.49999999999999,44.877777779999995,42.45555556,45.33333333,23.722222220000003,53.50092591999999,13.7255945,18.61597283,17.77427917,18.08272656,30.32329962,58.99898304,24.19447825,55.47571541,33.08964256,19.50756976,27.48463207,14.93425406,27.68392899,3837.5,3463.3500000000013,271872.50000000064,301243.35000006
Iowa Tribe of Oklahoma,0.08378006019524369,0.13083600320902447,3.0117451651555713,965151.3338821447,0.13975319508103268,0.1996527236017709,3.0953847869353632,1.6059975356061919e7,0.9162199398047564,0.8691639967909756,0.8602468049189673,0.8003472763982291,0.7481471196672874,0.6540660717667265,0.000999999999999994,0.7341694624277112,0.7184319101698796,0.36977362712331197,0.346591050631513,0.22849308807949115,0.3400141395361012,0.3373905152488028,-7.636288910581817,-5.737469995295184,2.338929319563122,9.075308005286402,14.831862548603546,20.820448365681663,22.79821977642598,21.747933579296966,17.17734864002406,9.667277265466742,1.03794370267578,-7.272922277625367,8.237382501673375,2.7690438369408645,3.006218043359587,1.9228015986145783,2.0526466502802703,1.4913467942660632,1.5913848891656661,0.9484899092881222,1.380480545378432,1.834904485776864,1.6414194210787914,3.5771404031899636,3.9447475037962856,2.1800520067310805,14.511403358596079,12.118331326866091,42.621623721048735,64.94466919985005,103.78780012249914,120.11798623229642,93.86647629377767,102.49794600033938,86.09838086369557,45.08991398184523,31.615430507358887,21.84407133544325,61.592836078867194,8.583285632591624,11.167490486839284,25.992342860657295,37.99849704472471,37.674564616616905,62.08378878934576,55.02236028963793,47.07204870009345,50.68224866507423,17.619814789276237,28.160053700504925,18.87648073771287,33.411081358873496,4.185185185333333,5.914814815,11.488888886666667,16.30740740666667,20.78888889,26.15555555333333,28.451851849999997,28.655555556666666,24.47037037,17.225925926666665,10.781481483333332,4.1148148146666665,16.545061729999997,2.121187927333333,2.7037127056666663,1.2723781936666667,1.1874893223333334,0.8917007979999999,1.4894532489999999,1.3141346936666667,1.497624087,1.4595135143333333,1.1565946233333333,2.0797091576666666,2.740119569,1.6594681536666667,55.485185183333336,57.744444446666655,106.10000003333333,96.63333333333334,164.0333333333333,149.55555556666667,88.46296297,78.79259259333332,91.41111111000001,82.41111111333332,57.25185185333333,49.97037036999999,89.82098765999999,25.49053576333333,47.18337425,62.761130923333326,46.06262642,81.58725282999998,73.10297097333331,57.802431379999994,58.18912381333333,49.06311094,60.569779579999995,49.0676961,43.26133085666667,54.511780316666666,37373.06,33729.22000000014,271872.50000000064,301243.35000006
Lower Sioux Indian Community in the State of Minnesota,0.07928934000364762,0.1261519942750699,2.9782115940297897,1.0254083506043254e6,0.08596111683618819,0.15390668040685168,2.97,668455.6357066348,0.9207106599963524,0.87384800572493,0.9140388831638118,0.8460933195931484,0.7184545172417997,0.6222874603438541,0.0010119324783639072,0.6980948594101748,0.6780611197717775,0.5803819613198582,0.4863029892632946,0.0009999999999999994,0.46303554829287247,0.5458192991992524,-8.273194104309193,-6.379819637124547,1.9045214366804655,8.822911772224597,14.650004945595724,20.565609877949758,22.62594241212328,21.56480327421951,16.889354221242243,9.336740691413295,0.6521638598139694,-7.822601412580371,7.878036444811732,2.7864001157101037,2.9661878765419165,2.013279403317121,2.142956821334926,1.494984206415792,1.6040626332636698,0.9246756720088259,1.3870435937122183,1.8349587387996869,1.7153878986519762,3.5729358086167737,3.9487736055337423,2.199303864521959,14.926812902794357,12.457301068580746,39.901635053891546,60.36385035060912,100.15255211583275,115.0093820858282,94.19944399156007,99.45069367567741,83.6915560010214,45.734844326445966,31.994244133516197,21.506386889607544,59.94905854943197,9.222045521979238,10.311057147586725,25.80046602187065,35.40600527205466,38.81725226914344,55.89290296587325,52.53088187475368,43.6764727845581,51.03235016952821,17.647968990012593,27.567533220101616,17.483059385806317,32.11566630150271,-6.95,-6.7166666665,1.961111111,10.133333332000001,15.894444440000001,21.22222222,24.16666667,22.455555555000004,16.527777775,10.572222224499999,2.6777777780000003,-7.7944444445,8.6791666665,6.3744411415,6.0100261040000005,4.1298857705,4.1001271255,2.9315496289999996,2.4396181425,2.976171996,2.3907553234999996,1.854171108,3.969412613,7.024728618,6.034274777499999,4.186263529500001,17.31111111,16.57222222,48.883333335,73.577777775,107.96666665,119.28333334999999,99.13888887,90.294444445,90.055555555,61.533333330000005,40.877777775,36.07222222,66.79722222,12.73250428,11.777770735,43.121797640000004,63.208130340000004,32.600553305,47.68591859,37.419706700000006,32.273634675,60.147020190000006,48.955865275,33.777788705,39.763959230000005,38.622054139999996,57770.82000003,52138.250000000255,271872.50000000064,301243.35000006
Confederated Tribes of the Chehalis Reservation,0.14494255753422333,0.21995223908767236,3.2392275410621507,8.679169076159766e6,0.14406253748754144,0.2228553341869206,3.4317435197040562,8.388289913219665e6,0.8550574424657766,0.7800477609123276,0.8559374625124585,0.7771446658130794,0.6280374856882159,0.608483013256801,0.001872438350820136,0.38976756218793296,0.5070524698710303,0.6052040180248901,0.5553752937114971,0.0013071107612196346,0.42212069432045174,0.5786997806999316,6.487854193322938,8.337837581342589,8.454625278598886,12.280692012298163,14.97292230308415,19.44334804722768,24.312591960521146,20.340495515279798,19.568313636283627,14.34237979885519,7.647368171214863,5.2962836395079025,13.457059344549332,2.8802892934639037,2.1790243905698414,3.7187375217650582,3.4440733812686877,3.3643408261469467,3.3051455387398545,2.744531600891072,2.147194565255873,2.7589687887137977,2.610979146538659,3.4341517185830837,3.52198175820205,3.009118210854336,141.34071859278086,145.4434429756087,134.49124780760354,64.14578765070054,53.465779105766764,19.814181972588628,3.0747970952067503,6.991575300929519,15.460648346489533,54.00505007670654,77.0411315230585,190.34190992815047,75.46802253278513,107.8166631209953,132.82104596644166,106.12239655751388,41.042876243242205,37.338554706416055,18.293138247659968,4.116384825943614,16.01101799098633,19.73818107948313,54.4988471641777,56.42891682126014,161.49446170705676,62.976873703058516,3.644444444,4.077777778,6.388888889,10.37777778,11.43333333,13.78888889,16.65555556,16.78888889,14.51111111,9.833333333,4.733333333,3.155555556,9.615740741,2.549564233,4.382002333,1.370624351,4.617298392,1.177921899,0.888037787,1.371232211,2.009629596,1.390543459,4.347700542,4.04103947,2.633491556,2.564923819,235.3,149.7111111,135.6444444,103.4444444,78.67777778,71.47777778,24.37777778,34.21111111,65.28888889,166.1555556,220.8333333,212.7222222,124.8203704,125.7456162,83.32702809,48.80320459,48.57720945,39.6765919,20.31063624,18.04790693,16.56007582,40.27379559,81.92225142,136.6263426,106.0438209,63.82620664,5114.84,4616.170000000003,271872.50000000064,301243.35000006
Burns Paiute Tribe,0.10671163645088495,0.15046052473980195,3.2182265348440806,1.9405454204295182e6,0.151,0.24,3.28,606000.0,0.893288363549115,0.849539475260198,0.849,0.76,0.0927830765495786,0.09232821979022744,0.0009999999999999998,0.04957642955309161,0.011537647058846724,0.06519192660490764,0.06513721492330583,0.001,0.005269118286321526,0.001,6.08925373134627,10.34381426385075,11.043582089770153,13.025439469492541,16.414792700776122,21.502089550388064,23.0028855718209,23.90311774540299,20.31993366498508,17.15472637143284,10.228888891540299,6.6609286899373155,14.974121061194035,4.630304346089552,1.7323440277402993,1.7875225345194035,3.871870796758211,3.088072982961195,1.8317533828716424,3.1649291816388074,1.8284663445343288,3.3942209531940315,2.1489446138895527,2.5072144741731344,3.759818830229853,2.8121218725402994,132.43031505725378,118.88922056286569,80.7862686606269,57.853631841194044,42.52308457710449,12.453731343892539,5.048490878197015,6.872238805820897,9.235323383558214,49.91529021110449,71.3796351615224,114.90378109229853,58.52425096080598,99.12072522743287,75.67340585319404,51.81386171898507,39.52057209235822,30.042168043301505,9.887607993558214,5.557189220047763,12.042227303653737,12.466313054576124,52.41028693985075,80.33207186289555,74.37002220444779,45.26970429274629,-1.1388888885,1.7833333335000001,3.8555555555,7.85,10.805555555,15.044444445,20.11111111,18.09444444,13.93888889,8.6111111115,1.738888889,-2.3111111109999998,8.198611111,4.3099393605000005,4.466078888,3.264517020499999,3.075296587,2.6463140624999997,2.9858414235,2.2483830680000003,1.9697561775,1.9985708969999998,3.5971473145000004,3.6749571435,4.588365743,3.2354306405,56.277777779999994,20.422222225000002,46.644444445000005,28.277777774999997,49.06666666499999,28.95,20.905555555,6.966666666499999,22.05,36.666666665,69.43888888999999,78.961111115,38.718981485,95.33472671,16.30546166,60.484306965,13.83350094,27.925440495,20.31851383,22.14004578,8.4468365025,21.370373185,27.509710179999995,109.55516475,87.73851002999999,42.580215915000004,800.0,722.0000000000001,271872.50000000064,301243.35000006
Pechanga Band of Indians,0.10743636304786137,0.15100126991883167,3.252675204176721,3.321796739323771e8,0.09999660224025875,0.14598301120129376,3.150314292776065,1.2701498232628132e8,0.8925636369521386,0.8489987300811683,0.9000033977597413,0.8540169887987062,0.1963860848017627,0.1963860848017627,0.06634087072529894,0.09242110904923734,0.0561393466685583,0.18492062792383177,0.1834416713681825,0.08414054346724076,0.07387068514672342,0.038841401359541526,10.653058880657243,11.377245797644182,12.15273243887922,13.59228630027204,14.826568733971717,18.09515778089228,19.746203603313386,21.3350622657073,19.045641397959745,17.08948131990207,12.631864345571275,10.558608390575088,15.091992604368887,1.7326808256093589,2.3706805619782374,2.285490947151796,1.7440132881664856,2.296864633867248,2.8659926122747557,3.1894680115984784,3.0907837053699674,2.048712570745377,2.0295019436109913,1.984217975230686,1.9655689050457028,2.3003313318286187,93.43608390397172,117.0625559214364,73.72752387841678,28.70875347661045,16.310186192796525,2.582704630661045,3.348809091877585,3.0264176037236146,4.309744891717084,18.08611413147987,24.16505259339501,51.15763511081067,36.32679845243744,90.01908615192058,117.8718721045539,73.61156635551144,22.90293182995104,14.649115084076177,4.275396973916215,6.0084470283057705,4.6493418518901,7.449351785866704,21.118111099336243,34.34298588182264,69.17999678774211,38.839850245511435,12.266666669999998,12.02222222,13.14444444,14.53333333,16.51111111,18.85555556,21.27777778,22.64444444,20.63333333,17.83333333,14.422222219999998,12.34444444,16.37407407,1.102270384,3.322189706,1.260070545,1.011187421,0.902003942,1.897439796,2.625727412,1.627967376,0.874642784,1.809005252,1.091762082,0.7731609,1.524785633,130.9888889,102.4777778,63.78888889,33.45555556,17.47777778,3.233333333,5.811111111,3.966666667,5.522222222,12.4,26.48888889,36.91111111,36.87685186,119.4774188,82.84269397,53.85855188,21.34649334,16.09905104,4.848195541,8.543629856,9.675872054,10.14085521,14.20026408,41.08136574,56.30347335,36.53482207,4348.87000001,3924.870000000002,271872.50000000064,301243.35000006
Te-Moak Tribe of Western Shoshone Indians of Nevada (Wells Band),0.11442586063416325,0.13404167698040964,2.9951186476598344,2.6304578815270063e7,0.1,0.169,3.35,2.969e6,0.8855741393658367,0.8659583230195904,0.9,0.831,0.29911433222455497,0.2893893367372348,0.001390244906849038,0.24531270470623795,0.09003787834948697,0.07593724961763115,0.07593724961763115,0.001,0.020954363358277214,0.006965772518707908,-2.2037915983960703,-1.2374704491677566,2.624095290058917,7.128341516697619,11.584510820098192,16.316189307373147,21.521167484165293,19.726591198571988,15.443667030535991,9.079659938161614,1.653255137277003,-2.8689261683473783,8.230607458910795,3.0819804437409952,4.314911246870291,3.4940420172606355,2.9640107000126816,3.5836523659619437,3.6382553444697185,3.0885873906354315,3.2913262308645637,3.375024419018818,2.9540806022058073,3.8510219100474576,3.047425878584694,3.390359879153025,38.79113475063008,31.03570194741404,52.039125295965576,41.09405346378064,64.07520912914889,34.501995817557265,36.73657937780234,28.349768139748345,31.20794235265135,29.437497726824855,38.9280414614484,42.50190034549915,39.05824581700897,33.7893336511579,23.278465394165273,30.51585960177984,21.918278937688193,33.65760377794187,21.536620963960697,34.55978306626593,26.13845151322829,20.540833946292942,19.285018973408327,31.168333265580987,38.54896709505727,27.9114625155278,-1.477777778,1.422222222,1.233333333,6.544444444,9.966666667,15.611111110000001,20.16666667,18.02222222,13.55555556,9.733333333,2.1,-2.411111111,7.872222223,5.876814141,6.162340825,1.359227722,1.728518955,2.242208732,2.663383395,1.860107524,0.9310985149999998,1.614087289,5.521095906,5.389805191,4.399842169,3.31237753,30.4,35.3,28.67777778,34.16666667,47.21111111,24.27777778,10.24444444,32.74444444,18.58888889,23.2,27.12222222,24.84444444,28.06481481,24.39087944,38.54289818,13.38345787,18.44302036,31.23617472,19.29208243,7.867355195999999,66.45071691,14.360313749999998,19.73094017,9.525069262,16.01023978,23.26942901,5275.92000001,4761.520000000001,271872.50000000064,301243.35000006
Northwestern Band of the Shoshone Nation,0.14300000000000002,0.20599999999999996,2.66,1.9600000000000002e6,0.11599999999999999,0.146,3.08,3.186e6,0.857,0.794,0.884,0.854,0.06406995800585867,0.06406995800585867,0.0010000000000000002,0.009157824218116327,0.0014035146484903064,0.2426722573137036,0.2388804626364128,0.001,0.18580748425123708,0.08059436102680982,0.7277777780571428,2.2458730159285714,5.371746031800001,8.531269841242858,12.576031746285715,17.256825398714284,20.823333333571426,21.85206349457143,16.059682538857146,11.923333330857144,3.2922222223000004,2.415873015957143,10.256335976714288,4.001475782000001,3.547743319871429,3.0313218199999996,3.3193009444285715,3.405418715214286,3.0695080675285715,3.5539996645428573,2.6612186563857145,2.8653034000285715,3.7838958111285717,3.3470417837428577,3.0766547272857148,3.305240224157143,105.6444444,102.2166667,109.91206350857144,53.42809523785714,51.470317461428564,10.927777780000001,5.891269841414285,8.3444444445,11.380317459714286,32.13333333,31.46111111,94.38079364828573,51.43255291128571,123.307432,96.398687,127.48000368428573,38.29636808785715,35.57040096514286,13.007929295,4.939712790742857,10.682659820000001,15.453709399571428,51.39627905,24.17837502,78.24216215614287,51.579476602571425,-0.8666666670000001,1.233333333,3.177777778,8.711111111,12.23333333,17.01111111,23.588888889999996,21.42222222,16.04444444,10.05555556,2.222222222,-2.044444444,9.399074074,4.37407133,4.78826691,2.091517259,2.538426897,1.550806242,1.651093913,2.094304446,3.366295359,2.353779467,2.489031494,3.277490571,3.966771707,2.878487966,44.16666667,33.18888889,39.22222222,64.78888889,57.98888889,45.9,20.22222222,24.82222222,27.7,33.43333333,54.66666667,36.73333333,40.23611111,35.86683705,25.34395611,23.71311756,67.38016111,32.74944444,35.33468551,37.35230173,25.64116699,24.4419721,20.49475543,69.24214757,23.240159210000005,35.0667254,160.0,144.4,271872.50000000064,301243.35000006
"Sisseton-Wahpeton Oyate of the Lake Traverse Reservation, South Dakota",0.0792845593202354,0.12610770476210548,2.978234542500817,1.026600009573915e6,0.11214925497075916,0.19534231111152073,3.2900084327863044,603523.7579688856,0.9207154406797646,0.8738922952378945,0.8878507450292409,0.8046576888884793,0.7186738700724433,0.622595301179792,0.001011966122998177,0.6983662713303324,0.6783234188385852,0.5103898714529328,0.4724132621246572,0.0011968059481771097,0.47224784018365284,0.40931289485601785,-8.270444212897605,-6.37626221295847,1.9074546612202792,8.823525351719635,14.649683826445452,20.566524491271743,22.625998528304912,21.56540982656895,16.890058935791856,9.338004017391293,0.6529344178098492,-7.819620509196349,7.879438926830184,2.786286590738691,2.9664170026396364,2.0132019677199047,2.142432621966855,1.4945605840733491,1.6036964520541588,0.9246820220010387,1.3869464238129365,1.835226546749329,1.7147656779720268,3.5740182068634496,3.94973802218132,2.199331009927651,14.918751343627816,12.449323430120506,39.90460620958668,60.365708226969986,100.15642802596558,114.98518532471938,94.18714766369945,99.469734170603,83.66605622541641,45.7199540419495,31.96450057102104,21.494935442510794,59.94019422281978,9.214902586902852,10.310365507174636,25.802047912449368,35.399696243072064,38.86427420221651,55.931134603788536,52.58242267231549,43.705708180647115,51.009380278057634,17.648127796313773,27.544540445500644,17.486443090020334,32.124920292755924,-8.781944444,-5.9375,0.25972222224999997,8.799999999874998,14.55694444375,19.79166666625,22.345833331250002,21.45833333375,15.102777777500002,9.116666665875,0.775000000125,-8.625000000125,7.40520833325,5.8082424206250005,6.642718719124999,3.7852824075,3.4279664366250007,2.331449296125,2.7466367932500004,1.9511105431250002,2.4630968531249997,1.960214626875,3.0893825335,7.267888268000001,6.4231473365000005,3.991428019625,22.069444445,22.45138888875,42.73611111,40.1791666675,71.2125,106.65694444999998,81.52916666625002,71.20277777625,70.493055555,51.550000001250005,32.7138888875,38.550000000000004,54.278703705,30.02263383875,35.22965207675,39.6465394,35.779493575000004,33.847985953750005,40.04073055875,44.126906713749996,36.05342494625,39.173957727499996,29.5110065425,29.157018672499998,58.527201622499994,37.59304596875,57610.82000003,51993.85000000026,271872.50000000064,301243.35000006
"Bay Mills Indian Community, Michigan",0.09629300881527232,0.16992055167312764,3.108143356434721,1.1594263944086106e6,0.16199999999999998,0.208,2.99,3.1e6,0.9037069911847276,0.8300794483268723,0.8380000000000001,0.792,0.5381113616086634,0.49754654851891494,0.0010000000000000002,0.3750414651780729,0.4604738581969239,0.41721857432810644,0.4053321426388563,0.0009999999999999998,0.2547859970801446,0.3191620777042448,-10.119186494202896,-8.3881433767182,0.20860619059634994,7.801067573187333,13.777473606639823,19.059694639865807,21.58900220656468,20.44520784653247,15.335050991025224,8.23036917763983,-0.025699290337627488,-9.161555436386474,6.56265730263446,2.682123213655931,2.6891496812646265,2.5945212504567894,2.105582670079441,1.3110239394138483,1.9919569397933434,1.0720046159071388,1.617961984083199,1.927490286675255,2.2107546191594203,2.881038396393451,3.723990527608696,2.233966510541599,20.39976143944175,16.55191745323135,41.70371563381108,45.668306791239935,79.4963738312775,128.16923121202362,106.74526750757917,105.75596709506172,83.12886025771336,68.96697083948472,42.12945667017176,21.928740981572727,63.38704747599033,13.955385298314546,9.658300441344604,25.358307663247448,23.88260399172303,32.44052005027911,45.93157572147074,40.48406625456791,44.44654463573269,50.56243251235106,39.28417405464842,33.24171208312399,14.661787437364467,31.15895084498658,-7.5166666665,-8.283333333499998,-1.538888889,5.027777778000001,11.52222222,15.85,19.122222224999998,18.955555554999997,14.2,7.972222222,2.0333333335,-5.655555555499999,5.974074074,3.0342484695,3.056993822,2.9335206694999996,1.8240094405000002,1.969411485,2.315657823,2.2045738845,1.3994132989999999,2.329952648,1.769175706,2.9133965434999998,4.6589907915,2.5341120485,63.01666666500001,36.733333335000005,45.916666664999994,61.87777778,67.46666667,98.077777795,63.55555556,78.49444444500001,102.81111112,83.61111111,78.67777777999999,73.21111110999999,71.120833335,23.809351314999997,20.771796065,30.71320093,34.992523170000005,32.677356815,48.795490550000004,24.533962154999998,28.648395760000003,40.633281935,35.312558095,22.95180644,40.11374818,31.99612262,3837.5,3463.3500000000013,271872.50000000064,301243.35000006
"Santa Rosa Indian Community of the Santa Rosa Rancheria, California",0.13534052438476718,0.20124113380977193,3.3446522321967476,4.622804267953168e7,0.144,0.211,3.07,1.1253e7,0.8646594756152328,0.7987588661902281,0.856,0.789,0.15971588684510168,0.15621043988970199,0.0935074633747864,0.06185432550387212,0.023515904090295147,0.05659125331072332,0.05659125331072332,0.007363863468565379,0.016205128083011954,0.001,8.949841741093566,10.781891476947935,12.000142794759771,14.725319354273925,17.411892610466392,21.405111451461508,23.97683363740613,23.431409225108656,21.287515078818927,17.80024486277475,11.433637736590734,8.428452568767694,15.969357711676956,1.7538060559436184,2.0302105694391432,2.2975718021996485,2.1476655076203586,2.222548243914022,2.484048832060671,2.529489865137828,2.3936248774539677,2.1662319268683863,1.878586056418939,2.2878460517424255,2.1782044271325374,2.1974861847046827,97.36823559366164,72.48319698392126,61.52521419055801,36.10757219654069,19.51014351515901,5.482818089981157,2.243444630111595,2.0571079871072055,4.575872743398682,18.696272926464793,30.02678801529232,64.93351247023726,34.58418161189597,80.12377524766526,65.64694807227855,55.698612190432776,25.03510264751119,16.215934669494033,7.483141588768373,3.913648230082996,2.4424436234547473,5.713412216424475,23.784624290104254,32.759009968224746,62.685632108941185,31.791857071091307,7.3,7.411111111,10.88888889,14.333333329999999,17.88888889,21.74444444,24.76666667,24.2,20.66666667,16.51111111,9.322222222,6.622222222000001,15.13796296,2.880104165,8.599483189,3.761131626,3.9363688849999994,3.002267661,3.2806672760000004,3.2101401839999997,2.556364606,3.4503623,3.958043849,5.690074204,3.6217322440000004,3.995561682,55.01111111,41.66666667,37.93333333,20.13333333,15.811111109999999,3.333333333,7.588888889,8.6,2.688888889,11.0,14.78888889,29.94444444,20.70833333,33.70621028,24.131255669999998,33.43845092,13.057373399999998,13.909389309999998,5.421485036,18.99331754,24.18553287,4.547923824,11.82729893,16.78536896,25.129917979999995,18.76112706,101482.02000000003,91587.68999999965,271872.50000000064,301243.35000006
"Northern Arapaho Tribe of the Wind River Reservation, Wyoming",0.09671072977480884,0.12799655854404285,3.4158514469972605,1.6414541049401855e7,0.14117614446151538,0.19888061353981684,3.372357646417614,2.8927536113836793e6,0.9032892702251911,0.8720034414559572,0.8588238555384846,0.8011193864601831,0.18205457583475243,0.1719417706995206,0.0012084530782560878,0.14648051908778445,0.07330944301077652,0.056095397600241424,0.055694570097866346,0.002799349391891822,0.021838923204164896,0.002574532331752992,-2.406498780047033,-0.6505899705804647,3.0378127390270397,7.339866710374952,11.820009832230411,17.666393531655185,20.701514986025888,20.358239556896088,15.694464474251069,8.75785716836086,2.5785243453733173,-2.563955351660111,8.527803270150438,3.1693481970467032,3.0671195888631577,2.6797095693680753,2.5214033121510973,3.262528871583576,2.7816425593879046,2.7032194332528667,2.8185657091928844,3.077789331645689,2.736274576116682,4.2808309771134025,3.7152819238895423,3.0678095041799387,26.818336429339542,20.855162240606347,35.2069667509341,42.76159364850702,57.948594267567984,39.134289303633174,46.64099202419039,42.321792490403126,31.383014676491296,29.233755781194667,25.20695582526549,18.375536254442313,34.657249141350356,23.612336496661573,16.41922349559603,19.601253955883642,22.194371869134688,35.7018629617961,29.813559528901983,35.5555357370796,24.337374421425743,19.86589145034643,21.856238900609622,22.030848082476076,14.795613917790073,23.815342567972785,-6.7382716049999996,-4.803703703666667,-0.113580246888889,5.569135802555555,9.717283949777777,15.2,20.386419753333332,18.667901233333332,13.122222223333333,7.654320987777777,-0.6098765432222222,-5.095061728333333,6.079732510333333,2.8162391983333332,5.124800153111111,2.4241015083333335,3.230387511,3.686265503111111,3.350102642222222,3.3508274756666663,3.195357493777778,3.017943330333333,3.381468016888889,5.974280982333332,4.491546278777778,3.6702766745555553,23.144444443666664,25.62098765311111,23.483950615555553,37.81728395111112,66.58024691333334,48.67037037111111,38.63950617444444,33.07530864111111,30.495061727777784,29.144444444444446,30.01728395222222,18.85061728188889,33.79495884777777,17.13534423088889,38.518264818888895,20.191571845666665,25.848987507777775,41.14505730333334,42.55738461666667,53.033745974444436,38.139686564444446,28.008764771111107,29.66603994222222,34.52096190955555,16.533450746888885,32.10827168777778,12873.399999989999,11618.23999999998,271872.50000000064,301243.35000006
"Sac & Fox Nation, Oklahoma",0.08378006019524369,0.13083600320902447,3.0117451651555713,965151.3338821447,0.15553519771414284,0.22809787345611396,3.053165304180015,3.9693318905893113e6,0.9162199398047564,0.8691639967909756,0.8444648022858572,0.771902126543886,0.7481471196672874,0.6540660717667265,0.000999999999999994,0.7341694624277112,0.7184319101698796,0.39319529980311285,0.3661602502035588,0.25715685083116135,0.3556197790075648,0.3405914773493788,-7.636288910581817,-5.737469995295184,2.338929319563122,9.075308005286402,14.831862548603546,20.820448365681663,22.79821977642598,21.747933579296966,17.17734864002406,9.667277265466742,1.03794370267578,-7.272922277625367,8.237382501673375,2.7690438369408645,3.006218043359587,1.9228015986145783,2.0526466502802703,1.4913467942660632,1.5913848891656661,0.9484899092881222,1.380480545378432,1.834904485776864,1.6414194210787914,3.5771404031899636,3.9447475037962856,2.1800520067310805,14.511403358596079,12.118331326866091,42.621623721048735,64.94466919985005,103.78780012249914,120.11798623229642,93.86647629377767,102.49794600033938,86.09838086369557,45.08991398184523,31.615430507358887,21.84407133544325,61.592836078867194,8.583285632591624,11.167490486839284,25.992342860657295,37.99849704472471,37.674564616616905,62.08378878934576,55.02236028963793,47.07204870009345,50.68224866507423,17.619814789276237,28.160053700504925,18.87648073771287,33.411081358873496,4.362962963,6.088888889,11.674074073333333,16.41851852,20.677777776666662,26.196296293333333,28.500000000000004,28.733333333333327,24.496296296666667,17.281481483333334,10.999999999999998,4.348148148,16.64814815,2.149084097,2.681373451,1.2763990230000002,1.151716427,1.0595884306666667,1.4873687423333333,1.3218946273333332,1.4641091223333333,1.4335329463333333,1.1700262426666665,2.080993908,2.807891405,1.6736648683333333,58.89259259333333,58.03333333666666,101.04814816333332,101.50740740999998,173.31481483333332,141.05925923333334,90.40000000666666,77.64814814666666,97.20740741666665,83.96666666666667,61.31851852,54.48888888666666,91.57376543666666,28.94570754333333,43.32953365333333,54.24677958,50.03438720666666,91.69121505333332,71.05666303666666,57.7591921,58.256499829999996,46.98003915333332,61.222441133333334,51.08909218333333,49.05897917666667,55.30587747,37373.06,33729.22000000014,271872.50000000064,301243.35000006
Shoshone-Bannock Tribes of the Fort Hall Reservation,0.11354598406131441,0.13182588171757395,3.0054378752462014,2.7054215551522467e7,0.10277626189145306,0.11767605794722659,3.011174416503097,2.2402585807060134e6,0.8864540159386856,0.8681741182824261,0.8972237381085469,0.8823239420527734,0.3072495388561671,0.2971879480002325,0.0014037518157665751,0.2534863474756963,0.09310563466471869,0.1479410898275719,0.1479305193854391,0.0009999999999999842,0.06542990642649153,0.021345649656414098,-2.2902321444583,-1.3401806608597306,2.54307778714322,7.086974632654591,11.55527473550127,16.288453618074993,21.541743891301607,19.663919311158406,15.425503136019367,8.995811101814244,1.6049283908778442,-3.0247542824591434,8.170876626456614,3.054868112789809,4.337532036630163,3.50768583099621,2.953534576546337,3.588907781106152,3.6550254832169373,3.0748641980602374,3.3099056454448226,3.3900541036562784,2.9296125884633533,3.8658823181524866,3.0465640338462503,3.392869725762006,36.81989141640271,28.936852944599842,50.33267808666389,40.73037068189979,64.44687821791915,35.19710755413228,37.646087241133095,28.93964710296128,31.792581671314256,29.358008050235906,39.14821211208089,40.97219414027804,38.693375767893905,31.14979410422496,21.122435270994124,27.656765210130608,21.435352972855938,33.601202849928406,21.788098814351315,35.4331634029495,26.594182523559397,20.690833406390073,18.33818316660068,31.374439869283936,37.37856959957456,27.213585099313416,-4.462962962833333,-0.9203703703333335,1.2,7.033333333333333,11.155555555500001,16.305555556666665,19.122222221666668,18.970370371666668,13.985185185,9.307407407333335,0.42222222216666666,-3.8111111110000007,7.358950617500001,2.5714141953333334,4.859185274833333,2.5543382995000004,1.3379136891666668,3.246135246833333,4.2711790569999994,2.223885998,2.1758714905,1.9560021716666667,4.858128823333334,3.3849975955,5.5854849085,3.252044729333334,33.12777777666667,23.622222224999998,37.753703701666666,28.74444444166667,59.770370369999995,36.44259259166667,19.148148148333334,20.838888888333333,24.94814814833333,28.901851851666667,31.059259259999997,30.78148148,31.26157407666667,19.740244320000002,13.343015789999999,31.808152043333333,18.990204253333335,34.844520896666666,23.895005284999996,19.12194775,20.189850765,14.44831285,14.318603198333335,20.746821621666665,22.16923757166667,21.134659693333333,10231.84000002,9234.239999999987,271872.50000000064,301243.35000006
"Fort McDermitt Paiute and Shoshone Tribes of the Fort McDermitt Indian Reservation, Nevada and Oregon",0.11262095569648145,0.1343480790576381,3.034238802132399,2.36550824461374e7,0.1219792792936167,0.18306830468394544,2.932313881878147,1.4593246522661431e6,0.8873790443035185,0.8656519209423619,0.8780207207063833,0.8169316953160546,0.28640841093811914,0.2772803701208635,0.001364516575211777,0.23367106895858952,0.08517913256537608,0.07748912025172243,0.07496504539727834,0.007473004265262795,0.020395902718537612,0.004645870793633382,-1.2540092694510883,0.10468397545551875,3.5942660268552924,7.821336286527122,12.156211803927638,16.93318157574381,21.72243140070504,20.188146507714993,16.030757557283113,10.004757803668133,2.6713834546363944,-1.8270046347098532,9.012178540682159,3.2496895000749304,4.015369621355847,3.294967224750459,3.0670977488501263,3.5269736144843074,3.4295562496932406,3.0860018021572513,3.1267080943909162,3.390569384053152,2.8330737285585057,3.6978669147810934,3.1347664542185267,3.3210533614839384,48.64325498956067,40.06053074161677,54.09862597971569,42.84786514050566,61.735740945983736,32.384619170806175,33.61500758754001,26.210750174374294,29.00310897792242,31.900159960125464,43.13401008977108,50.11471227572531,41.145698835308174,39.55520640628271,27.868310186105532,30.64407688619782,23.67180494961238,33.16108595800512,20.31646189114505,31.738644631715726,24.794660560226625,19.67377385753153,22.55160316070872,37.42863208702469,41.95300172310075,29.446438524857847,-1.4844444446,1.6155555555999999,3.3844444441999997,7.9866666668000015,11.104444444,16.153333334,21.346666667999997,19.486666665999998,14.377777778,8.626666666599998,1.4777777779999999,-2.297777778,8.481481481600001,2.970978584,4.583973895200001,1.6079369238,2.1952990348,1.7068022530000002,2.2178630561999997,1.6572415428,1.122653925,1.79658836,1.9174611268000001,2.56624475,3.0643573648000006,2.2839500679999998,32.675555554000006,22.94666667,25.955555556000004,21.32,38.457777778,17.157777778000003,12.682222222399998,10.726666665600002,11.72888889,23.57111111,28.128888888000002,44.18444444400001,24.127962961999998,27.751194870000003,18.969477538000003,17.993738418000003,13.213021573799999,16.845375978,12.789272246,19.232642658,14.9347157608,10.6822257752,20.787321878000004,22.997529472,35.232518052,19.285752852,5915.92000001,5339.120000000001,271872.50000000064,301243.35000006
Middletown Rancheria of Pomo Indians of California,0.13916626345772248,0.20711402151604774,3.3335567740293834,5.758578373965223e7,0.157,0.231,3.92,6.666e6,0.8608337365422776,0.7928859784839523,0.843,0.769,0.21705597623240316,0.2124607401215982,0.13906139356983188,0.0789516969166307,0.05239494726220726,0.6837663560783396,0.6819606590617445,0.29732075949592074,0.46285388267586997,0.6030375229685146,8.745822377235326,10.839111727392266,12.486751871864799,15.508031745884649,18.640289927381993,22.93526265212211,25.42511195021555,24.896242290654406,22.2751355895735,18.372740407229962,11.37119408467111,8.24228352273307,16.64483151213841,1.6877624861216194,2.020856782436867,2.222546863854848,2.247861203700528,2.1366054357352393,2.596948560218334,2.510489895256434,2.404345104606727,2.475294999603235,1.9685775239117411,2.477438294684557,2.065915933448288,2.2345535903379004,93.5189404685503,67.85688993242893,62.05728567432076,32.739907465980146,19.443743790819376,4.088961132112531,2.049094038486348,1.0254774160147209,4.3077103684617795,17.31278704637848,28.200351655310516,65.52289950349372,33.177004041062204,71.9927637260442,56.96511266168556,51.69902905011744,23.474223486957463,17.354629053380695,6.564834978026846,4.413641897837959,2.3109772752281814,5.715483376488383,21.13302338906246,31.264369325017338,62.899825792513624,29.64899283451974,8.055555556,9.633333333,10.31111111,13.377777779999999,15.91111111,19.72222222,20.61111111,21.51111111,18.75555556,16.26666667,10.05555556,7.544444444,14.31296296,1.2787798,1.312440475,1.2702799339999997,1.965183056,2.35979048,3.011136736,1.337389663,3.301304456,1.481646981,1.044030651,2.047627353,1.650084173,1.838307813,226.1333333,143.8222222,137.9777778,58.52222222,43.36666667,11.7,9.677777778,4.222222222,8.644444444,43.6,56.73333333,208.8888889,79.44074074,210.37688800000004,123.6031025,124.3515559,42.76116164,29.60886692,15.18584868,16.84063373,9.807876653,10.78808499,39.70865775,52.00240379,134.238877,67.43949646,46438.52,41910.79000000013,271872.50000000064,301243.35000006
Red Cliff Band of Lake Superior Chippewa Indians of Wisconsin,0.095097746515104,0.16479623632964568,3.1140790256832327,2.362347385537105e6,0.102,0.2,3.11,799000.0,0.9049022534848961,0.8352037636703543,0.898,0.8,0.4946351333752433,0.4458837174028174,0.0010000000000000033,0.3764921881449549,0.4386693179571392,0.3898746888540367,0.3594329541138747,0.0009999999999999992,0.2930919896637415,0.3754110297657588,-10.385237552232478,-8.899639496682836,-0.15070033573716318,7.283408575985858,13.414367215250769,18.5277488399494,21.216426056730146,20.129913512513756,14.98207735994345,7.933068743688634,-0.4081824346233069,-9.506161630515999,6.1780907379115915,2.605460593991069,2.6236699682900726,2.543942535749665,2.1972412434325026,1.3095521955578215,1.882703678754577,0.9804806761056698,1.4331622650668228,1.914862024619291,2.043922406176662,3.101728605700252,4.047847998624196,2.2237145158868863,21.21877759567644,16.484703409805014,42.074336459578795,46.44628664945082,81.68644474232318,122.86830216156268,97.18018224368508,106.13673165917844,93.79913677743116,65.94947164867688,45.337133501616286,27.167157810709924,63.86238872214019,13.603634362360456,7.585278646662888,24.91854403084536,21.857154270199427,31.567868535762752,42.989410121595455,31.675972161217405,44.45209089349303,49.46239029398269,27.540496761241222,34.62897540565113,19.219056024099714,29.12507262539216,-10.511111109999998,-9.011111111,-1.055555556,5.411111111,11.45555556,17.07777778,19.97777778,19.23333333,14.333333329999999,7.355555556,-0.455555556,-5.866666667,5.662037036999999,1.811383756,2.467004481,2.622551768,2.100859612,1.313498298,2.313426991,1.023203032,1.142365966,2.131900561,2.107789785,2.453625436,11.36914685,2.7380630450000005,45.3,16.61111111,35.88888889,67.92222222,78.35555556,96.96666667,94.4,118.4222222,103.7111111,81.19999999999999,60.15555556,35.45555556,69.53240741,63.599705189999995,7.239724519,23.23657916,48.77324517,44.14261295,28.03952567,36.93599193,65.56301888,73.02301768,36.56025848,33.1377093,15.76539812,39.66806559,11710.490000000003,10568.729999999992,271872.50000000064,301243.35000006
Yankton Sioux Tribe of South Dakota,0.1005933682950938,0.1563656486845668,3.168410024986835,1.1273188739128653e6,0.13393616590822693,0.2089071323737285,3.250055927815806,686245.2322798002,0.8994066317049062,0.8436343513154332,0.866063834091773,0.7910928676262715,0.5722016937261322,0.5079419476584169,0.002024696991554787,0.5605284326380191,0.46116219089452154,0.5376297394266497,0.4617725081548185,0.001232740741832453,0.5279810218248919,0.3596819939998333,-6.805930375877783,-4.369593345629625,3.03518432943577,9.742334155372006,14.984565619480152,21.284462929011116,23.70636424337112,22.815668003137738,18.048300472107236,10.305771205420987,1.427628876426989,-6.152141096698712,9.001884584738225,2.8162145325720926,3.59084911764372,1.8308018057051783,2.3341386458354934,1.7415247580690867,1.284651929165668,1.0939161883657589,1.6094444236215357,1.8753875756947802,2.0747795426504188,3.370376083746308,3.1691813227622503,2.2326054938627564,11.607691517578107,10.862556480646038,35.928232181499595,63.156086977927544,96.3994839752912,98.74493992365083,62.11132162630781,88.88687872202185,61.50354025465582,39.553666050046246,29.212132881571193,13.917521565466295,50.990337680644714,8.025641306961887,9.675396672148116,29.622523895965852,39.958710589378526,38.51170018944092,55.95439415093582,44.34270376546446,39.444497178659915,41.46973325688548,21.74516307127082,23.65820460785354,11.300725785646959,30.309116206388662,-5.588888888666666,-1.2666666666666666,3.3407407406666665,9.318518518666668,15.285185183333331,21.388888886666667,22.01481481333333,23.111111113333337,17.692592593333334,11.592592596666668,1.2259259256666666,-5.485185184999999,9.385802469666668,2.9738349073333334,5.237998202,2.0878104706666667,2.3179184026666664,2.345048465333333,2.378350342666667,4.138252878333333,3.202735502666666,1.8005771203333334,2.515034196333333,3.5918807759999996,4.286842512,3.0730236483333333,11.133333333333333,12.807407406666666,32.58888889,58.111111109999996,95.30740742,87.10000000000001,49.01111111,73.81481481666667,49.722222223333326,39.944444446666665,28.311111110000002,11.699999998,45.79598765666667,5.360607496333333,10.330376518333333,25.091970223333337,38.735934533333335,42.30118808666666,62.04616256,33.363201983333326,40.22989321666667,39.637478783333336,22.498467446666666,20.851214703333333,6.446260458666667,28.90772966666667,7986.32000001,7207.639999999988,271872.50000000064,301243.35000006
"Keweenaw Bay Indian Community, Michigan",0.09620004264147393,0.1696805128943142,3.1171381597458323,1.1300152051400135e6,0.14815519240857197,0.19350437532785894,3.281464417528541,694037.6384049678,0.903799957358526,0.8303194871056858,0.851844807591428,0.8064956246721411,0.5260870546708322,0.4871863318462646,0.001,0.36589163549407244,0.44630148464184227,0.3080354822853061,0.3010273966300051,0.0010000000000000009,0.17698826921915167,0.2778520819974505,-9.914182565375965,-8.156048363856629,0.25421465804693133,7.733522434232079,13.641607928586895,18.909283137075807,21.53151108795771,20.372884073280034,15.249189156121707,8.2037017936787,-0.058661394838060855,-8.979279124509539,6.565645234809694,2.6910415542738515,2.6718062583496645,2.582748129164001,2.06589035706756,1.3291093120670443,1.9647515482202156,1.1243164967256314,1.609941315613718,1.9326762435007734,2.1893019139154206,2.90407540712068,3.6896385190794225,2.2296080880758113,23.140840069499728,16.42358603746777,41.42876626169677,45.367743967034556,79.65177353895305,125.52147726381638,103.57976621974211,103.05538366202165,81.31537447388344,67.79806315183085,41.48201249143373,21.616228298530164,62.53175128623516,22.320818773161424,9.707370710451261,25.05704375248581,23.81750712901496,33.02750834594635,45.69405178278493,39.40050737022177,43.65378369923156,49.596066886462104,38.40262844169675,32.40096384326972,14.432597796004126,31.459237377395564,-10.75313311811417,-9.937411021344342,-2.879549978121383,4.166432762316812,10.95053524469786,15.44806523751297,18.703982565785022,18.060411353563488,12.539935594371975,6.385231445046881,-1.0276152170924295,-8.853728788220348,4.400263006951593,2.506680883580614,2.765941399948119,2.281161490533703,2.0076373850565865,1.6810891340704839,1.9806895500776087,1.7796305207549035,1.485788987018354,2.415556752487656,1.461979543438165,3.2949389568682816,4.853760250431289,2.3762379047199986,35.58576163736755,30.20059258127496,44.63092261941302,52.431933817294684,71.38305773289046,102.15695114690898,93.88035300707405,90.18707922763582,115.6750559466517,88.14417470345603,62.042219259899134,52.93329358528733,69.93761627377677,16.407084843324828,25.354934532082506,27.855496099768377,30.00023377297153,23.69456030893643,36.88062411008019,25.390481260745887,35.905235220854514,49.971600303144655,31.89544116199768,28.665717609829798,34.29182700569809,30.526103017769962,3999.66,3609.7100000000014,271872.50000000064,301243.35000006
Pala Band of Mission Indians,0.10743636304786137,0.15100126991883167,3.252675204176721,3.321796739323771e8,0.096,0.126,3.5200000000000005,1.88159e8,0.8925636369521386,0.8489987300811683,0.904,0.874,0.1963860848017627,0.1963860848017627,0.06634087072529894,0.09242110904923734,0.0561393466685583,0.1510246660490926,0.1510246660490926,0.05379842009024991,0.05402160314505566,0.04436310875907828,10.653058880657243,11.377245797644182,12.15273243887922,13.59228630027204,14.826568733971717,18.09515778089228,19.746203603313386,21.3350622657073,19.045641397959745,17.08948131990207,12.631864345571275,10.558608390575088,15.091992604368887,1.7326808256093589,2.3706805619782374,2.285490947151796,1.7440132881664856,2.296864633867248,2.8659926122747557,3.1894680115984784,3.0907837053699674,2.048712570745377,2.0295019436109913,1.984217975230686,1.9655689050457028,2.3003313318286187,93.43608390397172,117.0625559214364,73.72752387841678,28.70875347661045,16.310186192796525,2.582704630661045,3.348809091877585,3.0264176037236146,4.309744891717084,18.08611413147987,24.16505259339501,51.15763511081067,36.32679845243744,90.01908615192058,117.8718721045539,73.61156635551144,22.90293182995104,14.649115084076177,4.275396973916215,6.0084470283057705,4.6493418518901,7.449351785866704,21.118111099336243,34.34298588182264,69.17999678774211,38.839850245511435,10.322222222999999,10.305555553999998,12.27222222,13.41111111,15.872222220000001,20.88888889,24.161111114999997,23.327777774999998,21.97777778,17.005555554999997,13.149999999999999,10.4722222215,16.09722222,1.5780382245,3.8974225380000003,2.5306205705,2.6841708049999995,3.0702047619999995,3.8357855585,3.351976011,3.1157073935,3.8651993005,3.3688169199999995,1.68748694,1.7039164195,2.890778787,118.86666665000001,94.4,57.6,30.800000000000004,15.33888889,3.6722222225,6.25,11.1944444445,3.9055555555,13.377777774999998,25.43888889,31.205555555000004,34.337499995,113.25834290000002,83.87757212,56.48737995500001,17.05426811,16.442705095,5.19887175,5.462320551000001,21.58153997,4.9573689045,16.443657815,46.213552575,57.7911307,37.064059199999996,4348.87000001,3924.870000000002,271872.50000000064,301243.35000006
Bridgeport Indian Colony,0.10671163645088495,0.15046052473980195,3.2182265348440806,1.9405454204295182e6,0.085,0.12000000000000001,3.25,665000.0,0.893288363549115,0.849539475260198,0.915,0.88,0.0927830765495786,0.09232821979022744,0.0009999999999999998,0.04957642955309161,0.011537647058846724,0.0130622601030926,0.0130622601030926,0.001,0.003,0.001,6.08925373134627,10.34381426385075,11.043582089770153,13.025439469492541,16.414792700776122,21.502089550388064,23.0028855718209,23.90311774540299,20.31993366498508,17.15472637143284,10.228888891540299,6.6609286899373155,14.974121061194035,4.630304346089552,1.7323440277402993,1.7875225345194035,3.871870796758211,3.088072982961195,1.8317533828716424,3.1649291816388074,1.8284663445343288,3.3942209531940315,2.1489446138895527,2.5072144741731344,3.759818830229853,2.8121218725402994,132.43031505725378,118.88922056286569,80.7862686606269,57.853631841194044,42.52308457710449,12.453731343892539,5.048490878197015,6.872238805820897,9.235323383558214,49.91529021110449,71.3796351615224,114.90378109229853,58.52425096080598,99.12072522743287,75.67340585319404,51.81386171898507,39.52057209235822,30.042168043301505,9.887607993558214,5.557189220047763,12.042227303653737,12.466313054576124,52.41028693985075,80.33207186289555,74.37002220444779,45.26970429274629,0.166666667,1.044444444,2.466666667,5.688888889,9.355555556,15.03333333,19.65555556,18.26666667,13.93333333,9.0,2.488888889,0.044444444,8.095370371,3.035621847,2.980398929,4.299127819,3.122676914,3.570403027,4.891574389,3.6421529040000005,3.45,4.016528352,2.278705773,1.9877402020000001,3.148853407,3.36864863,165.0444444,112.74444439999999,93.67777778,44.67777778,45.77777778,13.43333333,28.73333333,13.73333333,17.17777778,35.0,52.8,98.77777778,60.13148147,99.7513297,60.9154765,53.92700571,30.54168372,30.68488137,18.00909492,29.51325973,15.0109127,21.56877244,36.74870746,36.6005806,78.79441252,42.67217645,800.0,722.0000000000001,271872.50000000064,301243.35000006
Te-Moak Tribe of Western Shoshone Indians of Nevada (South Fork Band),0.11442586063416325,0.13404167698040964,2.9951186476598344,2.6304578815270063e7,0.1,0.169,3.35,2.969e6,0.8855741393658367,0.8659583230195904,0.9,0.831,0.29911433222455497,0.2893893367372348,0.001390244906849038,0.24531270470623795,0.09003787834948697,0.13243735579197538,0.13188436024351574,0.0011059744624978525,0.047199715001221595,0.019613209515739614,-2.2037915983960703,-1.2374704491677566,2.624095290058917,7.128341516697619,11.584510820098192,16.316189307373147,21.521167484165293,19.726591198571988,15.443667030535991,9.079659938161614,1.653255137277003,-2.8689261683473783,8.230607458910795,3.0819804437409952,4.314911246870291,3.4940420172606355,2.9640107000126816,3.5836523659619437,3.6382553444697185,3.0885873906354315,3.2913262308645637,3.375024419018818,2.9540806022058073,3.8510219100474576,3.047425878584694,3.390359879153025,38.79113475063008,31.03570194741404,52.039125295965576,41.09405346378064,64.07520912914889,34.501995817557265,36.73657937780234,28.349768139748345,31.20794235265135,29.437497726824855,38.9280414614484,42.50190034549915,39.05824581700897,33.7893336511579,23.278465394165273,30.51585960177984,21.918278937688193,33.65760377794187,21.536620963960697,34.55978306626593,26.13845151322829,20.540833946292942,19.285018973408327,31.168333265580987,38.54896709505727,27.9114625155278,-1.9,1.822222222,2.8,7.844444444,10.7,15.822222220000002,21.15555556,19.68888889,14.45555556,8.811111111,0.7,-2.766666667,8.261111112,2.253885534,5.150674174,2.151162476,3.39452173,2.74271763,2.279132389,2.56861398,2.345977645,1.926208135,4.361606483,2.46221445,3.451086785,2.923983451,46.56666667,29.85555556,35.63333333,30.24444444,47.62222222,21.73333333,12.77777778,15.011111110000002,11.9,23.64444444,34.06666667,43.01111111,29.33888889,25.27602619,24.18434985,17.3223122,14.51353774,29.59661204,14.13665448,10.73799071,24.21804309,10.10816502,24.80761532,17.828839,27.92250188,20.05438729,5275.92000001,4761.520000000001,271872.50000000064,301243.35000006
"Cheyenne and Arapaho Tribes, Oklahoma",0.09671072977480881,0.1279965585440427,3.4158514469972596,1.6414541049401855e7,0.13677236586555203,0.20217334217071342,3.156578760838335,1.5272433055836668e6,0.9032892702251912,0.8720034414559573,0.863227634134448,0.7978266578292865,0.18205457583475215,0.17194177069952005,0.0012084530782560836,0.14648051908778367,0.07330944301077635,0.39498500458260405,0.34494755924720977,0.2599588677240644,0.38308808163069863,0.3156539787317898,-2.4064987800470368,-0.6505899705804663,3.037812739027044,7.339866710374981,11.82000983223043,17.666393531655235,20.701514986025927,20.35823955689612,15.69446447425108,8.757857168360875,2.5785243453733266,-2.563955351660115,8.527803270150457,3.169348197046715,3.0671195888631657,2.679709569368081,2.5214033121511013,3.2625288715835854,2.781642559387912,2.7032194332528725,2.818565709192894,3.077789331645698,2.7362745761166902,4.2808309771134105,3.7152819238895507,3.067809504179947,26.818336429339613,20.855162240606393,35.206966750934164,42.7615936485071,57.94859426756811,39.13428930363325,46.640992024190574,42.321792490403226,31.383014676491374,29.233755781194766,25.206955825265528,18.375536254442345,34.65724914135048,23.61233649666161,16.419223495596064,19.601253955883664,22.19437186913475,35.701862961796195,29.8135595289021,35.55553573707968,24.33737442142579,19.865891450346492,21.85623890060966,22.03084808247612,14.795613917790101,23.815342567972824,3.7216049382777783,5.654938271722221,10.530246913500003,15.441358023333335,20.147530865000004,26.02283950611111,28.190123457777776,27.978395062222223,23.793209877777777,16.544444445555555,9.688888888666664,3.683950617222223,15.949794238333332,1.7780730636666668,2.691535571,1.1515593669444446,1.2440872374444445,1.4254032939444445,1.6058676677777775,1.3382674735,1.3812999814444444,1.5759166818333337,1.2395499622222221,1.9788032957777772,2.218851296333334,1.635767907722222,37.012962963888896,31.822222221666674,66.03580246888889,66.7555555561111,123.81049383666668,109.18765432333336,71.29814814777778,66.23950617333335,57.67716049333333,64.45925925888888,33.97654320888889,27.883950617222222,63.0132716061111,18.416155467777777,25.44570710222222,40.020803395,29.728565123888888,87.35408192944443,59.314357512777775,46.90013063777777,51.08409871388889,43.92051316944444,43.661192018333324,32.540366688333336,22.33534570388889,41.72677645611112,25746.79999998001,23236.480000000043,271872.50000000064,301243.35000006
Jackson Band of Miwuk Indians,0.14649084410978283,0.22072406730778485,3.2282924050401403,6.684719432061574e7,0.109,0.175,4.2,2.919e6,0.8535091558902171,0.7792759326922152,0.891,0.825,0.17623895404050374,0.17074319929290876,0.1281972955474232,0.05728309750147633,0.018323263330088244,0.3139065766335078,0.3139065766335078,0.04253848337588654,0.06788229831573926,0.10093728003132255,8.92215775398196,11.00435525257416,12.793907432700664,15.879291783151638,19.07744746014948,23.656060002285475,26.08245071851947,25.652704336576043,22.8244666438084,18.659647617858536,11.553319110705742,8.357982081888608,17.03864918269884,1.5569115325683078,2.0017577010561616,2.16222212939717,2.292384541237941,2.149656697264263,2.3828457015523328,2.4055081381349988,2.148475483832211,2.4038674875833776,1.8434149325101636,2.4554748298179776,2.0253863502515195,2.152325460474929,78.75766838338538,56.79896983957216,54.37859127196547,31.30423163452019,16.45060015061486,3.366287168822098,1.3384927756263243,0.40024524459701977,3.2247889831997747,14.377533196579678,23.931728277898607,52.960931665281606,28.107505716056885,53.03533529452789,46.572152578509815,44.03997531388786,22.29560818839268,14.89586048586215,5.585419404447288,3.421829794323291,0.8549942909671592,4.31259203599628,18.34675397773292,28.625776751861967,50.096013345817546,24.34019262218618,5.322222222,8.1,8.244444444,11.96666667,14.98888889,20.6,23.96666667,22.65555556,19.32222222,15.56666667,8.188888889,4.688888889,13.63425926,3.119606457,2.426417112,4.209249075,3.646230931,3.383210178,3.55,3.282910294,2.662288072,3.845704675,2.82931087,4.434648928,5.461328695,3.570908774,168.1111111,117.4444444,116.1666667,59.31111111,40.95555556,9.222222222,5.488888889,4.111111111,6.633333333,37.94444444,56.41111111,116.7222222,61.54351851,113.4942669,101.6663798,100.0820788,42.32282022,27.77535378,9.170302309,9.683419391,7.042095648,8.769549589,46.13166242,59.55846801,121.4112616,53.92563821,39594.68000000001,35734.24000000012,271872.50000000064,301243.35000006
Sac & Fox Tribe of the Mississippi in Iowa,0.08378006019524369,0.13083600320902447,3.0117451651555713,965151.3338821447,0.089,0.146,2.86,742000.0,0.9162199398047564,0.8691639967909756,0.911,0.854,0.7481471196672874,0.6540660717667265,0.000999999999999994,0.7341694624277112,0.7184319101698796,0.5471746797911756,0.4255116988633711,0.0010000000000000005,0.4407211511876534,0.5382937960365421,-7.636288910581817,-5.737469995295184,2.338929319563122,9.075308005286402,14.831862548603546,20.820448365681663,22.79821977642598,21.747933579296966,17.17734864002406,9.667277265466742,1.03794370267578,-7.272922277625367,8.237382501673375,2.7690438369408645,3.006218043359587,1.9228015986145783,2.0526466502802703,1.4913467942660632,1.5913848891656661,0.9484899092881222,1.380480545378432,1.834904485776864,1.6414194210787914,3.5771404031899636,3.9447475037962856,2.1800520067310805,14.511403358596079,12.118331326866091,42.621623721048735,64.94466919985005,103.78780012249914,120.11798623229642,93.86647629377767,102.49794600033938,86.09838086369557,45.08991398184523,31.615430507358887,21.84407133544325,61.592836078867194,8.583285632591624,11.167490486839284,25.992342860657295,37.99849704472471,37.674564616616905,62.08378878934576,55.02236028963793,47.07204870009345,50.68224866507423,17.619814789276237,28.160053700504925,18.87648073771287,33.411081358873496,-6.2944444445,-3.900000000000001,3.5,11.77777778,15.66111111,21.37777778,23.005555555000004,23.21111111,17.4,12.594444445,3.6388888889999995,-5.4444444445,9.710648149,2.8703157630000002,6.7717088604999995,2.253520582,3.1569618415,2.8850721604999996,1.7800995355000002,3.138000564,2.420572832,2.069651141,3.098463133,4.577746697,5.638608305,3.3883934515000003,28.35,42.61666667,53.044444445,66.388888885,97.9388889,136.64444445,116.46666665,85.56666667,76.422222225,47.105555555,46.96111111,31.766666665,69.10601852,10.077731561000002,52.79562521,47.132971135000005,42.737579505,41.319579805000004,54.120409695,55.897962314999994,34.315349485,40.16593805,32.580892215000006,21.917136005,20.972074079499997,37.83610409,37373.06,33729.22000000014,271872.50000000064,301243.35000006
"Minnesota Chippewa Tribe, Minnesota (White Earth Band)",0.09280776989480621,0.1608475017269852,3.0490578014365273,2.061093154704508e6,0.11834742200013683,0.1993088046107159,3.207511621293201,919555.8172685613,0.9071922301051938,0.8391524982730147,0.8816525779998632,0.8006911953892841,0.4834297101120773,0.437806577262006,0.0011411726751141148,0.370196804673249,0.43210361563053495,0.5055306152521707,0.45602032210137156,0.000999207007893245,0.4437247194878268,0.41562371204401255,-10.902175969504603,-9.425316552933683,-0.42216679564797455,7.129621666028469,13.345958161334826,18.459840601980716,21.06784973746451,19.99448314724862,14.847883757041348,7.752704910973002,-0.7851791329154548,-9.994760280707567,5.922395270983737,2.6558797692501024,2.575459051814313,2.554140221496515,2.269156669161863,1.3583268718813104,1.8960660298685823,0.9287213563260509,1.393193796970412,1.893308845340843,1.9913679791626384,3.2441696737713057,4.1682816237552185,2.244005990647972,21.078750608586052,15.925812523864284,39.060482785690176,44.066875950192646,82.20493774175533,117.81694045859469,99.7189969816195,102.1711810653994,86.35561002717556,62.80490142815341,43.09189338938933,25.54422560463919,61.65338404783436,13.209566530173735,6.787700665248474,23.07039155759945,19.854386811362332,39.29679427069062,40.99314310291389,37.22015816574267,40.8721603151518,42.94759185244084,24.4598765237516,32.26933014462715,17.254679838204517,28.186314981425113,-12.719444443750001,-9.461111110500001,-0.16527777775000005,6.290277777749999,12.791666665000001,18.47499999875,20.343055555000003,19.966666667500004,15.605555552500002,6.9680555557499995,-1.161111111,-10.1888888875,5.56203703675,2.74577422325,4.55455111975,5.240869173875,2.6607747827500003,1.63897104,3.0741594869999997,0.8473364478750001,2.32647564075,4.0102699545,1.949229490875,5.5407228365000005,7.124164336749999,3.4761082113749997,27.3375,13.606944446249997,28.788888890000006,46.95833333375,76.87777777625,110.23888888625001,109.94583333374999,94.61111110875,68.92499999750001,62.016666667500004,48.20833333375,29.8805555575,59.78298611249999,32.96237615175,4.400743563125,17.506284631249997,40.588957093750004,53.15299063999999,36.926364843749994,69.27872562124999,34.25627289125,33.912939962500005,24.699866487500007,42.04676240125,30.078967835,34.984271012499995,21614.520000000008,19507.160000000018,271872.50000000064,301243.35000006
Lower Elwha Tribal Community,0.1377015420582999,0.24004483978924274,4.073801902353933,4.123913748814764e6,0.147,0.252,3.3100000000000005,6.145e6,0.8622984579417001,0.7599551602107573,0.853,0.748,0.47082448323699516,0.46645004961722075,0.0009999999999999998,0.33850097115555366,0.4106236673394743,0.5053630166994378,0.49590468479270744,0.0010000000000000002,0.3500462507111278,0.4677598200666462,0.43185503121888424,2.8493085359999997,4.3269909392188834,7.736576060708154,11.358559848154506,14.94663805248927,20.662374821201716,18.388984264334763,14.304101096051502,9.33199809251502,2.7099666187939913,-2.0528373864849785,8.749542997824035,3.285515677274678,3.252751310218884,2.671285971467811,2.11005013855794,1.8087762008369097,2.306801589596567,2.4959038402060085,1.444630099334764,2.2355807233991416,1.6381780413605151,2.789584161472103,2.883002333918455,2.410171674218884,81.42164997652361,41.04563662708154,54.37501192034335,32.36070576905579,36.59856938596567,25.947448737381976,12.79732951690987,14.997901767381975,18.86256557025751,30.606294708927038,60.212255601030044,104.32951836841201,42.79624066300429,91.5937247593133,36.296110773304726,52.91520257892704,17.260612012060086,20.821057427768242,20.409812278798285,12.3598989567382,20.992610303991416,19.626497042446353,28.65245297776824,56.20447317502146,108.52213219948499,40.47121537463519,3.2944444445000003,3.1666666665,5.727777778000001,9.772222222,10.86111111,13.51111111,16.32222222,15.783333335,13.761111115,9.1833333335,5.949999999999999,2.744444444,9.173148148500001,2.049453925,3.646093526,1.296362215,4.1459008285,1.4135797835000001,2.7777354025,3.1299728179999997,2.782438519,1.382088805,1.0428533880000002,4.641284115,2.5927672104999995,2.5750442115,276.11666665,205.7611111,190.84444445,128.34999999000001,92.644444435,70.43888889,36.344444445,42.127777775,80.35555557,208.33333335,293.67222219999996,286.40555555,159.2828704,135.03172268,116.081910735,82.15607349,63.601480124999995,50.526516485,37.808238865,26.577363270000003,39.094561135,68.04411646,131.4435607,232.62507365,175.892276,96.573574475,480.0,433.20000000000005,271872.50000000064,301243.35000006
"Red Lake Band of Chippewa Indians, Minnesota",0.09629300881527232,0.16992055167312764,3.108143356434721,1.1594263944086106e6,0.11507606487772835,0.19397422746647938,3.0991888017268265,2.0500151232760958e6,0.9037069911847276,0.8300794483268723,0.8849239351222716,0.8060257725335206,0.5381113616086634,0.49754654851891494,0.0010000000000000002,0.3750414651780729,0.4604738581969239,0.395259166697987,0.3540487022656854,0.0009995721386098493,0.2911338326121937,0.26578617438860946,-10.119186494202896,-8.3881433767182,0.20860619059634994,7.801067573187333,13.777473606639823,19.059694639865807,21.58900220656468,20.44520784653247,15.335050991025224,8.23036917763983,-0.025699290337627488,-9.161555436386474,6.56265730263446,2.682123213655931,2.6891496812646265,2.5945212504567894,2.105582670079441,1.3110239394138483,1.9919569397933434,1.0720046159071388,1.617961984083199,1.927490286675255,2.2107546191594203,2.881038396393451,3.723990527608696,2.233966510541599,20.39976143944175,16.55191745323135,41.70371563381108,45.668306791239935,79.4963738312775,128.16923121202362,106.74526750757917,105.75596709506172,83.12886025771336,68.96697083948472,42.12945667017176,21.928740981572727,63.38704747599033,13.955385298314546,9.658300441344604,25.358307663247448,23.88260399172303,32.44052005027911,45.93157572147074,40.48406625456791,44.44654463573269,50.56243251235106,39.28417405464842,33.24171208312399,14.661787437364467,31.15895084498658,-13.377083334375003,-10.441666666187503,-1.1722222221875003,5.497916666750001,12.163888888125005,17.589583333750003,19.738888887500003,19.050694444375008,14.422916667500004,6.118055555500002,-2.0027777778125007,-10.886111111187505,4.725173611125001,3.239558577000001,4.740151681437502,5.836849206437501,2.3525969980625003,1.5385293032500005,3.2169396236875016,1.1358766636250002,2.491901402562501,4.436559044,1.8667898656250006,6.085544290312502,8.940832229000003,3.8235107405,34.59791666812501,16.013888888750003,26.490972223125006,45.418055554375,74.53750000000002,112.1305555625,96.08819444000005,109.20972222562506,70.80486111062501,60.79305555625002,54.77152777812503,34.51458333250001,61.28090277937501,44.884765284312515,5.460241235687502,18.683556993937504,40.33953910437502,40.998640076875006,40.98043222687502,47.935730132500005,50.540682818750014,37.25651293500001,29.321915353750008,39.608405002500014,38.32811582325001,36.19487808187501,3837.5,3463.3500000000013,271872.50000000064,301243.35000006
Coyote Valley Band of Pomo Indians of California,0.1036104679669343,0.14098656812193353,3.8578462234564634,2.3525918397829648e7,0.135,0.19400000000000003,3.53,7.022e6,0.8963895320330657,0.8590134318780664,0.865,0.8059999999999999,0.39395790753372956,0.3932780325513505,0.1812751991883092,0.1139075470798968,0.18671168856034231,0.6672183321578524,0.6672183321578524,0.4571537900777639,0.4645744995183756,0.5061626625970759,7.787740858812923,10.07176452810013,11.2563445104456,14.127006523199812,16.930081422462447,19.847291760805632,22.915263235698667,21.78785718050067,19.759692509021384,17.378308805557563,10.789915540673643,7.984387801485204,15.05297122360946,2.34489342172872,2.1946838051811546,2.417022695829766,2.089352826116067,1.776236114472006,3.4071458713281726,2.765079545625852,3.435690733946744,2.6649848169799717,2.066170394166134,2.2962798808042773,2.0642382735625846,2.460148198381884,157.04398420798813,111.62219188584426,92.11064077276282,35.373337379217084,28.952414908575314,7.539230263715519,3.5891721041010443,3.4967430335607617,7.650209882242599,28.76724321088301,41.46555909584889,117.69919082549833,52.94249313065086,160.70489684654524,101.19513991447424,76.86047789361399,25.451240300700942,26.839225185402814,12.012366982135175,5.939866919516156,8.12178171977651,10.551139327970867,32.37051065618569,38.83358847717793,124.22910977950377,51.9257786654119,7.4,8.177777778,8.911111111,10.86666667,13.688888889999998,17.73333333,20.48888889,19.71111111,18.14444444,14.22222222,8.844444444,7.044444443999999,12.93611111,1.2,3.23565209,1.328010207,1.532155345,1.501203221,1.637833935,0.633333333,1.057644133,1.335207017,1.8191878529999999,1.694189416,1.7826322609999998,1.563087401,219.0222222,147.1222222,138.8333333,65.76666667,51.67777778,18.94444444,5.155555556,7.1222222219999995,12.06666667,45.37777778,69.15555556,207.1222222,82.28055555,171.935764,106.960025,140.7269253,44.58158252,37.25710596,21.26470733,10.01550187,16.01903382,17.54985755,47.11127195,56.634024909999994,188.2531393,71.52574496,2685.95,2424.050000000001,271872.50000000064,301243.35000006
Saginaw Chippewa Indian Tribe of Michigan,0.09629300881527232,0.16992055167312764,3.108143356434721,1.1594263944086106e6,0.13899363584647279,0.1340288262128662,2.770181553006367,4.622436133448231e6,0.9037069911847276,0.8300794483268723,0.8610063641535273,0.8659711737871338,0.5381113616086634,0.49754654851891494,0.0010000000000000002,0.3750414651780729,0.4604738581969239,0.5336696558646482,0.46853341867930126,0.0009888662243202062,0.4398799739291396,0.5230238268775373,-10.119186494202896,-8.3881433767182,0.20860619059634994,7.801067573187333,13.777473606639823,19.059694639865807,21.58900220656468,20.44520784653247,15.335050991025224,8.23036917763983,-0.025699290337627488,-9.161555436386474,6.56265730263446,2.682123213655931,2.6891496812646265,2.5945212504567894,2.105582670079441,1.3110239394138483,1.9919569397933434,1.0720046159071388,1.617961984083199,1.927490286675255,2.2107546191594203,2.881038396393451,3.723990527608696,2.233966510541599,20.39976143944175,16.55191745323135,41.70371563381108,45.668306791239935,79.4963738312775,128.16923121202362,106.74526750757917,105.75596709506172,83.12886025771336,68.96697083948472,42.12945667017176,21.928740981572727,63.38704747599033,13.955385298314546,9.658300441344604,25.358307663247448,23.88260399172303,32.44052005027911,45.93157572147074,40.48406625456791,44.44654463573269,50.56243251235106,39.28417405464842,33.24171208312399,14.661787437364467,31.15895084498658,-5.844444444,-6.211111111,0.47777777800000004,6.85,13.155555555000001,18.411111110000004,21.027777775,20.56111111,15.86111111,9.161111111,3.1833333335000003,-4.3722222225,7.688425925000001,2.6107389175,3.4453497285,2.806400843,2.316148878,1.6434470475,2.038067056,1.2321024194999999,1.5227663275,1.5710362475,1.8715594384999998,1.8671989985,2.7841852819999997,2.1424167655,44.755555555,36.544444444999996,39.866666665000004,62.16666666500001,79.13888889,83.27222221999999,73.02222222500001,93.594444445,95.05555556,72.71666667000001,86.005555555,47.077777775,67.76805556,21.083716084999995,23.640465085,25.28618533,24.935347065,38.084367895,33.92055921,18.265125245,33.45871754,34.82351091,35.32456457,38.420027479999995,21.01300144,29.021298990000002,3837.5,3463.3500000000013,271872.50000000064,301243.35000006
Confederated Tribes of the Grand Ronde Community of Oregon,0.1441157844927977,0.21436137074963138,3.288516182073632,8.56579837231807e6,0.11133206421880118,0.16516983945299707,3.3808682339829677,6.484871961505077e6,0.8558842155072023,0.7856386292503686,0.8886679357811988,0.834830160547003,0.4091987624843257,0.3986754142578735,0.001,0.1927965938698649,0.2490068818279875,0.43307982020641783,0.38514582882159737,0.0010000000000000009,0.30186771556228537,0.42288027800832795,6.8291301809772325,9.154349095239931,10.47915936757268,12.562307840735553,15.489414282364276,19.45876629583187,21.35765713043783,23.11134461891418,19.69819030854641,16.60941817632224,9.856859311190892,7.411247324532399,14.334820327863396,2.8374601175481606,2.9838317125936955,2.5412961974325743,2.546274666690018,3.397864544129597,3.8428518482224177,3.288671552124343,1.7844504862626966,3.5255888939789846,2.766238982352014,2.2197314285726795,2.1001466161015765,2.819533920411559,172.31895310875657,108.77374975628722,107.74041641786341,64.46826230882662,48.38345981739054,15.578692352837132,2.38803269117338,3.392235843472855,12.33261334910683,49.80280210001751,59.24329636033276,165.50422260577935,67.49389472553415,138.7124489764273,87.51351495683012,94.97623137444835,50.23192233936953,32.47209369302977,15.556853897057795,3.3704243460542904,6.45407747889317,15.440056642767075,41.42508581893169,59.38729560714535,146.6827412912084,57.685228869527144,3.688888889,5.122222222,7.155555556,10.26666667,12.01111111,14.988888889999998,17.92222222,17.37777778,15.3,10.51111111,5.977777778,4.222222222,10.3787037,5.599206293,2.986125323,1.406334874,3.506779149,1.7531717289999997,3.335207806,2.81415075,2.347753063,1.385640646,3.286124026,3.124411056,2.673844506,2.851562435,222.56666669999998,144.4222222,142.8222222,89.33333333,70.64444444,66.87777778,18.16666667,20.71111111,46.05555556,120.93333329999999,203.6777778,253.3888889,116.6333333,103.84198329999998,82.00258804,33.72946701,48.28397766999999,33.79508511,24.02299824,22.71508309,16.21476522,25.47101839,55.11887154,99.68117647999999,108.7163447,54.46611323,1419.67,1281.27,271872.50000000064,301243.35000006
"Paiute-Shoshone Tribe of the Fallon Reservation and Colony, Nevada",0.11262095569648145,0.1343480790576381,3.034238802132399,2.36550824461374e7,0.126,0.181,3.4,1.736e6,0.8873790443035185,0.8656519209423619,0.874,0.819,0.28640841093811914,0.2772803701208635,0.001364516575211777,0.23367106895858952,0.08517913256537608,0.0341735986017964,0.029825658187605547,0.0009999999999999998,0.018394364525715624,0.0009999999999999998,-1.2540092694510883,0.10468397545551875,3.5942660268552924,7.821336286527122,12.156211803927638,16.93318157574381,21.72243140070504,20.188146507714993,16.030757557283113,10.004757803668133,2.6713834546363944,-1.8270046347098532,9.012178540682159,3.2496895000749304,4.015369621355847,3.294967224750459,3.0670977488501263,3.5269736144843074,3.4295562496932406,3.0860018021572513,3.1267080943909162,3.390569384053152,2.8330737285585057,3.6978669147810934,3.1347664542185267,3.3210533614839384,48.64325498956067,40.06053074161677,54.09862597971569,42.84786514050566,61.735740945983736,32.384619170806175,33.61500758754001,26.210750174374294,29.00310897792242,31.900159960125464,43.13401008977108,50.11471227572531,41.145698835308174,39.55520640628271,27.868310186105532,30.64407688619782,23.67180494961238,33.16108595800512,20.31646189114505,31.738644631715726,24.794660560226625,19.67377385753153,22.55160316070872,37.42863208702469,41.95300172310075,29.446438524857847,2.5425298360376223,4.329558363867892,7.88071031990494,11.369867256585298,15.347721615933374,20.834635268744975,26.14563150224871,24.60400472216255,19.981131535246988,12.802106069304996,5.491339587831705,2.8517646307458357,12.84841672607984,2.8609480766657094,2.343262846905227,3.2105515562978177,1.8721701153012638,2.1934517078506603,2.122858057722286,1.5839349819494544,1.5236708710112006,2.2884590053294085,2.360364362020678,3.9723907829035046,3.1892260537762787,2.4601073681453194,17.801183865129236,17.496509031677196,14.966424148645892,20.854805667225737,25.55081690071798,8.316609228246698,12.48251004935382,9.448519369554855,6.569730040042218,11.446445207504308,12.724181508219415,17.24853532784032,14.575522531861,11.475660580255601,10.14096069607984,19.234158519035034,17.554546398380243,16.841534220893166,12.475342052946583,19.468453853446295,17.471598345901782,7.547168664542792,13.364846498391731,12.447381511137278,16.139133074562032,14.513398699767375,5915.92000001,5339.120000000001,271872.50000000064,301243.35000006
"Kaw Nation, Oklahoma",0.12305443975959968,0.19738766839863336,3.2567954255246048,1.0798306338652014e6,0.1572025342021524,0.2475822789458459,3.078987237184675,3.812518868809298e6,0.8769455602404004,0.8026123316013667,0.8427974657978476,0.752417721054154,0.5893117569626123,0.5321032150401495,0.22230310646441834,0.5720382117960201,0.5108360034195697,0.4384815857878812,0.39364080066475143,0.3051784800557644,0.41531873052694734,0.3356202459152568,-2.0115565555544097,0.04373082430108416,6.74211267931837,12.14704097581203,16.9882570853733,23.580007272489294,26.508613440077752,25.584165131479867,21.043662643176535,13.706187362048505,5.755628281148196,-1.5554214677437106,12.377702306793823,2.5665985385126837,3.1118379794540822,1.5931445400965445,1.541545535174577,1.6504755860402962,1.6374777860544096,1.420949269984252,1.8925846929552113,1.7918905455616703,1.4935861377064852,2.8872589843956864,2.7796387589080607,2.0305823628437327,23.305562372969945,23.26142133064946,61.29516033537436,57.21719733626104,110.98132544364918,117.14823185755385,93.83928319775217,90.77494830049704,65.46915070138073,45.85289652710681,33.418242766744775,23.525959637851287,62.17411498357133,11.724966630064753,17.321842975171826,32.490757160304774,26.268513509050955,64.35868926654948,47.914688089542864,47.462224732927005,44.09555253766009,38.741628941541265,29.51033251570878,24.56435958572001,22.936907820617705,33.94920531433118,2.6055555554999996,4.399999999999999,10.584382177196996,15.530817768049246,20.079351044203495,25.977777779999997,28.405555554999996,28.272222219999996,23.832782269493066,16.772222224999997,9.794444444499996,3.02125328770871,15.77303036317959,2.192049267,2.8467459364999996,1.375409552453774,1.3943296068574083,1.102995816433708,1.5461411084999996,1.4531096855,1.7075719259999997,1.517713316756704,1.3516941894999996,2.0105198664999993,2.7782618706972046,1.7730451788460666,43.32777777999999,47.822222225,86.69999999999999,88.02222221999997,141.86111114999997,149.3777778,106.43333329999997,94.77222222499996,76.67222222499998,73.87222221999998,49.67222222,44.81666666999999,83.61250000499999,25.989375079999995,34.83180871999999,47.60368078999999,40.102691695,81.49107882999998,76.73613896999998,58.851854724999995,64.37513860499998,49.79214945,50.7357575,47.12872787,39.522306015,51.43005902499999,16781.380000010005,15145.179999999982,271872.50000000064,301243.35000006
"Moapa Band of Paiute Indians of the Moapa River Indian Reservation, Nevada",0.10671163645088495,0.15046052473980195,3.2182265348440806,1.9405454204295182e6,0.128,0.193,3.31,1.53292e8,0.893288363549115,0.849539475260198,0.872,0.8069999999999999,0.0927830765495786,0.09232821979022744,0.0009999999999999998,0.04957642955309161,0.011537647058846724,0.04384992114807813,0.02785907901946148,0.027968929147709924,0.012151047392407362,0.0013076223985035325,6.08925373134627,10.34381426385075,11.043582089770153,13.025439469492541,16.414792700776122,21.502089550388064,23.0028855718209,23.90311774540299,20.31993366498508,17.15472637143284,10.228888891540299,6.6609286899373155,14.974121061194035,4.630304346089552,1.7323440277402993,1.7875225345194035,3.871870796758211,3.088072982961195,1.8317533828716424,3.1649291816388074,1.8284663445343288,3.3942209531940315,2.1489446138895527,2.5072144741731344,3.759818830229853,2.8121218725402994,132.43031505725378,118.88922056286569,80.7862686606269,57.853631841194044,42.52308457710449,12.453731343892539,5.048490878197015,6.872238805820897,9.235323383558214,49.91529021110449,71.3796351615224,114.90378109229853,58.52425096080598,99.12072522743287,75.67340585319404,51.81386171898507,39.52057209235822,30.042168043301505,9.887607993558214,5.557189220047763,12.042227303653737,12.466313054576124,52.41028693985075,80.33207186289555,74.37002220444779,45.26970429274629,4.833333333500001,8.5777777775,9.7111111105,14.07777778,19.749999999999996,25.994444444999996,27.66111111,27.005555555,22.733333329999997,17.677777775000003,10.65,6.5,16.264351855,4.7765262185,3.0679914040000003,4.3779993919999995,5.564739464500001,4.333569431,4.1681959795,6.614044380999999,5.763870188,5.475535214000001,3.8200734499999998,4.347764513,4.759230838500001,4.755795039500001,39.066666670000004,39.83888889,15.577777775,10.7111111135,12.794444445,7.300000000000001,26.383333334999996,14.777777780000001,9.855555555499999,16.52222222,15.533333333499998,9.394444444000001,18.146296295,25.49746454,40.96130471,12.21044985,13.003269415,24.763606995,12.962201932,39.0131248,12.48503673,10.2502519765,14.228328145,31.502566769999998,12.95346549,20.819255945000002,800.0,722.0000000000001,271872.50000000064,301243.35000006
"Confederated Tribes of the Coos, Lower Umpqua and Siuslaw Indians",0.14805141734213226,0.22167144900150548,3.2820695665771233,6.406445454321257e6,0.15052103830208086,0.21869448894458618,3.4409310397131705,3.677172407329867e6,0.8519485826578678,0.7783285509984945,0.8494789616979191,0.7813055110554138,0.3829285693279479,0.369270705388285,0.0009999999999999998,0.15269333587999437,0.24367933517419402,0.36410164749946383,0.3344476104547499,0.009678306165172788,0.27414436820918253,0.363938023255845,6.911111111233645,9.09465212882243,10.495404982742992,12.296832812453273,15.388888887757012,19.234942886074762,20.155477672196263,23.78579958523364,19.429309448504675,16.629543096425234,10.172170301233644,7.682294911934579,14.273035651892522,2.8688668690677566,3.388990324556075,2.2871084304929905,2.6406414932897193,3.2310031429836448,4.262105026530374,3.5962559178995326,1.7051800968247661,3.813834365359813,2.987289691100467,2.084268811343458,1.7864929340046731,2.887669758558411,170.7452751792056,109.43756489892525,105.32261161915889,65.79306853621496,48.927362408060745,16.251635513224304,2.3546988578504666,3.3726116302196263,13.29171858861215,49.8970145363785,59.94646936471963,157.04537901261682,66.86545084495327,129.66074557088785,90.51743075649533,104.45574014754675,53.05383068773365,34.201375270093465,17.107756520373833,3.092787054885514,6.182474244469627,16.319343636892523,41.53616759383177,60.48220469373831,136.983044395514,57.799408381705604,6.0925925926666675,7.303703703666668,7.862962963000001,10.337037036666667,12.32962963,15.118518516666668,18.33333333,17.144444443333335,15.444444443333335,11.366666663333335,6.937037037333334,5.859259259333334,11.177469133333334,3.174116080333333,2.7816783926666666,1.7994002596666665,2.1413567383333336,1.4915599563333335,1.5363296773333333,2.9746129636666665,1.344051392666667,1.667207101666667,4.067148433333334,3.125364775333334,2.814123319666667,2.4097457576666668,220.01851853333335,133.00370373333337,133.83333333333331,93.57407407333334,71.83333333333334,60.91851851999999,21.68518518666667,23.27777777666667,44.4,121.85925928666667,175.92962963333335,233.67777776666668,111.16759261333334,144.85628673333335,69.11931129333333,57.914937300000005,58.967199576666665,30.218017016666668,27.454292413333334,20.857042196666672,20.09591186666667,33.68364604,63.071200440000005,89.54131367000001,122.35625580000001,61.51128453,1097.27,990.3000000000001,271872.50000000064,301243.35000006
"Agua Caliente Band of Cahuilla Indians of the Agua Caliente Indian Reservation, California",0.10743636304786137,0.15100126991883167,3.252675204176721,3.321796739323771e8,0.1,0.146,3.15,1.26963e8,0.8925636369521386,0.8489987300811683,0.9,0.854,0.1963860848017627,0.1963860848017627,0.06634087072529894,0.09242110904923734,0.0561393466685583,0.032189206990478246,0.027513679391934425,0.011900729538034775,0.018900619002625598,0.0027039200041031803,10.653058880657243,11.377245797644182,12.15273243887922,13.59228630027204,14.826568733971717,18.09515778089228,19.746203603313386,21.3350622657073,19.045641397959745,17.08948131990207,12.631864345571275,10.558608390575088,15.091992604368887,1.7326808256093589,2.3706805619782374,2.285490947151796,1.7440132881664856,2.296864633867248,2.8659926122747557,3.1894680115984784,3.0907837053699674,2.048712570745377,2.0295019436109913,1.984217975230686,1.9655689050457028,2.3003313318286187,93.43608390397172,117.0625559214364,73.72752387841678,28.70875347661045,16.310186192796525,2.582704630661045,3.348809091877585,3.0264176037236146,4.309744891717084,18.08611413147987,24.16505259339501,51.15763511081067,36.32679845243744,90.01908615192058,117.8718721045539,73.61156635551144,22.90293182995104,14.649115084076177,4.275396973916215,6.0084470283057705,4.6493418518901,7.449351785866704,21.118111099336243,34.34298588182264,69.17999678774211,38.839850245511435,9.172222222,9.338888887,11.405555554000001,13.68888889,16.76666667,21.572222225000004,25.394444445000005,24.994444444999996,22.47222222,16.238888890000002,11.0444444465,9.361111111000001,15.95416667,0.8384270014999999,4.1063181835,1.317072312,2.0329989074999997,1.9684879149999999,2.3559641335,2.4302985905,1.9358716395,1.417287319,3.028219901,3.6607816580000003,1.4878854225,2.2149677490000004,93.55555558,68.850000015,45.0,24.033333335000002,10.7444444435,1.3611111115,15.311111115000001,4.7055555555,6.95,14.705555558,22.161111115,26.238888890000002,27.801388890000002,93.75435748,87.34097877500001,42.61166339,22.424751825,13.141054024999999,1.7320787055,26.457179655000004,6.5406278185,11.226741525,21.621841965,43.039232254999995,42.536305635,34.368901085000005,4348.87000001,3924.870000000002,271872.50000000064,301243.35000006
"Tule River Indian Tribe of the Tule River Reservation, California",0.13515877667640647,0.20082503538231308,3.3476601184396872,4.70572676274893e7,0.159,0.239,3.1000000000000005,3.8373e7,0.8648412233235936,0.7991749646176869,0.841,0.761,0.15780440346105667,0.15421650847167737,0.0935139409249492,0.06034282648295047,0.0219583057305235,0.20277578997696694,0.20277578997696694,0.038104564251400644,0.040199490131231905,0.06665609297435791,8.981217827937982,10.818395373637234,12.024516569485137,14.744420938656093,17.418184610428547,21.395278278763385,23.96796383101079,23.415660535834917,21.299810340893767,17.819218922934805,11.467224158748204,8.472351911977109,15.985353608481331,1.749630226261895,2.017849863199773,2.291682102979455,2.1497470060948536,2.238342483677621,2.481950355589024,2.5442170228617487,2.4085655440910596,2.1583089331600553,1.8693301222751915,2.292404660813619,2.153099234688651,2.196260629687713,96.5845961716884,71.70844626159334,61.104311682616014,35.508673318738424,19.105269596629295,5.370473748197088,2.1838249790616775,1.9972494022500396,4.430977280904383,18.184053104144116,29.587028889307195,63.93675121244784,34.141804637328335,79.28757452071393,65.41554649002991,55.39967853770059,24.539545413585852,15.928530777660288,7.504029309924696,3.889816253589562,2.3779232477731775,5.566625729792653,23.182348466911787,32.42313893256883,61.82674496530051,31.445125220478282,6.683333332999999,6.2333333335,9.394444443000001,11.799999999999999,15.11111111,20.083333335,23.394444445,22.483333330000004,19.35,14.033333335,7.827777777999999,6.338888889,13.561111110000002,2.9480220075,2.933840869,2.4987617639999997,1.80298728,1.3385208955,1.9098264444999997,1.7257281039999997,1.3665049885,1.10766658,2.577456837,4.2946172465,3.30453975,2.3173727305,111.95000001999999,72.516666665,60.205555555,35.60555556,19.238888885,8.805555556000002,6.1,5.422222222499999,6.411111111500001,14.4,25.522222225,59.505555554999994,35.47361111,72.27791619,50.04293539499999,52.02112069499999,24.408174285,17.73524733,13.001056629,11.140103909999999,9.2517943855,8.6974503345,14.843905955,40.757860429999994,56.6284895,30.900504585,98121.85000000003,88555.12999999961,271872.50000000064,301243.35000006
Te-Moak Tribe of Western Shoshone Indians of Nevada (Battle Mountain Band),0.11399259309902658,0.13295057831780063,3.0002000266155022,2.6673713840552483e7,0.098,0.188,3.41,323000.0,0.8860074069009735,0.8670494216821993,0.902,0.812,0.30311274035865027,0.2932223101478238,0.0013968834763320196,0.24933000398510263,0.09154566326014683,0.011608455990506743,0.0029131580877763156,0.001,0.011608455990506743,0.003013589963581764,-2.246383930557079,-1.2880794243767129,2.584175084180575,7.107958581305728,11.57010516114571,16.302522946560828,21.53130621196555,19.695710530095496,15.434717033528425,9.03834463357701,1.6294428301056465,-2.945708223744088,8.201175952840599,3.0686212337621446,4.326057314717937,3.5007648096658373,2.958848741293485,3.586241895964511,3.6465185884269444,3.081825485452057,3.300480969389584,3.382430079319637,2.9420243413870906,3.8583441617787475,3.047001217022,3.391596569864883,37.819833033017865,30.001524377326703,51.198298049207175,40.91485401915945,64.25834371128686,34.84450209871732,37.18472625774158,28.640422489824648,31.496014943457883,29.398330335330034,39.03652737356997,41.74815967899961,38.87846136358453,32.488738614956446,22.216112651863867,29.10708208293901,21.680324134759232,33.629813034250745,21.660533047154434,34.990128628592004,26.36300639461603,20.614744016502712,18.81847928777917,31.269889321452915,37.97227061222707,27.56759348562061,-0.9888888889999999,2.433333333,3.966666667,9.033333333,12.16666667,17.72222222,21.91111111,21.14444444,15.522222219999998,11.14444444,2.444444444,-1.455555556,9.587037036,2.580912845,4.294182111,1.299038106,2.970269348,2.153485547,3.286250819,1.645785864,1.663663962,1.65058912,3.572852891,2.22323588,2.946655354,2.523910154,35.05555556,22.53333333,29.866666670000004,23.12222222,50.57777778,20.35555556,13.16666667,18.46666667,10.35555556,19.32222222,25.47777778,37.15555556,25.45462963,19.90302183,14.8118196,16.47482929,18.2109018,22.81840144,14.471187850000002,19.89830395,32.36155126,8.578186159,17.57140986,14.3530291,23.21223336,18.55540629,10391.84000002,9378.639999999989,271872.50000000064,301243.35000006
"Pauma Band of Luiseno Mission Indians of the Pauma & Yuima Reservation, California",0.10743636304786137,0.15100126991883167,3.252675204176721,3.321796739323771e8,0.096,0.126,3.52,1.88159e8,0.8925636369521386,0.8489987300811683,0.904,0.874,0.1963860848017627,0.1963860848017627,0.06634087072529894,0.09242110904923734,0.0561393466685583,0.18907442069423352,0.18907442069423352,0.041000070323556854,0.05728466971947103,0.08737621288222253,10.653058880657243,11.377245797644182,12.15273243887922,13.59228630027204,14.826568733971717,18.09515778089228,19.746203603313386,21.3350622657073,19.045641397959745,17.08948131990207,12.631864345571275,10.558608390575088,15.091992604368887,1.7326808256093589,2.3706805619782374,2.285490947151796,1.7440132881664856,2.296864633867248,2.8659926122747557,3.1894680115984784,3.0907837053699674,2.048712570745377,2.0295019436109913,1.984217975230686,1.9655689050457028,2.3003313318286187,93.43608390397172,117.0625559214364,73.72752387841678,28.70875347661045,16.310186192796525,2.582704630661045,3.348809091877585,3.0264176037236146,4.309744891717084,18.08611413147987,24.16505259339501,51.15763511081067,36.32679845243744,90.01908615192058,117.8718721045539,73.61156635551144,22.90293182995104,14.649115084076177,4.275396973916215,6.0084470283057705,4.6493418518901,7.449351785866704,21.118111099336243,34.34298588182264,69.17999678774211,38.839850245511435,8.322222222,9.1,9.522222222,11.42222222,13.25555556,17.31111111,20.78888889,20.91111111,18.84444444,15.66666667,11.08888889,8.711111111,13.74537037,1.05921879,1.58981131,1.275517324,1.171300322,2.046406064,2.566341971,3.9186874220000005,2.803321443,1.898756903,0.8351646539999998,1.543894786,1.497034105,1.8504545910000003,111.8222222,91.87777778,64.63333333,39.97777778,18.28888889,4.055555556,10.03333333,7.466666667000001,7.555555556,17.13333333,31.366666669999997,38.54444444,36.89629629,101.571413,78.67372144,53.550863670000005,21.44048611,18.40885958,5.450484178,9.56477914,8.448964434,9.617056607,16.97836859,48.31627573,54.13340261,35.51288959,4348.87000001,3924.870000000002,271872.50000000064,301243.35000006
"Crow Creek Sioux Tribe of the Crow Creek Reservation, South Dakota",0.08378006019524369,0.13083600320902447,3.0117451651555713,965151.3338821447,0.16571537551179194,0.24391439539265328,3.2220093056641392,396722.3200806687,0.9162199398047564,0.8691639967909756,0.8342846244882081,0.7560856046073468,0.7481471196672874,0.6540660717667265,0.000999999999999994,0.7341694624277112,0.7184319101698796,0.3027186178074835,0.28722905703184914,0.0009815805252562783,0.2699282845130425,0.14160428392115101,-7.636288910581817,-5.737469995295184,2.338929319563122,9.075308005286402,14.831862548603546,20.820448365681663,22.79821977642598,21.747933579296966,17.17734864002406,9.667277265466742,1.03794370267578,-7.272922277625367,8.237382501673375,2.7690438369408645,3.006218043359587,1.9228015986145783,2.0526466502802703,1.4913467942660632,1.5913848891656661,0.9484899092881222,1.380480545378432,1.834904485776864,1.6414194210787914,3.5771404031899636,3.9447475037962856,2.1800520067310805,14.511403358596079,12.118331326866091,42.621623721048735,64.94466919985005,103.78780012249914,120.11798623229642,93.86647629377767,102.49794600033938,86.09838086369557,45.08991398184523,31.615430507358887,21.84407133544325,61.592836078867194,8.583285632591624,11.167490486839284,25.992342860657295,37.99849704472471,37.674564616616905,62.08378878934576,55.02236028963793,47.07204870009345,50.68224866507423,17.619814789276237,28.160053700504925,18.87648073771287,33.411081358873496,-6.566666666666667,-2.4148148149999997,2.285185185,9.555555555333333,14.381481483333333,20.36296296333333,23.95925926,22.570370369999996,17.28148148,10.859259256666665,1.2851851853333331,-5.307407407333333,9.020987653999999,3.3076588689999995,4.948760395666667,2.0054453199999998,2.5729091469999994,2.112042521,1.8636933439999999,1.546672117333333,1.7377205296666667,2.172806468333333,2.1679526549999997,4.673668561666666,6.253856305333333,2.9469321863333335,11.277777780666666,9.674074073666667,29.01851851666666,52.144444443333335,101.8,89.82222222,62.85925925999999,60.28888888666667,46.00000000333333,41.492592593333335,21.15555555333333,12.785185183333331,44.85987654333333,7.359926999999999,5.945773999999999,19.099993723333334,32.433189213333335,62.82647677666666,52.08546109333333,32.61673233,25.142487589999998,32.98299786,33.57728779,21.35205832333333,6.140285981999999,27.630222643333333,37373.06,33729.22000000014,271872.50000000064,301243.35000006
"Manchester Band of Pomo Indians of the Manchester Rancheria, California",0.1036104679669343,0.14098656812193353,3.8578462234564634,2.3525918397829648e7,0.135,0.19400000000000003,3.53,7.022e6,0.8963895320330657,0.8590134318780664,0.865,0.8059999999999999,0.39395790753372956,0.3932780325513505,0.1812751991883092,0.1139075470798968,0.18671168856034231,0.5617350952767542,0.5617029079487761,0.004385178101309611,0.3824637808217352,0.41115917521548867,7.787740858812923,10.07176452810013,11.2563445104456,14.127006523199812,16.930081422462447,19.847291760805632,22.915263235698667,21.78785718050067,19.759692509021384,17.378308805557563,10.789915540673643,7.984387801485204,15.05297122360946,2.34489342172872,2.1946838051811546,2.417022695829766,2.089352826116067,1.776236114472006,3.4071458713281726,2.765079545625852,3.435690733946744,2.6649848169799717,2.066170394166134,2.2962798808042773,2.0642382735625846,2.460148198381884,157.04398420798813,111.62219188584426,92.11064077276282,35.373337379217084,28.952414908575314,7.539230263715519,3.5891721041010443,3.4967430335607617,7.650209882242599,28.76724321088301,41.46555909584889,117.69919082549833,52.94249313065086,160.70489684654524,101.19513991447424,76.86047789361399,25.451240300700942,26.839225185402814,12.012366982135175,5.939866919516156,8.12178171977651,10.551139327970867,32.37051065618569,38.83358847717793,124.22910977950377,51.9257786654119,8.711111111,9.544444444,10.02222222,11.66666667,13.82222222,16.38888889,17.98888889,18.1,17.1,14.211111110000001,9.5,8.244444444,12.941666670000002,1.44087165,2.395365896,1.21426704,0.543139025,1.146492235,1.303307758,1.8764623929999997,3.091116303,1.5612495,1.128543801,1.6552945359999998,2.031077984,1.6155990100000002,236.59999999999997,163.2333333,145.7,77.26666667,59.36666667000001,13.466666670000002,12.04444444,10.12222222,7.588888889000001,55.36666667,83.72222222,221.9222222,90.53333333,178.2517181,105.59235289999998,109.12205319999998,56.88055467,45.39887113,15.74444346,23.79638161,21.70511332,10.36755087,56.23088564,57.671565300000005,165.2347556,70.49968715,2685.95,2424.050000000001,271872.50000000064,301243.35000006
Mooretown Rancheria of Maidu Indians of California,0.14202333084627664,0.20311665423138325,3.3669669899840358,1.8284802464450717e7,0.142,0.203,3.37,1.8433e7,0.8579766691537234,0.7968833457686167,0.858,0.7969999999999999,0.4157231284548111,0.41436351297435425,0.1814955413285968,0.2494678498085658,0.2571545497530732,0.4389774704739537,0.4389774704739537,0.26897061040146214,0.3964033204854944,0.3416721100826077,4.832254902020588,8.007385620414706,10.353169933529411,14.161111111176469,16.619052287352936,21.035065358911762,23.679836602323526,23.117385618147054,20.27584967391176,16.446437909117645,9.262875817067645,6.036045751644117,14.485539217382351,4.060500220729411,3.8032256542558818,3.0485511412794115,2.3885915694,2.7035736975558815,2.654116610120588,2.104973165720588,2.551342654917647,2.3617532091911766,3.209887273008823,3.2913258989117637,3.110474169782352,2.9406929387088234,127.44960785735294,99.33065359564706,99.13777777020587,43.99473856391176,33.31519607870588,12.31428104611176,11.480196080011764,7.057026143567645,6.338856208973528,40.702973856294115,40.38846405135294,97.8673529414706,51.61476034994118,119.24554858588236,104.27519494058824,84.65493749111765,30.968028979794113,25.562055752941173,15.938818110058822,19.04258417575294,16.947290429335293,7.713454906844117,40.917921815441176,40.64523332508823,112.88927316058825,51.56669513794116,7.877777778,9.300000000000002,11.17777778,14.01111111,17.17777778,21.9,23.62222222,23.75555556,20.87777778,16.81111111,10.55555556,7.6,15.38888889,1.174497528,2.285278976,1.227576655,1.863762622,1.194547799,2.508983858,3.012796781,1.703754025,1.710100712,1.676636845,2.113120389,1.716828471,1.848990388,158.6111111,102.7222222,90.38888889,43.07777778,30.155555560000003,6.266666667,3.6333333330000004,3.555555556,6.188888889,28.28888889,47.84444444,109.3666667,52.50833333,93.29652250000001,78.18309884,77.28865448,32.1743212,23.92170098,7.635279956,9.766012492,8.49869271,6.080181832,31.979190279999997,42.86193273,76.94887913,40.71953893,800.0,722.0,271872.50000000064,301243.35000006
Blackfeet Tribe of the Blackfeet Indian Reservation of Montana,0.094,0.164,3.3300000000000005,433999.99999999994,0.17950383835116168,0.26195321077613354,3.194675277337018,1.2755289413522887e6,0.906,0.836,0.8204961616488383,0.7380467892238665,0.24500000000000002,0.24500000000000002,0.001,0.152,0.115,0.18566467751003676,0.17953115914966009,0.001760571449829211,0.12322367742974344,0.033911655547780084,-4.888888889,-2.466666667,1.372222222,6.077777778,10.311111109999999,15.22222222,20.12222222,18.6,13.14444444,7.549999999999999,-0.8666666670000001,-4.511111111,6.638888888,2.909658246,2.246664194,2.294151748,1.092906421,1.7724389075000002,1.297861489,2.406645891,1.413329403,2.059800422,1.663428363,3.4687852885000003,2.84756231,2.1227693899999998,90.33333333,13.27777778,34.68888889,38.0,83.46111110999999,60.616666665000004,25.983333335,36.85555556,36.861111115,39.14444444,25.61111111,13.955555555,41.56574074,227.3840104,10.910237965,17.67211394,22.221777454999998,47.41644512,39.87158997,12.839057350000001,24.22070969,25.907393714999998,16.79316164,11.79156949,8.814435929499998,38.82020856,-6.485714285714287,-2.9507936507142865,-0.8603174602857143,4.4682539682857145,8.860317460857145,13.28730158714286,16.874603175714288,15.195238095714288,10.850793652285715,6.849206349000001,-1.8619047620000007,-5.733333333428572,4.874470899714286,2.925335754571429,4.7792076240000005,2.479287670571429,2.4201086554285722,3.8412780722857147,5.227756565285715,3.183212205285715,3.3714378840000006,3.222619491714286,4.283425667714287,5.249413353428572,4.911048779285714,3.824510976857143,18.21428571357143,16.907936508428573,21.603174602857145,35.27619047571428,68.13809523857144,82.35079365142859,32.103174602857145,39.312698412857145,43.55714285857143,32.56031746,36.78888888714286,20.36190476371429,37.26455026428572,11.04103887357143,12.37328417157143,16.556767179,23.478581082857147,36.80904616000001,59.52308715,26.006705904285717,25.40730010571429,41.14558029857143,17.358124914285717,46.85434863571429,14.159266057000002,27.559427544285718,162.16,146.36,271872.50000000064,301243.35000006
"Campo Band of Diegueno Mission Indians of the Campo Indian Reservation, California",0.096,0.126,3.52,1.8815900000000003e8,0.096,0.126,3.52,1.88159e8,0.904,0.874,0.904,0.874,0.2775323407928775,0.2773775030631094,0.21048047475583262,0.18785526780904385,0.07457009098098755,0.2020951406118248,0.20208822618021724,0.019417865809087914,0.08981718941745764,0.07548383266438899,11.508333335,10.7777777785,13.127777774999998,13.752777777499999,15.197222222499999,17.755555555,21.122222224999998,19.5611111075,21.422222220000002,17.0638888875,14.111111112500001,12.0111111125,15.617592594999998,3.33421320475,2.8032223615,3.20733796975,4.385563913,3.82671540275,3.7672994357500005,2.753812429,3.87509197825,2.514194504,2.62026693,3.61737077925,3.1774900994999995,3.3235482505,106.68055557000001,76.4999999975,56.4666666675,26.700000000000003,10.577777780000002,3.9305555557500003,2.4083333332500003,3.0527777780000003,2.9361111109999998,10.4249999995,28.19722222,34.76944444749999,30.220370374999998,110.59777440500002,67.33698848750001,47.7272345425,26.904789679999997,10.899551537499999,6.4221134945000005,5.0608165002500005,6.381575707250001,4.2379482895,18.348501302499997,42.15830523499999,46.4073177575,32.706909745,9.266666667,9.2,11.46666667,13.48888889,16.6,21.41111111,24.98888889,24.66666667,22.46666667,16.94444444,12.21111111,9.622222222,16.02777778,1.6530275249999997,3.343276836,1.9506409200000001,1.5382168610000002,1.399106858,0.987983356,1.634353423,1.2698425099999997,1.345362405,2.9232307089999994,1.374267482,1.042566278,1.705156264,83.42222222,54.84444444,31.55555556,22.95555556,11.73333333,2.033333333,6.522222222,14.31111111,7.066666667,12.44444444,21.37777778,23.944444439999998,24.35092593,66.52747135,47.13600299,20.69728914,26.3031895,17.17192476,2.098213526,11.285474929999998,19.32611216,8.978585635,13.79303367,40.34261945,27.20579493,25.07214267,160.0,144.4,271872.50000000064,301243.35000006
"Hoopa Valley Tribe, California",0.14099999999999996,0.196,3.32,1.0777e7,0.141,0.196,3.3200000000000003,1.0777e7,0.859,0.804,0.859,0.804,0.43887129878376213,0.43887129878376213,0.0010000000000000002,0.13965086558173398,0.19980215239127846,0.2653125706872784,0.2609301131835473,0.022041917885106364,0.09263873442663445,0.1802544020612384,6.929896083079136,10.027897679064747,11.52222222,14.98888889,15.622222219999998,21.65555556,24.066346923597123,22.959632297769783,20.83333333,16.03988808755396,8.689688249482014,6.955555556,15.024260591510792,1.935630218683453,2.153225512338129,0.8714610970000001,2.05088057,3.3334583310000006,1.8194168790000003,3.085203573532374,3.2864016976043167,3.576310948,2.9645310162446044,2.622897591381295,2.1454085339999995,2.487068830942446,177.85435653165467,136.11406873093526,119.53924861223022,57.22222221999999,31.10295763107914,8.866666667000002,1.1,0.7974420461654677,5.722222222,34.256674663597124,68.43333333,111.5260591971223,62.71127098741007,122.14339526402877,132.6130751244604,55.36818816021582,60.68982159000001,30.962439359208638,13.98374056,2.2237355959999996,1.3721497589208633,5.995160085,35.99687277482015,66.66044554,55.06709797179856,48.58967681697841,6.7055555555,6.3277777775,7.3944444444999995,8.577777778000002,11.08333333,15.305555555000002,16.527777775,16.23888889,14.749999999999998,11.10555556,7.1777777775,6.15,10.612037039999999,1.705705461,3.6968563125000005,1.2537193755,1.924741778,1.5084786675,3.492881373500001,1.2591574125,0.8481822865,1.4962176499999997,1.844528777,1.3634213899999998,1.6344519845000003,1.8356952060000002,243.22777775,154.86111115000003,167.58333335,103.00555555,72.66666666500001,33.472222220000006,10.483333335000001,11.1555555565,15.961111114999998,76.294444445,138.36111110000002,298.40555555000003,110.45648150000001,119.79866914999998,80.7425943,77.5218859,72.38454866000001,49.151256675,26.473699684999996,12.16155968,12.9525593545,10.897566854999999,42.55641173,70.97148410500002,188.28619905,63.65820293,320.40999999999997,289.17,271872.50000000064,301243.35000006
Coquille Indian Tribe,0.14963194909970776,0.2151646014888602,3.465569323407599,3.2683516423768913e6,0.156,0.24,3.3,5.515e6,0.8503680509002922,0.7848353985111398,0.844,0.76,0.26722410393600093,0.2331023422760031,0.0010000000000000002,0.16458478446533628,0.26232718611249023,0.1877850777085418,0.16815576835546686,0.001,0.11008646625728041,0.1877617852605661,6.7723027377971015,8.612560386753623,10.619323669275364,13.080676324057972,15.065700480289856,19.56779387695652,21.427697259130436,22.698872783043477,20.31207729188406,16.346376811594205,9.860064410202897,7.242512077463768,14.300496507681158,2.520345411681159,2.8471376652608695,2.777305348681159,2.176372784942029,3.6836354734202894,3.6275219101884066,3.1021222685072467,2.4953290769565215,2.6328388386666663,3.001319887217391,2.410772997536232,2.259572648115942,2.7945228590144926,167.3657004884058,113.66344605507247,117.56086955449275,64.51835749072464,47.80386473536232,14.492914653188404,2.1531400965652177,4.194363928869565,11.753623190550725,51.22367149811594,63.72173913043478,162.75056359565218,68.43352120362317,151.05932131159423,94.44077506260868,126.73041760869563,53.460741553333335,32.178907371159426,13.662610924492755,2.861416679985507,8.06454128768116,18.33326080289855,42.71743946347826,61.55794017014492,169.0231571217391,64.50754411231884,4.797222221999999,6.56944444425,7.416666666749999,10.17222222225,12.12777778,15.019444445,18.6944444425,17.3194444425,15.619444442499999,11.100000000000001,6.191666666500001,4.122222222,10.762500000000001,3.68324692025,2.0867143974999998,1.6880789155,2.068871499,1.3114880045,1.1578933605,2.0403428179999996,1.3224060195,1.6983965005,2.1276172645,2.9026088404999997,3.8820117105,2.16413968775,212.63055552499998,127.852777775,140.675,97.3888889075,71.03611111,55.2527777775,16.3166666675,14.922222222499999,35.588888887500005,105.3055555575,144.4472222,219.13333335,103.37916667,136.33274057500003,64.7024190025,77.74262764999999,66.3148008,35.787758735000004,25.80723965,11.776990638250002,19.5435687125,28.797993292500003,62.26614803500001,75.4737860475,119.3129743,60.321587287499995,457.83,413.20000000000005,271872.50000000064,301243.35000006
"Kashia Band of Pomo Indians of the Stewarts Point Rancheria, California",0.1036104679669343,0.14098656812193353,3.8578462234564634,2.3525918397829648e7,0.09,0.118,4.0,3.0682e7,0.8963895320330657,0.8590134318780664,0.91,0.882,0.39395790753372956,0.3932780325513505,0.1812751991883092,0.1139075470798968,0.18671168856034231,0.6978316968964758,0.6978316968964758,0.001,0.25589567982858746,0.3110899084069139,7.787740858812923,10.07176452810013,11.2563445104456,14.127006523199812,16.930081422462447,19.847291760805632,22.915263235698667,21.78785718050067,19.759692509021384,17.378308805557563,10.789915540673643,7.984387801485204,15.05297122360946,2.34489342172872,2.1946838051811546,2.417022695829766,2.089352826116067,1.776236114472006,3.4071458713281726,2.765079545625852,3.435690733946744,2.6649848169799717,2.066170394166134,2.2962798808042773,2.0642382735625846,2.460148198381884,157.04398420798813,111.62219188584426,92.11064077276282,35.373337379217084,28.952414908575314,7.539230263715519,3.5891721041010443,3.4967430335607617,7.650209882242599,28.76724321088301,41.46555909584889,117.69919082549833,52.94249313065086,160.70489684654524,101.19513991447424,76.86047789361399,25.451240300700942,26.839225185402814,12.012366982135175,5.939866919516156,8.12178171977651,10.551139327970867,32.37051065618569,38.83358847717793,124.22910977950377,51.9257786654119,9.033333333,8.633333333,11.18888889,12.36666667,15.5,19.2,21.52222222,20.64444444,20.01111111,14.88888889,10.55555556,8.555555556,14.341666670000002,0.988685997,6.982120022,1.6366463,2.329699551,2.029778313,1.7392527129999997,1.859286004,2.094702312,2.091318032,4.6033804,1.029697906,1.479113849,2.405306783,256.0333333,162.6555556,137.1333333,66.02222222,46.54444444,10.52222222,9.977777778,8.422222222,6.566666667,41.9,73.5,224.17777780000003,86.95462963,204.6327076,113.3368553,111.6280207,48.97626409,34.03531663,13.04509273,14.69623913,15.48303731,10.32206375,44.66906088,56.42650087,174.8872121,70.17819759,2685.95,2424.050000000001,271872.50000000064,301243.35000006
The Choctaw Nation of Oklahoma,0.24800000000000003,0.339,3.12,1.179e6,0.1776656587601073,0.26389820821005405,2.9788105237430096,2.8900017417028975e6,0.752,0.661,0.8223343412398927,0.736101791789946,0.28866928330943364,0.23168915872105922,0.2873733987968155,0.14582289739749793,0.23467794795050895,0.44900197090949234,0.3583919655440433,0.4096816941955881,0.32160164015122233,0.36739919889051265,1.2238845142125983,1.5386701663385824,2.6888013999370077,7.036570428307087,10.849081364803151,16.749868766377954,20.9045494307874,19.699387576535436,17.28556430614173,10.350131233622047,2.302799650047244,-1.6059492567874016,9.085279964818898,4.191182995700788,5.853097618259842,3.9827087973779527,3.2494487282047246,2.6628792251732283,4.089387188244094,2.587365387456693,1.602866865527559,4.44081195092126,2.5867962212440943,2.9447093373543307,3.0717599809842517,3.4385845243700786,38.63622047299213,55.388538928740154,35.67777778,22.53333333,52.756517934724414,39.62659667433071,16.85555556,40.69037620574804,20.47777778,21.74444444,36.23333333,27.027559057322833,33.9706692944882,31.488806086614176,64.62728875023622,25.68928657,20.503963029999998,30.992259665984253,44.03306276858268,12.60100305,44.963632829842524,20.9769384,16.92993732,43.43898019000001,38.051817433543306,32.85808134125985,5.483333333350002,6.942222222100003,12.272777778000004,16.55555555500001,21.10388888900001,26.07333333300001,28.243888888500013,28.82611111150001,24.585555555500008,17.569444445000006,11.736111111500003,5.457222222200003,17.070787036500008,2.2132455776500004,2.7177266635500015,1.5622113335500012,1.0644291025500006,0.9627479133000003,1.383176233700001,0.9575545625000005,1.2571836952500006,1.414995840650001,1.2893853326500004,1.9352923905500006,2.565086612850002,1.610252938200001,94.44388888500005,71.67833333250005,114.33611111500007,117.54833331500005,188.17777777500012,103.09722221950008,89.78388889100003,58.34388888850002,118.19888889500005,93.94388889150004,101.29666667100007,89.61277777800004,103.37180554850006,46.742153248500024,37.55694673200002,58.80207943600003,54.05486015650002,117.72763551200005,61.39623764400004,49.06955505300003,59.59185217200003,55.16197229350003,65.43739917400003,80.86371034100003,58.35388528750003,62.06319058850003,334.55999999999995,301.94,271872.50000000064,301243.35000006
"Yomba Shoshone Tribe of the Yomba Reservation, Nevada",0.11354598406131446,0.13182588171757406,3.0054378752462023,2.7054215551522482e7,0.162,0.259,3.15,3.775e6,0.8864540159386856,0.868174118282426,0.838,0.741,0.3072495388561674,0.2971879480002331,0.0014037518157665747,0.2534863474756968,0.09310563466471873,0.08348620791794929,0.08178094878378717,0.013835814089295309,0.03178344043605192,0.001,-2.290232144458296,-1.3401806608597289,2.543077787143215,7.086974632654582,11.555274735501255,16.288453618074968,21.54174389130159,19.663919311158356,15.425503136019357,8.99581110181423,1.6049283908778413,-3.0247542824591376,8.170876626456606,3.0548681127898023,4.337532036630155,3.5076858309962056,2.953534576546333,3.5889077811061454,3.6550254832169298,3.074864198060234,3.3099056454448155,3.390054103656272,2.92961258846335,3.8658823181524795,3.0465640338462476,3.3928697257620013,36.819891416402655,28.936852944599796,50.33267808666379,40.73037068189969,64.44687821791908,35.19710755413224,37.646087241133074,28.939647102961224,31.792581671314192,29.35800805023586,39.148212112080834,40.97219414027798,38.693375767893805,31.149794104224895,21.122435270994075,27.656765210130548,21.435352972855913,33.601202849928356,21.78809881435128,35.43316340294942,26.594182523559365,20.690833406390034,18.33818316660065,31.374439869283876,37.37856959957453,27.213585099313367,1.3944444445,2.2666666665,5.0666666665,8.227777778,12.149999999999999,18.005555555,23.099999999999998,21.65,17.766666665,10.711111109,4.3055555555,0.7055555555,10.445833330999998,3.4479391909999997,2.3433110275,4.310707704,2.8644839280000003,3.306696355,3.1815174894999996,2.0178347690000003,2.1694428325,3.6324252159999997,1.2138298850000002,3.3081479340000004,3.5365433475,2.94440664,45.77222222,24.677777775,38.333333335,23.266666665,40.594444445,10.149999998,18.849999999999998,12.716666665,10.405555554,18.51111111,26.444444445000002,46.87222222,26.382870370000003,42.76774298499999,18.759103749999998,31.781874254999998,19.854111965,26.01146239,8.744383047499998,17.492800975,13.79819528,11.494438441,14.15923521,29.063594049999995,49.379571915,23.60887619,5115.92000001,4617.120000000001,271872.50000000064,301243.35000006
Quinault Indian Nation,0.14494255753422333,0.21995223908767236,3.2392275410621507,8.679169076159766e6,0.15036638086198895,0.23592959787355433,3.485553073855064,6.225054158347681e6,0.8550574424657766,0.7800477609123276,0.849633619138011,0.7640704021264457,0.6280374856882159,0.608483013256801,0.001872438350820136,0.38976756218793296,0.5070524698710303,0.2243017946210981,0.19402298723479264,0.0010000000000000002,0.14264292508111748,0.2184293943287658,6.487854193322938,8.337837581342589,8.454625278598886,12.280692012298163,14.97292230308415,19.44334804722768,24.312591960521146,20.340495515279798,19.568313636283627,14.34237979885519,7.647368171214863,5.2962836395079025,13.457059344549332,2.8802892934639037,2.1790243905698414,3.7187375217650582,3.4440733812686877,3.3643408261469467,3.3051455387398545,2.744531600891072,2.147194565255873,2.7589687887137977,2.610979146538659,3.4341517185830837,3.52198175820205,3.009118210854336,141.34071859278086,145.4434429756087,134.49124780760354,64.14578765070054,53.465779105766764,19.814181972588628,3.0747970952067503,6.991575300929519,15.460648346489533,54.00505007670654,77.0411315230585,190.34190992815047,75.46802253278513,107.8166631209953,132.82104596644166,106.12239655751388,41.042876243242205,37.338554706416055,18.293138247659968,4.116384825943614,16.01101799098633,19.73818107948313,54.4988471641777,56.42891682126014,161.49446170705676,62.976873703058516,4.0194444444999995,6.0027777780000005,6.1444444445,8.26666666675,10.9916666675,13.1638888875,16.541666667500003,15.02777778,13.9611111125,10.458333333250001,5.099999999999999,3.3972222222499995,9.422916667,2.8801060682500004,2.2736354675,2.0884998085,1.82234345325,1.8994027512500002,2.1382402295,3.4910304932500003,1.95483026775,1.9869189274999999,2.7243078755,3.0423970437500003,3.07960778025,2.4484433469999995,352.749999975,259.15000002499994,240.85,170.847222225,116.51666667500001,88.62777778,49.4250000025,59.3249999975,101.02222224,271.3138889,366.09444442499995,378.402777775,204.52708335,193.97525025,153.978789975,80.62501190249998,88.28195736,63.473796295,42.592395090000004,30.6903722175,43.375008655,68.591235815,178.910929875,250.85867365000001,195.377249825,115.894222575,5114.84,4616.170000000003,271872.50000000064,301243.35000006
Enterprise Rancheria of Maidu Indians of California,0.14202333084627664,0.20311665423138325,3.3669669899840358,1.8284802464450717e7,0.142,0.203,3.3699999999999997,1.8433e7,0.8579766691537234,0.7968833457686167,0.858,0.7969999999999999,0.4157231284548111,0.41436351297435425,0.1814955413285968,0.2494678498085658,0.2571545497530732,0.23708592844598703,0.23708592844598703,0.07245737648653135,0.03255971038854934,0.09275744462843631,4.832254902020588,8.007385620414706,10.353169933529411,14.161111111176469,16.619052287352936,21.035065358911762,23.679836602323526,23.117385618147054,20.27584967391176,16.446437909117645,9.262875817067645,6.036045751644117,14.485539217382351,4.060500220729411,3.8032256542558818,3.0485511412794115,2.3885915694,2.7035736975558815,2.654116610120588,2.104973165720588,2.551342654917647,2.3617532091911766,3.209887273008823,3.2913258989117637,3.110474169782352,2.9406929387088234,127.44960785735294,99.33065359564706,99.13777777020587,43.99473856391176,33.31519607870588,12.31428104611176,11.480196080011764,7.057026143567645,6.338856208973528,40.702973856294115,40.38846405135294,97.8673529414706,51.61476034994118,119.24554858588236,104.27519494058824,84.65493749111765,30.968028979794113,25.562055752941173,15.938818110058822,19.04258417575294,16.947290429335293,7.713454906844117,40.917921815441176,40.64523332508823,112.88927316058825,51.56669513794116,2.8,3.411111111,5.677777778,9.722222222,12.65555556,17.52222222,21.37777778,20.13333333,16.52222222,12.03333333,5.966666667,2.2,10.83518518,2.617728023,7.657585201,1.886648999,2.158574633,1.304905275,1.939573263,1.635372876,1.071214264,1.272573945,2.355313143,2.137171027,4.160228359,2.516407417,273.7888889,197.4666667,165.3777778,95.81111111,65.02222222,23.88888889,10.86666667,4.655555556,16.22222222,56.83333333,89.07777778,211.5,100.8759259,206.2260922,180.6919893,189.8937912,81.80894579,45.84244152,21.78184132,28.39784323,7.274288815999999,24.71784668,51.6183107,77.78707762,242.3994946,96.53666358,800.0,722.0,271872.50000000064,301243.35000006
"Sokaogon Chippewa Community, Wisconsin",0.09629300881527232,0.16992055167312764,3.108143356434721,1.1594263944086106e6,0.12,0.213,2.91,531000.0,0.9037069911847276,0.8300794483268723,0.88,0.787,0.5381113616086634,0.49754654851891494,0.0010000000000000002,0.3750414651780729,0.4604738581969239,0.4513938957380169,0.4228495501203706,0.0009999999999999998,0.2710637216160781,0.3339795733378038,-10.119186494202896,-8.3881433767182,0.20860619059634994,7.801067573187333,13.777473606639823,19.059694639865807,21.58900220656468,20.44520784653247,15.335050991025224,8.23036917763983,-0.025699290337627488,-9.161555436386474,6.56265730263446,2.682123213655931,2.6891496812646265,2.5945212504567894,2.105582670079441,1.3110239394138483,1.9919569397933434,1.0720046159071388,1.617961984083199,1.927490286675255,2.2107546191594203,2.881038396393451,3.723990527608696,2.233966510541599,20.39976143944175,16.55191745323135,41.70371563381108,45.668306791239935,79.4963738312775,128.16923121202362,106.74526750757917,105.75596709506172,83.12886025771336,68.96697083948472,42.12945667017176,21.928740981572727,63.38704747599033,13.955385298314546,9.658300441344604,25.358307663247448,23.88260399172303,32.44052005027911,45.93157572147074,40.48406625456791,44.44654463573269,50.56243251235106,39.28417405464842,33.24171208312399,14.661787437364467,31.15895084498658,-10.5472222225,-9.3166666655,-1.5083333332500002,5.2055555555,11.594444445,17.175000002500003,19.355555555,18.627777777499997,13.619444445,6.375,-0.8305555557500001,-6.8416666665,5.242361111500001,1.789696662,3.213995825,3.871922763,2.1587269934999997,1.3638728980000001,2.74129563825,1.6599574025,1.9718180490000001,3.5846219809999997,2.069961616,3.8881334489999997,11.38863948275,3.30855356325,29.625,17.005555554999997,34.077777774999994,65.3694444425,79.22222222250001,112.38333335,112.975,133.11944445,112.6972222,71.83055555499999,56.1722222225,42.3916666675,72.23912037,32.228197605,11.631409757499998,19.7574174675,40.442780392500005,30.198826025000002,45.393459039999996,43.550655,71.12148568250001,60.83124342,38.45245705,43.5312098025,34.3873473675,39.29387404999999,3837.5,3463.3500000000013,271872.50000000064,301243.35000006
"Yerington Paiute Tribe of the Yerington Colony & Campbell Ranch, Nevada",0.10671163645088495,0.15046052473980195,3.2182265348440806,1.9405454204295182e6,0.13099999999999998,0.211,3.3799999999999994,3.9909999999999995e6,0.893288363549115,0.849539475260198,0.869,0.789,0.0927830765495786,0.09232821979022744,0.0009999999999999998,0.04957642955309161,0.011537647058846724,0.05880355923227595,0.05716093777567248,0.001,0.02450130893533595,0.001,6.08925373134627,10.34381426385075,11.043582089770153,13.025439469492541,16.414792700776122,21.502089550388064,23.0028855718209,23.90311774540299,20.31993366498508,17.15472637143284,10.228888891540299,6.6609286899373155,14.974121061194035,4.630304346089552,1.7323440277402993,1.7875225345194035,3.871870796758211,3.088072982961195,1.8317533828716424,3.1649291816388074,1.8284663445343288,3.3942209531940315,2.1489446138895527,2.5072144741731344,3.759818830229853,2.8121218725402994,132.43031505725378,118.88922056286569,80.7862686606269,57.853631841194044,42.52308457710449,12.453731343892539,5.048490878197015,6.872238805820897,9.235323383558214,49.91529021110449,71.3796351615224,114.90378109229853,58.52425096080598,99.12072522743287,75.67340585319404,51.81386171898507,39.52057209235822,30.042168043301505,9.887607993558214,5.557189220047763,12.042227303653737,12.466313054576124,52.41028693985075,80.33207186289555,74.37002220444779,45.26970429274629,1.623921938492918,3.7627006611133145,5.852880075651559,9.65476864978187,13.438369533201135,19.741170917082155,24.62212779575071,22.79077745974504,18.058451369178474,11.622411075240793,4.920018885303116,1.0073654388725213,11.424580313569406,1.9592093351274789,2.8445463183739377,2.0718361059546746,1.4007123220849858,1.6805108336912185,2.8782539554872524,1.8241625325637394,1.5557966166288952,1.6597233010906516,1.296776395184136,2.1679482446798866,3.0304312126458925,2.030825598283286,38.69974818631728,36.28325464492918,22.683034305750706,17.800849860566572,24.364117093767703,8.942146679379604,16.676613160311618,12.276487251031163,9.05435945811898,12.753729932776203,14.57976078283286,31.82149826390935,20.49463330144476,20.918709188413597,24.921415781444757,23.685975840424927,13.501128237337111,14.286328093937678,12.38019760674221,17.60866785535411,15.429139588158641,15.318381699830029,14.4573333788102,8.24453968931728,23.392638754532573,17.012037979433426,800.0,722.0000000000001,271872.50000000064,301243.35000006
"Los Coyotes Band of Cahuilla and Cupeno Indians, California",0.10743636304786137,0.15100126991883167,3.252675204176721,3.321796739323771e8,0.09599999999999999,0.126,3.52,1.88159e8,0.8925636369521386,0.8489987300811683,0.904,0.874,0.1963860848017627,0.1963860848017627,0.06634087072529894,0.09242110904923734,0.0561393466685583,0.13252233140793884,0.13252233140793884,0.022676831178546072,0.03857264589785918,0.05347733223427017,10.653058880657243,11.377245797644182,12.15273243887922,13.59228630027204,14.826568733971717,18.09515778089228,19.746203603313386,21.3350622657073,19.045641397959745,17.08948131990207,12.631864345571275,10.558608390575088,15.091992604368887,1.7326808256093589,2.3706805619782374,2.285490947151796,1.7440132881664856,2.296864633867248,2.8659926122747557,3.1894680115984784,3.0907837053699674,2.048712570745377,2.0295019436109913,1.984217975230686,1.9655689050457028,2.3003313318286187,93.43608390397172,117.0625559214364,73.72752387841678,28.70875347661045,16.310186192796525,2.582704630661045,3.348809091877585,3.0264176037236146,4.309744891717084,18.08611413147987,24.16505259339501,51.15763511081067,36.32679845243744,90.01908615192058,117.8718721045539,73.61156635551144,22.90293182995104,14.649115084076177,4.275396973916215,6.0084470283057705,4.6493418518901,7.449351785866704,21.118111099336243,34.34298588182264,69.17999678774211,38.839850245511435,8.322222222,7.955555556,9.522222222,10.82222222,13.13333333,17.31111111,20.78888889,21.16666667,18.84444444,14.85555556,11.08888889,8.711111111,13.54351852,1.05921879,4.014695229,1.275517324,2.420112486,2.290196498,2.566341971,3.918687422,2.431049156,1.898756903,2.831568078,1.543894786,1.497034105,2.312256062,111.8222222,91.87777778,64.63333333,39.97777778,18.28888889,4.055555556,10.78888889,8.766666667,7.555555556000001,17.13333333,31.366666669999997,38.54444444,37.06759259,101.571413,78.67372144,53.55086367,21.44048611,18.40885958,5.450484178,9.49242388,8.96953176,9.617056607,16.97836859,48.31627573,54.13340261,35.5502406,4348.87000001,3924.870000000002,271872.50000000064,301243.35000006
Tuolumne Band of Me-Wuk Indians of the Tuolumne Rancheria of California,0.14609175379208625,0.22082791822224956,3.273375027717266,5.449703182622499e7,0.128,0.187,4.06,4.759e6,0.8539082462079137,0.7791720817777504,0.872,0.813,0.16003653844400698,0.15602277175723933,0.10279095178803177,0.056341971086441615,0.01998039610613591,0.5377345077081908,0.5377345077081908,0.30949566319423844,0.23041394216671118,0.33987450503981087,8.673365934839712,10.659238824517082,12.126572761126956,15.108721630253317,18.174046314777858,22.326184021952066,24.910670989882956,24.3531320534932,21.9416913844363,18.023416431747314,11.225554315245043,8.046021013863882,16.29738463973444,1.7147838905720263,2.0263740395323224,2.3461790936641007,2.2115853763311724,2.1463175945725115,2.4748658549579634,2.3977732047387295,2.2656722085156136,2.1932450198593854,1.8295578751214825,2.336064214432082,2.217652518140298,2.1800059075769704,90.24073353638542,66.2788061435886,58.746698559404905,35.78521979554872,19.588404117236458,6.229213132758385,2.1885628732980313,2.0141040769126732,4.614228104661506,18.893705769933455,31.557642764342432,66.92714789517274,33.58870556414732,69.33748771175135,56.66748652592692,50.57169507026471,24.55528370774066,15.905650681000191,8.320740079511081,3.953995347801238,2.239966497812882,5.592778877825952,23.597050798418746,33.41571028624939,60.04488916106678,29.516894562325948,5.477777778,6.977777778,9.733333333,12.75555556,16.37777778,20.42222222,24.55555556,24.11111111,20.56666667,15.322222220000002,8.522222222,4.933333333,14.146296300000001,1.927289403,3.4679885299999995,1.656049516,1.887532193,1.482209312,3.206157271,2.452096609,1.15048299,1.226784415,2.086131454,3.1708743969999995,4.007804885,2.310116748,172.8111111,106.6,95.12222222,63.91111111,38.65555556,6.677777778,13.08888889,8.655555556,6.955555555999999,32.06666667,49.16666667,103.75555559999998,58.12222223,122.77680400000001,90.23666106,90.2227906,38.81244789,24.854381460000003,5.649287074,23.83948639,15.655519080000001,8.300468528,41.77286799,57.22575906,89.42564105,50.73100951999999,73997.52000000002,66782.87000000032,271872.50000000064,301243.35000006
"Ramona Band of Cahuilla, California",0.10743636304786137,0.15100126991883167,3.252675204176721,3.321796739323771e8,0.1,0.146,3.15,1.26963e8,0.8925636369521386,0.8489987300811683,0.9,0.854,0.1963860848017627,0.1963860848017627,0.06634087072529894,0.09242110904923734,0.0561393466685583,0.38471393571988594,0.38471393571988594,0.05194267830312912,0.2735431440586961,0.23999524503283798,10.653058880657243,11.377245797644182,12.15273243887922,13.59228630027204,14.826568733971717,18.09515778089228,19.746203603313386,21.3350622657073,19.045641397959745,17.08948131990207,12.631864345571275,10.558608390575088,15.091992604368887,1.7326808256093589,2.3706805619782374,2.285490947151796,1.7440132881664856,2.296864633867248,2.8659926122747557,3.1894680115984784,3.0907837053699674,2.048712570745377,2.0295019436109913,1.984217975230686,1.9655689050457028,2.3003313318286187,93.43608390397172,117.0625559214364,73.72752387841678,28.70875347661045,16.310186192796525,2.582704630661045,3.348809091877585,3.0264176037236146,4.309744891717084,18.08611413147987,24.16505259339501,51.15763511081067,36.32679845243744,90.01908615192058,117.8718721045539,73.61156635551144,22.90293182995104,14.649115084076177,4.275396973916215,6.0084470283057705,4.6493418518901,7.449351785866704,21.118111099336243,34.34298588182264,69.17999678774211,38.839850245511435,7.811111110999999,6.711111111,9.911111111,11.67777778,14.75555556,19.53333333,22.93333333,22.94444444,20.599999999999998,13.73333333,8.955555556,7.855555556,13.95185185,1.3023483059999998,2.888963674,3.387271928,2.060811598,2.894007218,2.188035649,2.390606618,2.112528764,2.96605799,2.222611077,4.435682335,1.3519533190000002,2.516739873,140.6333333,105.8,64.68888889,37.84444444,14.06666667,2.344444444,9.711111111,10.14444444,4.988888889000001,20.16666667,34.32222222,42.55555556,40.60555555,137.0920038,126.3408881,62.27753296,20.89516159,12.03058602,2.833333333,9.158799654,21.565777930000003,8.292533456,26.6859982,55.84117607,66.24934172,45.77192774,4348.87000001,3924.870000000002,271872.50000000064,301243.35000006
Shakopee Mdewakanton Sioux Community of Minnesota,0.07928934000364762,0.1261519942750699,2.9782115940297897,1.0254083506043254e6,0.049,0.087,3.24,3.888e6,0.9207106599963524,0.87384800572493,0.951,0.913,0.7184545172417997,0.6222874603438541,0.0010119324783639072,0.6980948594101748,0.6780611197717775,0.717306784900286,0.593178343387606,0.0009999999999999998,0.586161300575571,0.7085450008077256,-8.273194104309193,-6.379819637124547,1.9045214366804655,8.822911772224597,14.650004945595724,20.565609877949758,22.62594241212328,21.56480327421951,16.889354221242243,9.336740691413295,0.6521638598139694,-7.822601412580371,7.878036444811732,2.7864001157101037,2.9661878765419165,2.013279403317121,2.142956821334926,1.494984206415792,1.6040626332636698,0.9246756720088259,1.3870435937122183,1.8349587387996869,1.7153878986519762,3.5729358086167737,3.9487736055337423,2.199303864521959,14.926812902794357,12.457301068580746,39.901635053891546,60.36385035060912,100.15255211583275,115.0093820858282,94.19944399156007,99.45069367567741,83.6915560010214,45.734844326445966,31.994244133516197,21.506386889607544,59.94905854943197,9.222045521979238,10.311057147586725,25.80046602187065,35.40600527205466,38.81725226914344,55.89290296587325,52.53088187475368,43.6764727845581,51.03235016952821,17.647968990012593,27.567533220101616,17.483059385806317,32.11566630150271,-8.955555556,-6.522222222,1.888888889,8.555555556,14.47777778,20.35555556,22.26666667,21.66666667,17.11111111,9.166666667,1.177777778,-6.622222222,7.880555557,2.549073906,3.111180555,2.862885103,3.133732244,2.438635775,2.342066988,1.225765067,1.78465683,1.606583677,2.8974126389999997,2.761239657,6.984407236,2.80813664,37.41111111,13.33333333,44.65555556,66.65555556,80.34444444,123.8333333,111.6111111,109.6333333,95.21111111,63.31111111,52.422222219999995,43.98888889,70.20092592,65.63340317,8.649566462999998,31.52503414,47.82538842,17.88009446,46.58229277,44.60385198,32.75297696,58.49505202,30.89621516,61.19778954,47.09648194,41.09484559,57770.82000003,52138.250000000255,271872.50000000064,301243.35000006
Pawnee Nation of Oklahoma,0.10585832110745677,0.15565001615761653,2.9870359211192667,1.0831250094295684e6,0.14618498391402254,0.22125169480744056,3.1419843362500144,8.110567148906778e6,0.8941416788925433,0.8443499838423835,0.8538150160859774,0.7787483051925594,0.6763006394832896,0.6035606962709226,0.012965211371107604,0.6637165248397027,0.6259198437752479,0.3509756475607116,0.29967939495812224,0.21647949002961017,0.2996911971043153,0.30502359659839334,-4.490233545578554,-2.2915428166364107,4.604134229792462,10.595665253444793,15.756446096050952,22.17225760659234,24.61017928685774,23.59439136655518,19.035668787303603,11.59046944996284,3.324103562229829,-3.9544821889161326,10.378921425658167,2.5922060088370467,3.029974672535031,1.7002866650530775,1.6331897366475583,1.6412462993126324,1.3921436951480883,1.1700870867850315,1.5287060740928868,1.7837156461942667,1.535325765786093,3.365498364124202,2.9448932531910814,2.0264394391289793,16.440186363524408,15.857489973147556,46.150017693917164,53.53004835963375,104.29744633273349,110.06014389392772,80.74222104286623,74.97467562951698,54.29502830823775,36.99184949424096,31.442397970557316,18.24210309070594,53.585300680636905,8.06238162238853,10.934437478296173,19.83860110970275,33.29603095733013,41.91660013214965,61.60216059113056,42.64579926769106,33.880558660504235,41.0869773889331,14.545063809856687,21.425189207765385,17.599734536013795,28.90279456585987,3.2555555556666667,4.955555555666667,10.933333333333334,15.811111109999999,20.21111111,25.829629629999996,28.277777776666664,28.30370370333333,23.999999999999996,16.825925926666667,10.248148150666667,3.574074074,16.01882716,2.167480880333333,2.724503491666666,1.3075229226666667,1.2983824066666667,1.0323844679999998,1.6181831973333332,1.473044822,1.6571298746666665,1.5030631786666666,1.2305785623333332,2.084679250666667,2.910918936333333,1.750655999333333,50.80740740999999,56.411111113333334,101.90000001,104.62222221333333,163.87407409999994,160.74814813333333,108.59259259999999,81.70000000333333,93.88888888333332,78.83703703666667,60.44074074,50.074074073333335,92.65802469333332,29.986394790000002,43.82995788666666,50.35319568333333,46.50902601333333,86.67694622333333,80.35836953666666,65.94426095,55.90027846333333,50.77729341333333,55.81000703333333,53.49869219666667,47.462556479999996,55.59224822333333,4149.25,3744.699999999999,271872.50000000064,301243.35000006
"Washoe Tribe of Nevada & California (Carson Colony, Dresslerville Colony, Woodfords Community, Stewart Community, & Washoe Ranches)",0.1316105728343131,0.1994601393825106,3.498407275210945,1.3109360869176525e6,0.11999974112878743,0.19570689067848185,3.6718415504998516,3.2218564055717173e6,0.8683894271656869,0.8005398606174894,0.8800002588712126,0.8042931093215182,0.37179355261378577,0.35931589201099984,0.0010000000000000002,0.32878177684016874,0.21267315940222903,0.09032807662092156,0.0868986806157957,0.015992444088003075,0.024384093206110014,0.003868201385853939,4.656770833234375,5.962847222046874,6.663715277468751,9.505381944640623,13.150520832031253,16.920659724843752,19.2611111115625,19.07760416796875,15.982465276249998,12.03854166859375,6.066666666703125,4.345486111234376,11.135980903359375,2.310894709515625,2.2457583391406253,1.918916751171875,1.838675483265625,1.6021958726718752,3.6566815554843752,3.02552677575,2.3498006347031253,1.739464625359375,2.373917366703125,2.75615470371875,2.69313606621875,2.3759269070000006,226.4800347323437,113.8862847209375,115.6045138534375,97.8142361034375,71.99357638828124,60.80312500375,9.84461805515625,21.412499999109375,70.2434027776875,132.36406250390627,235.4859375109375,243.58836805234372,116.62672167437499,158.69264046718752,60.737560504375,66.49055134234375,75.58708757039062,38.17986517359375,32.72181030109375,7.556769547890625,23.780685815031248,56.55698167015625,120.91751893671874,184.94040009734374,134.76499724281248,80.07723905531249,-0.500559642851726,1.9979626488075835,2.175501478092247,6.357938753756084,9.797038295990378,15.091303530090551,20.52354901589134,19.145783810684776,13.718675723537071,9.552424070643465,2.369905048974533,-0.46279947156762874,8.313893605250708,1.744129695695529,3.0076668584816075,2.5337027186932657,2.8406855543842675,2.6478524124533105,3.323404840136955,2.863780108186757,2.0707775678053197,1.9636758441148838,1.861088796451613,2.2473651315574426,2.5972838662093944,2.475117782827957,135.37116891929827,85.95847323775892,52.55366283075835,41.488190908556874,26.859781173718165,13.939872981284664,15.286480539377477,12.271049485942278,10.562711436622525,29.248965600181094,35.92903226058856,103.34477142124504,46.90118006348614,103.89780925488398,60.83800303636106,43.319966905149975,27.406758587487264,20.26426330830787,16.94331397126769,15.49893210409734,13.379561519895303,12.439786734221844,37.182799541607245,23.495032924934918,100.85318377594794,39.62661763820034,799.06,721.15,271872.50000000064,301243.35000006
Confederated Tribes of the Umatilla Indian Reservation,0.1274913493812563,0.18664900210492782,3.1814576179055676,3.9172650044564954e6,0.132024246659284,0.19304041109880668,3.1906465775809063,5.460324284286797e6,0.8725086506187437,0.8133509978950721,0.867975753340716,0.8069595889011933,0.29809671346213956,0.2979136696070288,0.0257559807015583,0.1830041332335347,0.07457570437223489,0.3276315351426433,0.32321384186426205,0.005686861318583142,0.23271657156044115,0.15651755704478007,0.1996111111700001,2.9767037037183335,5.086259259335,8.979148148051667,12.223018517949997,17.156796298366668,20.6628518531,20.74314814843334,16.437388889866664,12.465777779166666,3.838222222173335,2.6998518517483334,10.28906481482,2.9698322769133334,3.539236882978334,2.815623594701667,2.781932254548334,3.141038283281668,2.8988519855350003,2.568026230533333,2.41310965835,2.5100284328149995,3.6157827149866675,3.5032178432600003,3.2754624080549997,3.002678547128333,119.75733332483331,85.62666666581667,89.75757407313336,48.36561110991668,40.6594814812,16.72203703771667,5.385148148233333,5.797407407538334,9.570759259143333,34.22857407603335,44.80594444509999,95.56555555020002,49.68684104706667,103.96626336526667,106.38694872138329,113.74867109370001,37.76279936203334,27.698573676799995,15.386590046966663,5.449587100048333,7.603504852605002,13.841906278940003,46.67736931268333,45.811224224216666,77.17390984405003,50.12561232261668,-0.961111111,2.72777777775,3.97222222225,8.955555555750001,11.3333333325,15.166666665,20.88888889,18.6638888875,14.5583333325,8.886111112250001,1.661111111,-2.4555555554999997,8.61643518425,3.0699816172500003,2.985573897,1.7471426407500004,3.4712406869999994,1.485781379,2.14054938925,2.11262945325,1.6186336554999998,2.3997392865,2.46301746025,2.58813179075,3.13888262125,2.4351086564999997,62.230555555,33.8111111125,53.16111110999999,38.633333334999996,63.719444445,40.5472222225,20.963888890000003,11.886111110999998,31.166666667499996,43.888888890000004,55.280555555,82.2111111075,44.7916666675,54.5773524525,23.762805972499997,27.5767132475,22.524875204999997,22.472365265,20.31524407,24.106451300000003,11.036947447750002,21.6662136975,17.72316802525,34.940557725,89.55240101250001,30.854591287500003,2554.38,2305.320000000001,271872.50000000064,301243.35000006
"Grand Traverse Band of Ottawa and Chippewa Indians, Michigan",0.09629300881527232,0.16992055167312764,3.108143356434721,1.1594263944086106e6,0.091,0.095,6.96,2.32e6,0.9037069911847276,0.8300794483268723,0.909,0.905,0.5381113616086634,0.49754654851891494,0.0010000000000000002,0.3750414651780729,0.4604738581969239,0.25789386336067727,0.24160597605904527,0.001,0.16259324614054718,0.25268525697318245,-10.119186494202896,-8.3881433767182,0.20860619059634994,7.801067573187333,13.777473606639823,19.059694639865807,21.58900220656468,20.44520784653247,15.335050991025224,8.23036917763983,-0.025699290337627488,-9.161555436386474,6.56265730263446,2.682123213655931,2.6891496812646265,2.5945212504567894,2.105582670079441,1.3110239394138483,1.9919569397933434,1.0720046159071388,1.617961984083199,1.927490286675255,2.2107546191594203,2.881038396393451,3.723990527608696,2.233966510541599,20.39976143944175,16.55191745323135,41.70371563381108,45.668306791239935,79.4963738312775,128.16923121202362,106.74526750757917,105.75596709506172,83.12886025771336,68.96697083948472,42.12945667017176,21.928740981572727,63.38704747599033,13.955385298314546,9.658300441344604,25.358307663247448,23.88260399172303,32.44052005027911,45.93157572147074,40.48406625456791,44.44654463573269,50.56243251235106,39.28417405464842,33.24171208312399,14.661787437364467,31.15895084498658,-6.96667,-7.51111,-0.65556,4.36667,12.23333,17.22222,19.9,19.63333,14.86667,8.57778,2.21111,-5.28889,6.54907,2.74388,2.57226,2.19905,4.1644,1.22656,2.05252,1.37921,1.32162,1.83666,1.52153,2.39372,4.01122,2.28522,50.73333,33.53333,38.51111,58.06667,71.47778,94.66667,85.84444,78.31111,96.12222,69.77778,80.42222,63.7,68.43056,12.52136,17.89792,17.81588,22.62339,18.97968,54.60191,16.71055,16.507,24.53686,26.511,34.27979,21.29136,23.68972,3837.5,3463.3500000000013,271872.50000000064,301243.35000006
Shoalwater Bay Indian Tribe of the Shoalwater Bay Indian Reservation,0.14494255753422333,0.21995223908767236,3.2392275410621507,8.679169076159766e6,0.166,0.27,4.87,2.909e6,0.8550574424657766,0.7800477609123276,0.834,0.73,0.6280374856882159,0.608483013256801,0.001872438350820136,0.38976756218793296,0.5070524698710303,0.20617756487886899,0.18796923099339619,0.001,0.13322610810689248,0.16570839547069557,6.487854193322938,8.337837581342589,8.454625278598886,12.280692012298163,14.97292230308415,19.44334804722768,24.312591960521146,20.340495515279798,19.568313636283627,14.34237979885519,7.647368171214863,5.2962836395079025,13.457059344549332,2.8802892934639037,2.1790243905698414,3.7187375217650582,3.4440733812686877,3.3643408261469467,3.3051455387398545,2.744531600891072,2.147194565255873,2.7589687887137977,2.610979146538659,3.4341517185830837,3.52198175820205,3.009118210854336,141.34071859278086,145.4434429756087,134.49124780760354,64.14578765070054,53.465779105766764,19.814181972588628,3.0747970952067503,6.991575300929519,15.460648346489533,54.00505007670654,77.0411315230585,190.34190992815047,75.46802253278513,107.8166631209953,132.82104596644166,106.12239655751388,41.042876243242205,37.338554706416055,18.293138247659968,4.116384825943614,16.01101799098633,19.73818107948313,54.4988471641777,56.42891682126014,161.49446170705676,62.976873703058516,6.28889,6.45556,7.43333,8.97778,11.36667,13.55556,15.71111,15.5,14.54444,11.3556,6.92222,5.92222,10.33611,1.48357,1.33592,1.25875,0.55533,0.91409,0.78756,0.69032,0.81921,1.16057,0.93821,1.64234,1.3571,1.07858,306.8444,202.7778,189.9778,154.1778,100.8111,80.85556,27.72222,41.82222,72.5,230.8778,318.5111,284.0556,167.57778,135.96386,81.46624,20.07059,53.48896,46.2322,37.71404,15.03904,14.76503,27.17213,70.67655,109.22943,113.02838,60.40387,5114.84,4616.170000000003,271872.50000000064,301243.35000006
"Sault Ste. Marie Tribe of Chippewa Indians, Michigan",0.09629300881527232,0.16992055167312764,3.108143356434721,1.1594263944086106e6,0.162,0.208,2.99,3.1e6,0.9037069911847276,0.8300794483268723,0.838,0.792,0.5381113616086634,0.49754654851891494,0.0010000000000000002,0.3750414651780729,0.4604738581969239,0.3759572959231426,0.3710199072982709,0.001,0.23574053768295786,0.3020265993972115,-10.119186494202896,-8.3881433767182,0.20860619059634994,7.801067573187333,13.777473606639823,19.059694639865807,21.58900220656468,20.44520784653247,15.335050991025224,8.23036917763983,-0.025699290337627488,-9.161555436386474,6.56265730263446,2.682123213655931,2.6891496812646265,2.5945212504567894,2.105582670079441,1.3110239394138483,1.9919569397933434,1.0720046159071388,1.617961984083199,1.927490286675255,2.2107546191594203,2.881038396393451,3.723990527608696,2.233966510541599,20.39976143944175,16.55191745323135,41.70371563381108,45.668306791239935,79.4963738312775,128.16923121202362,106.74526750757917,105.75596709506172,83.12886025771336,68.96697083948472,42.12945667017176,21.928740981572727,63.38704747599033,13.955385298314546,9.658300441344604,25.358307663247448,23.88260399172303,32.44052005027911,45.93157572147074,40.48406625456791,44.44654463573269,50.56243251235106,39.28417405464842,33.24171208312399,14.661787437364467,31.15895084498658,-8.12222,-9.08889,-2.2,4.53333,10.85556,15.26667,18.66667,18.65556,13.88889,7.44444,1.65556,-6.24444,5.44259,2.59648,3.08561,2.62213,1.84992,1.3175,1.83787,1.48099,0.91179,1.88116,1.73789,2.27015,3.57153,2.09692,63.37778,36.57778,39.41111,62.01111,61.14444,98.53333,64.15556,77.66667,108.62222,83.32222,76.85556,68.22222,69.99167,20.87618,19.03423,21.91572,32.93423,24.43523,48.17309,25.21213,27.50531,41.92872,35.90527,22.54896,31.56559,29.33622,3837.5,3463.3500000000013,271872.50000000064,301243.35000006
