Tribe,Food_Insecurity_Rate_2018_H,Child_Food_Insecurity_Rate_2018_H,Cost_Per_Meal_2018_H,Weighted_Annual_Food_Budget_Shortfall_2018_H,Food_Insecurity_Rate_2018_P,Child_Food_Insecurity_Rate_2018_P,Cost_Per_Meal_2018_P,Weighted_Annual_Food_Budget_Shortfall_2018_P,Food_Security_Rate_2018_H,Child_Food_Security_Rate_2018_H,Food_Security_Rate_2018_P,Child_Food_Security_Rate_2018_P,nccpi3all_H,nccpi3sg_H,nccpi3cot_H,nccpi3soy_H,nccpi3corn_H,nccpi3all_P,nccpi3sg_P,nccpi3cot_P,nccpi3soy_P,nccpi3corn_P,temp_mean_1_H,temp_mean_2_H,temp_mean_3_H,temp_mean_4_H,temp_mean_5_H,temp_mean_6_H,temp_mean_7_H,temp_mean_8_H,temp_mean_9_H,temp_mean_10_H,temp_mean_11_H,temp_mean_12_H,temp_mean_ann_H,temp_std_1_H,temp_std_2_H,temp_std_3_H,temp_std_4_H,temp_std_5_H,temp_std_6_H,temp_std_7_H,temp_std_8_H,temp_std_9_H,temp_std_10_H,temp_std_11_H,temp_std_12_H,temp_std_ann_H,precip_mean_1_H,precip_mean_2_H,precip_mean_3_H,precip_mean_4_H,precip_mean_5_H,precip_mean_6_H,precip_mean_7_H,precip_mean_8_H,precip_mean_9_H,precip_mean_10_H,precip_mean_11_H,precip_mean_12_H,precip_mean_ann_H,precip_std_1_H,precip_std_2_H,precip_std_3_H,precip_std_4_H,precip_std_5_H,precip_std_6_H,precip_std_7_H,precip_std_8_H,precip_std_9_H,precip_std_10_H,precip_std_11_H,precip_std_12_H,precip_std_ann_H,temp_mean_1_P,temp_mean_2_P,temp_mean_3_P,temp_mean_4_P,temp_mean_5_P,temp_mean_6_P,temp_mean_7_P,temp_mean_8_P,temp_mean_9_P,temp_mean_10_P,temp_mean_11_P,temp_mean_12_P,temp_mean_ann_P,temp_std_1_P,temp_std_2_P,temp_std_3_P,temp_std_4_P,temp_std_5_P,temp_std_6_P,temp_std_7_P,temp_std_8_P,temp_std_9_P,temp_std_10_P,temp_std_11_P,temp_std_12_P,temp_std_ann_P,precip_mean_1_P,precip_mean_2_P,precip_mean_3_P,precip_mean_4_P,precip_mean_5_P,precip_mean_6_P,precip_mean_7_P,precip_mean_8_P,precip_mean_9_P,precip_mean_10_P,precip_mean_11_P,precip_mean_12_P,precip_mean_ann_P,precip_std_1_P,precip_std_2_P,precip_std_3_P,precip_std_4_P,precip_std_5_P,precip_std_6_P,precip_std_7_P,precip_std_8_P,precip_std_9_P,precip_std_10_P,precip_std_11_P,precip_std_12_P,precip_std_ann_P,Acres,Endow_Raised_Parcel,Total_Endow,Total_Acres
Chicken Ranch Rancheria of Me-Wuk Indians of California,0.12400000000000001,0.18149527010828814,3.2932702681105086,3.959101283611586e7,0.128,0.187,4.06,4.759e6,0.876,0.8185047298917119,0.872,0.813,0.2726209661232479,0.2726209661232479,0.14832620009736536,0.15317754744844522,0.0761156044966269,0.2568077926642313,0.2568077926642313,0.06874782953009664,0.134914952741341,0.1594615752843868,7.885642317564233,10.034536803647354,10.658522250312343,12.636104114382873,17.820458998790933,22.429023230881615,24.41505737234257,23.422278197581864,18.96935348445844,17.476658271108313,10.830142736095718,7.345731877899245,15.326959138539042,3.2290891292569275,3.0263911894005044,3.1797951145743073,5.522083575848867,2.597577606715366,1.6915270505062974,2.8885754870629725,3.760759715460958,4.860791465453401,2.797289241680101,2.1133673828211585,2.57071020806801,3.186496430612091,136.90153930780858,81.5798208804786,69.71718443702771,45.33741953244333,26.005317660604533,9.601315418297231,3.3266442761863986,2.5737475511335015,3.65362440511335,21.5917716215869,39.08410299801008,91.45062972947105,44.23525982080605,115.12541970267002,65.93297771664987,62.050595541309825,26.739856977733,24.02802111443325,14.82550433063728,6.247138099450883,4.179897881216625,5.285636142317381,24.246565342166246,37.786230885088166,79.81338002891687,38.85510197947103,4.177777778,8.288888889,7.355555556,11.63333333,15.2,19.6,24.21111111,22.96666667,18.15555556,15.24444444,7.155555556,4.588888889,13.21481481,4.248757988,2.190573238,5.430034786,4.92138192,4.55329551,4.7138095,5.032257059,4.097865298,5.343245996,2.533333333,5.556102751,4.606637723,4.435607925,166.4666667,106.6,102.9555556,61.51111111,39.21111111,8.322222222,9.833333333,9.177777778,6.877777778,34.37777778,51.77777778,99.72222222,58.06944445,130.7217943,90.23666106,84.01105747,41.2438615,23.23114528,7.971790542,22.60945599,23.98983002,7.897432776,40.529211,55.91490807,93.40588549,51.81358612,960.0,727.32,135000.84000000072,178190.04000000004
"Dry Creek Rancheria Band of Pomo Indians, California",0.11244130661413365,0.15590087339275904,3.765613019807938,1.8882859677991074e7,0.09,0.118,4.0,3.0681999999999996e7,0.8875586933858663,0.844099126607241,0.91,0.882,0.4237586195093434,0.4136377087903124,0.18871991658075704,0.17923309218660027,0.28615693635808637,0.1753533463299719,0.17271252871728737,0.0875691808561863,0.044849947050144286,0.11928395921103614,8.262171331580154,10.375996605083973,11.497370653129773,13.463613234885498,16.505937235496187,21.03223070175573,22.93715012473283,22.13104325992367,21.534435961679392,16.23333333541985,10.881340116793895,8.278880406748094,15.261125246564887,1.7220093559007636,1.859050790320611,3.3277862389923665,2.9627496467251917,1.7004553050763362,2.767743303839695,2.4029807471297717,2.696622480435115,2.0767599404580155,2.8738789380839695,2.678045570832061,2.4042895901145043,2.456030992358779,144.7827820229008,107.26454625343513,106.01798134076337,42.80025445267176,33.006022048549625,6.791857506419849,12.093893131564887,6.17896522476336,13.703138253083972,29.725954198625956,46.00220526022901,125.58905853816795,56.163054854122144,132.73053410656493,104.7173758908397,111.52165487557254,28.598538569847335,28.262664462137412,11.119085783702293,22.68168789329008,15.388254362503819,16.363426855435115,33.610464389770996,46.99671991679389,131.8405089720611,56.98590967343512,8.433333333,9.111111111,10.9,12.57777778,15.000000000000002,19.5,20.78888889,20.48888889,19.28888889,15.8,10.68888889,7.977777778000001,14.21296296,1.321930407,3.535337482,1.218605761,2.121189394,1.691153453,1.65,1.090234429,0.957136934,1.254436571,2.359025222,1.353185542,1.552238527,1.67537281,237.5777778,151.0666667,137.5666667,59.18888889000001,36.81111111,12.91111111,5.0,6.622222222,8.044444444,38.16666667,57.27777778,181.8444444,77.67314815,201.9105729,116.7436187,126.192264,41.8132588,27.11357798,14.34611833,9.686072475,15.81990659,10.78947532,41.13505196,42.94091225,129.8782229,64.86408768,320.0,242.43,135000.84000000072,178190.04000000004
Redwood Valley or Little River Band of Pomo Indians of the Redwood Valley Rancheria California,0.11244130661413365,0.15590087339275904,3.765613019807938,1.8882859677991074e7,0.135,0.194,3.53,7.022e6,0.8875586933858663,0.844099126607241,0.865,0.806,0.4237586195093434,0.4136377087903124,0.18871991658075704,0.17923309218660027,0.28615693635808637,0.4403854479056433,0.44036600254410907,0.21458995852631582,0.23586463244851372,0.2927970301346382,8.262171331580154,10.375996605083973,11.497370653129773,13.463613234885498,16.505937235496187,21.03223070175573,22.93715012473283,22.13104325992367,21.534435961679392,16.23333333541985,10.881340116793895,8.278880406748094,15.261125246564887,1.7220093559007636,1.859050790320611,3.3277862389923665,2.9627496467251917,1.7004553050763362,2.767743303839695,2.4029807471297717,2.696622480435115,2.0767599404580155,2.8738789380839695,2.678045570832061,2.4042895901145043,2.456030992358779,144.7827820229008,107.26454625343513,106.01798134076337,42.80025445267176,33.006022048549625,6.791857506419849,12.093893131564887,6.17896522476336,13.703138253083972,29.725954198625956,46.00220526022901,125.58905853816795,56.163054854122144,132.73053410656493,104.7173758908397,111.52165487557254,28.598538569847335,28.262664462137412,11.119085783702293,22.68168789329008,15.388254362503819,16.363426855435115,33.610464389770996,46.99671991679389,131.8405089720611,56.98590967343512,7.933333333,8.677777778,9.655555556,11.64444444,14.5,18.34444444,20.544444440000003,20.57777778,18.58888889,14.78888889,9.6,7.633333333,13.540740740000002,1.393735986,3.097490023,2.13548069,1.387543793,1.70513929,2.78438104,0.719567771,2.6413906270000003,1.90292173,1.923177348,1.523975065,1.68597153,1.908397908,215.8,143.5555556,138.7444444,64.95555556,49.66666667,19.38888889,9.411111111,5.366666667,12.37777778,48.14444444,70.59999999999998,211.6444444,82.47129629,174.60551970000003,111.0239514,140.4865306,45.4295364,37.89930738,20.93504505,18.884282120000005,9.853933225,17.36381135,44.75301976,57.33319283,185.5163814,72.0070426,320.0,242.43,135000.84000000072,178190.04000000004
Prairie Band Potawatomi Nation,0.084,0.067,3.05,1.2274e7,0.122,0.189,3.08,845000.0,0.916,0.933,0.878,0.8109999999999999,0.37584025248814945,0.3310119216465688,0.0009999999999999998,0.2647020715454928,0.37584025248814945,0.5351284296583351,0.5005861278034512,0.01601332915139986,0.4698663067169111,0.4963650617965824,-4.411111111,-4.277777778,1.533333333,7.633333333,13.18888889,18.48888889,21.65555556,21.1,16.74444444,9.822222222,4.233333333,-2.744444444,8.580555556,2.740640639,4.415534446,3.13926743,3.116488408,2.078728244,2.598771077,1.534691428,1.9519221300000003,1.608657135,2.512358343,1.60623784,2.123152792,2.452204159,56.84444444,50.78888889,49.12222222,68.17777778,89.33333333,96.05555556,85.35555556,78.66666667,88.93333333,80.03333333,79.41111111,68.4,74.26018519,22.79337136,20.06261725,23.58716694,27.508624909999998,43.56107781,58.13503916,27.64141418,25.4311325,32.44183256,40.70752387,42.96357307,30.14398779,32.91478012,1.188888889,0.444444444,7.955555556000001,15.03333333,19.4,23.93333333,27.17777778,26.4,20.5,15.888888889999999,7.266666667,0.033333333,13.76851852,6.536712561,7.80434352,3.836049762,3.716853508,3.178836265,2.242208732,1.763361688,2.425901894,2.25,3.378403634,4.567274899,5.178561576,3.906542337,24.98888889,32.44444444,74.3,58.95555556,113.7888889,151.2777778,96.28888889,116.2666667,97.1,69.18888889,33.26666667,25.12222222,74.41574075,11.58063518,18.5921429,56.20673892,29.86013694,58.16610792,59.32378903,41.7211111,62.99666658000001,60.93166254,45.41911614,19.54366905,25.77342516,40.84293346,160.0,121.22,135000.84000000072,178190.04000000004
"Minnesota Chippewa Tribe, Minnesota (Leech Lake Band)",0.1467066239463556,0.18927829433939242,3.04402606478037,1.7389587431124568e6,0.11101924624786695,0.2023349899336315,3.0734660545446473,2.0462971160739497e6,0.8532933760536444,0.8107217056606075,0.888980753752133,0.7976650100663685,0.365100002179055,0.34646772967378736,0.0010000000000000106,0.23257015349978355,0.3391918590139751,0.4418278154583395,0.41870544742507376,0.000999982210788848,0.3116068499694932,0.36699695299526924,-7.577030775818942,-7.6027373633357325,-0.790623482063989,5.754966795710143,12.172609859354361,17.184733227566493,19.90886365387313,19.35338418316775,14.531254553901706,7.942722563684981,1.7192562234339008,-5.8382139875051795,6.39659878769284,2.6372905414969376,2.8899835878966784,2.533709259065423,1.8411994983558406,1.4254668169113596,2.1211144985877946,1.3080151090582015,1.3127939279957015,1.6396264325403413,1.662051152991898,2.2734414067290754,3.6214145098742203,2.1055088951701393,43.68228995945196,30.774443874818687,39.42797965949335,60.86916382109621,75.10231121015639,94.94571057395572,81.67115304408023,88.15983947939107,94.1449134802368,69.14464082361364,70.50613805401579,53.792037606677766,66.85171846589454,16.619600620854047,18.544630237655234,23.160218790886653,25.02711901627771,27.608727351072684,44.84527304694863,27.658158403509326,27.884294742198016,33.956516432579356,27.063157155464946,35.9305362421722,21.503456356185385,27.4834740335074,-12.030158728571427,-9.344444443571426,-0.3507936508571428,6.1460317459999985,12.887301587142854,18.255555555714285,20.371428571428567,19.66507936571428,15.055555555714283,6.985714285714283,-0.9142857142857139,-10.347619047714284,5.531613756999999,2.6246656589999993,3.956737953999999,4.678823400285713,2.3482650485714283,1.398682727142857,2.7852073924285707,0.8661011159999997,2.0922188051428563,3.5560599309999996,1.9463187685714285,5.040366559142856,5.850744431142856,3.0953493161428565,24.807936507142855,15.374603174285712,32.50634920571428,38.530158731428564,76.28095238142855,103.09682537142855,107.71111112285713,94.17142856999996,75.67301587285712,64.60476190428571,52.41269841142856,26.84761904714285,59.33478835857142,19.104469444285712,5.492642019999998,15.16250371428571,29.341785517142853,49.23969661999999,34.28940501571428,65.11939853714286,44.005712215714276,34.122292229999985,27.620300549999996,34.64889197714285,16.59434525714285,31.22845359142856,123710.57000000004,93725.98000000056,135000.84000000072,178190.04000000004
Flandreau Santee Sioux Tribe of South Dakota,0.08785527833276714,0.1287293858357494,3.01505182117626,1.1112186481003438e6,0.107,0.17,3.11,369000.0,0.9121447216672328,0.8712706141642506,0.893,0.83,0.6734912824801058,0.5701456720618769,0.0010000000000000005,0.5995322616153069,0.6503358221685631,0.6215867611308554,0.5385886535724088,0.001070406582138625,0.5927764869812757,0.5892292125376664,-7.168123610223602,-5.327620581230501,2.719362012259489,9.372816501699102,15.01042097953071,20.86862970618357,23.074986578612826,22.069910281573495,17.4306801647412,10.09670270638992,1.8437543133464451,-6.701065869122844,8.607537765672184,2.695854628120772,3.061015316282952,1.9544366336804684,2.053217929761904,1.5046582056149067,1.565714672485852,1.060160297249137,1.4456213304313312,1.836570332287784,1.7158827692518968,3.272901551964113,3.8153228101497563,2.1651130398440293,18.608120544575566,15.834506557156656,44.73350970204967,63.70710834885436,102.30221609305033,127.32552717632849,96.85100069538301,104.16468829516907,91.4400736122153,48.671305881980665,38.14376198022772,26.340855760510696,64.84355622245684,10.138465027347825,12.431881840074531,26.510349973857824,34.3598066355445,40.668490842581086,67.08869300530016,51.60336317886125,51.2279276358799,47.287207105886814,20.492844168716346,27.968291040917865,21.43145573880607,34.26739801708074,-7.6,-6.1,1.377777778,9.3,14.74444444,20.26666667,23.56666667,21.7,16.02222222,9.7,0.955555556,-8.155555556,7.981481482,4.288647806,3.474550331,2.826118264,2.636759375,1.682342943,1.78605711,2.294558781,1.523154621,2.019144483,2.092247595,4.796642344,4.448907481,2.822427595,12.28888889,37.55555556,46.73333333,58.21111111,98.76666667,130.4222222,89.76666667,97.28888889,96.56666667,56.14444444,36.15555556,38.55555556,66.53796296,9.932326571,82.3413795,45.06656188,30.930908669999997,41.1949026,63.74536802,36.47821268,41.42050955,67.67680548,48.38830208,31.08758237,52.37766965,45.88671075,2974.6400000000003,2253.66,135000.84000000072,178190.04000000004
Miccosukee Tribe of Indians,0.164,0.26,2.99,1.833e6,0.11596650951115811,0.16301434926465944,3.57091153686575,1.343220238280798e8,0.836,0.74,0.8840334904888418,0.8369856507353406,0.2623250137912515,0.226698431448329,0.199442091198016,0.1901097731546148,0.2157214417955739,0.24200193483913107,0.241260134137266,0.023469402050923904,0.04670625994226817,0.030391912180992253,0.9333333333333333,1.4740740739999998,3.0925925926666666,7.2185185186666665,12.274074069999998,17.277777776666664,20.13703704,19.755555553333334,17.248148146666665,11.685185183333331,1.614814815,-0.6592592593333333,9.337654320333334,5.769752734333333,6.077215669333333,1.1948787236666667,4.862530584666667,5.073548291666666,4.214366999000001,2.0806680486666664,1.6447506619999999,4.700184151333333,5.353856649333332,2.974973852,2.2261104003333334,3.8477363969999994,34.42222222333333,63.81481481666667,35.22222222333333,29.94814814666666,54.64444444666667,47.4,22.75185185,49.32592592666666,16.18888889,28.570370366666666,29.68518518333333,50.492592593333335,38.53888888666666,21.851155876666667,51.61623118333333,19.0518723,21.30676079666667,34.67127585333333,77.98628703666665,23.65322932666667,65.52894180333334,12.879266343333333,21.27067918,25.248264883333334,63.96654405333333,36.58587572,16.625925926666664,15.970370373333331,20.640740740000002,21.05925926,24.407407403333334,26.151851849999996,26.299999996666667,26.855555556666662,26.892592589999996,24.07777777666666,18.851851849999996,15.248148149999999,21.923456786666666,5.991307910999999,7.760478322666667,4.216188638999999,5.711783892999999,5.5038910073333325,3.490512808333333,3.895429009333333,4.051155967666666,2.763166286333333,5.812447284666667,9.137361146666665,8.431772226,5.563791208666667,29.618518516666665,38.70000000333332,65.95555555666667,86.72222223333333,92.27037037,205.07407406666667,150.32222223333332,178.15925926666665,173.14444443333332,130.48518516666664,42.88148148,39.71111111,102.75370371999999,25.09210394666666,32.82332354,38.74209175,53.85846242333333,58.38134920333333,145.70575586666664,85.03977045333332,138.03084116666665,88.82203429999998,98.45348723333332,35.29360049,29.795050083333336,69.16982253666666,480.17,363.79,135000.84000000072,178190.04000000004
Match-e-be-nash-she-wish Band of Pottawatomi Indians of Michigan,0.084,0.067,3.05,1.2274e7,0.097,0.094,2.86,5.43e6,0.916,0.933,0.903,0.906,0.37584025248814945,0.3310119216465688,0.0009999999999999998,0.2647020715454928,0.37584025248814945,0.5030101555007082,0.46987021052394545,0.0010000000000000005,0.36848943725137695,0.4811848622728486,-4.411111111,-4.277777778,1.533333333,7.633333333,13.18888889,18.48888889,21.65555556,21.1,16.74444444,9.822222222,4.233333333,-2.744444444,8.580555556,2.740640639,4.415534446,3.13926743,3.116488408,2.078728244,2.598771077,1.534691428,1.9519221300000003,1.608657135,2.512358343,1.60623784,2.123152792,2.452204159,56.84444444,50.78888889,49.12222222,68.17777778,89.33333333,96.05555556,85.35555556,78.66666667,88.93333333,80.03333333,79.41111111,68.4,74.26018519,22.79337136,20.06261725,23.58716694,27.508624909999998,43.56107781,58.13503916,27.64141418,25.4311325,32.44183256,40.70752387,42.96357307,30.14398779,32.91478012,-4.977777778,-4.6,1.433333333,8.122222222,14.26666667,18.86666667,21.71111111,21.15555556,16.43333333,9.822222222,3.8666666669999996,-3.188888889,8.575925926,3.251068201,4.796613389,3.6342124320000004,2.896885301,1.747855829,2.122498528,1.457261511,1.993182826,1.570827807,2.131183813,1.755704987,2.49321301,2.487542303,60.52222222,46.43333333,59.63333333,69.55555556,103.6444444,102.8444444,104.3666667,86.1,92.82222222,78.84444444,96.06666667,79.56666667,81.7,33.57349318,20.86701943,33.08190593,29.63414885,55.77466071,35.2430529,27.69178579,27.59066871,38.97662049,41.59877135,41.98803401,40.19564653,35.51798399,160.0,121.22,135000.84000000072,178190.04000000004
Robinson Rancheria,0.11244130661413365,0.15590087339275904,3.765613019807938,1.8882859677991074e7,0.157,0.231,3.9200000000000004,6.666e6,0.8875586933858663,0.844099126607241,0.843,0.769,0.4237586195093434,0.4136377087903124,0.18871991658075704,0.17923309218660027,0.28615693635808637,0.4887370136414907,0.4887370136414907,0.15069343763102852,0.27039525671129266,0.26106455988035304,8.262171331580154,10.375996605083973,11.497370653129773,13.463613234885498,16.505937235496187,21.03223070175573,22.93715012473283,22.13104325992367,21.534435961679392,16.23333333541985,10.881340116793895,8.278880406748094,15.261125246564887,1.7220093559007636,1.859050790320611,3.3277862389923665,2.9627496467251917,1.7004553050763362,2.767743303839695,2.4029807471297717,2.696622480435115,2.0767599404580155,2.8738789380839695,2.678045570832061,2.4042895901145043,2.456030992358779,144.7827820229008,107.26454625343513,106.01798134076337,42.80025445267176,33.006022048549625,6.791857506419849,12.093893131564887,6.17896522476336,13.703138253083972,29.725954198625956,46.00220526022901,125.58905853816795,56.163054854122144,132.73053410656493,104.7173758908397,111.52165487557254,28.598538569847335,28.262664462137412,11.119085783702293,22.68168789329008,15.388254362503819,16.363426855435115,33.610464389770996,46.99671991679389,131.8405089720611,56.98590967343512,6.500000000000001,6.688888889,7.922222222,9.722222222,12.4,17.66666667,19.55555556,18.87777778,17.05555556,13.15555556,8.077777778,6.0,11.96851852,1.320984481,3.6491247049999997,1.419311257,1.949857545,1.548386257,3.320391543,0.789162707,0.766122996,1.202197063,2.174345368,1.536861882,1.615549442,1.774357937,237.88888890000004,145.7777778,148.3111111,69.4,56.58888889,20.8,5.255555556,10.97777778,18.78888889,45.81111111,72.76666667,204.6111111,86.41481482,194.383657,115.6938177,124.76985260000001,45.25403297,37.49798143,23.91584203,11.21674096,19.53425055,16.30869741,43.2073907,59.441778240000005,129.0186173,68.35355491,320.0,242.43,135000.84000000072,178190.04000000004
"Citizen Potawatomi Nation, Oklahoma",0.084,0.067,3.05,1.2274e7,0.1421748006607749,0.2087522595401262,3.014256144651789,1.2483986717781419e7,0.916,0.933,0.8578251993392251,0.7912477404598738,0.37584025248814945,0.3310119216465688,0.0009999999999999998,0.2647020715454928,0.37584025248814945,0.3925058235224002,0.3544004035729066,0.24700249917134348,0.37146334593373687,0.3427926583839122,-4.411111111,-4.277777778,1.533333333,7.633333333,13.18888889,18.48888889,21.65555556,21.1,16.74444444,9.822222222,4.233333333,-2.744444444,8.580555556,2.740640639,4.415534446,3.13926743,3.116488408,2.078728244,2.598771077,1.534691428,1.9519221300000003,1.608657135,2.512358343,1.60623784,2.123152792,2.452204159,56.84444444,50.78888889,49.12222222,68.17777778,89.33333333,96.05555556,85.35555556,78.66666667,88.93333333,80.03333333,79.41111111,68.4,74.26018519,22.79337136,20.06261725,23.58716694,27.508624909999998,43.56107781,58.13503916,27.64141418,25.4311325,32.44183256,40.70752387,42.96357307,30.14398779,32.91478012,4.9155555556,6.671111111,12.048888889999999,16.508888889999998,21.073333334,26.26888889,28.493333334000003,28.82,24.62888889,17.511111112,11.293333334,4.8466666666,16.923333332000002,2.260850818,2.6470933796000002,1.3044560762,1.021678284,0.9177624378,1.4630155448,1.230204403,1.3017814736000002,1.3893157237999998,1.1258270404,2.0179717056,2.6667628666,1.6122266464,65.275555556,52.83111111200001,99.913333328,95.22444443599998,167.08666668,128.19555556000003,85.78888888799999,62.44444444399999,100.04666666600001,89.30444444800001,61.086666668,53.171111112,88.364074074,26.601387186,34.237215002,66.833273582,61.378323206,95.27023752800001,62.326650097999995,57.92225945199999,51.43910103,54.546235134,73.791014862,52.067929766,35.058359076,55.955998828000006,160.0,121.22,135000.84000000072,178190.04000000004
"Pokagon Band of Potawatomi Indians, Michigan and Indiana",0.084,0.067,3.05,1.2274e7,0.14,0.155,2.98,1.0894e7,0.916,0.933,0.86,0.845,0.37584025248814945,0.3310119216465688,0.0009999999999999998,0.2647020715454928,0.37584025248814945,0.5653292635166147,0.44421387753498415,0.0009038640534865926,0.5012411223857224,0.5590207990067556,-4.411111111,-4.277777778,1.533333333,7.633333333,13.18888889,18.48888889,21.65555556,21.1,16.74444444,9.822222222,4.233333333,-2.744444444,8.580555556,2.740640639,4.415534446,3.13926743,3.116488408,2.078728244,2.598771077,1.534691428,1.9519221300000003,1.608657135,2.512358343,1.60623784,2.123152792,2.452204159,56.84444444,50.78888889,49.12222222,68.17777778,89.33333333,96.05555556,85.35555556,78.66666667,88.93333333,80.03333333,79.41111111,68.4,74.26018519,22.79337136,20.06261725,23.58716694,27.508624909999998,43.56107781,58.13503916,27.64141418,25.4311325,32.44183256,40.70752387,42.96357307,30.14398779,32.91478012,-0.811111111,-2.055555556,8.255555556,9.466666667,16.08888889,20.87777778,23.07777778,22.42222222,20.23333333,11.72222222,3.933333333,-3.155555556,10.83796296,8.088177243,3.15440609,9.076909043,1.887458609,3.6998123080000003,1.8680054719999997,1.189304185,1.537675013,4.423234111,1.173432761,1.966596044,3.281810137,3.4455684180000006,54.300000000000004,57.54444444,53.8,60.84444444,83.98888889,112.48888890000002,77.26666667,75.65555556,69.61111111,74.9,87.37777778,66.27777778,72.83796296,31.144180839999997,33.71276135,25.65472666,34.24401813,65.36211526,51.75897131,39.34529832,65.16594416,30.31569084,35.69142054,69.41510602,26.67150998,42.37347862,160.0,121.22,135000.84000000072,178190.04000000004
Prairie Island Indian Community in the State of Minnesota,0.08367354529918605,0.1397568993010532,3.0320665946583727,2.0558671565764127e6,0.078,0.126,2.94,1.787e6,0.916326454700814,0.8602431006989468,0.922,0.874,0.7152499620389728,0.610427564729648,0.0010000000000000022,0.6822171101638261,0.6597960028319914,0.41141266587795633,0.35816602548550946,0.001,0.20911593615487592,0.38152769519799923,-8.963843594448074,-7.412197077072151,1.1522405596695324,8.54808116749107,14.597889558022535,20.17321759964719,22.444490562269028,21.285274127944465,16.476340438685643,9.06967860244906,0.6408000351409233,-8.492066629281453,7.459992112584938,2.601292103876765,2.9417634860199637,2.230045088171855,2.3406198505126024,1.5034970901875682,1.6700504126670626,1.0026518741493236,1.5267080794447105,1.7088234316559925,2.05309915646902,3.0987650753897613,3.96486600256923,2.220181804224429,19.381888857044153,15.956013440564282,46.5207157041783,61.61097934488887,98.41883366451728,126.04708963247364,96.57748021048927,106.88076885963743,94.09449769732186,51.83448078980236,43.37857825063746,28.931277792741394,65.80271702090228,9.978277927648085,10.542406386598094,26.694676256793166,29.764870356102783,33.17008632948713,47.23161512445995,41.15823270495406,43.78023226500642,56.238597382096096,21.41165741064533,33.18225951681395,20.813909474154585,31.163901760803487,-8.466666667,-4.922222222,1.366666667,9.133333333,14.98888889,20.42222222,22.7,22.02222222,16.13333333,9.677777778,1.277777778,-7.6,8.061111111,2.491485501,4.793166432,2.759075932,2.121320344,1.274209995,1.710100712,0.85732141,1.708638184,1.697056275,2.150452149,2.783782399,4.518296139,2.405408789,28.3,16.43333333,45.36666667,69.93333333,90.53333333,133.1555556,91.91111111,123.4888889,97.83333333,57.5,39.13333333,29.31111111,68.575,30.793099880000003,9.335684228,29.32119541,57.20131117,45.11280306,55.65772882,47.15388225,56.18955518,55.14163581,32.06091858,27.47853708,14.05315307,38.29162538,20825.669999999995,15778.019999999971,135000.84000000072,178190.04000000004
"Santee Sioux Nation, Nebraska",0.08785527833276714,0.1287293858357494,3.01505182117626,1.1112186481003438e6,0.12397529083292405,0.18798058565444034,3.0701764940505427,545845.5677057753,0.9121447216672328,0.8712706141642506,0.876024709167076,0.8120194143455597,0.6734912824801058,0.5701456720618769,0.0010000000000000005,0.5995322616153069,0.6503358221685631,0.4428393953457203,0.38454732337955627,0.001385293635017185,0.4121737207743507,0.3800840552122669,-7.168123610223602,-5.327620581230501,2.719362012259489,9.372816501699102,15.01042097953071,20.86862970618357,23.074986578612826,22.069910281573495,17.4306801647412,10.09670270638992,1.8437543133464451,-6.701065869122844,8.607537765672184,2.695854628120772,3.061015316282952,1.9544366336804684,2.053217929761904,1.5046582056149067,1.565714672485852,1.060160297249137,1.4456213304313312,1.836570332287784,1.7158827692518968,3.272901551964113,3.8153228101497563,2.1651130398440293,18.608120544575566,15.834506557156656,44.73350970204967,63.70710834885436,102.30221609305033,127.32552717632849,96.85100069538301,104.16468829516907,91.4400736122153,48.671305881980665,38.14376198022772,26.340855760510696,64.84355622245684,10.138465027347825,12.431881840074531,26.510349973857824,34.3598066355445,40.668490842581086,67.08869300530016,51.60336317886125,51.2279276358799,47.287207105886814,20.492844168716346,27.968291040917865,21.43145573880607,34.26739801708074,-3.1,-0.6333333330000002,3.6555555560000004,12.01111111,16.82222222,22.0,24.42222222,23.98888889,17.46666667,12.93333333,3.011111111,-3.733333333,10.73703704,7.160830957,6.118006210999999,4.950785572,4.198346235,3.355882067,2.032240143,1.794977561,1.755309406,2.530316186,3.863288754,5.553477389,5.844655678,4.09650968,14.83333333,10.56666667,58.188888889999994,71.31111111,86.07777777999999,112.0111111,66.48888889,105.8111111,51.54444444,39.87777778,30.4,22.08888889,55.76666667,13.48601127,8.656211643,47.62770844,46.20893973,32.07903434,60.60471195,36.74375608,71.08629341,34.23145889,19.0076812,21.49581355,36.39795477,35.63546461,2974.6400000000003,2253.66,135000.84000000072,178190.04000000004
Iowa Tribe of Kansas and Nebraska,0.09223038126564184,0.13004154972291693,3.0027696129285943,913018.3439489253,0.13287622297396517,0.225280012498916,3.0072448015408804,607920.5320388732,0.9077696187343581,0.8699584502770831,0.8671237770260348,0.774719987501084,0.7542019948019223,0.645458117326027,0.0009999999999999998,0.7040700169660478,0.7288096849458948,0.6896579535056878,0.5787390560493417,0.0015824584677697382,0.619868236425538,0.6804875154135415,-6.6135005974453405,-4.597331740346774,3.2865989647025096,9.752807646292116,15.25024890344982,21.279540023539425,23.40674033993728,22.39857626305556,17.858263642446236,10.498217840929211,2.1146754280591398,-6.1969334925967745,9.036491935562722,2.774779471086021,2.996878478475807,1.8279083734390678,1.9610733533046594,1.5351662571021505,1.5382470832383515,1.0233703459731185,1.3756211547275983,1.8669748402491038,1.553804452453405,3.4951626914838707,3.866928992798387,2.1513262912141573,16.829788931066307,15.65755675095878,45.130545601209676,65.4171644745699,105.87390482575267,126.93227796129035,97.31707487496416,96.85948824964157,85.26952409238353,46.32525886191757,34.89442453025987,23.893926719453408,63.36674465781362,10.027912347474015,13.453208251087815,27.521127593862005,39.84618623921147,45.499174179166666,69.97909547903224,53.672691455985664,49.88367965058244,44.55818153827956,19.14690853114695,27.474787313046598,21.194509182544802,35.18812181356631,-4.538888889,-2.8277777774999997,5.1333333329999995,11.427777775000001,16.555555555,22.677777775,26.144444444999998,24.805555554999998,19.455555555,12.322222225000003,4.811111111,-3.6111111115000005,11.02962963,4.0175880615,5.851064363,3.2076581809999998,3.1518510090000005,2.5524931720000006,1.74527636,2.1279009915000002,2.0758442574999996,2.8290994605,3.4384425614999996,2.8009377515000002,2.4735940440000004,3.0226458509999996,22.122222225,46.5,61.15555555499999,58.73888888999999,121.80555555000002,122.25555555000001,103.62222225000001,94.122222245,85.894444445,55.172222219999995,48.916666670000005,45.08888889,72.11620371000001,12.272704710000001,44.37224610999999,40.782768004999994,29.515865634999997,69.46719067,42.422479845000005,34.849263335,42.714615585000004,57.396360115,30.069617035,27.322523904999997,58.804075950000005,40.83247591,2520.0,1909.2100000000003,135000.84000000072,178190.04000000004
Sherwood Valley Rancheria of Pomo Indians of California,0.11244130661413365,0.15590087339275904,3.765613019807938,1.8882859677991074e7,0.135,0.19399999999999998,3.5299999999999994,7.022000000000001e6,0.8875586933858663,0.844099126607241,0.865,0.806,0.4237586195093434,0.4136377087903124,0.18871991658075704,0.17923309218660027,0.28615693635808637,0.4572270088750737,0.4369567092524577,0.19619433708823555,0.15342903746594294,0.25973845304020954,8.262171331580154,10.375996605083973,11.497370653129773,13.463613234885498,16.505937235496187,21.03223070175573,22.93715012473283,22.13104325992367,21.534435961679392,16.23333333541985,10.881340116793895,8.278880406748094,15.261125246564887,1.7220093559007636,1.859050790320611,3.3277862389923665,2.9627496467251917,1.7004553050763362,2.767743303839695,2.4029807471297717,2.696622480435115,2.0767599404580155,2.8738789380839695,2.678045570832061,2.4042895901145043,2.456030992358779,144.7827820229008,107.26454625343513,106.01798134076337,42.80025445267176,33.006022048549625,6.791857506419849,12.093893131564887,6.17896522476336,13.703138253083972,29.725954198625956,46.00220526022901,125.58905853816795,56.163054854122144,132.73053410656493,104.7173758908397,111.52165487557254,28.598538569847335,28.262664462137412,11.119085783702293,22.68168789329008,15.388254362503819,16.363426855435115,33.610464389770996,46.99671991679389,131.8405089720611,56.98590967343512,7.122222222,8.45,8.2944444445,10.877777779499999,13.72777778,17.255555559999998,19.5,19.822222225,17.16111111,14.37222222,8.188888889000001,6.738888889,12.625925924999999,1.227555952,1.396909033,1.343935383,1.7144473085,1.9464941755000003,2.4355099295,0.788213113,3.037083282,1.187630172,1.8512952620000003,1.479585152,1.6056297985,1.66785738,228.6388889,159.31666664999997,158.0722222,77.80555555499998,61.08888888999999,20.927777775,8.427777778,5.677777777999999,13.783333334999998,55.444444445,91.53333333,248.02222224999997,94.061574075,159.44487460000002,109.1846194,124.06605650000002,47.848231845,41.211467065,23.392362340000002,15.760815359999999,10.7585777835,14.633546574999999,43.33152185000001,63.431675195,189.72258595,70.232194535,320.0,242.43,135000.84000000072,178190.04000000004
"Hopland Band of Pomo Indians, California",0.11244130661413365,0.15590087339275904,3.765613019807938,1.8882859677991074e7,0.139176003124956,0.20102327798288055,3.604029146306038,6.954424676705258e6,0.8875586933858663,0.844099126607241,0.860823996875044,0.7989767220171194,0.4237586195093434,0.4136377087903124,0.18871991658075704,0.17923309218660027,0.28615693635808637,0.20546862754912884,0.2049310917370144,0.08496860658843013,0.06752913920435577,0.11706725792353782,8.262171331580154,10.375996605083973,11.497370653129773,13.463613234885498,16.505937235496187,21.03223070175573,22.93715012473283,22.13104325992367,21.534435961679392,16.23333333541985,10.881340116793895,8.278880406748094,15.261125246564887,1.7220093559007636,1.859050790320611,3.3277862389923665,2.9627496467251917,1.7004553050763362,2.767743303839695,2.4029807471297717,2.696622480435115,2.0767599404580155,2.8738789380839695,2.678045570832061,2.4042895901145043,2.456030992358779,144.7827820229008,107.26454625343513,106.01798134076337,42.80025445267176,33.006022048549625,6.791857506419849,12.093893131564887,6.17896522476336,13.703138253083972,29.725954198625956,46.00220526022901,125.58905853816795,56.163054854122144,132.73053410656493,104.7173758908397,111.52165487557254,28.598538569847335,28.262664462137412,11.119085783702293,22.68168789329008,15.388254362503819,16.363426855435115,33.610464389770996,46.99671991679389,131.8405089720611,56.98590967343512,8.255555555499999,9.866666668,9.7166666685,12.51111111,15.36666667,18.216666664999998,20.077777775,20.95,18.238888890000002,15.71666667,9.483333333500001,7.827777777499999,13.852314815,1.1018139555000002,1.197663202,1.3041108170000002,2.1796896709999998,2.7246171255,1.8412184544999999,1.1546797095,3.876733482,1.29305583,1.7813535685,1.5207084705,1.6225156775,1.7998466635,249.4388889,160.75,152.46666665,73.8,51.53333333,14.911111110000002,6.500000001499999,6.2222222225,10.872222222,51.583333335,88.57777777499999,241.78333335,92.36990740499999,181.17885415,103.94168645,117.66811895,42.457186265000004,35.136367075,17.07115779,11.792537437499998,12.990271652,13.2080348985,41.061568390000005,58.52862627,174.34111195,67.44796010499999,320.0,242.43,135000.84000000072,178190.04000000004
"Chippewa Cree Indians of the Rocky Boy's Reservation, Montana",0.1492875505375231,0.19571154655937303,3.023450501351903,1.592961263632674e6,0.12343523303737963,0.19176165781541438,3.171088082593449,895369.5948245387,0.8507124494624769,0.8042884534406269,0.8765647669626204,0.8082383421845856,0.36603812072111425,0.34679937834317787,0.0010000000000000091,0.2324631538996444,0.34214957078782515,0.14151827746123552,0.13412407215420588,0.0015780191636411013,0.08569734383908499,0.0507085411479157,-7.17966709706888,-7.347345821442795,-0.6619846766887275,5.832211482023894,12.231437492191356,17.259316366731767,19.975243176868126,19.44586110762754,14.659558130067179,8.08009018287543,2.015456110839083,-5.45768663817666,6.571040818026684,2.6627379477665336,2.9018406751845824,2.563872847227709,1.7974580921218835,1.4036816248589226,2.1262396893796685,1.3238996772656504,1.3273750269935691,1.5730471543163278,1.638042786151362,2.1853828854211725,3.575598314675891,2.0899313935009056,45.135742922707216,32.2332063637663,39.649678880360376,62.876017602289494,75.07230266518548,94.40015045173794,80.28649234494641,87.51809985182449,92.38520004264126,67.88563530186619,71.2045758923746,55.014166417183,66.97177239500297,16.99477401847889,20.158750079050034,23.177804463428032,25.871880193946538,27.181484855497093,45.14878399233575,27.979132364957067,26.94239461859851,32.90134204789551,26.7003900719314,35.75787920766558,21.480752469324862,27.524614032515828,-8.888888889,-4.422222222,-0.544444444,6.955555556000001,11.05555556,16.15555556,20.7,18.7,12.56666667,7.4,-1.822222222,-6.066666667,5.982407409,3.10340315,5.668725115999999,2.245613007,2.762295744,2.148319757,2.357493961,2.063976744,2.404682931,2.054263858,3.081801421,5.548373135,8.905616206,3.528713753,15.1,8.788888889,23.94444444,23.97777778,64.45555556,64.92222222,43.96666667,38.81111111,33.01111111,28.03333333,31.05555556,22.25555556,33.19351852,12.282100800000002,6.181715871,9.699369968,12.341978949999998,62.67190581,49.7332328,32.28432282,22.807095630000003,25.50114921,17.11848416,41.18944377,27.44964076,26.60503671,108554.74000000003,82243.56000000042,135000.84000000072,178190.04000000004
"Minnesota Chippewa Tribe, Minnesota (Mille Lacs Band)",0.14677226879163985,0.18930066283625557,3.0437076266816603,1.7395063059177147e6,0.10608011929540875,0.18022093731619104,3.1389613373660192,1.4406601769316306e6,0.8532277312083602,0.8106993371637444,0.8939198807045913,0.819779062683809,0.36491470750280913,0.34635601361345886,0.0010000000000000106,0.23242306492451012,0.33898267844119045,0.4728271038234141,0.44281592523583635,0.0009999999999999903,0.3082995841851287,0.38709214947998727,-7.572308285814877,-7.599968652343076,-0.7909722696941933,5.753291118580158,12.17094267049503,17.18277857620296,19.907258015754234,19.35252946655399,14.530876441210653,7.942994665140627,1.7227610210556261,-5.832271504410493,6.397325938589712,2.6376449640669013,2.890394328954406,2.533746717356938,1.8404496625376174,1.4255372948206897,2.1215062572806453,1.3087508967686938,1.312764396693733,1.6395320033740237,1.6615422631502212,2.272314828115085,3.621010823314383,2.105432869748228,43.71456675754166,30.794408536779674,39.43305519409087,60.893280023921655,75.0910229962232,94.91390332952,81.64089494623722,88.14264832016862,94.16561946785971,69.15749169701552,70.55067558836751,53.836787839827814,66.86119622510334,16.625718313042423,18.56177380217794,23.162155989589674,25.0358965825775,27.579615244015052,44.84949700687079,27.64938896585914,27.869495441064153,33.94909380871293,27.068784526805747,35.940021635319134,21.515645025310448,27.4839238623,-10.631746031714286,-7.911111111000001,-0.550793650857143,6.898412698428573,13.271428572857143,18.428571428571434,21.00634920428572,20.20952380857143,14.574603175714287,7.742857142857144,0.23968253985714288,-9.100000000000001,6.181481481571429,2.4928860430000004,3.5420395787142867,2.8164420848571434,2.3882921137142863,1.5146486575714289,2.193363104714286,1.0073493322857143,1.9168045961428573,1.7883156291428572,2.2218177551428577,4.304854794571429,4.809327475857144,2.5830117638571433,23.47142857,15.641269840000003,38.12698412428572,45.45396825428572,73.11428571428571,115.66507937142859,104.49047617857144,104.22539681428573,82.59365079428572,77.08095238142857,42.75714285714286,31.598412698571433,62.85158730000001,20.68355160714286,9.571970631285716,22.93396112714286,31.942195935714288,31.144342235714294,41.53918991571429,35.11608613857143,58.96117407000002,44.07962768,36.68889363,30.898817570000002,31.932969151428573,32.95773164285714,123547.88000000003,93602.72000000057,135000.84000000072,178190.04000000004
"Elem Indian Colony of Pomo Indians of the Sulphur Bank Rancheria, California",0.11244130661413365,0.15590087339275904,3.765613019807938,1.8882859677991074e7,0.157,0.231,3.92,6.666e6,0.8875586933858663,0.844099126607241,0.843,0.769,0.4237586195093434,0.4136377087903124,0.18871991658075704,0.17923309218660027,0.28615693635808637,0.27,0.27,0.07,0.03,0.08,8.262171331580154,10.375996605083973,11.497370653129773,13.463613234885498,16.505937235496187,21.03223070175573,22.93715012473283,22.13104325992367,21.534435961679392,16.23333333541985,10.881340116793895,8.278880406748094,15.261125246564887,1.7220093559007636,1.859050790320611,3.3277862389923665,2.9627496467251917,1.7004553050763362,2.767743303839695,2.4029807471297717,2.696622480435115,2.0767599404580155,2.8738789380839695,2.678045570832061,2.4042895901145043,2.456030992358779,144.7827820229008,107.26454625343513,106.01798134076337,42.80025445267176,33.006022048549625,6.791857506419849,12.093893131564887,6.17896522476336,13.703138253083972,29.725954198625956,46.00220526022901,125.58905853816795,56.163054854122144,132.73053410656493,104.7173758908397,111.52165487557254,28.598538569847335,28.262664462137412,11.119085783702293,22.68168789329008,15.388254362503819,16.363426855435115,33.610464389770996,46.99671991679389,131.8405089720611,56.98590967343512,6.800000000000001,7.755555556000001,8.822222222,10.94444444,13.74444444,17.8,20.85555556,20.03333333,18.36666667,14.27777778,8.811111111,6.333333333,12.8787037,1.6725728680000003,2.42234964,2.7976676789999995,2.152969526,2.506048239,2.787023502,2.216478689,2.7106272340000004,3.004579838,2.311264685,1.787767074,1.8398369490000002,2.350765494,226.00000000000003,138.1666667,133.1111111,59.98888889,52.04444444,20.83333333,7.133333333,8.444444444,17.18888889,37.61111111,54.82222222,173.0444444,77.36574074,201.3557052,122.090704,132.7940647,49.32006297,37.54547613,23.88503716,18.62639257,15.45138433,17.72607151,46.66386301,52.09339636,126.1346613,70.30723494,320.0,242.43,135000.84000000072,178190.04000000004
"Upper Sioux Community, Minnesota",0.08785527833276714,0.1287293858357494,3.01505182117626,1.1112186481003438e6,0.09293197285960943,0.14991500287535647,3.1464309408980826,491697.1993300504,0.9121447216672328,0.8712706141642506,0.9070680271403906,0.8500849971246436,0.6734912824801058,0.5701456720618769,0.0010000000000000005,0.5995322616153069,0.6503358221685631,0.7237496003414035,0.5006192006338247,0.0010000000000000002,0.6941590104844781,0.59679983404596,-7.168123610223602,-5.327620581230501,2.719362012259489,9.372816501699102,15.01042097953071,20.86862970618357,23.074986578612826,22.069910281573495,17.4306801647412,10.09670270638992,1.8437543133464451,-6.701065869122844,8.607537765672184,2.695854628120772,3.061015316282952,1.9544366336804684,2.053217929761904,1.5046582056149067,1.565714672485852,1.060160297249137,1.4456213304313312,1.836570332287784,1.7158827692518968,3.272901551964113,3.8153228101497563,2.1651130398440293,18.608120544575566,15.834506557156656,44.73350970204967,63.70710834885436,102.30221609305033,127.32552717632849,96.85100069538301,104.16468829516907,91.4400736122153,48.671305881980665,38.14376198022772,26.340855760510696,64.84355622245684,10.138465027347825,12.431881840074531,26.510349973857824,34.3598066355445,40.668490842581086,67.08869300530016,51.60336317886125,51.2279276358799,47.287207105886814,20.492844168716346,27.968291040917865,21.43145573880607,34.26739801708074,-9.8833333335,-7.9611111115,0.638888889,8.088888889,14.327777780000002,20.122222225,22.005555554999997,21.094444445,16.577777779999998,8.4555555555,0.044444444499999985,-8.1833333335,7.1106481485,2.7815319119999997,3.0524398099999996,2.131717749,2.8221770090000002,2.0419697329999997,1.5480067585000001,0.9925782135000001,1.4016155345,1.8194232639999997,2.3399014155,3.256786348,5.353988428,2.4618446809999996,24.61111111,14.394444445000001,36.966666665,66.761111115,98.13333333,106.55555555000001,102.03333335,89.33888888999999,86.138888885,56.68333333500001,40.866666665,28.54444444,62.58564814500001,27.76609312,9.667324171499999,25.058937119999996,37.89240455,24.860249924999998,44.735392315,37.040107185,38.596214925000005,65.10211534,26.647706859999996,38.188397315,21.505453499999998,33.088366359999995,2974.6400000000003,2253.66,135000.84000000072,178190.04000000004
"Minnesota Chippewa Tribe, Minnesota (Grand Portage Band)",0.1492875505375231,0.19571154655937303,3.023450501351903,1.592961263632674e6,0.09899999999999999,0.163,3.13,281000.0,0.8507124494624769,0.8042884534406269,0.901,0.837,0.36603812072111425,0.34679937834317787,0.0010000000000000091,0.2324631538996444,0.34214957078782515,0.3905850151767989,0.364027608883356,0.0009999999999999998,0.27336276216126054,0.3200784671543709,-7.17966709706888,-7.347345821442795,-0.6619846766887275,5.832211482023894,12.231437492191356,17.259316366731767,19.975243176868126,19.44586110762754,14.659558130067179,8.08009018287543,2.015456110839083,-5.45768663817666,6.571040818026684,2.6627379477665336,2.9018406751845824,2.563872847227709,1.7974580921218835,1.4036816248589226,2.1262396893796685,1.3238996772656504,1.3273750269935691,1.5730471543163278,1.638042786151362,2.1853828854211725,3.575598314675891,2.0899313935009056,45.135742922707216,32.2332063637663,39.649678880360376,62.876017602289494,75.07230266518548,94.40015045173794,80.28649234494641,87.51809985182449,92.38520004264126,67.88563530186619,71.2045758923746,55.014166417183,66.97177239500297,16.99477401847889,20.158750079050034,23.177804463428032,25.871880193946538,27.181484855497093,45.14878399233575,27.979132364957067,26.94239461859851,32.90134204789551,26.7003900719314,35.75787920766558,21.480752469324862,27.524614032515828,-11.955555560000002,-10.133333333500001,-2.1777777775,4.433333333,10.75,16.08888889,18.794444445,18.07777778,13.01111111,5.988888888499999,-1.8944444444999997,-9.199999998500001,4.3152777775,2.526196929,2.3572405825,3.6804762335,2.1913991009999996,1.433333723,3.541258788,1.852747215,1.6419500509999998,3.5356690009999996,1.7288037445,3.9378277329999998,7.6688108249999996,3.0079761605,34.96666667,19.3,26.25,39.366666665,74.07222222,103.25,114.3777778,83.12777777999999,103.483333345,67.82777778,51.58888889,36.85,62.871759265,15.480685339999999,8.363933929,15.785697895000002,16.519890569999998,25.323755140000003,39.1295641,24.757296805,33.512640705,48.671542835,26.747764395,23.83108262,11.321904508,24.120479905,108554.74000000003,82243.56000000042,135000.84000000072,178190.04000000004
Lac Courte Oreilles Band of Lake Superior Chippewa Indians of Wisconsin,0.14743471910426809,0.18958275452241144,3.0441474614587634,1.7303470519992383e6,0.11600000000000002,0.224,3.0,965000.0,0.8525652808957319,0.8104172454775885,0.884,0.776,0.36430056999193045,0.34585790590199905,0.0010000000000000102,0.2314816902298657,0.3385385287943713,0.433424743723885,0.4041571227320506,0.0009999999999999979,0.24998240144653047,0.4100168293558134,-7.5166733162802,-7.5657835444064165,-0.7875761552914049,5.742953236176171,12.15932993010393,17.17218916826752,19.896413737827736,19.350600665547944,14.532384873380694,7.951388382884653,1.7629769042926895,-5.768212805046632,6.410832589815464,2.6390596458811553,2.8892959480243103,2.5317547099136184,1.8324418541825527,1.4217037847861753,2.125666416784875,1.3192749214755726,1.3135655966110653,1.6383785286191674,1.6574035457450351,2.258997979127956,3.6105566581326873,2.103174965819344,44.044849771373755,31.010705205967522,39.456747249660545,61.19903380856551,75.03867061428934,94.81664305830364,81.18011510279514,88.01906094395119,94.36960899511264,69.06810352242042,70.87250352224362,54.20714881865027,66.94026588474514,16.667104020286786,18.718973398993345,23.24663551214874,25.125628751868067,27.410477653042136,44.88176037351143,27.347638571046602,27.78184566061624,33.90278182298872,27.04920766824919,36.02531860593929,21.47556212629752,27.469411180932774,-10.3,-7.033333333,-1.133333333,6.2,12.45555556,17.86666667,20.78888889,19.85555556,14.08888889,7.500000000000001,-0.377777778,-8.822222222,5.924074075,2.103568397,5.147329405,2.6,2.202271555,1.354724244,1.639359631,1.115173131,1.632567848,1.543894786,2.094039159,2.699434097,4.617569106,2.395827613,26.5,13.744444439999999,32.27777778,53.1,74.7,112.7333333,88.67777778,111.9666667,111.8444444,77.68888889,46.13333333,36.18888889,65.46296296,20.86953521,7.584871639,16.71143155,24.71360961,17.28351816,40.91112318,43.91178025,53.23523269,60.227238670000006,30.40425317,28.792967890000003,36.33739274,31.74857956,121812.21000000004,92287.74000000056,135000.84000000072,178190.04000000004
The Osage Nation,0.14804707944339074,0.20337930348844233,2.953839666450635,2.0402256464877503e6,0.153990103548466,0.24696571776974643,3.209845170750867,3.9591201444893256e6,0.8519529205566092,0.7966206965115576,0.846009896451534,0.7530342822302536,0.47654507350600805,0.38408089944252477,0.3635665676163382,0.3679402926918692,0.4644403458020003,0.3774161207951463,0.32127760835418484,0.24933042781695985,0.30693447301074434,0.3320218767087474,0.3231024846183401,1.9453841244989099,8.462857331600516,13.731665235860554,18.204075614493956,23.892143658710612,26.616190225208957,26.09323958551593,21.652206158051087,14.732030546240832,8.12469575927589,0.7670253735886312,13.712051340992273,3.001782831515151,3.5279162413773006,1.5865350666595368,1.5869372169025544,1.4228373541746875,1.5723088704412747,1.575056052812437,2.10830367641513,1.613873225480293,1.5681811049974246,2.325262194260447,3.117299438574765,2.083857772762526,62.38232653374128,58.018456899209724,94.03384607964742,80.22504566317879,154.97856122384624,129.9916441105644,97.65769019221626,95.55795426779163,91.50032790035453,65.75228978304216,82.23594991182605,61.300838450247554,89.46957758590806,40.10877857706672,33.24217462375123,49.730050394668226,36.93405392579717,84.23916679010296,55.129156539966324,56.8058063812616,58.09537092435729,58.94460704737374,41.62813503618536,57.06005978596551,56.13695809995839,52.33785984413743,1.4092592591666666,2.075925926,8.4555555555,14.522222220000002,19.201851851666667,24.711111111666668,27.312962961666667,27.420370370000004,22.137037038333336,15.635185185000003,8.820370370500003,1.4537037038333334,14.429629630000003,3.7672595333333336,7.605372761833335,4.6927797015,2.9705829261666676,2.479407805666667,2.7016308311666672,2.693006349166667,3.0918469880000004,4.412115398333334,3.165708149833334,2.8488077898333337,3.1960892591666674,3.6353839580000002,40.44444444666667,53.729629630000005,87.29074074166668,87.11481481666668,125.16111110333334,164.7740740666667,89.54814815000002,76.75555555500003,94.00370370166667,71.21481481333333,49.259259258333344,32.60000000000001,80.99135802500003,23.84216639666667,43.871019423333344,54.07718270000001,50.08989102666667,57.997781266666664,69.31045785333333,55.72927590333335,51.15760299500001,53.66359429166667,49.298250886666665,39.52556642333334,22.642688366666672,47.600456461666674,8018.64,6075.120000000002,135000.84000000072,178190.04000000004
"Pinoleville Pomo Nation, California",0.11244130661413365,0.15590087339275904,3.765613019807938,1.8882859677991074e7,0.135,0.194,3.53,7.022e6,0.8875586933858663,0.844099126607241,0.865,0.806,0.4237586195093434,0.4136377087903124,0.18871991658075704,0.17923309218660027,0.28615693635808637,0.5570193653720185,0.5386274236495568,0.39235593272391,0.40992930574618125,0.4613209420304323,8.262171331580154,10.375996605083973,11.497370653129773,13.463613234885498,16.505937235496187,21.03223070175573,22.93715012473283,22.13104325992367,21.534435961679392,16.23333333541985,10.881340116793895,8.278880406748094,15.261125246564887,1.7220093559007636,1.859050790320611,3.3277862389923665,2.9627496467251917,1.7004553050763362,2.767743303839695,2.4029807471297717,2.696622480435115,2.0767599404580155,2.8738789380839695,2.678045570832061,2.4042895901145043,2.456030992358779,144.7827820229008,107.26454625343513,106.01798134076337,42.80025445267176,33.006022048549625,6.791857506419849,12.093893131564887,6.17896522476336,13.703138253083972,29.725954198625956,46.00220526022901,125.58905853816795,56.163054854122144,132.73053410656493,104.7173758908397,111.52165487557254,28.598538569847335,28.262664462137412,11.119085783702293,22.68168789329008,15.388254362503819,16.363426855435115,33.610464389770996,46.99671991679389,131.8405089720611,56.98590967343512,7.544444444000001,7.911111111,8.888888889,10.55555556,13.288888890000003,18.07777778,19.96666667,19.34444444,17.72222222,13.84444444,8.866666667,7.2,12.767592589999998,1.170588646,4.060924908,1.287870766,2.114894271,1.8956822279999999,3.078464625,0.8746427839999998,0.585472269,1.210142324,2.374400509,1.670329309,1.679285562,1.833558183,227.68888890000002,151.1666667,153.1,72.73333333,56.22222222,18.84444444,5.444444444,7.888888889,13.62222222,53.57777778,85.13333333,238.68888890000002,90.34259260000002,167.3344663,103.5033937,133.0740771,41.33566862,37.25958862,21.35884542,11.12251221,18.94369581,16.7195079,42.01832272,60.31944131,183.7245795,69.72617493,320.0,242.43,135000.84000000072,178190.04000000004
Lac Vieux Desert Band of Lake Superior Chippewa Indians of Michigan,0.14668359525654814,0.1887565671085333,3.0472340123886714,1.7526921699830338e6,0.146,0.187,3.04,1.158e6,0.8533164047434518,0.8112434328914667,0.854,0.813,0.36256823779998193,0.3442810171423526,0.0010661742537066178,0.23040367689784835,0.33560547790572837,0.36173648310414613,0.3509983366945477,0.001,0.20119831853441528,0.3241413337593596,-7.485322015914584,-7.508426423163366,-0.7632839713544829,5.746510630286116,12.140660791014561,17.156599993229474,19.890230375131203,19.340077179118566,14.525659255858637,7.950269116964538,1.7391286442335958,-5.752987170435114,6.414926367109317,2.6415662631709718,2.883567972931833,2.531236851209966,1.8299350514394697,1.4267853215380888,2.1191139579166953,1.3296205835831163,1.3250906517958592,1.6492745063381333,1.6619388912010662,2.2742323737186823,3.5999459623427805,2.106025698977476,44.07492225868773,30.859834925858074,39.45890240626678,61.00375448341099,75.08329243706376,94.49810617303216,80.67803993580704,87.5002732147213,93.80812765974476,68.77111972832891,70.4620050219538,53.82841334435159,66.6688992994024,17.320384769589065,18.647137355670203,23.204745685401665,25.066390071518818,27.46739144690162,44.81391418067231,27.32416454126611,27.745709890843994,33.83104521757448,26.998020856814826,35.8141066095397,21.373792167986057,27.467233566655178,-11.14444444,-10.5,-2.422222222,4.377777778,10.8,16.23333333,18.71111111,17.85555556,12.68888889,5.833333333,-1.8555555559999999,-9.611111111,4.247222223,1.753646993,2.060339778,2.731655989,2.358907468,1.54677083,2.675350444,1.9464354889999997,1.64629213,2.916095182,2.034084561,3.143290915,4.76509298,2.46483023,44.17777778,17.97777778,35.0,56.53333333,74.86666667,105.2777778,117.9333333,99.26666667,122.50000000000001,86.87777778,58.42222222,36.76666667,71.3,63.540730589999995,5.733406007,22.605475,40.00181246,40.31169185,34.67213499,34.28593006,41.16132894,59.14207470000001,40.60359522,33.14195897,20.65623393,36.32136439,123131.53000000003,93287.24000000057,135000.84000000072,178190.04000000004
Omaha Tribe of Nebraska,0.10446378865516404,0.15078498534040355,3.0003995506237735,709517.7001199973,0.1621764635154987,0.23459119199236078,2.9437797583017415,601305.687492065,0.895536211344836,0.8492150146595965,0.8378235364845013,0.7654088080076392,0.7020704936819471,0.5721915069879916,0.0014561268597811908,0.6600244150202458,0.640930091320447,0.6884328089990006,0.5696985934835094,0.00102286139486395,0.664994943365482,0.6478236030163257,-6.101799570789006,-4.091442408177314,3.6597215343105494,10.152935997554234,15.514055362912332,21.649573495205548,23.831583290450713,22.809911396607237,18.28809091549777,10.845137857110947,2.4595674425364042,-5.695828517947995,9.443458899476472,2.7733301294487362,3.05738177211045,1.6994787467969292,1.8029725659920746,1.5156299515497773,1.478503526994552,0.9918297567885095,1.3899717354284298,1.7605744881000496,1.4562235199915796,3.4017538998098065,3.662426091585934,2.0825063488732045,16.716768478202084,15.56197787717682,43.79425458199604,63.053943096483415,104.74449397862304,125.99581749866272,85.29636233744924,87.3601232716741,76.37684222015353,43.79467833366022,34.9432447296533,23.60638929998019,60.10374130904408,9.470138164257552,13.066272104296187,23.0485291937791,37.568263289356125,45.94595911883605,74.0123536539772,45.218060868925186,48.71883055092126,47.96204535101536,19.691900302005937,25.36646282361565,23.645572982005945,34.47619903474988,-5.6444444444999995,-2.4000000000000004,3.1722222220000003,10.572222219999999,15.772222225,21.744444445000003,24.633333335,23.172222225000002,17.47777778,10.93888889,3.4944444445,-6.022222222000001,9.742592593000001,3.0516993995,6.291955315000001,2.5412841945,1.6395577175,1.391675904,2.358326615,1.8952790655,2.4226934815,2.3872151914999997,1.4416619055000002,6.405018934,3.2511028670000006,2.923122549,20.816666670000004,32.66111111,47.72222222,75.56111111499999,109.50555555,123.1,85.58888888999999,79.05,75.32777778,56.40555555499999,37.62777778,44.59444444499999,65.66342592500001,18.451979635,53.61136694500001,30.451534700000003,36.613876770000005,45.9514389,62.450629815,60.91731861499999,43.23647978,40.72742219,32.32539399499999,25.972441139999997,58.538697799999994,42.43738169,4439.49,3363.459999999998,135000.84000000072,178190.04000000004
Sac & Fox Nation of Missouri in Kansas and Nebraska,0.09223038126564184,0.13004154972291693,3.0027696129285943,913018.3439489253,0.13167106274607682,0.22301318823823046,3.039802176426543,580895.2627959948,0.9077696187343581,0.8699584502770831,0.8683289372539231,0.7769868117617695,0.7542019948019223,0.645458117326027,0.0009999999999999998,0.7040700169660478,0.7288096849458948,0.8298846391248865,0.6540761934383941,0.0010000000000000002,0.7247162502712391,0.8123573376512782,-6.6135005974453405,-4.597331740346774,3.2865989647025096,9.752807646292116,15.25024890344982,21.279540023539425,23.40674033993728,22.39857626305556,17.858263642446236,10.498217840929211,2.1146754280591398,-6.1969334925967745,9.036491935562722,2.774779471086021,2.996878478475807,1.8279083734390678,1.9610733533046594,1.5351662571021505,1.5382470832383515,1.0233703459731185,1.3756211547275983,1.8669748402491038,1.553804452453405,3.4951626914838707,3.866928992798387,2.1513262912141573,16.829788931066307,15.65755675095878,45.130545601209676,65.4171644745699,105.87390482575267,126.93227796129035,97.31707487496416,96.85948824964157,85.26952409238353,46.32525886191757,34.89442453025987,23.893926719453408,63.36674465781362,10.027912347474015,13.453208251087815,27.521127593862005,39.84618623921147,45.499174179166666,69.97909547903224,53.672691455985664,49.88367965058244,44.55818153827956,19.14690853114695,27.474787313046598,21.194509182544802,35.18812181356631,-0.9638888887499999,0.6249999997500001,6.3722222222500005,13.719444444999999,18.42222222,23.547222222499997,26.3888888875,25.6361111125,19.541666667500003,14.702777777500001,7.12777777775,-2.3250000002499998,12.7328703725,5.15182658425,5.5537162085,3.9037220907499997,2.69708137225,2.1826643832499997,1.9759749305,1.57894661825,1.80047743025,2.878694075,2.39203343475,4.830711392,4.1656058955,3.25928786825,27.633333335000003,43.1527777775,74.3833333325,73.6361111125,105.130555555,130.44444445,104.88333334999999,95.8555555525,85.11944443499999,66.59166666750001,39.75000000000001,39.5499999975,73.84421296500001,18.670806925,49.0123165575,48.885856365,38.507558495,68.42168179500001,40.113190825000004,32.9584095075,42.7401597125,56.68374790749999,47.69232249,19.1471670875,41.242267192499995,42.006290405,2520.0,1909.2100000000003,135000.84000000072,178190.04000000004
St. Croix Chippewa Indians of Wisconsin,0.1492875505375231,0.19571154655937303,3.023450501351903,1.592961263632674e6,0.09700517515022355,0.18360633140488966,3.1851943387309163,1.5154593112462228e6,0.8507124494624769,0.8042884534406269,0.9029948248497764,0.8163936685951103,0.36603812072111425,0.34679937834317787,0.0010000000000000091,0.2324631538996444,0.34214957078782515,0.3440545666797694,0.3200673585177242,0.0010000000000000002,0.20776229812067723,0.31170878076418945,-7.17966709706888,-7.347345821442795,-0.6619846766887275,5.832211482023894,12.231437492191356,17.259316366731767,19.975243176868126,19.44586110762754,14.659558130067179,8.08009018287543,2.015456110839083,-5.45768663817666,6.571040818026684,2.6627379477665336,2.9018406751845824,2.563872847227709,1.7974580921218835,1.4036816248589226,2.1262396893796685,1.3238996772656504,1.3273750269935691,1.5730471543163278,1.638042786151362,2.1853828854211725,3.575598314675891,2.0899313935009056,45.135742922707216,32.2332063637663,39.649678880360376,62.876017602289494,75.07230266518548,94.40015045173794,80.28649234494641,87.51809985182449,92.38520004264126,67.88563530186619,71.2045758923746,55.014166417183,66.97177239500297,16.99477401847889,20.158750079050034,23.177804463428032,25.871880193946538,27.181484855497093,45.14878399233575,27.979132364957067,26.94239461859851,32.90134204789551,26.7003900719314,35.75787920766558,21.480752469324862,27.524614032515828,-9.094444444499999,-6.699999999999999,1.2388888889999998,7.4277777775,13.644444445000001,19.272222225,21.105555555,20.816666665,16.55,8.5555555555,1.0055555555,-6.8944444444999995,7.2439814815,3.164906537,3.1752477585,4.0846758560000005,2.4033727415,1.581793228,2.9028246530000006,1.061957149,2.085062937,3.053257678,1.9790695105000002,3.960436876,8.1078117465,3.1300347225,18.377777775,14.416666665,39.23888889,56.183333335,76.94444444499999,124.9055556,98.62222220000001,122.27222219999999,102.84999998500001,73.177777775,45.78333333,27.011111110000005,66.64861110999999,11.1766149325,8.103534686,20.138685985,36.50125045,23.40675805,40.858084625,50.568267580000004,54.832772545000005,60.219771665,39.2135952,37.300312045,17.5214606925,33.32009237,108554.74000000003,82243.56000000042,135000.84000000072,178190.04000000004
"Shingle Springs Band of Miwok Indians, Shingle Springs Rancheria (Verona Tract), California",0.14101707762253746,0.21204411248382488,3.2664345194144677,2.7700059528722666e7,0.091,0.134,4.47,1.2877e7,0.8589829223774625,0.7879558875161752,0.909,0.866,0.18375767857458214,0.18257371801270683,0.08259005343136706,0.07973497441472656,0.038762418934667496,0.20387329374686058,0.20387329374686058,0.05484589402902934,0.09477740470121128,0.13468151565556197,5.842757655308024,6.174425196839052,7.80936832946519,10.882701663061413,14.892636920566916,19.44881539695118,21.683191602538564,19.762015748667707,17.038911635524396,12.88396500405605,6.8231076109732225,4.572657917773854,12.317879556812583,3.622338676479051,3.3738294647218887,2.2322104080245655,3.044169129795903,3.451506200205353,3.617145013958735,2.984393718483777,2.1256070944913383,3.6361209678787385,2.598959449833385,3.8740978626047204,2.9484225769073995,3.1257333802938563,127.34584777313383,129.1007209057353,97.1187576504629,56.377742781505454,67.21749781157153,56.84600174983553,18.672010497489758,20.769189852054783,45.72549431316218,80.40452143039049,140.5195625697038,95.11988451407865,77.93476932491963,102.008426980737,97.05261610679364,73.59968669616373,43.87367323457635,51.51443031127242,44.40417182901946,15.753724271765646,23.5751511972217,34.543150398227375,72.14464740320626,124.00762917948968,96.87140202568808,64.94572580222672,6.1,7.433333332999999,9.3,11.66666667,15.088888889999998,20.52222222,24.98888889,23.01111111,20.65555556,13.88888889,8.133333333,5.6,13.86574074,1.308625233,2.926602125,1.8947295320000002,1.793739111,1.9029217299999999,1.996733444,2.361908362,1.695910113,1.880898131,3.021772842,3.61835598,3.560196624,2.330199436,206.5,142.9111111,128.6888889,63.88888889,57.16666667,13.37777778,11.5,12.11111111,10.64444444,47.11111111,71.28888889,152.7,76.49074074,157.8440528,132.1674454,119.97364760000002,53.05844524,38.03064554,14.24182026,17.63767275,26.16789275,15.48104576,58.94156947,71.24555152,147.7286617,71.04320423,7666.5,5808.280000000001,135000.84000000072,178190.04000000004
"Minnesota Chippewa Tribe, Minnesota (Bois Forte Band (Nett Lake))",0.1492875505375231,0.19571154655937303,3.023450501351903,1.592961263632674e6,0.12190811994435309,0.2112608843887198,3.0200566401158047,2.872892703672036e6,0.8507124494624769,0.8042884534406269,0.8780918800556469,0.7887391156112802,0.36603812072111425,0.34679937834317787,0.0010000000000000091,0.2324631538996444,0.34214957078782515,0.3459309517446793,0.31887426797732443,0.0010000000000000078,0.2915181991234117,0.30531073504780154,-7.17966709706888,-7.347345821442795,-0.6619846766887275,5.832211482023894,12.231437492191356,17.259316366731767,19.975243176868126,19.44586110762754,14.659558130067179,8.08009018287543,2.015456110839083,-5.45768663817666,6.571040818026684,2.6627379477665336,2.9018406751845824,2.563872847227709,1.7974580921218835,1.4036816248589226,2.1262396893796685,1.3238996772656504,1.3273750269935691,1.5730471543163278,1.638042786151362,2.1853828854211725,3.575598314675891,2.0899313935009056,45.135742922707216,32.2332063637663,39.649678880360376,62.876017602289494,75.07230266518548,94.40015045173794,80.28649234494641,87.51809985182449,92.38520004264126,67.88563530186619,71.2045758923746,55.014166417183,66.97177239500297,16.99477401847889,20.158750079050034,23.177804463428032,25.871880193946538,27.181484855497093,45.14878399233575,27.979132364957067,26.94239461859851,32.90134204789551,26.7003900719314,35.75787920766558,21.480752469324862,27.524614032515828,-12.48611111,-9.338888888500001,-0.41111111100000003,5.341666666499999,11.830555555,17.3,19.66388889,19.1500000025,14.677777779999998,6.436111111000001,-1.1027777777499999,-10.841666664999998,5.0182870377499995,2.4816605545000003,5.1738276155000005,6.106285776,2.26622421275,1.4380910552500001,3.5374053002499997,1.3974814435,2.9627175397500003,4.765850246,1.8957937685000001,6.11268450675,5.553970123499999,3.6409993455,27.891666665000002,15.397222220000002,30.11111111,42.322222222499995,77.09166666499999,102.19444443999998,96.152777775,92.5972222225,80.305555555,68.3388888875,58.1500000025,33.724999999999994,60.356481484999996,14.012159462500001,5.52637682225,12.4614267095,26.0333065475,44.926880839999995,30.708381314999997,55.816890234999995,39.231464772500004,34.25213603,26.805599152499997,36.15748784,21.977977195,28.9925072425,108554.74000000003,82243.56000000042,135000.84000000072,178190.04000000004
"Cheyenne River Sioux Tribe of the Cheyenne River Reservation, South Dakota",0.07259867760803586,0.1241536853735952,3.057881612869756,1.8023710507643074e6,0.19710670519442608,0.2962190947888648,3.1989131301886653,468842.49680930603,0.9274013223919642,0.8758463146264048,0.8028932948055739,0.7037809052111352,0.3887386100995715,0.3044384389628719,0.0009999999999999992,0.23071622289550314,0.37347490129389316,0.22395473944512917,0.22183078322109737,0.002095338337502559,0.17034545214190638,0.07480030908239998,-9.02686019358859,-7.775075075003003,0.8183516851531533,8.099332665765766,14.206673342612612,19.491524858828832,21.96316316228228,20.968435100390394,15.997697698918923,8.751084417663664,0.9358024694444446,-8.390590590453453,7.169961628741743,2.431349748993994,3.275960394339339,2.378477289624625,2.3620267805915915,1.402415006036036,1.6577682148288289,1.1834563501741742,1.6802165138708713,1.7346741434444441,2.259064155279279,2.528026381681682,3.642372360192192,2.2113172784954958,24.567934600660664,16.42752752927928,43.402902904864874,57.97610944105105,90.33223223210211,128.64344346456454,95.28902236381383,128.64698033963964,112.11975308408411,56.533733733003004,49.03343343417418,34.54137470891892,69.79287065531531,10.508965900438438,9.009058192354354,23.122879031141146,15.973020936768767,24.479173714564567,57.401938769009014,44.66831706093093,55.732974937957955,56.43313062975977,25.00354738651652,29.62219542621622,22.225546900330333,31.181729077507512,-6.7400000001,-2.038888889,1.7933333335,9.637777778199998,14.094444443999999,19.519999998,23.134444445,22.245555556999996,16.316666667,10.9411111113,1.5544444444000003,-4.4422222223,8.8347222216,2.9314981244999996,6.1170497525,2.2189424577,3.9769002231999995,2.7458018552000003,2.1146824118000005,2.4211106135000002,2.1105716522,2.2554338988,3.638960430899999,5.981045642299999,6.89713272,3.617427482,9.903333333,11.7088888881,21.460000001,38.70555555599999,83.37555555599998,89.96000000200002,63.246666666,44.744444445,37.133333333,36.389999999000004,23.867777778,15.944444444199998,39.70333333300001,6.8555150525,8.6967324775,13.5122069913,22.40307133,53.377695998,42.447562938000004,33.882611552,32.610438759000004,35.139738763000004,24.733658809,32.688811031,15.335741634500001,26.806982111999996,454.64,344.45,135000.84000000072,178190.04000000004
"Bad River Band of the Lake Superior Tribe of Chippewa Indians of the Bad River Reservation, Wisconsin",0.14743471910426809,0.18958275452241144,3.0441474614587634,1.7303470519992383e6,0.11733307393570981,0.19590405782549802,3.3171450805510583,996785.4358320393,0.8525652808957319,0.8104172454775885,0.8826669260642902,0.804095942174502,0.36430056999193045,0.34585790590199905,0.0010000000000000102,0.2314816902298657,0.3385385287943713,0.4340199203515163,0.4095993224489371,0.0010000000000000007,0.3480406513461276,0.38155870838708394,-7.5166733162802,-7.5657835444064165,-0.7875761552914049,5.742953236176171,12.15932993010393,17.17218916826752,19.896413737827736,19.350600665547944,14.532384873380694,7.951388382884653,1.7629769042926895,-5.768212805046632,6.410832589815464,2.6390596458811553,2.8892959480243103,2.5317547099136184,1.8324418541825527,1.4217037847861753,2.125666416784875,1.3192749214755726,1.3135655966110653,1.6383785286191674,1.6574035457450351,2.258997979127956,3.6105566581326873,2.103174965819344,44.044849771373755,31.010705205967522,39.456747249660545,61.19903380856551,75.03867061428934,94.81664305830364,81.18011510279514,88.01906094395119,94.36960899511264,69.06810352242042,70.87250352224362,54.20714881865027,66.94026588474514,16.667104020286786,18.718973398993345,23.24663551214874,25.125628751868067,27.410477653042136,44.88176037351143,27.347638571046602,27.78184566061624,33.90278182298872,27.04920766824919,36.02531860593929,21.47556212629752,27.469411180932774,-10.111111111333333,-7.777777777666667,-0.2148148146666667,5.725925926,11.89629629333333,17.496296296666664,19.881481479999998,19.674074076666663,15.114814816666668,7.2333333333333325,0.20740740733333332,-6.3999999999999995,6.060493827333333,2.044218238,3.35303555,4.359817924666666,2.080701853333333,1.4620711936666668,3.0577764046666664,1.154680837,2.0986090326666664,3.851867217666667,1.866184913,4.113275782666666,10.188971990999999,3.302600911666667,24.485185186666662,15.562962966666666,30.607407406666663,54.111111109999996,70.91481481666666,102.36666666666666,97.87777777333334,108.15555555666667,118.33333336666668,75.18888888666665,51.922222223333335,35.714814813333334,65.43672839666667,12.024945739333333,7.162015587666667,21.84585987666667,32.088623676666664,30.589575236666665,30.049565219999998,37.333040553333326,46.909630013333334,66.20566041666666,41.20464626333333,42.59105778666666,22.51937754,32.54366649333333,121812.21000000004,92287.74000000056,135000.84000000072,178190.04000000004
"Minnesota Chippewa Tribe, Minnesota (Fond du Lac Band)",0.1492875505375231,0.19571154655937303,3.023450501351903,1.592961263632674e6,0.09706864746028158,0.15960786132752874,3.2177449707072987,6.0771835199553715e6,0.8507124494624769,0.8042884534406269,0.9029313525397185,0.8403921386724713,0.36603812072111425,0.34679937834317787,0.0010000000000000091,0.2324631538996444,0.34214957078782515,0.3531916414012067,0.34192197897938076,0.0009999999999999979,0.2125168626753289,0.28162577258558613,-7.17966709706888,-7.347345821442795,-0.6619846766887275,5.832211482023894,12.231437492191356,17.259316366731767,19.975243176868126,19.44586110762754,14.659558130067179,8.08009018287543,2.015456110839083,-5.45768663817666,6.571040818026684,2.6627379477665336,2.9018406751845824,2.563872847227709,1.7974580921218835,1.4036816248589226,2.1262396893796685,1.3238996772656504,1.3273750269935691,1.5730471543163278,1.638042786151362,2.1853828854211725,3.575598314675891,2.0899313935009056,45.135742922707216,32.2332063637663,39.649678880360376,62.876017602289494,75.07230266518548,94.40015045173794,80.28649234494641,87.51809985182449,92.38520004264126,67.88563530186619,71.2045758923746,55.014166417183,66.97177239500297,16.99477401847889,20.158750079050034,23.177804463428032,25.871880193946538,27.181484855497093,45.14878399233575,27.979132364957067,26.94239461859851,32.90134204789551,26.7003900719314,35.75787920766558,21.480752469324862,27.524614032515828,-10.56666667,-5.661111110999999,-1.3333333334999997,5.6,12.083333335,17.944444445,20.183333335,20.22222222,13.811111110000002,7.066666666500001,1.9277777779999998,-9.1611111115,6.009722222000001,2.3154000485000004,9.271834327999999,3.0027513874999996,2.4058427475,1.3846649274999998,4.2145575375,1.51945652,3.5708645695,1.5242157655000002,2.08349233,9.575960722,4.842509984,3.8092959055000004,29.433333335000004,15.244444445000001,35.83888889,45.23888889,75.16666667000001,99.98333335,92.01666667,102.96111109999998,103.01666668,77.65555555499999,44.444444445,30.466666665,62.622222225,24.374781640000002,7.3772511430000005,20.11278119,35.078878419999995,27.662082050000002,39.15386468,31.96031138,52.140727905,52.284136685,32.315569409999995,30.340615755,21.965546215499995,31.23054554,108554.74000000003,82243.56000000042,135000.84000000072,178190.04000000004
"Assiniboine and Sioux Tribes of the Fort Peck Indian Reservation, Montana",0.07259867760803586,0.1241536853735952,3.057881612869756,1.8023710507643074e6,0.12038010896521915,0.18691685474746025,3.6456561698830257,716284.2290265224,0.9274013223919642,0.8758463146264048,0.8796198910347809,0.8130831452525398,0.3887386100995715,0.3044384389628719,0.0009999999999999992,0.23071622289550314,0.37347490129389316,0.16566196365638372,0.16502086521633297,0.002532550260128256,0.11131054973845726,0.026499784783389973,-9.02686019358859,-7.775075075003003,0.8183516851531533,8.099332665765766,14.206673342612612,19.491524858828832,21.96316316228228,20.968435100390394,15.997697698918923,8.751084417663664,0.9358024694444446,-8.390590590453453,7.169961628741743,2.431349748993994,3.275960394339339,2.378477289624625,2.3620267805915915,1.402415006036036,1.6577682148288289,1.1834563501741742,1.6802165138708713,1.7346741434444441,2.259064155279279,2.528026381681682,3.642372360192192,2.2113172784954958,24.567934600660664,16.42752752927928,43.402902904864874,57.97610944105105,90.33223223210211,128.64344346456454,95.28902236381383,128.64698033963964,112.11975308408411,56.533733733003004,49.03343343417418,34.54137470891892,69.79287065531531,10.508965900438438,9.009058192354354,23.122879031141146,15.973020936768767,24.479173714564567,57.401938769009014,44.66831706093093,55.732974937957955,56.43313062975977,25.00354738651652,29.62219542621622,22.225546900330333,31.181729077507512,-10.545555555499998,-6.2466666666999995,-0.08999999999999998,7.692222222599999,12.39,17.221111111,21.040000001,19.238888886999998,13.676666665999997,8.5066666666,-1.6788888889,-7.954444443999999,6.104166666499999,3.5982702583000004,6.5458023596,2.4961002493,3.6149639456,2.7407492660000004,2.5633089067999997,2.7745352575999997,2.128215807,2.5037883391999998,3.9515421195999996,6.8939741967999995,8.5287058642,4.028329714199999,12.554444444,9.2688888884,23.144444443,24.448888888000003,62.58111111,73.13111111200001,48.167777779,61.093333333,27.974444444999996,24.942222223000005,24.422222222,18.084444445,34.151111111,9.2548621782,12.997987173499999,18.964097881100002,11.966123353099997,57.096225049,43.123123977999995,26.767888274999997,33.68752194099999,19.6044021282,17.555884563999996,21.6616718534,10.451495801799998,23.594273683,454.64,344.45,135000.84000000072,178190.04000000004
Picayune Rancheria of Chukchansi Indians of California,0.14289707645396243,0.21630792341034025,3.2585030422637935,2.375604450525377e7,0.132,0.204,3.97,1.3794e7,0.8571029235460376,0.7836920765896598,0.868,0.796,0.1764063399308093,0.17521294603232743,0.07374245272334273,0.07023997481649738,0.03893905656643498,0.34382022968037373,0.34382022968037373,0.1109048274778449,0.20346927180590052,0.2020189525144095,5.72364528564984,5.877006659846055,7.722502629389905,10.996929548617663,14.77954433942586,19.221822641526803,21.485264635451095,19.741437084302834,17.217630564347,12.615261128046685,6.550725551656779,4.395660708044162,12.193952564321764,3.524659157071292,3.3775392535179787,2.1195591155495257,2.602078167894637,3.319405038519872,3.7127693584593056,2.9912006900971595,2.014006190630283,3.2406100256776007,2.5626805409470017,4.123844428203784,2.925817456832806,3.0428474519817024,122.31088679153308,129.72472484828384,97.77416753859303,57.5542236240694,69.25205748220817,58.73408342128579,19.224044863796212,22.503813530460548,48.29092884681576,85.06209603429647,149.30318963764034,96.44762705719869,79.6818203119432,95.78564382393685,98.09108109607561,72.41397941264349,44.425251902025224,51.91305002798106,44.15896864847318,16.228338160032177,25.71746694375961,36.47593283915771,74.92318979424601,131.10193076323023,94.73441500763406,65.49743736784856,5.766666667,7.277777778,10.07777778,13.58888889,17.25555556,22.7,25.22222222,25.14444444,20.911111109999997,16.55555556,9.255555556,5.066666667,14.90185185,1.933907961,3.231399765,1.710100712,1.852325865,1.235021367,2.593260496,2.828770836,0.817176711,1.2771496040000003,1.207384685,2.439831506,3.999374951,2.093808705,182.9,121.2444444,107.0111111,59.72222222,38.15555556,10.27777778,9.411111111,8.333333333,5.811111110999999,32.07777778,55.63333333,104.6222222,61.26666666,100.42448660000001,90.39235464,92.01144554,24.21682152,28.64363416,10.737641470000002,18.02646974,15.79659773,4.711274892,37.64660601,50.26335643,79.0787705,45.99578827,3833.25,2904.1399999999994,135000.84000000072,178190.04000000004
"Big Valley Band of Pomo Indians of the Big Valley Rancheria, California",0.11244130661413365,0.15590087339275904,3.765613019807938,1.8882859677991074e7,0.157,0.231,3.92,6.666e6,0.8875586933858663,0.844099126607241,0.843,0.769,0.4237586195093434,0.4136377087903124,0.18871991658075704,0.17923309218660027,0.28615693635808637,0.633862104878806,0.4135093826394491,0.39747884877122197,0.5886316534397237,0.39831899619632677,8.262171331580154,10.375996605083973,11.497370653129773,13.463613234885498,16.505937235496187,21.03223070175573,22.93715012473283,22.13104325992367,21.534435961679392,16.23333333541985,10.881340116793895,8.278880406748094,15.261125246564887,1.7220093559007636,1.859050790320611,3.3277862389923665,2.9627496467251917,1.7004553050763362,2.767743303839695,2.4029807471297717,2.696622480435115,2.0767599404580155,2.8738789380839695,2.678045570832061,2.4042895901145043,2.456030992358779,144.7827820229008,107.26454625343513,106.01798134076337,42.80025445267176,33.006022048549625,6.791857506419849,12.093893131564887,6.17896522476336,13.703138253083972,29.725954198625956,46.00220526022901,125.58905853816795,56.163054854122144,132.73053410656493,104.7173758908397,111.52165487557254,28.598538569847335,28.262664462137412,11.119085783702293,22.68168789329008,15.388254362503819,16.363426855435115,33.610464389770996,46.99671991679389,131.8405089720611,56.98590967343512,6.666666667000001,7.544444444,8.255555556,10.666666670000001,13.4,17.41111111,19.56666667,19.7,17.3,13.92222222,8.4,6.188888889000001,12.41851852,1.49582753,2.064044035,1.836512395,1.485765796,1.6650825809999998,2.370360966,0.796868873,2.386943652,1.336974196,1.245770623,1.480709289,1.719334497,1.657016203,241.1555556,145.8444444,147.8111111,68.83333333,52.34444443999999,21.28888889,4.077777778,6.077777778,18.74444444,45.3,73.34444444,193.7444444,84.88055555,193.5780664,115.6561403,125.5278201,45.37336774,36.57068878,23.5144341,9.692107327,11.13460572,16.29325866,43.18315644,59.28239855,122.1350698,66.82842616,320.0,242.43,135000.84000000072,178190.04000000004
"Otoe-Missouria Tribe of Indians, Oklahoma",0.11342703514601862,0.16415161063760206,3.0376077197620197,6.34119748593856e6,0.14840764218316949,0.23107828978237568,3.1647103844768263,2.8732283440351738e6,0.8865729648539814,0.8358483893623979,0.8515923578168305,0.7689217102176243,0.5941359088257931,0.5359489098933125,0.0024284791233639695,0.5397463940561461,0.5658748806245311,0.4570839870368578,0.4166086378022742,0.26255201286712804,0.44358266450267575,0.37881744647288695,-4.13954895494369,-2.175854877187704,5.127786945337259,11.182978087310643,16.25540428966791,22.573954895738456,25.033599194172865,23.94069490238037,19.52374174968234,12.224349101084371,4.222797487964318,-3.691034103185647,10.839905726521867,2.9052807689890687,3.1190786029344078,1.9692792927999179,1.774639413620463,1.5784883009084163,1.5083473658560225,1.1779296974894806,1.538401979482055,1.7918436654556522,1.428677704673474,3.4020009092747547,3.7819610631945153,2.164660730419968,21.915481756941023,21.48428676225043,49.58460075260933,61.4003048218049,105.46578657829625,116.22837595284662,109.07005180933994,85.39010817713701,69.35780390534035,43.064438945668336,36.34515493162542,26.450323158283833,62.14639312928429,14.35857925381416,16.938604327170797,26.0939495486015,29.81335644893152,54.87896668012584,54.02363696343648,43.5538278552228,42.76261275161716,50.00279690947197,22.71831135213697,27.750097765798273,26.576162339220293,34.12257518342823,3.4296296296666666,5.2185185186666665,11.148148149999999,15.974074076666668,20.351851853333333,26.166666666666664,28.451851853333334,28.496296293333337,24.277777776666667,17.07777778,10.266666669000001,3.4777777779999997,16.19475308666667,2.043340918,2.7680659773333334,1.6151292030000002,1.3604703206666666,1.205923334666667,1.5521968843333331,1.4052631266666666,1.6058335110000002,1.5166312253333334,1.322223026,2.1113904663333334,2.6576586056666662,1.7636772170000001,46.91481481666666,48.73703704,88.02222223333334,89.39999999999999,142.6888889,143.2,98.32962962333333,88.92962963,77.17407407666667,72.83703703666666,46.77407407333333,44.370370369999996,82.28148148666666,24.13099628,36.358565993333336,45.46851216333334,40.648471416666666,81.12755233,69.79083785666667,59.153786266666664,55.61451399333333,49.37269374666666,46.090452903333336,43.75682015333334,36.456938136666665,48.99751177,10674.81,8087.480000000004,135000.84000000072,178190.04000000004
Menominee Indian Tribe of Wisconsin,0.10458252317990163,0.18560554734529144,2.7507867010154823,2.3523894665779136e6,0.17496806735753972,0.29095285570636564,2.799971025069293,379382.7431630321,0.8954174768200984,0.8143944526547086,0.8250319326424602,0.7090471442936344,0.4022682638289961,0.36352588427240856,0.0009881079959299835,0.23084020815858544,0.33290939424184507,0.4392449023985643,0.401358264698485,0.0009999994938260399,0.25717701159867906,0.38758932793151485,-8.554472601051657,-8.389863547767057,-1.4995126707709554,5.925481914771931,12.528774093693954,17.608197963245612,20.22700888116959,19.30241498436647,14.155284815877193,7.517197314258284,0.4173597576881093,-7.445527398702731,5.982695292281676,2.503275389442495,2.301126814800195,2.029289905074074,1.954703282452242,1.7638262480350877,1.9273783233109163,1.372932055216374,1.3152953933752434,2.07976583855653,1.7646307112348927,2.587474454680312,4.107402419725147,2.1422584029863545,31.556097032797272,19.918236953245618,40.16389430356726,49.32949967567251,81.29623131992201,105.90579380068228,88.99204028390837,108.51257310107209,122.41870261052632,80.07588260594541,70.14819146719297,50.56744639281676,70.7403824623684,14.409251553596492,11.489078069551658,29.240721335107214,23.640393180886946,36.808605878430804,42.3466916391618,36.66483948825536,33.702889301764145,44.60936208689084,37.97644904455166,37.699678218323584,30.38164023863548,31.580800002982453,-8.20833333325,-7.8499999997500005,-1.047222222,6.4972222222500005,13.049999999999999,17.933333335,20.466666667499997,19.708333335000003,14.511111112499998,8.11666666675,1.00833333325,-7.352777777750001,6.402777778499999,2.7021043455,2.6038506887499997,2.57811786325,1.9349221232499998,1.6496808322499998,1.7252659775,1.5362494895,1.4985873477500002,2.2496914735,1.7962025049999997,3.4035525105000004,5.2471481495,2.41044777575,27.888888889999997,18.894444445,44.5388888875,58.43055555250001,80.76111110999999,117.64166664999999,88.7583333325,120.563888875,113.7527778,66.96666666750001,58.794444445,51.772222219999996,70.7303240725,20.1738882675,10.767371691500001,27.52799993,21.1796598575,34.1144407225,51.994116867500004,48.406417489999995,52.01330052749999,39.167871347500004,36.34813421,36.158006215,39.438935677500005,34.774178565,2240.0,1697.0800000000002,135000.84000000072,178190.04000000004
Seminole Tribe of Florida,0.164,0.26,2.99,1.833e6,0.1486503144204293,0.21613292273153203,3.3124970321376606,1.7309629703593377e7,0.836,0.74,0.8513496855795707,0.7838670772684679,0.2623250137912515,0.226698431448329,0.199442091198016,0.1901097731546148,0.2157214417955739,0.19825286537585124,0.1923538590044941,0.04521395945385341,0.14347569085422712,0.14046743372313938,0.9333333333333333,1.4740740739999998,3.0925925926666666,7.2185185186666665,12.274074069999998,17.277777776666664,20.13703704,19.755555553333334,17.248148146666665,11.685185183333331,1.614814815,-0.6592592593333333,9.337654320333334,5.769752734333333,6.077215669333333,1.1948787236666667,4.862530584666667,5.073548291666666,4.214366999000001,2.0806680486666664,1.6447506619999999,4.700184151333333,5.353856649333332,2.974973852,2.2261104003333334,3.8477363969999994,34.42222222333333,63.81481481666667,35.22222222333333,29.94814814666666,54.64444444666667,47.4,22.75185185,49.32592592666666,16.18888889,28.570370366666666,29.68518518333333,50.492592593333335,38.53888888666666,21.851155876666667,51.61623118333333,19.0518723,21.30676079666667,34.67127585333333,77.98628703666665,23.65322932666667,65.52894180333334,12.879266343333333,21.27067918,25.248264883333334,63.96654405333333,36.58587572,15.814950549456876,14.911873410014586,20.375205486083605,19.616486604648856,24.6073308998348,25.874302656392004,26.96093872993475,26.65537744846819,27.463707427814683,22.400723328897282,17.735659345986804,14.094346658425946,21.375908545909603,5.864955534463426,7.233447704023725,4.217913466572402,6.802102962461039,4.510663801208637,3.9723613642616913,2.7583017467568265,4.570905928141375,1.7698708131031808,7.139122051218644,9.227135136889753,7.780319073595988,5.487258298650477,34.316598912517726,46.21740284401107,64.90413223182009,65.10146019940207,92.01781869966446,182.82962617507292,158.45563950757355,144.019342079125,160.3512250973285,109.48083787269711,39.698647361051925,24.25042159115577,93.47026271725157,22.962035279410106,28.092113413188713,48.71104079469763,34.09326594838924,52.10097588461101,109.42240901319424,90.34103041012534,105.57822306469235,69.41726767999346,69.46504974704752,34.1152428471662,13.69185826044526,56.499209362850515,480.17,363.79,135000.84000000072,178190.04000000004
Table Mountain Rancheria,0.14289707645396243,0.21630792341034025,3.2585030422637935,2.375604450525377e7,0.152,0.22900000000000004,3.07,7.7333e7,0.8571029235460376,0.7836920765896598,0.848,0.7709999999999999,0.1764063399308093,0.17521294603232743,0.07374245272334273,0.07023997481649738,0.03893905656643498,0.17111909986190685,0.17111909986190685,0.057367257125054964,0.09873342441067542,0.09028703310470325,5.72364528564984,5.877006659846055,7.722502629389905,10.996929548617663,14.77954433942586,19.221822641526803,21.485264635451095,19.741437084302834,17.217630564347,12.615261128046685,6.550725551656779,4.395660708044162,12.193952564321764,3.524659157071292,3.3775392535179787,2.1195591155495257,2.602078167894637,3.319405038519872,3.7127693584593056,2.9912006900971595,2.014006190630283,3.2406100256776007,2.5626805409470017,4.123844428203784,2.925817456832806,3.0428474519817024,122.31088679153308,129.72472484828384,97.77416753859303,57.5542236240694,69.25205748220817,58.73408342128579,19.224044863796212,22.503813530460548,48.29092884681576,85.06209603429647,149.30318963764034,96.44762705719869,79.6818203119432,95.78564382393685,98.09108109607561,72.41397941264349,44.425251902025224,51.91305002798106,44.15896864847318,16.228338160032177,25.71746694375961,36.47593283915771,74.92318979424601,131.10193076323023,94.73441500763406,65.49743736784856,9.0,10.08888889,12.38888889,15.84444444,19.21111111,23.48888889,26.755555560000005,26.222222219999995,22.47777778,17.68888889,10.93333333,8.533333333,16.88611111,1.443086969,2.804658823,2.130401631,2.876243692,2.609810551,3.797842955,3.9793564530000003,3.021497054,2.724783376,3.42981211,4.192552922,1.790949469,2.900083,58.33333333,50.04444444,49.71111111,25.57777778,17.44444444,3.088888889,6.988888889,6.311111111,6.044444444,12.988888890000002,15.722222220000003,31.67777778,23.66111111,38.12404097,40.63837814,36.39232215,21.95579524,16.93532633,4.878382018,17.05377117,18.05079253,9.241497594,18.97297054,21.72664135,25.63541387,22.46711099,3833.25,2904.1399999999994,135000.84000000072,178190.04000000004
Lac du Flambeau Band of Lake Superior Chippewa Indians of the Lac du Flambeau Reservation of Wisconsin,0.14743471910426809,0.18958275452241144,3.0441474614587634,1.7303470519992383e6,0.10968495714726743,0.19050520622053005,3.47905967019114,1.2132560286726276e6,0.8525652808957319,0.8104172454775885,0.8903150428527326,0.80949479377947,0.36430056999193045,0.34585790590199905,0.0010000000000000102,0.2314816902298657,0.3385385287943713,0.3339864563714868,0.32258080450025856,0.0009999999999999992,0.17468518712754935,0.2520980213224495,-7.5166733162802,-7.5657835444064165,-0.7875761552914049,5.742953236176171,12.15932993010393,17.17218916826752,19.896413737827736,19.350600665547944,14.532384873380694,7.951388382884653,1.7629769042926895,-5.768212805046632,6.410832589815464,2.6390596458811553,2.8892959480243103,2.5317547099136184,1.8324418541825527,1.4217037847861753,2.125666416784875,1.3192749214755726,1.3135655966110653,1.6383785286191674,1.6574035457450351,2.258997979127956,3.6105566581326873,2.103174965819344,44.044849771373755,31.010705205967522,39.456747249660545,61.19903380856551,75.03867061428934,94.81664305830364,81.18011510279514,88.01906094395119,94.36960899511264,69.06810352242042,70.87250352224362,54.20714881865027,66.94026588474514,16.667104020286786,18.718973398993345,23.24663551214874,25.125628751868067,27.410477653042136,44.88176037351143,27.347638571046602,27.78184566061624,33.90278182298872,27.04920766824919,36.02531860593929,21.47556212629752,27.469411180932774,-11.0694444475,-9.594444444500002,-1.6722222224999999,4.8555555555,11.23888889,16.808333335,19.374999999999996,18.5527777775,13.563888887500003,6.2555555555,-0.93888888875,-9.41111111075,4.83032407425,1.975714236,2.56862996325,3.5888346857499998,2.3437890825,1.47281187275,2.7886072315,1.68843413975,1.90274094425,3.4131852169999997,2.1522604875,4.1313898375,4.78478769325,2.7342654495000005,26.0166666675,18.3,35.0250000025,52.1,80.63888889,108.0805555525,106.5472222075,120.10277780000001,121.3638889,85.89999999999999,55.59444444499999,39.991666665000004,70.80509259499999,12.709557644999999,8.46434325575,19.9473098775,26.597010112499998,41.007527405000005,37.686518344999996,40.609416785,52.681342595,67.69214029,38.546123375,30.245758925,29.199331837499997,33.78219837,121812.21000000004,92287.74000000056,135000.84000000072,178190.04000000004
Turtle Mountain Band of Chippewa Indians of North Dakota,0.1492875505375231,0.19571154655937303,3.023450501351903,1.592961263632674e6,0.163,0.287,3.0799999999999996,1.245e6,0.8507124494624769,0.8042884534406269,0.837,0.7130000000000001,0.36603812072111425,0.34679937834317787,0.0010000000000000091,0.2324631538996444,0.34214957078782515,0.47211367059826786,0.4338816922596933,0.0009999999999999983,0.44012508970137065,0.25859287262147046,-7.17966709706888,-7.347345821442795,-0.6619846766887275,5.832211482023894,12.231437492191356,17.259316366731767,19.975243176868126,19.44586110762754,14.659558130067179,8.08009018287543,2.015456110839083,-5.45768663817666,6.571040818026684,2.6627379477665336,2.9018406751845824,2.563872847227709,1.7974580921218835,1.4036816248589226,2.1262396893796685,1.3238996772656504,1.3273750269935691,1.5730471543163278,1.638042786151362,2.1853828854211725,3.575598314675891,2.0899313935009056,45.135742922707216,32.2332063637663,39.649678880360376,62.876017602289494,75.07230266518548,94.40015045173794,80.28649234494641,87.51809985182449,92.38520004264126,67.88563530186619,71.2045758923746,55.014166417183,66.97177239500297,16.99477401847889,20.158750079050034,23.177804463428032,25.871880193946538,27.181484855497093,45.14878399233575,27.979132364957067,26.94239461859851,32.90134204789551,26.7003900719314,35.75787920766558,21.480752469324862,27.524614032515828,-12.06666667,-8.444444444,-2.4,6.711111111,11.888888890000002,17.32222222,20.37777778,18.2,12.688888890000001,7.444444443999999,-2.666666667,-11.11111111,4.828703704,5.946637705,7.142673013,4.118252056,3.229336017,1.8312867360000002,2.483333333,1.829465617,1.802775638,1.572771792,3.314404589,5.911429607,6.583966214000001,3.813861026,24.42222222,23.17777778,26.93333333,25.86666667,81.63333333,124.5333333,64.55555556,114.49999999999999,44.877777779999995,42.45555556,45.33333333,23.722222220000003,53.50092591999999,13.7255945,18.61597283,17.77427917,18.08272656,30.32329962,58.99898304,24.19447825,55.47571541,33.08964256,19.50756976,27.48463207,14.93425406,27.68392899,108554.74000000003,82243.56000000042,135000.84000000072,178190.04000000004
Iowa Tribe of Oklahoma,0.09223038126564184,0.13004154972291693,3.0027696129285943,913018.3439489253,0.13975319508103268,0.1996527236017709,3.0953847869353632,1.6059975356061919e7,0.9077696187343581,0.8699584502770831,0.8602468049189673,0.8003472763982291,0.7542019948019223,0.645458117326027,0.0009999999999999998,0.7040700169660478,0.7288096849458948,0.36977362712331197,0.346591050631513,0.22849308807949115,0.3400141395361012,0.3373905152488028,-6.6135005974453405,-4.597331740346774,3.2865989647025096,9.752807646292116,15.25024890344982,21.279540023539425,23.40674033993728,22.39857626305556,17.858263642446236,10.498217840929211,2.1146754280591398,-6.1969334925967745,9.036491935562722,2.774779471086021,2.996878478475807,1.8279083734390678,1.9610733533046594,1.5351662571021505,1.5382470832383515,1.0233703459731185,1.3756211547275983,1.8669748402491038,1.553804452453405,3.4951626914838707,3.866928992798387,2.1513262912141573,16.829788931066307,15.65755675095878,45.130545601209676,65.4171644745699,105.87390482575267,126.93227796129035,97.31707487496416,96.85948824964157,85.26952409238353,46.32525886191757,34.89442453025987,23.893926719453408,63.36674465781362,10.027912347474015,13.453208251087815,27.521127593862005,39.84618623921147,45.499174179166666,69.97909547903224,53.672691455985664,49.88367965058244,44.55818153827956,19.14690853114695,27.474787313046598,21.194509182544802,35.18812181356631,4.185185185333333,5.914814815,11.488888886666667,16.30740740666667,20.78888889,26.15555555333333,28.451851849999997,28.655555556666666,24.47037037,17.225925926666665,10.781481483333332,4.1148148146666665,16.545061729999997,2.121187927333333,2.7037127056666663,1.2723781936666667,1.1874893223333334,0.8917007979999999,1.4894532489999999,1.3141346936666667,1.497624087,1.4595135143333333,1.1565946233333333,2.0797091576666666,2.740119569,1.6594681536666667,55.485185183333336,57.744444446666655,106.10000003333333,96.63333333333334,164.0333333333333,149.55555556666667,88.46296297,78.79259259333332,91.41111111000001,82.41111111333332,57.25185185333333,49.97037036999999,89.82098765999999,25.49053576333333,47.18337425,62.761130923333326,46.06262642,81.58725282999998,73.10297097333331,57.802431379999994,58.18912381333333,49.06311094,60.569779579999995,49.0676961,43.26133085666667,54.511780316666666,2520.0,1909.2100000000003,135000.84000000072,178190.04000000004
Lower Sioux Indian Community in the State of Minnesota,0.08367354529918605,0.1397568993010532,3.0320665946583727,2.0558671565764127e6,0.08596111683618819,0.15390668040685168,2.97,668455.6357066348,0.916326454700814,0.8602431006989468,0.9140388831638118,0.8460933195931484,0.7152499620389728,0.610427564729648,0.0010000000000000022,0.6822171101638261,0.6597960028319914,0.5803819613198582,0.4863029892632946,0.0009999999999999994,0.46303554829287247,0.5458192991992524,-8.963843594448074,-7.412197077072151,1.1522405596695324,8.54808116749107,14.597889558022535,20.17321759964719,22.444490562269028,21.285274127944465,16.476340438685643,9.06967860244906,0.6408000351409233,-8.492066629281453,7.459992112584938,2.601292103876765,2.9417634860199637,2.230045088171855,2.3406198505126024,1.5034970901875682,1.6700504126670626,1.0026518741493236,1.5267080794447105,1.7088234316559925,2.05309915646902,3.0987650753897613,3.96486600256923,2.220181804224429,19.381888857044153,15.956013440564282,46.5207157041783,61.61097934488887,98.41883366451728,126.04708963247364,96.57748021048927,106.88076885963743,94.09449769732186,51.83448078980236,43.37857825063746,28.931277792741394,65.80271702090228,9.978277927648085,10.542406386598094,26.694676256793166,29.764870356102783,33.17008632948713,47.23161512445995,41.15823270495406,43.78023226500642,56.238597382096096,21.41165741064533,33.18225951681395,20.813909474154585,31.163901760803487,-6.95,-6.7166666665,1.961111111,10.133333332000001,15.894444440000001,21.22222222,24.16666667,22.455555555000004,16.527777775,10.572222224499999,2.6777777780000003,-7.7944444445,8.6791666665,6.3744411415,6.0100261040000005,4.1298857705,4.1001271255,2.9315496289999996,2.4396181425,2.976171996,2.3907553234999996,1.854171108,3.969412613,7.024728618,6.034274777499999,4.186263529500001,17.31111111,16.57222222,48.883333335,73.577777775,107.96666665,119.28333334999999,99.13888887,90.294444445,90.055555555,61.533333330000005,40.877777775,36.07222222,66.79722222,12.73250428,11.777770735,43.121797640000004,63.208130340000004,32.600553305,47.68591859,37.419706700000006,32.273634675,60.147020190000006,48.955865275,33.777788705,39.763959230000005,38.622054139999996,20825.669999999995,15778.019999999971,135000.84000000072,178190.04000000004
"Sisseton-Wahpeton Oyate of the Lake Traverse Reservation, South Dakota",0.08367354529918605,0.1397568993010532,3.0320665946583727,2.0558671565764127e6,0.11214925497075916,0.19534231111152073,3.2900084327863044,603523.7579688856,0.916326454700814,0.8602431006989468,0.8878507450292409,0.8046576888884793,0.7152499620389728,0.610427564729648,0.0010000000000000022,0.6822171101638261,0.6597960028319914,0.5103898714529328,0.4724132621246572,0.0011968059481771097,0.47224784018365284,0.40931289485601785,-8.963843594448074,-7.412197077072151,1.1522405596695324,8.54808116749107,14.597889558022535,20.17321759964719,22.444490562269028,21.285274127944465,16.476340438685643,9.06967860244906,0.6408000351409233,-8.492066629281453,7.459992112584938,2.601292103876765,2.9417634860199637,2.230045088171855,2.3406198505126024,1.5034970901875682,1.6700504126670626,1.0026518741493236,1.5267080794447105,1.7088234316559925,2.05309915646902,3.0987650753897613,3.96486600256923,2.220181804224429,19.381888857044153,15.956013440564282,46.5207157041783,61.61097934488887,98.41883366451728,126.04708963247364,96.57748021048927,106.88076885963743,94.09449769732186,51.83448078980236,43.37857825063746,28.931277792741394,65.80271702090228,9.978277927648085,10.542406386598094,26.694676256793166,29.764870356102783,33.17008632948713,47.23161512445995,41.15823270495406,43.78023226500642,56.238597382096096,21.41165741064533,33.18225951681395,20.813909474154585,31.163901760803487,-8.781944444,-5.9375,0.25972222224999997,8.799999999874998,14.55694444375,19.79166666625,22.345833331250002,21.45833333375,15.102777777500002,9.116666665875,0.775000000125,-8.625000000125,7.40520833325,5.8082424206250005,6.642718719124999,3.7852824075,3.4279664366250007,2.331449296125,2.7466367932500004,1.9511105431250002,2.4630968531249997,1.960214626875,3.0893825335,7.267888268000001,6.4231473365000005,3.991428019625,22.069444445,22.45138888875,42.73611111,40.1791666675,71.2125,106.65694444999998,81.52916666625002,71.20277777625,70.493055555,51.550000001250005,32.7138888875,38.550000000000004,54.278703705,30.02263383875,35.22965207675,39.6465394,35.779493575000004,33.847985953750005,40.04073055875,44.126906713749996,36.05342494625,39.173957727499996,29.5110065425,29.157018672499998,58.527201622499994,37.59304596875,20825.669999999995,15778.019999999971,135000.84000000072,178190.04000000004
Ottawa Tribe of Oklahoma,0.15293122772581283,0.1943353450065097,3.0491679279165163,1.5415030905626398e6,0.17,0.264,2.98,2.716e6,0.8470687722741872,0.8056646549934903,0.83,0.736,0.33029554095766317,0.3175503499483558,0.0010000000000000041,0.2011834616966008,0.3048031079323583,0.4780943928794326,0.3988664893809669,0.40704688497285985,0.40809066348802603,0.4644947640599661,-7.12638306665563,-7.279230547110727,-0.746241299432042,5.637589301545292,12.041389987801272,17.10186606614513,19.78786516059273,19.3228208450986,14.595212651325197,8.027859452929723,2.1552839608665635,-5.115564543065249,6.533538997554023,2.7575245241036472,2.9326048132639424,2.6063531832263025,1.7990528968414707,1.4138249387029838,2.2127261940592176,1.3282653566482847,1.2949679377033687,1.5675857126843549,1.620545192998879,2.095183886253528,3.5062717338491445,2.0945755308926595,47.571501249650154,33.77521566816286,39.891202691205905,62.72658610711638,73.11361581826075,90.43511444627453,78.60119495202345,82.0409169922893,87.96938687996827,67.925752624511,71.82404433415569,58.589777804826916,66.20535913095505,17.300976096708684,21.46288468647019,23.07425731555824,27.833961110111556,26.690720343558212,44.69233545584342,27.13808946347848,23.889009567444372,29.9328346939325,26.109027583477886,37.29980130039382,22.45777297706768,27.323472549938238,2.366666667,4.044444444,10.13333333,14.76666667,19.06666667,24.65555556,27.03333333,26.93333333,22.766666670000003,15.62222222,9.455555556,2.6444444439999995,14.957407410000002,2.752271789,2.831126592,1.393735986,1.220655562,0.916515139,1.460403293,1.5337861649999998,1.503329638,1.607793519,1.170232645,2.295163998,3.22765825,1.826056048,70.84444444,67.93333333,110.95555560000001,99.27777778000001,181.7666667,125.4333333,85.38888888999999,83.27777778,101.50000000000001,81.12222222,91.97777778,75.38888889,97.90555556,45.5720888,47.98484136,54.463958520000006,41.91061255000001,82.35030358,47.23314514,55.21570077,62.81589723,51.08125879,60.68959503,80.40044741,74.14164559,58.6549579,72631.84000000001,55027.53000000027,135000.84000000072,178190.04000000004
"Bay Mills Indian Community, Michigan",0.1492875505375231,0.19571154655937303,3.023450501351903,1.592961263632674e6,0.16199999999999998,0.208,2.99,3.1e6,0.8507124494624769,0.8042884534406269,0.8380000000000001,0.792,0.36603812072111425,0.34679937834317787,0.0010000000000000091,0.2324631538996444,0.34214957078782515,0.41721857432810644,0.4053321426388563,0.0009999999999999998,0.2547859970801446,0.3191620777042448,-7.17966709706888,-7.347345821442795,-0.6619846766887275,5.832211482023894,12.231437492191356,17.259316366731767,19.975243176868126,19.44586110762754,14.659558130067179,8.08009018287543,2.015456110839083,-5.45768663817666,6.571040818026684,2.6627379477665336,2.9018406751845824,2.563872847227709,1.7974580921218835,1.4036816248589226,2.1262396893796685,1.3238996772656504,1.3273750269935691,1.5730471543163278,1.638042786151362,2.1853828854211725,3.575598314675891,2.0899313935009056,45.135742922707216,32.2332063637663,39.649678880360376,62.876017602289494,75.07230266518548,94.40015045173794,80.28649234494641,87.51809985182449,92.38520004264126,67.88563530186619,71.2045758923746,55.014166417183,66.97177239500297,16.99477401847889,20.158750079050034,23.177804463428032,25.871880193946538,27.181484855497093,45.14878399233575,27.979132364957067,26.94239461859851,32.90134204789551,26.7003900719314,35.75787920766558,21.480752469324862,27.524614032515828,-7.5166666665,-8.283333333499998,-1.538888889,5.027777778000001,11.52222222,15.85,19.122222224999998,18.955555554999997,14.2,7.972222222,2.0333333335,-5.655555555499999,5.974074074,3.0342484695,3.056993822,2.9335206694999996,1.8240094405000002,1.969411485,2.315657823,2.2045738845,1.3994132989999999,2.329952648,1.769175706,2.9133965434999998,4.6589907915,2.5341120485,63.01666666500001,36.733333335000005,45.916666664999994,61.87777778,67.46666667,98.077777795,63.55555556,78.49444444500001,102.81111112,83.61111111,78.67777777999999,73.21111110999999,71.120833335,23.809351314999997,20.771796065,30.71320093,34.992523170000005,32.677356815,48.795490550000004,24.533962154999998,28.648395760000003,40.633281935,35.312558095,22.95180644,40.11374818,31.99612262,108554.74000000003,82243.56000000042,135000.84000000072,178190.04000000004
"Santa Rosa Indian Community of the Santa Rosa Rancheria, California",0.14289707645396243,0.21630792341034025,3.2585030422637935,2.375604450525377e7,0.144,0.211,3.07,1.1253e7,0.8571029235460376,0.7836920765896598,0.856,0.789,0.1764063399308093,0.17521294603232743,0.07374245272334273,0.07023997481649738,0.03893905656643498,0.05659125331072332,0.05659125331072332,0.007363863468565379,0.016205128083011954,0.001,5.72364528564984,5.877006659846055,7.722502629389905,10.996929548617663,14.77954433942586,19.221822641526803,21.485264635451095,19.741437084302834,17.217630564347,12.615261128046685,6.550725551656779,4.395660708044162,12.193952564321764,3.524659157071292,3.3775392535179787,2.1195591155495257,2.602078167894637,3.319405038519872,3.7127693584593056,2.9912006900971595,2.014006190630283,3.2406100256776007,2.5626805409470017,4.123844428203784,2.925817456832806,3.0428474519817024,122.31088679153308,129.72472484828384,97.77416753859303,57.5542236240694,69.25205748220817,58.73408342128579,19.224044863796212,22.503813530460548,48.29092884681576,85.06209603429647,149.30318963764034,96.44762705719869,79.6818203119432,95.78564382393685,98.09108109607561,72.41397941264349,44.425251902025224,51.91305002798106,44.15896864847318,16.228338160032177,25.71746694375961,36.47593283915771,74.92318979424601,131.10193076323023,94.73441500763406,65.49743736784856,7.3,7.411111111,10.88888889,14.333333329999999,17.88888889,21.74444444,24.76666667,24.2,20.66666667,16.51111111,9.322222222,6.622222222000001,15.13796296,2.880104165,8.599483189,3.761131626,3.9363688849999994,3.002267661,3.2806672760000004,3.2101401839999997,2.556364606,3.4503623,3.958043849,5.690074204,3.6217322440000004,3.995561682,55.01111111,41.66666667,37.93333333,20.13333333,15.811111109999999,3.333333333,7.588888889,8.6,2.688888889,11.0,14.78888889,29.94444444,20.70833333,33.70621028,24.131255669999998,33.43845092,13.057373399999998,13.909389309999998,5.421485036,18.99331754,24.18553287,4.547923824,11.82729893,16.78536896,25.129917979999995,18.76112706,3833.25,2904.1399999999994,135000.84000000072,178190.04000000004
"Sac & Fox Nation, Oklahoma",0.09223038126564184,0.13004154972291693,3.0027696129285943,913018.3439489253,0.15553519771414284,0.22809787345611396,3.053165304180015,3.9693318905893113e6,0.9077696187343581,0.8699584502770831,0.8444648022858572,0.771902126543886,0.7542019948019223,0.645458117326027,0.0009999999999999998,0.7040700169660478,0.7288096849458948,0.39319529980311285,0.3661602502035588,0.25715685083116135,0.3556197790075648,0.3405914773493788,-6.6135005974453405,-4.597331740346774,3.2865989647025096,9.752807646292116,15.25024890344982,21.279540023539425,23.40674033993728,22.39857626305556,17.858263642446236,10.498217840929211,2.1146754280591398,-6.1969334925967745,9.036491935562722,2.774779471086021,2.996878478475807,1.8279083734390678,1.9610733533046594,1.5351662571021505,1.5382470832383515,1.0233703459731185,1.3756211547275983,1.8669748402491038,1.553804452453405,3.4951626914838707,3.866928992798387,2.1513262912141573,16.829788931066307,15.65755675095878,45.130545601209676,65.4171644745699,105.87390482575267,126.93227796129035,97.31707487496416,96.85948824964157,85.26952409238353,46.32525886191757,34.89442453025987,23.893926719453408,63.36674465781362,10.027912347474015,13.453208251087815,27.521127593862005,39.84618623921147,45.499174179166666,69.97909547903224,53.672691455985664,49.88367965058244,44.55818153827956,19.14690853114695,27.474787313046598,21.194509182544802,35.18812181356631,4.362962963,6.088888889,11.674074073333333,16.41851852,20.677777776666662,26.196296293333333,28.500000000000004,28.733333333333327,24.496296296666667,17.281481483333334,10.999999999999998,4.348148148,16.64814815,2.149084097,2.681373451,1.2763990230000002,1.151716427,1.0595884306666667,1.4873687423333333,1.3218946273333332,1.4641091223333333,1.4335329463333333,1.1700262426666665,2.080993908,2.807891405,1.6736648683333333,58.89259259333333,58.03333333666666,101.04814816333332,101.50740740999998,173.31481483333332,141.05925923333334,90.40000000666666,77.64814814666666,97.20740741666665,83.96666666666667,61.31851852,54.48888888666666,91.57376543666666,28.94570754333333,43.32953365333333,54.24677958,50.03438720666666,91.69121505333332,71.05666303666666,57.7591921,58.256499829999996,46.98003915333332,61.222441133333334,51.08909218333333,49.05897917666667,55.30587747,2520.0,1909.2100000000003,135000.84000000072,178190.04000000004
Middletown Rancheria of Pomo Indians of California,0.12117860732242529,0.17524786470791348,3.4085656857200943,3.453630381875664e7,0.157,0.231,3.92,6.666e6,0.8788213926775748,0.8247521352920866,0.843,0.769,0.30965158163074336,0.30717183191235453,0.15822316587990326,0.159561481811725,0.1275783579970696,0.6837663560783396,0.6819606590617445,0.29732075949592074,0.46285388267586997,0.6030375229685146,7.979061447935608,10.119255049837122,10.866645622981062,12.841414142386366,17.494318182518946,22.082470538996215,24.04837962719697,23.101914983882583,19.605765993011367,17.16818181926137,10.842845116534093,7.577251683352275,15.310625350946973,2.8551735036704544,2.7367669615984855,3.216512609458334,4.887097316918561,2.374996126573865,1.9585428254810608,2.7680964890871214,3.496740818134471,4.170056371183712,2.8162916095378794,2.2534674635587124,2.5294202441439397,3.0052635283181828,138.8569233905303,87.95235691051137,78.72363215367426,44.70793349939394,27.742234847765154,8.904271883342803,5.5018518520473485,3.468223905765152,6.1469696969393945,23.609911617026523,40.8005260971591,99.92058081647728,47.19461805823865,119.49335528393941,75.55562196062502,74.32466518674244,27.20100714547349,25.07866179350379,13.905919426000004,10.32464950663447,6.960759053657198,8.034103156367426,26.569805446780304,40.07140903500001,92.72162603564395,43.353465252026524,8.055555556,9.633333333,10.31111111,13.377777779999999,15.91111111,19.72222222,20.61111111,21.51111111,18.75555556,16.26666667,10.05555556,7.544444444,14.31296296,1.2787798,1.312440475,1.2702799339999997,1.965183056,2.35979048,3.011136736,1.337389663,3.301304456,1.481646981,1.044030651,2.047627353,1.650084173,1.838307813,226.1333333,143.8222222,137.9777778,58.52222222,43.36666667,11.7,9.677777778,4.222222222,8.644444444,43.6,56.73333333,208.8888889,79.44074074,210.37688800000004,123.6031025,124.3515559,42.76116164,29.60886692,15.18584868,16.84063373,9.807876653,10.78808499,39.70865775,52.00240379,134.238877,67.43949646,1280.0,969.75,135000.84000000072,178190.04000000004
Red Cliff Band of Lake Superior Chippewa Indians of Wisconsin,0.14743471910426809,0.18958275452241144,3.0441474614587634,1.7303470519992383e6,0.102,0.2,3.11,799000.0,0.8525652808957319,0.8104172454775885,0.898,0.8,0.36430056999193045,0.34585790590199905,0.0010000000000000102,0.2314816902298657,0.3385385287943713,0.3898746888540367,0.3594329541138747,0.0009999999999999992,0.2930919896637415,0.3754110297657588,-7.5166733162802,-7.5657835444064165,-0.7875761552914049,5.742953236176171,12.15932993010393,17.17218916826752,19.896413737827736,19.350600665547944,14.532384873380694,7.951388382884653,1.7629769042926895,-5.768212805046632,6.410832589815464,2.6390596458811553,2.8892959480243103,2.5317547099136184,1.8324418541825527,1.4217037847861753,2.125666416784875,1.3192749214755726,1.3135655966110653,1.6383785286191674,1.6574035457450351,2.258997979127956,3.6105566581326873,2.103174965819344,44.044849771373755,31.010705205967522,39.456747249660545,61.19903380856551,75.03867061428934,94.81664305830364,81.18011510279514,88.01906094395119,94.36960899511264,69.06810352242042,70.87250352224362,54.20714881865027,66.94026588474514,16.667104020286786,18.718973398993345,23.24663551214874,25.125628751868067,27.410477653042136,44.88176037351143,27.347638571046602,27.78184566061624,33.90278182298872,27.04920766824919,36.02531860593929,21.47556212629752,27.469411180932774,-10.511111109999998,-9.011111111,-1.055555556,5.411111111,11.45555556,17.07777778,19.97777778,19.23333333,14.333333329999999,7.355555556,-0.455555556,-5.866666667,5.662037036999999,1.811383756,2.467004481,2.622551768,2.100859612,1.313498298,2.313426991,1.023203032,1.142365966,2.131900561,2.107789785,2.453625436,11.36914685,2.7380630450000005,45.3,16.61111111,35.88888889,67.92222222,78.35555556,96.96666667,94.4,118.4222222,103.7111111,81.19999999999999,60.15555556,35.45555556,69.53240741,63.599705189999995,7.239724519,23.23657916,48.77324517,44.14261295,28.03952567,36.93599193,65.56301888,73.02301768,36.56025848,33.1377093,15.76539812,39.66806559,121812.21000000004,92287.74000000056,135000.84000000072,178190.04000000004
Yankton Sioux Tribe of South Dakota,0.08960633467726287,0.14277093359719334,3.119610804920939,1.5826013006285995e6,0.13393616590822693,0.2089071323737285,3.250055927815806,686245.2322798002,0.9103936653227371,0.8572290664028066,0.866063834091773,0.7910928676262715,0.47009814317152776,0.38301183270796396,0.0009999999999999998,0.38176367891615265,0.3988633276133863,0.5376297394266497,0.4617725081548185,0.001232740741832453,0.5279810218248919,0.3596819939998333,-8.348345918972493,-6.592664509079288,1.5733728877281556,8.673534699417477,14.423930243349513,20.21280115305825,22.697518879676373,21.705483639773462,16.787864077815538,9.229683567066346,0.929539733972492,-7.723678532622977,7.79741999371521,2.6205904748705504,3.5303928031148866,2.09622284144822,2.42013362439644,1.5526915759708741,1.3979764782815536,1.087241443516181,1.6746208377653724,1.8067942233365695,2.287782775514563,2.849540589668285,3.3585878514385112,2.22354796011165,18.45947500763754,13.248166128082524,37.23732470286409,58.53540093449838,92.1614347376861,110.44838188891583,78.48718087661813,108.35967279563107,85.1683567059871,47.86364616851132,38.539320389773465,23.987234810145633,59.37463292883495,9.451369870988675,8.560682270540454,26.640184403915857,26.549068026608417,29.834847431051784,55.31618276995146,43.215061929919095,48.11041388695792,49.75448114322007,21.86640087234628,25.524084242766993,14.767579934134304,29.965863067491913,-5.588888888666666,-1.2666666666666666,3.3407407406666665,9.318518518666668,15.285185183333331,21.388888886666667,22.01481481333333,23.111111113333337,17.692592593333334,11.592592596666668,1.2259259256666666,-5.485185184999999,9.385802469666668,2.9738349073333334,5.237998202,2.0878104706666667,2.3179184026666664,2.345048465333333,2.378350342666667,4.138252878333333,3.202735502666666,1.8005771203333334,2.515034196333333,3.5918807759999996,4.286842512,3.0730236483333333,11.133333333333333,12.807407406666666,32.58888889,58.111111109999996,95.30740742,87.10000000000001,49.01111111,73.81481481666667,49.722222223333326,39.944444446666665,28.311111110000002,11.699999998,45.79598765666667,5.360607496333333,10.330376518333333,25.091970223333337,38.735934533333335,42.30118808666666,62.04616256,33.363201983333326,40.22989321666667,39.637478783333336,22.498467446666666,20.851214703333333,6.446260458666667,28.90772966666667,1094.6399999999999,829.32,135000.84000000072,178190.04000000004
"Keweenaw Bay Indian Community, Michigan",0.148424496935239,0.19471280698829171,3.0271551077956684,1.6196303436938939e6,0.14815519240857197,0.19350437532785894,3.281464417528541,694037.6384049678,0.851575503064761,0.8052871930117083,0.851844807591428,0.8064956246721411,0.3640774164771608,0.34502204072703074,0.001074127475510281,0.2312441853478948,0.3388220902886511,0.3080354822853061,0.3010273966300051,0.0010000000000000009,0.17698826921915167,0.2778520819974505,-7.148441600765825,-7.285386141838278,-0.6361447231817587,5.835135286062881,12.209531879485938,17.24069792945014,19.96732086822037,19.432850306679025,14.650438139006521,8.07726704547216,1.9855268188227122,-5.444304841380335,6.573707580543349,2.6652741553324404,2.8952359801460976,2.5628996102480435,1.7950589128416317,1.409624614647564,2.118851556611074,1.3354976554619071,1.3401900677544616,1.5861142474579824,1.6433867549951775,2.203437648099711,3.5640700029494146,2.093303433932197,45.15637642184045,32.04841496853229,39.64976460729938,62.63568360425167,75.12215972317176,94.04638278045711,79.73176548418488,86.9397801987825,91.77679475870647,67.56544481735384,70.7381290189484,54.57773439399549,66.66570256505629,17.726700130285927,20.0603511759724,23.131452208919534,25.796090607207866,27.248376505893493,45.0691156231258,27.94502376836501,26.91187872961582,32.832689131535524,26.646963768930032,35.52320086127707,21.366048263272013,27.521490898444434,-10.75313311811417,-9.937411021344342,-2.879549978121383,4.166432762316812,10.95053524469786,15.44806523751297,18.703982565785022,18.060411353563488,12.539935594371975,6.385231445046881,-1.0276152170924295,-8.853728788220348,4.400263006951593,2.506680883580614,2.765941399948119,2.281161490533703,2.0076373850565865,1.6810891340704839,1.9806895500776087,1.7796305207549035,1.485788987018354,2.415556752487656,1.461979543438165,3.2949389568682816,4.853760250431289,2.3762379047199986,35.58576163736755,30.20059258127496,44.63092261941302,52.431933817294684,71.38305773289046,102.15695114690898,93.88035300707405,90.18707922763582,115.6750559466517,88.14417470345603,62.042219259899134,52.93329358528733,69.93761627377677,16.407084843324828,25.354934532082506,27.855496099768377,30.00023377297153,23.69456030893643,36.88062411008019,25.390481260745887,35.905235220854514,49.971600303144655,31.89544116199768,28.665717609829798,34.29182700569809,30.526103017769962,109874.06000000003,83243.06000000043,135000.84000000072,178190.04000000004
"Hannahville Indian Community, Michigan",0.084,0.067,3.05,1.2274e7,0.13101014230691807,0.15301014230691806,3.0995363516837453,1.6010881246422103e6,0.916,0.933,0.8689898576930819,0.8469898576930819,0.37584025248814945,0.3310119216465688,0.0009999999999999998,0.2647020715454928,0.37584025248814945,0.38036039255397597,0.31641468940856204,0.001,0.26531658970703764,0.3324456795434655,-4.411111111,-4.277777778,1.533333333,7.633333333,13.18888889,18.48888889,21.65555556,21.1,16.74444444,9.822222222,4.233333333,-2.744444444,8.580555556,2.740640639,4.415534446,3.13926743,3.116488408,2.078728244,2.598771077,1.534691428,1.9519221300000003,1.608657135,2.512358343,1.60623784,2.123152792,2.452204159,56.84444444,50.78888889,49.12222222,68.17777778,89.33333333,96.05555556,85.35555556,78.66666667,88.93333333,80.03333333,79.41111111,68.4,74.26018519,22.79337136,20.06261725,23.58716694,27.508624909999998,43.56107781,58.13503916,27.64141418,25.4311325,32.44183256,40.70752387,42.96357307,30.14398779,32.91478012,-8.8,-8.155555556,-1.955555556,5.122222222,12.45555556,17.07777778,19.67777778,19.288888890000003,14.1,7.755555556,0.755555556,-6.644444444,5.889814816,2.546566316,3.04594448,2.337793357,1.9829131210000002,1.38122329,1.981021061,1.03413947,1.28398252,1.786756839,1.541193621,1.92490981,3.565848816,2.034357725,38.76666667,21.82222222,44.366666669999994,51.65555556,64.11111111,97.18888889,85.72222222,96.11111111,108.9777778,84.14444444,88.23333332999998,58.92222222,70.00185185,14.46020401,9.949469556,28.23778497,24.45031243,20.79245322,51.77720165,28.18886206,27.70141894,40.34593467,34.95933749,42.94123892,29.948362969999998,29.47938174,160.0,121.22,135000.84000000072,178190.04000000004
Standing Rock Sioux Tribe of North & South Dakota,0.07259867760803586,0.1241536853735952,3.057881612869756,1.8023710507643074e6,0.19660396100492977,0.28873336944568034,3.0119856445221775,421744.5397985314,0.9274013223919642,0.8758463146264048,0.8033960389950703,0.7112666305543196,0.3887386100995715,0.3044384389628719,0.0009999999999999992,0.23071622289550314,0.37347490129389316,0.24901308240894326,0.24333965906758695,0.0016292554997355965,0.21023987505907726,0.09310798717700283,-9.02686019358859,-7.775075075003003,0.8183516851531533,8.099332665765766,14.206673342612612,19.491524858828832,21.96316316228228,20.968435100390394,15.997697698918923,8.751084417663664,0.9358024694444446,-8.390590590453453,7.169961628741743,2.431349748993994,3.275960394339339,2.378477289624625,2.3620267805915915,1.402415006036036,1.6577682148288289,1.1834563501741742,1.6802165138708713,1.7346741434444441,2.259064155279279,2.528026381681682,3.642372360192192,2.2113172784954958,24.567934600660664,16.42752752927928,43.402902904864874,57.97610944105105,90.33223223210211,128.64344346456454,95.28902236381383,128.64698033963964,112.11975308408411,56.533733733003004,49.03343343417418,34.54137470891892,69.79287065531531,10.508965900438438,9.009058192354354,23.122879031141146,15.973020936768767,24.479173714564567,57.401938769009014,44.66831706093093,55.732974937957955,56.43313062975977,25.00354738651652,29.62219542621622,22.225546900330333,31.181729077507512,-7.977777777846156,-3.5589743589230776,1.1299145299230775,7.672649572615386,14.052991454615388,19.577777778461545,21.643589743846164,21.691452992307692,15.820512820769235,10.452136751692313,-0.3794871794615386,-6.279487179538463,7.820441595692309,3.148746153538462,5.101009452230772,2.551595016615385,2.192351214615385,3.1970336226153857,3.6523519967692315,2.7201668636923086,2.3584129533846157,2.0781870788461547,4.879650718153847,4.261939213153848,6.376845542769232,3.543190818846155,8.037606838000002,11.82307692261539,21.929059829230773,31.949572649230774,71.98119658076926,83.56495726384617,55.70683760615386,38.34871794846155,30.78632478615385,36.91709401846155,29.32820512846154,11.872649572615389,36.020441596923085,4.668579175153847,9.807308433461543,16.857629422307696,19.42251924692308,43.30957074615386,37.9590724023077,29.545971496153854,22.03413740461539,22.644222633076932,22.920370564615396,49.15807749538463,6.585355129846156,23.742734513076933,454.64,344.45,135000.84000000072,178190.04000000004
Jackson Band of Miwuk Indians,0.12400000000000001,0.18149527010828814,3.2932702681105086,3.959101283611586e7,0.109,0.175,4.2,2.919e6,0.876,0.8185047298917119,0.891,0.825,0.2726209661232479,0.2726209661232479,0.14832620009736536,0.15317754744844522,0.0761156044966269,0.3139065766335078,0.3139065766335078,0.04253848337588654,0.06788229831573926,0.10093728003132255,7.885642317564233,10.034536803647354,10.658522250312343,12.636104114382873,17.820458998790933,22.429023230881615,24.41505737234257,23.422278197581864,18.96935348445844,17.476658271108313,10.830142736095718,7.345731877899245,15.326959138539042,3.2290891292569275,3.0263911894005044,3.1797951145743073,5.522083575848867,2.597577606715366,1.6915270505062974,2.8885754870629725,3.760759715460958,4.860791465453401,2.797289241680101,2.1133673828211585,2.57071020806801,3.186496430612091,136.90153930780858,81.5798208804786,69.71718443702771,45.33741953244333,26.005317660604533,9.601315418297231,3.3266442761863986,2.5737475511335015,3.65362440511335,21.5917716215869,39.08410299801008,91.45062972947105,44.23525982080605,115.12541970267002,65.93297771664987,62.050595541309825,26.739856977733,24.02802111443325,14.82550433063728,6.247138099450883,4.179897881216625,5.285636142317381,24.246565342166246,37.786230885088166,79.81338002891687,38.85510197947103,5.322222222,8.1,8.244444444,11.96666667,14.98888889,20.6,23.96666667,22.65555556,19.32222222,15.56666667,8.188888889,4.688888889,13.63425926,3.119606457,2.426417112,4.209249075,3.646230931,3.383210178,3.55,3.282910294,2.662288072,3.845704675,2.82931087,4.434648928,5.461328695,3.570908774,168.1111111,117.4444444,116.1666667,59.31111111,40.95555556,9.222222222,5.488888889,4.111111111,6.633333333,37.94444444,56.41111111,116.7222222,61.54351851,113.4942669,101.6663798,100.0820788,42.32282022,27.77535378,9.170302309,9.683419391,7.042095648,8.769549589,46.13166242,59.55846801,121.4112616,53.92563821,960.0,727.32,135000.84000000072,178190.04000000004
Sac & Fox Tribe of the Mississippi in Iowa,0.09223038126564184,0.13004154972291693,3.0027696129285943,913018.3439489253,0.089,0.146,2.86,742000.0,0.9077696187343581,0.8699584502770831,0.911,0.854,0.7542019948019223,0.645458117326027,0.0009999999999999998,0.7040700169660478,0.7288096849458948,0.5471746797911756,0.4255116988633711,0.0010000000000000005,0.4407211511876534,0.5382937960365421,-6.6135005974453405,-4.597331740346774,3.2865989647025096,9.752807646292116,15.25024890344982,21.279540023539425,23.40674033993728,22.39857626305556,17.858263642446236,10.498217840929211,2.1146754280591398,-6.1969334925967745,9.036491935562722,2.774779471086021,2.996878478475807,1.8279083734390678,1.9610733533046594,1.5351662571021505,1.5382470832383515,1.0233703459731185,1.3756211547275983,1.8669748402491038,1.553804452453405,3.4951626914838707,3.866928992798387,2.1513262912141573,16.829788931066307,15.65755675095878,45.130545601209676,65.4171644745699,105.87390482575267,126.93227796129035,97.31707487496416,96.85948824964157,85.26952409238353,46.32525886191757,34.89442453025987,23.893926719453408,63.36674465781362,10.027912347474015,13.453208251087815,27.521127593862005,39.84618623921147,45.499174179166666,69.97909547903224,53.672691455985664,49.88367965058244,44.55818153827956,19.14690853114695,27.474787313046598,21.194509182544802,35.18812181356631,-6.2944444445,-3.900000000000001,3.5,11.77777778,15.66111111,21.37777778,23.005555555000004,23.21111111,17.4,12.594444445,3.6388888889999995,-5.4444444445,9.710648149,2.8703157630000002,6.7717088604999995,2.253520582,3.1569618415,2.8850721604999996,1.7800995355000002,3.138000564,2.420572832,2.069651141,3.098463133,4.577746697,5.638608305,3.3883934515000003,28.35,42.61666667,53.044444445,66.388888885,97.9388889,136.64444445,116.46666665,85.56666667,76.422222225,47.105555555,46.96111111,31.766666665,69.10601852,10.077731561000002,52.79562521,47.132971135000005,42.737579505,41.319579805000004,54.120409695,55.897962314999994,34.315349485,40.16593805,32.580892215000006,21.917136005,20.972074079499997,37.83610409,2520.0,1909.2100000000003,135000.84000000072,178190.04000000004
Oglala Sioux Tribe,0.07259867760803586,0.1241536853735952,3.057881612869756,1.8023710507643074e6,0.2343782794133746,0.33807302680020096,3.2055426895083468,1.1801196880421687e6,0.9274013223919642,0.8758463146264048,0.7656217205866254,0.661926973199799,0.3887386100995715,0.3044384389628719,0.0009999999999999992,0.23071622289550314,0.37347490129389316,0.2635445815795166,0.24606164961550378,0.0015801131312891778,0.2341996634159017,0.12385060380846473,-9.02686019358859,-7.775075075003003,0.8183516851531533,8.099332665765766,14.206673342612612,19.491524858828832,21.96316316228228,20.968435100390394,15.997697698918923,8.751084417663664,0.9358024694444446,-8.390590590453453,7.169961628741743,2.431349748993994,3.275960394339339,2.378477289624625,2.3620267805915915,1.402415006036036,1.6577682148288289,1.1834563501741742,1.6802165138708713,1.7346741434444441,2.259064155279279,2.528026381681682,3.642372360192192,2.2113172784954958,24.567934600660664,16.42752752927928,43.402902904864874,57.97610944105105,90.33223223210211,128.64344346456454,95.28902236381383,128.64698033963964,112.11975308408411,56.533733733003004,49.03343343417418,34.54137470891892,69.79287065531531,10.508965900438438,9.009058192354354,23.122879031141146,15.973020936768767,24.479173714564567,57.401938769009014,44.66831706093093,55.732974937957955,56.43313062975977,25.00354738651652,29.62219542621622,22.225546900330333,31.181729077507512,-4.287301587357143,-1.9968253968571426,2.7373015873571425,10.40079365142857,14.165079365714284,19.768253969285716,23.093650793571424,22.379365077857138,16.79285714357143,11.993650793142855,3.015079365142857,-3.095238095357143,9.580555555500002,2.466123612142857,7.431384616928571,1.780969235357143,5.133897429214285,3.8240310591428566,2.637888712857142,2.2991002115,2.381338069642857,2.1859548923571426,4.927077857357141,6.495719883999999,5.741572211785714,3.9420881494285713,8.830158729785714,19.018253967142854,30.927777778571425,54.44126984071428,83.76349206214284,84.8642857142857,72.19126984214284,48.51746031714285,38.13888888857143,33.47857142857142,26.603968253571423,14.29047619,42.92215608428571,7.397241985642856,29.82847995292857,24.216496691499998,34.257127035,42.77488848428571,38.59292840285713,47.100911791428565,32.41546249571428,44.040863218571424,21.03255227785714,35.32693366207142,14.476015440928572,30.95499178714285,454.64,344.45,135000.84000000072,178190.04000000004
"Lower Brule Sioux Tribe of the Lower Brule Reservation, South Dakota",0.07259867760803586,0.1241536853735952,3.057881612869756,1.8023710507643074e6,0.12544701429835634,0.2157886662123754,3.325198553503463,271021.0134944686,0.9274013223919642,0.8758463146264048,0.8745529857016436,0.7842113337876246,0.3887386100995715,0.3044384389628719,0.0009999999999999992,0.23071622289550314,0.37347490129389316,0.2625991491668865,0.25400370052737736,0.0010037010502000107,0.2293245983628374,0.12178972843338298,-9.02686019358859,-7.775075075003003,0.8183516851531533,8.099332665765766,14.206673342612612,19.491524858828832,21.96316316228228,20.968435100390394,15.997697698918923,8.751084417663664,0.9358024694444446,-8.390590590453453,7.169961628741743,2.431349748993994,3.275960394339339,2.378477289624625,2.3620267805915915,1.402415006036036,1.6577682148288289,1.1834563501741742,1.6802165138708713,1.7346741434444441,2.259064155279279,2.528026381681682,3.642372360192192,2.2113172784954958,24.567934600660664,16.42752752927928,43.402902904864874,57.97610944105105,90.33223223210211,128.64344346456454,95.28902236381383,128.64698033963964,112.11975308408411,56.533733733003004,49.03343343417418,34.54137470891892,69.79287065531531,10.508965900438438,9.009058192354354,23.122879031141146,15.973020936768767,24.479173714564567,57.401938769009014,44.66831706093093,55.732974937957955,56.43313062975977,25.00354738651652,29.62219542621622,22.225546900330333,31.181729077507512,-6.6511111110000005,-2.5777777778,2.3800000002,9.037777777599999,14.068888888,20.168888886,23.648888890000002,22.937777778,17.726666668,10.437777777600001,1.2511111110000002,-5.1711111112,8.9381481482,2.9040852360000007,4.127870844199999,2.1955847168,2.1101192679999996,2.2482746886,1.3262483081999998,1.7615334176,2.5884845136000005,1.8266165951999995,1.39398377,4.620896083000001,6.0543816453999995,2.7631732571999996,13.102222222,9.573333332999999,28.102222219999998,49.237777775999994,84.777777778,94.20666666399998,60.584444446,59.451111108,41.419999999999995,39.486666666000005,28.448888888,17.844444444,43.852962962,10.7381706596,5.886845276600001,16.644757975999998,33.72325401,48.694043056,42.962219049999995,32.075563247999995,32.934912626,30.4748084,32.842185408,42.19868365799999,21.5473887902,29.226902682,454.64,344.45,135000.84000000072,178190.04000000004
"Minnesota Chippewa Tribe, Minnesota (White Earth Band)",0.1467066239463556,0.18927829433939242,3.04402606478037,1.7389587431124568e6,0.11834742200013683,0.1993088046107159,3.207511621293201,919555.8172685613,0.8532933760536444,0.8107217056606075,0.8816525779998632,0.8006911953892841,0.365100002179055,0.34646772967378736,0.0010000000000000106,0.23257015349978355,0.3391918590139751,0.5055306152521707,0.45602032210137156,0.000999207007893245,0.4437247194878268,0.41562371204401255,-7.577030775818942,-7.6027373633357325,-0.790623482063989,5.754966795710143,12.172609859354361,17.184733227566493,19.90886365387313,19.35338418316775,14.531254553901706,7.942722563684981,1.7192562234339008,-5.8382139875051795,6.39659878769284,2.6372905414969376,2.8899835878966784,2.533709259065423,1.8411994983558406,1.4254668169113596,2.1211144985877946,1.3080151090582015,1.3127939279957015,1.6396264325403413,1.662051152991898,2.2734414067290754,3.6214145098742203,2.1055088951701393,43.68228995945196,30.774443874818687,39.42797965949335,60.86916382109621,75.10231121015639,94.94571057395572,81.67115304408023,88.15983947939107,94.1449134802368,69.14464082361364,70.50613805401579,53.792037606677766,66.85171846589454,16.619600620854047,18.544630237655234,23.160218790886653,25.02711901627771,27.608727351072684,44.84527304694863,27.658158403509326,27.884294742198016,33.956516432579356,27.063157155464946,35.9305362421722,21.503456356185385,27.4834740335074,-12.719444443750001,-9.461111110500001,-0.16527777775000005,6.290277777749999,12.791666665000001,18.47499999875,20.343055555000003,19.966666667500004,15.605555552500002,6.9680555557499995,-1.161111111,-10.1888888875,5.56203703675,2.74577422325,4.55455111975,5.240869173875,2.6607747827500003,1.63897104,3.0741594869999997,0.8473364478750001,2.32647564075,4.0102699545,1.949229490875,5.5407228365000005,7.124164336749999,3.4761082113749997,27.3375,13.606944446249997,28.788888890000006,46.95833333375,76.87777777625,110.23888888625001,109.94583333374999,94.61111110875,68.92499999750001,62.016666667500004,48.20833333375,29.8805555575,59.78298611249999,32.96237615175,4.400743563125,17.506284631249997,40.588957093750004,53.15299063999999,36.926364843749994,69.27872562124999,34.25627289125,33.912939962500005,24.699866487500007,42.04676240125,30.078967835,34.984271012499995,123710.57000000004,93725.98000000056,135000.84000000072,178190.04000000004
"Red Lake Band of Chippewa Indians, Minnesota",0.1492875505375231,0.19571154655937303,3.023450501351903,1.592961263632674e6,0.11507606487772835,0.19397422746647938,3.0991888017268265,2.0500151232760958e6,0.8507124494624769,0.8042884534406269,0.8849239351222716,0.8060257725335206,0.36603812072111425,0.34679937834317787,0.0010000000000000091,0.2324631538996444,0.34214957078782515,0.395259166697987,0.3540487022656854,0.0009995721386098493,0.2911338326121937,0.26578617438860946,-7.17966709706888,-7.347345821442795,-0.6619846766887275,5.832211482023894,12.231437492191356,17.259316366731767,19.975243176868126,19.44586110762754,14.659558130067179,8.08009018287543,2.015456110839083,-5.45768663817666,6.571040818026684,2.6627379477665336,2.9018406751845824,2.563872847227709,1.7974580921218835,1.4036816248589226,2.1262396893796685,1.3238996772656504,1.3273750269935691,1.5730471543163278,1.638042786151362,2.1853828854211725,3.575598314675891,2.0899313935009056,45.135742922707216,32.2332063637663,39.649678880360376,62.876017602289494,75.07230266518548,94.40015045173794,80.28649234494641,87.51809985182449,92.38520004264126,67.88563530186619,71.2045758923746,55.014166417183,66.97177239500297,16.99477401847889,20.158750079050034,23.177804463428032,25.871880193946538,27.181484855497093,45.14878399233575,27.979132364957067,26.94239461859851,32.90134204789551,26.7003900719314,35.75787920766558,21.480752469324862,27.524614032515828,-13.377083334375003,-10.441666666187503,-1.1722222221875003,5.497916666750001,12.163888888125005,17.589583333750003,19.738888887500003,19.050694444375008,14.422916667500004,6.118055555500002,-2.0027777778125007,-10.886111111187505,4.725173611125001,3.239558577000001,4.740151681437502,5.836849206437501,2.3525969980625003,1.5385293032500005,3.2169396236875016,1.1358766636250002,2.491901402562501,4.436559044,1.8667898656250006,6.085544290312502,8.940832229000003,3.8235107405,34.59791666812501,16.013888888750003,26.490972223125006,45.418055554375,74.53750000000002,112.1305555625,96.08819444000005,109.20972222562506,70.80486111062501,60.79305555625002,54.77152777812503,34.51458333250001,61.28090277937501,44.884765284312515,5.460241235687502,18.683556993937504,40.33953910437502,40.998640076875006,40.98043222687502,47.935730132500005,50.540682818750014,37.25651293500001,29.321915353750008,39.608405002500014,38.32811582325001,36.19487808187501,108554.74000000003,82243.56000000042,135000.84000000072,178190.04000000004
Coyote Valley Band of Pomo Indians of California,0.11244130661413365,0.15590087339275904,3.765613019807938,1.8882859677991074e7,0.135,0.19400000000000003,3.53,7.022e6,0.8875586933858663,0.844099126607241,0.865,0.8059999999999999,0.4237586195093434,0.4136377087903124,0.18871991658075704,0.17923309218660027,0.28615693635808637,0.6672183321578524,0.6672183321578524,0.4571537900777639,0.4645744995183756,0.5061626625970759,8.262171331580154,10.375996605083973,11.497370653129773,13.463613234885498,16.505937235496187,21.03223070175573,22.93715012473283,22.13104325992367,21.534435961679392,16.23333333541985,10.881340116793895,8.278880406748094,15.261125246564887,1.7220093559007636,1.859050790320611,3.3277862389923665,2.9627496467251917,1.7004553050763362,2.767743303839695,2.4029807471297717,2.696622480435115,2.0767599404580155,2.8738789380839695,2.678045570832061,2.4042895901145043,2.456030992358779,144.7827820229008,107.26454625343513,106.01798134076337,42.80025445267176,33.006022048549625,6.791857506419849,12.093893131564887,6.17896522476336,13.703138253083972,29.725954198625956,46.00220526022901,125.58905853816795,56.163054854122144,132.73053410656493,104.7173758908397,111.52165487557254,28.598538569847335,28.262664462137412,11.119085783702293,22.68168789329008,15.388254362503819,16.363426855435115,33.610464389770996,46.99671991679389,131.8405089720611,56.98590967343512,7.4,8.177777778,8.911111111,10.86666667,13.688888889999998,17.73333333,20.48888889,19.71111111,18.14444444,14.22222222,8.844444444,7.044444443999999,12.93611111,1.2,3.23565209,1.328010207,1.532155345,1.501203221,1.637833935,0.633333333,1.057644133,1.335207017,1.8191878529999999,1.694189416,1.7826322609999998,1.563087401,219.0222222,147.1222222,138.8333333,65.76666667,51.67777778,18.94444444,5.155555556,7.1222222219999995,12.06666667,45.37777778,69.15555556,207.1222222,82.28055555,171.935764,106.960025,140.7269253,44.58158252,37.25710596,21.26470733,10.01550187,16.01903382,17.54985755,47.11127195,56.634024909999994,188.2531393,71.52574496,320.0,242.43,135000.84000000072,178190.04000000004
Saginaw Chippewa Indian Tribe of Michigan,0.1492875505375231,0.19571154655937303,3.023450501351903,1.592961263632674e6,0.13899363584647279,0.1340288262128662,2.770181553006367,4.622436133448231e6,0.8507124494624769,0.8042884534406269,0.8610063641535273,0.8659711737871338,0.36603812072111425,0.34679937834317787,0.0010000000000000091,0.2324631538996444,0.34214957078782515,0.5336696558646482,0.46853341867930126,0.0009888662243202062,0.4398799739291396,0.5230238268775373,-7.17966709706888,-7.347345821442795,-0.6619846766887275,5.832211482023894,12.231437492191356,17.259316366731767,19.975243176868126,19.44586110762754,14.659558130067179,8.08009018287543,2.015456110839083,-5.45768663817666,6.571040818026684,2.6627379477665336,2.9018406751845824,2.563872847227709,1.7974580921218835,1.4036816248589226,2.1262396893796685,1.3238996772656504,1.3273750269935691,1.5730471543163278,1.638042786151362,2.1853828854211725,3.575598314675891,2.0899313935009056,45.135742922707216,32.2332063637663,39.649678880360376,62.876017602289494,75.07230266518548,94.40015045173794,80.28649234494641,87.51809985182449,92.38520004264126,67.88563530186619,71.2045758923746,55.014166417183,66.97177239500297,16.99477401847889,20.158750079050034,23.177804463428032,25.871880193946538,27.181484855497093,45.14878399233575,27.979132364957067,26.94239461859851,32.90134204789551,26.7003900719314,35.75787920766558,21.480752469324862,27.524614032515828,-5.844444444,-6.211111111,0.47777777800000004,6.85,13.155555555000001,18.411111110000004,21.027777775,20.56111111,15.86111111,9.161111111,3.1833333335000003,-4.3722222225,7.688425925000001,2.6107389175,3.4453497285,2.806400843,2.316148878,1.6434470475,2.038067056,1.2321024194999999,1.5227663275,1.5710362475,1.8715594384999998,1.8671989985,2.7841852819999997,2.1424167655,44.755555555,36.544444444999996,39.866666665000004,62.16666666500001,79.13888889,83.27222221999999,73.02222222500001,93.594444445,95.05555556,72.71666667000001,86.005555555,47.077777775,67.76805556,21.083716084999995,23.640465085,25.28618533,24.935347065,38.084367895,33.92055921,18.265125245,33.45871754,34.82351091,35.32456457,38.420027479999995,21.01300144,29.021298990000002,108554.74000000003,82243.56000000042,135000.84000000072,178190.04000000004
"Rosebud Sioux Tribe of the Rosebud Indian Reservation, South Dakota",0.07259867760803586,0.1241536853735952,3.057881612869756,1.8023710507643074e6,0.25894456424904105,0.34493884949538584,3.549961086499539,1.577496633617306e6,0.9274013223919642,0.8758463146264048,0.7410554357509589,0.6550611505046142,0.3887386100995715,0.3044384389628719,0.0009999999999999992,0.23071622289550314,0.37347490129389316,0.31939540546512135,0.3168024862595672,0.0011247043683882982,0.26352988498320323,0.20973753105813772,-9.02686019358859,-7.775075075003003,0.8183516851531533,8.099332665765766,14.206673342612612,19.491524858828832,21.96316316228228,20.968435100390394,15.997697698918923,8.751084417663664,0.9358024694444446,-8.390590590453453,7.169961628741743,2.431349748993994,3.275960394339339,2.378477289624625,2.3620267805915915,1.402415006036036,1.6577682148288289,1.1834563501741742,1.6802165138708713,1.7346741434444441,2.259064155279279,2.528026381681682,3.642372360192192,2.2113172784954958,24.567934600660664,16.42752752927928,43.402902904864874,57.97610944105105,90.33223223210211,128.64344346456454,95.28902236381383,128.64698033963964,112.11975308408411,56.533733733003004,49.03343343417418,34.54137470891892,69.79287065531531,10.508965900438438,9.009058192354354,23.122879031141146,15.973020936768767,24.479173714564567,57.401938769009014,44.66831706093093,55.732974937957955,56.43313062975977,25.00354738651652,29.62219542621622,22.225546900330333,31.181729077507512,-5.172222222333333,-1.2074074073333332,2.3833333333333333,8.944444444166667,13.424074073333333,19.714814816666667,23.32037037166667,22.20185185166667,16.97037037,10.416666666666668,1.8611111109999998,-3.9648148148333338,9.074382716166667,2.5847816688333336,3.859076044833333,2.166047912333333,2.2313711763333335,2.206646666833333,1.7154565334999998,2.1295233693333335,2.048883897,1.9439453094999999,2.0263024021666665,4.358471273166666,4.362388104166667,2.63607453,12.400000000666667,13.507407406666667,26.877777778333332,48.755555556666664,98.25740739999999,77.02962962833334,55.299999998333334,49.75000000166666,28.474074074999997,31.55,26.501851851666668,16.301851853333336,40.39212963000001,9.125158039166667,9.1589549715,10.768770737666667,29.170741449999998,69.15030809000001,36.44144978333333,25.921556355000003,29.94496387166667,20.786030219999997,17.751609051666666,28.985143865,14.634489197499999,25.153264636666666,454.64,344.45,135000.84000000072,178190.04000000004
"Kaw Nation, Oklahoma",0.12332067850713269,0.1927527298933957,3.0459322597769676,1.1586473610677323e6,0.1572025342021524,0.2475822789458459,3.078987237184675,3.812518868809298e6,0.8766793214928673,0.8072472701066042,0.8427974657978476,0.752417721054154,0.584781169154354,0.5187649833831556,0.045846455477327214,0.5521540795612474,0.5316071326643554,0.4384815857878812,0.39364080066475143,0.3051784800557644,0.41531873052694734,0.3356202459152568,-3.1093276053555945,-1.109516370407733,5.847796654099591,11.593939982659641,16.57848727311072,22.984189284704158,25.63937382021675,24.654357873304036,20.16438195620386,12.860443922870537,4.96313220062273,-2.6124129400257763,11.537903838090216,2.498613444585237,3.157123530588166,1.6490702207393086,1.581655186968952,1.643459948692443,1.4161772631974223,1.2720994221318096,1.7308311945787933,1.7353837358787343,1.3863781355278266,3.066801286383715,3.070713976884007,2.0173589453099012,22.30453036680726,20.894434681698886,53.948506150216744,54.68745687668424,108.92432469343879,112.5554448974693,97.57668424367897,89.79843130035736,66.2808631117106,42.208338217053296,32.41476274084358,25.22905031804335,60.56856896711189,11.03871958910369,17.704898780058578,26.63623125967194,23.194181122882245,65.18388995653777,43.55142052971294,33.57570830414177,42.11217288129467,49.99999245292913,27.624982637480954,20.84162230589924,25.028292261159933,32.20767600638547,2.6055555554999996,4.399999999999999,10.584382177196996,15.530817768049246,20.079351044203495,25.977777779999997,28.405555554999996,28.272222219999996,23.832782269493066,16.772222224999997,9.794444444499996,3.02125328770871,15.77303036317959,2.192049267,2.8467459364999996,1.375409552453774,1.3943296068574083,1.102995816433708,1.5461411084999996,1.4531096855,1.7075719259999997,1.517713316756704,1.3516941894999996,2.0105198664999993,2.7782618706972046,1.7730451788460666,43.32777777999999,47.822222225,86.69999999999999,88.02222221999997,141.86111114999997,149.3777778,106.43333329999997,94.77222222499996,76.67222222499998,73.87222221999998,49.67222222,44.81666666999999,83.61250000499999,25.989375079999995,34.83180871999999,47.60368078999999,40.102691695,81.49107882999998,76.73613896999998,58.851854724999995,64.37513860499998,49.79214945,50.7357575,47.12872787,39.522306015,51.43005902499999,3840.0,2909.279999999999,135000.84000000072,178190.04000000004
Quapaw Nation,0.17677904972442648,0.24544704345967577,2.9299999999999997,1.0425098760491695e6,0.1457554589727914,0.21181380233662359,2.864576473087522,2.4870018109975327e6,0.8232209502755735,0.7545529565403242,0.8542445410272086,0.7881861976633764,0.47831590924961026,0.32490939337590385,0.46943790716202954,0.24228119073184168,0.3755218315800192,0.44931690071197544,0.3877984213366738,0.3990737959707061,0.38030171611103697,0.43664698538061997,-0.4541477149902534,0.9688975527329435,3.800000000019493,6.651050465660817,12.126857268596492,16.579857053489274,20.180615117076023,20.031947149844054,17.253454623645226,11.341195581793372,1.8509854883859649,-0.364110894785575,9.163883474335282,3.9508574593333328,4.961561123838207,6.367623994029239,4.039270805814815,4.894912655267057,4.2455345424288495,1.960782682233918,1.8330291938011694,4.83291079202729,4.5575672591968805,2.877119532898635,3.065727856249513,3.965574824879142,35.230864197836254,57.7695906420078,33.076023390935674,26.682932642631577,59.8212259048538,30.641412173996095,31.13532596998051,35.26528048539961,15.50114793062378,25.572341344814816,31.648451374561404,40.704201862300195,35.25406649473684,23.193447986237814,53.91840161233918,18.28121400945419,19.445081317212473,44.943930717387914,31.70684349460039,37.94267922972709,44.12708507364522,12.241788364775829,17.146631630292397,29.364977220643276,46.686334311793374,31.583201247563355,2.366666667,4.044444444,10.13333333,14.76666667,19.06666667,24.655555559999996,27.03333333,26.93333333,22.766666670000003,15.62222222,9.455555556,2.644444444,14.95740741,2.752271789,2.831126592,1.3937359860000003,1.220655562,0.9165151389999999,1.4604032929999997,1.533786165,1.503329638,1.607793519,1.170232645,2.295163998,3.22765825,1.826056048,70.84444444,67.93333333,110.95555560000001,99.27777778,181.7666667,125.4333333,85.38888889,83.27777778,101.5,81.12222222,91.97777778,75.38888889,97.90555556,45.5720888,47.98484136,54.46395852,41.91061255,82.35030358,47.23314514,55.21570077,62.81589723,51.08125879,60.68959503,80.40044741,74.14164559,58.6549579,1288.12,975.9100000000001,135000.84000000072,178190.04000000004
"Tule River Indian Tribe of the Tule River Reservation, California",0.13900736100599034,0.21563328113173913,3.2293888018862327,7.80690435086827e6,0.159,0.239,3.1000000000000005,3.8373e7,0.8609926389940097,0.7843667188682608,0.841,0.761,0.21615425799348362,0.21615425799348362,0.07757534818944065,0.0774458466024725,0.08014665503804357,0.20277578997696694,0.20277578997696694,0.038104564251400644,0.040199490131231905,0.06665609297435791,6.9484693877040815,7.67862811937755,9.992403628795916,13.58219954670408,16.94325396862245,20.63140589535714,22.84931972739796,23.302551019540815,20.43922902938775,15.362301585867344,8.678571428933672,5.949773242586734,14.363175545969387,2.434164832678571,3.0519596565102036,2.280900539030612,1.9786173079999996,1.5184186130663264,2.440254301142857,2.9423994892499996,2.8791293528724484,1.6780202045102037,2.506441047265306,4.110543302591836,2.3830908394948978,2.516994957403061,96.30702947617345,86.01984128290816,74.66780045566325,54.71048752908163,41.93259637275509,24.267120180642856,7.59506802640306,16.369104308892858,23.862981859556122,58.50617913520407,108.82114510897958,102.14092969826528,57.933356967091825,64.97073183673469,73.93383441071428,52.31478547872449,30.98178374948979,26.900961053163265,12.465332341290814,9.963957219204081,21.25684851883163,20.542352383311222,46.10495556994898,94.0562028978061,62.31455615846938,42.9838584690306,6.683333332999999,6.2333333335,9.394444443000001,11.799999999999999,15.11111111,20.083333335,23.394444445,22.483333330000004,19.35,14.033333335,7.827777777999999,6.338888889,13.561111110000002,2.9480220075,2.933840869,2.4987617639999997,1.80298728,1.3385208955,1.9098264444999997,1.7257281039999997,1.3665049885,1.10766658,2.577456837,4.2946172465,3.30453975,2.3173727305,111.95000001999999,72.516666665,60.205555555,35.60555556,19.238888885,8.805555556000002,6.1,5.422222222499999,6.411111111500001,14.4,25.522222225,59.505555554999994,35.47361111,72.27791619,50.04293539499999,52.02112069499999,24.408174285,17.73524733,13.001056629,11.140103909999999,9.2517943855,8.6974503345,14.843905955,40.757860429999994,56.6284895,30.900504585,480.0,363.65999999999997,135000.84000000072,178190.04000000004
"Nottawaseppi Huron Band of the Potawatomi, Michigan",0.084,0.067,3.05,1.2274e7,0.143,0.163,2.93,9.514e6,0.916,0.933,0.857,0.837,0.37584025248814945,0.3310119216465688,0.0009999999999999998,0.2647020715454928,0.37584025248814945,0.5176310423319573,0.41850082110762143,0.001,0.4082484959065641,0.5080129415944554,-4.411111111,-4.277777778,1.533333333,7.633333333,13.18888889,18.48888889,21.65555556,21.1,16.74444444,9.822222222,4.233333333,-2.744444444,8.580555556,2.740640639,4.415534446,3.13926743,3.116488408,2.078728244,2.598771077,1.534691428,1.9519221300000003,1.608657135,2.512358343,1.60623784,2.123152792,2.452204159,56.84444444,50.78888889,49.12222222,68.17777778,89.33333333,96.05555556,85.35555556,78.66666667,88.93333333,80.03333333,79.41111111,68.4,74.26018519,22.79337136,20.06261725,23.58716694,27.508624909999998,43.56107781,58.13503916,27.64141418,25.4311325,32.44183256,40.70752387,42.96357307,30.14398779,32.91478012,-1.655555556,1.722222222,3.088888889,9.777777777999999,15.2,20.06666667,23.14444444,22.5,17.8,11.94444444,4.777777778000001,-3.2,10.430555559999998,6.019574551,6.374711322,2.489701008,1.923393991,1.497497913,1.783956277,1.271918935,2.316246964,1.207269647,2.101256238,1.810233257,2.718915225,2.626222944,47.32222222,51.04444444,45.43333333,61.87777778,88.65555556,102.1444444,82.4,56.91111111,92.41111111000001,89.63333333,68.82222222,49.477777780000004,69.67777777,29.75860286,29.45306058,24.48499541,30.81703173,57.50884956,47.14154514,51.00762198,51.37147663,50.25677677,71.24006948,45.019073119999995,24.02154126,42.67338704,160.0,121.22,135000.84000000072,178190.04000000004
"Crow Creek Sioux Tribe of the Crow Creek Reservation, South Dakota",0.08785527833276714,0.1287293858357494,3.01505182117626,1.1112186481003438e6,0.16571537551179194,0.24391439539265328,3.2220093056641392,396722.3200806687,0.9121447216672328,0.8712706141642506,0.8342846244882081,0.7560856046073468,0.6734912824801058,0.5701456720618769,0.0010000000000000005,0.5995322616153069,0.6503358221685631,0.3027186178074835,0.28722905703184914,0.0009815805252562783,0.2699282845130425,0.14160428392115101,-7.168123610223602,-5.327620581230501,2.719362012259489,9.372816501699102,15.01042097953071,20.86862970618357,23.074986578612826,22.069910281573495,17.4306801647412,10.09670270638992,1.8437543133464451,-6.701065869122844,8.607537765672184,2.695854628120772,3.061015316282952,1.9544366336804684,2.053217929761904,1.5046582056149067,1.565714672485852,1.060160297249137,1.4456213304313312,1.836570332287784,1.7158827692518968,3.272901551964113,3.8153228101497563,2.1651130398440293,18.608120544575566,15.834506557156656,44.73350970204967,63.70710834885436,102.30221609305033,127.32552717632849,96.85100069538301,104.16468829516907,91.4400736122153,48.671305881980665,38.14376198022772,26.340855760510696,64.84355622245684,10.138465027347825,12.431881840074531,26.510349973857824,34.3598066355445,40.668490842581086,67.08869300530016,51.60336317886125,51.2279276358799,47.287207105886814,20.492844168716346,27.968291040917865,21.43145573880607,34.26739801708074,-6.566666666666667,-2.4148148149999997,2.285185185,9.555555555333333,14.381481483333333,20.36296296333333,23.95925926,22.570370369999996,17.28148148,10.859259256666665,1.2851851853333331,-5.307407407333333,9.020987653999999,3.3076588689999995,4.948760395666667,2.0054453199999998,2.5729091469999994,2.112042521,1.8636933439999999,1.546672117333333,1.7377205296666667,2.172806468333333,2.1679526549999997,4.673668561666666,6.253856305333333,2.9469321863333335,11.277777780666666,9.674074073666667,29.01851851666666,52.144444443333335,101.8,89.82222222,62.85925925999999,60.28888888666667,46.00000000333333,41.492592593333335,21.15555555333333,12.785185183333331,44.85987654333333,7.359926999999999,5.945773999999999,19.099993723333334,32.433189213333335,62.82647677666666,52.08546109333333,32.61673233,25.142487589999998,32.98299786,33.57728779,21.35205832333333,6.140285981999999,27.630222643333333,2974.6400000000003,2253.66,135000.84000000072,178190.04000000004
"Manchester Band of Pomo Indians of the Manchester Rancheria, California",0.11244130661413365,0.15590087339275904,3.765613019807938,1.8882859677991074e7,0.135,0.19400000000000003,3.53,7.022e6,0.8875586933858663,0.844099126607241,0.865,0.8059999999999999,0.4237586195093434,0.4136377087903124,0.18871991658075704,0.17923309218660027,0.28615693635808637,0.5617350952767542,0.5617029079487761,0.004385178101309611,0.3824637808217352,0.41115917521548867,8.262171331580154,10.375996605083973,11.497370653129773,13.463613234885498,16.505937235496187,21.03223070175573,22.93715012473283,22.13104325992367,21.534435961679392,16.23333333541985,10.881340116793895,8.278880406748094,15.261125246564887,1.7220093559007636,1.859050790320611,3.3277862389923665,2.9627496467251917,1.7004553050763362,2.767743303839695,2.4029807471297717,2.696622480435115,2.0767599404580155,2.8738789380839695,2.678045570832061,2.4042895901145043,2.456030992358779,144.7827820229008,107.26454625343513,106.01798134076337,42.80025445267176,33.006022048549625,6.791857506419849,12.093893131564887,6.17896522476336,13.703138253083972,29.725954198625956,46.00220526022901,125.58905853816795,56.163054854122144,132.73053410656493,104.7173758908397,111.52165487557254,28.598538569847335,28.262664462137412,11.119085783702293,22.68168789329008,15.388254362503819,16.363426855435115,33.610464389770996,46.99671991679389,131.8405089720611,56.98590967343512,8.711111111,9.544444444,10.02222222,11.66666667,13.82222222,16.38888889,17.98888889,18.1,17.1,14.211111110000001,9.5,8.244444444,12.941666670000002,1.44087165,2.395365896,1.21426704,0.543139025,1.146492235,1.303307758,1.8764623929999997,3.091116303,1.5612495,1.128543801,1.6552945359999998,2.031077984,1.6155990100000002,236.59999999999997,163.2333333,145.7,77.26666667,59.36666667000001,13.466666670000002,12.04444444,10.12222222,7.588888889000001,55.36666667,83.72222222,221.9222222,90.53333333,178.2517181,105.59235289999998,109.12205319999998,56.88055467,45.39887113,15.74444346,23.79638161,21.70511332,10.36755087,56.23088564,57.671565300000005,165.2347556,70.49968715,320.0,242.43,135000.84000000072,178190.04000000004
Blackfeet Tribe of the Blackfeet Indian Reservation of Montana,0.07787142223815578,0.1130676491731235,3.3299999999999996,3.7997795171427554e6,0.17950383835116168,0.26195321077613354,3.194675277337018,1.2755289413522887e6,0.9221285777618442,0.8869323508268765,0.8204961616488383,0.7380467892238665,0.19713180866318136,0.19368931957165347,0.0073857660068924495,0.12745420967687907,0.055501310963111075,0.18566467751003676,0.17953115914966009,0.001760571449829211,0.12322367742974344,0.033911655547780084,-4.6073425337850304,-2.2431705592452227,1.4666843595047763,6.073071479082799,10.426875441710186,15.725548477675149,19.322611464156044,18.374044584904457,13.9082625607484,7.847523000676746,-0.45008846428025456,-4.35530785559554,6.7907259964299325,2.8716681423757953,2.357752628813693,2.4836985766767508,1.5998161480382158,1.893259067097133,1.5176128412101901,2.2793293014777065,2.3830650249617826,2.649500970542992,2.0782734934219733,3.6727158351210174,2.625907743246815,2.3677166477563683,46.83550955353502,17.010279546831203,39.65674097823247,43.07754777030253,79.17947629235668,65.25713021918787,34.58865888214968,39.87671620457004,42.26539278296177,41.508669496512724,32.77915781939489,19.06134111848726,41.75805172229298,77.2901011971815,12.05274872265127,19.35935297498407,19.62841127621018,32.69195084531846,38.58578492751592,25.169300938057315,24.42852678320063,27.245784762914,22.299185677866237,16.425316194824834,12.031536870697444,27.267333430525465,-6.485714285714287,-2.9507936507142865,-0.8603174602857143,4.4682539682857145,8.860317460857145,13.28730158714286,16.874603175714288,15.195238095714288,10.850793652285715,6.849206349000001,-1.8619047620000007,-5.733333333428572,4.874470899714286,2.925335754571429,4.7792076240000005,2.479287670571429,2.4201086554285722,3.8412780722857147,5.227756565285715,3.183212205285715,3.3714378840000006,3.222619491714286,4.283425667714287,5.249413353428572,4.911048779285714,3.824510976857143,18.21428571357143,16.907936508428573,21.603174602857145,35.27619047571428,68.13809523857144,82.35079365142859,32.103174602857145,39.312698412857145,43.55714285857143,32.56031746,36.78888888714286,20.36190476371429,37.26455026428572,11.04103887357143,12.37328417157143,16.556767179,23.478581082857147,36.80904616000001,59.52308715,26.006705904285717,25.40730010571429,41.14558029857143,17.358124914285717,46.85434863571429,14.159266057000002,27.559427544285718,1319.32,999.5000000000002,135000.84000000072,178190.04000000004
"Kashia Band of Pomo Indians of the Stewarts Point Rancheria, California",0.11244130661413365,0.15590087339275904,3.765613019807938,1.8882859677991074e7,0.09,0.118,4.0,3.0682e7,0.8875586933858663,0.844099126607241,0.91,0.882,0.4237586195093434,0.4136377087903124,0.18871991658075704,0.17923309218660027,0.28615693635808637,0.6978316968964758,0.6978316968964758,0.001,0.25589567982858746,0.3110899084069139,8.262171331580154,10.375996605083973,11.497370653129773,13.463613234885498,16.505937235496187,21.03223070175573,22.93715012473283,22.13104325992367,21.534435961679392,16.23333333541985,10.881340116793895,8.278880406748094,15.261125246564887,1.7220093559007636,1.859050790320611,3.3277862389923665,2.9627496467251917,1.7004553050763362,2.767743303839695,2.4029807471297717,2.696622480435115,2.0767599404580155,2.8738789380839695,2.678045570832061,2.4042895901145043,2.456030992358779,144.7827820229008,107.26454625343513,106.01798134076337,42.80025445267176,33.006022048549625,6.791857506419849,12.093893131564887,6.17896522476336,13.703138253083972,29.725954198625956,46.00220526022901,125.58905853816795,56.163054854122144,132.73053410656493,104.7173758908397,111.52165487557254,28.598538569847335,28.262664462137412,11.119085783702293,22.68168789329008,15.388254362503819,16.363426855435115,33.610464389770996,46.99671991679389,131.8405089720611,56.98590967343512,9.033333333,8.633333333,11.18888889,12.36666667,15.5,19.2,21.52222222,20.64444444,20.01111111,14.88888889,10.55555556,8.555555556,14.341666670000002,0.988685997,6.982120022,1.6366463,2.329699551,2.029778313,1.7392527129999997,1.859286004,2.094702312,2.091318032,4.6033804,1.029697906,1.479113849,2.405306783,256.0333333,162.6555556,137.1333333,66.02222222,46.54444444,10.52222222,9.977777778,8.422222222,6.566666667,41.9,73.5,224.17777780000003,86.95462963,204.6327076,113.3368553,111.6280207,48.97626409,34.03531663,13.04509273,14.69623913,15.48303731,10.32206375,44.66906088,56.42650087,174.8872121,70.17819759,320.0,242.43,135000.84000000072,178190.04000000004
"Forest County Potawatomi Community, Wisconsin",0.084,0.067,3.05,1.2274e7,0.11961210481409663,0.2124109741534982,2.91134563620483,542266.0052449981,0.916,0.933,0.8803878951859033,0.7875890258465018,0.37584025248814945,0.3310119216465688,0.0009999999999999998,0.2647020715454928,0.37584025248814945,0.42304623324351415,0.40664666941360283,0.0009999999999999992,0.23357758096922562,0.3800370771844414,-4.411111111,-4.277777778,1.533333333,7.633333333,13.18888889,18.48888889,21.65555556,21.1,16.74444444,9.822222222,4.233333333,-2.744444444,8.580555556,2.740640639,4.415534446,3.13926743,3.116488408,2.078728244,2.598771077,1.534691428,1.9519221300000003,1.608657135,2.512358343,1.60623784,2.123152792,2.452204159,56.84444444,50.78888889,49.12222222,68.17777778,89.33333333,96.05555556,85.35555556,78.66666667,88.93333333,80.03333333,79.41111111,68.4,74.26018519,22.79337136,20.06261725,23.58716694,27.508624909999998,43.56107781,58.13503916,27.64141418,25.4311325,32.44183256,40.70752387,42.96357307,30.14398779,32.91478012,-9.155555555,-9.061111111,-2.24166666675,5.313888889,12.1527777775,16.919444445000003,19.544444442499998,18.841666664999998,13.391666667500001,7.11111111125,-0.15000000000000002,-8.188888889,5.373148148,2.84075310825,2.948762864500001,2.54412490075,2.1121535355,1.6667907112499998,1.9111733314999997,1.5074899572499998,1.4329059025000002,2.19138964825,1.7898948887500001,3.3140592234999997,4.9272680090000005,2.4322305067499994,28.469444445000004,20.555555554999998,37.788888892500005,55.099999999999994,77.05833333500001,112.411111125,100.21666667749999,110.855555575,120.33888887499998,75.275,60.416666665,50.11944444499999,70.7171296325,21.563096260000002,14.753351956000001,19.45199719,22.7847429475,30.281425592500003,44.9792005475,42.32939140249999,41.75196205500001,45.766332184999996,37.4612077825,37.19859757,36.347233700000004,32.88904493249999,160.0,121.22,135000.84000000072,178190.04000000004
"Sokaogon Chippewa Community, Wisconsin",0.1492875505375231,0.19571154655937303,3.023450501351903,1.592961263632674e6,0.12,0.213,2.91,531000.0,0.8507124494624769,0.8042884534406269,0.88,0.787,0.36603812072111425,0.34679937834317787,0.0010000000000000091,0.2324631538996444,0.34214957078782515,0.4513938957380169,0.4228495501203706,0.0009999999999999998,0.2710637216160781,0.3339795733378038,-7.17966709706888,-7.347345821442795,-0.6619846766887275,5.832211482023894,12.231437492191356,17.259316366731767,19.975243176868126,19.44586110762754,14.659558130067179,8.08009018287543,2.015456110839083,-5.45768663817666,6.571040818026684,2.6627379477665336,2.9018406751845824,2.563872847227709,1.7974580921218835,1.4036816248589226,2.1262396893796685,1.3238996772656504,1.3273750269935691,1.5730471543163278,1.638042786151362,2.1853828854211725,3.575598314675891,2.0899313935009056,45.135742922707216,32.2332063637663,39.649678880360376,62.876017602289494,75.07230266518548,94.40015045173794,80.28649234494641,87.51809985182449,92.38520004264126,67.88563530186619,71.2045758923746,55.014166417183,66.97177239500297,16.99477401847889,20.158750079050034,23.177804463428032,25.871880193946538,27.181484855497093,45.14878399233575,27.979132364957067,26.94239461859851,32.90134204789551,26.7003900719314,35.75787920766558,21.480752469324862,27.524614032515828,-10.5472222225,-9.3166666655,-1.5083333332500002,5.2055555555,11.594444445,17.175000002500003,19.355555555,18.627777777499997,13.619444445,6.375,-0.8305555557500001,-6.8416666665,5.242361111500001,1.789696662,3.213995825,3.871922763,2.1587269934999997,1.3638728980000001,2.74129563825,1.6599574025,1.9718180490000001,3.5846219809999997,2.069961616,3.8881334489999997,11.38863948275,3.30855356325,29.625,17.005555554999997,34.077777774999994,65.3694444425,79.22222222250001,112.38333335,112.975,133.11944445,112.6972222,71.83055555499999,56.1722222225,42.3916666675,72.23912037,32.228197605,11.631409757499998,19.7574174675,40.442780392500005,30.198826025000002,45.393459039999996,43.550655,71.12148568250001,60.83124342,38.45245705,43.5312098025,34.3873473675,39.29387404999999,108554.74000000003,82243.56000000042,135000.84000000072,178190.04000000004
Tuolumne Band of Me-Wuk Indians of the Tuolumne Rancheria of California,0.1289607211350525,0.19277967598918155,3.2721540878899873,2.9084695392387252e7,0.128,0.187,4.06,4.759e6,0.8710392788649475,0.8072203240108184,0.872,0.813,0.2546118187366038,0.2546118187366038,0.12576135504189784,0.12902414082091335,0.07740124316280436,0.5377345077081908,0.5377345077081908,0.30949566319423844,0.23041394216671118,0.33987450503981087,7.575885328942665,9.255855349824621,10.438354881311973,12.94881019319393,17.5305227662226,21.834869777655985,23.89754543573356,23.382705639578415,19.4551808146543,16.777815252040476,10.118999437269816,6.884335769094435,15.008406720084317,2.966348552310287,3.0348421498617206,2.8826899934839796,4.35088730519393,2.240890991613828,1.9389984520657666,2.906365545121417,3.4693608097824624,3.8088131060185493,2.701157292092749,2.7734794912107925,2.508697735487353,2.965210952114671,123.48412965013492,83.04734870320407,71.35347573492412,48.435431888836426,31.269645869005057,14.448697768077569,4.737455498854974,7.133427019128163,10.333277121927487,33.79282368342327,62.1337830211973,94.9840172402361,48.762792773035414,98.54815356148397,68.57744299833053,58.83268867408094,28.141910345801016,24.977593168381116,14.045413757430019,7.475631434141652,9.824218833952783,10.32832818824452,31.471260931787516,56.38473765489039,74.02962036853289,40.21974999288364,5.477777778,6.977777778,9.733333333,12.75555556,16.37777778,20.42222222,24.55555556,24.11111111,20.56666667,15.322222220000002,8.522222222,4.933333333,14.146296300000001,1.927289403,3.4679885299999995,1.656049516,1.887532193,1.482209312,3.206157271,2.452096609,1.15048299,1.226784415,2.086131454,3.1708743969999995,4.007804885,2.310116748,172.8111111,106.6,95.12222222,63.91111111,38.65555556,6.677777778,13.08888889,8.655555556,6.955555555999999,32.06666667,49.16666667,103.75555559999998,58.12222223,122.77680400000001,90.23666106,90.2227906,38.81244789,24.854381460000003,5.649287074,23.83948639,15.655519080000001,8.300468528,41.77286799,57.22575906,89.42564105,50.73100951999999,1440.0,1090.98,135000.84000000072,178190.04000000004
Shakopee Mdewakanton Sioux Community of Minnesota,0.08367354529918605,0.1397568993010532,3.0320665946583727,2.0558671565764127e6,0.049,0.087,3.24,3.888e6,0.916326454700814,0.8602431006989468,0.951,0.913,0.7152499620389728,0.610427564729648,0.0010000000000000022,0.6822171101638261,0.6597960028319914,0.717306784900286,0.593178343387606,0.0009999999999999998,0.586161300575571,0.7085450008077256,-8.963843594448074,-7.412197077072151,1.1522405596695324,8.54808116749107,14.597889558022535,20.17321759964719,22.444490562269028,21.285274127944465,16.476340438685643,9.06967860244906,0.6408000351409233,-8.492066629281453,7.459992112584938,2.601292103876765,2.9417634860199637,2.230045088171855,2.3406198505126024,1.5034970901875682,1.6700504126670626,1.0026518741493236,1.5267080794447105,1.7088234316559925,2.05309915646902,3.0987650753897613,3.96486600256923,2.220181804224429,19.381888857044153,15.956013440564282,46.5207157041783,61.61097934488887,98.41883366451728,126.04708963247364,96.57748021048927,106.88076885963743,94.09449769732186,51.83448078980236,43.37857825063746,28.931277792741394,65.80271702090228,9.978277927648085,10.542406386598094,26.694676256793166,29.764870356102783,33.17008632948713,47.23161512445995,41.15823270495406,43.78023226500642,56.238597382096096,21.41165741064533,33.18225951681395,20.813909474154585,31.163901760803487,-8.955555556,-6.522222222,1.888888889,8.555555556,14.47777778,20.35555556,22.26666667,21.66666667,17.11111111,9.166666667,1.177777778,-6.622222222,7.880555557,2.549073906,3.111180555,2.862885103,3.133732244,2.438635775,2.342066988,1.225765067,1.78465683,1.606583677,2.8974126389999997,2.761239657,6.984407236,2.80813664,37.41111111,13.33333333,44.65555556,66.65555556,80.34444444,123.8333333,111.6111111,109.6333333,95.21111111,63.31111111,52.422222219999995,43.98888889,70.20092592,65.63340317,8.649566462999998,31.52503414,47.82538842,17.88009446,46.58229277,44.60385198,32.75297696,58.49505202,30.89621516,61.19778954,47.09648194,41.09484559,20825.669999999995,15778.019999999971,135000.84000000072,178190.04000000004
"Spirit Lake Tribe, North Dakota",0.07259867760803586,0.1241536853735952,3.057881612869756,1.8023710507643074e6,0.13897302415023968,0.24435226395797585,3.1779643009294856,466913.5038488432,0.9274013223919642,0.8758463146264048,0.8610269758497603,0.7556477360420242,0.3887386100995715,0.3044384389628719,0.0009999999999999992,0.23071622289550314,0.37347490129389316,0.40906575911393095,0.3706741718371754,0.0009997879668801324,0.3683904025703518,0.24344350511391885,-9.02686019358859,-7.775075075003003,0.8183516851531533,8.099332665765766,14.206673342612612,19.491524858828832,21.96316316228228,20.968435100390394,15.997697698918923,8.751084417663664,0.9358024694444446,-8.390590590453453,7.169961628741743,2.431349748993994,3.275960394339339,2.378477289624625,2.3620267805915915,1.402415006036036,1.6577682148288289,1.1834563501741742,1.6802165138708713,1.7346741434444441,2.259064155279279,2.528026381681682,3.642372360192192,2.2113172784954958,24.567934600660664,16.42752752927928,43.402902904864874,57.97610944105105,90.33223223210211,128.64344346456454,95.28902236381383,128.64698033963964,112.11975308408411,56.533733733003004,49.03343343417418,34.54137470891892,69.79287065531531,10.508965900438438,9.009058192354354,23.122879031141146,15.973020936768767,24.479173714564567,57.401938769009014,44.66831706093093,55.732974937957955,56.43313062975977,25.00354738651652,29.62219542621622,22.225546900330333,31.181729077507512,-11.005555555,-7.761111110999999,-0.4916666665,6.327777777750001,13.9444444425,19.080555555000004,20.26111111,20.733333335,14.474999997500001,8.8277777775,-2.84166666675,-10.13888889,5.950925925499999,6.38400334725,7.3346823345,5.400375026,2.3215844760000004,3.72580492925,4.357898787000001,1.5491449215000002,4.346046164250001,3.2390202709999993,5.395209492749999,4.559245315999999,8.243921678249999,4.738078062000001,12.5,15.175000000000002,23.533333335,20.222222220000003,83.72222222250001,92.69166666500001,56.586111110000004,77.7222222225,49.066666665,39.316666665,28.305555555,13.67222222,42.70949074,7.733660249499999,9.5925864505,14.896225787499999,12.3300529925,44.660067274999996,59.12785606,34.1531980575,32.971007817499995,35.278865345,20.261639619999997,22.388445895,5.346240526500001,24.894987175,454.64,344.45,135000.84000000072,178190.04000000004
Pawnee Nation of Oklahoma,0.11719682193897756,0.16572962559547383,3.0755904658169326,610299.7475472218,0.14618498391402254,0.22125169480744056,3.1419843362500144,8.110567148906778e6,0.8828031780610225,0.8342703744045261,0.8538150160859774,0.7787483051925594,0.6957235795552634,0.5802162253815256,0.02178265224604289,0.6893392464232809,0.5666638799838066,0.3509756475607116,0.29967939495812224,0.21647949002961017,0.2996911971043153,0.30502359659839334,-2.6469841274285715,-0.5128571431357143,5.908333333278572,11.364920633214286,16.130634917285718,22.8626190515,25.46531746421429,24.566428570285716,20.079047621285717,12.625634922857143,4.42126984155,-2.1292857144000004,11.511256610428571,2.1976682206857143,2.8888940040785718,1.657689528957143,1.3342565968785716,1.5565374828214287,1.2853045659214286,0.9936292580500001,1.5991021354571429,1.6971289398785716,1.2936324667214287,3.3626549495,2.8198280958285715,1.8905271873571432,17.337539680285715,15.0676984155,51.13134920742857,51.13904761964287,106.84444441642857,97.47936509635716,84.70928571592857,76.73634920857144,46.43555555278573,37.42142857142858,23.279047619642856,15.850634918428574,51.95264550021429,9.890217552328572,14.16483750664286,24.807822826785717,24.65441736764286,59.341032571857156,45.04748418642857,35.88738918514286,43.31302816757144,31.837853762714285,23.560411049357146,15.345063508785717,17.285159103785716,28.761226401357142,3.2555555556666667,4.955555555666667,10.933333333333334,15.811111109999999,20.21111111,25.829629629999996,28.277777776666664,28.30370370333333,23.999999999999996,16.825925926666667,10.248148150666667,3.574074074,16.01882716,2.167480880333333,2.724503491666666,1.3075229226666667,1.2983824066666667,1.0323844679999998,1.6181831973333332,1.473044822,1.6571298746666665,1.5030631786666666,1.2305785623333332,2.084679250666667,2.910918936333333,1.750655999333333,50.80740740999999,56.411111113333334,101.90000001,104.62222221333333,163.87407409999994,160.74814813333333,108.59259259999999,81.70000000333333,93.88888888333332,78.83703703666667,60.44074074,50.074074073333335,92.65802469333332,29.986394790000002,43.82995788666666,50.35319568333333,46.50902601333333,86.67694622333333,80.35836953666666,65.94426095,55.90027846333333,50.77729341333333,55.81000703333333,53.49869219666667,47.462556479999996,55.59224822333333,320.0,242.44,135000.84000000072,178190.04000000004
"Grand Traverse Band of Ottawa and Chippewa Indians, Michigan",0.1492875505375231,0.19571154655937303,3.023450501351903,1.592961263632674e6,0.091,0.095,6.96,2.32e6,0.8507124494624769,0.8042884534406269,0.909,0.905,0.36603812072111425,0.34679937834317787,0.0010000000000000091,0.2324631538996444,0.34214957078782515,0.25789386336067727,0.24160597605904527,0.001,0.16259324614054718,0.25268525697318245,-7.17966709706888,-7.347345821442795,-0.6619846766887275,5.832211482023894,12.231437492191356,17.259316366731767,19.975243176868126,19.44586110762754,14.659558130067179,8.08009018287543,2.015456110839083,-5.45768663817666,6.571040818026684,2.6627379477665336,2.9018406751845824,2.563872847227709,1.7974580921218835,1.4036816248589226,2.1262396893796685,1.3238996772656504,1.3273750269935691,1.5730471543163278,1.638042786151362,2.1853828854211725,3.575598314675891,2.0899313935009056,45.135742922707216,32.2332063637663,39.649678880360376,62.876017602289494,75.07230266518548,94.40015045173794,80.28649234494641,87.51809985182449,92.38520004264126,67.88563530186619,71.2045758923746,55.014166417183,66.97177239500297,16.99477401847889,20.158750079050034,23.177804463428032,25.871880193946538,27.181484855497093,45.14878399233575,27.979132364957067,26.94239461859851,32.90134204789551,26.7003900719314,35.75787920766558,21.480752469324862,27.524614032515828,-6.96667,-7.51111,-0.65556,4.36667,12.23333,17.22222,19.9,19.63333,14.86667,8.57778,2.21111,-5.28889,6.54907,2.74388,2.57226,2.19905,4.1644,1.22656,2.05252,1.37921,1.32162,1.83666,1.52153,2.39372,4.01122,2.28522,50.73333,33.53333,38.51111,58.06667,71.47778,94.66667,85.84444,78.31111,96.12222,69.77778,80.42222,63.7,68.43056,12.52136,17.89792,17.81588,22.62339,18.97968,54.60191,16.71055,16.507,24.53686,26.511,34.27979,21.29136,23.68972,108554.74000000003,82243.56000000042,135000.84000000072,178190.04000000004
"Sault Ste. Marie Tribe of Chippewa Indians, Michigan",0.1492875505375231,0.19571154655937303,3.023450501351903,1.592961263632674e6,0.162,0.208,2.99,3.1e6,0.8507124494624769,0.8042884534406269,0.838,0.792,0.36603812072111425,0.34679937834317787,0.0010000000000000091,0.2324631538996444,0.34214957078782515,0.3759572959231426,0.3710199072982709,0.001,0.23574053768295786,0.3020265993972115,-7.17966709706888,-7.347345821442795,-0.6619846766887275,5.832211482023894,12.231437492191356,17.259316366731767,19.975243176868126,19.44586110762754,14.659558130067179,8.08009018287543,2.015456110839083,-5.45768663817666,6.571040818026684,2.6627379477665336,2.9018406751845824,2.563872847227709,1.7974580921218835,1.4036816248589226,2.1262396893796685,1.3238996772656504,1.3273750269935691,1.5730471543163278,1.638042786151362,2.1853828854211725,3.575598314675891,2.0899313935009056,45.135742922707216,32.2332063637663,39.649678880360376,62.876017602289494,75.07230266518548,94.40015045173794,80.28649234494641,87.51809985182449,92.38520004264126,67.88563530186619,71.2045758923746,55.014166417183,66.97177239500297,16.99477401847889,20.158750079050034,23.177804463428032,25.871880193946538,27.181484855497093,45.14878399233575,27.979132364957067,26.94239461859851,32.90134204789551,26.7003900719314,35.75787920766558,21.480752469324862,27.524614032515828,-8.12222,-9.08889,-2.2,4.53333,10.85556,15.26667,18.66667,18.65556,13.88889,7.44444,1.65556,-6.24444,5.44259,2.59648,3.08561,2.62213,1.84992,1.3175,1.83787,1.48099,0.91179,1.88116,1.73789,2.27015,3.57153,2.09692,63.37778,36.57778,39.41111,62.01111,61.14444,98.53333,64.15556,77.66667,108.62222,83.32222,76.85556,68.22222,69.99167,20.87618,19.03423,21.91572,32.93423,24.43523,48.17309,25.21213,27.50531,41.92872,35.90527,22.54896,31.56559,29.33622,108554.74000000003,82243.56000000042,135000.84000000072,178190.04000000004
