Tribe,Food_Insecurity_Rate_2018_H,Child_Food_Insecurity_Rate_2018_H,Cost_Per_Meal_2018_H,Weighted_Annual_Food_Budget_Shortfall_2018_H,Food_Insecurity_Rate_2018_P,Child_Food_Insecurity_Rate_2018_P,Cost_Per_Meal_2018_P,Weighted_Annual_Food_Budget_Shortfall_2018_P,Food_Security_Rate_2018_H,Child_Food_Security_Rate_2018_H,Food_Security_Rate_2018_P,Child_Food_Security_Rate_2018_P,nccpi3all_H,nccpi3sg_H,nccpi3cot_H,nccpi3soy_H,nccpi3corn_H,nccpi3all_P,nccpi3sg_P,nccpi3cot_P,nccpi3soy_P,nccpi3corn_P,temp_mean_1_H,temp_mean_2_H,temp_mean_3_H,temp_mean_4_H,temp_mean_5_H,temp_mean_6_H,temp_mean_7_H,temp_mean_8_H,temp_mean_9_H,temp_mean_10_H,temp_mean_11_H,temp_mean_12_H,temp_mean_ann_H,temp_std_1_H,temp_std_2_H,temp_std_3_H,temp_std_4_H,temp_std_5_H,temp_std_6_H,temp_std_7_H,temp_std_8_H,temp_std_9_H,temp_std_10_H,temp_std_11_H,temp_std_12_H,temp_std_ann_H,precip_mean_1_H,precip_mean_2_H,precip_mean_3_H,precip_mean_4_H,precip_mean_5_H,precip_mean_6_H,precip_mean_7_H,precip_mean_8_H,precip_mean_9_H,precip_mean_10_H,precip_mean_11_H,precip_mean_12_H,precip_mean_ann_H,precip_std_1_H,precip_std_2_H,precip_std_3_H,precip_std_4_H,precip_std_5_H,precip_std_6_H,precip_std_7_H,precip_std_8_H,precip_std_9_H,precip_std_10_H,precip_std_11_H,precip_std_12_H,precip_std_ann_H,temp_mean_1_P,temp_mean_2_P,temp_mean_3_P,temp_mean_4_P,temp_mean_5_P,temp_mean_6_P,temp_mean_7_P,temp_mean_8_P,temp_mean_9_P,temp_mean_10_P,temp_mean_11_P,temp_mean_12_P,temp_mean_ann_P,temp_std_1_P,temp_std_2_P,temp_std_3_P,temp_std_4_P,temp_std_5_P,temp_std_6_P,temp_std_7_P,temp_std_8_P,temp_std_9_P,temp_std_10_P,temp_std_11_P,temp_std_12_P,temp_std_ann_P,precip_mean_1_P,precip_mean_2_P,precip_mean_3_P,precip_mean_4_P,precip_mean_5_P,precip_mean_6_P,precip_mean_7_P,precip_mean_8_P,precip_mean_9_P,precip_mean_10_P,precip_mean_11_P,precip_mean_12_P,precip_mean_ann_P,precip_std_1_P,precip_std_2_P,precip_std_3_P,precip_std_4_P,precip_std_5_P,precip_std_6_P,precip_std_7_P,precip_std_8_P,precip_std_9_P,precip_std_10_P,precip_std_11_P,precip_std_12_P,precip_std_ann_P,Acres,Endow_Raised_Parcel,Total_Endow,Total_Acres
Chicken Ranch Rancheria of Me-Wuk Indians of California,0.11558371776264634,0.16587340889494362,3.663889404334251,4.555747200351246e7,0.128,0.187,4.06,4.759e6,0.8844162822373537,0.8341265911050564,0.872,0.813,0.2742264795598105,0.27338093845945505,0.1290693131597273,0.15788366083227007,0.10869304708775936,0.2568077926642313,0.2568077926642313,0.06874782953009664,0.134914952741341,0.1594615752843868,8.370325707923033,10.601614746211645,11.337773639664118,13.638054422372761,16.098377372542107,20.091478985927473,22.59129278238959,21.86050324101879,20.077250694999115,16.968603574016665,10.818381904769284,8.02072471477939,15.039531815341368,2.126730488142755,2.106577592619346,2.2574784968327717,2.2518577759710947,2.3184054928617663,2.758031516502661,2.5851457402887026,2.6924352204098243,2.2749646512634327,2.5299411158397764,2.401079733658006,2.343750597718744,2.3871998685661455,125.29518334834889,82.66568737389873,81.3476187711828,46.097191188365834,23.74879903834013,7.380979685311932,3.1418701108243465,2.7754793009504333,5.153702390160845,24.247602016576515,43.83554609766005,108.26427656517815,46.16282799065702,102.50606108018164,66.1256304710587,72.78019705562772,30.08119249494681,19.5903488747958,8.275485428878348,6.0720023375279295,4.3322999104092,6.687872541850323,26.96034860721492,45.01775948978186,97.66917111517732,40.50819745063398,4.177777778,8.288888889,7.355555556,11.63333333,15.2,19.6,24.21111111,22.96666667,18.15555556,15.24444444,7.155555556,4.588888889,13.21481481,4.248757988,2.190573238,5.430034786,4.92138192,4.55329551,4.7138095,5.032257059,4.097865298,5.343245996,2.533333333,5.556102751,4.606637723,4.435607925,166.4666667,106.6,102.9555556,61.51111111,39.21111111,8.322222222,9.833333333,9.177777778,6.877777778,34.37777778,51.77777778,99.72222222,58.06944445,130.7217943,90.23666106,84.01105747,41.2438615,23.23114528,7.971790542,22.60945599,23.98983002,7.897432776,40.529211,55.91490807,93.40588549,51.81358612,14645.130000030002,13134.659999999996,188028.16000000053,209652.02249997997
"Morongo Band of Mission Indians, California",0.10726102456422076,0.15488813232961968,3.11342412044564,1.4107908488167524e8,0.1,0.146,3.15,1.26963e8,0.8927389754357793,0.8451118676703804,0.9,0.854,0.15164238026920607,0.15164238026920607,0.09067502844959051,0.09818222764480063,0.05224222019880904,0.21381640763785453,0.21381640763785453,0.03561679659212874,0.06542398667425059,0.06108523246624451,10.28888889,11.26666667,10.86666667,13.15555556,15.01111111,17.527777779999997,19.01111111,19.6,18.67222222,16.5,11.855555554999999,10.227777775,14.498611115,2.143271124,2.001874122,2.173706512,2.808073677,2.602616205,1.7939739849999998,1.8857653909999998,3.630771268,2.8889098985,2.815581645,1.86897431,2.022534224,2.3863376969999996,123.8,105.0666667,84.9,34.72222222,14.36666667,3.144444444,2.322222222,3.3555555559999997,2.4000000000000004,12.23333333,24.92222222,49.483333335,38.393055555,109.3620249,127.0815781,71.94628204,24.46220441,10.02210058,5.100517403,3.652320419,5.364259294,3.3468033655,18.82876788,40.17448748,78.65190436500001,41.49943752,6.3944444439999995,6.4444444445,7.288888889000001,10.0888888905,13.105555555,17.294444445,21.672222225,21.333333335,17.88333333,14.405555555,8.7666666665,6.594444444500001,12.606018515,1.2815093290000001,1.2667449815,1.8150614505,1.899541301,2.3843083065,1.6335268455,2.1367565304999996,2.6734370435,1.3546047855,2.38982291,1.8147102625,1.4045884855,1.8378843525,152.90555559999999,123.8277778,75.183333335,39.722222224999996,16.98888889,3.3722222224999996,21.07777778,8.455555555499998,9.105555557,21.916666669999998,33.055555555,38.944444445,45.379629635,149.79689230000002,140.57970685,74.87986280499999,25.924536225,14.217892769999999,4.1398926255,31.678735219999997,11.7264938155,11.845667179999998,29.448482025,62.278660275,70.41149692,52.24402658,80.36,72.08,188028.16000000053,209652.02249997997
"Dry Creek Rancheria Band of Pomo Indians, California",0.0992097286693061,0.13328401699243,3.898915049308288,2.6069270231521625e7,0.09,0.118,4.0,3.0681999999999996e7,0.9007902713306939,0.86671598300757,0.91,0.882,0.28733039015689676,0.2860647991988868,0.10610674311592844,0.10578848538251621,0.16245681659853925,0.1753533463299719,0.17271252871728737,0.0875691808561863,0.044849947050144286,0.11928395921103614,7.896946947095094,10.170470471372376,11.397786674115114,13.270559448298298,16.28154821342843,20.099805361576575,22.195323101726736,21.485168500710717,19.61885218653654,17.438894451736736,11.092069848193693,8.369019019129134,14.943037018478481,2.530094432051553,3.1363096976836835,2.116871336885887,2.8818841356176184,1.6964040078788791,2.8007148983043053,3.0390629752197205,2.9798947287627637,3.493365482568569,2.180577322642141,1.8547693866661659,1.917912923965466,2.552321777241242,174.30699588740745,110.93932265906905,100.28179291053556,43.73112000732232,35.51869091320321,7.589144699918921,1.7198531864144142,1.4230563895795798,6.58964520047698,31.87111556055056,43.99998887970472,126.33697029844843,57.02564138356857,144.44330107240245,104.2897467045846,83.61617782940444,33.320267536191196,29.413647248233232,12.048697090705708,3.5225110368033046,3.1568553934239234,7.905333834362366,39.34256423296797,39.21571949593595,119.77181654883887,51.670553170075074,8.433333333,9.111111111,10.9,12.57777778,15.000000000000002,19.5,20.78888889,20.48888889,19.28888889,15.8,10.68888889,7.977777778000001,14.21296296,1.321930407,3.535337482,1.218605761,2.121189394,1.691153453,1.65,1.090234429,0.957136934,1.254436571,2.359025222,1.353185542,1.552238527,1.67537281,237.5777778,151.0666667,137.5666667,59.18888889000001,36.81111111,12.91111111,5.0,6.622222222,8.044444444,38.16666667,57.27777778,181.8444444,77.67314815,201.9105729,116.7436187,126.192264,41.8132588,27.11357798,14.34611833,9.686072475,15.81990659,10.78947532,41.13505196,42.94091225,129.8782229,64.86408768,3035.88,2722.6800000000003,188028.16000000053,209652.02249997997
Redwood Valley or Little River Band of Pomo Indians of the Redwood Valley Rancheria California,0.0992097286693061,0.13328401699243,3.898915049308288,2.6069270231521625e7,0.135,0.194,3.53,7.022e6,0.9007902713306939,0.86671598300757,0.865,0.806,0.28733039015689676,0.2860647991988868,0.10610674311592844,0.10578848538251621,0.16245681659853925,0.4403854479056433,0.44036600254410907,0.21458995852631582,0.23586463244851372,0.2927970301346382,7.896946947095094,10.170470471372376,11.397786674115114,13.270559448298298,16.28154821342843,20.099805361576575,22.195323101726736,21.485168500710717,19.61885218653654,17.438894451736736,11.092069848193693,8.369019019129134,14.943037018478481,2.530094432051553,3.1363096976836835,2.116871336885887,2.8818841356176184,1.6964040078788791,2.8007148983043053,3.0390629752197205,2.9798947287627637,3.493365482568569,2.180577322642141,1.8547693866661659,1.917912923965466,2.552321777241242,174.30699588740745,110.93932265906905,100.28179291053556,43.73112000732232,35.51869091320321,7.589144699918921,1.7198531864144142,1.4230563895795798,6.58964520047698,31.87111556055056,43.99998887970472,126.33697029844843,57.02564138356857,144.44330107240245,104.2897467045846,83.61617782940444,33.320267536191196,29.413647248233232,12.048697090705708,3.5225110368033046,3.1568553934239234,7.905333834362366,39.34256423296797,39.21571949593595,119.77181654883887,51.670553170075074,7.933333333,8.677777778,9.655555556,11.64444444,14.5,18.34444444,20.544444440000003,20.57777778,18.58888889,14.78888889,9.6,7.633333333,13.540740740000002,1.393735986,3.097490023,2.13548069,1.387543793,1.70513929,2.78438104,0.719567771,2.6413906270000003,1.90292173,1.923177348,1.523975065,1.68597153,1.908397908,215.8,143.5555556,138.7444444,64.95555556,49.66666667,19.38888889,9.411111111,5.366666667,12.37777778,48.14444444,70.59999999999998,211.6444444,82.47129629,174.60551970000003,111.0239514,140.4865306,45.4295364,37.89930738,20.93504505,18.884282120000005,9.853933225,17.36381135,44.75301976,57.33319283,185.5163814,72.0070426,3035.88,2722.6800000000003,188028.16000000053,209652.02249997997
"Soboba Band of Luiseno Indians, California",0.10726102456422076,0.15488813232961968,3.11342412044564,1.4107908488167524e8,0.1,0.146,3.15,1.2696299999999999e8,0.8927389754357793,0.8451118676703804,0.9,0.854,0.15164238026920607,0.15164238026920607,0.09067502844959051,0.09818222764480063,0.05224222019880904,0.2301737465323704,0.20476498913406158,0.17300630271392772,0.13785809877739427,0.0634504086991562,10.28888889,11.26666667,10.86666667,13.15555556,15.01111111,17.527777779999997,19.01111111,19.6,18.67222222,16.5,11.855555554999999,10.227777775,14.498611115,2.143271124,2.001874122,2.173706512,2.808073677,2.602616205,1.7939739849999998,1.8857653909999998,3.630771268,2.8889098985,2.815581645,1.86897431,2.022534224,2.3863376969999996,123.8,105.0666667,84.9,34.72222222,14.36666667,3.144444444,2.322222222,3.3555555559999997,2.4000000000000004,12.23333333,24.92222222,49.483333335,38.393055555,109.3620249,127.0815781,71.94628204,24.46220441,10.02210058,5.100517403,3.652320419,5.364259294,3.3468033655,18.82876788,40.17448748,78.65190436500001,41.49943752,6.255555556000001,6.011111111,7.822222222000001,9.611111111,12.56666667,17.82222222,22.55555556,20.75555556,18.48888889,13.633333329999997,8.955555556,6.344444444,12.568518519999998,2.013151206,4.925049351,1.6192419349999998,3.1986108100000004,3.1957002360000004,2.255425557,1.785434899,3.35227949,1.941291094,3.715508041,2.566179607,2.87319992,2.786756012,139.4555556,106.4666667,72.33333333,40.76666667,16.23333333,3.822222222,22.84444444,12.97777778,6.0,20.35555556,28.54444444,36.0,42.15000001,138.2598289,125.78024490000001,59.69872277,21.46066169,15.464879570000003,4.820989986,32.87567912,21.12213163,8.959492173,26.50094862,56.97745412,66.07894899,48.16666521,80.36,72.08,188028.16000000053,209652.02249997997
"Minnesota Chippewa Tribe, Minnesota (Leech Lake Band)",0.10602854391149663,0.19516112950469403,3.0568524480154373,1.3477823116625869e6,0.11101924624786695,0.2023349899336315,3.0734660545446473,2.0462971160739497e6,0.8939714560885034,0.804838870495306,0.888980753752133,0.7976650100663685,0.3787213777104519,0.35263306752747026,0.001000000000000001,0.24211321337243188,0.32065004511199074,0.4418278154583395,0.41870544742507376,0.000999982210788848,0.3116068499694932,0.36699695299526924,-10.481513411039128,-9.287861037721154,-0.9052571472490053,6.257320218056034,12.597166960802388,17.51145373098806,20.51104479797083,19.452228853706902,14.321514883454917,7.439743589777188,-0.6154730327410476,-9.488446802360743,5.60932680039821,2.274790845548409,2.8115008283587537,2.632223436125995,2.0815216888826247,1.4214001602344162,1.8592033679701594,1.0988723442964192,1.4077697695981437,1.8612777247861407,1.8609603994910489,2.9231017788159814,3.996858855212201,2.185790099968502,22.78821838788461,14.9500773645557,35.84129457762931,46.71910551313662,84.69399499039793,110.01406203590517,95.3472185398243,113.14968315428382,109.59239980832231,73.46727453497019,50.759943264565656,29.027847776485412,65.52925999615718,12.946956045784162,6.379411669765585,18.449398813577925,19.03129253592507,33.56627436012931,35.405225578149874,42.1682029634947,42.03592248101461,51.76366831756964,29.48134432705902,30.233435407980785,18.29281523139623,28.312828977370696,-12.030158728571427,-9.344444443571426,-0.3507936508571428,6.1460317459999985,12.887301587142854,18.255555555714285,20.371428571428567,19.66507936571428,15.055555555714283,6.985714285714283,-0.9142857142857139,-10.347619047714284,5.531613756999999,2.6246656589999993,3.956737953999999,4.678823400285713,2.3482650485714283,1.398682727142857,2.7852073924285707,0.8661011159999997,2.0922188051428563,3.5560599309999996,1.9463187685714285,5.040366559142856,5.850744431142856,3.0953493161428565,24.807936507142855,15.374603174285712,32.50634920571428,38.530158731428564,76.28095238142855,103.09682537142855,107.71111112285713,94.17142856999996,75.67301587285712,64.60476190428571,52.41269841142856,26.84761904714285,59.33478835857142,19.104469444285712,5.492642019999998,15.16250371428571,29.341785517142853,49.23969661999999,34.28940501571428,65.11939853714286,44.005712215714276,34.122292229999985,27.620300549999996,34.64889197714285,16.59434525714285,31.22845359142856,6436.140000000001,5772.360000000001,188028.16000000053,209652.02249997997
Flandreau Santee Sioux Tribe of South Dakota,0.07827836016068862,0.12010688891884373,3.0129690375205205,1.4014078782771279e6,0.107,0.17,3.11,369000.0,0.9217216398393113,0.8798931110811563,0.893,0.83,0.7371834262264687,0.6511631210491929,0.0009999999999999994,0.7206100775599654,0.7105484446483044,0.6215867611308554,0.5385886535724088,0.001070406582138625,0.5927764869812757,0.5892292125376664,-7.702823691491049,-5.749502601767218,2.373132843513774,9.150313743549589,14.917577287968316,20.962603306039945,22.976989591515153,21.844872972837468,17.27660697940083,9.610422406086778,0.9745026017982095,-7.321709519536504,8.276082159972452,2.690804611270661,3.0581306373340222,1.8256344451997248,2.106246762818871,1.5516593057121213,1.4880155800241048,0.9440852144352617,1.3894250791577136,1.821246987803719,1.6734559796260333,3.5496926670192837,3.8045845840000005,2.158581821210055,14.80430058226584,12.450910620426997,41.68598102277548,64.80951178390497,101.93244566480028,115.21980410826446,90.94928833990357,101.02939241708678,83.94514080261021,44.11913070128788,30.317623202465562,21.335958064607443,60.216623943553735,8.886116129650137,10.763212928705233,24.68398390525482,40.22366805500689,34.556045403044074,58.00391800642561,55.739841314035814,43.927265260909095,52.335199057382916,17.499482554400828,26.663161502754818,16.63749804265565,32.493282680509644,-7.6,-6.1,1.377777778,9.3,14.74444444,20.26666667,23.56666667,21.7,16.02222222,9.7,0.955555556,-8.155555556,7.981481482,4.288647806,3.474550331,2.826118264,2.636759375,1.682342943,1.78605711,2.294558781,1.523154621,2.019144483,2.092247595,4.796642344,4.448907481,2.822427595,12.28888889,37.55555556,46.73333333,58.21111111,98.76666667,130.4222222,89.76666667,97.28888889,96.56666667,56.14444444,36.15555556,38.55555556,66.53796296,9.932326571,82.3413795,45.06656188,30.930908669999997,41.1949026,63.74536802,36.47821268,41.42050955,67.67680548,48.38830208,31.08758237,52.37766965,45.88671075,3055.14000001,2740.08,188028.16000000053,209652.02249997997
Robinson Rancheria,0.10081821386921605,0.13776984077851853,3.930633489791415,1.8077710153976716e7,0.157,0.231,3.9200000000000004,6.666e6,0.8991817861307839,0.8622301592214815,0.843,0.769,0.30078419060396766,0.29972812739090754,0.12389751315124824,0.13923249473887073,0.15261387757111916,0.4887370136414907,0.4887370136414907,0.15069343763102852,0.27039525671129266,0.26106455988035304,7.5403459523669305,9.35055074383445,10.396527108753366,13.189672228285604,16.003491604968712,20.08889423684069,22.63436798272615,22.114789861977844,19.7291466160587,16.83335204884263,9.989158913630169,6.871019142441044,14.5617763703561,2.751383812166022,3.298588050620065,3.0543210322117402,2.860123703967997,2.6148798693544255,3.1303405808428746,2.626855790616456,2.578371498732915,3.439982662851537,2.5903987483486506,2.690048041246389,3.293589386916742,2.9107402647747818,153.37516308860435,103.27493583730744,92.33476099029346,40.802550529025474,32.3734707516025,6.812111004170355,3.7057373542690057,3.6115522402473497,10.828475564411203,33.6354053042637,45.09728906194413,107.8175596178801,52.805750945476376,130.03199142425396,94.89253236598647,74.09859485778149,31.408557861730717,27.850362218953315,9.808617474530068,6.3096867636532705,6.013621429104666,12.13694520302261,37.55872132599371,47.42521996051727,103.22725837736766,48.39684243913618,6.500000000000001,6.688888889,7.922222222,9.722222222,12.4,17.66666667,19.55555556,18.87777778,17.05555556,13.15555556,8.077777778,6.0,11.96851852,1.320984481,3.6491247049999997,1.419311257,1.949857545,1.548386257,3.320391543,0.789162707,0.766122996,1.202197063,2.174345368,1.536861882,1.615549442,1.774357937,237.88888890000004,145.7777778,148.3111111,69.4,56.58888889,20.8,5.255555556,10.97777778,18.78888889,45.81111111,72.76666667,204.6111111,86.41481482,194.383657,115.6938177,124.76985260000001,45.25403297,37.49798143,23.91584203,11.21674096,19.53425055,16.30869741,43.2073907,59.441778240000005,129.0186173,68.35355491,6545.989999999999,5870.73,188028.16000000053,209652.02249997997
"Shoshone-Paiute Tribes of the Duck Valley Reservation, Nevada",0.11622256255356948,0.13636074724259734,2.9561141887009734,9.121782384302506e6,0.11710919903984733,0.17151605868233047,3.314775178447373,1.9057136008471337e6,0.8837774374464306,0.8636392527574026,0.8828908009601527,0.8284839413176696,0.2753542556703403,0.270155309530538,0.005339152440187298,0.2168294233174714,0.0782002643390589,0.1153522550083994,0.10965187900846689,0.001909624041894278,0.06582956514998332,0.03374937696730447,-1.2279549448003622,0.6296056230808916,3.4426554894726453,8.199285570170593,12.28820326749027,18.40833981458126,21.68200386122892,20.890358079035504,16.77903955324863,10.261489931969662,2.96592630963028,-1.4985077636310589,9.401703732596577,2.9920854703466406,3.875306888357012,3.3944201225377215,2.962296819075704,3.3036776524503484,3.389686224555354,2.9232428704902778,3.4307805615211295,3.520642752866215,2.863637150107856,3.8698146487954337,2.7529003732258213,3.273207627891884,33.189266269141804,29.995016276481703,53.3348601380373,41.21914556458647,54.40652781418719,30.1227090717656,33.171186586260795,26.989974937316028,25.278515254353888,27.32981591915996,36.78084003162043,39.16069484049519,35.914879392219326,23.818740017609535,19.24855431593725,29.513679685296854,21.452324942919347,29.490847199668124,19.669671709393302,28.49406230779672,24.148858891457074,18.73473780362793,21.402302072421556,35.527155910907446,37.89629647229451,25.783102611122608,-1.9777777777499999,0.5055555554999999,2.5555555555000002,7.49999999975,10.5638888875,15.4027777775,20.13611111,18.838888889999996,14.255555554999999,8.05555555525,1.02777777775,-3.5916666667499997,7.772685185,3.3851167967499998,5.3590630405,2.9502163805,3.39488905925,3.112886586,3.4846335235000003,1.8407405275,2.681721885,2.88078728775,2.7470276114999996,3.3712369825,3.8285571297499996,3.2530730675000004,41.708333332500004,33.1027777775,35.5194444425,31.547222222499997,43.583333335,22.391666667499997,20.4583333325,12.241666663499998,15.5666666675,28.966666665,30.233333335,52.85277777750001,30.68101852,24.898607117500003,22.483980800000005,17.235456442500002,15.876663590000001,22.7310071975,15.8779411025,25.809017839999996,18.60600371675,17.167607139999998,21.638040765,14.955100932499999,44.686319335,21.830478829999997,8720.209999999997,7820.9,188028.16000000053,209652.02249997997
"Lovelock Paiute Tribe of the Lovelock Indian Colony, Nevada",0.10548749803997587,0.14002187308452188,3.2267187522273,5.564305781286961e6,0.12200000000000001,0.20900000000000002,3.3999999999999995,467000.0,0.8945125019600242,0.8599781269154781,0.878,0.7909999999999999,0.0771503551655004,0.07642872424151516,0.02290521212062706,0.028238450839706043,0.0009962356930682717,0.08221981568189668,0.03070842206386103,0.05251139361803565,0.017759955870638767,0.001,7.136679438117244,10.987918262043681,12.214201789885058,14.833946359126443,17.95126436712644,22.830498085563224,25.05724138075863,24.96546615593104,22.01887611903449,18.17297573627587,11.079386970436783,7.585644955342528,16.236174967310347,3.6478860350873568,1.7206831333448283,1.7901684525379316,2.44332967170115,1.921398102052874,1.5466633622022994,2.362426586993104,1.206559857144828,2.032896829917242,1.5297821568666672,2.0835536405034487,3.073475384009196,2.113235267875863,95.85083013273567,69.11026819910347,53.64541507071266,41.185466155172435,22.113435504298856,2.9125415071264373,1.2854916988000002,0.8481736909149427,2.785108556696552,19.268352490045988,32.43803320485058,77.58819923381608,34.91927628811496,72.31982213289658,49.05857062326438,37.240987546229896,24.81764424531035,16.28859730772414,3.7747165227816106,2.249153954763219,1.4438403184137938,3.656072706535633,21.935596968160926,38.983903050252884,71.16939000524138,28.578191280643686,0.48888888899999994,3.722222222,5.311111111,9.566666667,12.61111111,18.64444444,23.68888889,21.25555556,16.58888889,12.64444444,4.6,0.688888889,10.81759259,2.6035766,3.034706649,1.553580095,1.6970562750000002,1.89238239,2.899185709,2.107394389,2.543182608,1.947077582,3.08994786,2.874021573,2.607893999,2.404167144,19.93333333,16.96666667,31.35555556,21.76666667,37.08888889,14.766666669999998,12.98888889,8.266666667,11.53333333,17.65555556,17.18888889,59.71111111,22.43518519,12.74705848,12.78025821,39.02153608,22.74477962,20.27901899,15.89740545,24.19780178,10.08365013,11.34471242,19.13524961,17.04475318,113.38960979999999,26.55548615,958.9399999999999,860.01,188028.16000000053,209652.02249997997
"Las Vegas Tribe of Paiute Indians of the Las Vegas Indian Colony, Nevada",0.10548749803997587,0.14002187308452188,3.2267187522273,5.564305781286961e6,0.128,0.193,3.31,1.53292e8,0.8945125019600242,0.8599781269154781,0.872,0.8069999999999999,0.0771503551655004,0.07642872424151516,0.02290521212062706,0.028238450839706043,0.0009962356930682717,0.015267543798205772,0.015265723323194385,0.0031255000101913216,0.007220182977791581,0.001,7.136679438117244,10.987918262043681,12.214201789885058,14.833946359126443,17.95126436712644,22.830498085563224,25.05724138075863,24.96546615593104,22.01887611903449,18.17297573627587,11.079386970436783,7.585644955342528,16.236174967310347,3.6478860350873568,1.7206831333448283,1.7901684525379316,2.44332967170115,1.921398102052874,1.5466633622022994,2.362426586993104,1.206559857144828,2.032896829917242,1.5297821568666672,2.0835536405034487,3.073475384009196,2.113235267875863,95.85083013273567,69.11026819910347,53.64541507071266,41.185466155172435,22.113435504298856,2.9125415071264373,1.2854916988000002,0.8481736909149427,2.785108556696552,19.268352490045988,32.43803320485058,77.58819923381608,34.91927628811496,72.31982213289658,49.05857062326438,37.240987546229896,24.81764424531035,16.28859730772414,3.7747165227816106,2.249153954763219,1.4438403184137938,3.656072706535633,21.935596968160926,38.983903050252884,71.16939000524138,28.578191280643686,5.466666667,9.944444444,11.52222222,14.899999999999999,21.099999999999998,26.91111111,27.34444444,29.32222222,24.5,19.42222222,9.522222222,7.033333333,17.24907407,4.224630161,2.119027555,1.435076459,3.861994303,2.262189205,2.452776205,6.668416437,3.551329954,2.235508891,2.889540525,4.226930854,4.563441684,3.3742385189999995,40.8,35.92222222,14.03333333,11.92222222,29.6,5.733333333,17.63333333,9.888888889,9.655555556,15.477777779999998,6.488888889,16.5,17.80462963,35.91416851,34.16605691,12.08242525,14.56208929,59.09496594,11.578860049999998,15.89315891,12.549944669999999,11.376083589999999,16.30673004,10.91357463,28.46489065,21.90857904,958.9399999999999,860.01,188028.16000000053,209652.02249997997
Confederated Salish and Kootenai Tribes of the Flathead Reservation,0.10741410718399695,0.17190472448311678,3.2568013085166982,2.3299136833973965e6,0.13127708110970598,0.22455450921813946,3.2489747852555713,2.1196834215489314e6,0.8925858928160031,0.8280952755168832,0.8687229188902941,0.7754454907818605,0.1863696626734282,0.16715838886665418,0.0017381645039172807,0.10927296355544866,0.0391677355209546,0.20289262261793264,0.2009288107065241,0.0012815351792991455,0.10865325221967688,0.07131920338200715,-4.48328378914834,-2.004964328336209,1.7675782798852595,6.280529131963152,10.218453560686402,15.06599286547861,19.725971066257454,18.128920597178976,13.366293433558285,7.78944048090756,-0.836236623010405,-4.9733848592696255,6.670442484717308,3.1668725602853804,2.2550843763680164,2.272253050765758,1.7889648559824636,1.9174014847021426,1.8146855222621898,2.5966054616819303,2.3932216610297288,2.7063016071923345,2.198178476587993,3.611443159927769,2.8239106975692665,2.462076909552025,54.553253402176026,12.4859789929694,21.19181860250596,28.30421455946793,76.80957854372184,64.58927863635265,26.920970405549983,26.214377724997068,35.54381027858508,30.33057537314511,24.013102787841888,18.117000264637955,34.92282996522893,119.94009384407984,8.655982700832952,10.240724281783306,15.582911574573455,40.12510377492576,40.262338664108256,22.741879412419777,21.64204452442631,23.568004245410258,16.581759511096926,11.401142512471178,12.436342320249423,28.598193947517878,-5.214814814666666,-0.6907407408333333,1.4444444443333333,7.481481480833333,10.529629629666667,14.566666668333331,19.45555555833333,17.17222222166666,12.670370371666666,7.485185185333332,-0.12037037033333332,-4.570370370666666,6.684104938666666,2.685750355833333,4.062826756333333,1.7872202411666662,3.3808578723333333,2.7367723986666657,3.7182051935,3.338343316333333,2.9098020866666663,2.5115704075,4.3927615651666665,5.5444490838333325,4.702636699666666,3.4809329979999992,31.801851851666665,25.86111111,25.866666666666664,33.06296296166666,76.88888888833331,62.91481481333332,33.096296295,43.555555556666654,38.74999999999999,42.48703703833333,41.57962962833332,39.89999999833332,41.31373457,17.151896426166665,18.003031833666665,9.214744735833333,13.967119791666667,46.498644774999995,31.242396523333333,27.370327985,34.76522551333333,25.532693588333327,23.1718856,26.51147096033333,25.67860711666666,24.925670406666665,7042.549999999999,6315.979999999997,188028.16000000053,209652.02249997997
"Paiute Indian Tribe of Utah (Cedar Band of Paiutes, Kanosh Band of Paiutes, Koosharem Band of Paiutes, Indian Peaks Band of Paiutes, and Shivwits Band of Paiutes)",0.10548749803997587,0.14002187308452188,3.2267187522273,5.564305781286961e6,0.13006257016805794,0.1645254424979167,3.1629031112137342,9.783015272642368e6,0.8945125019600242,0.8599781269154781,0.869937429831942,0.8354745575020833,0.0771503551655004,0.07642872424151516,0.02290521212062706,0.028238450839706043,0.0009962356930682717,0.06589223102259233,0.06521885992669375,0.0070551214307464204,0.028722557426555623,0.007453784027833911,7.136679438117244,10.987918262043681,12.214201789885058,14.833946359126443,17.95126436712644,22.830498085563224,25.05724138075863,24.96546615593104,22.01887611903449,18.17297573627587,11.079386970436783,7.585644955342528,16.236174967310347,3.6478860350873568,1.7206831333448283,1.7901684525379316,2.44332967170115,1.921398102052874,1.5466633622022994,2.362426586993104,1.206559857144828,2.032896829917242,1.5297821568666672,2.0835536405034487,3.073475384009196,2.113235267875863,95.85083013273567,69.11026819910347,53.64541507071266,41.185466155172435,22.113435504298856,2.9125415071264373,1.2854916988000002,0.8481736909149427,2.785108556696552,19.268352490045988,32.43803320485058,77.58819923381608,34.91927628811496,72.31982213289658,49.05857062326438,37.240987546229896,24.81764424531035,16.28859730772414,3.7747165227816106,2.249153954763219,1.4438403184137938,3.656072706535633,21.935596968160926,38.983903050252884,71.16939000524138,28.578191280643686,-1.3333333329999997,1.5533333332,2.6666666667999994,6.7644444444,11.302222222000001,16.744444444,21.704444444,20.266666668,15.182222222,9.460000000199999,3.1222222219999995,-1.22,8.8511111116,2.5796658709999996,3.8720265501999998,2.7326724091999997,2.0202079736,3.0284989292,2.4272095034,2.746220545,3.0974607164,3.0166065396,1.7470247155999998,4.001134620599999,3.4485934031999994,2.8931101482000003,37.224444444,43.34888889,38.97777778,37.451111112,35.431111109999996,29.56222222,23.733333333999997,30.933333332000004,28.953333331999996,38.12222222199999,32.273333332,22.188888891999998,33.183333336,24.080867542,38.890910334,23.971239358,28.953573902,28.085154003999996,28.214344501999996,23.957384284,22.113722818,27.209478031999996,25.218003603999996,46.122817374,21.604000278,28.201791336,958.9399999999999,860.01,188028.16000000053,209652.02249997997
"Jicarilla Apache Nation, New Mexico",0.143,0.232,2.91,4.61e6,0.11580369601336783,0.19967852159465285,3.097681312294092,3.450936968545508e6,0.857,0.768,0.8841963039866322,0.8003214784053472,0.1670594077655773,0.1369931628322047,0.13920433751916322,0.04069142526774838,0.001,0.16283127521856025,0.16255867606794966,0.004998267685218257,0.11961583433998141,0.05708051805316817,6.745141612254901,6.881350762721569,10.168758171274508,14.336862744,18.181568624392156,24.663050112549016,26.991851850196078,23.54366012905882,20.501742919098035,15.396339869843137,8.38901960820392,5.222657951819607,15.085167030039214,2.254886659231372,2.180950765266666,1.8199857515607842,2.9183762330549015,3.5792966025058814,2.2611647314588237,4.099565497843137,1.8933229838235293,2.9531593303294112,2.669951223298039,4.268846049274509,3.282614501007843,2.84851002757647,22.838954248352938,14.519956427294117,20.80396514160784,14.09708060972549,18.64941176498039,28.629803922392153,55.444313721882345,61.648976034862734,54.68657952431372,42.28034858305882,16.171328976313724,11.009193899168626,30.06499273486274,20.839318631607842,9.539484445760785,12.429218939176469,12.40754438137255,22.26742882627451,29.07616228560784,38.241168967450974,29.569277932196073,63.73775689509802,37.599076341294115,17.639118993137252,9.12379823022745,25.205779574078427,-3.888888888999999,0.04629629633333327,1.2018518519999999,5.998148148166666,10.862962963666666,16.916666668333335,19.314814815,19.090740739999998,13.93888889,9.379629629833333,1.124074074,-2.2574074073333334,7.643981482499999,2.9104271984999994,5.1864122915,3.2735219826666664,2.317984742166667,3.6018899443333328,3.728236859833333,2.2307335055,4.64034061,3.206568154833333,4.120791823166666,2.357740849166666,3.7355090286666663,3.4425130825,48.19259259166667,43.31666666666666,52.57037037166667,36.00370370333333,44.605555554999995,14.498148148,46.822222225000004,54.387037036666655,44.70925925833333,40.70555555666667,26.64814814833333,23.985185183333332,39.703703705,28.472977676666666,22.808596783333332,29.623867536666666,22.165833701666664,48.58233034999999,11.376727135833331,24.61987842333333,26.564322928333333,25.974265314999997,27.52983165333333,23.454014285,21.419160549999997,26.049317195,640.0,574.0,188028.16000000053,209652.02249997997
"Santa Rosa Band of Cahuilla Indians, California",0.10726102456422076,0.15488813232961968,3.11342412044564,1.4107908488167524e8,0.1,0.146,3.1500000000000004,1.26963e8,0.8927389754357793,0.8451118676703804,0.9,0.854,0.15164238026920607,0.15164238026920607,0.09067502844959051,0.09818222764480063,0.05224222019880904,0.23504570702592256,0.23504570702592256,0.022024748475734893,0.08901100225964974,0.08579227657200894,10.28888889,11.26666667,10.86666667,13.15555556,15.01111111,17.527777779999997,19.01111111,19.6,18.67222222,16.5,11.855555554999999,10.227777775,14.498611115,2.143271124,2.001874122,2.173706512,2.808073677,2.602616205,1.7939739849999998,1.8857653909999998,3.630771268,2.8889098985,2.815581645,1.86897431,2.022534224,2.3863376969999996,123.8,105.0666667,84.9,34.72222222,14.36666667,3.144444444,2.322222222,3.3555555559999997,2.4000000000000004,12.23333333,24.92222222,49.483333335,38.393055555,109.3620249,127.0815781,71.94628204,24.46220441,10.02210058,5.100517403,3.652320419,5.364259294,3.3468033655,18.82876788,40.17448748,78.65190436500001,41.49943752,8.733333333000001,8.5555555535,10.661111108999998,12.91666667,15.850000000000003,20.83333333,25.144444445,23.883333330000003,21.300000000000004,16.150000000000002,11.0333333315,8.961111111,15.335185184999998,1.6422880825000001,4.450126623,2.433622416,3.383160453,3.421315142,3.7804780575000003,4.15371646,3.7619175125,3.127823212,3.8497717910000007,3.1851790080000004,2.1993339179999998,3.2823943895000003,92.794444435,71.627777765,41.71111111,20.438888889999998,10.283333334,1.483333333,12.844444445,11.383333334500001,6.8277777775,15.788888885,26.249999999999996,28.544444445,28.33148148,94.44603714,88.28926528000001,39.47905802499999,14.173739152500001,10.530491667000001,2.161967333,21.449760335000004,21.918234379999998,10.396321968999999,22.032053545,45.09713041,49.212610764999994,34.9322225,80.36,72.08,188028.16000000053,209652.02249997997
Prairie Island Indian Community in the State of Minnesota,0.08438440533167997,0.1315554402786494,3.0102862325929576,2.7199595747099593e6,0.078,0.126,2.94,1.787e6,0.91561559466832,0.8684445597213506,0.922,0.874,0.6790268714760813,0.5913647953638643,0.0014435855260808395,0.6528544134289932,0.6322584236266406,0.41141266587795633,0.35816602548550946,0.001,0.20911593615487592,0.38152769519799923,-8.270770770742873,-6.333382030526421,1.7455428401470654,8.847277006744584,14.635898059856343,20.5291967644071,22.721397071891893,21.618201985653762,16.945050456094474,9.27546194844631,0.530316803380813,-7.904398993569273,7.86164926184612,2.8590859938186024,3.0017985690642788,1.997148752802531,2.2079755615534453,1.4238392157742874,1.6597653189413195,0.9551798940280002,1.4674264303523257,1.8470873465945947,1.75891507087704,3.5512627709802764,3.9643974239666435,2.2244901957879226,14.602107513708297,12.662059356501096,41.58598328110786,59.639114790026795,99.54620837573415,111.30187485292178,93.76938019103719,99.37344912373742,88.23981548964692,45.01687092405162,34.97026215385439,22.527976624502084,60.2695918906282,10.035636442914775,9.793699941129285,26.856893801916225,35.57653865968833,35.28767116616993,52.30590612495252,49.39666304482105,41.636871289795465,61.287438657431196,17.75080108929146,28.645027255673245,18.01498072442318,32.21567734968346,-8.466666667,-4.922222222,1.366666667,9.133333333,14.98888889,20.42222222,22.7,22.02222222,16.13333333,9.677777778,1.277777778,-7.6,8.061111111,2.491485501,4.793166432,2.759075932,2.121320344,1.274209995,1.710100712,0.85732141,1.708638184,1.697056275,2.150452149,2.783782399,4.518296139,2.405408789,28.3,16.43333333,45.36666667,69.93333333,90.53333333,133.1555556,91.91111111,123.4888889,97.83333333,57.5,39.13333333,29.31111111,68.575,30.793099880000003,9.335684228,29.32119541,57.20131117,45.11280306,55.65772882,47.15388225,56.18955518,55.14163581,32.06091858,27.47853708,14.05315307,38.29162538,8849.11250001,7936.52,188028.16000000053,209652.02249997997
"Torres Martinez Desert Cahuilla Indians, California",0.10726102456422076,0.15488813232961968,3.11342412044564,1.4107908488167524e8,0.1292169134568103,0.19935253595718105,3.0102693847239648,9.168936922032507e7,0.8927389754357793,0.8451118676703804,0.8707830865431897,0.800647464042819,0.15164238026920607,0.15164238026920607,0.09067502844959051,0.09818222764480063,0.05224222019880904,0.05705526466523769,0.05559038371402051,0.018937143630638986,0.03703884754545667,0.001204670173407835,10.28888889,11.26666667,10.86666667,13.15555556,15.01111111,17.527777779999997,19.01111111,19.6,18.67222222,16.5,11.855555554999999,10.227777775,14.498611115,2.143271124,2.001874122,2.173706512,2.808073677,2.602616205,1.7939739849999998,1.8857653909999998,3.630771268,2.8889098985,2.815581645,1.86897431,2.022534224,2.3863376969999996,123.8,105.0666667,84.9,34.72222222,14.36666667,3.144444444,2.322222222,3.3555555559999997,2.4000000000000004,12.23333333,24.92222222,49.483333335,38.393055555,109.3620249,127.0815781,71.94628204,24.46220441,10.02210058,5.100517403,3.652320419,5.364259294,3.3468033655,18.82876788,40.17448748,78.65190436500001,41.49943752,11.0666666675,11.783333332500002,14.186111109999999,16.8833333325,20.025,24.9750000025,28.091666667499997,27.955555557500002,25.35277778,19.7999999975,14.27777778,11.313888887500001,18.8092592625,1.3088931152499999,4.249098430999999,2.05069632325,3.7367435055,3.832575822,4.287192188750001,5.471271870500001,4.129544911999999,3.43207031375,3.8041961557499997,2.2751524599999997,1.9797160245,3.3797625935,40.3305555575,27.227777777500002,23.700000000000003,15.7027777775,5.794444444499999,0.9222222219999999,5.52222222225,8.188888889,5.627777777749999,8.11388888875,15.205555555,16.38888889,14.393750000999999,37.48228118750001,35.310027865,26.300770910000004,24.93663383,10.858892693000001,1.475657488,9.08467689825,13.626051767500002,9.12431440025,10.93924953775,25.92120089,23.329520505,19.03243983,80.36,72.08,188028.16000000053,209652.02249997997
"Santee Sioux Nation, Nebraska",0.07827836016068862,0.12010688891884373,3.0129690375205205,1.4014078782771279e6,0.12397529083292405,0.18798058565444034,3.0701764940505427,545845.5677057753,0.9217216398393113,0.8798931110811563,0.876024709167076,0.8120194143455597,0.7371834262264687,0.6511631210491929,0.0009999999999999994,0.7206100775599654,0.7105484446483044,0.4428393953457203,0.38454732337955627,0.001385293635017185,0.4121737207743507,0.3800840552122669,-7.702823691491049,-5.749502601767218,2.373132843513774,9.150313743549589,14.917577287968316,20.962603306039945,22.976989591515153,21.844872972837468,17.27660697940083,9.610422406086778,0.9745026017982095,-7.321709519536504,8.276082159972452,2.690804611270661,3.0581306373340222,1.8256344451997248,2.106246762818871,1.5516593057121213,1.4880155800241048,0.9440852144352617,1.3894250791577136,1.821246987803719,1.6734559796260333,3.5496926670192837,3.8045845840000005,2.158581821210055,14.80430058226584,12.450910620426997,41.68598102277548,64.80951178390497,101.93244566480028,115.21980410826446,90.94928833990357,101.02939241708678,83.94514080261021,44.11913070128788,30.317623202465562,21.335958064607443,60.216623943553735,8.886116129650137,10.763212928705233,24.68398390525482,40.22366805500689,34.556045403044074,58.00391800642561,55.739841314035814,43.927265260909095,52.335199057382916,17.499482554400828,26.663161502754818,16.63749804265565,32.493282680509644,-3.1,-0.6333333330000002,3.6555555560000004,12.01111111,16.82222222,22.0,24.42222222,23.98888889,17.46666667,12.93333333,3.011111111,-3.733333333,10.73703704,7.160830957,6.118006210999999,4.950785572,4.198346235,3.355882067,2.032240143,1.794977561,1.755309406,2.530316186,3.863288754,5.553477389,5.844655678,4.09650968,14.83333333,10.56666667,58.188888889999994,71.31111111,86.07777777999999,112.0111111,66.48888889,105.8111111,51.54444444,39.87777778,30.4,22.08888889,55.76666667,13.48601127,8.656211643,47.62770844,46.20893973,32.07903434,60.60471195,36.74375608,71.08629341,34.23145889,19.0076812,21.49581355,36.39795477,35.63546461,3055.14000001,2740.08,188028.16000000053,209652.02249997997
"Fort Independence Indian Community of Paiute Indians of the Fort Independence Reservation, California",0.10548749803997587,0.14002187308452188,3.2267187522273,5.564305781286961e6,0.105,0.144,3.27,1.052e6,0.8945125019600242,0.8599781269154781,0.895,0.856,0.0771503551655004,0.07642872424151516,0.02290521212062706,0.028238450839706043,0.0009962356930682717,0.07335097989329237,0.05127947354966941,0.05536698682536013,0.021847049245886846,0.001,7.136679438117244,10.987918262043681,12.214201789885058,14.833946359126443,17.95126436712644,22.830498085563224,25.05724138075863,24.96546615593104,22.01887611903449,18.17297573627587,11.079386970436783,7.585644955342528,16.236174967310347,3.6478860350873568,1.7206831333448283,1.7901684525379316,2.44332967170115,1.921398102052874,1.5466633622022994,2.362426586993104,1.206559857144828,2.032896829917242,1.5297821568666672,2.0835536405034487,3.073475384009196,2.113235267875863,95.85083013273567,69.11026819910347,53.64541507071266,41.185466155172435,22.113435504298856,2.9125415071264373,1.2854916988000002,0.8481736909149427,2.785108556696552,19.268352490045988,32.43803320485058,77.58819923381608,34.91927628811496,72.31982213289658,49.05857062326438,37.240987546229896,24.81764424531035,16.28859730772414,3.7747165227816106,2.249153954763219,1.4438403184137938,3.656072706535633,21.935596968160926,38.983903050252884,71.16939000524138,28.578191280643686,2.988888889,-0.022222222,4.5,6.355555556,10.14444444,16.02222222,19.233333329999997,18.33333333,16.0,8.8,4.877777778,3.333333333,9.213888888,4.544624419,4.103589215,5.728437832,3.9944058099999995,4.10643127,5.202109615,3.125299986,3.701013375,5.553152258,3.025723054,3.695868564,4.104266073,4.240410123,149.3555556,96.67777778,54.96666667,34.28888889,12.94444444,16.07777778,19.62222222,10.15555556,21.97777778,19.91111111,35.67777778,120.8111111,49.37222223,146.6486457,107.6139138,53.85338894,45.24934929,14.93980515,36.64838938,43.59451737,12.85030263,25.06261049,21.16013022,58.35445094,129.6150111,57.96587625,958.9399999999999,860.01,188028.16000000053,209652.02249997997
Bishop Paiute Tribe,0.11622256255356948,0.13636074724259734,2.9561141887009734,9.121782384302506e6,0.105,0.144,3.27,1.052e6,0.8837774374464306,0.8636392527574026,0.895,0.856,0.2753542556703403,0.270155309530538,0.005339152440187298,0.2168294233174714,0.0782002643390589,0.08232097809647239,0.08227562353456645,0.001448617710705673,0.04753067629805779,0.001,-1.2279549448003622,0.6296056230808916,3.4426554894726453,8.199285570170593,12.28820326749027,18.40833981458126,21.68200386122892,20.890358079035504,16.77903955324863,10.261489931969662,2.96592630963028,-1.4985077636310589,9.401703732596577,2.9920854703466406,3.875306888357012,3.3944201225377215,2.962296819075704,3.3036776524503484,3.389686224555354,2.9232428704902778,3.4307805615211295,3.520642752866215,2.863637150107856,3.8698146487954337,2.7529003732258213,3.273207627891884,33.189266269141804,29.995016276481703,53.3348601380373,41.21914556458647,54.40652781418719,30.1227090717656,33.171186586260795,26.989974937316028,25.278515254353888,27.32981591915996,36.78084003162043,39.16069484049519,35.914879392219326,23.818740017609535,19.24855431593725,29.513679685296854,21.452324942919347,29.490847199668124,19.669671709393302,28.49406230779672,24.148858891457074,18.73473780362793,21.402302072421556,35.527155910907446,37.89629647229451,25.783102611122608,0.588888889,2.977777778,3.6555555560000004,7.755555556,11.68888889,16.44444444,20.8,20.43333333,14.96666667,10.83333333,4.711111111,0.988888889,9.653703703,1.601908584,1.899853796,1.502590356,1.6546231529999997,1.7716125740000002,1.6470512369999997,3.49821383,2.26715681,2.1,1.5499999999999998,2.270707183,2.923800799,2.057293194,99.00000000000001,62.15555556,41.28888889,28.06666667,15.28888889,14.166666670000001,25.611111109999996,12.68888889,14.911111109999998,17.6,26.07777778,75.91111111,36.06388889,93.87935075999998,60.15725457,27.641338809999997,21.1936901,13.476965950000002,22.40870367,38.75972279,17.1975612,14.63381738,16.25169222,33.48334578,81.21780046,36.69177031,8720.209999999997,7820.9,188028.16000000053,209652.02249997997
Squaxin Island Tribe of the Squaxin Island Reservation,0.12473978905920494,0.19063329856377098,3.381208970792341,4.247695434556172e7,0.141,0.23800000000000002,3.3599999999999994,5.041e6,0.8752602109407951,0.809366701436229,0.859,0.762,0.4843425458384197,0.47572894871357096,0.0010000000000000002,0.2627242501271931,0.379135456686413,0.5822075506574653,0.5556245411271556,0.0010000000000000005,0.4094655498424523,0.5701404840114671,0.40389761502617805,2.593600930837696,3.6095404301937166,7.099999999999999,11.737870857382198,15.485980222617803,19.155555559999996,17.753170446596858,15.891041303979058,8.654101221706807,3.2229203024816755,-2.29418266460733,8.609458018785341,2.7842221183560207,2.8908946511204188,2.4001261999267016,1.9006577809999998,1.2393470747801048,2.9255100952565445,2.324925327,1.2361433641675392,3.3264221924031414,1.8116422077015706,4.032220146549738,2.4611827646858635,2.444441160376963,104.62065151460735,93.77777778,80.33019197497381,35.49011052984294,73.46910994722514,41.12076788895288,20.619778940366494,29.575218150732987,33.31111111,61.19842932115183,89.08289703293194,142.03164631256544,67.05230754146596,129.10012909581152,79.51073477,76.50882139204188,31.75349763712042,51.10135634874346,40.141159484502616,15.23694319314136,31.913245453979062,30.365006359999995,53.72884224303665,98.18738225565444,110.46206555544502,62.33409864895288,3.7888888890000003,4.688888889,6.683333333499999,9.644444444000001,11.950000000000001,14.716666665,17.84444444,17.483333335,14.833333335,10.283333334,5.361111111,2.6166666665000005,9.991203705,2.8536402565,2.5573832475000002,2.0245773295,1.5134003105,1.8188637705,1.7129614510000002,1.7267871609999998,1.9432708750000003,1.501064544,2.105210899,2.7361287895,4.229622464,2.226909258,189.2388889,142.51111115,146.65555555,84.31666668,71.14444444499999,56.388888890000004,19.566666665,28.3,57.677777774999996,133.24444445,198.07222219999997,230.18333329999996,113.10833335,101.8364884,75.11613143999999,35.923011575000004,30.39721296,33.14790205,22.786164675000002,16.109747125000002,18.17090086,38.993363095,78.82711178,126.26450615,126.80232645000001,58.697905549999994,484.02,434.11,188028.16000000053,209652.02249997997
Iowa Tribe of Kansas and Nebraska,0.07827836016068862,0.12010688891884373,3.0129690375205205,1.4014078782771279e6,0.13287622297396517,0.225280012498916,3.0072448015408804,607920.5320388732,0.9217216398393113,0.8798931110811563,0.8671237770260348,0.774719987501084,0.7371834262264687,0.6511631210491929,0.0009999999999999994,0.7206100775599654,0.7105484446483044,0.6896579535056878,0.5787390560493417,0.0015824584677697382,0.619868236425538,0.6804875154135415,-7.702823691491049,-5.749502601767218,2.373132843513774,9.150313743549589,14.917577287968316,20.962603306039945,22.976989591515153,21.844872972837468,17.27660697940083,9.610422406086778,0.9745026017982095,-7.321709519536504,8.276082159972452,2.690804611270661,3.0581306373340222,1.8256344451997248,2.106246762818871,1.5516593057121213,1.4880155800241048,0.9440852144352617,1.3894250791577136,1.821246987803719,1.6734559796260333,3.5496926670192837,3.8045845840000005,2.158581821210055,14.80430058226584,12.450910620426997,41.68598102277548,64.80951178390497,101.93244566480028,115.21980410826446,90.94928833990357,101.02939241708678,83.94514080261021,44.11913070128788,30.317623202465562,21.335958064607443,60.216623943553735,8.886116129650137,10.763212928705233,24.68398390525482,40.22366805500689,34.556045403044074,58.00391800642561,55.739841314035814,43.927265260909095,52.335199057382916,17.499482554400828,26.663161502754818,16.63749804265565,32.493282680509644,-4.538888889,-2.8277777774999997,5.1333333329999995,11.427777775000001,16.555555555,22.677777775,26.144444444999998,24.805555554999998,19.455555555,12.322222225000003,4.811111111,-3.6111111115000005,11.02962963,4.0175880615,5.851064363,3.2076581809999998,3.1518510090000005,2.5524931720000006,1.74527636,2.1279009915000002,2.0758442574999996,2.8290994605,3.4384425614999996,2.8009377515000002,2.4735940440000004,3.0226458509999996,22.122222225,46.5,61.15555555499999,58.73888888999999,121.80555555000002,122.25555555000001,103.62222225000001,94.122222245,85.894444445,55.172222219999995,48.916666670000005,45.08888889,72.11620371000001,12.272704710000001,44.37224610999999,40.782768004999994,29.515865634999997,69.46719067,42.422479845000005,34.849263335,42.714615585000004,57.396360115,30.069617035,27.322523904999997,58.804075950000005,40.83247591,3055.14000001,2740.08,188028.16000000053,209652.02249997997
Te-Moak Tribe of Western Shoshone Indians of Nevada (Elko Band),0.117658009215815,0.1358711972391301,2.9199301101600033,9.597472857270665e6,0.1,0.16899999999999998,3.35,2.969e6,0.882341990784185,0.8641288027608699,0.9,0.831,0.30297136035049127,0.297148559267944,0.0028915532366557885,0.24310709300703814,0.08895762953426932,0.101,0.101,0.001,0.024000000000000004,0.001,-2.2912559256797187,-0.6871290344143773,2.327628417386323,7.35589648682875,11.568322619231438,17.84620105132086,21.25294824433956,20.37233586587082,16.112958633869077,9.25579258396464,1.93455419173115,-2.6532729397717696,8.5329150163194,2.9087209917779067,4.1491997385704265,3.598350419571594,3.028267219165692,3.479391154619519,3.6239687918036236,2.9945330760195787,3.713520481568964,3.7097629973088826,3.033194988231737,4.096881726120688,2.7121493125330205,3.420661741453242,25.223813235634125,25.022738489707763,53.295382816087056,41.22342684544418,58.5115819213764,33.58162867744007,37.224452885514296,30.31308526524837,28.137846614225595,28.35457821947107,37.33289174688778,34.27584258710696,36.041439108842766,17.653348223293392,15.459145463310925,28.53139478772062,21.024530116344234,31.169099304576264,21.690216860233775,31.830279471317937,27.03509006599648,20.65151726512272,21.334510348386896,35.0877389016686,33.66666593844535,25.42779472940384,-0.911111111,0.822222222,2.333333333,7.211111111000001,10.35555556,15.56666667,19.88888889,18.75555556,13.92222222,9.788888889,1.311111111,-3.244444444,7.983333334,4.221505787,5.073405606,1.823458253,3.200954719,1.9906726949999998,3.3,2.525096258,1.067837899,1.7718477489999997,4.518695731,2.599252029,3.0883292859999996,2.931754668,46.1,30.28888889,31.27777778,33.02222222,44.75555556,20.27777778,16.61111111,16.62222222,10.6,23.18888889,33.08888889,38.3,28.67777778,25.54941291,23.88165847,16.150215,12.91973082,24.805398160000003,13.71803355,21.32477693,22.0790499,10.79073677,24.26846948,17.28752762,29.77532536,20.21252791,7761.2699999999995,6960.89,188028.16000000053,209652.02249997997
Sherwood Valley Rancheria of Pomo Indians of California,0.0992097286693061,0.13328401699243,3.898915049308288,2.6069270231521625e7,0.135,0.19399999999999998,3.5299999999999994,7.022000000000001e6,0.9007902713306939,0.86671598300757,0.865,0.806,0.28733039015689676,0.2860647991988868,0.10610674311592844,0.10578848538251621,0.16245681659853925,0.4572270088750737,0.4369567092524577,0.19619433708823555,0.15342903746594294,0.25973845304020954,7.896946947095094,10.170470471372376,11.397786674115114,13.270559448298298,16.28154821342843,20.099805361576575,22.195323101726736,21.485168500710717,19.61885218653654,17.438894451736736,11.092069848193693,8.369019019129134,14.943037018478481,2.530094432051553,3.1363096976836835,2.116871336885887,2.8818841356176184,1.6964040078788791,2.8007148983043053,3.0390629752197205,2.9798947287627637,3.493365482568569,2.180577322642141,1.8547693866661659,1.917912923965466,2.552321777241242,174.30699588740745,110.93932265906905,100.28179291053556,43.73112000732232,35.51869091320321,7.589144699918921,1.7198531864144142,1.4230563895795798,6.58964520047698,31.87111556055056,43.99998887970472,126.33697029844843,57.02564138356857,144.44330107240245,104.2897467045846,83.61617782940444,33.320267536191196,29.413647248233232,12.048697090705708,3.5225110368033046,3.1568553934239234,7.905333834362366,39.34256423296797,39.21571949593595,119.77181654883887,51.670553170075074,7.122222222,8.45,8.2944444445,10.877777779499999,13.72777778,17.255555559999998,19.5,19.822222225,17.16111111,14.37222222,8.188888889000001,6.738888889,12.625925924999999,1.227555952,1.396909033,1.343935383,1.7144473085,1.9464941755000003,2.4355099295,0.788213113,3.037083282,1.187630172,1.8512952620000003,1.479585152,1.6056297985,1.66785738,228.6388889,159.31666664999997,158.0722222,77.80555555499998,61.08888888999999,20.927777775,8.427777778,5.677777777999999,13.783333334999998,55.444444445,91.53333333,248.02222224999997,94.061574075,159.44487460000002,109.1846194,124.06605650000002,47.848231845,41.211467065,23.392362340000002,15.760815359999999,10.7585777835,14.633546574999999,43.33152185000001,63.431675195,189.72258595,70.232194535,3035.88,2722.6800000000003,188028.16000000053,209652.02249997997
"Hopland Band of Pomo Indians, California",0.0992097286693061,0.13328401699243,3.898915049308288,2.6069270231521625e7,0.139176003124956,0.20102327798288055,3.604029146306038,6.954424676705258e6,0.9007902713306939,0.86671598300757,0.860823996875044,0.7989767220171194,0.28733039015689676,0.2860647991988868,0.10610674311592844,0.10578848538251621,0.16245681659853925,0.20546862754912884,0.2049310917370144,0.08496860658843013,0.06752913920435577,0.11706725792353782,7.896946947095094,10.170470471372376,11.397786674115114,13.270559448298298,16.28154821342843,20.099805361576575,22.195323101726736,21.485168500710717,19.61885218653654,17.438894451736736,11.092069848193693,8.369019019129134,14.943037018478481,2.530094432051553,3.1363096976836835,2.116871336885887,2.8818841356176184,1.6964040078788791,2.8007148983043053,3.0390629752197205,2.9798947287627637,3.493365482568569,2.180577322642141,1.8547693866661659,1.917912923965466,2.552321777241242,174.30699588740745,110.93932265906905,100.28179291053556,43.73112000732232,35.51869091320321,7.589144699918921,1.7198531864144142,1.4230563895795798,6.58964520047698,31.87111556055056,43.99998887970472,126.33697029844843,57.02564138356857,144.44330107240245,104.2897467045846,83.61617782940444,33.320267536191196,29.413647248233232,12.048697090705708,3.5225110368033046,3.1568553934239234,7.905333834362366,39.34256423296797,39.21571949593595,119.77181654883887,51.670553170075074,8.255555555499999,9.866666668,9.7166666685,12.51111111,15.36666667,18.216666664999998,20.077777775,20.95,18.238888890000002,15.71666667,9.483333333500001,7.827777777499999,13.852314815,1.1018139555000002,1.197663202,1.3041108170000002,2.1796896709999998,2.7246171255,1.8412184544999999,1.1546797095,3.876733482,1.29305583,1.7813535685,1.5207084705,1.6225156775,1.7998466635,249.4388889,160.75,152.46666665,73.8,51.53333333,14.911111110000002,6.500000001499999,6.2222222225,10.872222222,51.583333335,88.57777777499999,241.78333335,92.36990740499999,181.17885415,103.94168645,117.66811895,42.457186265000004,35.136367075,17.07115779,11.792537437499998,12.990271652,13.2080348985,41.061568390000005,58.52862627,174.34111195,67.44796010499999,3035.88,2722.6800000000003,188028.16000000053,209652.02249997997
"Chippewa Cree Indians of the Rocky Boy's Reservation, Montana",0.11309305713040453,0.218846783094808,3.006606688339989,926945.4751616595,0.12343523303737963,0.19176165781541438,3.171088082593449,895369.5948245387,0.8869069428695955,0.781153216905192,0.8765647669626204,0.8082383421845856,0.3870364640288159,0.35265520878572026,0.0010000000000000013,0.22740496162361215,0.34025307476912825,0.14151827746123552,0.13412407215420588,0.0015780191636411013,0.08569734383908499,0.0507085411479157,-10.182518345250728,-9.124793817843365,-0.8640366259175918,6.408870705736996,12.88034937465809,17.865647122939794,20.64727579686147,19.558958372741085,14.481940384593802,7.525728943329046,-0.38916163391992986,-9.173745048694329,5.802876269126825,2.2948475979976615,2.8859171460303914,2.495562326797778,2.0780953097305663,1.4286864769357095,1.6477637550572763,1.1242225463576854,1.4257168778708356,1.8159830898445344,1.7800304489620105,2.818700153053183,4.141210137797779,2.1613946557399184,21.51881290695499,14.891239690683808,35.50937074138515,51.51752062225602,79.6204104183518,120.7511137018702,96.5803104118352,118.55723096772644,118.71943633960838,73.022131306014,51.56198454344243,29.384999030303913,67.63621339099357,11.306854351715366,6.551963511940386,17.236629990870835,16.306502253056685,21.56407439254821,33.61520055035652,42.92856059165983,45.48814518146697,56.6740182223787,29.823422459076557,30.889688621040325,18.8813422572069,27.605533532764458,-8.888888889,-4.422222222,-0.544444444,6.955555556000001,11.05555556,16.15555556,20.7,18.7,12.56666667,7.4,-1.822222222,-6.066666667,5.982407409,3.10340315,5.668725115999999,2.245613007,2.762295744,2.148319757,2.357493961,2.063976744,2.404682931,2.054263858,3.081801421,5.548373135,8.905616206,3.528713753,15.1,8.788888889,23.94444444,23.97777778,64.45555556,64.92222222,43.96666667,38.81111111,33.01111111,28.03333333,31.05555556,22.25555556,33.19351852,12.282100800000002,6.181715871,9.699369968,12.341978949999998,62.67190581,49.7332328,32.28432282,22.807095630000003,25.50114921,17.11848416,41.18944377,27.44964076,26.60503671,3680.0,3300.48,188028.16000000053,209652.02249997997
"Minnesota Chippewa Tribe, Minnesota (Mille Lacs Band)",0.10602854391149663,0.19516112950469403,3.0568524480154373,1.3477823116625869e6,0.10608011929540875,0.18022093731619104,3.1389613373660192,1.4406601769316306e6,0.8939714560885034,0.804838870495306,0.8939198807045913,0.819779062683809,0.3787213777104519,0.35263306752747026,0.001000000000000001,0.24211321337243188,0.32065004511199074,0.4728271038234141,0.44281592523583635,0.0009999999999999903,0.3082995841851287,0.38709214947998727,-10.481513411039128,-9.287861037721154,-0.9052571472490053,6.257320218056034,12.597166960802388,17.51145373098806,20.51104479797083,19.452228853706902,14.321514883454917,7.439743589777188,-0.6154730327410476,-9.488446802360743,5.60932680039821,2.274790845548409,2.8115008283587537,2.632223436125995,2.0815216888826247,1.4214001602344162,1.8592033679701594,1.0988723442964192,1.4077697695981437,1.8612777247861407,1.8609603994910489,2.9231017788159814,3.996858855212201,2.185790099968502,22.78821838788461,14.9500773645557,35.84129457762931,46.71910551313662,84.69399499039793,110.01406203590517,95.3472185398243,113.14968315428382,109.59239980832231,73.46727453497019,50.759943264565656,29.027847776485412,65.52925999615718,12.946956045784162,6.379411669765585,18.449398813577925,19.03129253592507,33.56627436012931,35.405225578149874,42.1682029634947,42.03592248101461,51.76366831756964,29.48134432705902,30.233435407980785,18.29281523139623,28.312828977370696,-10.631746031714286,-7.911111111000001,-0.550793650857143,6.898412698428573,13.271428572857143,18.428571428571434,21.00634920428572,20.20952380857143,14.574603175714287,7.742857142857144,0.23968253985714288,-9.100000000000001,6.181481481571429,2.4928860430000004,3.5420395787142867,2.8164420848571434,2.3882921137142863,1.5146486575714289,2.193363104714286,1.0073493322857143,1.9168045961428573,1.7883156291428572,2.2218177551428577,4.304854794571429,4.809327475857144,2.5830117638571433,23.47142857,15.641269840000003,38.12698412428572,45.45396825428572,73.11428571428571,115.66507937142859,104.49047617857144,104.22539681428573,82.59365079428572,77.08095238142857,42.75714285714286,31.598412698571433,62.85158730000001,20.68355160714286,9.571970631285716,22.93396112714286,31.942195935714288,31.144342235714294,41.53918991571429,35.11608613857143,58.96117407000002,44.07962768,36.68889363,30.898817570000002,31.932969151428573,32.95773164285714,6436.140000000001,5772.360000000001,188028.16000000053,209652.02249997997
"Elem Indian Colony of Pomo Indians of the Sulphur Bank Rancheria, California",0.0992097286693061,0.13328401699243,3.898915049308288,2.6069270231521625e7,0.157,0.231,3.92,6.666e6,0.9007902713306939,0.86671598300757,0.843,0.769,0.28733039015689676,0.2860647991988868,0.10610674311592844,0.10578848538251621,0.16245681659853925,0.27,0.27,0.07,0.03,0.08,7.896946947095094,10.170470471372376,11.397786674115114,13.270559448298298,16.28154821342843,20.099805361576575,22.195323101726736,21.485168500710717,19.61885218653654,17.438894451736736,11.092069848193693,8.369019019129134,14.943037018478481,2.530094432051553,3.1363096976836835,2.116871336885887,2.8818841356176184,1.6964040078788791,2.8007148983043053,3.0390629752197205,2.9798947287627637,3.493365482568569,2.180577322642141,1.8547693866661659,1.917912923965466,2.552321777241242,174.30699588740745,110.93932265906905,100.28179291053556,43.73112000732232,35.51869091320321,7.589144699918921,1.7198531864144142,1.4230563895795798,6.58964520047698,31.87111556055056,43.99998887970472,126.33697029844843,57.02564138356857,144.44330107240245,104.2897467045846,83.61617782940444,33.320267536191196,29.413647248233232,12.048697090705708,3.5225110368033046,3.1568553934239234,7.905333834362366,39.34256423296797,39.21571949593595,119.77181654883887,51.670553170075074,6.800000000000001,7.755555556000001,8.822222222,10.94444444,13.74444444,17.8,20.85555556,20.03333333,18.36666667,14.27777778,8.811111111,6.333333333,12.8787037,1.6725728680000003,2.42234964,2.7976676789999995,2.152969526,2.506048239,2.787023502,2.216478689,2.7106272340000004,3.004579838,2.311264685,1.787767074,1.8398369490000002,2.350765494,226.00000000000003,138.1666667,133.1111111,59.98888889,52.04444444,20.83333333,7.133333333,8.444444444,17.18888889,37.61111111,54.82222222,173.0444444,77.36574074,201.3557052,122.090704,132.7940647,49.32006297,37.54547613,23.88503716,18.62639257,15.45138433,17.72607151,46.66386301,52.09339636,126.1346613,70.30723494,3035.88,2722.6800000000003,188028.16000000053,209652.02249997997
Berry Creek Rancheria of Maidu Indians of California,0.14245389299207498,0.20526946496037493,3.310993911030252,1.5549871714339675e7,0.142,0.203,3.37,1.8433e7,0.857546107007925,0.7947305350396251,0.858,0.7969999999999999,0.4299007662903173,0.42426939509930833,0.19847035706935853,0.21533908133339696,0.21840953192672358,0.13887696122255078,0.1354123136590905,0.08051472705402221,0.05599977260001963,0.11067016401514174,5.703142536190795,8.439269234855216,9.321062477501679,12.743010350168346,14.839593464747471,20.824192542042645,22.812183563524126,22.213854595645333,20.346477117811446,15.13812196057239,9.133645093153756,6.225077939722782,13.978302571459032,3.5936653719506166,3.484493461463523,3.2485212998473623,3.342440642257014,3.359440506279461,3.691556896820425,3.0763873889797972,2.8846082004466886,3.0501549167777764,3.668114011063972,3.0545036991189667,2.724835869469135,3.264893522233445,134.49804215180694,97.42465395231197,87.07619403459032,41.93741114812569,33.399176954444435,14.468674396768794,15.77730390330415,16.896495822894494,11.539057239272724,35.32565157769921,51.03441825728394,124.28770420280578,55.30539863686867,126.65926685993266,83.74384004511782,73.1945785292817,31.975800433221096,24.812406698585857,15.197414661115596,23.238014829993265,18.252602701398427,13.136555106542081,41.25494591299664,54.093596671144766,116.25310860029178,51.81767758745228,2.844444444,5.511111111,5.066666667,9.033333333,12.02222222,16.88888889,21.2,19.6,15.94444444,11.72222222,5.577777778,2.222222222,10.63611111,2.38857233,1.929666062,2.697220792,2.636759375,1.926640715,2.3534254,2.490983741,1.492481156,2.092911316,1.997985096,2.548910443,3.9315320730000005,2.373924042,284.9111111,198.1444444,166.8333333,94.31111111,67.31111111,23.72222222,4.088888889,5.288888889,20.15555556,58.04444444,94.68888889,221.5666667,103.2555556,194.0988179,179.9267567,188.7724291,83.19733236,44.85059767,21.57995469,8.436445407,7.404127978,25.12817697,50.44014054,77.16810294,234.8518895,92.98789765,1613.4,1447.0,188028.16000000053,209652.02249997997
Fort Belknap Indian Community of the Fort Belknap Reservation of Montana,0.10599999999999998,0.16299999999999998,3.1099999999999994,4.563999999999999e6,0.16579977017292113,0.2655350983545774,3.32787111601747,595895.2840244244,0.894,0.837,0.8342002298270789,0.7344649016454226,0.19134058244769456,0.1910865717519425,0.058324627073202955,0.11328496029828516,0.0318732921637343,0.17898662412414862,0.16921481900015345,0.003383540461383587,0.11436624981535028,0.032431791760871756,-4.894043527752577,-2.6363115695670105,1.5713631159587629,6.8097365403505155,10.998396332474227,15.31386024845361,20.997938144536082,19.024513170309277,13.413172967216495,7.433562428453608,0.17983963362886599,-5.047193585494846,6.930402825298968,2.8080215814742266,1.6554014198350517,2.129362036659794,2.0907898630927835,1.7671173758659793,1.1274423614948452,3.6175438876288655,1.6569801464329894,2.277847012484536,1.9944692118865979,3.701431854670103,3.025963404010309,2.3210308460618556,11.167697593608247,7.688774341443299,20.05040091546392,27.324284078762883,72.03711340206186,51.802405494948445,26.009965632164946,34.6090492543299,39.96987399659793,24.41030927989691,15.873539519793816,9.188888889,28.34435853216495,8.832180164484535,5.81921025756701,18.950222759072165,12.972213943814435,31.233744731752576,30.496500028247425,22.847636349072165,33.245491575670094,28.468100659690727,13.78904557257732,6.296109567463918,5.830832796999999,18.23177403752577,-8.1822222224,-3.8488888888000004,0.8888888887999998,7.177777778,12.644444444000001,17.733333334000005,20.175555554000002,19.717777776000002,13.860000000000001,8.9044444442,-2.0400000002000005,-7.7355555557999995,6.607962962600001,3.30921892,5.9055317812,2.0823423892,2.1934220546,3.1157848498,3.484731272400001,2.4048805848000003,3.2851524648,2.4444010204,4.2514206912,4.637453462600001,5.2152574842,3.5274664146,10.5444444426,9.475555555800002,21.56222222,27.064444444000003,53.297777778000004,66.66888889,41.324444442,37.442222222,32.426666665999996,24.513333332000002,28.46,15.315555554000001,30.674629632000006,7.6104642378000005,8.952889429199999,20.6054674512,12.4484458118,27.187261752,44.433547504,29.20840256,29.871788540000004,26.861012072,15.451961266000001,36.8960344166,14.515779081399998,22.836921176,200.0,179.37,188028.16000000053,209652.02249997997
"Ute Indian Tribe of the Uintah & Ouray Reservation, Utah",0.11390826667499286,0.1327748008964016,2.983590228038645,2.2283625730380036e7,0.12914510324878747,0.16133383780632604,3.261240118909931,1.9397597473314728e6,0.8860917333250071,0.8672251991035984,0.8708548967512125,0.838666162193674,0.20820446716765906,0.2062694076484404,0.003940658547587437,0.1373805976261281,0.043262376651108186,0.05917354911970659,0.058023302918925226,0.002295117006036708,0.029486249940490785,0.010854942943102982,-2.132284930447972,-0.2935724085088183,3.196942974722223,8.109122084988536,12.040789731178135,17.586517732301584,22.2229766812963,20.983127572777782,16.1573094260053,9.809670783443563,1.864089751107584,-2.737899274900353,8.900565843601413,2.652427413222223,3.6988626887795424,2.8727475081428584,1.786659982574956,2.994138230159612,2.460387245444445,1.885099777677249,2.27499340420194,2.3621132413527346,2.016311430444444,2.600948866768959,3.1293464661005297,2.5611696878844796,57.196227708800706,46.46091514811288,48.24600235179013,38.59974524817461,64.55876935121694,30.918812463051147,18.17332941529983,19.244228883890656,33.965951400017644,40.3344209304762,34.63100137084657,48.82383891786596,40.09610359934745,35.766970179444456,33.19808799017638,21.055615221287482,23.526770447407415,34.22366015497355,15.247617910785715,19.843226654788356,12.370545541083777,20.558691870185186,25.17045299962082,19.1189502365344,42.63339601111111,25.226165433712534,-4.85625,-2.9215277777500006,0.9979166666250002,5.559027777812502,11.122916665624999,15.90972222125,19.748611110625,19.4284722225,14.277083333437501,8.569444444375,-0.28541666675000005,-4.0361111110625,6.9594907405,5.839467341687499,5.0209662404375,3.1924260244375,2.3114324686874994,3.700746624625,3.992385742000001,2.7370802373750007,4.140669982687499,2.4882719198125005,3.7876950969375,2.7955674796874996,4.6638668152500005,3.7225479979999996,41.6284722213125,39.40902777875,36.13680555625,28.020833333125008,46.048611111875,24.524305554375,26.6777777775,29.122222221875,34.1486111125,33.527777778125,29.063888888999998,26.8000000014375,32.925694445,32.94128657893751,31.258123195625,15.5363898266875,14.9935807971875,31.958833251249995,16.3430289584375,24.977897793125,18.052484034375002,18.385579730625,20.343522340625,24.750726093812496,28.839753959812498,23.19843388125,2239.84,2008.83,188028.16000000053,209652.02249997997
Cahuilla Band of Indians,0.10726102456422076,0.15488813232961968,3.11342412044564,1.4107908488167524e8,0.1,0.146,3.15,1.2696300000000001e8,0.8927389754357793,0.8451118676703804,0.9,0.854,0.15164238026920607,0.15164238026920607,0.09067502844959051,0.09818222764480063,0.05224222019880904,0.31523242629918397,0.31523242629918397,0.030723481500461246,0.15934489781175143,0.1345824449697337,10.28888889,11.26666667,10.86666667,13.15555556,15.01111111,17.527777779999997,19.01111111,19.6,18.67222222,16.5,11.855555554999999,10.227777775,14.498611115,2.143271124,2.001874122,2.173706512,2.808073677,2.602616205,1.7939739849999998,1.8857653909999998,3.630771268,2.8889098985,2.815581645,1.86897431,2.022534224,2.3863376969999996,123.8,105.0666667,84.9,34.72222222,14.36666667,3.144444444,2.322222222,3.3555555559999997,2.4000000000000004,12.23333333,24.92222222,49.483333335,38.393055555,109.3620249,127.0815781,71.94628204,24.46220441,10.02210058,5.100517403,3.652320419,5.364259294,3.3468033655,18.82876788,40.17448748,78.65190436500001,41.49943752,7.2,6.316666667,9.277777776,10.81666667,13.766666670000001,19.211111109999997,22.627777779999995,21.972222225,19.816666665000003,14.133333335,9.36111111,7.383333333,13.49027778,1.309655401,4.7954474085,1.6518247195000002,2.2690221315000003,2.5716072965000003,2.422311972,2.217544198,2.4325579950000003,2.2629351735,2.72212211,3.458275426,2.192229803,2.525461136,127.41666665000001,102.28333335,68.81111111,38.716666665000005,16.727777775,3.6666666665,12.97777778,9.183333331,5.8,19.483333329999997,35.966666665000005,46.06111111,40.5912037,118.14281867,100.371461065,57.17329292,18.827003445000003,15.191980430000001,4.384228878,12.853364195499998,11.145003490000002,7.151597140499999,21.643370915,51.80272075,61.25008413,39.994743834999994,80.36,72.08,188028.16000000053,209652.02249997997
"Upper Sioux Community, Minnesota",0.07827836016068862,0.12010688891884373,3.0129690375205205,1.4014078782771279e6,0.09293197285960943,0.14991500287535647,3.1464309408980826,491697.1993300504,0.9217216398393113,0.8798931110811563,0.9070680271403906,0.8500849971246436,0.7371834262264687,0.6511631210491929,0.0009999999999999994,0.7206100775599654,0.7105484446483044,0.7237496003414035,0.5006192006338247,0.0010000000000000002,0.6941590104844781,0.59679983404596,-7.702823691491049,-5.749502601767218,2.373132843513774,9.150313743549589,14.917577287968316,20.962603306039945,22.976989591515153,21.844872972837468,17.27660697940083,9.610422406086778,0.9745026017982095,-7.321709519536504,8.276082159972452,2.690804611270661,3.0581306373340222,1.8256344451997248,2.106246762818871,1.5516593057121213,1.4880155800241048,0.9440852144352617,1.3894250791577136,1.821246987803719,1.6734559796260333,3.5496926670192837,3.8045845840000005,2.158581821210055,14.80430058226584,12.450910620426997,41.68598102277548,64.80951178390497,101.93244566480028,115.21980410826446,90.94928833990357,101.02939241708678,83.94514080261021,44.11913070128788,30.317623202465562,21.335958064607443,60.216623943553735,8.886116129650137,10.763212928705233,24.68398390525482,40.22366805500689,34.556045403044074,58.00391800642561,55.739841314035814,43.927265260909095,52.335199057382916,17.499482554400828,26.663161502754818,16.63749804265565,32.493282680509644,-9.8833333335,-7.9611111115,0.638888889,8.088888889,14.327777780000002,20.122222225,22.005555554999997,21.094444445,16.577777779999998,8.4555555555,0.044444444499999985,-8.1833333335,7.1106481485,2.7815319119999997,3.0524398099999996,2.131717749,2.8221770090000002,2.0419697329999997,1.5480067585000001,0.9925782135000001,1.4016155345,1.8194232639999997,2.3399014155,3.256786348,5.353988428,2.4618446809999996,24.61111111,14.394444445000001,36.966666665,66.761111115,98.13333333,106.55555555000001,102.03333335,89.33888888999999,86.138888885,56.68333333500001,40.866666665,28.54444444,62.58564814500001,27.76609312,9.667324171499999,25.058937119999996,37.89240455,24.860249924999998,44.735392315,37.040107185,38.596214925000005,65.10211534,26.647706859999996,38.188397315,21.505453499999998,33.088366359999995,3055.14000001,2740.08,188028.16000000053,209652.02249997997
"Northern Cheyenne Tribe of the Northern Cheyenne Indian Reservation, Montana",0.11626599077744437,0.1625794197779013,3.262759014566266,1.2660928881871758e7,0.1466106951571848,0.22974237963042532,3.1799999999999997,895336.9647515771,0.8837340092225556,0.8374205802220986,0.8533893048428152,0.7702576203695747,0.15799515588105315,0.15293527790797468,0.0018866148967133832,0.12313815249253325,0.0516377408363123,0.13861769439877436,0.13684710187397067,0.001605882365546855,0.10574065098006623,0.050354988524354605,-2.0085836167034508,-0.1396758647217508,3.786454845130444,7.877529441325608,12.391513295052114,18.388867256595308,21.459554898121695,21.208218466695755,16.300174787241666,9.382469347085197,2.8296403014719265,-2.017261549387977,9.121575134241347,3.207187974296476,3.308720105900404,3.362048226088315,2.8935013607713627,3.176310193284252,3.235610922168916,2.68301169474231,2.793644238015659,3.389326264598474,2.536033382118841,4.027173694518422,3.9847677578156713,3.216444651249516,26.789191738585792,21.364810632710867,36.55555555530026,40.106498282224194,55.32285474451218,36.23401171616232,46.82652095297027,45.39712639144697,30.638917875933355,30.056853481527952,21.716197249775753,16.236829080663686,33.937113975748034,25.831373292469294,16.594499869504563,20.011972449172347,22.68674925985753,39.730037976089115,27.803192578381775,35.841779695874195,26.708106157589796,20.82585245421551,25.6400009466102,18.7576786522578,12.987489016287071,24.45156102945412,-6.003703703499999,-2.011111111166667,1.8148148148333332,8.111111111166666,11.918518518333332,17.67037037,21.677777776666666,20.279629630000002,14.40925926,9.2777777775,0.8092592591666666,-4.957407407333333,7.749691358166667,2.737693016,3.826009050166667,1.9875261488333331,1.9140999056666668,2.279963476,1.8117523756666665,1.8202456373333336,2.198174013666667,2.0852224411666667,2.0191321788333334,5.0784581200000005,4.170058310833334,2.6606945563333335,14.822222220000002,13.16851851833333,19.892592593333337,37.79629629833334,95.82222222666667,59.818518518333335,41.92592592333334,37.41111111,28.953703703333332,30.670370371666667,21.172222221666665,15.538888888333334,34.74938271666667,9.378028884666668,7.7243933965,10.225311522166667,20.128587186666667,63.42937797166667,25.504651941666665,27.839844741666663,31.13559793666667,15.30877473,15.580133726666666,15.286582825000004,16.668398513333333,21.517473616666667,29288.69999999,26267.889999999996,188028.16000000053,209652.02249997997
Jena Band of Choctaw Indians,0.17278203222883756,0.20854766493864277,3.2012050013502122,4.354376209081375e6,0.16350629121142427,0.24114837413090082,3.077409990067438,1.8236013413534467e6,0.8272179677711624,0.7914523350613573,0.8364937087885758,0.7588516258690992,0.14968783347418274,0.1235120336554799,0.12768262665094776,0.08290511777631107,0.13135393056194664,0.5866029851579736,0.45235563163036524,0.5838422417159095,0.34034961449552964,0.47564380458515704,0.5709253922046109,1.0268331734308356,2.803746397772334,7.62518411770173,11.861495354956773,16.90800512478386,20.362247840115273,19.650128082925068,16.96937240038905,10.952193403789625,2.810198526793948,-1.356083893664265,9.182020493414985,5.518584070572046,5.861291444527377,3.336719490603746,4.61807188960951,3.3711383518659943,4.169748187897694,2.4450698040763688,1.675838743410663,4.298348357910663,4.080170977100864,3.3985822967838613,2.5083751518097976,3.7734948973645537,38.57553634262248,60.78784822423632,32.368043550014406,23.52936279038905,60.08413384489913,38.51165545952449,18.893627920965418,40.73491834645534,21.459638168270896,24.423358950086453,29.05083253256484,29.08390970185879,34.79190548713257,29.579867115403452,64.5536292076513,21.451819398040342,20.274110156195963,43.32152310206052,36.548390481008646,16.407556238227663,55.14166654572047,22.963061351008644,20.457038987824205,23.133883280792503,33.795382173155616,32.3023273371902,9.681481481333334,10.28888889,13.774074073333336,19.114814813333336,23.714814813333334,27.181481480000002,28.177777776666666,28.518518520000004,23.722222223333336,19.770370370000002,15.177777780000003,7.718518518333334,18.90339506,2.275679022666667,4.908985583333334,5.546553891666667,1.1572632096666668,1.0885198420000002,1.408219166,1.1096039390000003,1.2985985863333334,5.0483371723333335,1.1499854096666668,4.168453484333333,4.273347142333334,2.7861288710000003,130.97777776666666,108.41111113333335,153.44814813333335,122.21111113333332,112.71481483333335,89.31111111,110.38888891,76.35185185,69.63333333333334,107.66666666666667,123.8111111,104.78148146666666,109.14228396666668,96.96834532666668,71.68436802666668,81.11656497666668,90.10272606000001,46.517342760000005,43.387793380000005,43.065206460000006,52.39151025,41.873114720000004,116.52650336666667,78.93753869666666,64.98815487333333,68.96326407666668,844.06,756.96,188028.16000000053,209652.02249997997
"Minnesota Chippewa Tribe, Minnesota (Grand Portage Band)",0.11309305713040453,0.218846783094808,3.006606688339989,926945.4751616595,0.09899999999999999,0.163,3.13,281000.0,0.8869069428695955,0.781153216905192,0.901,0.837,0.3870364640288159,0.35265520878572026,0.0010000000000000013,0.22740496162361215,0.34025307476912825,0.3905850151767989,0.364027608883356,0.0009999999999999998,0.27336276216126054,0.3200784671543709,-10.182518345250728,-9.124793817843365,-0.8640366259175918,6.408870705736996,12.88034937465809,17.865647122939794,20.64727579686147,19.558958372741085,14.481940384593802,7.525728943329046,-0.38916163391992986,-9.173745048694329,5.802876269126825,2.2948475979976615,2.8859171460303914,2.495562326797778,2.0780953097305663,1.4286864769357095,1.6477637550572763,1.1242225463576854,1.4257168778708356,1.8159830898445344,1.7800304489620105,2.818700153053183,4.141210137797779,2.1613946557399184,21.51881290695499,14.891239690683808,35.50937074138515,51.51752062225602,79.6204104183518,120.7511137018702,96.5803104118352,118.55723096772644,118.71943633960838,73.022131306014,51.56198454344243,29.384999030303913,67.63621339099357,11.306854351715366,6.551963511940386,17.236629990870835,16.306502253056685,21.56407439254821,33.61520055035652,42.92856059165983,45.48814518146697,56.6740182223787,29.823422459076557,30.889688621040325,18.8813422572069,27.605533532764458,-11.955555560000002,-10.133333333500001,-2.1777777775,4.433333333,10.75,16.08888889,18.794444445,18.07777778,13.01111111,5.988888888499999,-1.8944444444999997,-9.199999998500001,4.3152777775,2.526196929,2.3572405825,3.6804762335,2.1913991009999996,1.433333723,3.541258788,1.852747215,1.6419500509999998,3.5356690009999996,1.7288037445,3.9378277329999998,7.6688108249999996,3.0079761605,34.96666667,19.3,26.25,39.366666665,74.07222222,103.25,114.3777778,83.12777777999999,103.483333345,67.82777778,51.58888889,36.85,62.871759265,15.480685339999999,8.363933929,15.785697895000002,16.519890569999998,25.323755140000003,39.1295641,24.757296805,33.512640705,48.671542835,26.747764395,23.83108262,11.321904508,24.120479905,3680.0,3300.48,188028.16000000053,209652.02249997997
"Pyramid Lake Paiute Tribe of the Pyramid Lake Reservation, Nevada",0.10548749803997587,0.14002187308452188,3.2267187522273,5.564305781286961e6,0.1120181721483174,0.1680847302338794,3.4199473242596086,2.930110922290315e7,0.8945125019600242,0.8599781269154781,0.8879818278516826,0.8319152697661206,0.0771503551655004,0.07642872424151516,0.02290521212062706,0.028238450839706043,0.0009962356930682717,0.03370420930364877,0.02852215800010752,0.010327151544202719,0.007683054092331389,0.0010230100217784343,7.136679438117244,10.987918262043681,12.214201789885058,14.833946359126443,17.95126436712644,22.830498085563224,25.05724138075863,24.96546615593104,22.01887611903449,18.17297573627587,11.079386970436783,7.585644955342528,16.236174967310347,3.6478860350873568,1.7206831333448283,1.7901684525379316,2.44332967170115,1.921398102052874,1.5466633622022994,2.362426586993104,1.206559857144828,2.032896829917242,1.5297821568666672,2.0835536405034487,3.073475384009196,2.113235267875863,95.85083013273567,69.11026819910347,53.64541507071266,41.185466155172435,22.113435504298856,2.9125415071264373,1.2854916988000002,0.8481736909149427,2.785108556696552,19.268352490045988,32.43803320485058,77.58819923381608,34.91927628811496,72.31982213289658,49.05857062326438,37.240987546229896,24.81764424531035,16.28859730772414,3.7747165227816106,2.249153954763219,1.4438403184137938,3.656072706535633,21.935596968160926,38.983903050252884,71.16939000524138,28.578191280643686,0.4916666667499999,3.45277777775,5.0194444444999995,9.86944444325,13.105555555,18.294444447500002,22.7111111125,22.075000000000006,16.52222222,11.9694444425,3.886111110999999,0.07777777775,10.62291666675,2.232096447,4.233105741,2.05876378875,2.686624663,2.0403954942499998,2.2308115500000003,2.84451424275,1.7797508814999998,1.591870669,3.33557621325,2.14661891175,2.97499362925,2.51292685275,51.369444445,30.71388889,20.04722222,18.4111111075,27.23611111,17.57777778,9.2694444435,15.744444445000001,10.2361111115,20.477777780000004,27.9166666675,45.8194444425,24.568287037500003,51.7214701175,20.011472215,21.838320205,12.638807038000001,18.155403665,19.673733315,8.3685513455,23.888630765000002,11.388925119750002,23.32945573,36.448126895,45.981489535,24.453698829999997,958.9399999999999,860.01,188028.16000000053,209652.02249997997
Lac Courte Oreilles Band of Lake Superior Chippewa Indians of Wisconsin,0.10687890787421152,0.19844345732196456,3.08188262532617,1.2195527582994914e6,0.11600000000000002,0.224,3.0,965000.0,0.8931210921257885,0.8015565426780354,0.884,0.776,0.36117101623680475,0.3384978646383907,0.0010000000000000013,0.21527042604693647,0.2993322880158622,0.433424743723885,0.4041571227320506,0.0009999999999999979,0.24998240144653047,0.4100168293558134,-10.270108650838047,-9.108127493600845,-0.8655844157998472,6.2546642899579865,12.564332399014516,17.47437399532849,20.531368304881592,19.468177573995426,14.347886427608872,7.4867753162444615,-0.5050462609950346,-9.296651387994656,5.673505008250576,2.2324114892990834,2.809676650783805,2.609382298255922,2.0394599201038957,1.41565582566272,1.8496422563728043,1.1498042669163488,1.4201726407501913,1.8763754388663096,1.8567910945561505,2.817952550300993,3.930114959490833,2.1672866159809026,22.52076648515279,15.156654782669978,36.35271623857527,47.833587982608904,83.99548849880067,111.96972242894577,94.39717341649354,115.84326880287628,114.28756473978997,74.05102707606191,51.119599353464494,29.060033106058068,66.38230024344159,12.637327853118794,6.754357023056917,19.112351075847982,18.748064439220784,30.19316233911766,35.35893739461805,38.95018814700536,43.61800585825824,54.76304131551186,30.200649494121468,30.673170413292613,18.179013522158524,28.26568907255157,-10.3,-7.033333333,-1.133333333,6.2,12.45555556,17.86666667,20.78888889,19.85555556,14.08888889,7.500000000000001,-0.377777778,-8.822222222,5.924074075,2.103568397,5.147329405,2.6,2.202271555,1.354724244,1.639359631,1.115173131,1.632567848,1.543894786,2.094039159,2.699434097,4.617569106,2.395827613,26.5,13.744444439999999,32.27777778,53.1,74.7,112.7333333,88.67777778,111.9666667,111.8444444,77.68888889,46.13333333,36.18888889,65.46296296,20.86953521,7.584871639,16.71143155,24.71360961,17.28351816,40.91112318,43.91178025,53.23523269,60.227238670000006,30.40425317,28.792967890000003,36.33739274,31.74857956,5600.0,5022.469999999999,188028.16000000053,209652.02249997997
Port Gamble S'Klallam Tribe,0.141,0.238,3.36,5.041000000000001e6,0.112,0.165,3.44,1.7064e7,0.859,0.762,0.888,0.835,0.4571235374019462,0.4321088825714232,0.0010000000000000002,0.24236519851834265,0.38318959595684593,0.4965771712598416,0.4692087775816397,0.0010000000000000002,0.3021938131686998,0.45631318464851395,0.388888889,2.388888889,3.5111111110000004,7.099999999999999,11.96666667,15.766666670000001,19.15555556,17.8,15.95555556,8.633333333,3.133333333,-2.311111111,8.624074075,2.661505422,3.037451417,2.754289584,1.900657781,1.35,3.992492956,2.324925327,1.303840481,3.46305902,1.901315334,4.121286207,2.324029068,2.59457105,111.38888890000001,93.77777778,81.47777778,38.82222222,73.72222222,47.58888889,18.27777778,34.46666667,33.33333333,48.76666667,90.22222222,147.5666667,68.28425926,133.3251331,79.51073477,82.49339031,37.12202102,51.03486009,54.87992448,14.353725800000001,37.47422447,30.34464533,37.80615029,97.16959115,108.8720005,63.69886678,3.633333333,5.6555555559999995,7.544444444,11.53333333,13.75555556,16.42222222,19.5,17.3,15.799999999999999,11.75555556,6.977777778000001,3.966666667,11.153703700000001,3.995935435,4.160862624,1.257090998,4.102133591,3.026182046,4.442909457,4.244408086,2.690724809,1.815213486,4.112210814,4.554058019,2.753633963,3.429613611,140.9444444,93.95555555999998,94.37777778000002,52.38888889,55.98888889,48.96666667,27.7,25.63333333,35.95555556,105.21111110000001,148.0888889,142.7444444,80.99629629,69.71162226,37.17627305,30.959238429999996,25.845572369999996,21.75037037,26.07465244,29.296928170000005,15.946394580000002,27.364763430000004,60.62883894,91.75823457,62.17059415999999,41.5569569,478.40999999999997,429.07,188028.16000000053,209652.02249997997
Summit Lake Paiute Tribe of Nevada,0.10548749803997587,0.14002187308452188,3.2267187522273,5.564305781286961e6,0.09900000000000002,0.158,3.2299999999999995,912000.0,0.8945125019600242,0.8599781269154781,0.901,0.842,0.0771503551655004,0.07642872424151516,0.02290521212062706,0.028238450839706043,0.0009962356930682717,0.08668148322320711,0.08668148322320711,0.010609479396703064,0.020693450775411404,0.0054139155814396794,7.136679438117244,10.987918262043681,12.214201789885058,14.833946359126443,17.95126436712644,22.830498085563224,25.05724138075863,24.96546615593104,22.01887611903449,18.17297573627587,11.079386970436783,7.585644955342528,16.236174967310347,3.6478860350873568,1.7206831333448283,1.7901684525379316,2.44332967170115,1.921398102052874,1.5466633622022994,2.362426586993104,1.206559857144828,2.032896829917242,1.5297821568666672,2.0835536405034487,3.073475384009196,2.113235267875863,95.85083013273567,69.11026819910347,53.64541507071266,41.185466155172435,22.113435504298856,2.9125415071264373,1.2854916988000002,0.8481736909149427,2.785108556696552,19.268352490045988,32.43803320485058,77.58819923381608,34.91927628811496,72.31982213289658,49.05857062326438,37.240987546229896,24.81764424531035,16.28859730772414,3.7747165227816106,2.249153954763219,1.4438403184137938,3.656072706535633,21.935596968160926,38.983903050252884,71.16939000524138,28.578191280643686,-1.4777777774999998,1.1333333335,2.2111111109999997,6.761111111,9.766666669,14.69444444,19.88333333,18.2,13.444444445000002,7.95,1.2444444444999998,-2.6833333335000003,7.593981480999999,3.0132904565000005,4.071815099,1.823654154,2.354284017,1.6062948680000002,2.0053735355,1.6596442345,1.2545352790000002,2.032638445,2.1143476125,2.780091583,3.4241909630000005,2.3450133535,36.888888885,19.444444445000002,24.38888889,23.644444445,38.305555555,16.633333335,14.638888890000002,11.927777777000001,11.13888889,21.955555555,26.96111111,51.105555554999995,24.752777779999995,30.069420599999997,12.749994065,14.066417529999999,13.90457037,19.44253353,16.399804319999998,23.44685428,15.0275270155,11.0343749195,20.75811518,17.387144090000003,47.897256735,20.182001055,958.9399999999999,860.01,188028.16000000053,209652.02249997997
The Osage Nation,0.11960698148206478,0.18423046080587974,3.065930513445907,7.698858849295221e6,0.153990103548466,0.24696571776974643,3.209845170750867,3.9591201444893256e6,0.8803930185179352,0.8157695391941202,0.846009896451534,0.7530342822302536,0.6282246877279586,0.5657119612824344,0.32301699224613656,0.6138212079552253,0.5146458374330315,0.3774161207951463,0.32127760835418484,0.24933042781695985,0.30693447301074434,0.3320218767087474,0.1664926169555331,2.180753466876199,8.410976362760485,13.666902473693776,18.249469429413836,24.99530626992925,27.534911008554815,26.8796530241536,22.464448937200608,15.16135534101566,7.573667958042443,0.5116276458307225,13.982963711910049,2.3532464698807467,2.8903871179651324,1.2265042713572507,1.4680237762349666,1.564483756942395,1.7560333905391605,1.5902563659378477,1.8724159428170788,1.742081253599798,1.5009768935391608,2.4468959270763,2.6760699085507835,1.9239479228484075,32.4721632695048,34.06297231950478,67.04537645393631,55.27077648383524,122.04067711051036,125.33346246584635,96.37041716678623,90.70726517315812,59.76655999105104,50.28472853935319,37.17270226153611,25.456442649519943,66.3319619911723,16.05621798716118,17.17671021694795,39.229829422834754,26.14569961920667,71.5925454674987,63.7161673038403,62.944775023885754,47.70651873513389,39.17158256712987,39.36629433505304,30.331986684249614,20.85566082812025,39.52449901675086,1.4092592591666666,2.075925926,8.4555555555,14.522222220000002,19.201851851666667,24.711111111666668,27.312962961666667,27.420370370000004,22.137037038333336,15.635185185000003,8.820370370500003,1.4537037038333334,14.429629630000003,3.7672595333333336,7.605372761833335,4.6927797015,2.9705829261666676,2.479407805666667,2.7016308311666672,2.693006349166667,3.0918469880000004,4.412115398333334,3.165708149833334,2.8488077898333337,3.1960892591666674,3.6353839580000002,40.44444444666667,53.729629630000005,87.29074074166668,87.11481481666668,125.16111110333334,164.7740740666667,89.54814815000002,76.75555555500003,94.00370370166667,71.21481481333333,49.259259258333344,32.60000000000001,80.99135802500003,23.84216639666667,43.871019423333344,54.07718270000001,50.08989102666667,57.997781266666664,69.31045785333333,55.72927590333335,51.15760299500001,53.66359429166667,49.298250886666665,39.52556642333334,22.642688366666672,47.600456461666674,4145.88,3718.33,188028.16000000053,209652.02249997997
Nez Perce Tribe,0.0939100764358448,0.15277006467648407,3.2215992944383554,3.491716779271467e6,0.13717849971271384,0.1752863925965737,3.137604157438543,1.3213835592277774e6,0.9060899235641552,0.847229935323516,0.8628215002872861,0.8247136074034263,0.1690711280633486,0.16613108127584858,0.00414563190756425,0.08315428274072151,0.021827105396878377,0.4316690381686286,0.42732045498178295,0.0010494194699924087,0.2857999013589034,0.2689853818746574,-4.8948823207339895,-2.588806787198276,2.02029282992734,6.568021346412561,10.256732348689654,15.317692939618222,20.066721401169946,18.683990147647783,13.41275314697044,7.695292829641623,-1.0337164750455665,-4.897673782222906,6.717201468711821,3.3656665388768476,2.3997820745960583,2.466396846592364,1.5849474175024627,1.6497442603953196,1.5611683447044336,2.225101194720443,2.408115844352216,2.442269093780788,1.9158960435603445,3.797720967910098,2.965656382844827,2.3985387507376847,48.35236726875613,10.386699507133004,20.89222769415025,25.647181170307885,78.25292829772167,71.6530788186946,27.674425288312804,23.31211001725369,37.53530377700738,27.2855637654926,24.13249863300492,16.16595511901724,34.27419494700738,113.43206360225862,7.816775210565271,10.955769714550488,15.896716148568961,41.587233596551705,45.61009376067733,21.424117630135466,21.282747957573893,24.12580144052955,18.12832135103448,11.580325171875614,8.048742294646551,28.324058990369455,0.501851852,2.444444444333333,5.311111110999999,9.824074074833334,12.788888888333332,16.71851852,21.516666666666662,19.872222224999998,15.742592593333331,9.264814814166668,1.5388888888333332,-1.5740740741666666,9.495833333499998,3.7622205096666668,3.679281216333333,2.854451045833333,3.0288910715,2.5071261236666667,3.227577303166666,2.3305043843333326,2.042143586666666,2.3230487913333335,4.499437176833332,3.892690730333333,4.356619525499999,3.2086659556666657,99.46851851,61.13518518833333,79.67037037,61.45555555500001,76.90185185333331,60.03703703666666,23.59814814833333,29.490740741666663,42.92222222333333,76.14629629166667,101.28333332666666,123.07222223333333,69.59845678666666,71.86350761833332,36.18803963833332,42.20218440666666,29.741475243333337,29.895939625,35.60933365333333,22.676693958333335,23.943912036666667,28.886771208333332,41.17612086833333,56.95900197833333,73.22930139166667,41.031023469999994,1680.0,1506.69,188028.16000000053,209652.02249997997
Jamestown S'Klallam Tribe,0.141,0.238,3.36,5.041000000000001e6,0.147,0.252,3.31,6.145e6,0.859,0.762,0.853,0.748,0.4571235374019462,0.4321088825714232,0.0010000000000000002,0.24236519851834265,0.38318959595684593,0.23840793108308586,0.23840793108308586,0.0009999999999999998,0.1724246541083563,0.1520099599928208,0.388888889,2.388888889,3.5111111110000004,7.099999999999999,11.96666667,15.766666670000001,19.15555556,17.8,15.95555556,8.633333333,3.133333333,-2.311111111,8.624074075,2.661505422,3.037451417,2.754289584,1.900657781,1.35,3.992492956,2.324925327,1.303840481,3.46305902,1.901315334,4.121286207,2.324029068,2.59457105,111.38888890000001,93.77777778,81.47777778,38.82222222,73.72222222,47.58888889,18.27777778,34.46666667,33.33333333,48.76666667,90.22222222,147.5666667,68.28425926,133.3251331,79.51073477,82.49339031,37.12202102,51.03486009,54.87992448,14.353725800000001,37.47422447,30.34464533,37.80615029,97.16959115,108.8720005,63.69886678,3.616666667,4.6666666665,6.7055555555,9.944444443,12.49444444,15.266666664999999,17.98888889,17.28888889,14.888888890000002,10.35,4.716666666499999,3.1555555555,10.090277779000001,1.7643593215,3.23604212,1.337528533,2.2347238419999997,1.7707194849999999,2.660168977,2.207436966,1.5537614704999998,1.0538444145,4.8639637745,3.0021851100000005,2.0882359979999996,2.3144141675,229.05555555,175.30555555,170.18888890000002,112.72222225,116.2666667,99.09999997999999,29.927777775,67.92222222000001,90.71666666,238.27222225,348.60555555,277.9277778,163.0009259,135.172889575,86.53714843,63.791907645,49.257634044999996,62.142047205000004,60.11287945000001,24.325363965,48.9387882,52.65461165999999,176.74767759999997,226.75517055,125.33798006,92.64784155,478.40999999999997,429.07,188028.16000000053,209652.02249997997
Cow Creek Band of Umpqua Tribe of Indians,0.14908782240615723,0.22924772374291122,3.192477237429112,7.8029307835619645e6,0.147,0.22599999999999998,3.1600000000000006,8.494e6,0.8509121775938427,0.7707522762570888,0.853,0.774,0.3641453240715232,0.3569866663834109,0.0009999999999999998,0.14682462437100846,0.23657575900060263,0.2963750000349256,0.29238416281162133,0.0014745736872325312,0.13661230614991782,0.19572302112639944,7.245380117200003,8.890565302108774,10.759259260154389,12.042729042877196,15.451345028912286,19.38557504726316,19.478518520631585,23.79185185175439,19.004483429824564,16.729200780912283,10.07551656746667,7.7203118909438615,14.214561403894741,2.729765382870176,3.343910260154387,2.0446826911649123,2.3754445447192993,2.823199546705264,4.896310225982458,4.060956290098246,2.3799410584456147,3.852376312670177,3.161915133880703,2.56221882245965,1.996062317277193,3.0188985489087727,157.87290447684214,127.14432750421057,100.27407407666671,72.2654191034386,47.15824561326317,18.360389865052632,3.1348538010807028,3.754736841978949,17.319610137649125,49.47150097505264,57.703001948210535,170.85676412491233,68.77631903971931,117.08936887936848,128.67307493936846,70.3979332320351,65.12492376603511,33.011640573614045,19.773972081964917,4.059629553694738,6.589510359077195,22.643350895894745,40.72586183673685,57.2069060926316,157.15292784491234,60.204091671578965,3.1055555554999996,4.702777777750001,6.3694444445,9.747222222249999,12.461111110000001,16.0416666675,20.41111111,19.405555555000003,16.08888889,11.163888887499999,4.5083333334999995,2.488888889,10.54120370325,2.38856920025,3.7295004652499997,1.6040431245,2.1109329005000004,1.7851975495,2.2897124347499997,2.1977639445,1.52789031425,1.51290047,2.9419912315,3.01142691875,2.573459847,2.3061157,143.41111112500002,79.79166667,91.54722222250001,73.46388889,59.944444444999995,39.58611111250001,23.180555555,13.830555555,29.56111111,69.3138888875,115.08333334750002,174.75555555,76.12245370500001,97.26967463749999,45.27611616,38.27832518,46.1562527425,32.8748682075,22.9986082375,27.0903862275,17.585311599999997,27.763655925000002,30.2744530475,68.36983158,119.161575355,47.758254907499996,637.49,571.73,188028.16000000053,209652.02249997997
"Pinoleville Pomo Nation, California",0.0992097286693061,0.13328401699243,3.898915049308288,2.6069270231521625e7,0.135,0.194,3.53,7.022e6,0.9007902713306939,0.86671598300757,0.865,0.806,0.28733039015689676,0.2860647991988868,0.10610674311592844,0.10578848538251621,0.16245681659853925,0.5570193653720185,0.5386274236495568,0.39235593272391,0.40992930574618125,0.4613209420304323,7.896946947095094,10.170470471372376,11.397786674115114,13.270559448298298,16.28154821342843,20.099805361576575,22.195323101726736,21.485168500710717,19.61885218653654,17.438894451736736,11.092069848193693,8.369019019129134,14.943037018478481,2.530094432051553,3.1363096976836835,2.116871336885887,2.8818841356176184,1.6964040078788791,2.8007148983043053,3.0390629752197205,2.9798947287627637,3.493365482568569,2.180577322642141,1.8547693866661659,1.917912923965466,2.552321777241242,174.30699588740745,110.93932265906905,100.28179291053556,43.73112000732232,35.51869091320321,7.589144699918921,1.7198531864144142,1.4230563895795798,6.58964520047698,31.87111556055056,43.99998887970472,126.33697029844843,57.02564138356857,144.44330107240245,104.2897467045846,83.61617782940444,33.320267536191196,29.413647248233232,12.048697090705708,3.5225110368033046,3.1568553934239234,7.905333834362366,39.34256423296797,39.21571949593595,119.77181654883887,51.670553170075074,7.544444444000001,7.911111111,8.888888889,10.55555556,13.288888890000003,18.07777778,19.96666667,19.34444444,17.72222222,13.84444444,8.866666667,7.2,12.767592589999998,1.170588646,4.060924908,1.287870766,2.114894271,1.8956822279999999,3.078464625,0.8746427839999998,0.585472269,1.210142324,2.374400509,1.670329309,1.679285562,1.833558183,227.68888890000002,151.1666667,153.1,72.73333333,56.22222222,18.84444444,5.444444444,7.888888889,13.62222222,53.57777778,85.13333333,238.68888890000002,90.34259260000002,167.3344663,103.5033937,133.0740771,41.33566862,37.25958862,21.35884542,11.12251221,18.94369581,16.7195079,42.01832272,60.31944131,183.7245795,69.72617493,3035.88,2722.6800000000003,188028.16000000053,209652.02249997997
Mississippi Band of Choctaw Indians,0.17278203222883756,0.20854766493864277,3.2012050013502122,4.354376209081375e6,0.1972161834736489,0.24557510467795243,2.971578059209473,2.560867063239762e6,0.8272179677711624,0.7914523350613573,0.8027838165263511,0.7544248953220476,0.14968783347418274,0.1235120336554799,0.12768262665094776,0.08290511777631107,0.13135393056194664,0.5151935785264556,0.3767264635660659,0.5139194712013128,0.2761428548707277,0.3793785455499145,0.5709253922046109,1.0268331734308356,2.803746397772334,7.62518411770173,11.861495354956773,16.90800512478386,20.362247840115273,19.650128082925068,16.96937240038905,10.952193403789625,2.810198526793948,-1.356083893664265,9.182020493414985,5.518584070572046,5.861291444527377,3.336719490603746,4.61807188960951,3.3711383518659943,4.169748187897694,2.4450698040763688,1.675838743410663,4.298348357910663,4.080170977100864,3.3985822967838613,2.5083751518097976,3.7734948973645537,38.57553634262248,60.78784822423632,32.368043550014406,23.52936279038905,60.08413384489913,38.51165545952449,18.893627920965418,40.73491834645534,21.459638168270896,24.423358950086453,29.05083253256484,29.08390970185879,34.79190548713257,29.579867115403452,64.5536292076513,21.451819398040342,20.274110156195963,43.32152310206052,36.548390481008646,16.407556238227663,55.14166654572047,22.963061351008644,20.457038987824205,23.133883280792503,33.795382173155616,32.3023273371902,5.636666666800001,5.353333333300001,11.448888888000004,16.105555555000002,21.121111110000005,25.144444445000005,27.002222222000004,27.030000000000005,22.792222222000003,16.946666666000006,11.835555556000005,5.236666666600002,16.304444445000005,5.119469746400001,9.266141514000001,5.7286403533,3.069047335300001,2.971652069900001,2.2932249046000006,1.8800235989000007,2.0851863926000007,4.390633501600001,3.3210064252000016,3.591478148,4.869906047900001,4.0488675032,118.78555555000003,109.44333333900002,134.84777777000002,134.67888889000002,106.05444444600003,86.52333333100002,118.54444444000002,105.46000001200002,65.28555555500003,77.24222222200002,103.54444444100004,88.338888889,104.06240741,68.40726621200001,71.32228694700002,93.096696691,73.872940622,48.23824163700002,31.58510595300001,49.746684004000016,58.82159918500002,37.67902248200001,68.99700541600002,59.69275676900001,69.188673722,60.887356638000014,844.06,756.96,188028.16000000053,209652.02249997997
Lac Vieux Desert Band of Lake Superior Chippewa Indians of Michigan,0.08902442159545962,0.14654481260890892,3.2856622602380052,1.844025269549465e6,0.146,0.187,3.04,1.158e6,0.9109755784045404,0.853455187391091,0.854,0.813,0.2119986160556116,0.20581672823722003,0.0138901417623773,0.12397686042986396,0.08741097075535004,0.36173648310414613,0.3509983366945477,0.001,0.20119831853441528,0.3241413337593596,-5.5664308873436035,-3.332199285075413,1.23725957531092,6.045167800674938,10.714693294150864,15.602500032184256,19.62508681536723,18.313485565009813,13.688282140595636,7.7664866284966365,-0.6355610656581123,-5.264914337702559,6.516154689699333,2.857067851779374,2.435580471642426,2.2717966209663776,1.5756652401978963,1.5973590357034906,1.593238813697609,2.2353576822305348,1.9262383191427137,2.5656798591086307,1.947684278554371,3.447159403922728,2.8279677031274884,2.2733996066867657,45.67995104974328,14.835318879154666,33.22392649889053,40.01874447396888,79.3950941195915,70.5930701305661,40.18984866551253,46.83231909409172,48.6926754596084,42.15442214759074,31.366641038466096,20.159272928472593,42.761773707561964,87.52050306659925,10.621773956817906,18.067869433281352,20.283202818177756,35.8697972525803,36.669956750127405,22.85319657950122,25.114634463809775,29.400442240139526,20.641773627161196,16.050321979658364,15.364992271442654,28.20487203694437,-11.14444444,-10.5,-2.422222222,4.377777778,10.8,16.23333333,18.71111111,17.85555556,12.68888889,5.833333333,-1.8555555559999999,-9.611111111,4.247222223,1.753646993,2.060339778,2.731655989,2.358907468,1.54677083,2.675350444,1.9464354889999997,1.64629213,2.916095182,2.034084561,3.143290915,4.76509298,2.46483023,44.17777778,17.97777778,35.0,56.53333333,74.86666667,105.2777778,117.9333333,99.26666667,122.50000000000001,86.87777778,58.42222222,36.76666667,71.3,63.540730589999995,5.733406007,22.605475,40.00181246,40.31169185,34.67213499,34.28593006,41.16132894,59.14207470000001,40.60359522,33.14195897,20.65623393,36.32136439,34991.46000001,31381.95999999997,188028.16000000053,209652.02249997997
Nisqually Indian Tribe,0.12473978905920494,0.19063329856377098,3.381208970792341,4.247695434556172e7,0.11626475664261329,0.16857065929965862,3.3761180531409067,4.396282221217101e7,0.8752602109407951,0.809366701436229,0.8837352433573867,0.8314293407003414,0.4843425458384197,0.47572894871357096,0.0010000000000000002,0.2627242501271931,0.379135456686413,0.41089157227510137,0.40811860484213525,0.0010000000000000002,0.19134293604210126,0.3536547604485944,0.40389761502617805,2.593600930837696,3.6095404301937166,7.099999999999999,11.737870857382198,15.485980222617803,19.155555559999996,17.753170446596858,15.891041303979058,8.654101221706807,3.2229203024816755,-2.29418266460733,8.609458018785341,2.7842221183560207,2.8908946511204188,2.4001261999267016,1.9006577809999998,1.2393470747801048,2.9255100952565445,2.324925327,1.2361433641675392,3.3264221924031414,1.8116422077015706,4.032220146549738,2.4611827646858635,2.444441160376963,104.62065151460735,93.77777778,80.33019197497381,35.49011052984294,73.46910994722514,41.12076788895288,20.619778940366494,29.575218150732987,33.31111111,61.19842932115183,89.08289703293194,142.03164631256544,67.05230754146596,129.10012909581152,79.51073477,76.50882139204188,31.75349763712042,51.10135634874346,40.141159484502616,15.23694319314136,31.913245453979062,30.365006359999995,53.72884224303665,98.18738225565444,110.46206555544502,62.33409864895288,4.0,4.816666667,7.261111111000001,10.649999999999999,12.633333335,15.255555560000003,18.46111111,18.11111111,15.500000000000002,10.561111113499999,5.2,3.3333333334999993,10.481944445,2.1297111435,3.19212127,1.430800077,2.5524193494999996,1.2967929185,1.4266678044999999,1.6628876195000002,1.9652880275,1.502622879,3.1638503705,2.8987010775,2.4217362639999997,2.1369665665,159.5611111,119.0388889,120.26666665,75.25555555499999,68.2,58.183333335,26.144444445,24.433333335000004,47.63888888500001,116.71111110000001,187.1388889,159.29444445,96.82222223,104.310128985,64.614523175,57.03434875,35.218798144999994,34.042938255,24.457082805000002,24.16408525,14.20506986,38.14833995,65.25426362,113.62910935000001,86.87465953,55.16277897,484.02,434.11,188028.16000000053,209652.02249997997
Omaha Tribe of Nebraska,0.10285574765172598,0.1513222269921104,3.0063763635511864,1.455045985865838e6,0.1621764635154987,0.23459119199236078,2.9437797583017415,601305.687492065,0.897144252348274,0.8486777730078896,0.8378235364845013,0.7654088080076392,0.7054318173395915,0.601957715504637,0.0034162864997426125,0.6761308236105957,0.6726471080378149,0.6884328089990006,0.5696985934835094,0.00102286139486395,0.664994943365482,0.6478236030163257,-5.907685963973777,-3.8248749242800595,3.5694733079500267,9.939029084272889,15.253766012112818,21.485285063520532,23.745238879252867,22.712207928656618,18.10150365589313,10.561369509742219,2.153306943784018,-5.399741602075211,9.36573982403167,2.8533779024223165,3.084086266089312,1.9478099960445334,1.8186051296947054,1.513235690681347,1.5958686027884712,1.1011627125081649,1.376486463315933,1.947458278937902,1.6105072392048498,3.703612496667244,3.561761265058142,2.1761643369205843,14.26378855299852,14.525573149443353,41.47605695677389,62.16339820807519,99.76714772290946,122.34120897407233,85.4702540003192,85.72987245454487,65.30681180995299,40.24948870095008,33.82285172299358,19.627634833775367,57.06200725833252,8.574131445645722,11.452586503949782,22.347347682187046,39.18919919177881,37.17301028306534,66.54438720411433,50.8886979722885,39.06184422193721,43.68558058878775,17.687902702300853,25.452164528082644,18.47412396607769,31.710914689980214,-5.6444444444999995,-2.4000000000000004,3.1722222220000003,10.572222219999999,15.772222225,21.744444445000003,24.633333335,23.172222225000002,17.47777778,10.93888889,3.4944444445,-6.022222222000001,9.742592593000001,3.0516993995,6.291955315000001,2.5412841945,1.6395577175,1.391675904,2.358326615,1.8952790655,2.4226934815,2.3872151914999997,1.4416619055000002,6.405018934,3.2511028670000006,2.923122549,20.816666670000004,32.66111111,47.72222222,75.56111111499999,109.50555555,123.1,85.58888888999999,79.05,75.32777778,56.40555555499999,37.62777778,44.59444444499999,65.66342592500001,18.451979635,53.61136694500001,30.451534700000003,36.613876770000005,45.9514389,62.450629815,60.91731861499999,43.23647978,40.72742219,32.32539399499999,25.972441139999997,58.538697799999994,42.43738169,8620.24000002,7731.21,188028.16000000053,209652.02249997997
"Three Affiliated Tribes of the Fort Berthold Reservation, North Dakota",0.10599999999999998,0.16299999999999998,3.1099999999999994,4.563999999999999e6,0.053172719181877014,0.09285858751018361,3.4305833956082985,294891.80221172376,0.894,0.837,0.946827280818123,0.9071414124898164,0.19134058244769456,0.1910865717519425,0.058324627073202955,0.11328496029828516,0.0318732921637343,0.34766780138017855,0.30495257751041316,0.0011000283791571127,0.3305012164846494,0.16612773931542837,-4.894043527752577,-2.6363115695670105,1.5713631159587629,6.8097365403505155,10.998396332474227,15.31386024845361,20.997938144536082,19.024513170309277,13.413172967216495,7.433562428453608,0.17983963362886599,-5.047193585494846,6.930402825298968,2.8080215814742266,1.6554014198350517,2.129362036659794,2.0907898630927835,1.7671173758659793,1.1274423614948452,3.6175438876288655,1.6569801464329894,2.277847012484536,1.9944692118865979,3.701431854670103,3.025963404010309,2.3210308460618556,11.167697593608247,7.688774341443299,20.05040091546392,27.324284078762883,72.03711340206186,51.802405494948445,26.009965632164946,34.6090492543299,39.96987399659793,24.41030927989691,15.873539519793816,9.188888889,28.34435853216495,8.832180164484535,5.81921025756701,18.950222759072165,12.972213943814435,31.233744731752576,30.496500028247425,22.847636349072165,33.245491575670094,28.468100659690727,13.78904557257732,6.296109567463918,5.830832796999999,18.23177403752577,-9.582222222200002,-5.1711111112,0.07999999980000004,8.0044444444,13.062222222,17.959999998000004,21.520000000000003,20.273333334,14.015555556,8.671111111000002,-1.6533333332000002,-8.917777778,6.5218518518,4.4996841110000005,6.421281563200001,3.1021497772,2.9541897684,2.7998824414000003,3.2436533676,2.1470949598,2.0321355312000002,2.4854973040000004,3.6900597768,5.065807521,5.3327533746,3.6478491246,11.457777777999999,9.8066666684,23.142222222,25.735555555999998,67.713333332,77.673333334,50.868888888,45.21777778,34.52,40.164444444000004,31.217777778,14.131111112000001,35.97074074,9.079346110000001,9.4725830252,25.660209048600006,15.924825160000001,34.854485974000006,45.98372537400001,23.255263382000003,37.733491568,25.778163674,19.385400810000004,32.178071866,7.917720781799999,23.935273898000005,200.0,179.37,188028.16000000053,209652.02249997997
"Rincon Band of Luiseno Mission Indians of Rincon Reservation, California",0.10726102456422076,0.15488813232961968,3.11342412044564,1.4107908488167524e8,0.096,0.126,3.52,1.88159e8,0.8927389754357793,0.8451118676703804,0.904,0.874,0.15164238026920607,0.15164238026920607,0.09067502844959051,0.09818222764480063,0.05224222019880904,0.15760970533106658,0.15760970533106658,0.07435762634190232,0.0832615953377016,0.05864297771304655,10.28888889,11.26666667,10.86666667,13.15555556,15.01111111,17.527777779999997,19.01111111,19.6,18.67222222,16.5,11.855555554999999,10.227777775,14.498611115,2.143271124,2.001874122,2.173706512,2.808073677,2.602616205,1.7939739849999998,1.8857653909999998,3.630771268,2.8889098985,2.815581645,1.86897431,2.022534224,2.3863376969999996,123.8,105.0666667,84.9,34.72222222,14.36666667,3.144444444,2.322222222,3.3555555559999997,2.4000000000000004,12.23333333,24.92222222,49.483333335,38.393055555,109.3620249,127.0815781,71.94628204,24.46220441,10.02210058,5.100517403,3.652320419,5.364259294,3.3468033655,18.82876788,40.17448748,78.65190436500001,41.49943752,8.288888889,8.211111111,9.477777778,11.23333333,13.66666667,17.8,21.42222222,21.8,19.22222222,15.08888889,11.01111111,8.644444444,13.82222222,1.027672667,3.0563231360000005,1.2637026719999997,1.467991826,1.553222457,1.7334935819999997,2.709602267,1.538668255,1.488940712,2.394496004,1.59173211,1.510886421,1.778061009,116.3,92.57777778,65.82222222,37.26666667,19.56666667,4.122222222,10.144444440000001,12.1,6.822222222,17.72222222,36.1,43.68888889000001,38.51944444,97.49667943,77.92768728,52.33817386999999,16.54486325,18.77072188,5.417512754,10.33865454,17.68954493,8.749253936,16.65351147,47.2032573,54.76094513,35.32423381,80.36,72.08,188028.16000000053,209652.02249997997
Sac & Fox Nation of Missouri in Kansas and Nebraska,0.07827836016068862,0.12010688891884373,3.0129690375205205,1.4014078782771279e6,0.13167106274607682,0.22301318823823046,3.039802176426543,580895.2627959948,0.9217216398393113,0.8798931110811563,0.8683289372539231,0.7769868117617695,0.7371834262264687,0.6511631210491929,0.0009999999999999994,0.7206100775599654,0.7105484446483044,0.8298846391248865,0.6540761934383941,0.0010000000000000002,0.7247162502712391,0.8123573376512782,-7.702823691491049,-5.749502601767218,2.373132843513774,9.150313743549589,14.917577287968316,20.962603306039945,22.976989591515153,21.844872972837468,17.27660697940083,9.610422406086778,0.9745026017982095,-7.321709519536504,8.276082159972452,2.690804611270661,3.0581306373340222,1.8256344451997248,2.106246762818871,1.5516593057121213,1.4880155800241048,0.9440852144352617,1.3894250791577136,1.821246987803719,1.6734559796260333,3.5496926670192837,3.8045845840000005,2.158581821210055,14.80430058226584,12.450910620426997,41.68598102277548,64.80951178390497,101.93244566480028,115.21980410826446,90.94928833990357,101.02939241708678,83.94514080261021,44.11913070128788,30.317623202465562,21.335958064607443,60.216623943553735,8.886116129650137,10.763212928705233,24.68398390525482,40.22366805500689,34.556045403044074,58.00391800642561,55.739841314035814,43.927265260909095,52.335199057382916,17.499482554400828,26.663161502754818,16.63749804265565,32.493282680509644,-0.9638888887499999,0.6249999997500001,6.3722222222500005,13.719444444999999,18.42222222,23.547222222499997,26.3888888875,25.6361111125,19.541666667500003,14.702777777500001,7.12777777775,-2.3250000002499998,12.7328703725,5.15182658425,5.5537162085,3.9037220907499997,2.69708137225,2.1826643832499997,1.9759749305,1.57894661825,1.80047743025,2.878694075,2.39203343475,4.830711392,4.1656058955,3.25928786825,27.633333335000003,43.1527777775,74.3833333325,73.6361111125,105.130555555,130.44444445,104.88333334999999,95.8555555525,85.11944443499999,66.59166666750001,39.75000000000001,39.5499999975,73.84421296500001,18.670806925,49.0123165575,48.885856365,38.507558495,68.42168179500001,40.113190825000004,32.9584095075,42.7401597125,56.68374790749999,47.69232249,19.1471670875,41.242267192499995,42.006290405,3055.14000001,2740.08,188028.16000000053,209652.02249997997
"Eastern Shoshone Tribe of the Wind River Reservation, Wyoming",0.117658009215815,0.1358711972391301,2.9199301101600033,9.597472857270665e6,0.14117614446151538,0.19888061353981684,3.372357646417614,2.8927536113836793e6,0.882341990784185,0.8641288027608699,0.8588238555384846,0.8011193864601831,0.30297136035049127,0.297148559267944,0.0028915532366557885,0.24310709300703814,0.08895762953426932,0.05609539760024144,0.05569457009786642,0.0027993493918918168,0.021838923204164907,0.002574532331752981,-2.2912559256797187,-0.6871290344143773,2.327628417386323,7.35589648682875,11.568322619231438,17.84620105132086,21.25294824433956,20.37233586587082,16.112958633869077,9.25579258396464,1.93455419173115,-2.6532729397717696,8.5329150163194,2.9087209917779067,4.1491997385704265,3.598350419571594,3.028267219165692,3.479391154619519,3.6239687918036236,2.9945330760195787,3.713520481568964,3.7097629973088826,3.033194988231737,4.096881726120688,2.7121493125330205,3.420661741453242,25.223813235634125,25.022738489707763,53.295382816087056,41.22342684544418,58.5115819213764,33.58162867744007,37.224452885514296,30.31308526524837,28.137846614225595,28.35457821947107,37.33289174688778,34.27584258710696,36.041439108842766,17.653348223293392,15.459145463310925,28.53139478772062,21.024530116344234,31.169099304576264,21.690216860233775,31.830279471317937,27.03509006599648,20.65151726512272,21.334510348386896,35.0877389016686,33.66666593844535,25.42779472940384,-6.496296296333333,-4.635802469,-0.029629629555555582,5.949382716111111,9.918518518444445,15.38271604888889,20.185185185555557,18.54691358,13.139506173333332,8.029629629777778,-0.3049382717777778,-4.875308642,6.234156378888889,3.1105639564444445,5.878266512666666,2.4648985858888888,4.026717573111111,3.997194629444444,3.950562285333333,3.2757558817777777,3.184990003222223,2.6478310743333333,4.122794151777777,6.587103823111112,4.9054174122222225,4.012674657444445,23.583950617,17.796296296666664,23.271604939,37.43086419777778,69.60740740777777,48.22839506111111,37.371604938888886,31.63950617333333,31.04074073888889,27.196296296666663,26.355555556666665,18.376543208888886,32.65823045333333,17.769103131444446,17.553317302222222,19.267596984999997,25.954731226666667,43.030171653333326,46.96072052111112,53.68980983222222,34.686089348888885,30.19823227,29.595302138999998,25.53437202222222,15.066637324444443,29.942173646666667,7761.2699999999995,6960.89,188028.16000000053,209652.02249997997
Ely Shoshone Tribe of Nevada,0.117658009215815,0.1358711972391301,2.9199301101600033,9.597472857270665e6,0.115,0.193,3.12,591000.0,0.882341990784185,0.8641288027608699,0.885,0.8069999999999999,0.30297136035049127,0.297148559267944,0.0028915532366557885,0.24310709300703814,0.08895762953426932,0.06412660271286598,0.06412660271286598,0.001,0.014414487339391003,0.0020734551081965633,-2.2912559256797187,-0.6871290344143773,2.327628417386323,7.35589648682875,11.568322619231438,17.84620105132086,21.25294824433956,20.37233586587082,16.112958633869077,9.25579258396464,1.93455419173115,-2.6532729397717696,8.5329150163194,2.9087209917779067,4.1491997385704265,3.598350419571594,3.028267219165692,3.479391154619519,3.6239687918036236,2.9945330760195787,3.713520481568964,3.7097629973088826,3.033194988231737,4.096881726120688,2.7121493125330205,3.420661741453242,25.223813235634125,25.022738489707763,53.295382816087056,41.22342684544418,58.5115819213764,33.58162867744007,37.224452885514296,30.31308526524837,28.137846614225595,28.35457821947107,37.33289174688778,34.27584258710696,36.041439108842766,17.653348223293392,15.459145463310925,28.53139478772062,21.024530116344234,31.169099304576264,21.690216860233775,31.830279471317937,27.03509006599648,20.65151726512272,21.334510348386896,35.0877389016686,33.66666593844535,25.42779472940384,-1.9074074073333336,0.588888889,1.3296296293333334,5.396296296333333,9.122222221000001,14.970370370000003,19.811111110000002,17.97407407666667,13.781481483333334,8.848148147333333,1.6888888886666666,-2.396296296,7.433950617333333,4.772760445333334,5.14993696,2.388736221666667,2.399994739333333,2.7072910363333333,2.9505244493333334,2.4219419336666665,1.2961065303333335,2.0208205206666667,4.797516956333333,4.5302561216666675,2.9639628743333333,3.1999873990000003,34.322222223333334,38.92962963,32.86296296333334,34.04444444666667,50.15555555333333,18.081481483333334,15.477777776666665,38.748148150000006,23.085185183333337,27.15555555666667,30.107407406666667,25.000000000000004,30.66419753,21.905745913333334,27.020789710000006,14.878421860000001,20.474755016666666,22.89820372,13.134621665333334,15.48606557666667,49.61178987,19.05757146666667,15.799408000000003,23.89146981333333,24.131234253333332,22.357506406666666,7761.2699999999995,6960.89,188028.16000000053,209652.02249997997
Timbisha Shoshone Tribe,0.117658009215815,0.1358711972391301,2.9199301101600033,9.597472857270665e6,0.1352905976342332,0.2069852739423407,3.338669724014972,1.6747403068893403e6,0.882341990784185,0.8641288027608699,0.8647094023657668,0.7930147260576593,0.30297136035049127,0.297148559267944,0.0028915532366557885,0.24310709300703814,0.08895762953426932,0.03963632128744971,0.03630652234249261,0.006388627976409937,0.010661776937097857,0.0011899809591822974,-2.2912559256797187,-0.6871290344143773,2.327628417386323,7.35589648682875,11.568322619231438,17.84620105132086,21.25294824433956,20.37233586587082,16.112958633869077,9.25579258396464,1.93455419173115,-2.6532729397717696,8.5329150163194,2.9087209917779067,4.1491997385704265,3.598350419571594,3.028267219165692,3.479391154619519,3.6239687918036236,2.9945330760195787,3.713520481568964,3.7097629973088826,3.033194988231737,4.096881726120688,2.7121493125330205,3.420661741453242,25.223813235634125,25.022738489707763,53.295382816087056,41.22342684544418,58.5115819213764,33.58162867744007,37.224452885514296,30.31308526524837,28.137846614225595,28.35457821947107,37.33289174688778,34.27584258710696,36.041439108842766,17.653348223293392,15.459145463310925,28.53139478772062,21.024530116344234,31.169099304576264,21.690216860233775,31.830279471317937,27.03509006599648,20.65151726512272,21.334510348386896,35.0877389016686,33.66666593844535,25.42779472940384,4.51111111125,6.0444444445,7.8888888900000005,11.54722222275,15.702777777500001,21.10277778,25.355555555,24.0999999975,19.619444445,14.65,7.7805555565,4.405555555499999,13.559027777499999,1.48307116575,2.37868779925,2.37346783625,2.7126254395,2.7389140170000004,3.6940497117500004,3.4151210985000002,2.58984891775,3.0462361249999996,1.4882011345,2.35830500625,2.6754785455,2.5795005665,60.9055555475,37.330555555,24.5916666675,20.230555555000002,14.563888888000001,5.25,11.3916666675,11.047222223000002,12.063888888249998,7.725,7.96388888825,25.83055555275,19.90787037,57.153463782500005,39.2192277,22.469067637499997,25.079346015,15.274600317500001,6.73971268375,14.7018569325,14.573919557499998,14.481971359999998,7.63431555675,12.446478672999998,26.39806119,21.34766845,7761.2699999999995,6960.89,188028.16000000053,209652.02249997997
St. Croix Chippewa Indians of Wisconsin,0.11309305713040453,0.218846783094808,3.006606688339989,926945.4751616595,0.09700517515022355,0.18360633140488966,3.1851943387309163,1.5154593112462228e6,0.8869069428695955,0.781153216905192,0.9029948248497764,0.8163936685951103,0.3870364640288159,0.35265520878572026,0.0010000000000000013,0.22740496162361215,0.34025307476912825,0.3440545666797694,0.3200673585177242,0.0010000000000000002,0.20776229812067723,0.31170878076418945,-10.182518345250728,-9.124793817843365,-0.8640366259175918,6.408870705736996,12.88034937465809,17.865647122939794,20.64727579686147,19.558958372741085,14.481940384593802,7.525728943329046,-0.38916163391992986,-9.173745048694329,5.802876269126825,2.2948475979976615,2.8859171460303914,2.495562326797778,2.0780953097305663,1.4286864769357095,1.6477637550572763,1.1242225463576854,1.4257168778708356,1.8159830898445344,1.7800304489620105,2.818700153053183,4.141210137797779,2.1613946557399184,21.51881290695499,14.891239690683808,35.50937074138515,51.51752062225602,79.6204104183518,120.7511137018702,96.5803104118352,118.55723096772644,118.71943633960838,73.022131306014,51.56198454344243,29.384999030303913,67.63621339099357,11.306854351715366,6.551963511940386,17.236629990870835,16.306502253056685,21.56407439254821,33.61520055035652,42.92856059165983,45.48814518146697,56.6740182223787,29.823422459076557,30.889688621040325,18.8813422572069,27.605533532764458,-9.094444444499999,-6.699999999999999,1.2388888889999998,7.4277777775,13.644444445000001,19.272222225,21.105555555,20.816666665,16.55,8.5555555555,1.0055555555,-6.8944444444999995,7.2439814815,3.164906537,3.1752477585,4.0846758560000005,2.4033727415,1.581793228,2.9028246530000006,1.061957149,2.085062937,3.053257678,1.9790695105000002,3.960436876,8.1078117465,3.1300347225,18.377777775,14.416666665,39.23888889,56.183333335,76.94444444499999,124.9055556,98.62222220000001,122.27222219999999,102.84999998500001,73.177777775,45.78333333,27.011111110000005,66.64861110999999,11.1766149325,8.103534686,20.138685985,36.50125045,23.40675805,40.858084625,50.568267580000004,54.832772545000005,60.219771665,39.2135952,37.300312045,17.5214606925,33.32009237,3680.0,3300.48,188028.16000000053,209652.02249997997
"Shingle Springs Band of Miwok Indians, Shingle Springs Rancheria (Verona Tract), California",0.11853185156499255,0.1712543482067207,3.6209608453017212,4.338826459360829e7,0.091,0.134,4.47,1.2877e7,0.8814681484350074,0.8287456517932793,0.909,0.866,0.2662943561644525,0.2655335293407628,0.12512455571408002,0.15262773426359766,0.10361573059706639,0.20387329374686058,0.20387329374686058,0.05484589402902934,0.09477740470121128,0.13468151565556197,8.270734366406623,10.429579289467021,11.300549568108725,13.656547459589358,16.198526442519697,20.25242703714734,22.7525655461211,22.03992457910648,20.167196576012543,16.9373438417806,10.800409272872608,7.855391131845098,15.055099592393436,2.183842041193018,2.2698343468705953,2.3121118392407904,2.2878332381198327,2.338482651652163,2.6958759703570037,2.5624800373590126,2.6712372244447478,2.327685194183931,2.572416279734841,2.413089118432443,2.4520584531209573,2.4239121996143624,125.2239120347337,82.99516915800308,80.67287545354348,46.468317158998694,24.651366325098923,7.618340392947074,3.296835736990909,2.931496970772639,5.290928994067393,25.12045913468632,43.52898146670498,106.89947455772068,46.224846448779935,103.2456191637276,66.42197989304167,71.26640248289121,30.21717336421827,20.348444827767324,8.55247242819318,5.961612524001286,4.507913170688032,6.881180199807619,28.870996257065293,44.82896078113077,95.27028282788241,40.53108649331914,6.1,7.433333332999999,9.3,11.66666667,15.088888889999998,20.52222222,24.98888889,23.01111111,20.65555556,13.88888889,8.133333333,5.6,13.86574074,1.308625233,2.926602125,1.8947295320000002,1.793739111,1.9029217299999999,1.996733444,2.361908362,1.695910113,1.880898131,3.021772842,3.61835598,3.560196624,2.330199436,206.5,142.9111111,128.6888889,63.88888889,57.16666667,13.37777778,11.5,12.11111111,10.64444444,47.11111111,71.28888889,152.7,76.49074074,157.8440528,132.1674454,119.97364760000002,53.05844524,38.03064554,14.24182026,17.63767275,26.16789275,15.48104576,58.94156947,71.24555152,147.7286617,71.04320423,17284.35000003,15501.679999999995,188028.16000000053,209652.02249997997
"Minnesota Chippewa Tribe, Minnesota (Bois Forte Band (Nett Lake))",0.11309305713040453,0.218846783094808,3.006606688339989,926945.4751616595,0.12190811994435309,0.2112608843887198,3.0200566401158047,2.872892703672036e6,0.8869069428695955,0.781153216905192,0.8780918800556469,0.7887391156112802,0.3870364640288159,0.35265520878572026,0.0010000000000000013,0.22740496162361215,0.34025307476912825,0.3459309517446793,0.31887426797732443,0.0010000000000000078,0.2915181991234117,0.30531073504780154,-10.182518345250728,-9.124793817843365,-0.8640366259175918,6.408870705736996,12.88034937465809,17.865647122939794,20.64727579686147,19.558958372741085,14.481940384593802,7.525728943329046,-0.38916163391992986,-9.173745048694329,5.802876269126825,2.2948475979976615,2.8859171460303914,2.495562326797778,2.0780953097305663,1.4286864769357095,1.6477637550572763,1.1242225463576854,1.4257168778708356,1.8159830898445344,1.7800304489620105,2.818700153053183,4.141210137797779,2.1613946557399184,21.51881290695499,14.891239690683808,35.50937074138515,51.51752062225602,79.6204104183518,120.7511137018702,96.5803104118352,118.55723096772644,118.71943633960838,73.022131306014,51.56198454344243,29.384999030303913,67.63621339099357,11.306854351715366,6.551963511940386,17.236629990870835,16.306502253056685,21.56407439254821,33.61520055035652,42.92856059165983,45.48814518146697,56.6740182223787,29.823422459076557,30.889688621040325,18.8813422572069,27.605533532764458,-12.48611111,-9.338888888500001,-0.41111111100000003,5.341666666499999,11.830555555,17.3,19.66388889,19.1500000025,14.677777779999998,6.436111111000001,-1.1027777777499999,-10.841666664999998,5.0182870377499995,2.4816605545000003,5.1738276155000005,6.106285776,2.26622421275,1.4380910552500001,3.5374053002499997,1.3974814435,2.9627175397500003,4.765850246,1.8957937685000001,6.11268450675,5.553970123499999,3.6409993455,27.891666665000002,15.397222220000002,30.11111111,42.322222222499995,77.09166666499999,102.19444443999998,96.152777775,92.5972222225,80.305555555,68.3388888875,58.1500000025,33.724999999999994,60.356481484999996,14.012159462500001,5.52637682225,12.4614267095,26.0333065475,44.926880839999995,30.708381314999997,55.816890234999995,39.231464772500004,34.25213603,26.805599152499997,36.15748784,21.977977195,28.9925072425,3680.0,3300.48,188028.16000000053,209652.02249997997
"Kaibab Band of Paiute Indians of the Kaibab Indian Reservation, Arizona",0.10548749803997587,0.14002187308452188,3.2267187522273,5.564305781286961e6,0.16523390399099266,0.25124652030126465,3.147703014457647,1.7502445555188935e7,0.8945125019600242,0.8599781269154781,0.8347660960090073,0.7487534796987354,0.0771503551655004,0.07642872424151516,0.02290521212062706,0.028238450839706043,0.0009962356930682717,0.094748634745588,0.09438883956205457,0.005164941693630471,0.04880871577669733,0.013013931253738344,7.136679438117244,10.987918262043681,12.214201789885058,14.833946359126443,17.95126436712644,22.830498085563224,25.05724138075863,24.96546615593104,22.01887611903449,18.17297573627587,11.079386970436783,7.585644955342528,16.236174967310347,3.6478860350873568,1.7206831333448283,1.7901684525379316,2.44332967170115,1.921398102052874,1.5466633622022994,2.362426586993104,1.206559857144828,2.032896829917242,1.5297821568666672,2.0835536405034487,3.073475384009196,2.113235267875863,95.85083013273567,69.11026819910347,53.64541507071266,41.185466155172435,22.113435504298856,2.9125415071264373,1.2854916988000002,0.8481736909149427,2.785108556696552,19.268352490045988,32.43803320485058,77.58819923381608,34.91927628811496,72.31982213289658,49.05857062326438,37.240987546229896,24.81764424531035,16.28859730772414,3.7747165227816106,2.249153954763219,1.4438403184137938,3.656072706535633,21.935596968160926,38.983903050252884,71.16939000524138,28.578191280643686,2.077777778,3.4444444444999998,5.922222222499999,8.7444444445,13.955555555,18.22222222,22.455555555,22.1,18.894444444999998,11.86111111,4.4944444445,1.6777777779999998,11.154166665000002,3.9780588124999996,3.5047283475,3.063724416,1.9445916964999999,3.2946735465000003,2.3976761399999997,2.406884689,1.3550941425,2.5662778470000003,1.681992982,2.426124073,3.7204755095,2.6950251834999994,77.82222222,68.86666667,45.077777775,37.2,34.733333335000005,19.961111110000004,25.211111109999997,29.222222220000003,20.488888884999998,39.63888889,39.311111115,26.983333334999998,38.70972222,65.17840699,42.078065465,28.871499645,30.52030869,41.167093105,23.66754155,14.34320134,16.787715929999997,15.119705869999999,35.678438465,50.84174513000001,30.39980368,32.887793825,958.9399999999999,860.01,188028.16000000053,209652.02249997997
Big Pine Paiute Tribe of the Owens Valley,0.11622256255356948,0.13636074724259734,2.9561141887009734,9.121782384302506e6,0.105,0.144,3.27,1.052e6,0.8837774374464306,0.8636392527574026,0.895,0.856,0.2753542556703403,0.270155309530538,0.005339152440187298,0.2168294233174714,0.0782002643390589,0.08661750513103256,0.0853060941517156,0.00880319009656081,0.04104376282758139,0.001,-1.2279549448003622,0.6296056230808916,3.4426554894726453,8.199285570170593,12.28820326749027,18.40833981458126,21.68200386122892,20.890358079035504,16.77903955324863,10.261489931969662,2.96592630963028,-1.4985077636310589,9.401703732596577,2.9920854703466406,3.875306888357012,3.3944201225377215,2.962296819075704,3.3036776524503484,3.389686224555354,2.9232428704902778,3.4307805615211295,3.520642752866215,2.863637150107856,3.8698146487954337,2.7529003732258213,3.273207627891884,33.189266269141804,29.995016276481703,53.3348601380373,41.21914556458647,54.40652781418719,30.1227090717656,33.171186586260795,26.989974937316028,25.278515254353888,27.32981591915996,36.78084003162043,39.16069484049519,35.914879392219326,23.818740017609535,19.24855431593725,29.513679685296854,21.452324942919347,29.490847199668124,19.669671709393302,28.49406230779672,24.148858891457074,18.73473780362793,21.402302072421556,35.527155910907446,37.89629647229451,25.783102611122608,2.855555556,2.144444444,5.266666667,7.311111111,10.84444444,16.51111111,21.23333333,18.8,16.04444444,11.05555556,6.1,3.255555556,10.11851852,3.116532974,3.622192399,2.868797658,2.552177719,2.657118322,1.887752926,2.724885319,1.717556404,1.592255563,4.503362941,2.946183973,3.121742747,2.775879912,99.57777778,58.72222222,42.46666667,31.28888889,14.26666667,10.36666667,29.57777778,10.866666670000003,16.94444444,16.08888889,20.74444444,79.63333333,35.8787037,93.26466075,62.05910042,29.26734528,26.91600102,13.716413529999999,22.61559197,39.7270304,15.92921844,15.3134019,15.79053866,33.13001325,78.21724554,37.16221343,8720.209999999997,7820.9,188028.16000000053,209652.02249997997
Ute Mountain Ute Tribe,0.13059244910127876,0.17469119061815847,3.4299999999999997,528089.0558531958,0.14137320487560204,0.21698516619508287,3.143615047559393,3.4097666605083635e6,0.8694075508987212,0.8253088093818415,0.858626795124398,0.7830148338049171,0.08172059455319314,0.08125997686733492,0.0010929411515414797,0.04433787402664774,0.012974975533391622,0.06693688418335556,0.06528732581384349,0.0017571582834139505,0.04230134049718806,0.01372167253850739,-3.276251526262362,-2.087683150233516,1.325579975559066,4.973443223318682,10.094230768385989,16.673977413173073,19.49068986543956,18.322298533653846,14.890064103406596,8.443376068762362,1.7443681318406592,-2.3246184371181315,7.355789580822803,4.984534857248626,5.69407560279945,5.037716580541207,4.813996073012362,4.54377602587912,4.4894091641552185,3.9894092866016493,5.6076354105013735,4.754362689989011,4.567889372271978,5.016861352508242,4.115738332931319,4.801283729103022,26.28843101432692,25.929242979038452,44.710607449697804,32.86340048809066,34.49929792354395,23.627503051909336,52.70912698468406,41.69836691199176,42.859768008942304,38.74555860991759,20.38542429807692,17.104838216662085,33.451797161401096,19.519226807747252,12.219566045927198,30.780593225219775,19.633600050714282,30.20307109557692,19.489065934725275,33.423398588379115,18.944310449835164,23.47967925320055,36.891223095398345,13.903857501653844,11.50841201546154,22.49966700546703,-1.0347222221249999,3.197222222125,5.431944444625,8.883333333875,14.4875,19.662499998749997,23.411111109999997,22.454166666249993,18.069444444999995,11.418055554874998,4.0847222221249995,-0.147222222125,10.826504630499999,2.0227411746249997,3.0243625868749997,1.831206416375,2.6265536772499996,2.1833845726249996,2.8779275095,2.161988346125,2.1495740959999994,1.7207746112499995,1.7741743127499998,2.5574430811249997,3.6205194345,2.3792208181249994,43.91111111124999,40.36944444625,33.7722222225,27.101388889999992,24.095833333749997,15.091666667999998,25.506944444999995,30.358333334999998,31.694444443749997,32.74999999874999,33.77361111125,15.099999998749999,29.460416667499995,25.221212101249996,38.54973661375,21.417154033749995,19.302306532499998,29.962588529999994,25.517954878624995,21.904859753749996,18.850175455,19.74526815,22.200175671249994,56.59570746124998,16.2261661495,26.291108778749994,1595.30999999,1430.77,188028.16000000053,209652.02249997997
"Bad River Band of the Lake Superior Tribe of Chippewa Indians of the Bad River Reservation, Wisconsin",0.10687890787421152,0.19844345732196456,3.08188262532617,1.2195527582994914e6,0.11733307393570981,0.19590405782549802,3.3171450805510583,996785.4358320393,0.8931210921257885,0.8015565426780354,0.8826669260642902,0.804095942174502,0.36117101623680475,0.3384978646383907,0.0010000000000000013,0.21527042604693647,0.2993322880158622,0.4340199203515163,0.4095993224489371,0.0010000000000000007,0.3480406513461276,0.38155870838708394,-10.270108650838047,-9.108127493600845,-0.8655844157998472,6.2546642899579865,12.564332399014516,17.47437399532849,20.531368304881592,19.468177573995426,14.347886427608872,7.4867753162444615,-0.5050462609950346,-9.296651387994656,5.673505008250576,2.2324114892990834,2.809676650783805,2.609382298255922,2.0394599201038957,1.41565582566272,1.8496422563728043,1.1498042669163488,1.4201726407501913,1.8763754388663096,1.8567910945561505,2.817952550300993,3.930114959490833,2.1672866159809026,22.52076648515279,15.156654782669978,36.35271623857527,47.833587982608904,83.99548849880067,111.96972242894577,94.39717341649354,115.84326880287628,114.28756473978997,74.05102707606191,51.119599353464494,29.060033106058068,66.38230024344159,12.637327853118794,6.754357023056917,19.112351075847982,18.748064439220784,30.19316233911766,35.35893739461805,38.95018814700536,43.61800585825824,54.76304131551186,30.200649494121468,30.673170413292613,18.179013522158524,28.26568907255157,-10.111111111333333,-7.777777777666667,-0.2148148146666667,5.725925926,11.89629629333333,17.496296296666664,19.881481479999998,19.674074076666663,15.114814816666668,7.2333333333333325,0.20740740733333332,-6.3999999999999995,6.060493827333333,2.044218238,3.35303555,4.359817924666666,2.080701853333333,1.4620711936666668,3.0577764046666664,1.154680837,2.0986090326666664,3.851867217666667,1.866184913,4.113275782666666,10.188971990999999,3.302600911666667,24.485185186666662,15.562962966666666,30.607407406666663,54.111111109999996,70.91481481666666,102.36666666666666,97.87777777333334,108.15555555666667,118.33333336666668,75.18888888666665,51.922222223333335,35.714814813333334,65.43672839666667,12.024945739333333,7.162015587666667,21.84585987666667,32.088623676666664,30.589575236666665,30.049565219999998,37.333040553333326,46.909630013333334,66.20566041666666,41.20464626333333,42.59105778666666,22.51937754,32.54366649333333,5600.0,5022.469999999999,188028.16000000053,209652.02249997997
"Minnesota Chippewa Tribe, Minnesota (Fond du Lac Band)",0.11309305713040453,0.218846783094808,3.006606688339989,926945.4751616595,0.09706864746028158,0.15960786132752874,3.2177449707072987,6.0771835199553715e6,0.8869069428695955,0.781153216905192,0.9029313525397185,0.8403921386724713,0.3870364640288159,0.35265520878572026,0.0010000000000000013,0.22740496162361215,0.34025307476912825,0.3531916414012067,0.34192197897938076,0.0009999999999999979,0.2125168626753289,0.28162577258558613,-10.182518345250728,-9.124793817843365,-0.8640366259175918,6.408870705736996,12.88034937465809,17.865647122939794,20.64727579686147,19.558958372741085,14.481940384593802,7.525728943329046,-0.38916163391992986,-9.173745048694329,5.802876269126825,2.2948475979976615,2.8859171460303914,2.495562326797778,2.0780953097305663,1.4286864769357095,1.6477637550572763,1.1242225463576854,1.4257168778708356,1.8159830898445344,1.7800304489620105,2.818700153053183,4.141210137797779,2.1613946557399184,21.51881290695499,14.891239690683808,35.50937074138515,51.51752062225602,79.6204104183518,120.7511137018702,96.5803104118352,118.55723096772644,118.71943633960838,73.022131306014,51.56198454344243,29.384999030303913,67.63621339099357,11.306854351715366,6.551963511940386,17.236629990870835,16.306502253056685,21.56407439254821,33.61520055035652,42.92856059165983,45.48814518146697,56.6740182223787,29.823422459076557,30.889688621040325,18.8813422572069,27.605533532764458,-10.56666667,-5.661111110999999,-1.3333333334999997,5.6,12.083333335,17.944444445,20.183333335,20.22222222,13.811111110000002,7.066666666500001,1.9277777779999998,-9.1611111115,6.009722222000001,2.3154000485000004,9.271834327999999,3.0027513874999996,2.4058427475,1.3846649274999998,4.2145575375,1.51945652,3.5708645695,1.5242157655000002,2.08349233,9.575960722,4.842509984,3.8092959055000004,29.433333335000004,15.244444445000001,35.83888889,45.23888889,75.16666667000001,99.98333335,92.01666667,102.96111109999998,103.01666668,77.65555555499999,44.444444445,30.466666665,62.622222225,24.374781640000002,7.3772511430000005,20.11278119,35.078878419999995,27.662082050000002,39.15386468,31.96031138,52.140727905,52.284136685,32.315569409999995,30.340615755,21.965546215499995,31.23054554,3680.0,3300.48,188028.16000000053,209652.02249997997
Picayune Rancheria of Chukchansi Indians of California,0.13338256005268526,0.1997555598437097,3.3628334604941603,2.194776373298101e7,0.132,0.204,3.97,1.3794e7,0.8666174399473148,0.8002444401562903,0.868,0.796,0.24237254776855616,0.23883055803313472,0.12560742395428406,0.13860612821927842,0.09665550779696712,0.34382022968037373,0.34382022968037373,0.1109048274778449,0.20346927180590052,0.2020189525144095,8.347051024193018,10.330327534770777,11.410120348495926,14.147470642396911,16.880503832027255,21.01118396123654,24.06130197816547,22.85365125053105,20.81618439874637,17.200272459808268,10.81587114238238,7.616780312927873,15.457559907672954,1.828192880054548,2.033497369341724,2.285267230691711,2.238906229849985,2.27586519347233,2.7728408865426157,2.6620413180592695,2.5217006798556243,2.554208396290319,2.2360591260057676,2.1935878612244943,2.3606283564462345,2.3302329607113803,113.50664539705728,83.6338884525583,67.46312468992915,42.30725005197742,24.021193577505883,7.730608736118535,2.727347961647124,2.7343852900704184,5.735751959827167,25.532447475728027,39.15399073348411,92.67535040812479,42.26849872805008,94.32567645983603,69.75883322498028,57.245302439851784,28.616442419816384,18.068473315227244,9.199411620378699,4.858656637616568,3.6108816205933607,6.096797430605158,29.602983305037487,40.627150518321486,77.55080090539985,36.630117491341416,5.766666667,7.277777778,10.07777778,13.58888889,17.25555556,22.7,25.22222222,25.14444444,20.911111109999997,16.55555556,9.255555556,5.066666667,14.90185185,1.933907961,3.231399765,1.710100712,1.852325865,1.235021367,2.593260496,2.828770836,0.817176711,1.2771496040000003,1.207384685,2.439831506,3.999374951,2.093808705,182.9,121.2444444,107.0111111,59.72222222,38.15555556,10.27777778,9.411111111,8.333333333,5.811111110999999,32.07777778,55.63333333,104.6222222,61.26666666,100.42448660000001,90.39235464,92.01144554,24.21682152,28.64363416,10.737641470000002,18.02646974,15.79659773,4.711274892,37.64660601,50.26335643,79.0787705,45.99578827,12854.340000010006,11528.539999999995,188028.16000000053,209652.02249997997
Lone Pine Paiute-Shoshone Tribe,0.11622256255356948,0.13636074724259734,2.9561141887009734,9.121782384302506e6,0.105,0.144,3.27,1.052e6,0.8837774374464306,0.8636392527574026,0.895,0.856,0.2753542556703403,0.270155309530538,0.005339152440187298,0.2168294233174714,0.0782002643390589,0.0919460413227742,0.0918365258793649,0.02074070502277858,0.055850196320263536,0.001,-1.2279549448003622,0.6296056230808916,3.4426554894726453,8.199285570170593,12.28820326749027,18.40833981458126,21.68200386122892,20.890358079035504,16.77903955324863,10.261489931969662,2.96592630963028,-1.4985077636310589,9.401703732596577,2.9920854703466406,3.875306888357012,3.3944201225377215,2.962296819075704,3.3036776524503484,3.389686224555354,2.9232428704902778,3.4307805615211295,3.520642752866215,2.863637150107856,3.8698146487954337,2.7529003732258213,3.273207627891884,33.189266269141804,29.995016276481703,53.3348601380373,41.21914556458647,54.40652781418719,30.1227090717656,33.171186586260795,26.989974937316028,25.278515254353888,27.32981591915996,36.78084003162043,39.16069484049519,35.914879392219326,23.818740017609535,19.24855431593725,29.513679685296854,21.452324942919347,29.490847199668124,19.669671709393302,28.49406230779672,24.148858891457074,18.73473780362793,21.402302072421556,35.527155910907446,37.89629647229451,25.783102611122608,2.722222222,1.077777778,3.722222222,5.344444444,8.8,15.7,19.1,16.88888889,14.6,9.455555556,4.966666667,3.1,8.789814815,4.019570182,3.8512263560000006,4.280706068,2.8147429330000002,2.731300057,5.786838515,3.636275567,1.49117776,2.883574171,3.909639085,3.307567082,3.694252292,3.533905839,150.8444444,90.37777778,59.92222222,39.51111111,9.711111111,15.88888889,19.64444444,11.98888889,21.53333333,17.78888889,26.27777778,117.2333333,48.39351851,145.001501,110.8757951,52.36283935,47.00998416,12.44793602,36.72320263,43.74317407,17.24640864,25.45329055,21.53871192,58.515741,130.0971368,58.41797677,8720.209999999997,7820.9,188028.16000000053,209652.02249997997
"Utu Utu Gwaitu Paiute Tribe of the Benton Paiute Reservation, California",0.10548749803997587,0.14002187308452188,3.2267187522273,5.564305781286961e6,0.085,0.12,3.25,665000.0,0.8945125019600242,0.8599781269154781,0.915,0.88,0.0771503551655004,0.07642872424151516,0.02290521212062706,0.028238450839706043,0.0009962356930682717,0.08362143945762583,0.07929725525945212,0.03991765778356334,0.02086483683963474,0.0010000000000000002,7.136679438117244,10.987918262043681,12.214201789885058,14.833946359126443,17.95126436712644,22.830498085563224,25.05724138075863,24.96546615593104,22.01887611903449,18.17297573627587,11.079386970436783,7.585644955342528,16.236174967310347,3.6478860350873568,1.7206831333448283,1.7901684525379316,2.44332967170115,1.921398102052874,1.5466633622022994,2.362426586993104,1.206559857144828,2.032896829917242,1.5297821568666672,2.0835536405034487,3.073475384009196,2.113235267875863,95.85083013273567,69.11026819910347,53.64541507071266,41.185466155172435,22.113435504298856,2.9125415071264373,1.2854916988000002,0.8481736909149427,2.785108556696552,19.268352490045988,32.43803320485058,77.58819923381608,34.91927628811496,72.31982213289658,49.05857062326438,37.240987546229896,24.81764424531035,16.28859730772414,3.7747165227816106,2.249153954763219,1.4438403184137938,3.656072706535633,21.935596968160926,38.983903050252884,71.16939000524138,28.578191280643686,-0.022222222,0.788888889,1.911111111,5.266666667,9.044444444,13.97777778,18.2,17.4,12.96666667,8.1,1.9666666669999997,0.322222222,7.493518519,1.696892585,1.919273589,2.275106835,2.304343724,2.584623334,2.448355457,1.456021978,2.098809186,1.61322658,1.958953802,3.3845236,2.19361447,2.161145428,150.6333333,89.98888889,62.46666667,42.66666667,36.08888889,14.35555556,29.22222222,14.85555556,15.711111109999997,31.98888889,37.07777778,100.1666667,52.10185185,113.6596344,74.72727823,50.87536241,24.58256496,29.12170344,16.80655461,37.03112805,23.13925837,13.72447125,34.0901175,40.60682756,97.65812818,46.33525241,958.9399999999999,860.01,188028.16000000053,209652.02249997997
"Big Valley Band of Pomo Indians of the Big Valley Rancheria, California",0.10081821386921605,0.13776984077851853,3.930633489791415,1.8077710153976716e7,0.157,0.231,3.92,6.666e6,0.8991817861307839,0.8622301592214815,0.843,0.769,0.30078419060396766,0.29972812739090754,0.12389751315124824,0.13923249473887073,0.15261387757111916,0.633862104878806,0.4135093826394491,0.39747884877122197,0.5886316534397237,0.39831899619632677,7.5403459523669305,9.35055074383445,10.396527108753366,13.189672228285604,16.003491604968712,20.08889423684069,22.63436798272615,22.114789861977844,19.7291466160587,16.83335204884263,9.989158913630169,6.871019142441044,14.5617763703561,2.751383812166022,3.298588050620065,3.0543210322117402,2.860123703967997,2.6148798693544255,3.1303405808428746,2.626855790616456,2.578371498732915,3.439982662851537,2.5903987483486506,2.690048041246389,3.293589386916742,2.9107402647747818,153.37516308860435,103.27493583730744,92.33476099029346,40.802550529025474,32.3734707516025,6.812111004170355,3.7057373542690057,3.6115522402473497,10.828475564411203,33.6354053042637,45.09728906194413,107.8175596178801,52.805750945476376,130.03199142425396,94.89253236598647,74.09859485778149,31.408557861730717,27.850362218953315,9.808617474530068,6.3096867636532705,6.013621429104666,12.13694520302261,37.55872132599371,47.42521996051727,103.22725837736766,48.39684243913618,6.666666667000001,7.544444444,8.255555556,10.666666670000001,13.4,17.41111111,19.56666667,19.7,17.3,13.92222222,8.4,6.188888889000001,12.41851852,1.49582753,2.064044035,1.836512395,1.485765796,1.6650825809999998,2.370360966,0.796868873,2.386943652,1.336974196,1.245770623,1.480709289,1.719334497,1.657016203,241.1555556,145.8444444,147.8111111,68.83333333,52.34444443999999,21.28888889,4.077777778,6.077777778,18.74444444,45.3,73.34444444,193.7444444,84.88055555,193.5780664,115.6561403,125.5278201,45.37336774,36.57068878,23.5144341,9.692107327,11.13460572,16.29325866,43.18315644,59.28239855,122.1350698,66.82842616,6545.989999999999,5870.73,188028.16000000053,209652.02249997997
"Walker River Paiute Tribe of the Walker River Reservation, Nevada",0.10548749803997587,0.14002187308452188,3.2267187522273,5.564305781286961e6,0.16015266622604163,0.2812594420590853,3.360778074052918,1.1125906564324491e6,0.8945125019600242,0.8599781269154781,0.8398473337739584,0.7187405579409147,0.0771503551655004,0.07642872424151516,0.02290521212062706,0.028238450839706043,0.0009962356930682717,0.035334175392728706,0.02647209915989125,0.01578090209824353,0.010796425000684628,0.001012427278962062,7.136679438117244,10.987918262043681,12.214201789885058,14.833946359126443,17.95126436712644,22.830498085563224,25.05724138075863,24.96546615593104,22.01887611903449,18.17297573627587,11.079386970436783,7.585644955342528,16.236174967310347,3.6478860350873568,1.7206831333448283,1.7901684525379316,2.44332967170115,1.921398102052874,1.5466633622022994,2.362426586993104,1.206559857144828,2.032896829917242,1.5297821568666672,2.0835536405034487,3.073475384009196,2.113235267875863,95.85083013273567,69.11026819910347,53.64541507071266,41.185466155172435,22.113435504298856,2.9125415071264373,1.2854916988000002,0.8481736909149427,2.785108556696552,19.268352490045988,32.43803320485058,77.58819923381608,34.91927628811496,72.31982213289658,49.05857062326438,37.240987546229896,24.81764424531035,16.28859730772414,3.7747165227816106,2.249153954763219,1.4438403184137938,3.656072706535633,21.935596968160926,38.983903050252884,71.16939000524138,28.578191280643686,1.0066666666,4.3133333334,4.9355555556,9.5911111108,13.262222221999998,18.939999997999998,23.68,22.657777778000003,17.031111111999998,12.835555556,4.5177777778,1.0644444443999999,11.152962964,2.0980350473999994,3.5380944714,3.2469995292,3.4183305582000005,3.1620254338000002,3.5436736808,3.9445170216,3.0653931173999993,3.0853559554,2.5484428146,2.9997523526,3.1296328476,3.1483544026000003,33.56,26.515555553999995,24.10222222,21.431111112,30.551111111999997,10.211111109800001,11.928888889000001,11.977777775799998,10.1244444444,17.135555556,19.479999999999997,28.606666668000003,20.468703704000003,22.889333163000003,17.6110920084,20.908251464,16.970204889999998,18.108966665999997,13.026841678,13.317400613999999,20.410550947999997,12.596261239999999,17.32123398,17.838397355999998,23.811192741199996,17.900810562,958.9399999999999,860.01,188028.16000000053,209652.02249997997
Puyallup Tribe of the Puyallup Reservation,0.12473978905920494,0.19063329856377098,3.381208970792341,4.247695434556172e7,0.11786127880359022,0.17069843218171793,3.392834737491852,5.845085111927192e7,0.8752602109407951,0.809366701436229,0.8821387211964098,0.829301567818282,0.4843425458384197,0.47572894871357096,0.0010000000000000002,0.2627242501271931,0.379135456686413,0.497586721646447,0.4646050298870838,0.0008030530853658792,0.3591694824947253,0.45956066676088103,0.40389761502617805,2.593600930837696,3.6095404301937166,7.099999999999999,11.737870857382198,15.485980222617803,19.155555559999996,17.753170446596858,15.891041303979058,8.654101221706807,3.2229203024816755,-2.29418266460733,8.609458018785341,2.7842221183560207,2.8908946511204188,2.4001261999267016,1.9006577809999998,1.2393470747801048,2.9255100952565445,2.324925327,1.2361433641675392,3.3264221924031414,1.8116422077015706,4.032220146549738,2.4611827646858635,2.444441160376963,104.62065151460735,93.77777778,80.33019197497381,35.49011052984294,73.46910994722514,41.12076788895288,20.619778940366494,29.575218150732987,33.31111111,61.19842932115183,89.08289703293194,142.03164631256544,67.05230754146596,129.10012909581152,79.51073477,76.50882139204188,31.75349763712042,51.10135634874346,40.141159484502616,15.23694319314136,31.913245453979062,30.365006359999995,53.72884224303665,98.18738225565444,110.46206555544502,62.33409864895288,3.877777778,5.788888889,7.944444444,11.08888889,13.36666667,16.53333333,20.64444444,19.22222222,16.67777778,10.96666667,6.3,3.6111111109999996,11.33518519,3.425557538,1.510334768,1.543624882,1.174142713,1.09658561,1.206233808,2.377557103,1.401586403,1.652859475,2.507488784,2.437211521,3.54451846,1.9898084220000003,181.7555556,100.3444444,104.9,77.42222222,60.844444440000004,57.91111111000001,20.93333333,27.833333329999995,54.55555556,105.3,160.1888889,202.0,96.16574074,159.2205162,49.56949947,37.61100238,24.49978458,27.88597816,22.12834407,16.10807251,14.397482420000001,41.6115402,54.17564028,76.91882807,134.857332,54.91533503,484.02,434.11,188028.16000000053,209652.02249997997
"Otoe-Missouria Tribe of Indians, Oklahoma",0.08822416307226782,0.1335072795335444,3.034053214989188,1.788763439420471e6,0.14840764218316949,0.23107828978237568,3.1647103844768263,2.8732283440351738e6,0.9117758369277322,0.8664927204664556,0.8515923578168305,0.7689217102176243,0.702838774127882,0.6256307018590721,0.0010273478613499754,0.681092212830019,0.6751638748925024,0.4570839870368578,0.4166086378022742,0.26255201286712804,0.44358266450267575,0.37881744647288695,-6.747849712802047,-4.75364591422636,3.088966516547273,9.640252548953889,15.238648242948285,21.4013093200652,23.551648293735436,22.4281788550489,17.8822801836516,10.275743931987886,1.784282978852351,-6.350323448754076,8.953290983432694,2.636280693080576,3.062754579271074,1.7149837160801111,1.957341342600838,1.5762691876786206,1.4135731766623187,1.0087193184825336,1.4612998045319043,1.739565394689333,1.6024539427871438,3.399302212822075,3.525353331482998,2.0914913917233338,16.03805827299021,14.258748640447129,43.056140351206324,61.678678258411715,101.10758681039587,113.89131604946427,88.9705998051094,93.54753403152765,76.30677431034464,42.356600942682796,31.385887285165328,21.755421000018618,58.69611214765252,8.820590173870508,11.628595865873303,22.558169155048894,37.55354554314856,38.32663461544012,59.537456367671126,50.16664868784814,43.180034391127144,50.33241484887282,16.68089253363297,25.22400236529575,18.359681345112246,31.864055491890994,3.4296296296666666,5.2185185186666665,11.148148149999999,15.974074076666668,20.351851853333333,26.166666666666664,28.451851853333334,28.496296293333337,24.277777776666667,17.07777778,10.266666669000001,3.4777777779999997,16.19475308666667,2.043340918,2.7680659773333334,1.6151292030000002,1.3604703206666666,1.205923334666667,1.5521968843333331,1.4052631266666666,1.6058335110000002,1.5166312253333334,1.322223026,2.1113904663333334,2.6576586056666662,1.7636772170000001,46.91481481666666,48.73703704,88.02222223333334,89.39999999999999,142.6888889,143.2,98.32962962333333,88.92962963,77.17407407666667,72.83703703666666,46.77407407333333,44.370370369999996,82.28148148666666,24.13099628,36.358565993333336,45.46851216333334,40.648471416666666,81.12755233,69.79083785666667,59.153786266666664,55.61451399333333,49.37269374666666,46.090452903333336,43.75682015333334,36.456938136666665,48.99751177,4657.54000001,4177.23,188028.16000000053,209652.02249997997
Klamath Tribes,0.14843684346907107,0.2162004229723307,3.363420610111976,7.937381962941338e6,0.16,0.238,3.3400000000000003,5.978e6,0.851563156530929,0.7837995770276693,0.84,0.762,0.3393550356171467,0.33923108865166535,0.0037378720163811453,0.09719696776745453,0.12627324642845084,0.11377150679848863,0.11377142009398283,0.0009580515546647907,0.039155449126795076,0.006345533814686733,6.692155711963028,10.0882629104419,11.041784036461266,14.576897497816901,15.944992173873239,21.822926447887323,23.89610719931338,22.650547733908446,20.397378715721832,16.863360718890846,9.541568857542252,7.2454029735633805,15.063448747869717,2.4882723444225348,1.8927481840633797,1.4026422234771125,2.1775398829683095,2.9938666834999994,1.8053462185792253,2.738625955116197,3.464353242477113,3.0400249465563376,2.479012075554577,2.331376749665493,1.9438747149612674,2.3964736016619717,189.28440923943657,127.9603677547535,129.57799296056336,55.2933685412852,37.2058294203169,10.342018779716547,2.354792644697183,0.7010172146179576,6.1886932708697175,38.180320814260554,64.15782472570422,138.56384979471827,66.65087376330986,134.5399086441197,117.72312644320418,95.99193947897888,57.095936697605616,28.95030710904929,13.73584094582218,3.927375572809859,1.3284009023169012,8.574462198151409,45.157459705651405,54.01902849301056,93.22568535338027,54.522455963116194,1.1444444443333333,2.6407407406666668,4.351851851666666,7.892592592666668,11.074074073333335,15.48888889,19.818518516666664,18.93703703666667,15.155555553333336,9.418518517333334,2.3518518516666664,0.7222222223333334,9.08302469,3.8753553893333335,3.56244428,3.3212572553333333,2.7543027196666663,2.763536126,3.6657515286666666,2.529293802666667,2.8560695469999997,2.7427252663333337,1.643163647,3.402775562333333,3.909134,3.085484093666666,80.76296296,37.07407407666666,61.388888890000004,47.37037037333333,39.20370370333334,21.544444446666667,12.2,14.333333333333332,16.54074074,34.00370370333333,63.770370369999995,126.1111111,46.19197531,68.3451403,20.12580243,42.643613599999995,26.59277717333333,26.87439224666667,17.531732833333333,10.166010634666666,18.989040963333334,16.003255346666666,25.197119886666666,54.70405484666666,136.03444090000002,38.60061509666667,1281.7900000099999,1149.6,188028.16000000053,209652.02249997997
"White Mountain Apache Tribe of the Fort Apache Reservation, Arizona",0.143,0.232,2.91,4.61e6,0.2012650884713611,0.3192626696023654,3.0718648837246763,8.42774444628449e6,0.857,0.768,0.7987349115286388,0.6807373303976346,0.1670594077655773,0.1369931628322047,0.13920433751916322,0.04069142526774838,0.001,0.2169550277448879,0.1986762632880852,0.00700109428999271,0.17578933509699496,0.16382001740618163,6.745141612254901,6.881350762721569,10.168758171274508,14.336862744,18.181568624392156,24.663050112549016,26.991851850196078,23.54366012905882,20.501742919098035,15.396339869843137,8.38901960820392,5.222657951819607,15.085167030039214,2.254886659231372,2.180950765266666,1.8199857515607842,2.9183762330549015,3.5792966025058814,2.2611647314588237,4.099565497843137,1.8933229838235293,2.9531593303294112,2.669951223298039,4.268846049274509,3.282614501007843,2.84851002757647,22.838954248352938,14.519956427294117,20.80396514160784,14.09708060972549,18.64941176498039,28.629803922392153,55.444313721882345,61.648976034862734,54.68657952431372,42.28034858305882,16.171328976313724,11.009193899168626,30.06499273486274,20.839318631607842,9.539484445760785,12.429218939176469,12.40754438137255,22.26742882627451,29.07616228560784,38.241168967450974,29.569277932196073,63.73775689509802,37.599076341294115,17.639118993137252,9.12379823022745,25.205779574078427,3.5499999998750003,2.7402777780000003,7.649999999375002,10.890277777124998,15.005555555,20.48888889,23.03333333125,22.1888888875,19.905555555,12.105555553875,6.6625,3.34027777775,12.296759259499998,2.474819949375,4.043165354125,3.0928867462500005,3.0004830841250003,3.3786899118750005,2.891004158875,2.5317436413750003,2.74725391475,3.23035368675,2.8804673063750004,3.5241019548749994,3.0622475854999993,3.0714347746249997,50.11666666625001,47.37222222375001,36.70416666625,16.98055555625,7.32222222225,10.673611112,45.790277778749996,61.85555555625,32.572222223749996,30.086111112500006,23.4416666675,19.205555555,31.84340277875,32.97911423125,39.797714558749995,16.649866773,14.770265710000002,10.458685055125,14.088771301249997,30.391855386250004,41.64127958,25.60175889,37.64890043875,21.836552878750002,19.829946376499997,25.474559265000003,640.0,574.0,188028.16000000053,209652.02249997997
Suquamish Indian Tribe of the Port Madison Reservation,0.09360117311717656,0.1286935478555291,3.6152052955058944,7.050673017540666e7,0.112,0.165,3.44,1.7064e7,0.9063988268828235,0.8713064521444709,0.888,0.835,0.4519573362498903,0.43143265797021146,0.0007861363582951592,0.3279695462737308,0.40214997541519537,0.4410687913401502,0.42276957601933035,0.0010000000000000005,0.2602812584803902,0.38607727142601245,0.27159695276455387,2.083340520265201,3.6459105935135834,7.118844329473481,12.057093575627427,15.088069570194051,20.1752623264295,17.99463849098318,14.108236308447607,8.966681040598967,3.1448612908357045,-1.425801351218629,8.602394470636483,3.2631444241733507,3.1545448108965073,2.8059756239172065,2.1394932548576975,2.097741868327297,3.089876472009056,2.2433817513272962,1.5576889140659769,2.226946895545925,1.7503636120375166,3.6254803799676587,2.7789296757348,2.561130640388098,70.39627713047867,37.54085094244503,58.80048871723157,39.91862872072445,37.951444586623545,31.283441139495473,11.119505533673996,10.990513153011642,18.69485410320828,43.72749748402329,66.01256288521344,77.84901538054336,42.023756648525236,64.86679148785254,33.74478889591204,50.347767190944374,30.635234221254844,20.205609074450198,25.94317816919793,8.800874880256146,14.504988604545925,19.337083857166885,45.00330379324709,65.52458674886158,68.72920616539459,37.30361775899095,4.588888889,4.4222222225,7.6333333334999995,11.799999999999999,12.933333335,14.755555555,17.66111111,17.833333330000002,15.21666667,10.611111110000001,7.050000000000001,4.544444444499999,10.754166670000002,2.9118778250000004,3.911670854,1.5291672459999999,3.780104535,1.3324989625,1.584988119,1.8363795550000002,1.7020551750000001,1.402893371,2.2111362615,4.4623307585,2.4367485525,2.4251542680000004,123.44444445,91.805555555,101.77222224500001,63.83888889000001,59.805555555,52.37777778,23.966666670000002,25.911111110000004,41.505555555,108.505555555,128.5833333,131.75555555,79.43935185000001,51.90659634,45.122882395000005,39.50680331,27.169911,24.140439055,24.737857085,23.240555609999998,17.912365175,34.694305944999996,56.507702515000005,84.23475580000002,62.46784304,40.970168105000006,1598.8600000000001,1433.96,188028.16000000053,209652.02249997997
"La Jolla Band of Luiseno Indians, California",0.10726102456422076,0.15488813232961968,3.11342412044564,1.4107908488167524e8,0.096,0.126,3.52,1.88159e8,0.8927389754357793,0.8451118676703804,0.904,0.874,0.15164238026920607,0.15164238026920607,0.09067502844959051,0.09818222764480063,0.05224222019880904,0.20607848567495116,0.20607848567495116,0.04114198033157699,0.06553705818895647,0.09221305305858225,10.28888889,11.26666667,10.86666667,13.15555556,15.01111111,17.527777779999997,19.01111111,19.6,18.67222222,16.5,11.855555554999999,10.227777775,14.498611115,2.143271124,2.001874122,2.173706512,2.808073677,2.602616205,1.7939739849999998,1.8857653909999998,3.630771268,2.8889098985,2.815581645,1.86897431,2.022534224,2.3863376969999996,123.8,105.0666667,84.9,34.72222222,14.36666667,3.144444444,2.322222222,3.3555555559999997,2.4000000000000004,12.23333333,24.92222222,49.483333335,38.393055555,109.3620249,127.0815781,71.94628204,24.46220441,10.02210058,5.100517403,3.652320419,5.364259294,3.3468033655,18.82876788,40.17448748,78.65190436500001,41.49943752,8.288888889,8.311111111,9.477777777999998,11.34444444,13.76666667,17.8,21.42222222,21.866666669999997,19.22222222,15.17777778,11.011111109999998,8.644444444,13.861111110000001,1.027672667,2.798412248,1.263702672,1.267981773,1.496662955,1.733493582,2.7096022670000006,1.54677083,1.488940712,2.14637938,1.59173211,1.510886421,1.715186468,113.9222222,94.12222222,67.95555556,40.51111111,19.02222222,4.255555556,11.08888889,13.61111111,6.977777778,17.51111111,34.44444444,39.22222222,38.5537037,99.45550233,76.46014939,52.2744467,20.64905836,19.16929692,5.376130372,10.16592893,21.77684805,8.652713126,16.76532466,47.57357752000001,54.04562373,36.03038334,80.36,72.08,188028.16000000053,209652.02249997997
Table Mountain Rancheria,0.13297289612461788,0.19918245446962032,3.366908150647988,2.1770930399903353e7,0.152,0.22900000000000004,3.07,7.7333e7,0.8670271038753821,0.8008175455303796,0.848,0.7709999999999999,0.24706219082086742,0.2434952738743471,0.12744668594485647,0.1427790089329619,0.10065126602647018,0.17111909986190685,0.17111909986190685,0.057367257125054964,0.09873342441067542,0.09028703310470325,8.331721335026607,10.301777292798135,11.360104939151077,14.12772242803178,16.829516400690576,20.999062826916862,24.006159864925607,22.78668395327826,20.777436574370117,17.18474894990554,10.767647816694147,7.591265183525447,15.421987297625758,1.8393786866637072,2.047054042841816,2.2859895177176175,2.2325496786552455,2.2742045770560924,2.7144615933301472,2.6607990583467975,2.496819204201991,2.5380076906858164,2.2184600534615786,2.214665960019243,2.374772503256037,2.32476354724116,113.13727916904037,84.31879502068234,68.00209878173054,42.72063297189978,24.39457410186159,7.9036850005897294,2.8003609177500985,2.8034074882599986,5.861172527963828,25.884759565748865,39.513884718596955,93.8112900521318,42.59599502656066,93.08385068399883,69.99210901993442,57.68254010126651,28.939986384891462,18.223750152764158,9.274654166745048,4.957544797564889,3.6580703753126746,6.1616500524722175,29.873157560926145,40.47966367596829,78.76229525128282,36.757439351744196,9.0,10.08888889,12.38888889,15.84444444,19.21111111,23.48888889,26.755555560000005,26.222222219999995,22.47777778,17.68888889,10.93333333,8.533333333,16.88611111,1.443086969,2.804658823,2.130401631,2.876243692,2.609810551,3.797842955,3.9793564530000003,3.021497054,2.724783376,3.42981211,4.192552922,1.790949469,2.900083,58.33333333,50.04444444,49.71111111,25.57777778,17.44444444,3.088888889,6.988888889,6.311111111,6.044444444,12.988888890000002,15.722222220000003,31.67777778,23.66111111,38.12404097,40.63837814,36.39232215,21.95579524,16.93532633,4.878382018,17.05377117,18.05079253,9.241497594,18.97297054,21.72664135,25.63541387,22.46711099,12359.610000010007,11084.829999999996,188028.16000000053,209652.02249997997
Confederated Tribes of Siletz Indians of Oregon,0.156,0.24,3.3,5.515e6,0.14699509492157176,0.22398957670834,3.6599417521936646,4.368122780244407e6,0.844,0.76,0.8530049050784283,0.77601042329166,0.25140865454007344,0.22000055324826776,0.0009999999999999998,0.1477231591334783,0.24809242403257933,0.2617034438739928,0.23774201099007888,0.0009999999999999998,0.16229224478307563,0.2609944233541183,7.211774461164178,8.777777778,11.244112770298507,12.708623550597014,16.641791043134326,18.7,20.52537313432836,23.21111111,20.033830844925372,16.83333333,9.544444444,7.966666666999999,14.449903259402985,2.535999192791045,2.610449089,2.15163176480597,2.0097291294029853,3.013902722477612,5.31812937,3.5159417610597017,2.748383363,3.740350610626866,3.091924967,3.022048606,1.527252435,2.9404785840149255,165.16666670000004,116.31757878955223,92.36666667000001,58.02222222,38.35555556,17.83333333,3.4222222220000003,3.9444444440000006,20.83333333,45.788888889999996,52.0,166.3444444,65.03294638000001,154.0350366,144.90476509552238,54.53006051999999,47.44298625,26.44471172,21.38083254,4.667380898,7.53460535,25.67162831,31.019326409999998,53.72655303,170.2141821,61.79767240298508,5.455555556,6.6,7.511111111,9.7,11.788888889999999,14.56666667,18.06666667,17.1,15.33333333,10.83333333,6.8,4.277777778,10.66944444,2.507045627,1.95512148,1.944507935,1.607015868,1.366056774,2.099404678,3.475989068,1.343502884,1.208304597,2.454587542,2.154065923,3.933121463,2.170726987,206.73333329999997,137.4555556,145.9555556,83.92222222,71.52222222,76.21111111,11.5,13.56666667,50.666666670000005,106.2,180.0333333,210.0666667,107.8194444,111.548913,76.63747633,57.8399756,42.26321621,26.71056803,27.75763158,9.404387274000001,9.647927239,25.21105908,42.34760914,92.67906991,124.5413385,53.88243099,160.0,143.49,188028.16000000053,209652.02249997997
"Duckwater Shoshone Tribe of the Duckwater Reservation, Nevada",0.117658009215815,0.1358711972391301,2.9199301101600033,9.597472857270665e6,0.162,0.259,3.15,3.775e6,0.882341990784185,0.8641288027608699,0.838,0.741,0.30297136035049127,0.297148559267944,0.0028915532366557885,0.24310709300703814,0.08895762953426932,0.04528048488180902,0.03588607561510605,0.01113316554500958,0.020082657065596754,0.001,-2.2912559256797187,-0.6871290344143773,2.327628417386323,7.35589648682875,11.568322619231438,17.84620105132086,21.25294824433956,20.37233586587082,16.112958633869077,9.25579258396464,1.93455419173115,-2.6532729397717696,8.5329150163194,2.9087209917779067,4.1491997385704265,3.598350419571594,3.028267219165692,3.479391154619519,3.6239687918036236,2.9945330760195787,3.713520481568964,3.7097629973088826,3.033194988231737,4.096881726120688,2.7121493125330205,3.420661741453242,25.223813235634125,25.022738489707763,53.295382816087056,41.22342684544418,58.5115819213764,33.58162867744007,37.224452885514296,30.31308526524837,28.137846614225595,28.35457821947107,37.33289174688778,34.27584258710696,36.041439108842766,17.653348223293392,15.459145463310925,28.53139478772062,21.024530116344234,31.169099304576264,21.690216860233775,31.830279471317937,27.03509006599648,20.65151726512272,21.334510348386896,35.0877389016686,33.66666593844535,25.42779472940384,-0.7,2.788888889,2.855555556,7.377777778,11.222222219999999,16.12222222,22.64444444,20.62222222,15.28888889,11.41111111,3.044444444,-0.5,9.348148147000002,1.646966909,3.8063908250000003,1.747220014,2.605176471,2.477285701,2.744438821,4.316859713,2.216854629,2.343311996,2.544329207,2.649108865,2.4464259649999995,2.628697426,36.2,33.78888889,27.11111111,24.000000000000004,30.63333333,12.17777778,21.97777778,19.76666667,13.8,18.85555556,24.52222222,26.45555556,24.107407410000004,18.9563314,15.11782428,18.67909556,10.62544117,12.86914916,8.003558236,19.04795119,17.02542217,12.71436196,8.035718871,19.23816375,25.7234383,15.503038,7761.2699999999995,6960.89,188028.16000000053,209652.02249997997
Lac du Flambeau Band of Lake Superior Chippewa Indians of the Lac du Flambeau Reservation of Wisconsin,0.10687890787421152,0.19844345732196456,3.08188262532617,1.2195527582994914e6,0.10968495714726743,0.19050520622053005,3.47905967019114,1.2132560286726276e6,0.8931210921257885,0.8015565426780354,0.8903150428527326,0.80949479377947,0.36117101623680475,0.3384978646383907,0.0010000000000000013,0.21527042604693647,0.2993322880158622,0.3339864563714868,0.32258080450025856,0.0009999999999999992,0.17468518712754935,0.2520980213224495,-10.270108650838047,-9.108127493600845,-0.8655844157998472,6.2546642899579865,12.564332399014516,17.47437399532849,20.531368304881592,19.468177573995426,14.347886427608872,7.4867753162444615,-0.5050462609950346,-9.296651387994656,5.673505008250576,2.2324114892990834,2.809676650783805,2.609382298255922,2.0394599201038957,1.41565582566272,1.8496422563728043,1.1498042669163488,1.4201726407501913,1.8763754388663096,1.8567910945561505,2.817952550300993,3.930114959490833,2.1672866159809026,22.52076648515279,15.156654782669978,36.35271623857527,47.833587982608904,83.99548849880067,111.96972242894577,94.39717341649354,115.84326880287628,114.28756473978997,74.05102707606191,51.119599353464494,29.060033106058068,66.38230024344159,12.637327853118794,6.754357023056917,19.112351075847982,18.748064439220784,30.19316233911766,35.35893739461805,38.95018814700536,43.61800585825824,54.76304131551186,30.200649494121468,30.673170413292613,18.179013522158524,28.26568907255157,-11.0694444475,-9.594444444500002,-1.6722222224999999,4.8555555555,11.23888889,16.808333335,19.374999999999996,18.5527777775,13.563888887500003,6.2555555555,-0.93888888875,-9.41111111075,4.83032407425,1.975714236,2.56862996325,3.5888346857499998,2.3437890825,1.47281187275,2.7886072315,1.68843413975,1.90274094425,3.4131852169999997,2.1522604875,4.1313898375,4.78478769325,2.7342654495000005,26.0166666675,18.3,35.0250000025,52.1,80.63888889,108.0805555525,106.5472222075,120.10277780000001,121.3638889,85.89999999999999,55.59444444499999,39.991666665000004,70.80509259499999,12.709557644999999,8.46434325575,19.9473098775,26.597010112499998,41.007527405000005,37.686518344999996,40.609416785,52.681342595,67.69214029,38.546123375,30.245758925,29.199331837499997,33.78219837,5600.0,5022.469999999999,188028.16000000053,209652.02249997997
Turtle Mountain Band of Chippewa Indians of North Dakota,0.11309305713040453,0.218846783094808,3.006606688339989,926945.4751616595,0.163,0.287,3.0799999999999996,1.245e6,0.8869069428695955,0.781153216905192,0.837,0.7130000000000001,0.3870364640288159,0.35265520878572026,0.0010000000000000013,0.22740496162361215,0.34025307476912825,0.47211367059826786,0.4338816922596933,0.0009999999999999983,0.44012508970137065,0.25859287262147046,-10.182518345250728,-9.124793817843365,-0.8640366259175918,6.408870705736996,12.88034937465809,17.865647122939794,20.64727579686147,19.558958372741085,14.481940384593802,7.525728943329046,-0.38916163391992986,-9.173745048694329,5.802876269126825,2.2948475979976615,2.8859171460303914,2.495562326797778,2.0780953097305663,1.4286864769357095,1.6477637550572763,1.1242225463576854,1.4257168778708356,1.8159830898445344,1.7800304489620105,2.818700153053183,4.141210137797779,2.1613946557399184,21.51881290695499,14.891239690683808,35.50937074138515,51.51752062225602,79.6204104183518,120.7511137018702,96.5803104118352,118.55723096772644,118.71943633960838,73.022131306014,51.56198454344243,29.384999030303913,67.63621339099357,11.306854351715366,6.551963511940386,17.236629990870835,16.306502253056685,21.56407439254821,33.61520055035652,42.92856059165983,45.48814518146697,56.6740182223787,29.823422459076557,30.889688621040325,18.8813422572069,27.605533532764458,-12.06666667,-8.444444444,-2.4,6.711111111,11.888888890000002,17.32222222,20.37777778,18.2,12.688888890000001,7.444444443999999,-2.666666667,-11.11111111,4.828703704,5.946637705,7.142673013,4.118252056,3.229336017,1.8312867360000002,2.483333333,1.829465617,1.802775638,1.572771792,3.314404589,5.911429607,6.583966214000001,3.813861026,24.42222222,23.17777778,26.93333333,25.86666667,81.63333333,124.5333333,64.55555556,114.49999999999999,44.877777779999995,42.45555556,45.33333333,23.722222220000003,53.50092591999999,13.7255945,18.61597283,17.77427917,18.08272656,30.32329962,58.99898304,24.19447825,55.47571541,33.08964256,19.50756976,27.48463207,14.93425406,27.68392899,3680.0,3300.48,188028.16000000053,209652.02249997997
Iowa Tribe of Oklahoma,0.07827836016068862,0.12010688891884373,3.0129690375205205,1.4014078782771279e6,0.13975319508103268,0.1996527236017709,3.0953847869353632,1.6059975356061919e7,0.9217216398393113,0.8798931110811563,0.8602468049189673,0.8003472763982291,0.7371834262264687,0.6511631210491929,0.0009999999999999994,0.7206100775599654,0.7105484446483044,0.36977362712331197,0.346591050631513,0.22849308807949115,0.3400141395361012,0.3373905152488028,-7.702823691491049,-5.749502601767218,2.373132843513774,9.150313743549589,14.917577287968316,20.962603306039945,22.976989591515153,21.844872972837468,17.27660697940083,9.610422406086778,0.9745026017982095,-7.321709519536504,8.276082159972452,2.690804611270661,3.0581306373340222,1.8256344451997248,2.106246762818871,1.5516593057121213,1.4880155800241048,0.9440852144352617,1.3894250791577136,1.821246987803719,1.6734559796260333,3.5496926670192837,3.8045845840000005,2.158581821210055,14.80430058226584,12.450910620426997,41.68598102277548,64.80951178390497,101.93244566480028,115.21980410826446,90.94928833990357,101.02939241708678,83.94514080261021,44.11913070128788,30.317623202465562,21.335958064607443,60.216623943553735,8.886116129650137,10.763212928705233,24.68398390525482,40.22366805500689,34.556045403044074,58.00391800642561,55.739841314035814,43.927265260909095,52.335199057382916,17.499482554400828,26.663161502754818,16.63749804265565,32.493282680509644,4.185185185333333,5.914814815,11.488888886666667,16.30740740666667,20.78888889,26.15555555333333,28.451851849999997,28.655555556666666,24.47037037,17.225925926666665,10.781481483333332,4.1148148146666665,16.545061729999997,2.121187927333333,2.7037127056666663,1.2723781936666667,1.1874893223333334,0.8917007979999999,1.4894532489999999,1.3141346936666667,1.497624087,1.4595135143333333,1.1565946233333333,2.0797091576666666,2.740119569,1.6594681536666667,55.485185183333336,57.744444446666655,106.10000003333333,96.63333333333334,164.0333333333333,149.55555556666667,88.46296297,78.79259259333332,91.41111111000001,82.41111111333332,57.25185185333333,49.97037036999999,89.82098765999999,25.49053576333333,47.18337425,62.761130923333326,46.06262642,81.58725282999998,73.10297097333331,57.802431379999994,58.18912381333333,49.06311094,60.569779579999995,49.0676961,43.26133085666667,54.511780316666666,3055.14000001,2740.08,188028.16000000053,209652.02249997997
Lower Sioux Indian Community in the State of Minnesota,0.08438440533167997,0.1315554402786494,3.0102862325929576,2.7199595747099593e6,0.08596111683618819,0.15390668040685168,2.97,668455.6357066348,0.91561559466832,0.8684445597213506,0.9140388831638118,0.8460933195931484,0.6790268714760813,0.5913647953638643,0.0014435855260808395,0.6528544134289932,0.6322584236266406,0.5803819613198582,0.4863029892632946,0.0009999999999999994,0.46303554829287247,0.5458192991992524,-8.270770770742873,-6.333382030526421,1.7455428401470654,8.847277006744584,14.635898059856343,20.5291967644071,22.721397071891893,21.618201985653762,16.945050456094474,9.27546194844631,0.530316803380813,-7.904398993569273,7.86164926184612,2.8590859938186024,3.0017985690642788,1.997148752802531,2.2079755615534453,1.4238392157742874,1.6597653189413195,0.9551798940280002,1.4674264303523257,1.8470873465945947,1.75891507087704,3.5512627709802764,3.9643974239666435,2.2244901957879226,14.602107513708297,12.662059356501096,41.58598328110786,59.639114790026795,99.54620837573415,111.30187485292178,93.76938019103719,99.37344912373742,88.23981548964692,45.01687092405162,34.97026215385439,22.527976624502084,60.2695918906282,10.035636442914775,9.793699941129285,26.856893801916225,35.57653865968833,35.28767116616993,52.30590612495252,49.39666304482105,41.636871289795465,61.287438657431196,17.75080108929146,28.645027255673245,18.01498072442318,32.21567734968346,-6.95,-6.7166666665,1.961111111,10.133333332000001,15.894444440000001,21.22222222,24.16666667,22.455555555000004,16.527777775,10.572222224499999,2.6777777780000003,-7.7944444445,8.6791666665,6.3744411415,6.0100261040000005,4.1298857705,4.1001271255,2.9315496289999996,2.4396181425,2.976171996,2.3907553234999996,1.854171108,3.969412613,7.024728618,6.034274777499999,4.186263529500001,17.31111111,16.57222222,48.883333335,73.577777775,107.96666665,119.28333334999999,99.13888887,90.294444445,90.055555555,61.533333330000005,40.877777775,36.07222222,66.79722222,12.73250428,11.777770735,43.121797640000004,63.208130340000004,32.600553305,47.68591859,37.419706700000006,32.273634675,60.147020190000006,48.955865275,33.777788705,39.763959230000005,38.622054139999996,8849.11250001,7936.52,188028.16000000053,209652.02249997997
Confederated Tribes of the Chehalis Reservation,0.151,0.236,3.45,6.339e6,0.14406253748754144,0.2228553341869206,3.4317435197040562,8.388289913219665e6,0.849,0.764,0.8559374625124585,0.7771446658130794,0.4344610868093936,0.3856264852812804,0.001,0.31482658744436115,0.4342069329293432,0.6052040180248901,0.5553752937114971,0.0013071107612196346,0.42212069432045174,0.5786997806999316,7.088888889000001,8.522222222,9.977777778,12.2,13.26666667,20.25555556,21.21111111,19.63333333,16.42222222,12.33333333,7.044444444,5.577777778,12.79444444,2.22229861,2.549891065,2.314507387,3.440566814,3.74866643,5.225684432,4.407506224,4.511651582,3.252990078,1.9026297589999999,1.906640443,3.073181486,3.213017859,188.3888889,158.0444444,153.3777778,81.2,76.01111111,59.01111111,7.322222222000001,18.51111111,39.87777778,123.5555556,223.45555560000003,207.0111111,111.3138889,148.5056349,107.3191748,43.34180366,67.52634671,32.81019066,40.73771117,7.839926304,31.691577920000004,29.13939678,118.25598409999999,141.9683689,107.2648177,73.03341113,3.644444444,4.077777778,6.388888889,10.37777778,11.43333333,13.78888889,16.65555556,16.78888889,14.51111111,9.833333333,4.733333333,3.155555556,9.615740741,2.549564233,4.382002333,1.370624351,4.617298392,1.177921899,0.888037787,1.371232211,2.009629596,1.390543459,4.347700542,4.04103947,2.633491556,2.564923819,235.3,149.7111111,135.6444444,103.4444444,78.67777778,71.47777778,24.37777778,34.21111111,65.28888889,166.1555556,220.8333333,212.7222222,124.8203704,125.7456162,83.32702809,48.80320459,48.57720945,39.6765919,20.31063624,18.04790693,16.56007582,40.27379559,81.92225142,136.6263426,106.0438209,63.82620664,160.0,143.5,188028.16000000053,209652.02249997997
Burns Paiute Tribe,0.10548749803997587,0.14002187308452188,3.2267187522273,5.564305781286961e6,0.151,0.24,3.28,606000.0,0.8945125019600242,0.8599781269154781,0.849,0.76,0.0771503551655004,0.07642872424151516,0.02290521212062706,0.028238450839706043,0.0009962356930682717,0.06519192660490764,0.06513721492330583,0.001,0.005269118286321526,0.001,7.136679438117244,10.987918262043681,12.214201789885058,14.833946359126443,17.95126436712644,22.830498085563224,25.05724138075863,24.96546615593104,22.01887611903449,18.17297573627587,11.079386970436783,7.585644955342528,16.236174967310347,3.6478860350873568,1.7206831333448283,1.7901684525379316,2.44332967170115,1.921398102052874,1.5466633622022994,2.362426586993104,1.206559857144828,2.032896829917242,1.5297821568666672,2.0835536405034487,3.073475384009196,2.113235267875863,95.85083013273567,69.11026819910347,53.64541507071266,41.185466155172435,22.113435504298856,2.9125415071264373,1.2854916988000002,0.8481736909149427,2.785108556696552,19.268352490045988,32.43803320485058,77.58819923381608,34.91927628811496,72.31982213289658,49.05857062326438,37.240987546229896,24.81764424531035,16.28859730772414,3.7747165227816106,2.249153954763219,1.4438403184137938,3.656072706535633,21.935596968160926,38.983903050252884,71.16939000524138,28.578191280643686,-1.1388888885,1.7833333335000001,3.8555555555,7.85,10.805555555,15.044444445,20.11111111,18.09444444,13.93888889,8.6111111115,1.738888889,-2.3111111109999998,8.198611111,4.3099393605000005,4.466078888,3.264517020499999,3.075296587,2.6463140624999997,2.9858414235,2.2483830680000003,1.9697561775,1.9985708969999998,3.5971473145000004,3.6749571435,4.588365743,3.2354306405,56.277777779999994,20.422222225000002,46.644444445000005,28.277777774999997,49.06666666499999,28.95,20.905555555,6.966666666499999,22.05,36.666666665,69.43888888999999,78.961111115,38.718981485,95.33472671,16.30546166,60.484306965,13.83350094,27.925440495,20.31851383,22.14004578,8.4468365025,21.370373185,27.509710179999995,109.55516475,87.73851002999999,42.580215915000004,958.9399999999999,860.01,188028.16000000053,209652.02249997997
Pechanga Band of Indians,0.10726102456422076,0.15488813232961968,3.11342412044564,1.4107908488167524e8,0.09999660224025875,0.14598301120129376,3.150314292776065,1.2701498232628132e8,0.8927389754357793,0.8451118676703804,0.9000033977597413,0.8540169887987062,0.15164238026920607,0.15164238026920607,0.09067502844959051,0.09818222764480063,0.05224222019880904,0.18492062792383177,0.1834416713681825,0.08414054346724076,0.07387068514672342,0.038841401359541526,10.28888889,11.26666667,10.86666667,13.15555556,15.01111111,17.527777779999997,19.01111111,19.6,18.67222222,16.5,11.855555554999999,10.227777775,14.498611115,2.143271124,2.001874122,2.173706512,2.808073677,2.602616205,1.7939739849999998,1.8857653909999998,3.630771268,2.8889098985,2.815581645,1.86897431,2.022534224,2.3863376969999996,123.8,105.0666667,84.9,34.72222222,14.36666667,3.144444444,2.322222222,3.3555555559999997,2.4000000000000004,12.23333333,24.92222222,49.483333335,38.393055555,109.3620249,127.0815781,71.94628204,24.46220441,10.02210058,5.100517403,3.652320419,5.364259294,3.3468033655,18.82876788,40.17448748,78.65190436500001,41.49943752,12.266666669999998,12.02222222,13.14444444,14.53333333,16.51111111,18.85555556,21.27777778,22.64444444,20.63333333,17.83333333,14.422222219999998,12.34444444,16.37407407,1.102270384,3.322189706,1.260070545,1.011187421,0.902003942,1.897439796,2.625727412,1.627967376,0.874642784,1.809005252,1.091762082,0.7731609,1.524785633,130.9888889,102.4777778,63.78888889,33.45555556,17.47777778,3.233333333,5.811111111,3.966666667,5.522222222,12.4,26.48888889,36.91111111,36.87685186,119.4774188,82.84269397,53.85855188,21.34649334,16.09905104,4.848195541,8.543629856,9.675872054,10.14085521,14.20026408,41.08136574,56.30347335,36.53482207,80.36,72.08,188028.16000000053,209652.02249997997
Te-Moak Tribe of Western Shoshone Indians of Nevada (Wells Band),0.117658009215815,0.1358711972391301,2.9199301101600033,9.597472857270665e6,0.1,0.169,3.35,2.969e6,0.882341990784185,0.8641288027608699,0.9,0.831,0.30297136035049127,0.297148559267944,0.0028915532366557885,0.24310709300703814,0.08895762953426932,0.07593724961763115,0.07593724961763115,0.001,0.020954363358277214,0.006965772518707908,-2.2912559256797187,-0.6871290344143773,2.327628417386323,7.35589648682875,11.568322619231438,17.84620105132086,21.25294824433956,20.37233586587082,16.112958633869077,9.25579258396464,1.93455419173115,-2.6532729397717696,8.5329150163194,2.9087209917779067,4.1491997385704265,3.598350419571594,3.028267219165692,3.479391154619519,3.6239687918036236,2.9945330760195787,3.713520481568964,3.7097629973088826,3.033194988231737,4.096881726120688,2.7121493125330205,3.420661741453242,25.223813235634125,25.022738489707763,53.295382816087056,41.22342684544418,58.5115819213764,33.58162867744007,37.224452885514296,30.31308526524837,28.137846614225595,28.35457821947107,37.33289174688778,34.27584258710696,36.041439108842766,17.653348223293392,15.459145463310925,28.53139478772062,21.024530116344234,31.169099304576264,21.690216860233775,31.830279471317937,27.03509006599648,20.65151726512272,21.334510348386896,35.0877389016686,33.66666593844535,25.42779472940384,-1.477777778,1.422222222,1.233333333,6.544444444,9.966666667,15.611111110000001,20.16666667,18.02222222,13.55555556,9.733333333,2.1,-2.411111111,7.872222223,5.876814141,6.162340825,1.359227722,1.728518955,2.242208732,2.663383395,1.860107524,0.9310985149999998,1.614087289,5.521095906,5.389805191,4.399842169,3.31237753,30.4,35.3,28.67777778,34.16666667,47.21111111,24.27777778,10.24444444,32.74444444,18.58888889,23.2,27.12222222,24.84444444,28.06481481,24.39087944,38.54289818,13.38345787,18.44302036,31.23617472,19.29208243,7.867355195999999,66.45071691,14.360313749999998,19.73094017,9.525069262,16.01023978,23.26942901,7761.2699999999995,6960.89,188028.16000000053,209652.02249997997
"Sisseton-Wahpeton Oyate of the Lake Traverse Reservation, South Dakota",0.08432439031405828,0.13174065167453644,3.0095718444739146,2.6823490009823833e6,0.11214925497075916,0.19534231111152073,3.2900084327863044,603523.7579688856,0.9156756096859417,0.8682593483254636,0.8878507450292409,0.8046576888884793,0.6767297327456503,0.5886841606107782,0.001435258076505461,0.6500108356481223,0.6301057799543773,0.5103898714529328,0.4724132621246572,0.0011968059481771097,0.47224784018365284,0.40931289485601785,-8.289228970693683,-6.356695360915117,1.7297810723359632,8.84423720708991,14.639040331200384,20.525285615655182,22.721212603421815,21.613491683902446,16.94264838747729,9.271119613162123,0.5293745683488761,-7.922851904965089,7.853951237207559,2.8585440827386415,2.9984430278149197,1.9979651277881387,2.2091827783297475,1.427186238823529,1.6628903136697757,0.9554476293216158,1.4664103905325208,1.844283462491392,1.7597140990176958,3.5463734555035855,3.956718864390484,2.223596622585126,14.65925926005499,12.710364525143472,41.53462458202056,59.60274456620997,99.62309368642761,111.52601626517213,93.80181199858673,99.25356820132464,88.2520537739072,45.10544130848399,35.06205962042803,22.550988362046883,60.30683551328553,10.066720113773549,9.80748452324677,26.82976549036823,35.62805409154471,35.1407581657006,52.12114188741751,49.03993560337879,41.47606000124104,61.24794538541845,17.752390567962706,28.70826425467481,17.94329840458058,32.14681820729316,-8.781944444,-5.9375,0.25972222224999997,8.799999999874998,14.55694444375,19.79166666625,22.345833331250002,21.45833333375,15.102777777500002,9.116666665875,0.775000000125,-8.625000000125,7.40520833325,5.8082424206250005,6.642718719124999,3.7852824075,3.4279664366250007,2.331449296125,2.7466367932500004,1.9511105431250002,2.4630968531249997,1.960214626875,3.0893825335,7.267888268000001,6.4231473365000005,3.991428019625,22.069444445,22.45138888875,42.73611111,40.1791666675,71.2125,106.65694444999998,81.52916666625002,71.20277777625,70.493055555,51.550000001250005,32.7138888875,38.550000000000004,54.278703705,30.02263383875,35.22965207675,39.6465394,35.779493575000004,33.847985953750005,40.04073055875,44.126906713749996,36.05342494625,39.173957727499996,29.5110065425,29.157018672499998,58.527201622499994,37.59304596875,9009.11250001,8080.01,188028.16000000053,209652.02249997997
"Bay Mills Indian Community, Michigan",0.11309305713040453,0.218846783094808,3.006606688339989,926945.4751616595,0.16199999999999998,0.208,2.99,3.1e6,0.8869069428695955,0.781153216905192,0.8380000000000001,0.792,0.3870364640288159,0.35265520878572026,0.0010000000000000013,0.22740496162361215,0.34025307476912825,0.41721857432810644,0.4053321426388563,0.0009999999999999998,0.2547859970801446,0.3191620777042448,-10.182518345250728,-9.124793817843365,-0.8640366259175918,6.408870705736996,12.88034937465809,17.865647122939794,20.64727579686147,19.558958372741085,14.481940384593802,7.525728943329046,-0.38916163391992986,-9.173745048694329,5.802876269126825,2.2948475979976615,2.8859171460303914,2.495562326797778,2.0780953097305663,1.4286864769357095,1.6477637550572763,1.1242225463576854,1.4257168778708356,1.8159830898445344,1.7800304489620105,2.818700153053183,4.141210137797779,2.1613946557399184,21.51881290695499,14.891239690683808,35.50937074138515,51.51752062225602,79.6204104183518,120.7511137018702,96.5803104118352,118.55723096772644,118.71943633960838,73.022131306014,51.56198454344243,29.384999030303913,67.63621339099357,11.306854351715366,6.551963511940386,17.236629990870835,16.306502253056685,21.56407439254821,33.61520055035652,42.92856059165983,45.48814518146697,56.6740182223787,29.823422459076557,30.889688621040325,18.8813422572069,27.605533532764458,-7.5166666665,-8.283333333499998,-1.538888889,5.027777778000001,11.52222222,15.85,19.122222224999998,18.955555554999997,14.2,7.972222222,2.0333333335,-5.655555555499999,5.974074074,3.0342484695,3.056993822,2.9335206694999996,1.8240094405000002,1.969411485,2.315657823,2.2045738845,1.3994132989999999,2.329952648,1.769175706,2.9133965434999998,4.6589907915,2.5341120485,63.01666666500001,36.733333335000005,45.916666664999994,61.87777778,67.46666667,98.077777795,63.55555556,78.49444444500001,102.81111112,83.61111111,78.67777777999999,73.21111110999999,71.120833335,23.809351314999997,20.771796065,30.71320093,34.992523170000005,32.677356815,48.795490550000004,24.533962154999998,28.648395760000003,40.633281935,35.312558095,22.95180644,40.11374818,31.99612262,3680.0,3300.48,188028.16000000053,209652.02249997997
"Santa Rosa Indian Community of the Santa Rosa Rancheria, California",0.13297289612461788,0.19918245446962032,3.366908150647988,2.1770930399903353e7,0.144,0.211,3.07,1.1253e7,0.8670271038753821,0.8008175455303796,0.856,0.789,0.24706219082086742,0.2434952738743471,0.12744668594485647,0.1427790089329619,0.10065126602647018,0.05659125331072332,0.05659125331072332,0.007363863468565379,0.016205128083011954,0.001,8.331721335026607,10.301777292798135,11.360104939151077,14.12772242803178,16.829516400690576,20.999062826916862,24.006159864925607,22.78668395327826,20.777436574370117,17.18474894990554,10.767647816694147,7.591265183525447,15.421987297625758,1.8393786866637072,2.047054042841816,2.2859895177176175,2.2325496786552455,2.2742045770560924,2.7144615933301472,2.6607990583467975,2.496819204201991,2.5380076906858164,2.2184600534615786,2.214665960019243,2.374772503256037,2.32476354724116,113.13727916904037,84.31879502068234,68.00209878173054,42.72063297189978,24.39457410186159,7.9036850005897294,2.8003609177500985,2.8034074882599986,5.861172527963828,25.884759565748865,39.513884718596955,93.8112900521318,42.59599502656066,93.08385068399883,69.99210901993442,57.68254010126651,28.939986384891462,18.223750152764158,9.274654166745048,4.957544797564889,3.6580703753126746,6.1616500524722175,29.873157560926145,40.47966367596829,78.76229525128282,36.757439351744196,7.3,7.411111111,10.88888889,14.333333329999999,17.88888889,21.74444444,24.76666667,24.2,20.66666667,16.51111111,9.322222222,6.622222222000001,15.13796296,2.880104165,8.599483189,3.761131626,3.9363688849999994,3.002267661,3.2806672760000004,3.2101401839999997,2.556364606,3.4503623,3.958043849,5.690074204,3.6217322440000004,3.995561682,55.01111111,41.66666667,37.93333333,20.13333333,15.811111109999999,3.333333333,7.588888889,8.6,2.688888889,11.0,14.78888889,29.94444444,20.70833333,33.70621028,24.131255669999998,33.43845092,13.057373399999998,13.909389309999998,5.421485036,18.99331754,24.18553287,4.547923824,11.82729893,16.78536896,25.129917979999995,18.76112706,12359.610000010007,11084.829999999996,188028.16000000053,209652.02249997997
"Northern Arapaho Tribe of the Wind River Reservation, Wyoming",0.11626599077744437,0.1625794197779013,3.262759014566266,1.2660928881871758e7,0.14117614446151538,0.19888061353981684,3.372357646417614,2.8927536113836793e6,0.8837340092225556,0.8374205802220986,0.8588238555384846,0.8011193864601831,0.15799515588105315,0.15293527790797468,0.0018866148967133832,0.12313815249253325,0.0516377408363123,0.056095397600241424,0.055694570097866346,0.002799349391891822,0.021838923204164896,0.002574532331752992,-2.0085836167034508,-0.1396758647217508,3.786454845130444,7.877529441325608,12.391513295052114,18.388867256595308,21.459554898121695,21.208218466695755,16.300174787241666,9.382469347085197,2.8296403014719265,-2.017261549387977,9.121575134241347,3.207187974296476,3.308720105900404,3.362048226088315,2.8935013607713627,3.176310193284252,3.235610922168916,2.68301169474231,2.793644238015659,3.389326264598474,2.536033382118841,4.027173694518422,3.9847677578156713,3.216444651249516,26.789191738585792,21.364810632710867,36.55555555530026,40.106498282224194,55.32285474451218,36.23401171616232,46.82652095297027,45.39712639144697,30.638917875933355,30.056853481527952,21.716197249775753,16.236829080663686,33.937113975748034,25.831373292469294,16.594499869504563,20.011972449172347,22.68674925985753,39.730037976089115,27.803192578381775,35.841779695874195,26.708106157589796,20.82585245421551,25.6400009466102,18.7576786522578,12.987489016287071,24.45156102945412,-6.7382716049999996,-4.803703703666667,-0.113580246888889,5.569135802555555,9.717283949777777,15.2,20.386419753333332,18.667901233333332,13.122222223333333,7.654320987777777,-0.6098765432222222,-5.095061728333333,6.079732510333333,2.8162391983333332,5.124800153111111,2.4241015083333335,3.230387511,3.686265503111111,3.350102642222222,3.3508274756666663,3.195357493777778,3.017943330333333,3.381468016888889,5.974280982333332,4.491546278777778,3.6702766745555553,23.144444443666664,25.62098765311111,23.483950615555553,37.81728395111112,66.58024691333334,48.67037037111111,38.63950617444444,33.07530864111111,30.495061727777784,29.144444444444446,30.01728395222222,18.85061728188889,33.79495884777777,17.13534423088889,38.518264818888895,20.191571845666665,25.848987507777775,41.14505730333334,42.55738461666667,53.033745974444436,38.139686564444446,28.008764771111107,29.66603994222222,34.52096190955555,16.533450746888885,32.10827168777778,29288.69999999,26267.889999999996,188028.16000000053,209652.02249997997
"Sac & Fox Nation, Oklahoma",0.07827836016068862,0.12010688891884373,3.0129690375205205,1.4014078782771279e6,0.15553519771414284,0.22809787345611396,3.053165304180015,3.9693318905893113e6,0.9217216398393113,0.8798931110811563,0.8444648022858572,0.771902126543886,0.7371834262264687,0.6511631210491929,0.0009999999999999994,0.7206100775599654,0.7105484446483044,0.39319529980311285,0.3661602502035588,0.25715685083116135,0.3556197790075648,0.3405914773493788,-7.702823691491049,-5.749502601767218,2.373132843513774,9.150313743549589,14.917577287968316,20.962603306039945,22.976989591515153,21.844872972837468,17.27660697940083,9.610422406086778,0.9745026017982095,-7.321709519536504,8.276082159972452,2.690804611270661,3.0581306373340222,1.8256344451997248,2.106246762818871,1.5516593057121213,1.4880155800241048,0.9440852144352617,1.3894250791577136,1.821246987803719,1.6734559796260333,3.5496926670192837,3.8045845840000005,2.158581821210055,14.80430058226584,12.450910620426997,41.68598102277548,64.80951178390497,101.93244566480028,115.21980410826446,90.94928833990357,101.02939241708678,83.94514080261021,44.11913070128788,30.317623202465562,21.335958064607443,60.216623943553735,8.886116129650137,10.763212928705233,24.68398390525482,40.22366805500689,34.556045403044074,58.00391800642561,55.739841314035814,43.927265260909095,52.335199057382916,17.499482554400828,26.663161502754818,16.63749804265565,32.493282680509644,4.362962963,6.088888889,11.674074073333333,16.41851852,20.677777776666662,26.196296293333333,28.500000000000004,28.733333333333327,24.496296296666667,17.281481483333334,10.999999999999998,4.348148148,16.64814815,2.149084097,2.681373451,1.2763990230000002,1.151716427,1.0595884306666667,1.4873687423333333,1.3218946273333332,1.4641091223333333,1.4335329463333333,1.1700262426666665,2.080993908,2.807891405,1.6736648683333333,58.89259259333333,58.03333333666666,101.04814816333332,101.50740740999998,173.31481483333332,141.05925923333334,90.40000000666666,77.64814814666666,97.20740741666665,83.96666666666667,61.31851852,54.48888888666666,91.57376543666666,28.94570754333333,43.32953365333333,54.24677958,50.03438720666666,91.69121505333332,71.05666303666666,57.7591921,58.256499829999996,46.98003915333332,61.222441133333334,51.08909218333333,49.05897917666667,55.30587747,3055.14000001,2740.08,188028.16000000053,209652.02249997997
Shoshone-Bannock Tribes of the Fort Hall Reservation,0.1176580092158149,0.13587119723913002,2.919930110160003,9.59747285727066e6,0.10277626189145306,0.11767605794722659,3.011174416503097,2.2402585807060134e6,0.8823419907841851,0.86412880276087,0.8972237381085469,0.8823239420527734,0.3029713603504904,0.29714855926794354,0.0028915532366557833,0.243107093007038,0.08895762953426906,0.1479410898275719,0.1479305193854391,0.0009999999999999842,0.06542990642649153,0.021345649656414098,-2.291255925679722,-0.6871290344143778,2.3276284173863284,7.35589648682877,11.568322619231457,17.846201051320897,21.25294824433959,20.372335865870873,16.112958633869088,9.255792583964654,1.9345541917311544,-2.6532729397717754,8.532915016319418,2.9087209917779098,4.149199738570433,3.5983504195716023,3.028267219165699,3.4793911546195266,3.6239687918036303,2.9945330760195823,3.713520481568969,3.709762997308887,3.033194988231739,4.096881726120696,2.712149312533026,3.420661741453248,25.223813235634168,25.02273848970782,53.29538281608715,41.22342684544423,58.511581921376475,33.58162867744015,37.224452885514374,30.313085265248432,28.13784661422564,28.354578219471115,37.33289174688785,34.275842587107,36.041439108842845,17.653348223293417,15.459145463310952,28.531394787720647,21.024530116344256,31.169099304576314,21.69021686023381,31.83027947131797,27.035090065996535,20.651517265122774,21.334510348386935,35.08773890166867,33.66666593844541,25.427794729403896,-4.462962962833333,-0.9203703703333335,1.2,7.033333333333333,11.155555555500001,16.305555556666665,19.122222221666668,18.970370371666668,13.985185185,9.307407407333335,0.42222222216666666,-3.8111111110000007,7.358950617500001,2.5714141953333334,4.859185274833333,2.5543382995000004,1.3379136891666668,3.246135246833333,4.2711790569999994,2.223885998,2.1758714905,1.9560021716666667,4.858128823333334,3.3849975955,5.5854849085,3.252044729333334,33.12777777666667,23.622222224999998,37.753703701666666,28.74444444166667,59.770370369999995,36.44259259166667,19.148148148333334,20.838888888333333,24.94814814833333,28.901851851666667,31.059259259999997,30.78148148,31.26157407666667,19.740244320000002,13.343015789999999,31.808152043333333,18.990204253333335,34.844520896666666,23.895005284999996,19.12194775,20.189850765,14.44831285,14.318603198333335,20.746821621666665,22.16923757166667,21.134659693333333,15522.54,13921.78,188028.16000000053,209652.02249997997
"Fort McDermitt Paiute and Shoshone Tribes of the Fort McDermitt Indian Reservation, Nevada and Oregon",0.11622256255356948,0.13636074724259734,2.9561141887009734,9.121782384302506e6,0.1219792792936167,0.18306830468394544,2.932313881878147,1.4593246522661431e6,0.8837774374464306,0.8636392527574026,0.8780207207063833,0.8169316953160546,0.2753542556703403,0.270155309530538,0.005339152440187298,0.2168294233174714,0.0782002643390589,0.07748912025172243,0.07496504539727834,0.007473004265262795,0.020395902718537612,0.004645870793633382,-1.2279549448003622,0.6296056230808916,3.4426554894726453,8.199285570170593,12.28820326749027,18.40833981458126,21.68200386122892,20.890358079035504,16.77903955324863,10.261489931969662,2.96592630963028,-1.4985077636310589,9.401703732596577,2.9920854703466406,3.875306888357012,3.3944201225377215,2.962296819075704,3.3036776524503484,3.389686224555354,2.9232428704902778,3.4307805615211295,3.520642752866215,2.863637150107856,3.8698146487954337,2.7529003732258213,3.273207627891884,33.189266269141804,29.995016276481703,53.3348601380373,41.21914556458647,54.40652781418719,30.1227090717656,33.171186586260795,26.989974937316028,25.278515254353888,27.32981591915996,36.78084003162043,39.16069484049519,35.914879392219326,23.818740017609535,19.24855431593725,29.513679685296854,21.452324942919347,29.490847199668124,19.669671709393302,28.49406230779672,24.148858891457074,18.73473780362793,21.402302072421556,35.527155910907446,37.89629647229451,25.783102611122608,-1.4844444446,1.6155555555999999,3.3844444441999997,7.9866666668000015,11.104444444,16.153333334,21.346666667999997,19.486666665999998,14.377777778,8.626666666599998,1.4777777779999999,-2.297777778,8.481481481600001,2.970978584,4.583973895200001,1.6079369238,2.1952990348,1.7068022530000002,2.2178630561999997,1.6572415428,1.122653925,1.79658836,1.9174611268000001,2.56624475,3.0643573648000006,2.2839500679999998,32.675555554000006,22.94666667,25.955555556000004,21.32,38.457777778,17.157777778000003,12.682222222399998,10.726666665600002,11.72888889,23.57111111,28.128888888000002,44.18444444400001,24.127962961999998,27.751194870000003,18.969477538000003,17.993738418000003,13.213021573799999,16.845375978,12.789272246,19.232642658,14.9347157608,10.6822257752,20.787321878000004,22.997529472,35.232518052,19.285752852,8720.209999999997,7820.9,188028.16000000053,209652.02249997997
Middletown Rancheria of Pomo Indians of California,0.11104298513176863,0.15723091421874616,3.745919356151059,3.7106812126306824e7,0.157,0.231,3.92,6.666e6,0.8889570148682313,0.8427690857812539,0.843,0.769,0.28242024035068697,0.2815097475747212,0.1274736751901271,0.15212927962124917,0.12224379241061203,0.6837663560783396,0.6819606590617445,0.29732075949592074,0.46285388267586997,0.6030375229685146,8.146832390306665,10.264733704752564,11.084318891545358,13.517316026712141,16.072826948152137,20.09078297600105,22.602891883892713,21.928976429868506,19.983514751492827,16.932183635010368,10.59509236536446,7.711137027942663,14.910883919179742,2.2949344025292238,2.4275569539936512,2.4720487687671397,2.4156489640464582,2.3982388159603505,2.8582852725864973,2.5963772401696286,2.661720640437736,2.5886756047531434,2.5462208826343153,2.4788918553592754,2.5995190315600607,2.5281765360951836,132.85643744971625,88.21525563967097,84.30618836186737,44.67147351438518,26.07121290644426,7.227797215516393,3.2937058153569403,3.0006133644283435,6.681780484769143,26.775508616526494,44.17530272326359,108.14398657988797,47.951605222756896,109.91812318397633,73.87185596511858,73.13520944812174,30.43861963401347,21.8145691325591,8.688320519051253,6.136004959983352,4.785038813590386,8.155174989681877,29.814232047622138,45.66602991328694,99.16582853785874,42.63241726223275,8.055555556,9.633333333,10.31111111,13.377777779999999,15.91111111,19.72222222,20.61111111,21.51111111,18.75555556,16.26666667,10.05555556,7.544444444,14.31296296,1.2787798,1.312440475,1.2702799339999997,1.965183056,2.35979048,3.011136736,1.337389663,3.301304456,1.481646981,1.044030651,2.047627353,1.650084173,1.838307813,226.1333333,143.8222222,137.9777778,58.52222222,43.36666667,11.7,9.677777778,4.222222222,8.644444444,43.6,56.73333333,208.8888889,79.44074074,210.37688800000004,123.6031025,124.3515559,42.76116164,29.60886692,15.18584868,16.84063373,9.807876653,10.78808499,39.70865775,52.00240379,134.238877,67.43949646,21191.12000003001,19005.38999999997,188028.16000000053,209652.02249997997
Red Cliff Band of Lake Superior Chippewa Indians of Wisconsin,0.10687890787421152,0.19844345732196456,3.08188262532617,1.2195527582994914e6,0.102,0.2,3.11,799000.0,0.8931210921257885,0.8015565426780354,0.898,0.8,0.36117101623680475,0.3384978646383907,0.0010000000000000013,0.21527042604693647,0.2993322880158622,0.3898746888540367,0.3594329541138747,0.0009999999999999992,0.2930919896637415,0.3754110297657588,-10.270108650838047,-9.108127493600845,-0.8655844157998472,6.2546642899579865,12.564332399014516,17.47437399532849,20.531368304881592,19.468177573995426,14.347886427608872,7.4867753162444615,-0.5050462609950346,-9.296651387994656,5.673505008250576,2.2324114892990834,2.809676650783805,2.609382298255922,2.0394599201038957,1.41565582566272,1.8496422563728043,1.1498042669163488,1.4201726407501913,1.8763754388663096,1.8567910945561505,2.817952550300993,3.930114959490833,2.1672866159809026,22.52076648515279,15.156654782669978,36.35271623857527,47.833587982608904,83.99548849880067,111.96972242894577,94.39717341649354,115.84326880287628,114.28756473978997,74.05102707606191,51.119599353464494,29.060033106058068,66.38230024344159,12.637327853118794,6.754357023056917,19.112351075847982,18.748064439220784,30.19316233911766,35.35893739461805,38.95018814700536,43.61800585825824,54.76304131551186,30.200649494121468,30.673170413292613,18.179013522158524,28.26568907255157,-10.511111109999998,-9.011111111,-1.055555556,5.411111111,11.45555556,17.07777778,19.97777778,19.23333333,14.333333329999999,7.355555556,-0.455555556,-5.866666667,5.662037036999999,1.811383756,2.467004481,2.622551768,2.100859612,1.313498298,2.313426991,1.023203032,1.142365966,2.131900561,2.107789785,2.453625436,11.36914685,2.7380630450000005,45.3,16.61111111,35.88888889,67.92222222,78.35555556,96.96666667,94.4,118.4222222,103.7111111,81.19999999999999,60.15555556,35.45555556,69.53240741,63.599705189999995,7.239724519,23.23657916,48.77324517,44.14261295,28.03952567,36.93599193,65.56301888,73.02301768,36.56025848,33.1377093,15.76539812,39.66806559,5600.0,5022.469999999999,188028.16000000053,209652.02249997997
Yankton Sioux Tribe of South Dakota,0.09810363810205826,0.1489870224517117,3.1183121497566386,1.3351100830713378e6,0.13393616590822693,0.2089071323737285,3.250055927815806,686245.2322798002,0.9018963618979418,0.8510129775482883,0.866063834091773,0.7910928676262715,0.5587957640055253,0.49619180122509116,0.0020090418825649344,0.5418959777124387,0.4636389137686288,0.5376297394266497,0.4617725081548185,0.001232740741832453,0.5279810218248919,0.3596819939998333,-6.842455114848503,-4.401755344274835,3.055489092848414,9.826643359359402,15.08380312450101,21.32516661216163,23.6439837568142,22.70611548249022,18.021799773285014,10.261916858788775,1.395410429953379,-6.3188699515120526,8.97977067338521,2.7614951054397787,3.4021880725889915,1.7521994403792214,2.174677221152822,1.5736899813043284,1.2937565699081468,1.0331292308384976,1.5721833342323859,1.795929942280567,1.8770847390067231,3.416781259329403,3.358969654687073,2.167673712627258,12.119531847926124,11.1028578984919,36.71880075673144,63.39358224950269,97.11874157360387,98.65018482586217,67.0020330306048,91.31054117066877,66.2904648748993,41.43522433427986,31.893293638679197,15.33456516944151,52.69748511470835,8.589162228164076,9.749335440777626,28.74442811201578,39.16122683451007,38.13551154421508,55.43529190931835,48.561597778857006,39.4765004832031,42.872686385226245,20.872716527867954,26.049447952822067,13.01709404606265,30.888749936402853,-5.588888888666666,-1.2666666666666666,3.3407407406666665,9.318518518666668,15.285185183333331,21.388888886666667,22.01481481333333,23.111111113333337,17.692592593333334,11.592592596666668,1.2259259256666666,-5.485185184999999,9.385802469666668,2.9738349073333334,5.237998202,2.0878104706666667,2.3179184026666664,2.345048465333333,2.378350342666667,4.138252878333333,3.202735502666666,1.8005771203333334,2.515034196333333,3.5918807759999996,4.286842512,3.0730236483333333,11.133333333333333,12.807407406666666,32.58888889,58.111111109999996,95.30740742,87.10000000000001,49.01111111,73.81481481666667,49.722222223333326,39.944444446666665,28.311111110000002,11.699999998,45.79598765666667,5.360607496333333,10.330376518333333,25.091970223333337,38.735934533333335,42.30118808666666,62.04616256,33.363201983333326,40.22989321666667,39.637478783333336,22.498467446666666,20.851214703333333,6.446260458666667,28.90772966666667,17047.09999998,15288.909999999998,188028.16000000053,209652.02249997997
"Keweenaw Bay Indian Community, Michigan",0.08867785637036671,0.14579327898231048,3.2891420039973798,1.8479186824793739e6,0.14815519240857197,0.19350437532785894,3.281464417528541,694037.6384049678,0.9113221436296333,0.8542067210176896,0.851844807591428,0.8064956246721411,0.20567413057767747,0.19915712382550516,0.014697899443092471,0.11967435572894196,0.07891413189456618,0.3080354822853061,0.3010273966300051,0.0010000000000000009,0.17698826921915167,0.2778520819974505,-5.2977297772523855,-3.0151776358905362,1.3534705743024646,6.049660277804136,10.64551668187312,15.539931041418933,19.58713855907206,18.259212385484663,13.665836459553999,7.785978433556245,-0.6306993881956193,-5.029619037966771,6.576126547833408,2.898040866854093,2.4228723641210226,2.241316780353879,1.554091974422207,1.608743292219165,1.5580716680780646,2.2926029894294495,1.9547438110815947,2.597433299935137,1.9447090825260704,3.4819613366604236,2.789119895921022,2.2786422801639783,46.85372883056401,14.78995368981021,32.96345942012049,39.970989419761445,78.68573505067836,69.22381773222999,37.425583612265875,43.30634756249408,45.53407294851415,40.28702565640284,30.322587972956494,19.70189703649301,41.58876657810774,91.51457667522283,10.814134885409397,17.81495165864167,20.11373872381742,35.28472505239365,36.56077274129969,22.379027057206013,24.288181803465765,28.199700172983274,20.074974973781554,15.265870450857067,15.282811997105517,28.132788849851536,-10.75313311811417,-9.937411021344342,-2.879549978121383,4.166432762316812,10.95053524469786,15.44806523751297,18.703982565785022,18.060411353563488,12.539935594371975,6.385231445046881,-1.0276152170924295,-8.853728788220348,4.400263006951593,2.506680883580614,2.765941399948119,2.281161490533703,2.0076373850565865,1.6810891340704839,1.9806895500776087,1.7796305207549035,1.485788987018354,2.415556752487656,1.461979543438165,3.2949389568682816,4.853760250431289,2.3762379047199986,35.58576163736755,30.20059258127496,44.63092261941302,52.431933817294684,71.38305773289046,102.15695114690898,93.88035300707405,90.18707922763582,115.6750559466517,88.14417470345603,62.042219259899134,52.93329358528733,69.93761627377677,16.407084843324828,25.354934532082506,27.855496099768377,30.00023377297153,23.69456030893643,36.88062411008019,25.390481260745887,35.905235220854514,49.971600303144655,31.89544116199768,28.665717609829798,34.29182700569809,30.526103017769962,33071.46000001,29659.969999999972,188028.16000000053,209652.02249997997
Pala Band of Mission Indians,0.10726102456422076,0.15488813232961968,3.11342412044564,1.4107908488167524e8,0.096,0.126,3.5200000000000005,1.88159e8,0.8927389754357793,0.8451118676703804,0.904,0.874,0.15164238026920607,0.15164238026920607,0.09067502844959051,0.09818222764480063,0.05224222019880904,0.1510246660490926,0.1510246660490926,0.05379842009024991,0.05402160314505566,0.04436310875907828,10.28888889,11.26666667,10.86666667,13.15555556,15.01111111,17.527777779999997,19.01111111,19.6,18.67222222,16.5,11.855555554999999,10.227777775,14.498611115,2.143271124,2.001874122,2.173706512,2.808073677,2.602616205,1.7939739849999998,1.8857653909999998,3.630771268,2.8889098985,2.815581645,1.86897431,2.022534224,2.3863376969999996,123.8,105.0666667,84.9,34.72222222,14.36666667,3.144444444,2.322222222,3.3555555559999997,2.4000000000000004,12.23333333,24.92222222,49.483333335,38.393055555,109.3620249,127.0815781,71.94628204,24.46220441,10.02210058,5.100517403,3.652320419,5.364259294,3.3468033655,18.82876788,40.17448748,78.65190436500001,41.49943752,10.322222222999999,10.305555553999998,12.27222222,13.41111111,15.872222220000001,20.88888889,24.161111114999997,23.327777774999998,21.97777778,17.005555554999997,13.149999999999999,10.4722222215,16.09722222,1.5780382245,3.8974225380000003,2.5306205705,2.6841708049999995,3.0702047619999995,3.8357855585,3.351976011,3.1157073935,3.8651993005,3.3688169199999995,1.68748694,1.7039164195,2.890778787,118.86666665000001,94.4,57.6,30.800000000000004,15.33888889,3.6722222225,6.25,11.1944444445,3.9055555555,13.377777774999998,25.43888889,31.205555555000004,34.337499995,113.25834290000002,83.87757212,56.48737995500001,17.05426811,16.442705095,5.19887175,5.462320551000001,21.58153997,4.9573689045,16.443657815,46.213552575,57.7911307,37.064059199999996,80.36,72.08,188028.16000000053,209652.02249997997
Bridgeport Indian Colony,0.10548749803997587,0.14002187308452188,3.2267187522273,5.564305781286961e6,0.085,0.12000000000000001,3.25,665000.0,0.8945125019600242,0.8599781269154781,0.915,0.88,0.0771503551655004,0.07642872424151516,0.02290521212062706,0.028238450839706043,0.0009962356930682717,0.0130622601030926,0.0130622601030926,0.001,0.003,0.001,7.136679438117244,10.987918262043681,12.214201789885058,14.833946359126443,17.95126436712644,22.830498085563224,25.05724138075863,24.96546615593104,22.01887611903449,18.17297573627587,11.079386970436783,7.585644955342528,16.236174967310347,3.6478860350873568,1.7206831333448283,1.7901684525379316,2.44332967170115,1.921398102052874,1.5466633622022994,2.362426586993104,1.206559857144828,2.032896829917242,1.5297821568666672,2.0835536405034487,3.073475384009196,2.113235267875863,95.85083013273567,69.11026819910347,53.64541507071266,41.185466155172435,22.113435504298856,2.9125415071264373,1.2854916988000002,0.8481736909149427,2.785108556696552,19.268352490045988,32.43803320485058,77.58819923381608,34.91927628811496,72.31982213289658,49.05857062326438,37.240987546229896,24.81764424531035,16.28859730772414,3.7747165227816106,2.249153954763219,1.4438403184137938,3.656072706535633,21.935596968160926,38.983903050252884,71.16939000524138,28.578191280643686,0.166666667,1.044444444,2.466666667,5.688888889,9.355555556,15.03333333,19.65555556,18.26666667,13.93333333,9.0,2.488888889,0.044444444,8.095370371,3.035621847,2.980398929,4.299127819,3.122676914,3.570403027,4.891574389,3.6421529040000005,3.45,4.016528352,2.278705773,1.9877402020000001,3.148853407,3.36864863,165.0444444,112.74444439999999,93.67777778,44.67777778,45.77777778,13.43333333,28.73333333,13.73333333,17.17777778,35.0,52.8,98.77777778,60.13148147,99.7513297,60.9154765,53.92700571,30.54168372,30.68488137,18.00909492,29.51325973,15.0109127,21.56877244,36.74870746,36.6005806,78.79441252,42.67217645,958.9399999999999,860.01,188028.16000000053,209652.02249997997
Te-Moak Tribe of Western Shoshone Indians of Nevada (South Fork Band),0.117658009215815,0.1358711972391301,2.9199301101600033,9.597472857270665e6,0.1,0.169,3.35,2.969e6,0.882341990784185,0.8641288027608699,0.9,0.831,0.30297136035049127,0.297148559267944,0.0028915532366557885,0.24310709300703814,0.08895762953426932,0.13243735579197538,0.13188436024351574,0.0011059744624978525,0.047199715001221595,0.019613209515739614,-2.2912559256797187,-0.6871290344143773,2.327628417386323,7.35589648682875,11.568322619231438,17.84620105132086,21.25294824433956,20.37233586587082,16.112958633869077,9.25579258396464,1.93455419173115,-2.6532729397717696,8.5329150163194,2.9087209917779067,4.1491997385704265,3.598350419571594,3.028267219165692,3.479391154619519,3.6239687918036236,2.9945330760195787,3.713520481568964,3.7097629973088826,3.033194988231737,4.096881726120688,2.7121493125330205,3.420661741453242,25.223813235634125,25.022738489707763,53.295382816087056,41.22342684544418,58.5115819213764,33.58162867744007,37.224452885514296,30.31308526524837,28.137846614225595,28.35457821947107,37.33289174688778,34.27584258710696,36.041439108842766,17.653348223293392,15.459145463310925,28.53139478772062,21.024530116344234,31.169099304576264,21.690216860233775,31.830279471317937,27.03509006599648,20.65151726512272,21.334510348386896,35.0877389016686,33.66666593844535,25.42779472940384,-1.9,1.822222222,2.8,7.844444444,10.7,15.822222220000002,21.15555556,19.68888889,14.45555556,8.811111111,0.7,-2.766666667,8.261111112,2.253885534,5.150674174,2.151162476,3.39452173,2.74271763,2.279132389,2.56861398,2.345977645,1.926208135,4.361606483,2.46221445,3.451086785,2.923983451,46.56666667,29.85555556,35.63333333,30.24444444,47.62222222,21.73333333,12.77777778,15.011111110000002,11.9,23.64444444,34.06666667,43.01111111,29.33888889,25.27602619,24.18434985,17.3223122,14.51353774,29.59661204,14.13665448,10.73799071,24.21804309,10.10816502,24.80761532,17.828839,27.92250188,20.05438729,7761.2699999999995,6960.89,188028.16000000053,209652.02249997997
"Cheyenne and Arapaho Tribes, Oklahoma",0.1162659907774443,0.16257941977790108,3.2627590145662704,1.266092888187178e7,0.13677236586555203,0.20217334217071342,3.156578760838335,1.5272433055836668e6,0.8837340092225557,0.8374205802220989,0.863227634134448,0.7978266578292865,0.15799515588105315,0.1529352779079745,0.001886614896713386,0.12313815249253333,0.051637740836312486,0.39498500458260405,0.34494755924720977,0.2599588677240644,0.38308808163069863,0.3156539787317898,-2.008583616703455,-0.13967586472175056,3.78645484513045,7.877529441325614,12.391513295052128,18.388867256595333,21.459554898121667,21.2082184666958,16.300174787241673,9.382469347085213,2.82964030147193,-2.017261549387982,9.121575134241368,3.207187974296483,3.308720105900409,3.362048226088323,2.893501360771362,3.176310193284255,3.235610922168916,2.683011694742316,2.793644238015659,3.3893262645984867,2.5360333821188448,4.027173694518427,3.9847677578156766,3.2164446512495237,26.789191738585867,21.364810632710917,36.55555555530026,40.10649828222427,55.32285474451233,36.23401171616238,46.82652095297037,45.39712639144706,30.638917875933483,30.056853481528012,21.716197249775753,16.23682908066365,33.937113975748055,25.83137329246933,16.594499869504613,20.011972449172372,22.686749259857518,39.73003797608917,27.803192578381818,35.84177969587426,26.708106157589867,20.82585245421551,25.640000946610197,18.757678652257805,12.987489016287087,24.451561029454165,3.7216049382777783,5.654938271722221,10.530246913500003,15.441358023333335,20.147530865000004,26.02283950611111,28.190123457777776,27.978395062222223,23.793209877777777,16.544444445555555,9.688888888666664,3.683950617222223,15.949794238333332,1.7780730636666668,2.691535571,1.1515593669444446,1.2440872374444445,1.4254032939444445,1.6058676677777775,1.3382674735,1.3812999814444444,1.5759166818333337,1.2395499622222221,1.9788032957777772,2.218851296333334,1.635767907722222,37.012962963888896,31.822222221666674,66.03580246888889,66.7555555561111,123.81049383666668,109.18765432333336,71.29814814777778,66.23950617333335,57.67716049333333,64.45925925888888,33.97654320888889,27.883950617222222,63.0132716061111,18.416155467777777,25.44570710222222,40.020803395,29.728565123888888,87.35408192944443,59.314357512777775,46.90013063777777,51.08409871388889,43.92051316944444,43.661192018333324,32.540366688333336,22.33534570388889,41.72677645611112,58577.39999997999,52535.779999999955,188028.16000000053,209652.02249997997
Jackson Band of Miwuk Indians,0.11558371776264634,0.16587340889494362,3.663889404334251,4.555747200351246e7,0.109,0.175,4.2,2.919e6,0.8844162822373537,0.8341265911050564,0.891,0.825,0.2742264795598105,0.27338093845945505,0.1290693131597273,0.15788366083227007,0.10869304708775936,0.3139065766335078,0.3139065766335078,0.04253848337588654,0.06788229831573926,0.10093728003132255,8.370325707923033,10.601614746211645,11.337773639664118,13.638054422372761,16.098377372542107,20.091478985927473,22.59129278238959,21.86050324101879,20.077250694999115,16.968603574016665,10.818381904769284,8.02072471477939,15.039531815341368,2.126730488142755,2.106577592619346,2.2574784968327717,2.2518577759710947,2.3184054928617663,2.758031516502661,2.5851457402887026,2.6924352204098243,2.2749646512634327,2.5299411158397764,2.401079733658006,2.343750597718744,2.3871998685661455,125.29518334834889,82.66568737389873,81.3476187711828,46.097191188365834,23.74879903834013,7.380979685311932,3.1418701108243465,2.7754793009504333,5.153702390160845,24.247602016576515,43.83554609766005,108.26427656517815,46.16282799065702,102.50606108018164,66.1256304710587,72.78019705562772,30.08119249494681,19.5903488747958,8.275485428878348,6.0720023375279295,4.3322999104092,6.687872541850323,26.96034860721492,45.01775948978186,97.66917111517732,40.50819745063398,5.322222222,8.1,8.244444444,11.96666667,14.98888889,20.6,23.96666667,22.65555556,19.32222222,15.56666667,8.188888889,4.688888889,13.63425926,3.119606457,2.426417112,4.209249075,3.646230931,3.383210178,3.55,3.282910294,2.662288072,3.845704675,2.82931087,4.434648928,5.461328695,3.570908774,168.1111111,117.4444444,116.1666667,59.31111111,40.95555556,9.222222222,5.488888889,4.111111111,6.633333333,37.94444444,56.41111111,116.7222222,61.54351851,113.4942669,101.6663798,100.0820788,42.32282022,27.77535378,9.170302309,9.683419391,7.042095648,8.769549589,46.13166242,59.55846801,121.4112616,53.92563821,14645.130000030002,13134.659999999996,188028.16000000053,209652.02249997997
Sac & Fox Tribe of the Mississippi in Iowa,0.07827836016068862,0.12010688891884373,3.0129690375205205,1.4014078782771279e6,0.089,0.146,2.86,742000.0,0.9217216398393113,0.8798931110811563,0.911,0.854,0.7371834262264687,0.6511631210491929,0.0009999999999999994,0.7206100775599654,0.7105484446483044,0.5471746797911756,0.4255116988633711,0.0010000000000000005,0.4407211511876534,0.5382937960365421,-7.702823691491049,-5.749502601767218,2.373132843513774,9.150313743549589,14.917577287968316,20.962603306039945,22.976989591515153,21.844872972837468,17.27660697940083,9.610422406086778,0.9745026017982095,-7.321709519536504,8.276082159972452,2.690804611270661,3.0581306373340222,1.8256344451997248,2.106246762818871,1.5516593057121213,1.4880155800241048,0.9440852144352617,1.3894250791577136,1.821246987803719,1.6734559796260333,3.5496926670192837,3.8045845840000005,2.158581821210055,14.80430058226584,12.450910620426997,41.68598102277548,64.80951178390497,101.93244566480028,115.21980410826446,90.94928833990357,101.02939241708678,83.94514080261021,44.11913070128788,30.317623202465562,21.335958064607443,60.216623943553735,8.886116129650137,10.763212928705233,24.68398390525482,40.22366805500689,34.556045403044074,58.00391800642561,55.739841314035814,43.927265260909095,52.335199057382916,17.499482554400828,26.663161502754818,16.63749804265565,32.493282680509644,-6.2944444445,-3.900000000000001,3.5,11.77777778,15.66111111,21.37777778,23.005555555000004,23.21111111,17.4,12.594444445,3.6388888889999995,-5.4444444445,9.710648149,2.8703157630000002,6.7717088604999995,2.253520582,3.1569618415,2.8850721604999996,1.7800995355000002,3.138000564,2.420572832,2.069651141,3.098463133,4.577746697,5.638608305,3.3883934515000003,28.35,42.61666667,53.044444445,66.388888885,97.9388889,136.64444445,116.46666665,85.56666667,76.422222225,47.105555555,46.96111111,31.766666665,69.10601852,10.077731561000002,52.79562521,47.132971135000005,42.737579505,41.319579805000004,54.120409695,55.897962314999994,34.315349485,40.16593805,32.580892215000006,21.917136005,20.972074079499997,37.83610409,3055.14000001,2740.08,188028.16000000053,209652.02249997997
"Minnesota Chippewa Tribe, Minnesota (White Earth Band)",0.10602854391149663,0.19516112950469403,3.0568524480154373,1.3477823116625869e6,0.11834742200013683,0.1993088046107159,3.207511621293201,919555.8172685613,0.8939714560885034,0.804838870495306,0.8816525779998632,0.8006911953892841,0.3787213777104519,0.35263306752747026,0.001000000000000001,0.24211321337243188,0.32065004511199074,0.5055306152521707,0.45602032210137156,0.000999207007893245,0.4437247194878268,0.41562371204401255,-10.481513411039128,-9.287861037721154,-0.9052571472490053,6.257320218056034,12.597166960802388,17.51145373098806,20.51104479797083,19.452228853706902,14.321514883454917,7.439743589777188,-0.6154730327410476,-9.488446802360743,5.60932680039821,2.274790845548409,2.8115008283587537,2.632223436125995,2.0815216888826247,1.4214001602344162,1.8592033679701594,1.0988723442964192,1.4077697695981437,1.8612777247861407,1.8609603994910489,2.9231017788159814,3.996858855212201,2.185790099968502,22.78821838788461,14.9500773645557,35.84129457762931,46.71910551313662,84.69399499039793,110.01406203590517,95.3472185398243,113.14968315428382,109.59239980832231,73.46727453497019,50.759943264565656,29.027847776485412,65.52925999615718,12.946956045784162,6.379411669765585,18.449398813577925,19.03129253592507,33.56627436012931,35.405225578149874,42.1682029634947,42.03592248101461,51.76366831756964,29.48134432705902,30.233435407980785,18.29281523139623,28.312828977370696,-12.719444443750001,-9.461111110500001,-0.16527777775000005,6.290277777749999,12.791666665000001,18.47499999875,20.343055555000003,19.966666667500004,15.605555552500002,6.9680555557499995,-1.161111111,-10.1888888875,5.56203703675,2.74577422325,4.55455111975,5.240869173875,2.6607747827500003,1.63897104,3.0741594869999997,0.8473364478750001,2.32647564075,4.0102699545,1.949229490875,5.5407228365000005,7.124164336749999,3.4761082113749997,27.3375,13.606944446249997,28.788888890000006,46.95833333375,76.87777777625,110.23888888625001,109.94583333374999,94.61111110875,68.92499999750001,62.016666667500004,48.20833333375,29.8805555575,59.78298611249999,32.96237615175,4.400743563125,17.506284631249997,40.588957093750004,53.15299063999999,36.926364843749994,69.27872562124999,34.25627289125,33.912939962500005,24.699866487500007,42.04676240125,30.078967835,34.984271012499995,6436.140000000001,5772.360000000001,188028.16000000053,209652.02249997997
Lower Elwha Tribal Community,0.141,0.238,3.36,5.041000000000001e6,0.147,0.252,3.3100000000000005,6.145e6,0.859,0.762,0.853,0.748,0.4571235374019462,0.4321088825714232,0.0010000000000000002,0.24236519851834265,0.38318959595684593,0.5053630166994378,0.49590468479270744,0.0010000000000000002,0.3500462507111278,0.4677598200666462,0.388888889,2.388888889,3.5111111110000004,7.099999999999999,11.96666667,15.766666670000001,19.15555556,17.8,15.95555556,8.633333333,3.133333333,-2.311111111,8.624074075,2.661505422,3.037451417,2.754289584,1.900657781,1.35,3.992492956,2.324925327,1.303840481,3.46305902,1.901315334,4.121286207,2.324029068,2.59457105,111.38888890000001,93.77777778,81.47777778,38.82222222,73.72222222,47.58888889,18.27777778,34.46666667,33.33333333,48.76666667,90.22222222,147.5666667,68.28425926,133.3251331,79.51073477,82.49339031,37.12202102,51.03486009,54.87992448,14.353725800000001,37.47422447,30.34464533,37.80615029,97.16959115,108.8720005,63.69886678,3.2944444445000003,3.1666666665,5.727777778000001,9.772222222,10.86111111,13.51111111,16.32222222,15.783333335,13.761111115,9.1833333335,5.949999999999999,2.744444444,9.173148148500001,2.049453925,3.646093526,1.296362215,4.1459008285,1.4135797835000001,2.7777354025,3.1299728179999997,2.782438519,1.382088805,1.0428533880000002,4.641284115,2.5927672104999995,2.5750442115,276.11666665,205.7611111,190.84444445,128.34999999000001,92.644444435,70.43888889,36.344444445,42.127777775,80.35555557,208.33333335,293.67222219999996,286.40555555,159.2828704,135.03172268,116.081910735,82.15607349,63.601480124999995,50.526516485,37.808238865,26.577363270000003,39.094561135,68.04411646,131.4435607,232.62507365,175.892276,96.573574475,478.40999999999997,429.07,188028.16000000053,209652.02249997997
"Red Lake Band of Chippewa Indians, Minnesota",0.11309305713040453,0.218846783094808,3.006606688339989,926945.4751616595,0.11507606487772835,0.19397422746647938,3.0991888017268265,2.0500151232760958e6,0.8869069428695955,0.781153216905192,0.8849239351222716,0.8060257725335206,0.3870364640288159,0.35265520878572026,0.0010000000000000013,0.22740496162361215,0.34025307476912825,0.395259166697987,0.3540487022656854,0.0009995721386098493,0.2911338326121937,0.26578617438860946,-10.182518345250728,-9.124793817843365,-0.8640366259175918,6.408870705736996,12.88034937465809,17.865647122939794,20.64727579686147,19.558958372741085,14.481940384593802,7.525728943329046,-0.38916163391992986,-9.173745048694329,5.802876269126825,2.2948475979976615,2.8859171460303914,2.495562326797778,2.0780953097305663,1.4286864769357095,1.6477637550572763,1.1242225463576854,1.4257168778708356,1.8159830898445344,1.7800304489620105,2.818700153053183,4.141210137797779,2.1613946557399184,21.51881290695499,14.891239690683808,35.50937074138515,51.51752062225602,79.6204104183518,120.7511137018702,96.5803104118352,118.55723096772644,118.71943633960838,73.022131306014,51.56198454344243,29.384999030303913,67.63621339099357,11.306854351715366,6.551963511940386,17.236629990870835,16.306502253056685,21.56407439254821,33.61520055035652,42.92856059165983,45.48814518146697,56.6740182223787,29.823422459076557,30.889688621040325,18.8813422572069,27.605533532764458,-13.377083334375003,-10.441666666187503,-1.1722222221875003,5.497916666750001,12.163888888125005,17.589583333750003,19.738888887500003,19.050694444375008,14.422916667500004,6.118055555500002,-2.0027777778125007,-10.886111111187505,4.725173611125001,3.239558577000001,4.740151681437502,5.836849206437501,2.3525969980625003,1.5385293032500005,3.2169396236875016,1.1358766636250002,2.491901402562501,4.436559044,1.8667898656250006,6.085544290312502,8.940832229000003,3.8235107405,34.59791666812501,16.013888888750003,26.490972223125006,45.418055554375,74.53750000000002,112.1305555625,96.08819444000005,109.20972222562506,70.80486111062501,60.79305555625002,54.77152777812503,34.51458333250001,61.28090277937501,44.884765284312515,5.460241235687502,18.683556993937504,40.33953910437502,40.998640076875006,40.98043222687502,47.935730132500005,50.540682818750014,37.25651293500001,29.321915353750008,39.608405002500014,38.32811582325001,36.19487808187501,3680.0,3300.48,188028.16000000053,209652.02249997997
Coyote Valley Band of Pomo Indians of California,0.0992097286693061,0.13328401699243,3.898915049308288,2.6069270231521625e7,0.135,0.19400000000000003,3.53,7.022e6,0.9007902713306939,0.86671598300757,0.865,0.8059999999999999,0.28733039015689676,0.2860647991988868,0.10610674311592844,0.10578848538251621,0.16245681659853925,0.6672183321578524,0.6672183321578524,0.4571537900777639,0.4645744995183756,0.5061626625970759,7.896946947095094,10.170470471372376,11.397786674115114,13.270559448298298,16.28154821342843,20.099805361576575,22.195323101726736,21.485168500710717,19.61885218653654,17.438894451736736,11.092069848193693,8.369019019129134,14.943037018478481,2.530094432051553,3.1363096976836835,2.116871336885887,2.8818841356176184,1.6964040078788791,2.8007148983043053,3.0390629752197205,2.9798947287627637,3.493365482568569,2.180577322642141,1.8547693866661659,1.917912923965466,2.552321777241242,174.30699588740745,110.93932265906905,100.28179291053556,43.73112000732232,35.51869091320321,7.589144699918921,1.7198531864144142,1.4230563895795798,6.58964520047698,31.87111556055056,43.99998887970472,126.33697029844843,57.02564138356857,144.44330107240245,104.2897467045846,83.61617782940444,33.320267536191196,29.413647248233232,12.048697090705708,3.5225110368033046,3.1568553934239234,7.905333834362366,39.34256423296797,39.21571949593595,119.77181654883887,51.670553170075074,7.4,8.177777778,8.911111111,10.86666667,13.688888889999998,17.73333333,20.48888889,19.71111111,18.14444444,14.22222222,8.844444444,7.044444443999999,12.93611111,1.2,3.23565209,1.328010207,1.532155345,1.501203221,1.637833935,0.633333333,1.057644133,1.335207017,1.8191878529999999,1.694189416,1.7826322609999998,1.563087401,219.0222222,147.1222222,138.8333333,65.76666667,51.67777778,18.94444444,5.155555556,7.1222222219999995,12.06666667,45.37777778,69.15555556,207.1222222,82.28055555,171.935764,106.960025,140.7269253,44.58158252,37.25710596,21.26470733,10.01550187,16.01903382,17.54985755,47.11127195,56.634024909999994,188.2531393,71.52574496,3035.88,2722.6800000000003,188028.16000000053,209652.02249997997
Saginaw Chippewa Indian Tribe of Michigan,0.11309305713040453,0.218846783094808,3.006606688339989,926945.4751616595,0.13899363584647279,0.1340288262128662,2.770181553006367,4.622436133448231e6,0.8869069428695955,0.781153216905192,0.8610063641535273,0.8659711737871338,0.3870364640288159,0.35265520878572026,0.0010000000000000013,0.22740496162361215,0.34025307476912825,0.5336696558646482,0.46853341867930126,0.0009888662243202062,0.4398799739291396,0.5230238268775373,-10.182518345250728,-9.124793817843365,-0.8640366259175918,6.408870705736996,12.88034937465809,17.865647122939794,20.64727579686147,19.558958372741085,14.481940384593802,7.525728943329046,-0.38916163391992986,-9.173745048694329,5.802876269126825,2.2948475979976615,2.8859171460303914,2.495562326797778,2.0780953097305663,1.4286864769357095,1.6477637550572763,1.1242225463576854,1.4257168778708356,1.8159830898445344,1.7800304489620105,2.818700153053183,4.141210137797779,2.1613946557399184,21.51881290695499,14.891239690683808,35.50937074138515,51.51752062225602,79.6204104183518,120.7511137018702,96.5803104118352,118.55723096772644,118.71943633960838,73.022131306014,51.56198454344243,29.384999030303913,67.63621339099357,11.306854351715366,6.551963511940386,17.236629990870835,16.306502253056685,21.56407439254821,33.61520055035652,42.92856059165983,45.48814518146697,56.6740182223787,29.823422459076557,30.889688621040325,18.8813422572069,27.605533532764458,-5.844444444,-6.211111111,0.47777777800000004,6.85,13.155555555000001,18.411111110000004,21.027777775,20.56111111,15.86111111,9.161111111,3.1833333335000003,-4.3722222225,7.688425925000001,2.6107389175,3.4453497285,2.806400843,2.316148878,1.6434470475,2.038067056,1.2321024194999999,1.5227663275,1.5710362475,1.8715594384999998,1.8671989985,2.7841852819999997,2.1424167655,44.755555555,36.544444444999996,39.866666665000004,62.16666666500001,79.13888889,83.27222221999999,73.02222222500001,93.594444445,95.05555556,72.71666667000001,86.005555555,47.077777775,67.76805556,21.083716084999995,23.640465085,25.28618533,24.935347065,38.084367895,33.92055921,18.265125245,33.45871754,34.82351091,35.32456457,38.420027479999995,21.01300144,29.021298990000002,3680.0,3300.48,188028.16000000053,209652.02249997997
Crow Tribe of Montana,0.10599999999999998,0.16299999999999998,3.1099999999999994,4.563999999999999e6,0.15623931222115042,0.24569197695909978,3.177054387284383,1.7933871456790003e6,0.894,0.837,0.8437606877788496,0.7543080230409003,0.19134058244769456,0.1910865717519425,0.058324627073202955,0.11328496029828516,0.0318732921637343,0.14205018070923206,0.14034257400606834,0.0017646743814222847,0.1008469472328812,0.0406035668442996,-4.894043527752577,-2.6363115695670105,1.5713631159587629,6.8097365403505155,10.998396332474227,15.31386024845361,20.997938144536082,19.024513170309277,13.413172967216495,7.433562428453608,0.17983963362886599,-5.047193585494846,6.930402825298968,2.8080215814742266,1.6554014198350517,2.129362036659794,2.0907898630927835,1.7671173758659793,1.1274423614948452,3.6175438876288655,1.6569801464329894,2.277847012484536,1.9944692118865979,3.701431854670103,3.025963404010309,2.3210308460618556,11.167697593608247,7.688774341443299,20.05040091546392,27.324284078762883,72.03711340206186,51.802405494948445,26.009965632164946,34.6090492543299,39.96987399659793,24.41030927989691,15.873539519793816,9.188888889,28.34435853216495,8.832180164484535,5.81921025756701,18.950222759072165,12.972213943814435,31.233744731752576,30.496500028247425,22.847636349072165,33.245491575670094,28.468100659690727,13.78904557257732,6.296109567463918,5.830832796999999,18.23177403752577,-5.540000000199998,-1.2077777778999998,1.6999999999999997,7.196666666699998,11.974444444300001,17.417777777999998,20.388888889999993,20.257777777999994,14.567777777999996,9.835555555999996,0.28,-4.322222222199999,7.712407407599999,2.6469750824999996,5.149034985599999,2.266953359699999,2.5959705260999995,3.5265118471999997,3.9614034386999997,2.9799169288999994,3.5262504851999994,2.4606674664999995,4.7320327562,4.755469527499999,4.965425936699999,3.6305510283999993,15.838888888399996,15.656666668000002,27.524444444200004,37.51555555599999,70.411111111,50.45333333299999,27.983333333999997,36.816666667,27.517777776999992,29.986666665999994,30.806666665999995,13.918888889199998,32.035833335,7.9949963013000005,11.066787984899998,22.452585315199997,28.440287665999993,33.446625169,25.427694287999994,15.982037075999997,46.50403662299999,15.129847346999997,16.235129991999997,38.301684237299995,11.470751892599997,22.704371991,200.0,179.37,188028.16000000053,209652.02249997997
Confederated Tribes of the Grand Ronde Community of Oregon,0.14908782240615723,0.22924772374291122,3.192477237429112,7.8029307835619645e6,0.11133206421880118,0.16516983945299707,3.3808682339829677,6.484871961505077e6,0.8509121775938427,0.7707522762570888,0.8886679357811988,0.834830160547003,0.3641453240715232,0.3569866663834109,0.0009999999999999998,0.14682462437100846,0.23657575900060263,0.43307982020641783,0.38514582882159737,0.0010000000000000009,0.30186771556228537,0.42288027800832795,7.245380117200003,8.890565302108774,10.759259260154389,12.042729042877196,15.451345028912286,19.38557504726316,19.478518520631585,23.79185185175439,19.004483429824564,16.729200780912283,10.07551656746667,7.7203118909438615,14.214561403894741,2.729765382870176,3.343910260154387,2.0446826911649123,2.3754445447192993,2.823199546705264,4.896310225982458,4.060956290098246,2.3799410584456147,3.852376312670177,3.161915133880703,2.56221882245965,1.996062317277193,3.0188985489087727,157.87290447684214,127.14432750421057,100.27407407666671,72.2654191034386,47.15824561326317,18.360389865052632,3.1348538010807028,3.754736841978949,17.319610137649125,49.47150097505264,57.703001948210535,170.85676412491233,68.77631903971931,117.08936887936848,128.67307493936846,70.3979332320351,65.12492376603511,33.011640573614045,19.773972081964917,4.059629553694738,6.589510359077195,22.643350895894745,40.72586183673685,57.2069060926316,157.15292784491234,60.204091671578965,3.688888889,5.122222222,7.155555556,10.26666667,12.01111111,14.988888889999998,17.92222222,17.37777778,15.3,10.51111111,5.977777778,4.222222222,10.3787037,5.599206293,2.986125323,1.406334874,3.506779149,1.7531717289999997,3.335207806,2.81415075,2.347753063,1.385640646,3.286124026,3.124411056,2.673844506,2.851562435,222.56666669999998,144.4222222,142.8222222,89.33333333,70.64444444,66.87777778,18.16666667,20.71111111,46.05555556,120.93333329999999,203.6777778,253.3888889,116.6333333,103.84198329999998,82.00258804,33.72946701,48.28397766999999,33.79508511,24.02299824,22.71508309,16.21476522,25.47101839,55.11887154,99.68117647999999,108.7163447,54.46611323,637.49,571.73,188028.16000000053,209652.02249997997
"Paiute-Shoshone Tribe of the Fallon Reservation and Colony, Nevada",0.11622256255356948,0.13636074724259734,2.9561141887009734,9.121782384302506e6,0.126,0.181,3.4,1.736e6,0.8837774374464306,0.8636392527574026,0.874,0.819,0.2753542556703403,0.270155309530538,0.005339152440187298,0.2168294233174714,0.0782002643390589,0.0341735986017964,0.029825658187605547,0.0009999999999999998,0.018394364525715624,0.0009999999999999998,-1.2279549448003622,0.6296056230808916,3.4426554894726453,8.199285570170593,12.28820326749027,18.40833981458126,21.68200386122892,20.890358079035504,16.77903955324863,10.261489931969662,2.96592630963028,-1.4985077636310589,9.401703732596577,2.9920854703466406,3.875306888357012,3.3944201225377215,2.962296819075704,3.3036776524503484,3.389686224555354,2.9232428704902778,3.4307805615211295,3.520642752866215,2.863637150107856,3.8698146487954337,2.7529003732258213,3.273207627891884,33.189266269141804,29.995016276481703,53.3348601380373,41.21914556458647,54.40652781418719,30.1227090717656,33.171186586260795,26.989974937316028,25.278515254353888,27.32981591915996,36.78084003162043,39.16069484049519,35.914879392219326,23.818740017609535,19.24855431593725,29.513679685296854,21.452324942919347,29.490847199668124,19.669671709393302,28.49406230779672,24.148858891457074,18.73473780362793,21.402302072421556,35.527155910907446,37.89629647229451,25.783102611122608,2.5425298360376223,4.329558363867892,7.88071031990494,11.369867256585298,15.347721615933374,20.834635268744975,26.14563150224871,24.60400472216255,19.981131535246988,12.802106069304996,5.491339587831705,2.8517646307458357,12.84841672607984,2.8609480766657094,2.343262846905227,3.2105515562978177,1.8721701153012638,2.1934517078506603,2.122858057722286,1.5839349819494544,1.5236708710112006,2.2884590053294085,2.360364362020678,3.9723907829035046,3.1892260537762787,2.4601073681453194,17.801183865129236,17.496509031677196,14.966424148645892,20.854805667225737,25.55081690071798,8.316609228246698,12.48251004935382,9.448519369554855,6.569730040042218,11.446445207504308,12.724181508219415,17.24853532784032,14.575522531861,11.475660580255601,10.14096069607984,19.234158519035034,17.554546398380243,16.841534220893166,12.475342052946583,19.468453853446295,17.471598345901782,7.547168664542792,13.364846498391731,12.447381511137278,16.139133074562032,14.513398699767375,8720.209999999997,7820.9,188028.16000000053,209652.02249997997
"Kaw Nation, Oklahoma",0.12346172329798906,0.19713351340802632,3.125694223299236,537167.627958682,0.1572025342021524,0.2475822789458459,3.078987237184675,3.812518868809298e6,0.8765382767020109,0.8028664865919737,0.8427974657978476,0.752417721054154,0.6342209410831775,0.545735237632845,0.1428208401469957,0.6270501731034077,0.5203407808570476,0.4384815857878812,0.39364080066475143,0.3051784800557644,0.41531873052694734,0.3356202459152568,-2.307092082313879,-0.1722615923029531,6.497661854769787,11.877157699372058,16.775649606533456,23.50497812770177,26.35864610741635,25.466681977815963,20.878176946215575,13.43878390283761,5.441236876549311,-1.8176848205659457,12.161827883844499,2.4014569507666357,3.2157525620193934,1.5166994462485244,1.6404100152689967,1.7586511768947841,1.5635522682857292,1.4852785130318906,1.9318902747797269,1.7678450582903535,1.6181600185941938,2.8573319683074807,2.83291916115207,2.0491622844724424,21.65787073471655,19.76001968382483,61.54292322807675,54.369281495883854,112.61585193492914,103.68348971954723,90.37610126882983,86.45348534687011,56.7397451880246,40.61099081453151,30.75413385813488,20.575692257586603,58.26163212844386,11.314092365472742,15.176787392321552,33.171747191807086,24.350969018706706,65.17445380312303,45.13560523023625,45.49474052953642,41.44772906382582,33.26737549706007,26.17831027233662,22.68512873349901,20.17688623841833,31.964485445325817,2.6055555554999996,4.399999999999999,10.584382177196996,15.530817768049246,20.079351044203495,25.977777779999997,28.405555554999996,28.272222219999996,23.832782269493066,16.772222224999997,9.794444444499996,3.02125328770871,15.77303036317959,2.192049267,2.8467459364999996,1.375409552453774,1.3943296068574083,1.102995816433708,1.5461411084999996,1.4531096855,1.7075719259999997,1.517713316756704,1.3516941894999996,2.0105198664999993,2.7782618706972046,1.7730451788460666,43.32777777999999,47.822222225,86.69999999999999,88.02222221999997,141.86111114999997,149.3777778,106.43333329999997,94.77222222499996,76.67222222499998,73.87222221999998,49.67222222,44.81666666999999,83.61250000499999,25.989375079999995,34.83180871999999,47.60368078999999,40.102691695,81.49107882999998,76.73613896999998,58.851854724999995,64.37513860499998,49.79214945,50.7357575,47.12872787,39.522306015,51.43005902499999,21174.409999989995,18990.600000000006,188028.16000000053,209652.02249997997
Quapaw Nation,0.17800000000000002,0.23600000000000004,2.8200000000000003,1.0849000000000002e7,0.1457554589727914,0.21181380233662359,2.864576473087522,2.4870018109975327e6,0.822,0.764,0.8542445410272086,0.7881861976633764,0.24730507364576437,0.24573030608981533,0.17041733053898714,0.16052293818850308,0.18420334587116677,0.44931690071197544,0.3877984213366738,0.3990737959707061,0.38030171611103697,0.43664698538061997,-0.9240740743181818,0.744444444,2.438888889,6.815824915909089,12.10269360242424,16.844444444999997,20.74932660181818,20.032828281969692,18.633333335,11.213636362272727,2.091750841833333,0.7499999999999999,9.291091470560605,3.353346491439394,4.628744729999999,2.949976438,4.005112783181818,4.81505335390909,3.9101405475000006,2.1736623574242424,1.656723653590909,5.1731814074999996,4.357285394212121,2.7551073154696972,5.285368372,3.75530857060606,37.29225589060606,68.87895623060605,41.57777778,20.666666669999998,51.18585858833333,27.655555555,35.989898990757574,30.498821545454547,14.288888889999999,19.90303030469697,43.06936027212121,32.19478114621212,35.266820988030304,25.51857193030303,57.494903147575755,31.02203966,12.826242629999998,31.318204848636363,32.23645081,49.013231360606056,36.43621655818182,11.857784995,13.726897935151515,40.60753609181818,39.91292396393939,31.830916996969695,2.366666667,4.044444444,10.13333333,14.76666667,19.06666667,24.655555559999996,27.03333333,26.93333333,22.766666670000003,15.62222222,9.455555556,2.644444444,14.95740741,2.752271789,2.831126592,1.3937359860000003,1.220655562,0.9165151389999999,1.4604032929999997,1.533786165,1.503329638,1.607793519,1.170232645,2.295163998,3.22765825,1.826056048,70.84444444,67.93333333,110.95555560000001,99.27777778,181.7666667,125.4333333,85.38888889,83.27777778,101.5,81.12222222,91.97777778,75.38888889,97.90555556,45.5720888,47.98484136,54.46395852,41.91061255,82.35030358,47.23314514,55.21570077,62.81589723,51.08125879,60.68959503,80.40044741,74.14164559,58.6549579,164.59,147.62,188028.16000000053,209652.02249997997
"Moapa Band of Paiute Indians of the Moapa River Indian Reservation, Nevada",0.10548749803997587,0.14002187308452188,3.2267187522273,5.564305781286961e6,0.128,0.193,3.31,1.53292e8,0.8945125019600242,0.8599781269154781,0.872,0.8069999999999999,0.0771503551655004,0.07642872424151516,0.02290521212062706,0.028238450839706043,0.0009962356930682717,0.04384992114807813,0.02785907901946148,0.027968929147709924,0.012151047392407362,0.0013076223985035325,7.136679438117244,10.987918262043681,12.214201789885058,14.833946359126443,17.95126436712644,22.830498085563224,25.05724138075863,24.96546615593104,22.01887611903449,18.17297573627587,11.079386970436783,7.585644955342528,16.236174967310347,3.6478860350873568,1.7206831333448283,1.7901684525379316,2.44332967170115,1.921398102052874,1.5466633622022994,2.362426586993104,1.206559857144828,2.032896829917242,1.5297821568666672,2.0835536405034487,3.073475384009196,2.113235267875863,95.85083013273567,69.11026819910347,53.64541507071266,41.185466155172435,22.113435504298856,2.9125415071264373,1.2854916988000002,0.8481736909149427,2.785108556696552,19.268352490045988,32.43803320485058,77.58819923381608,34.91927628811496,72.31982213289658,49.05857062326438,37.240987546229896,24.81764424531035,16.28859730772414,3.7747165227816106,2.249153954763219,1.4438403184137938,3.656072706535633,21.935596968160926,38.983903050252884,71.16939000524138,28.578191280643686,4.833333333500001,8.5777777775,9.7111111105,14.07777778,19.749999999999996,25.994444444999996,27.66111111,27.005555555,22.733333329999997,17.677777775000003,10.65,6.5,16.264351855,4.7765262185,3.0679914040000003,4.3779993919999995,5.564739464500001,4.333569431,4.1681959795,6.614044380999999,5.763870188,5.475535214000001,3.8200734499999998,4.347764513,4.759230838500001,4.755795039500001,39.066666670000004,39.83888889,15.577777775,10.7111111135,12.794444445,7.300000000000001,26.383333334999996,14.777777780000001,9.855555555499999,16.52222222,15.533333333499998,9.394444444000001,18.146296295,25.49746454,40.96130471,12.21044985,13.003269415,24.763606995,12.962201932,39.0131248,12.48503673,10.2502519765,14.228328145,31.502566769999998,12.95346549,20.819255945000002,958.9399999999999,860.01,188028.16000000053,209652.02249997997
"Confederated Tribes of the Coos, Lower Umpqua and Siuslaw Indians",0.14908782240615723,0.22924772374291122,3.192477237429112,7.8029307835619645e6,0.15052103830208086,0.21869448894458618,3.4409310397131705,3.677172407329867e6,0.8509121775938427,0.7707522762570888,0.8494789616979191,0.7813055110554138,0.3641453240715232,0.3569866663834109,0.0009999999999999998,0.14682462437100846,0.23657575900060263,0.36410164749946383,0.3344476104547499,0.009678306165172788,0.27414436820918253,0.363938023255845,7.245380117200003,8.890565302108774,10.759259260154389,12.042729042877196,15.451345028912286,19.38557504726316,19.478518520631585,23.79185185175439,19.004483429824564,16.729200780912283,10.07551656746667,7.7203118909438615,14.214561403894741,2.729765382870176,3.343910260154387,2.0446826911649123,2.3754445447192993,2.823199546705264,4.896310225982458,4.060956290098246,2.3799410584456147,3.852376312670177,3.161915133880703,2.56221882245965,1.996062317277193,3.0188985489087727,157.87290447684214,127.14432750421057,100.27407407666671,72.2654191034386,47.15824561326317,18.360389865052632,3.1348538010807028,3.754736841978949,17.319610137649125,49.47150097505264,57.703001948210535,170.85676412491233,68.77631903971931,117.08936887936848,128.67307493936846,70.3979332320351,65.12492376603511,33.011640573614045,19.773972081964917,4.059629553694738,6.589510359077195,22.643350895894745,40.72586183673685,57.2069060926316,157.15292784491234,60.204091671578965,6.0925925926666675,7.303703703666668,7.862962963000001,10.337037036666667,12.32962963,15.118518516666668,18.33333333,17.144444443333335,15.444444443333335,11.366666663333335,6.937037037333334,5.859259259333334,11.177469133333334,3.174116080333333,2.7816783926666666,1.7994002596666665,2.1413567383333336,1.4915599563333335,1.5363296773333333,2.9746129636666665,1.344051392666667,1.667207101666667,4.067148433333334,3.125364775333334,2.814123319666667,2.4097457576666668,220.01851853333335,133.00370373333337,133.83333333333331,93.57407407333334,71.83333333333334,60.91851851999999,21.68518518666667,23.27777777666667,44.4,121.85925928666667,175.92962963333335,233.67777776666668,111.16759261333334,144.85628673333335,69.11931129333333,57.914937300000005,58.967199576666665,30.218017016666668,27.454292413333334,20.857042196666672,20.09591186666667,33.68364604,63.071200440000005,89.54131367000001,122.35625580000001,61.51128453,637.49,571.73,188028.16000000053,209652.02249997997
"Comanche Nation, Oklahoma",0.143,0.232,2.91,4.61e6,0.15417272847713565,0.22468347597770927,3.0477013602700693,2.171014247603054e6,0.857,0.768,0.8458272715228643,0.7753165240222908,0.19001397072791695,0.1364425103182149,0.1874140241288164,0.043025602172161254,0.0009999999999999998,0.4091458790155211,0.3455394784186893,0.28799756205236104,0.4008642539774979,0.3140104672172517,6.789491817511628,6.766322135922481,10.449009474573643,14.455641687674419,18.072523684263565,24.391645129612403,26.594659776589147,23.755469421782948,20.15142118860465,15.731782942403102,8.744788975077519,5.008871662302326,15.07596899131783,2.3494829430465116,2.2009679635736434,1.5978208773565892,3.0311199004263565,3.1200177221085275,2.0067615263720935,4.265218280379845,1.9630826008449611,2.6442412363178294,2.7161679738992244,3.691863765356589,2.7677894881627907,2.6962111899457364,21.227045653643412,14.929026702790699,18.94806201604651,10.235055987209304,17.075366066511627,27.313953488914727,58.413264423875965,60.409388461550385,54.526442718449616,40.64633936209302,15.640051680155041,10.577433244961242,29.161785817906978,18.922026519457365,13.106224324651162,12.665788424573643,9.362806159496126,21.068786331782945,26.71807321131783,37.58294128403101,33.443599810465116,62.850209892713174,33.72768873341086,17.57945895782946,8.494513076465116,24.626843062093023,5.119513446008077,6.917289677559289,11.840198214299724,16.54598447478544,21.422527828608118,26.845436365285085,29.0559302645536,29.016353127500196,24.700267833346604,17.612949016665517,10.985242274454107,5.113181653310217,17.09790618020887,1.918527267683623,2.5818562735499504,1.2613704462050825,0.9835182581551035,1.1828036796633048,1.5466154426005447,1.3846478292670636,1.227753422768372,1.4909444910446021,1.046063416051657,1.9304049382446276,2.2995255821592893,1.571169253940441,41.1515981804283,39.4490962709865,70.924488033773,69.84315847740811,129.8581591578833,107.29316037804918,77.91130895743512,60.14271127912834,73.1575303764218,72.6041071784039,39.22157025516392,32.80231731716672,67.86326715496513,18.99351000798135,25.640381913599832,46.55934404479202,39.916669821523875,102.22792725944804,57.72053016891323,51.72800678683402,52.51356331086574,47.001865512579585,55.7749726312224,40.34453887556456,23.79046945743085,46.85098165132752,320.0,287.0,188028.16000000053,209652.02249997997
"Agua Caliente Band of Cahuilla Indians of the Agua Caliente Indian Reservation, California",0.10726102456422076,0.15488813232961968,3.11342412044564,1.4107908488167524e8,0.1,0.146,3.15,1.26963e8,0.8927389754357793,0.8451118676703804,0.9,0.854,0.15164238026920607,0.15164238026920607,0.09067502844959051,0.09818222764480063,0.05224222019880904,0.032189206990478246,0.027513679391934425,0.011900729538034775,0.018900619002625598,0.0027039200041031803,10.28888889,11.26666667,10.86666667,13.15555556,15.01111111,17.527777779999997,19.01111111,19.6,18.67222222,16.5,11.855555554999999,10.227777775,14.498611115,2.143271124,2.001874122,2.173706512,2.808073677,2.602616205,1.7939739849999998,1.8857653909999998,3.630771268,2.8889098985,2.815581645,1.86897431,2.022534224,2.3863376969999996,123.8,105.0666667,84.9,34.72222222,14.36666667,3.144444444,2.322222222,3.3555555559999997,2.4000000000000004,12.23333333,24.92222222,49.483333335,38.393055555,109.3620249,127.0815781,71.94628204,24.46220441,10.02210058,5.100517403,3.652320419,5.364259294,3.3468033655,18.82876788,40.17448748,78.65190436500001,41.49943752,9.172222222,9.338888887,11.405555554000001,13.68888889,16.76666667,21.572222225000004,25.394444445000005,24.994444444999996,22.47222222,16.238888890000002,11.0444444465,9.361111111000001,15.95416667,0.8384270014999999,4.1063181835,1.317072312,2.0329989074999997,1.9684879149999999,2.3559641335,2.4302985905,1.9358716395,1.417287319,3.028219901,3.6607816580000003,1.4878854225,2.2149677490000004,93.55555558,68.850000015,45.0,24.033333335000002,10.7444444435,1.3611111115,15.311111115000001,4.7055555555,6.95,14.705555558,22.161111115,26.238888890000002,27.801388890000002,93.75435748,87.34097877500001,42.61166339,22.424751825,13.141054024999999,1.7320787055,26.457179655000004,6.5406278185,11.226741525,21.621841965,43.039232254999995,42.536305635,34.368901085000005,80.36,72.08,188028.16000000053,209652.02249997997
"Tule River Indian Tribe of the Tule River Reservation, California",0.13213126148290957,0.19777500682017968,3.3755756592895962,2.1489277823634226e7,0.159,0.239,3.1000000000000005,3.8373e7,0.8678687385170905,0.8022249931798203,0.841,0.761,0.25096745045094043,0.2471094359178733,0.13037318646394505,0.14560640673038042,0.10392497033136591,0.20277578997696694,0.20277578997696694,0.038104564251400644,0.040199490131231905,0.06665609297435791,8.420156072420795,10.434573023500212,11.396307271935683,14.152623434832103,16.799878171355743,20.928529329459156,23.978772163278975,22.70072603251886,20.75454635300635,17.23205577796531,10.77985874417884,7.706786190495029,15.440401047637272,1.7621595628574585,1.891568511214697,2.238104479981773,2.197756445816711,2.251924561418875,2.7679862065756393,2.688157228883388,2.4995932275457093,2.511970538729882,2.1526570977658883,2.1876383253613856,2.2776589641191256,2.285597929245515,112.1617013265608,84.1568610998147,67.48071319154833,42.08958528949616,23.61845870179283,7.729800299576672,2.628363049699358,2.6620799788482725,5.795352398042817,25.220916679414994,39.42616683943694,93.83072224591194,42.23339342522742,91.59564943723657,70.0502539665609,57.78400922840859,28.71698887476066,17.40837356349784,9.105072207306106,4.963788242904423,3.4385575126012706,5.938513245777737,28.36257927319837,40.264927002579604,79.35285892483172,36.415130956495744,6.683333332999999,6.2333333335,9.394444443000001,11.799999999999999,15.11111111,20.083333335,23.394444445,22.483333330000004,19.35,14.033333335,7.827777777999999,6.338888889,13.561111110000002,2.9480220075,2.933840869,2.4987617639999997,1.80298728,1.3385208955,1.9098264444999997,1.7257281039999997,1.3665049885,1.10766658,2.577456837,4.2946172465,3.30453975,2.3173727305,111.95000001999999,72.516666665,60.205555555,35.60555556,19.238888885,8.805555556000002,6.1,5.422222222499999,6.411111111500001,14.4,25.522222225,59.505555554999994,35.47361111,72.27791619,50.04293539499999,52.02112069499999,24.408174285,17.73524733,13.001056629,11.140103909999999,9.2517943855,8.6974503345,14.843905955,40.757860429999994,56.6284895,30.900504585,11040.000000010003,9901.319999999998,188028.16000000053,209652.02249997997
Te-Moak Tribe of Western Shoshone Indians of Nevada (Battle Mountain Band),0.1176580092158149,0.13587119723913002,2.919930110160003,9.59747285727066e6,0.098,0.188,3.41,323000.0,0.8823419907841851,0.86412880276087,0.902,0.812,0.3029713603504904,0.29714855926794354,0.0028915532366557833,0.243107093007038,0.08895762953426906,0.011608455990506743,0.0029131580877763156,0.001,0.011608455990506743,0.003013589963581764,-2.291255925679722,-0.6871290344143778,2.3276284173863284,7.35589648682877,11.568322619231457,17.846201051320897,21.25294824433959,20.372335865870873,16.112958633869088,9.255792583964654,1.9345541917311544,-2.6532729397717754,8.532915016319418,2.9087209917779098,4.149199738570433,3.5983504195716023,3.028267219165699,3.4793911546195266,3.6239687918036303,2.9945330760195823,3.713520481568969,3.709762997308887,3.033194988231739,4.096881726120696,2.712149312533026,3.420661741453248,25.223813235634168,25.02273848970782,53.29538281608715,41.22342684544423,58.511581921376475,33.58162867744015,37.224452885514374,30.313085265248432,28.13784661422564,28.354578219471115,37.33289174688785,34.275842587107,36.041439108842845,17.653348223293417,15.459145463310952,28.531394787720647,21.024530116344256,31.169099304576314,21.69021686023381,31.83027947131797,27.035090065996535,20.651517265122774,21.334510348386935,35.08773890166867,33.66666593844541,25.427794729403896,-0.9888888889999999,2.433333333,3.966666667,9.033333333,12.16666667,17.72222222,21.91111111,21.14444444,15.522222219999998,11.14444444,2.444444444,-1.455555556,9.587037036,2.580912845,4.294182111,1.299038106,2.970269348,2.153485547,3.286250819,1.645785864,1.663663962,1.65058912,3.572852891,2.22323588,2.946655354,2.523910154,35.05555556,22.53333333,29.866666670000004,23.12222222,50.57777778,20.35555556,13.16666667,18.46666667,10.35555556,19.32222222,25.47777778,37.15555556,25.45462963,19.90302183,14.8118196,16.47482929,18.2109018,22.81840144,14.471187850000002,19.89830395,32.36155126,8.578186159,17.57140986,14.3530291,23.21223336,18.55540629,15522.54,13921.78,188028.16000000053,209652.02249997997
Kiowa Indian Tribe of Oklahoma,0.143,0.232,2.91,4.61e6,0.15417272847713565,0.22468347597770927,3.0477013602700693,2.171014247603054e6,0.857,0.768,0.8458272715228643,0.7753165240222908,0.19001397072791695,0.1364425103182149,0.1874140241288164,0.043025602172161254,0.0009999999999999998,0.40719452731501765,0.34272610285526245,0.2879520983298383,0.39880402378087426,0.31005005039948613,6.789491817511628,6.766322135922481,10.449009474573643,14.455641687674419,18.072523684263565,24.391645129612403,26.594659776589147,23.755469421782948,20.15142118860465,15.731782942403102,8.744788975077519,5.008871662302326,15.07596899131783,2.3494829430465116,2.2009679635736434,1.5978208773565892,3.0311199004263565,3.1200177221085275,2.0067615263720935,4.265218280379845,1.9630826008449611,2.6442412363178294,2.7161679738992244,3.691863765356589,2.7677894881627907,2.6962111899457364,21.227045653643412,14.929026702790699,18.94806201604651,10.235055987209304,17.075366066511627,27.313953488914727,58.413264423875965,60.409388461550385,54.526442718449616,40.64633936209302,15.640051680155041,10.577433244961242,29.161785817906978,18.922026519457365,13.106224324651162,12.665788424573643,9.362806159496126,21.068786331782945,26.71807321131783,37.58294128403101,33.443599810465116,62.850209892713174,33.72768873341086,17.57945895782946,8.494513076465116,24.626843062093023,5.119513446008077,6.917289677559289,11.840198214299724,16.54598447478544,21.42208788300491,26.845436365285085,29.0559302645536,29.016353127500196,24.700267833346604,17.612949016665517,10.985242274454107,5.113181653310217,17.097869518089784,1.918527267683623,2.5818562735499504,1.2613704462050825,0.9835182581551035,1.182999615215764,1.5466154426005447,1.3846478292670636,1.227753422768372,1.4909444910446021,1.046063416051657,1.9304049382446276,2.2995255821592893,1.57118558190275,41.15159818044415,39.4490962709865,70.92448803378885,69.84315847740811,129.84177558441115,107.2931603778908,77.91130895745094,60.14271127912834,73.1575303764218,72.6041071784039,39.22157025516392,32.802317317182556,67.86190185716522,18.993149791630962,25.640478933542955,46.559582411348046,39.918334568183354,102.24389982671224,57.72040744048771,51.72840927665808,52.512775646330205,47.00251181713491,55.7754539388992,40.3446519204851,23.7930550632882,46.85272588832298,320.0,287.0,188028.16000000053,209652.02249997997
"Pauma Band of Luiseno Mission Indians of the Pauma & Yuima Reservation, California",0.10726102456422076,0.15488813232961968,3.11342412044564,1.4107908488167524e8,0.096,0.126,3.52,1.88159e8,0.8927389754357793,0.8451118676703804,0.904,0.874,0.15164238026920607,0.15164238026920607,0.09067502844959051,0.09818222764480063,0.05224222019880904,0.18907442069423352,0.18907442069423352,0.041000070323556854,0.05728466971947103,0.08737621288222253,10.28888889,11.26666667,10.86666667,13.15555556,15.01111111,17.527777779999997,19.01111111,19.6,18.67222222,16.5,11.855555554999999,10.227777775,14.498611115,2.143271124,2.001874122,2.173706512,2.808073677,2.602616205,1.7939739849999998,1.8857653909999998,3.630771268,2.8889098985,2.815581645,1.86897431,2.022534224,2.3863376969999996,123.8,105.0666667,84.9,34.72222222,14.36666667,3.144444444,2.322222222,3.3555555559999997,2.4000000000000004,12.23333333,24.92222222,49.483333335,38.393055555,109.3620249,127.0815781,71.94628204,24.46220441,10.02210058,5.100517403,3.652320419,5.364259294,3.3468033655,18.82876788,40.17448748,78.65190436500001,41.49943752,8.322222222,9.1,9.522222222,11.42222222,13.25555556,17.31111111,20.78888889,20.91111111,18.84444444,15.66666667,11.08888889,8.711111111,13.74537037,1.05921879,1.58981131,1.275517324,1.171300322,2.046406064,2.566341971,3.9186874220000005,2.803321443,1.898756903,0.8351646539999998,1.543894786,1.497034105,1.8504545910000003,111.8222222,91.87777778,64.63333333,39.97777778,18.28888889,4.055555556,10.03333333,7.466666667000001,7.555555556,17.13333333,31.366666669999997,38.54444444,36.89629629,101.571413,78.67372144,53.550863670000005,21.44048611,18.40885958,5.450484178,9.56477914,8.448964434,9.617056607,16.97836859,48.31627573,54.13340261,35.51288959,80.36,72.08,188028.16000000053,209652.02249997997
"Crow Creek Sioux Tribe of the Crow Creek Reservation, South Dakota",0.07827836016068862,0.12010688891884373,3.0129690375205205,1.4014078782771279e6,0.16571537551179194,0.24391439539265328,3.2220093056641392,396722.3200806687,0.9217216398393113,0.8798931110811563,0.8342846244882081,0.7560856046073468,0.7371834262264687,0.6511631210491929,0.0009999999999999994,0.7206100775599654,0.7105484446483044,0.3027186178074835,0.28722905703184914,0.0009815805252562783,0.2699282845130425,0.14160428392115101,-7.702823691491049,-5.749502601767218,2.373132843513774,9.150313743549589,14.917577287968316,20.962603306039945,22.976989591515153,21.844872972837468,17.27660697940083,9.610422406086778,0.9745026017982095,-7.321709519536504,8.276082159972452,2.690804611270661,3.0581306373340222,1.8256344451997248,2.106246762818871,1.5516593057121213,1.4880155800241048,0.9440852144352617,1.3894250791577136,1.821246987803719,1.6734559796260333,3.5496926670192837,3.8045845840000005,2.158581821210055,14.80430058226584,12.450910620426997,41.68598102277548,64.80951178390497,101.93244566480028,115.21980410826446,90.94928833990357,101.02939241708678,83.94514080261021,44.11913070128788,30.317623202465562,21.335958064607443,60.216623943553735,8.886116129650137,10.763212928705233,24.68398390525482,40.22366805500689,34.556045403044074,58.00391800642561,55.739841314035814,43.927265260909095,52.335199057382916,17.499482554400828,26.663161502754818,16.63749804265565,32.493282680509644,-6.566666666666667,-2.4148148149999997,2.285185185,9.555555555333333,14.381481483333333,20.36296296333333,23.95925926,22.570370369999996,17.28148148,10.859259256666665,1.2851851853333331,-5.307407407333333,9.020987653999999,3.3076588689999995,4.948760395666667,2.0054453199999998,2.5729091469999994,2.112042521,1.8636933439999999,1.546672117333333,1.7377205296666667,2.172806468333333,2.1679526549999997,4.673668561666666,6.253856305333333,2.9469321863333335,11.277777780666666,9.674074073666667,29.01851851666666,52.144444443333335,101.8,89.82222222,62.85925925999999,60.28888888666667,46.00000000333333,41.492592593333335,21.15555555333333,12.785185183333331,44.85987654333333,7.359926999999999,5.945773999999999,19.099993723333334,32.433189213333335,62.82647677666666,52.08546109333333,32.61673233,25.142487589999998,32.98299786,33.57728779,21.35205832333333,6.140285981999999,27.630222643333333,3055.14000001,2740.08,188028.16000000053,209652.02249997997
"Manchester Band of Pomo Indians of the Manchester Rancheria, California",0.0992097286693061,0.13328401699243,3.898915049308288,2.6069270231521625e7,0.135,0.19400000000000003,3.53,7.022e6,0.9007902713306939,0.86671598300757,0.865,0.8059999999999999,0.28733039015689676,0.2860647991988868,0.10610674311592844,0.10578848538251621,0.16245681659853925,0.5617350952767542,0.5617029079487761,0.004385178101309611,0.3824637808217352,0.41115917521548867,7.896946947095094,10.170470471372376,11.397786674115114,13.270559448298298,16.28154821342843,20.099805361576575,22.195323101726736,21.485168500710717,19.61885218653654,17.438894451736736,11.092069848193693,8.369019019129134,14.943037018478481,2.530094432051553,3.1363096976836835,2.116871336885887,2.8818841356176184,1.6964040078788791,2.8007148983043053,3.0390629752197205,2.9798947287627637,3.493365482568569,2.180577322642141,1.8547693866661659,1.917912923965466,2.552321777241242,174.30699588740745,110.93932265906905,100.28179291053556,43.73112000732232,35.51869091320321,7.589144699918921,1.7198531864144142,1.4230563895795798,6.58964520047698,31.87111556055056,43.99998887970472,126.33697029844843,57.02564138356857,144.44330107240245,104.2897467045846,83.61617782940444,33.320267536191196,29.413647248233232,12.048697090705708,3.5225110368033046,3.1568553934239234,7.905333834362366,39.34256423296797,39.21571949593595,119.77181654883887,51.670553170075074,8.711111111,9.544444444,10.02222222,11.66666667,13.82222222,16.38888889,17.98888889,18.1,17.1,14.211111110000001,9.5,8.244444444,12.941666670000002,1.44087165,2.395365896,1.21426704,0.543139025,1.146492235,1.303307758,1.8764623929999997,3.091116303,1.5612495,1.128543801,1.6552945359999998,2.031077984,1.6155990100000002,236.59999999999997,163.2333333,145.7,77.26666667,59.36666667000001,13.466666670000002,12.04444444,10.12222222,7.588888889000001,55.36666667,83.72222222,221.9222222,90.53333333,178.2517181,105.59235289999998,109.12205319999998,56.88055467,45.39887113,15.74444346,23.79638161,21.70511332,10.36755087,56.23088564,57.671565300000005,165.2347556,70.49968715,3035.88,2722.6800000000003,188028.16000000053,209652.02249997997
Mooretown Rancheria of Maidu Indians of California,0.14245389299207498,0.20526946496037493,3.310993911030252,1.5549871714339675e7,0.142,0.203,3.37,1.8433e7,0.857546107007925,0.7947305350396251,0.858,0.7969999999999999,0.4299007662903173,0.42426939509930833,0.19847035706935853,0.21533908133339696,0.21840953192672358,0.4389774704739537,0.4389774704739537,0.26897061040146214,0.3964033204854944,0.3416721100826077,5.703142536190795,8.439269234855216,9.321062477501679,12.743010350168346,14.839593464747471,20.824192542042645,22.812183563524126,22.213854595645333,20.346477117811446,15.13812196057239,9.133645093153756,6.225077939722782,13.978302571459032,3.5936653719506166,3.484493461463523,3.2485212998473623,3.342440642257014,3.359440506279461,3.691556896820425,3.0763873889797972,2.8846082004466886,3.0501549167777764,3.668114011063972,3.0545036991189667,2.724835869469135,3.264893522233445,134.49804215180694,97.42465395231197,87.07619403459032,41.93741114812569,33.399176954444435,14.468674396768794,15.77730390330415,16.896495822894494,11.539057239272724,35.32565157769921,51.03441825728394,124.28770420280578,55.30539863686867,126.65926685993266,83.74384004511782,73.1945785292817,31.975800433221096,24.812406698585857,15.197414661115596,23.238014829993265,18.252602701398427,13.136555106542081,41.25494591299664,54.093596671144766,116.25310860029178,51.81767758745228,7.877777778,9.300000000000002,11.17777778,14.01111111,17.17777778,21.9,23.62222222,23.75555556,20.87777778,16.81111111,10.55555556,7.6,15.38888889,1.174497528,2.285278976,1.227576655,1.863762622,1.194547799,2.508983858,3.012796781,1.703754025,1.710100712,1.676636845,2.113120389,1.716828471,1.848990388,158.6111111,102.7222222,90.38888889,43.07777778,30.155555560000003,6.266666667,3.6333333330000004,3.555555556,6.188888889,28.28888889,47.84444444,109.3666667,52.50833333,93.29652250000001,78.18309884,77.28865448,32.1743212,23.92170098,7.635279956,9.766012492,8.49869271,6.080181832,31.979190279999997,42.86193273,76.94887913,40.71953893,1613.4,1447.0,188028.16000000053,209652.02249997997
Blackfeet Tribe of the Blackfeet Indian Reservation of Montana,0.08625494844547701,0.13785490448346327,3.3169366591604397,2.060252064454588e6,0.17950383835116168,0.26195321077613354,3.194675277337018,1.2755289413522887e6,0.913745051554523,0.8621450955165367,0.8204961616488383,0.7380467892238665,0.18113528843925839,0.178319196476994,0.016214511146083525,0.10440703624865284,0.0431609990455393,0.18566467751003676,0.17953115914966009,0.001760571449829211,0.12322367742974344,0.033911655547780084,-4.739670355469016,-2.3219954939540774,1.6321598897047944,6.041985969800817,10.382914347721561,15.272440065850494,19.5047726672865,18.143769945441754,13.561802312281086,7.807565193289206,-0.6730392261647172,-4.56930851401689,6.670283066833894,2.987789722352976,2.3662316925585007,2.2244864390042896,1.5016736675245956,1.6315624749238802,1.545743918948701,2.4251947343227824,2.0343459410802214,2.672919009919468,1.961544986507135,3.5723166968583215,2.651775499056422,2.2979653985921473,49.48299963764668,14.506095368271174,31.97769462084185,37.884775794475175,78.51970262328743,63.60234262259902,30.37389851937381,33.97779767897977,37.074091842663655,35.93040860846421,27.58680355690723,18.39320810035107,38.27581824818022,100.91854391239647,11.09394115900575,17.529016389128202,20.26708301900774,37.08864785196833,37.31556633390978,20.083230778121983,21.867361066900788,24.873305424306952,18.867912251276163,13.308787199951587,14.454564581008784,28.138996664400352,-6.485714285714287,-2.9507936507142865,-0.8603174602857143,4.4682539682857145,8.860317460857145,13.28730158714286,16.874603175714288,15.195238095714288,10.850793652285715,6.849206349000001,-1.8619047620000007,-5.733333333428572,4.874470899714286,2.925335754571429,4.7792076240000005,2.479287670571429,2.4201086554285722,3.8412780722857147,5.227756565285715,3.183212205285715,3.3714378840000006,3.222619491714286,4.283425667714287,5.249413353428572,4.911048779285714,3.824510976857143,18.21428571357143,16.907936508428573,21.603174602857145,35.27619047571428,68.13809523857144,82.35079365142859,32.103174602857145,39.312698412857145,43.55714285857143,32.56031746,36.78888888714286,20.36190476371429,37.26455026428572,11.04103887357143,12.37328417157143,16.556767179,23.478581082857147,36.80904616000001,59.52308715,26.006705904285717,25.40730010571429,41.14558029857143,17.358124914285717,46.85434863571429,14.159266057000002,27.559427544285718,31271.46000001,28045.549999999963,188028.16000000053,209652.02249997997
"Campo Band of Diegueno Mission Indians of the Campo Indian Reservation, California",0.096,0.126,3.52,1.88159e8,0.096,0.126,3.52,1.88159e8,0.904,0.874,0.904,0.874,0.197,0.197,0.019,0.077,0.056,0.2020951406118248,0.20208822618021724,0.019417865809087914,0.08981718941745764,0.07548383266438899,8.087350427492307,9.72717948743077,9.705982905876924,12.05094017123077,13.198461538153847,17.465470086,20.588888890000003,19.687008548153848,20.366666670000004,16.581367518307694,11.208547008000002,8.80119658123077,13.955754983692309,1.9562673617076924,2.140767544492308,2.4788438550461542,3.2708185609538467,3.3788252351230765,4.1224752919384615,4.691600059000001,4.123474842953847,3.339161571,3.8681325775230775,1.9857398307846157,1.8478225067692309,3.100327436353846,156.09042737538465,57.85572649461538,54.256410257230776,27.79726495646154,8.935897435784616,1.8032478636923077,3.017435897046154,1.5846153843076924,6.7364102564923085,11.065641023692312,27.149401710000003,36.75555555138462,32.75400285276923,158.02291462769233,49.08026044246155,32.32853464584616,29.432832637230774,12.92953896676923,2.3092255951692313,5.614313378892308,2.302215399292308,7.067138177784616,13.39158470246154,38.276382300769235,31.923849625076926,31.889899206923083,9.266666667,9.2,11.46666667,13.48888889,16.6,21.41111111,24.98888889,24.66666667,22.46666667,16.94444444,12.21111111,9.622222222,16.02777778,1.6530275249999997,3.343276836,1.9506409200000001,1.5382168610000002,1.399106858,0.987983356,1.634353423,1.2698425099999997,1.345362405,2.9232307089999994,1.374267482,1.042566278,1.705156264,83.42222222,54.84444444,31.55555556,22.95555556,11.73333333,2.033333333,6.522222222,14.31111111,7.066666667,12.44444444,21.37777778,23.944444439999998,24.35092593,66.52747135,47.13600299,20.69728914,26.3031895,17.17192476,2.098213526,11.285474929999998,19.32611216,8.978585635,13.79303367,40.34261945,27.20579493,25.07214267,160.0,143.49,188028.16000000053,209652.02249997997
"Hoopa Valley Tribe, California",0.14428934248051975,0.20603249456558534,3.32493401372078,9.197622207978426e6,0.141,0.196,3.3200000000000003,1.0777e7,0.8557106575194803,0.7939675054344146,0.859,0.804,0.356880654429393,0.3567332118294533,0.0010726700014237378,0.07991087518905,0.13603745317730323,0.2653125706872784,0.2609301131835473,0.022041917885106364,0.09263873442663445,0.1802544020612384,6.6110849673152945,10.036052286708236,11.180287580964706,14.611450981764706,15.648627449482353,21.92969934795294,23.679503268705883,22.700261440894117,20.003189541505883,16.65320261437647,9.278535947755294,7.13071895458353,14.955217864776472,2.438677518842353,2.020655195644706,1.1427467957717647,2.1712007954117647,3.406936595472941,1.7600503369082354,2.9418397601035298,3.1395161468047066,3.2743440667929415,2.6733690461858823,2.378377186287059,2.0213290332470586,2.4474202062752948,188.61137254800002,133.46543788917648,129.2449411804706,56.958797382494105,30.947816992423533,10.35492810467059,2.932052287447059,0.5223529414352941,6.180967320329412,37.404784314729405,61.15189542404706,126.91955558729411,65.39124183127059,148.97348873835293,125.8662538470588,81.44826022484708,58.51657226510587,25.450683882376467,14.636880140564703,4.924383547854118,0.8893720260941176,7.68668697724706,43.66085612188236,47.70295583,79.79669173345881,53.29609044543529,6.7055555555,6.3277777775,7.3944444444999995,8.577777778000002,11.08333333,15.305555555000002,16.527777775,16.23888889,14.749999999999998,11.10555556,7.1777777775,6.15,10.612037039999999,1.705705461,3.6968563125000005,1.2537193755,1.924741778,1.5084786675,3.492881373500001,1.2591574125,0.8481822865,1.4962176499999997,1.844528777,1.3634213899999998,1.6344519845000003,1.8356952060000002,243.22777775,154.86111115000003,167.58333335,103.00555555,72.66666666500001,33.472222220000006,10.483333335000001,11.1555555565,15.961111114999998,76.294444445,138.36111110000002,298.40555555000003,110.45648150000001,119.79866914999998,80.7425943,77.5218859,72.38454866000001,49.151256675,26.473699684999996,12.16155968,12.9525593545,10.897566854999999,42.55641173,70.97148410500002,188.28619905,63.65820293,961.79000001,862.6,188028.16000000053,209652.02249997997
Coquille Indian Tribe,0.156,0.24,3.3,5.515e6,0.156,0.24,3.3,5.515e6,0.844,0.76,0.844,0.76,0.25140865454007344,0.22000055324826776,0.0009999999999999998,0.1477231591334783,0.24809242403257933,0.1877850777085418,0.16815576835546686,0.001,0.11008646625728041,0.1877617852605661,7.211774461164178,8.777777778,11.244112770298507,12.708623550597014,16.641791043134326,18.7,20.52537313432836,23.21111111,20.033830844925372,16.83333333,9.544444444,7.966666666999999,14.449903259402985,2.535999192791045,2.610449089,2.15163176480597,2.0097291294029853,3.013902722477612,5.31812937,3.5159417610597017,2.748383363,3.740350610626866,3.091924967,3.022048606,1.527252435,2.9404785840149255,165.16666670000004,116.31757878955223,92.36666667000001,58.02222222,38.35555556,17.83333333,3.4222222220000003,3.9444444440000006,20.83333333,45.788888889999996,52.0,166.3444444,65.03294638000001,154.0350366,144.90476509552238,54.53006051999999,47.44298625,26.44471172,21.38083254,4.667380898,7.53460535,25.67162831,31.019326409999998,53.72655303,170.2141821,61.79767240298508,4.797222221999999,6.56944444425,7.416666666749999,10.17222222225,12.12777778,15.019444445,18.6944444425,17.3194444425,15.619444442499999,11.100000000000001,6.191666666500001,4.122222222,10.762500000000001,3.68324692025,2.0867143974999998,1.6880789155,2.068871499,1.3114880045,1.1578933605,2.0403428179999996,1.3224060195,1.6983965005,2.1276172645,2.9026088404999997,3.8820117105,2.16413968775,212.63055552499998,127.852777775,140.675,97.3888889075,71.03611111,55.2527777775,16.3166666675,14.922222222499999,35.588888887500005,105.3055555575,144.4472222,219.13333335,103.37916667,136.33274057500003,64.7024190025,77.74262764999999,66.3148008,35.787758735000004,25.80723965,11.776990638250002,19.5435687125,28.797993292500003,62.26614803500001,75.4737860475,119.3129743,60.321587287499995,160.0,143.49,188028.16000000053,209652.02249997997
"Kashia Band of Pomo Indians of the Stewarts Point Rancheria, California",0.0992097286693061,0.13328401699243,3.898915049308288,2.6069270231521625e7,0.09,0.118,4.0,3.0682e7,0.9007902713306939,0.86671598300757,0.91,0.882,0.28733039015689676,0.2860647991988868,0.10610674311592844,0.10578848538251621,0.16245681659853925,0.6978316968964758,0.6978316968964758,0.001,0.25589567982858746,0.3110899084069139,7.896946947095094,10.170470471372376,11.397786674115114,13.270559448298298,16.28154821342843,20.099805361576575,22.195323101726736,21.485168500710717,19.61885218653654,17.438894451736736,11.092069848193693,8.369019019129134,14.943037018478481,2.530094432051553,3.1363096976836835,2.116871336885887,2.8818841356176184,1.6964040078788791,2.8007148983043053,3.0390629752197205,2.9798947287627637,3.493365482568569,2.180577322642141,1.8547693866661659,1.917912923965466,2.552321777241242,174.30699588740745,110.93932265906905,100.28179291053556,43.73112000732232,35.51869091320321,7.589144699918921,1.7198531864144142,1.4230563895795798,6.58964520047698,31.87111556055056,43.99998887970472,126.33697029844843,57.02564138356857,144.44330107240245,104.2897467045846,83.61617782940444,33.320267536191196,29.413647248233232,12.048697090705708,3.5225110368033046,3.1568553934239234,7.905333834362366,39.34256423296797,39.21571949593595,119.77181654883887,51.670553170075074,9.033333333,8.633333333,11.18888889,12.36666667,15.5,19.2,21.52222222,20.64444444,20.01111111,14.88888889,10.55555556,8.555555556,14.341666670000002,0.988685997,6.982120022,1.6366463,2.329699551,2.029778313,1.7392527129999997,1.859286004,2.094702312,2.091318032,4.6033804,1.029697906,1.479113849,2.405306783,256.0333333,162.6555556,137.1333333,66.02222222,46.54444444,10.52222222,9.977777778,8.422222222,6.566666667,41.9,73.5,224.17777780000003,86.95462963,204.6327076,113.3368553,111.6280207,48.97626409,34.03531663,13.04509273,14.69623913,15.48303731,10.32206375,44.66906088,56.42650087,174.8872121,70.17819759,3035.88,2722.6800000000003,188028.16000000053,209652.02249997997
The Choctaw Nation of Oklahoma,0.17278203222883756,0.20854766493864277,3.2012050013502122,4.354376209081375e6,0.1776656587601073,0.26389820821005405,2.9788105237430096,2.8900017417028975e6,0.8272179677711624,0.7914523350613573,0.8223343412398927,0.736101791789946,0.14968783347418274,0.1235120336554799,0.12768262665094776,0.08290511777631107,0.13135393056194664,0.44900197090949234,0.3583919655440433,0.4096816941955881,0.32160164015122233,0.36739919889051265,0.5709253922046109,1.0268331734308356,2.803746397772334,7.62518411770173,11.861495354956773,16.90800512478386,20.362247840115273,19.650128082925068,16.96937240038905,10.952193403789625,2.810198526793948,-1.356083893664265,9.182020493414985,5.518584070572046,5.861291444527377,3.336719490603746,4.61807188960951,3.3711383518659943,4.169748187897694,2.4450698040763688,1.675838743410663,4.298348357910663,4.080170977100864,3.3985822967838613,2.5083751518097976,3.7734948973645537,38.57553634262248,60.78784822423632,32.368043550014406,23.52936279038905,60.08413384489913,38.51165545952449,18.893627920965418,40.73491834645534,21.459638168270896,24.423358950086453,29.05083253256484,29.08390970185879,34.79190548713257,29.579867115403452,64.5536292076513,21.451819398040342,20.274110156195963,43.32152310206052,36.548390481008646,16.407556238227663,55.14166654572047,22.963061351008644,20.457038987824205,23.133883280792503,33.795382173155616,32.3023273371902,5.483333333350002,6.942222222100003,12.272777778000004,16.55555555500001,21.10388888900001,26.07333333300001,28.243888888500013,28.82611111150001,24.585555555500008,17.569444445000006,11.736111111500003,5.457222222200003,17.070787036500008,2.2132455776500004,2.7177266635500015,1.5622113335500012,1.0644291025500006,0.9627479133000003,1.383176233700001,0.9575545625000005,1.2571836952500006,1.414995840650001,1.2893853326500004,1.9352923905500006,2.565086612850002,1.610252938200001,94.44388888500005,71.67833333250005,114.33611111500007,117.54833331500005,188.17777777500012,103.09722221950008,89.78388889100003,58.34388888850002,118.19888889500005,93.94388889150004,101.29666667100007,89.61277777800004,103.37180554850006,46.742153248500024,37.55694673200002,58.80207943600003,54.05486015650002,117.72763551200005,61.39623764400004,49.06955505300003,59.59185217200003,55.16197229350003,65.43739917400003,80.86371034100003,58.35388528750003,62.06319058850003,844.06,756.96,188028.16000000053,209652.02249997997
"Yomba Shoshone Tribe of the Yomba Reservation, Nevada",0.117658009215815,0.1358711972391301,2.9199301101600033,9.597472857270665e6,0.162,0.259,3.15,3.775e6,0.882341990784185,0.8641288027608699,0.838,0.741,0.30297136035049127,0.297148559267944,0.0028915532366557885,0.24310709300703814,0.08895762953426932,0.08348620791794929,0.08178094878378717,0.013835814089295309,0.03178344043605192,0.001,-2.2912559256797187,-0.6871290344143773,2.327628417386323,7.35589648682875,11.568322619231438,17.84620105132086,21.25294824433956,20.37233586587082,16.112958633869077,9.25579258396464,1.93455419173115,-2.6532729397717696,8.5329150163194,2.9087209917779067,4.1491997385704265,3.598350419571594,3.028267219165692,3.479391154619519,3.6239687918036236,2.9945330760195787,3.713520481568964,3.7097629973088826,3.033194988231737,4.096881726120688,2.7121493125330205,3.420661741453242,25.223813235634125,25.022738489707763,53.295382816087056,41.22342684544418,58.5115819213764,33.58162867744007,37.224452885514296,30.31308526524837,28.137846614225595,28.35457821947107,37.33289174688778,34.27584258710696,36.041439108842766,17.653348223293392,15.459145463310925,28.53139478772062,21.024530116344234,31.169099304576264,21.690216860233775,31.830279471317937,27.03509006599648,20.65151726512272,21.334510348386896,35.0877389016686,33.66666593844535,25.42779472940384,1.3944444445,2.2666666665,5.0666666665,8.227777778,12.149999999999999,18.005555555,23.099999999999998,21.65,17.766666665,10.711111109,4.3055555555,0.7055555555,10.445833330999998,3.4479391909999997,2.3433110275,4.310707704,2.8644839280000003,3.306696355,3.1815174894999996,2.0178347690000003,2.1694428325,3.6324252159999997,1.2138298850000002,3.3081479340000004,3.5365433475,2.94440664,45.77222222,24.677777775,38.333333335,23.266666665,40.594444445,10.149999998,18.849999999999998,12.716666665,10.405555554,18.51111111,26.444444445000002,46.87222222,26.382870370000003,42.76774298499999,18.759103749999998,31.781874254999998,19.854111965,26.01146239,8.744383047499998,17.492800975,13.79819528,11.494438441,14.15923521,29.063594049999995,49.379571915,23.60887619,7761.2699999999995,6960.89,188028.16000000053,209652.02249997997
Quinault Indian Nation,0.151,0.236,3.45,6.339e6,0.15036638086198895,0.23592959787355433,3.485553073855064,6.225054158347681e6,0.849,0.764,0.849633619138011,0.7640704021264457,0.4344610868093936,0.3856264852812804,0.001,0.31482658744436115,0.4342069329293432,0.2243017946210981,0.19402298723479264,0.0010000000000000002,0.14264292508111748,0.2184293943287658,7.088888889000001,8.522222222,9.977777778,12.2,13.26666667,20.25555556,21.21111111,19.63333333,16.42222222,12.33333333,7.044444444,5.577777778,12.79444444,2.22229861,2.549891065,2.314507387,3.440566814,3.74866643,5.225684432,4.407506224,4.511651582,3.252990078,1.9026297589999999,1.906640443,3.073181486,3.213017859,188.3888889,158.0444444,153.3777778,81.2,76.01111111,59.01111111,7.322222222000001,18.51111111,39.87777778,123.5555556,223.45555560000003,207.0111111,111.3138889,148.5056349,107.3191748,43.34180366,67.52634671,32.81019066,40.73771117,7.839926304,31.691577920000004,29.13939678,118.25598409999999,141.9683689,107.2648177,73.03341113,4.0194444444999995,6.0027777780000005,6.1444444445,8.26666666675,10.9916666675,13.1638888875,16.541666667500003,15.02777778,13.9611111125,10.458333333250001,5.099999999999999,3.3972222222499995,9.422916667,2.8801060682500004,2.2736354675,2.0884998085,1.82234345325,1.8994027512500002,2.1382402295,3.4910304932500003,1.95483026775,1.9869189274999999,2.7243078755,3.0423970437500003,3.07960778025,2.4484433469999995,352.749999975,259.15000002499994,240.85,170.847222225,116.51666667500001,88.62777778,49.4250000025,59.3249999975,101.02222224,271.3138889,366.09444442499995,378.402777775,204.52708335,193.97525025,153.978789975,80.62501190249998,88.28195736,63.473796295,42.592395090000004,30.6903722175,43.375008655,68.591235815,178.910929875,250.85867365000001,195.377249825,115.894222575,160.0,143.5,188028.16000000053,209652.02249997997
"Mescalero Apache Tribe of the Mescalero Reservation, New Mexico",0.143,0.232,2.91,4.61e6,0.15896955935026003,0.25196384788397375,3.1796761836505105,5.611036786684385e6,0.857,0.768,0.84103044064974,0.7480361521160263,0.1670594077655773,0.1369931628322047,0.13920433751916322,0.04069142526774838,0.001,0.09073952208559775,0.08970304526505109,0.0009908126037130509,0.06937383360168546,0.043818728918729344,6.745141612254901,6.881350762721569,10.168758171274508,14.336862744,18.181568624392156,24.663050112549016,26.991851850196078,23.54366012905882,20.501742919098035,15.396339869843137,8.38901960820392,5.222657951819607,15.085167030039214,2.254886659231372,2.180950765266666,1.8199857515607842,2.9183762330549015,3.5792966025058814,2.2611647314588237,4.099565497843137,1.8933229838235293,2.9531593303294112,2.669951223298039,4.268846049274509,3.282614501007843,2.84851002757647,22.838954248352938,14.519956427294117,20.80396514160784,14.09708060972549,18.64941176498039,28.629803922392153,55.444313721882345,61.648976034862734,54.68657952431372,42.28034858305882,16.171328976313724,11.009193899168626,30.06499273486274,20.839318631607842,9.539484445760785,12.429218939176469,12.40754438137255,22.26742882627451,29.07616228560784,38.241168967450974,29.569277932196073,63.73775689509802,37.599076341294115,17.639118993137252,9.12379823022745,25.205779574078427,2.9370370370000005,4.003703703666667,7.114814815000001,11.137037034666669,15.67037037,20.559259260000005,23.311111113333336,21.00740740333334,18.348148146666666,12.918518520000003,7.155555555333334,2.6037037036666675,12.230555556666667,2.132683555666667,4.2435717376666675,1.2872812023333335,1.6705816720000002,2.334896348,2.0280504163333335,4.403691245333334,2.4646539250000004,1.781314011,1.98012546,2.207866242666667,2.8334066076666673,2.447343535,26.137037040000003,23.174074073333337,23.30740740666667,24.18148148333334,17.75555555666667,29.651851850000003,58.18148148333334,59.90000000000001,60.23703703666668,40.21851851666667,34.04444444333334,13.855555556333336,34.220370373333346,14.979782636666668,18.69728386666667,13.412911407000001,19.114486533333338,13.683746298666668,31.229610323333333,48.537134363333344,42.376067563333336,49.83983151333334,47.84701525333334,63.07491799666668,12.568508049333335,31.280107986666675,640.0,574.0,188028.16000000053,209652.02249997997
Enterprise Rancheria of Maidu Indians of California,0.14245389299207498,0.20526946496037493,3.310993911030252,1.5549871714339675e7,0.142,0.203,3.3699999999999997,1.8433e7,0.857546107007925,0.7947305350396251,0.858,0.7969999999999999,0.4299007662903173,0.42426939509930833,0.19847035706935853,0.21533908133339696,0.21840953192672358,0.23708592844598703,0.23708592844598703,0.07245737648653135,0.03255971038854934,0.09275744462843631,5.703142536190795,8.439269234855216,9.321062477501679,12.743010350168346,14.839593464747471,20.824192542042645,22.812183563524126,22.213854595645333,20.346477117811446,15.13812196057239,9.133645093153756,6.225077939722782,13.978302571459032,3.5936653719506166,3.484493461463523,3.2485212998473623,3.342440642257014,3.359440506279461,3.691556896820425,3.0763873889797972,2.8846082004466886,3.0501549167777764,3.668114011063972,3.0545036991189667,2.724835869469135,3.264893522233445,134.49804215180694,97.42465395231197,87.07619403459032,41.93741114812569,33.399176954444435,14.468674396768794,15.77730390330415,16.896495822894494,11.539057239272724,35.32565157769921,51.03441825728394,124.28770420280578,55.30539863686867,126.65926685993266,83.74384004511782,73.1945785292817,31.975800433221096,24.812406698585857,15.197414661115596,23.238014829993265,18.252602701398427,13.136555106542081,41.25494591299664,54.093596671144766,116.25310860029178,51.81767758745228,2.8,3.411111111,5.677777778,9.722222222,12.65555556,17.52222222,21.37777778,20.13333333,16.52222222,12.03333333,5.966666667,2.2,10.83518518,2.617728023,7.657585201,1.886648999,2.158574633,1.304905275,1.939573263,1.635372876,1.071214264,1.272573945,2.355313143,2.137171027,4.160228359,2.516407417,273.7888889,197.4666667,165.3777778,95.81111111,65.02222222,23.88888889,10.86666667,4.655555556,16.22222222,56.83333333,89.07777778,211.5,100.8759259,206.2260922,180.6919893,189.8937912,81.80894579,45.84244152,21.78184132,28.39784323,7.274288815999999,24.71784668,51.6183107,77.78707762,242.3994946,96.53666358,1613.4,1447.0,188028.16000000053,209652.02249997997
"Sokaogon Chippewa Community, Wisconsin",0.11309305713040453,0.218846783094808,3.006606688339989,926945.4751616595,0.12,0.213,2.91,531000.0,0.8869069428695955,0.781153216905192,0.88,0.787,0.3870364640288159,0.35265520878572026,0.0010000000000000013,0.22740496162361215,0.34025307476912825,0.4513938957380169,0.4228495501203706,0.0009999999999999998,0.2710637216160781,0.3339795733378038,-10.182518345250728,-9.124793817843365,-0.8640366259175918,6.408870705736996,12.88034937465809,17.865647122939794,20.64727579686147,19.558958372741085,14.481940384593802,7.525728943329046,-0.38916163391992986,-9.173745048694329,5.802876269126825,2.2948475979976615,2.8859171460303914,2.495562326797778,2.0780953097305663,1.4286864769357095,1.6477637550572763,1.1242225463576854,1.4257168778708356,1.8159830898445344,1.7800304489620105,2.818700153053183,4.141210137797779,2.1613946557399184,21.51881290695499,14.891239690683808,35.50937074138515,51.51752062225602,79.6204104183518,120.7511137018702,96.5803104118352,118.55723096772644,118.71943633960838,73.022131306014,51.56198454344243,29.384999030303913,67.63621339099357,11.306854351715366,6.551963511940386,17.236629990870835,16.306502253056685,21.56407439254821,33.61520055035652,42.92856059165983,45.48814518146697,56.6740182223787,29.823422459076557,30.889688621040325,18.8813422572069,27.605533532764458,-10.5472222225,-9.3166666655,-1.5083333332500002,5.2055555555,11.594444445,17.175000002500003,19.355555555,18.627777777499997,13.619444445,6.375,-0.8305555557500001,-6.8416666665,5.242361111500001,1.789696662,3.213995825,3.871922763,2.1587269934999997,1.3638728980000001,2.74129563825,1.6599574025,1.9718180490000001,3.5846219809999997,2.069961616,3.8881334489999997,11.38863948275,3.30855356325,29.625,17.005555554999997,34.077777774999994,65.3694444425,79.22222222250001,112.38333335,112.975,133.11944445,112.6972222,71.83055555499999,56.1722222225,42.3916666675,72.23912037,32.228197605,11.631409757499998,19.7574174675,40.442780392500005,30.198826025000002,45.393459039999996,43.550655,71.12148568250001,60.83124342,38.45245705,43.5312098025,34.3873473675,39.29387404999999,3680.0,3300.48,188028.16000000053,209652.02249997997
"Yerington Paiute Tribe of the Yerington Colony & Campbell Ranch, Nevada",0.10548749803997587,0.14002187308452188,3.2267187522273,5.564305781286961e6,0.13099999999999998,0.211,3.3799999999999994,3.9909999999999995e6,0.8945125019600242,0.8599781269154781,0.869,0.789,0.0771503551655004,0.07642872424151516,0.02290521212062706,0.028238450839706043,0.0009962356930682717,0.05880355923227595,0.05716093777567248,0.001,0.02450130893533595,0.001,7.136679438117244,10.987918262043681,12.214201789885058,14.833946359126443,17.95126436712644,22.830498085563224,25.05724138075863,24.96546615593104,22.01887611903449,18.17297573627587,11.079386970436783,7.585644955342528,16.236174967310347,3.6478860350873568,1.7206831333448283,1.7901684525379316,2.44332967170115,1.921398102052874,1.5466633622022994,2.362426586993104,1.206559857144828,2.032896829917242,1.5297821568666672,2.0835536405034487,3.073475384009196,2.113235267875863,95.85083013273567,69.11026819910347,53.64541507071266,41.185466155172435,22.113435504298856,2.9125415071264373,1.2854916988000002,0.8481736909149427,2.785108556696552,19.268352490045988,32.43803320485058,77.58819923381608,34.91927628811496,72.31982213289658,49.05857062326438,37.240987546229896,24.81764424531035,16.28859730772414,3.7747165227816106,2.249153954763219,1.4438403184137938,3.656072706535633,21.935596968160926,38.983903050252884,71.16939000524138,28.578191280643686,1.623921938492918,3.7627006611133145,5.852880075651559,9.65476864978187,13.438369533201135,19.741170917082155,24.62212779575071,22.79077745974504,18.058451369178474,11.622411075240793,4.920018885303116,1.0073654388725213,11.424580313569406,1.9592093351274789,2.8445463183739377,2.0718361059546746,1.4007123220849858,1.6805108336912185,2.8782539554872524,1.8241625325637394,1.5557966166288952,1.6597233010906516,1.296776395184136,2.1679482446798866,3.0304312126458925,2.030825598283286,38.69974818631728,36.28325464492918,22.683034305750706,17.800849860566572,24.364117093767703,8.942146679379604,16.676613160311618,12.276487251031163,9.05435945811898,12.753729932776203,14.57976078283286,31.82149826390935,20.49463330144476,20.918709188413597,24.921415781444757,23.685975840424927,13.501128237337111,14.286328093937678,12.38019760674221,17.60866785535411,15.429139588158641,15.318381699830029,14.4573333788102,8.24453968931728,23.392638754532573,17.012037979433426,958.9399999999999,860.01,188028.16000000053,209652.02249997997
"Los Coyotes Band of Cahuilla and Cupeno Indians, California",0.10726102456422076,0.15488813232961968,3.11342412044564,1.4107908488167524e8,0.09599999999999999,0.126,3.52,1.88159e8,0.8927389754357793,0.8451118676703804,0.904,0.874,0.15164238026920607,0.15164238026920607,0.09067502844959051,0.09818222764480063,0.05224222019880904,0.13252233140793884,0.13252233140793884,0.022676831178546072,0.03857264589785918,0.05347733223427017,10.28888889,11.26666667,10.86666667,13.15555556,15.01111111,17.527777779999997,19.01111111,19.6,18.67222222,16.5,11.855555554999999,10.227777775,14.498611115,2.143271124,2.001874122,2.173706512,2.808073677,2.602616205,1.7939739849999998,1.8857653909999998,3.630771268,2.8889098985,2.815581645,1.86897431,2.022534224,2.3863376969999996,123.8,105.0666667,84.9,34.72222222,14.36666667,3.144444444,2.322222222,3.3555555559999997,2.4000000000000004,12.23333333,24.92222222,49.483333335,38.393055555,109.3620249,127.0815781,71.94628204,24.46220441,10.02210058,5.100517403,3.652320419,5.364259294,3.3468033655,18.82876788,40.17448748,78.65190436500001,41.49943752,8.322222222,7.955555556,9.522222222,10.82222222,13.13333333,17.31111111,20.78888889,21.16666667,18.84444444,14.85555556,11.08888889,8.711111111,13.54351852,1.05921879,4.014695229,1.275517324,2.420112486,2.290196498,2.566341971,3.918687422,2.431049156,1.898756903,2.831568078,1.543894786,1.497034105,2.312256062,111.8222222,91.87777778,64.63333333,39.97777778,18.28888889,4.055555556,10.78888889,8.766666667,7.555555556000001,17.13333333,31.366666669999997,38.54444444,37.06759259,101.571413,78.67372144,53.55086367,21.44048611,18.40885958,5.450484178,9.49242388,8.96953176,9.617056607,16.97836859,48.31627573,54.13340261,35.5502406,80.36,72.08,188028.16000000053,209652.02249997997
Fort Sill Apache Tribe of Oklahoma,0.14300000000000002,0.23200000000000007,2.91,4.61e6,0.15417287040547864,0.2246837301755536,3.047701231963496,2.171015379399898e6,0.857,0.7679999999999999,0.8458271295945213,0.7753162698244465,0.16705940776557726,0.13699316283220472,0.1392043375191632,0.04069142526774837,0.0009999999999999998,0.407192546178905,0.3427241788059843,0.28795088304882616,0.3988014569565103,0.3100479408794345,6.745141612254903,6.881350762721569,10.168758171274511,14.336862744000001,18.181568624392156,24.66305011254902,26.991851850196078,23.543660129058825,20.501742919098042,15.39633986984314,8.389019608203922,5.222657951819608,15.085167030039216,2.2548866592313725,2.1809507652666666,1.8199857515607842,2.9183762330549023,3.5792966025058828,2.261164731458824,4.0995654978431375,1.8933229838235297,2.953159330329412,2.6699512232980402,4.26884604927451,3.282614501007844,2.848510027576471,22.838954248352948,14.519956427294119,20.803965141607843,14.097080609725491,18.649411764980396,28.62980392239216,55.44431372188236,61.64897603486274,54.68657952431372,42.28034858305883,16.171328976313728,11.009193899168631,30.06499273486275,20.83931863160785,9.539484445760786,12.429218939176472,12.407544381372553,22.267428826274514,29.07616228560785,38.24116896745098,29.56927793219608,63.73775689509805,37.599076341294115,17.639118993137256,9.123798230227452,25.205779574078438,5.119513331878549,6.917288894594599,11.840197332964275,16.545983403545158,21.422526416599,26.845435388096973,29.05592954780001,29.016351376618797,24.70026660476995,17.612948401723028,10.985241738396734,5.1131814946905765,17.097905326484003,1.9185276228768982,2.5818577920563555,1.2613708030702733,0.9835191210134779,1.1828052344704367,1.5466158903472214,1.3846486045711388,1.227753826460912,1.4909449169934252,1.0460640556841043,1.930405100641368,2.2995261853391225,1.5711699294514003,41.151589825242326,39.449088415828484,70.92446553647606,69.84313601133344,129.40021557730518,107.29312403151432,77.91129433084254,60.14270243734141,73.15751724208404,72.60409345834552,39.22156845588261,32.80230779882279,67.82509192780316,18.943850030574257,25.77306406085553,46.61512367312733,39.89899676606171,102.68633372813377,57.68781131047209,51.68984370993983,52.508116146097166,47.02175346760823,55.76716161370598,40.37245305854211,23.84516088289835,46.90080570390482,1280.0,1148.0,188028.16000000053,209652.02249997997
Tuolumne Band of Me-Wuk Indians of the Tuolumne Rancheria of California,0.12126018845826654,0.1778509340615079,3.5604541851994345,4.053104998826286e7,0.128,0.187,4.06,4.759e6,0.8787398115417334,0.8221490659384921,0.872,0.813,0.2467408941295635,0.24426418269289907,0.11497457962301802,0.13547434747419101,0.09353729378776077,0.5377345077081908,0.5377345077081908,0.30949566319423844,0.23041394216671118,0.33987450503981087,8.398973107299026,10.603602553487699,11.508742147960737,13.926126027308662,16.47150061254898,20.42893770491061,23.144440779447184,22.295211498263075,20.408124986532087,17.126879521409585,10.874081404284587,7.963481173616002,15.26250845988284,2.0553445358693834,2.0534575290335764,2.2448043848575767,2.199394128792532,2.2272198879790888,2.6736558644309634,2.57088722855782,2.5083382348598184,2.279795681511445,2.3767145424343954,2.3790155274977245,2.350704859609866,2.3266110338315205,117.72459045477396,79.09203626585598,73.71755979551153,43.476751618542124,22.523556229771753,6.952249122446795,3.0078618494776004,2.52280859921301,4.971121665950455,23.23084049729216,40.275993725698235,97.42834766226396,42.91030979060359,97.3926353395105,63.665357827686535,64.68347776637836,28.62842277825847,18.279074448593637,7.869234026136949,5.87811870086635,3.7941984142052223,6.206711121118408,26.47943278143781,42.31429088288343,86.53863508362097,37.644132430765204,5.477777778,6.977777778,9.733333333,12.75555556,16.37777778,20.42222222,24.55555556,24.11111111,20.56666667,15.322222220000002,8.522222222,4.933333333,14.146296300000001,1.927289403,3.4679885299999995,1.656049516,1.887532193,1.482209312,3.206157271,2.452096609,1.15048299,1.226784415,2.086131454,3.1708743969999995,4.007804885,2.310116748,172.8111111,106.6,95.12222222,63.91111111,38.65555556,6.677777778,13.08888889,8.655555556,6.955555555999999,32.06666667,49.16666667,103.75555559999998,58.12222223,122.77680400000001,90.23666106,90.2227906,38.81244789,24.854381460000003,5.649287074,23.83948639,15.655519080000001,8.300468528,41.77286799,57.22575906,89.42564105,50.73100951999999,21033.090000040003,18863.800000000007,188028.16000000053,209652.02249997997
"Ramona Band of Cahuilla, California",0.10726102456422076,0.15488813232961968,3.11342412044564,1.4107908488167524e8,0.1,0.146,3.15,1.26963e8,0.8927389754357793,0.8451118676703804,0.9,0.854,0.15164238026920607,0.15164238026920607,0.09067502844959051,0.09818222764480063,0.05224222019880904,0.38471393571988594,0.38471393571988594,0.05194267830312912,0.2735431440586961,0.23999524503283798,10.28888889,11.26666667,10.86666667,13.15555556,15.01111111,17.527777779999997,19.01111111,19.6,18.67222222,16.5,11.855555554999999,10.227777775,14.498611115,2.143271124,2.001874122,2.173706512,2.808073677,2.602616205,1.7939739849999998,1.8857653909999998,3.630771268,2.8889098985,2.815581645,1.86897431,2.022534224,2.3863376969999996,123.8,105.0666667,84.9,34.72222222,14.36666667,3.144444444,2.322222222,3.3555555559999997,2.4000000000000004,12.23333333,24.92222222,49.483333335,38.393055555,109.3620249,127.0815781,71.94628204,24.46220441,10.02210058,5.100517403,3.652320419,5.364259294,3.3468033655,18.82876788,40.17448748,78.65190436500001,41.49943752,7.811111110999999,6.711111111,9.911111111,11.67777778,14.75555556,19.53333333,22.93333333,22.94444444,20.599999999999998,13.73333333,8.955555556,7.855555556,13.95185185,1.3023483059999998,2.888963674,3.387271928,2.060811598,2.894007218,2.188035649,2.390606618,2.112528764,2.96605799,2.222611077,4.435682335,1.3519533190000002,2.516739873,140.6333333,105.8,64.68888889,37.84444444,14.06666667,2.344444444,9.711111111,10.14444444,4.988888889000001,20.16666667,34.32222222,42.55555556,40.60555555,137.0920038,126.3408881,62.27753296,20.89516159,12.03058602,2.833333333,9.158799654,21.565777930000003,8.292533456,26.6859982,55.84117607,66.24934172,45.77192774,80.36,72.08,188028.16000000053,209652.02249997997
Shakopee Mdewakanton Sioux Community of Minnesota,0.08438440533167997,0.1315554402786494,3.0102862325929576,2.7199595747099593e6,0.049,0.087,3.24,3.888e6,0.91561559466832,0.8684445597213506,0.951,0.913,0.6790268714760813,0.5913647953638643,0.0014435855260808395,0.6528544134289932,0.6322584236266406,0.717306784900286,0.593178343387606,0.0009999999999999998,0.586161300575571,0.7085450008077256,-8.270770770742873,-6.333382030526421,1.7455428401470654,8.847277006744584,14.635898059856343,20.5291967644071,22.721397071891893,21.618201985653762,16.945050456094474,9.27546194844631,0.530316803380813,-7.904398993569273,7.86164926184612,2.8590859938186024,3.0017985690642788,1.997148752802531,2.2079755615534453,1.4238392157742874,1.6597653189413195,0.9551798940280002,1.4674264303523257,1.8470873465945947,1.75891507087704,3.5512627709802764,3.9643974239666435,2.2244901957879226,14.602107513708297,12.662059356501096,41.58598328110786,59.639114790026795,99.54620837573415,111.30187485292178,93.76938019103719,99.37344912373742,88.23981548964692,45.01687092405162,34.97026215385439,22.527976624502084,60.2695918906282,10.035636442914775,9.793699941129285,26.856893801916225,35.57653865968833,35.28767116616993,52.30590612495252,49.39666304482105,41.636871289795465,61.287438657431196,17.75080108929146,28.645027255673245,18.01498072442318,32.21567734968346,-8.955555556,-6.522222222,1.888888889,8.555555556,14.47777778,20.35555556,22.26666667,21.66666667,17.11111111,9.166666667,1.177777778,-6.622222222,7.880555557,2.549073906,3.111180555,2.862885103,3.133732244,2.438635775,2.342066988,1.225765067,1.78465683,1.606583677,2.8974126389999997,2.761239657,6.984407236,2.80813664,37.41111111,13.33333333,44.65555556,66.65555556,80.34444444,123.8333333,111.6111111,109.6333333,95.21111111,63.31111111,52.422222219999995,43.98888889,70.20092592,65.63340317,8.649566462999998,31.52503414,47.82538842,17.88009446,46.58229277,44.60385198,32.75297696,58.49505202,30.89621516,61.19778954,47.09648194,41.09484559,8849.11250001,7936.52,188028.16000000053,209652.02249997997
Pawnee Nation of Oklahoma,0.1174989498672255,0.1723133442429367,2.9624287359685586,893885.371816659,0.14618498391402254,0.22125169480744056,3.1419843362500144,8.110567148906778e6,0.8825010501327745,0.8276866557570632,0.8538150160859774,0.7787483051925594,0.5484491006621072,0.4901597651489528,0.004843001291616375,0.5154786893621248,0.440157419994705,0.3509756475607116,0.29967939495812224,0.21647949002961017,0.2996911971043153,0.30502359659839334,-3.8529586607883677,-1.606944933262409,4.928821033338533,10.679805623949328,15.615775938821745,22.1094626303828,24.605990651844447,23.664920410027303,19.153408422690084,11.734899684072523,3.5144872697641705,-3.2708455552347804,10.606401875615818,2.6095285214565327,2.9715003593654563,1.8674426114465872,1.7155271587887202,1.6914500708308717,1.561823307385078,1.2317417794766818,1.5413742403409032,1.9908671521401822,1.6429974173689739,3.6468475642375093,3.191698684835976,2.1385665723763627,14.341010598709108,14.109350190245527,49.27703762323659,52.7180130229163,109.9068393463535,108.88399429215437,85.36655422589595,73.69671477190256,53.00213637701259,34.044154053718806,29.846041102948796,16.01111111153734,53.43357972645199,8.339489528619513,9.682936577889839,25.6965399071454,31.909601151288314,45.519823399942844,53.023068974521316,50.90838541696241,36.50462515604102,41.39083735380153,14.94381977310456,22.944942173426625,17.908312471481178,29.89769849071811,3.2555555556666667,4.955555555666667,10.933333333333334,15.811111109999999,20.21111111,25.829629629999996,28.277777776666664,28.30370370333333,23.999999999999996,16.825925926666667,10.248148150666667,3.574074074,16.01882716,2.167480880333333,2.724503491666666,1.3075229226666667,1.2983824066666667,1.0323844679999998,1.6181831973333332,1.473044822,1.6571298746666665,1.5030631786666666,1.2305785623333332,2.084679250666667,2.910918936333333,1.750655999333333,50.80740740999999,56.411111113333334,101.90000001,104.62222221333333,163.87407409999994,160.74814813333333,108.59259259999999,81.70000000333333,93.88888888333332,78.83703703666667,60.44074074,50.074074073333335,92.65802469333332,29.986394790000002,43.82995788666666,50.35319568333333,46.50902601333333,86.67694622333333,80.35836953666666,65.94426095,55.90027846333333,50.77729341333333,55.81000703333333,53.49869219666667,47.462556479999996,55.59224822333333,15311.039999959998,13731.919999999996,188028.16000000053,209652.02249997997
"Washoe Tribe of Nevada & California (Carson Colony, Dresslerville Colony, Woodfords Community, Stewart Community, & Washoe Ranches)",0.0935599097728277,0.14508726722612608,3.8181457828952396,1.0624154093200324e7,0.11999974112878743,0.19570689067848185,3.6718415504998516,3.2218564055717173e6,0.9064400902271723,0.8549127327738739,0.8800002588712126,0.8042931093215182,0.08690801012821664,0.0860330576629822,0.0009234352801450873,0.02230711769383518,0.0009234352801450873,0.09032807662092156,0.0868986806157957,0.015992444088003075,0.024384093206110014,0.003868201385853939,3.9691434468297215,6.222394220882353,7.873409012777089,9.493980048309597,12.175748192718267,14.620433437089783,19.120777434674924,16.655761954953558,17.4375645,11.291984862678019,6.074957000303406,5.397592019241486,10.861145512213623,3.209454245959752,2.7778137995325074,2.2589162345448917,2.375929378479876,2.900715896343653,1.887023549334365,4.69881083701548,2.4146892246315788,2.767207658510836,1.9809474020371516,3.8571437423777093,3.0885914680030964,2.851436953003096,227.39016166671829,128.67674576693497,191.1062263497833,102.19253525857586,75.40643274950465,58.51589267204334,23.440729273678016,14.224079807609906,43.05703474182663,90.2597179329102,166.84313725690401,246.73120053139317,113.98699116309596,144.96480534427243,61.75683674811145,95.76604560176472,47.84608246637771,44.35569108365325,33.54034062414861,29.05002700201238,19.823962602102167,34.438987545077396,76.41854420482973,59.13887088334365,156.3781688451393,66.95653024489164,-0.500559642851726,1.9979626488075835,2.175501478092247,6.357938753756084,9.797038295990378,15.091303530090551,20.52354901589134,19.145783810684776,13.718675723537071,9.552424070643465,2.369905048974533,-0.46279947156762874,8.313893605250708,1.744129695695529,3.0076668584816075,2.5337027186932657,2.8406855543842675,2.6478524124533105,3.323404840136955,2.863780108186757,2.0707775678053197,1.9636758441148838,1.861088796451613,2.2473651315574426,2.5972838662093944,2.475117782827957,135.37116891929827,85.95847323775892,52.55366283075835,41.488190908556874,26.859781173718165,13.939872981284664,15.286480539377477,12.271049485942278,10.562711436622525,29.248965600181094,35.92903226058856,103.34477142124504,46.90118006348614,103.89780925488398,60.83800303636106,43.319966905149975,27.406758587487264,20.26426330830787,16.94331397126769,15.49893210409734,13.379561519895303,12.439786734221844,37.182799541607245,23.495032924934918,100.85318377594794,39.62661763820034,799.99999999,717.49,188028.16000000053,209652.02249997997
Confederated Tribes of the Umatilla Indian Reservation,0.13199999999999998,0.193,3.1899999999999995,5.488999999999999e6,0.132024246659284,0.19304041109880668,3.1906465775809063,5.460324284286797e6,0.868,0.8069999999999999,0.867975753340716,0.8069595889011933,0.31738116596442834,0.31738116596442834,0.08519205317235837,0.23189323786480046,0.09329039207091298,0.3276315351426433,0.32321384186426205,0.005686861318583142,0.23271657156044115,0.15651755704478007,0.11795437803973506,2.6157468729072844,5.1009565858476815,8.952097130231788,12.808830018874167,17.585356879072844,20.655555559999996,20.831714495562913,16.009933775099338,13.32236938827814,3.852244297264899,3.127593819331125,10.415029433311256,3.3834761201125816,3.436176446867549,3.2009405055099327,2.8416416655629133,3.0371571123973506,3.883575369602649,2.6277895229999997,2.3850552042185424,2.7998795497682116,3.4666944781258273,3.444858366642383,2.883727314119205,3.115914304649006,125.71972038940395,85.83833701403971,91.03171449470196,45.19367181543045,40.49999999999998,12.69175864814569,5.96975717421192,7.857247976172184,9.458572480993379,34.196247237284766,51.84569536576157,95.24025018258276,50.4619143982119,105.24528304105958,98.43143951317877,134.68754826556292,29.669424292251648,29.291295639999998,12.508649392649005,4.978505717066224,10.436690404039732,14.185664617549666,51.30196862271522,69.21004750331123,77.75562115357614,53.141844846423844,-0.961111111,2.72777777775,3.97222222225,8.955555555750001,11.3333333325,15.166666665,20.88888889,18.6638888875,14.5583333325,8.886111112250001,1.661111111,-2.4555555554999997,8.61643518425,3.0699816172500003,2.985573897,1.7471426407500004,3.4712406869999994,1.485781379,2.14054938925,2.11262945325,1.6186336554999998,2.3997392865,2.46301746025,2.58813179075,3.13888262125,2.4351086564999997,62.230555555,33.8111111125,53.16111110999999,38.633333334999996,63.719444445,40.5472222225,20.963888890000003,11.886111110999998,31.166666667499996,43.888888890000004,55.280555555,82.2111111075,44.7916666675,54.5773524525,23.762805972499997,27.5767132475,22.524875204999997,22.472365265,20.31524407,24.106451300000003,11.036947447750002,21.6662136975,17.72316802525,34.940557725,89.55240101250001,30.854591287500003,640.0,573.96,188028.16000000053,209652.02249997997
"Grand Traverse Band of Ottawa and Chippewa Indians, Michigan",0.11309305713040453,0.218846783094808,3.006606688339989,926945.4751616595,0.091,0.095,6.96,2.32e6,0.8869069428695955,0.781153216905192,0.909,0.905,0.3870364640288159,0.35265520878572026,0.0010000000000000013,0.22740496162361215,0.34025307476912825,0.25789386336067727,0.24160597605904527,0.001,0.16259324614054718,0.25268525697318245,-10.182518345250728,-9.124793817843365,-0.8640366259175918,6.408870705736996,12.88034937465809,17.865647122939794,20.64727579686147,19.558958372741085,14.481940384593802,7.525728943329046,-0.38916163391992986,-9.173745048694329,5.802876269126825,2.2948475979976615,2.8859171460303914,2.495562326797778,2.0780953097305663,1.4286864769357095,1.6477637550572763,1.1242225463576854,1.4257168778708356,1.8159830898445344,1.7800304489620105,2.818700153053183,4.141210137797779,2.1613946557399184,21.51881290695499,14.891239690683808,35.50937074138515,51.51752062225602,79.6204104183518,120.7511137018702,96.5803104118352,118.55723096772644,118.71943633960838,73.022131306014,51.56198454344243,29.384999030303913,67.63621339099357,11.306854351715366,6.551963511940386,17.236629990870835,16.306502253056685,21.56407439254821,33.61520055035652,42.92856059165983,45.48814518146697,56.6740182223787,29.823422459076557,30.889688621040325,18.8813422572069,27.605533532764458,-6.96667,-7.51111,-0.65556,4.36667,12.23333,17.22222,19.9,19.63333,14.86667,8.57778,2.21111,-5.28889,6.54907,2.74388,2.57226,2.19905,4.1644,1.22656,2.05252,1.37921,1.32162,1.83666,1.52153,2.39372,4.01122,2.28522,50.73333,33.53333,38.51111,58.06667,71.47778,94.66667,85.84444,78.31111,96.12222,69.77778,80.42222,63.7,68.43056,12.52136,17.89792,17.81588,22.62339,18.97968,54.60191,16.71055,16.507,24.53686,26.511,34.27979,21.29136,23.68972,3680.0,3300.48,188028.16000000053,209652.02249997997
Shoalwater Bay Indian Tribe of the Shoalwater Bay Indian Reservation,0.151,0.236,3.45,6.339e6,0.166,0.27,4.87,2.909e6,0.849,0.764,0.834,0.73,0.4344610868093936,0.3856264852812804,0.001,0.31482658744436115,0.4342069329293432,0.20617756487886899,0.18796923099339619,0.001,0.13322610810689248,0.16570839547069557,7.088888889000001,8.522222222,9.977777778,12.2,13.26666667,20.25555556,21.21111111,19.63333333,16.42222222,12.33333333,7.044444444,5.577777778,12.79444444,2.22229861,2.549891065,2.314507387,3.440566814,3.74866643,5.225684432,4.407506224,4.511651582,3.252990078,1.9026297589999999,1.906640443,3.073181486,3.213017859,188.3888889,158.0444444,153.3777778,81.2,76.01111111,59.01111111,7.322222222000001,18.51111111,39.87777778,123.5555556,223.45555560000003,207.0111111,111.3138889,148.5056349,107.3191748,43.34180366,67.52634671,32.81019066,40.73771117,7.839926304,31.691577920000004,29.13939678,118.25598409999999,141.9683689,107.2648177,73.03341113,6.28889,6.45556,7.43333,8.97778,11.36667,13.55556,15.71111,15.5,14.54444,11.3556,6.92222,5.92222,10.33611,1.48357,1.33592,1.25875,0.55533,0.91409,0.78756,0.69032,0.81921,1.16057,0.93821,1.64234,1.3571,1.07858,306.8444,202.7778,189.9778,154.1778,100.8111,80.85556,27.72222,41.82222,72.5,230.8778,318.5111,284.0556,167.57778,135.96386,81.46624,20.07059,53.48896,46.2322,37.71404,15.03904,14.76503,27.17213,70.67655,109.22943,113.02838,60.40387,160.0,143.5,188028.16000000053,209652.02249997997
"Sault Ste. Marie Tribe of Chippewa Indians, Michigan",0.11309305713040453,0.218846783094808,3.006606688339989,926945.4751616595,0.162,0.208,2.99,3.1e6,0.8869069428695955,0.781153216905192,0.838,0.792,0.3870364640288159,0.35265520878572026,0.0010000000000000013,0.22740496162361215,0.34025307476912825,0.3759572959231426,0.3710199072982709,0.001,0.23574053768295786,0.3020265993972115,-10.182518345250728,-9.124793817843365,-0.8640366259175918,6.408870705736996,12.88034937465809,17.865647122939794,20.64727579686147,19.558958372741085,14.481940384593802,7.525728943329046,-0.38916163391992986,-9.173745048694329,5.802876269126825,2.2948475979976615,2.8859171460303914,2.495562326797778,2.0780953097305663,1.4286864769357095,1.6477637550572763,1.1242225463576854,1.4257168778708356,1.8159830898445344,1.7800304489620105,2.818700153053183,4.141210137797779,2.1613946557399184,21.51881290695499,14.891239690683808,35.50937074138515,51.51752062225602,79.6204104183518,120.7511137018702,96.5803104118352,118.55723096772644,118.71943633960838,73.022131306014,51.56198454344243,29.384999030303913,67.63621339099357,11.306854351715366,6.551963511940386,17.236629990870835,16.306502253056685,21.56407439254821,33.61520055035652,42.92856059165983,45.48814518146697,56.6740182223787,29.823422459076557,30.889688621040325,18.8813422572069,27.605533532764458,-8.12222,-9.08889,-2.2,4.53333,10.85556,15.26667,18.66667,18.65556,13.88889,7.44444,1.65556,-6.24444,5.44259,2.59648,3.08561,2.62213,1.84992,1.3175,1.83787,1.48099,0.91179,1.88116,1.73789,2.27015,3.57153,2.09692,63.37778,36.57778,39.41111,62.01111,61.14444,98.53333,64.15556,77.66667,108.62222,83.32222,76.85556,68.22222,69.99167,20.87618,19.03423,21.91572,32.93423,24.43523,48.17309,25.21213,27.50531,41.92872,35.90527,22.54896,31.56559,29.33622,3680.0,3300.48,188028.16000000053,209652.02249997997
