Tribe,Food_Insecurity_Rate_2018_H,Child_Food_Insecurity_Rate_2018_H,Cost_Per_Meal_2018_H,Weighted_Annual_Food_Budget_Shortfall_2018_H,Food_Insecurity_Rate_2018_P,Child_Food_Insecurity_Rate_2018_P,Cost_Per_Meal_2018_P,Weighted_Annual_Food_Budget_Shortfall_2018_P,Food_Security_Rate_2018_H,Child_Food_Security_Rate_2018_H,Food_Security_Rate_2018_P,Child_Food_Security_Rate_2018_P,nccpi3all_H,nccpi3sg_H,nccpi3cot_H,nccpi3soy_H,nccpi3corn_H,nccpi3all_P,nccpi3sg_P,nccpi3cot_P,nccpi3soy_P,nccpi3corn_P,temp_mean_1_H,temp_mean_2_H,temp_mean_3_H,temp_mean_4_H,temp_mean_5_H,temp_mean_6_H,temp_mean_7_H,temp_mean_8_H,temp_mean_9_H,temp_mean_10_H,temp_mean_11_H,temp_mean_12_H,temp_mean_ann_H,temp_std_1_H,temp_std_2_H,temp_std_3_H,temp_std_4_H,temp_std_5_H,temp_std_6_H,temp_std_7_H,temp_std_8_H,temp_std_9_H,temp_std_10_H,temp_std_11_H,temp_std_12_H,temp_std_ann_H,precip_mean_1_H,precip_mean_2_H,precip_mean_3_H,precip_mean_4_H,precip_mean_5_H,precip_mean_6_H,precip_mean_7_H,precip_mean_8_H,precip_mean_9_H,precip_mean_10_H,precip_mean_11_H,precip_mean_12_H,precip_mean_ann_H,precip_std_1_H,precip_std_2_H,precip_std_3_H,precip_std_4_H,precip_std_5_H,precip_std_6_H,precip_std_7_H,precip_std_8_H,precip_std_9_H,precip_std_10_H,precip_std_11_H,precip_std_12_H,precip_std_ann_H,temp_mean_1_P,temp_mean_2_P,temp_mean_3_P,temp_mean_4_P,temp_mean_5_P,temp_mean_6_P,temp_mean_7_P,temp_mean_8_P,temp_mean_9_P,temp_mean_10_P,temp_mean_11_P,temp_mean_12_P,temp_mean_ann_P,temp_std_1_P,temp_std_2_P,temp_std_3_P,temp_std_4_P,temp_std_5_P,temp_std_6_P,temp_std_7_P,temp_std_8_P,temp_std_9_P,temp_std_10_P,temp_std_11_P,temp_std_12_P,temp_std_ann_P,precip_mean_1_P,precip_mean_2_P,precip_mean_3_P,precip_mean_4_P,precip_mean_5_P,precip_mean_6_P,precip_mean_7_P,precip_mean_8_P,precip_mean_9_P,precip_mean_10_P,precip_mean_11_P,precip_mean_12_P,precip_mean_ann_P,precip_std_1_P,precip_std_2_P,precip_std_3_P,precip_std_4_P,precip_std_5_P,precip_std_6_P,precip_std_7_P,precip_std_8_P,precip_std_9_P,precip_std_10_P,precip_std_11_P,precip_std_12_P,precip_std_ann_P,Acres,Endow_Raised_Parcel,Total_Endow,Total_Acres
"Minnesota Chippewa Tribe, Minnesota (Leech Lake Band)",0.12689437612601057,0.17804390705498183,2.9689754438382723,2.9582938303209785e6,0.11101924624786695,0.2023349899336315,3.0734660545446473,2.0462971160739497e6,0.8731056238739894,0.8219560929450181,0.888980753752133,0.7976650100663685,0.4778338693720122,0.4277814531309507,0.0009999999999999974,0.37365955613993707,0.458919294726705,0.4418278154583395,0.41870544742507376,0.000999982210788848,0.3116068499694932,0.36699695299526924,-7.659171807581784,-7.721242525131461,-0.5762201895968944,6.2567621546863394,12.703013544073604,17.698614952502666,20.291985156999566,19.614931812396293,14.693532108596042,8.10472712660286,1.4503249899254427,-6.61096338829547,6.520524494703356,2.5218539453730084,2.8267184503130207,2.4672024663616225,1.9043660688716229,1.328726998304935,1.899034224432675,1.2322089682817476,1.360215598568283,1.6502831406876186,1.778493564225483,2.488018004168796,3.6983596276542205,2.0962900881828315,39.93308515973195,28.301479590264854,40.50709305396937,60.49814578492235,79.28359450718997,102.1681521619305,84.5077867613987,97.19601503080084,101.75223001432781,67.80453567767177,69.69210097185591,48.090438205642464,68.31122141078174,15.249203463309918,15.637549893549771,24.588028406494384,22.77629020162431,30.508095174715997,45.960317716968696,29.279841017950417,33.88213541237818,37.3696582923027,26.912412192358,34.300122841506074,20.9311217037811,28.116231359953197,-12.030158728571427,-9.344444443571426,-0.3507936508571428,6.1460317459999985,12.887301587142854,18.255555555714285,20.371428571428567,19.66507936571428,15.055555555714283,6.985714285714283,-0.9142857142857139,-10.347619047714284,5.531613756999999,2.6246656589999993,3.956737953999999,4.678823400285713,2.3482650485714283,1.398682727142857,2.7852073924285707,0.8661011159999997,2.0922188051428563,3.5560599309999996,1.9463187685714285,5.040366559142856,5.850744431142856,3.0953493161428565,24.807936507142855,15.374603174285712,32.50634920571428,38.530158731428564,76.28095238142855,103.09682537142855,107.71111112285713,94.17142856999996,75.67301587285712,64.60476190428571,52.41269841142856,26.84761904714285,59.33478835857142,19.104469444285712,5.492642019999998,15.16250371428571,29.341785517142853,49.23969661999999,34.28940501571428,65.11939853714286,44.005712215714276,34.122292229999985,27.620300549999996,34.64889197714285,16.59434525714285,31.22845359142856,20175.190000000006,12081.279999999999,89996.70999999893,150291.16000000006
Flandreau Santee Sioux Tribe of South Dakota,0.08801420285851483,0.13798579714148518,3.0098579714148515,633693.9877792826,0.107,0.17,3.11,369000.0,0.9119857971414852,0.8620142028585148,0.893,0.83,0.7837322519303885,0.709081283341649,0.001,0.7798771340105015,0.7477697502447695,0.6215867611308554,0.5385886535724088,0.001070406582138625,0.5927764869812757,0.5892292125376664,-7.549184149181818,-5.686480186090909,2.3471639472167833,9.206060606006995,14.994327894895104,20.87933178153846,22.85687645629371,21.834343436013988,17.217482515804196,9.766977466811188,1.122688422965035,-7.171561771839161,8.31816886853846,2.85584939313986,2.9307215081538462,2.059270586181818,2.0609810127412587,1.5172871553426575,1.6546860954195806,1.1031121697762236,1.4153983324335664,1.9831521526363636,1.650580442006993,3.6901330304545454,4.334265988405594,2.2712864892237765,15.354079254055945,12.54965034965035,41.940093240629366,64.56728826727273,108.72571869790211,121.35827508041956,90.80885780496503,110.0939393937063,89.20699300867132,45.39005439118881,28.980186477972026,23.783916081678324,62.72992100356644,8.949766821,11.22295954062937,25.763910562167833,36.905353676223775,41.93791482209791,61.4089681951049,51.741334440279715,47.829665443986016,48.07741131923076,18.44050459,27.835466023776224,25.738397835874128,33.820971107902096,-7.6,-6.1,1.377777778,9.3,14.74444444,20.26666667,23.56666667,21.7,16.02222222,9.7,0.955555556,-8.155555556,7.981481482,4.288647806,3.474550331,2.826118264,2.636759375,1.682342943,1.78605711,2.294558781,1.523154621,2.019144483,2.092247595,4.796642344,4.448907481,2.822427595,12.28888889,37.55555556,46.73333333,58.21111111,98.76666667,130.4222222,89.76666667,97.28888889,96.56666667,56.14444444,36.15555556,38.55555556,66.53796296,9.932326571,82.3413795,45.06656188,30.930908669999997,41.1949026,63.74536802,36.47821268,41.42050955,67.67680548,48.38830208,31.08758237,52.37766965,45.88671075,320.0,191.62,89996.70999999893,150291.16000000006
Miccosukee Tribe of Indians,0.164,0.26,2.99,1.833e6,0.11596650951115811,0.16301434926465944,3.57091153686575,1.343220238280798e8,0.836,0.74,0.8840334904888418,0.8369856507353406,0.1742206513717217,0.16405682648790743,0.12587989875262498,0.1339162868552341,0.12442678065491371,0.24200193483913107,0.241260134137266,0.023469402050923904,0.04670625994226817,0.030391912180992253,1.255555556,1.5,2.677777778,7.322222222,11.51111111,17.33333333,19.88888889,19.57777778,16.07777778,11.38888889,1.566666667,-0.966666667,9.094444445,5.731516185,6.140846847,1.196638811,5.112674882,5.194093868,4.203867267,1.96497102,1.501480751,4.7607189,5.065679728,3.034798181,1.933261493,3.820045661,39.76666667,61.6,37.08888889,30.24444444,52.47777778,48.63333333,24.41111111,51.0,18.08888889,22.45555556,30.98888889,54.43333333,39.26574074,25.08346069,49.76060189,22.97778517,21.25024183,31.04604555,80.98803924,21.73870077,68.33924568,18.86414883,18.85365423,27.17744674,69.55043134,37.96915016,16.625925926666664,15.970370373333331,20.640740740000002,21.05925926,24.407407403333334,26.151851849999996,26.299999996666667,26.855555556666662,26.892592589999996,24.07777777666666,18.851851849999996,15.248148149999999,21.923456786666666,5.991307910999999,7.760478322666667,4.216188638999999,5.711783892999999,5.5038910073333325,3.490512808333333,3.895429009333333,4.051155967666666,2.763166286333333,5.812447284666667,9.137361146666665,8.431772226,5.563791208666667,29.618518516666665,38.70000000333332,65.95555555666667,86.72222223333333,92.27037037,205.07407406666667,150.32222223333332,178.15925926666665,173.14444443333332,130.48518516666664,42.88148148,39.71111111,102.75370371999999,25.09210394666666,32.82332354,38.74209175,53.85846242333333,58.38134920333333,145.70575586666664,85.03977045333332,138.03084116666665,88.82203429999998,98.45348723333332,35.29360049,29.795050083333336,69.16982253666666,159.51,95.52,89996.70999999893,150291.16000000006
Prairie Island Indian Community in the State of Minnesota,0.0759056472229417,0.12959069312837312,3.027596797994782,1.0527529826274638e6,0.078,0.126,2.94,1.787e6,0.9240943527770583,0.8704093068716269,0.922,0.874,0.7713773342674858,0.6482524111313649,0.000994479674789815,0.7582003641290187,0.7067893748500573,0.41141266587795633,0.35816602548550946,0.001,0.20911593615487592,0.38152769519799923,-9.278158231404722,-7.702641344645527,0.917217076866405,8.412742071190577,14.592378455806909,19.975925406671347,22.377163439079432,21.164926560864437,16.388867059769858,8.895936632909637,0.5148938160696047,-8.610771197426049,7.304039978916367,2.6601823001347182,3.1260461302354794,2.294913674880158,2.4827107915610465,1.5916590628784735,1.726619546333428,1.10524099524558,1.6435346327050244,1.726713704986529,2.174767024692675,3.0742330677039034,3.9404022119200146,2.295585261963234,18.69496990783329,15.099104998621952,43.521034084847045,55.518221226034285,97.08300123148483,124.92258084705588,97.11021923026661,101.2465462969436,96.22629182180194,52.87194935659,42.93958586724392,28.155371564223962,64.44907303641315,10.922384489863038,9.183352151671345,26.36377048185799,27.751462412722443,31.883963420137537,44.44333928513334,41.13384756237442,29.379000053522322,56.665108672312684,20.35133216144822,32.275839576247556,20.54918895828516,29.241882434717944,-8.466666667,-4.922222222,1.366666667,9.133333333,14.98888889,20.42222222,22.7,22.02222222,16.13333333,9.677777778,1.277777778,-7.6,8.061111111,2.491485501,4.793166432,2.759075932,2.121320344,1.274209995,1.710100712,0.85732141,1.708638184,1.697056275,2.150452149,2.783782399,4.518296139,2.405408789,28.3,16.43333333,45.36666667,69.93333333,90.53333333,133.1555556,91.91111111,123.4888889,97.83333333,57.5,39.13333333,29.31111111,68.575,30.793099880000003,9.335684228,29.32119541,57.20131117,45.11280306,55.65772882,47.15388225,56.18955518,55.14163581,32.06091858,27.47853708,14.05315307,38.29162538,7339.89,4395.179999999998,89996.70999999893,150291.16000000006
"Santee Sioux Nation, Nebraska",0.08801420285851483,0.13798579714148518,3.0098579714148515,633693.9877792826,0.12397529083292405,0.18798058565444034,3.0701764940505427,545845.5677057753,0.9119857971414852,0.8620142028585148,0.876024709167076,0.8120194143455597,0.7837322519303885,0.709081283341649,0.001,0.7798771340105015,0.7477697502447695,0.4428393953457203,0.38454732337955627,0.001385293635017185,0.4121737207743507,0.3800840552122669,-7.549184149181818,-5.686480186090909,2.3471639472167833,9.206060606006995,14.994327894895104,20.87933178153846,22.85687645629371,21.834343436013988,17.217482515804196,9.766977466811188,1.122688422965035,-7.171561771839161,8.31816886853846,2.85584939313986,2.9307215081538462,2.059270586181818,2.0609810127412587,1.5172871553426575,1.6546860954195806,1.1031121697762236,1.4153983324335664,1.9831521526363636,1.650580442006993,3.6901330304545454,4.334265988405594,2.2712864892237765,15.354079254055945,12.54965034965035,41.940093240629366,64.56728826727273,108.72571869790211,121.35827508041956,90.80885780496503,110.0939393937063,89.20699300867132,45.39005439118881,28.980186477972026,23.783916081678324,62.72992100356644,8.949766821,11.22295954062937,25.763910562167833,36.905353676223775,41.93791482209791,61.4089681951049,51.741334440279715,47.829665443986016,48.07741131923076,18.44050459,27.835466023776224,25.738397835874128,33.820971107902096,-3.1,-0.6333333330000002,3.6555555560000004,12.01111111,16.82222222,22.0,24.42222222,23.98888889,17.46666667,12.93333333,3.011111111,-3.733333333,10.73703704,7.160830957,6.118006210999999,4.950785572,4.198346235,3.355882067,2.032240143,1.794977561,1.755309406,2.530316186,3.863288754,5.553477389,5.844655678,4.09650968,14.83333333,10.56666667,58.188888889999994,71.31111111,86.07777777999999,112.0111111,66.48888889,105.8111111,51.54444444,39.87777778,30.4,22.08888889,55.76666667,13.48601127,8.656211643,47.62770844,46.20893973,32.07903434,60.60471195,36.74375608,71.08629341,34.23145889,19.0076812,21.49581355,36.39795477,35.63546461,320.0,191.62,89996.70999999893,150291.16000000006
Iowa Tribe of Kansas and Nebraska,0.08801420285851483,0.13798579714148518,3.0098579714148515,633693.9877792826,0.13287622297396517,0.225280012498916,3.0072448015408804,607920.5320388732,0.9119857971414852,0.8620142028585148,0.8671237770260348,0.774719987501084,0.7837322519303885,0.709081283341649,0.001,0.7798771340105015,0.7477697502447695,0.6896579535056878,0.5787390560493417,0.0015824584677697382,0.619868236425538,0.6804875154135415,-7.549184149181818,-5.686480186090909,2.3471639472167833,9.206060606006995,14.994327894895104,20.87933178153846,22.85687645629371,21.834343436013988,17.217482515804196,9.766977466811188,1.122688422965035,-7.171561771839161,8.31816886853846,2.85584939313986,2.9307215081538462,2.059270586181818,2.0609810127412587,1.5172871553426575,1.6546860954195806,1.1031121697762236,1.4153983324335664,1.9831521526363636,1.650580442006993,3.6901330304545454,4.334265988405594,2.2712864892237765,15.354079254055945,12.54965034965035,41.940093240629366,64.56728826727273,108.72571869790211,121.35827508041956,90.80885780496503,110.0939393937063,89.20699300867132,45.39005439118881,28.980186477972026,23.783916081678324,62.72992100356644,8.949766821,11.22295954062937,25.763910562167833,36.905353676223775,41.93791482209791,61.4089681951049,51.741334440279715,47.829665443986016,48.07741131923076,18.44050459,27.835466023776224,25.738397835874128,33.820971107902096,-4.538888889,-2.8277777774999997,5.1333333329999995,11.427777775000001,16.555555555,22.677777775,26.144444444999998,24.805555554999998,19.455555555,12.322222225000003,4.811111111,-3.6111111115000005,11.02962963,4.0175880615,5.851064363,3.2076581809999998,3.1518510090000005,2.5524931720000006,1.74527636,2.1279009915000002,2.0758442574999996,2.8290994605,3.4384425614999996,2.8009377515000002,2.4735940440000004,3.0226458509999996,22.122222225,46.5,61.15555555499999,58.73888888999999,121.80555555000002,122.25555555000001,103.62222225000001,94.122222245,85.894444445,55.172222219999995,48.916666670000005,45.08888889,72.11620371000001,12.272704710000001,44.37224610999999,40.782768004999994,29.515865634999997,69.46719067,42.422479845000005,34.849263335,42.714615585000004,57.396360115,30.069617035,27.322523904999997,58.804075950000005,40.83247591,320.0,191.62,89996.70999999893,150291.16000000006
"Chippewa Cree Indians of the Rocky Boy's Reservation, Montana",0.13768897655794587,0.18461668585923685,2.9417424817522106,3.0862295353096304e6,0.12343523303737963,0.19176165781541438,3.171088082593449,895369.5948245387,0.8623110234420541,0.8153833141407631,0.8765647669626204,0.8082383421845856,0.46784875469109316,0.4178866828025504,0.000999999999999999,0.36646806637103096,0.45498079779691225,0.14151827746123552,0.13412407215420588,0.0015780191636411013,0.08569734383908499,0.0507085411479157,-6.852222065713353,-7.230364321640428,-0.49027797330015477,6.119038903793885,12.55608428467126,17.501439141976622,20.149091932977598,19.592741722587622,14.774721165582134,8.286548719601853,2.0962707462307475,-5.707502307262843,6.73296416255919,2.516736417147545,2.92529461581923,2.5023947188537203,1.8077306542090648,1.3147895862451067,1.9145142237143442,1.3041434493870179,1.3765930582308872,1.547547250254117,1.719799970566942,2.2642624319617055,3.5409331140996736,2.0612282910236517,45.602315141735836,31.877962362545386,40.72190154482609,64.94203544656199,78.70640417990427,97.10778544207797,80.49382264181048,94.05730754970425,101.53450028338158,68.3316439061466,76.80897899180762,53.42178891650992,69.46720386805566,16.1333112791595,18.08176083335941,23.930894286505712,23.276652703096122,28.921997691975218,47.50737814022377,28.257345873668843,31.643024714975347,34.77212970965644,26.90496460154157,34.72152209700969,20.66783535218075,27.90156810703219,-8.888888889,-4.422222222,-0.544444444,6.955555556000001,11.05555556,16.15555556,20.7,18.7,12.56666667,7.4,-1.822222222,-6.066666667,5.982407409,3.10340315,5.668725115999999,2.245613007,2.762295744,2.148319757,2.357493961,2.063976744,2.404682931,2.054263858,3.081801421,5.548373135,8.905616206,3.528713753,15.1,8.788888889,23.94444444,23.97777778,64.45555556,64.92222222,43.96666667,38.81111111,33.01111111,28.03333333,31.05555556,22.25555556,33.19351852,12.282100800000002,6.181715871,9.699369968,12.341978949999998,62.67190581,49.7332328,32.28432282,22.807095630000003,25.50114921,17.11848416,41.18944377,27.44964076,26.60503671,15412.990000000002,9229.580000000007,89996.70999999893,150291.16000000006
"Minnesota Chippewa Tribe, Minnesota (Mille Lacs Band)",0.12817862086592216,0.17829514552674172,2.9556308112762943,3.026562152179185e6,0.10608011929540875,0.18022093731619104,3.1389613373660192,1.4406601769316306e6,0.8718213791340779,0.8217048544732583,0.8939198807045913,0.819779062683809,0.4757496053861486,0.4273640899765224,0.0009999999999999983,0.3738946144535463,0.4567980450095595,0.4728271038234141,0.44281592523583635,0.0009999999999999903,0.3082995841851287,0.38709214947998727,-7.513310672942136,-7.639770683884504,-0.5808345033396144,6.219841621793501,12.669913052890712,17.653629400225018,20.25280425654067,19.594501097334295,14.683431857639107,8.118030000720466,1.5511909159830428,-6.454179905935935,6.546270536510857,2.525726714125142,2.840772493230217,2.4656737440248255,1.8849041955875632,1.3274251175175125,1.8983862301879855,1.2501655817983812,1.3615896887429615,1.6442996067618039,1.7684967048845042,2.4594338219613188,3.68403046562015,2.0925753637790945,40.820387202336505,28.84441242361672,40.7170521447373,61.26417030015959,79.09383482358682,101.44142343055536,83.64654178703951,97.01941426929612,102.74376461681555,68.16461242836067,71.09106381966188,49.3007303144148,68.67895063074819,15.38898558265128,16.070761000507083,24.71095495256708,22.96598439224915,29.686636232928393,46.14418906866989,29.06391111724339,33.655086844112155,37.27283610605521,27.08845662169696,34.547642543165615,21.302073095671684,28.158126463311888,-10.631746031714286,-7.911111111000001,-0.550793650857143,6.898412698428573,13.271428572857143,18.428571428571434,21.00634920428572,20.20952380857143,14.574603175714287,7.742857142857144,0.23968253985714288,-9.100000000000001,6.181481481571429,2.4928860430000004,3.5420395787142867,2.8164420848571434,2.3882921137142863,1.5146486575714289,2.193363104714286,1.0073493322857143,1.9168045961428573,1.7883156291428572,2.2218177551428577,4.304854794571429,4.809327475857144,2.5830117638571433,23.47142857,15.641269840000003,38.12698412428572,45.45396825428572,73.11428571428571,115.66507937142859,104.49047617857144,104.22539681428573,82.59365079428572,77.08095238142857,42.75714285714286,31.598412698571433,62.85158730000001,20.68355160714286,9.571970631285716,22.93396112714286,31.942195935714288,31.144342235714294,41.53918991571429,35.11608613857143,58.96117407000002,44.07962768,36.68889363,30.898817570000002,31.932969151428573,32.95773164285714,19375.190000000006,11602.23,89996.70999999893,150291.16000000006
"Upper Sioux Community, Minnesota",0.08801420285851483,0.13798579714148518,3.0098579714148515,633693.9877792826,0.09293197285960943,0.14991500287535647,3.1464309408980826,491697.1993300504,0.9119857971414852,0.8620142028585148,0.9070680271403906,0.8500849971246436,0.7837322519303885,0.709081283341649,0.001,0.7798771340105015,0.7477697502447695,0.7237496003414035,0.5006192006338247,0.0010000000000000002,0.6941590104844781,0.59679983404596,-7.549184149181818,-5.686480186090909,2.3471639472167833,9.206060606006995,14.994327894895104,20.87933178153846,22.85687645629371,21.834343436013988,17.217482515804196,9.766977466811188,1.122688422965035,-7.171561771839161,8.31816886853846,2.85584939313986,2.9307215081538462,2.059270586181818,2.0609810127412587,1.5172871553426575,1.6546860954195806,1.1031121697762236,1.4153983324335664,1.9831521526363636,1.650580442006993,3.6901330304545454,4.334265988405594,2.2712864892237765,15.354079254055945,12.54965034965035,41.940093240629366,64.56728826727273,108.72571869790211,121.35827508041956,90.80885780496503,110.0939393937063,89.20699300867132,45.39005439118881,28.980186477972026,23.783916081678324,62.72992100356644,8.949766821,11.22295954062937,25.763910562167833,36.905353676223775,41.93791482209791,61.4089681951049,51.741334440279715,47.829665443986016,48.07741131923076,18.44050459,27.835466023776224,25.738397835874128,33.820971107902096,-9.8833333335,-7.9611111115,0.638888889,8.088888889,14.327777780000002,20.122222225,22.005555554999997,21.094444445,16.577777779999998,8.4555555555,0.044444444499999985,-8.1833333335,7.1106481485,2.7815319119999997,3.0524398099999996,2.131717749,2.8221770090000002,2.0419697329999997,1.5480067585000001,0.9925782135000001,1.4016155345,1.8194232639999997,2.3399014155,3.256786348,5.353988428,2.4618446809999996,24.61111111,14.394444445000001,36.966666665,66.761111115,98.13333333,106.55555555000001,102.03333335,89.33888888999999,86.138888885,56.68333333500001,40.866666665,28.54444444,62.58564814500001,27.76609312,9.667324171499999,25.058937119999996,37.89240455,24.860249924999998,44.735392315,37.040107185,38.596214925000005,65.10211534,26.647706859999996,38.188397315,21.505453499999998,33.088366359999995,320.0,191.62,89996.70999999893,150291.16000000006
"Minnesota Chippewa Tribe, Minnesota (Grand Portage Band)",0.13768897655794587,0.18461668585923685,2.9417424817522106,3.0862295353096304e6,0.09899999999999999,0.163,3.13,281000.0,0.8623110234420541,0.8153833141407631,0.901,0.837,0.46784875469109316,0.4178866828025504,0.000999999999999999,0.36646806637103096,0.45498079779691225,0.3905850151767989,0.364027608883356,0.0009999999999999998,0.27336276216126054,0.3200784671543709,-6.852222065713353,-7.230364321640428,-0.49027797330015477,6.119038903793885,12.55608428467126,17.501439141976622,20.149091932977598,19.592741722587622,14.774721165582134,8.286548719601853,2.0962707462307475,-5.707502307262843,6.73296416255919,2.516736417147545,2.92529461581923,2.5023947188537203,1.8077306542090648,1.3147895862451067,1.9145142237143442,1.3041434493870179,1.3765930582308872,1.547547250254117,1.719799970566942,2.2642624319617055,3.5409331140996736,2.0612282910236517,45.602315141735836,31.877962362545386,40.72190154482609,64.94203544656199,78.70640417990427,97.10778544207797,80.49382264181048,94.05730754970425,101.53450028338158,68.3316439061466,76.80897899180762,53.42178891650992,69.46720386805566,16.1333112791595,18.08176083335941,23.930894286505712,23.276652703096122,28.921997691975218,47.50737814022377,28.257345873668843,31.643024714975347,34.77212970965644,26.90496460154157,34.72152209700969,20.66783535218075,27.90156810703219,-11.955555560000002,-10.133333333500001,-2.1777777775,4.433333333,10.75,16.08888889,18.794444445,18.07777778,13.01111111,5.988888888499999,-1.8944444444999997,-9.199999998500001,4.3152777775,2.526196929,2.3572405825,3.6804762335,2.1913991009999996,1.433333723,3.541258788,1.852747215,1.6419500509999998,3.5356690009999996,1.7288037445,3.9378277329999998,7.6688108249999996,3.0079761605,34.96666667,19.3,26.25,39.366666665,74.07222222,103.25,114.3777778,83.12777777999999,103.483333345,67.82777778,51.58888889,36.85,62.871759265,15.480685339999999,8.363933929,15.785697895000002,16.519890569999998,25.323755140000003,39.1295641,24.757296805,33.512640705,48.671542835,26.747764395,23.83108262,11.321904508,24.120479905,15412.990000000002,9229.580000000007,89996.70999999893,150291.16000000006
Lac Courte Oreilles Band of Lake Superior Chippewa Indians of Wisconsin,0.12817862086592216,0.17829514552674172,2.9556308112762943,3.026562152179185e6,0.11600000000000002,0.224,3.0,965000.0,0.8718213791340779,0.8217048544732583,0.884,0.776,0.4757496053861486,0.4273640899765224,0.0009999999999999983,0.3738946144535463,0.4567980450095595,0.433424743723885,0.4041571227320506,0.0009999999999999979,0.24998240144653047,0.4100168293558134,-7.513310672942136,-7.639770683884504,-0.5808345033396144,6.219841621793501,12.669913052890712,17.653629400225018,20.25280425654067,19.594501097334295,14.683431857639107,8.118030000720466,1.5511909159830428,-6.454179905935935,6.546270536510857,2.525726714125142,2.840772493230217,2.4656737440248255,1.8849041955875632,1.3274251175175125,1.8983862301879855,1.2501655817983812,1.3615896887429615,1.6442996067618039,1.7684967048845042,2.4594338219613188,3.68403046562015,2.0925753637790945,40.820387202336505,28.84441242361672,40.7170521447373,61.26417030015959,79.09383482358682,101.44142343055536,83.64654178703951,97.01941426929612,102.74376461681555,68.16461242836067,71.09106381966188,49.3007303144148,68.67895063074819,15.38898558265128,16.070761000507083,24.71095495256708,22.96598439224915,29.686636232928393,46.14418906866989,29.06391111724339,33.655086844112155,37.27283610605521,27.08845662169696,34.547642543165615,21.302073095671684,28.158126463311888,-10.3,-7.033333333,-1.133333333,6.2,12.45555556,17.86666667,20.78888889,19.85555556,14.08888889,7.500000000000001,-0.377777778,-8.822222222,5.924074075,2.103568397,5.147329405,2.6,2.202271555,1.354724244,1.639359631,1.115173131,1.632567848,1.543894786,2.094039159,2.699434097,4.617569106,2.395827613,26.5,13.744444439999999,32.27777778,53.1,74.7,112.7333333,88.67777778,111.9666667,111.8444444,77.68888889,46.13333333,36.18888889,65.46296296,20.86953521,7.584871639,16.71143155,24.71360961,17.28351816,40.91112318,43.91178025,53.23523269,60.227238670000006,30.40425317,28.792967890000003,36.33739274,31.74857956,19375.190000000006,11602.23,89996.70999999893,150291.16000000006
The Osage Nation,0.14599526202566476,0.194479831461974,2.912102037410799,2.2916811584016853e6,0.153990103548466,0.24696571776974643,3.209845170750867,3.9591201444893256e6,0.8540047379743352,0.805520168538026,0.846009896451534,0.7530342822302536,0.3758036319266689,0.3087167966982916,0.29742649944805694,0.27580501180709177,0.3511180997538262,0.3774161207951463,0.32127760835418484,0.24933042781695985,0.30693447301074434,0.3320218767087474,1.1051085334499242,2.7487655742503403,8.947223756636987,14.137985638755659,18.429141859993223,23.96337844422177,26.65521568604257,26.323542829907385,21.96330300430805,15.036321580761475,8.619277706097648,1.5521138935248906,14.12344820917978,2.7958449843297113,3.24955635227971,1.4529309670019173,1.4301603914345713,1.1980183028065825,1.5557102280388388,1.4160369966755977,1.8592916760708813,1.4817994284142109,1.3125804989900869,2.2225312341381116,3.164698707021374,1.9282633139592988,71.63082356346116,61.62942930527689,101.65793156986675,88.81731469809112,162.94160682591254,130.12969168239883,99.40542769458018,87.77746169122173,92.9394954914669,68.99922052386214,89.4297614966399,67.71078658578813,93.58907926211789,45.217739735447985,35.757587002572876,52.37124525444807,42.85037802574787,83.26651645874968,58.467704510000836,63.06992093553824,53.80177670043448,57.79897935410605,41.73588567947507,67.44669635315236,64.13514869927052,55.49329822575832,1.4092592591666666,2.075925926,8.4555555555,14.522222220000002,19.201851851666667,24.711111111666668,27.312962961666667,27.420370370000004,22.137037038333336,15.635185185000003,8.820370370500003,1.4537037038333334,14.429629630000003,3.7672595333333336,7.605372761833335,4.6927797015,2.9705829261666676,2.479407805666667,2.7016308311666672,2.693006349166667,3.0918469880000004,4.412115398333334,3.165708149833334,2.8488077898333337,3.1960892591666674,3.6353839580000002,40.44444444666667,53.729629630000005,87.29074074166668,87.11481481666668,125.16111110333334,164.7740740666667,89.54814815000002,76.75555555500003,94.00370370166667,71.21481481333333,49.259259258333344,32.60000000000001,80.99135802500003,23.84216639666667,43.871019423333344,54.07718270000001,50.08989102666667,57.997781266666664,69.31045785333333,55.72927590333335,51.15760299500001,53.66359429166667,49.298250886666665,39.52556642333334,22.642688366666672,47.600456461666674,96586.56,57837.469999999645,89996.70999999893,150291.16000000006
Lac Vieux Desert Band of Lake Superior Chippewa Indians of Michigan,0.12817862086592216,0.17829514552674172,2.9556308112762943,3.026562152179185e6,0.146,0.187,3.04,1.158e6,0.8718213791340779,0.8217048544732583,0.854,0.813,0.4757496053861486,0.4273640899765224,0.0009999999999999983,0.3738946144535463,0.4567980450095595,0.36173648310414613,0.3509983366945477,0.001,0.20119831853441528,0.3241413337593596,-7.513310672942136,-7.639770683884504,-0.5808345033396144,6.219841621793501,12.669913052890712,17.653629400225018,20.25280425654067,19.594501097334295,14.683431857639107,8.118030000720466,1.5511909159830428,-6.454179905935935,6.546270536510857,2.525726714125142,2.840772493230217,2.4656737440248255,1.8849041955875632,1.3274251175175125,1.8983862301879855,1.2501655817983812,1.3615896887429615,1.6442996067618039,1.7684967048845042,2.4594338219613188,3.68403046562015,2.0925753637790945,40.820387202336505,28.84441242361672,40.7170521447373,61.26417030015959,79.09383482358682,101.44142343055536,83.64654178703951,97.01941426929612,102.74376461681555,68.16461242836067,71.09106381966188,49.3007303144148,68.67895063074819,15.38898558265128,16.070761000507083,24.71095495256708,22.96598439224915,29.686636232928393,46.14418906866989,29.06391111724339,33.655086844112155,37.27283610605521,27.08845662169696,34.547642543165615,21.302073095671684,28.158126463311888,-11.14444444,-10.5,-2.422222222,4.377777778,10.8,16.23333333,18.71111111,17.85555556,12.68888889,5.833333333,-1.8555555559999999,-9.611111111,4.247222223,1.753646993,2.060339778,2.731655989,2.358907468,1.54677083,2.675350444,1.9464354889999997,1.64629213,2.916095182,2.034084561,3.143290915,4.76509298,2.46483023,44.17777778,17.97777778,35.0,56.53333333,74.86666667,105.2777778,117.9333333,99.26666667,122.50000000000001,86.87777778,58.42222222,36.76666667,71.3,63.540730589999995,5.733406007,22.605475,40.00181246,40.31169185,34.67213499,34.28593006,41.16132894,59.14207470000001,40.60359522,33.14195897,20.65623393,36.32136439,19375.190000000006,11602.23,89996.70999999893,150291.16000000006
Omaha Tribe of Nebraska,0.1073596078564648,0.16125027417618928,3.005033332470488,411645.0782957118,0.1621764635154987,0.23459119199236078,2.9437797583017415,601305.687492065,0.8926403921435352,0.8387497258238107,0.8378235364845013,0.7654088080076392,0.6618338097139985,0.4942475586828821,0.012355349732317429,0.6383926862350918,0.56721713188429,0.6884328089990006,0.5696985934835094,0.00102286139486395,0.664994943365482,0.6478236030163257,-5.588026018724013,-3.5256869771600945,3.9314881187491033,10.376251159724012,15.621677952473116,21.809637595961764,24.066414441194738,23.036731713142174,18.481707154253282,11.027956989801668,2.6589672109127833,-5.177618478729988,9.726625072096772,2.8467526860573473,3.0690327286965347,1.806912366197132,1.6811010858673832,1.493641608995221,1.5084975012986857,0.9884273136403819,1.340314407569892,1.821312534616487,1.357651735561529,3.6335442264468334,3.7414015875244915,2.1073824820681,16.370728791756267,14.945333864229388,42.23718306100356,62.025023228936675,101.10857559346474,125.89168991696533,81.65676357028671,81.26415770749102,64.9643170046356,41.719195539091984,34.879463694886496,22.036997210800475,57.42495243434885,9.85967529594982,12.01142436499044,21.436001967264033,37.139927416188755,42.716187204348856,69.43493066947433,45.7416845429749,40.57086545616487,43.79725070953403,18.88677795948626,25.977136707455184,23.93650185457586,32.6256970129749,-5.6444444444999995,-2.4000000000000004,3.1722222220000003,10.572222219999999,15.772222225,21.744444445000003,24.633333335,23.172222225000002,17.47777778,10.93888889,3.4944444445,-6.022222222000001,9.742592593000001,3.0516993995,6.291955315000001,2.5412841945,1.6395577175,1.391675904,2.358326615,1.8952790655,2.4226934815,2.3872151914999997,1.4416619055000002,6.405018934,3.2511028670000006,2.923122549,20.816666670000004,32.66111111,47.72222222,75.56111111499999,109.50555555,123.1,85.58888888999999,79.05,75.32777778,56.40555555499999,37.62777778,44.59444444499999,65.66342592500001,18.451979635,53.61136694500001,30.451534700000003,36.613876770000005,45.9514389,62.450629815,60.91731861499999,43.23647978,40.72742219,32.32539399499999,25.972441139999997,58.538697799999994,42.43738169,1579.43,945.7999999999997,89996.70999999893,150291.16000000006
Sac & Fox Nation of Missouri in Kansas and Nebraska,0.08801420285851483,0.13798579714148518,3.0098579714148515,633693.9877792826,0.13167106274607682,0.22301318823823046,3.039802176426543,580895.2627959948,0.9119857971414852,0.8620142028585148,0.8683289372539231,0.7769868117617695,0.7837322519303885,0.709081283341649,0.001,0.7798771340105015,0.7477697502447695,0.8298846391248865,0.6540761934383941,0.0010000000000000002,0.7247162502712391,0.8123573376512782,-7.549184149181818,-5.686480186090909,2.3471639472167833,9.206060606006995,14.994327894895104,20.87933178153846,22.85687645629371,21.834343436013988,17.217482515804196,9.766977466811188,1.122688422965035,-7.171561771839161,8.31816886853846,2.85584939313986,2.9307215081538462,2.059270586181818,2.0609810127412587,1.5172871553426575,1.6546860954195806,1.1031121697762236,1.4153983324335664,1.9831521526363636,1.650580442006993,3.6901330304545454,4.334265988405594,2.2712864892237765,15.354079254055945,12.54965034965035,41.940093240629366,64.56728826727273,108.72571869790211,121.35827508041956,90.80885780496503,110.0939393937063,89.20699300867132,45.39005439118881,28.980186477972026,23.783916081678324,62.72992100356644,8.949766821,11.22295954062937,25.763910562167833,36.905353676223775,41.93791482209791,61.4089681951049,51.741334440279715,47.829665443986016,48.07741131923076,18.44050459,27.835466023776224,25.738397835874128,33.820971107902096,-0.9638888887499999,0.6249999997500001,6.3722222222500005,13.719444444999999,18.42222222,23.547222222499997,26.3888888875,25.6361111125,19.541666667500003,14.702777777500001,7.12777777775,-2.3250000002499998,12.7328703725,5.15182658425,5.5537162085,3.9037220907499997,2.69708137225,2.1826643832499997,1.9759749305,1.57894661825,1.80047743025,2.878694075,2.39203343475,4.830711392,4.1656058955,3.25928786825,27.633333335000003,43.1527777775,74.3833333325,73.6361111125,105.130555555,130.44444445,104.88333334999999,95.8555555525,85.11944443499999,66.59166666750001,39.75000000000001,39.5499999975,73.84421296500001,18.670806925,49.0123165575,48.885856365,38.507558495,68.42168179500001,40.113190825000004,32.9584095075,42.7401597125,56.68374790749999,47.69232249,19.1471670875,41.242267192499995,42.006290405,320.0,191.62,89996.70999999893,150291.16000000006
St. Croix Chippewa Indians of Wisconsin,0.13768897655794587,0.18461668585923685,2.9417424817522106,3.0862295353096304e6,0.09700517515022355,0.18360633140488966,3.1851943387309163,1.5154593112462228e6,0.8623110234420541,0.8153833141407631,0.9029948248497764,0.8163936685951103,0.46784875469109316,0.4178866828025504,0.000999999999999999,0.36646806637103096,0.45498079779691225,0.3440545666797694,0.3200673585177242,0.0010000000000000002,0.20776229812067723,0.31170878076418945,-6.852222065713353,-7.230364321640428,-0.49027797330015477,6.119038903793885,12.55608428467126,17.501439141976622,20.149091932977598,19.592741722587622,14.774721165582134,8.286548719601853,2.0962707462307475,-5.707502307262843,6.73296416255919,2.516736417147545,2.92529461581923,2.5023947188537203,1.8077306542090648,1.3147895862451067,1.9145142237143442,1.3041434493870179,1.3765930582308872,1.547547250254117,1.719799970566942,2.2642624319617055,3.5409331140996736,2.0612282910236517,45.602315141735836,31.877962362545386,40.72190154482609,64.94203544656199,78.70640417990427,97.10778544207797,80.49382264181048,94.05730754970425,101.53450028338158,68.3316439061466,76.80897899180762,53.42178891650992,69.46720386805566,16.1333112791595,18.08176083335941,23.930894286505712,23.276652703096122,28.921997691975218,47.50737814022377,28.257345873668843,31.643024714975347,34.77212970965644,26.90496460154157,34.72152209700969,20.66783535218075,27.90156810703219,-9.094444444499999,-6.699999999999999,1.2388888889999998,7.4277777775,13.644444445000001,19.272222225,21.105555555,20.816666665,16.55,8.5555555555,1.0055555555,-6.8944444444999995,7.2439814815,3.164906537,3.1752477585,4.0846758560000005,2.4033727415,1.581793228,2.9028246530000006,1.061957149,2.085062937,3.053257678,1.9790695105000002,3.960436876,8.1078117465,3.1300347225,18.377777775,14.416666665,39.23888889,56.183333335,76.94444444499999,124.9055556,98.62222220000001,122.27222219999999,102.84999998500001,73.177777775,45.78333333,27.011111110000005,66.64861110999999,11.1766149325,8.103534686,20.138685985,36.50125045,23.40675805,40.858084625,50.568267580000004,54.832772545000005,60.219771665,39.2135952,37.300312045,17.5214606925,33.32009237,15412.990000000002,9229.580000000007,89996.70999999893,150291.16000000006
"Minnesota Chippewa Tribe, Minnesota (Bois Forte Band (Nett Lake))",0.13768897655794587,0.18461668585923685,2.9417424817522106,3.0862295353096304e6,0.12190811994435309,0.2112608843887198,3.0200566401158047,2.872892703672036e6,0.8623110234420541,0.8153833141407631,0.8780918800556469,0.7887391156112802,0.46784875469109316,0.4178866828025504,0.000999999999999999,0.36646806637103096,0.45498079779691225,0.3459309517446793,0.31887426797732443,0.0010000000000000078,0.2915181991234117,0.30531073504780154,-6.852222065713353,-7.230364321640428,-0.49027797330015477,6.119038903793885,12.55608428467126,17.501439141976622,20.149091932977598,19.592741722587622,14.774721165582134,8.286548719601853,2.0962707462307475,-5.707502307262843,6.73296416255919,2.516736417147545,2.92529461581923,2.5023947188537203,1.8077306542090648,1.3147895862451067,1.9145142237143442,1.3041434493870179,1.3765930582308872,1.547547250254117,1.719799970566942,2.2642624319617055,3.5409331140996736,2.0612282910236517,45.602315141735836,31.877962362545386,40.72190154482609,64.94203544656199,78.70640417990427,97.10778544207797,80.49382264181048,94.05730754970425,101.53450028338158,68.3316439061466,76.80897899180762,53.42178891650992,69.46720386805566,16.1333112791595,18.08176083335941,23.930894286505712,23.276652703096122,28.921997691975218,47.50737814022377,28.257345873668843,31.643024714975347,34.77212970965644,26.90496460154157,34.72152209700969,20.66783535218075,27.90156810703219,-12.48611111,-9.338888888500001,-0.41111111100000003,5.341666666499999,11.830555555,17.3,19.66388889,19.1500000025,14.677777779999998,6.436111111000001,-1.1027777777499999,-10.841666664999998,5.0182870377499995,2.4816605545000003,5.1738276155000005,6.106285776,2.26622421275,1.4380910552500001,3.5374053002499997,1.3974814435,2.9627175397500003,4.765850246,1.8957937685000001,6.11268450675,5.553970123499999,3.6409993455,27.891666665000002,15.397222220000002,30.11111111,42.322222222499995,77.09166666499999,102.19444443999998,96.152777775,92.5972222225,80.305555555,68.3388888875,58.1500000025,33.724999999999994,60.356481484999996,14.012159462500001,5.52637682225,12.4614267095,26.0333065475,44.926880839999995,30.708381314999997,55.816890234999995,39.231464772500004,34.25213603,26.805599152499997,36.15748784,21.977977195,28.9925072425,15412.990000000002,9229.580000000007,89996.70999999893,150291.16000000006
"Bad River Band of the Lake Superior Tribe of Chippewa Indians of the Bad River Reservation, Wisconsin",0.12817862086592216,0.17829514552674172,2.9556308112762943,3.026562152179185e6,0.11733307393570981,0.19590405782549802,3.3171450805510583,996785.4358320393,0.8718213791340779,0.8217048544732583,0.8826669260642902,0.804095942174502,0.4757496053861486,0.4273640899765224,0.0009999999999999983,0.3738946144535463,0.4567980450095595,0.4340199203515163,0.4095993224489371,0.0010000000000000007,0.3480406513461276,0.38155870838708394,-7.513310672942136,-7.639770683884504,-0.5808345033396144,6.219841621793501,12.669913052890712,17.653629400225018,20.25280425654067,19.594501097334295,14.683431857639107,8.118030000720466,1.5511909159830428,-6.454179905935935,6.546270536510857,2.525726714125142,2.840772493230217,2.4656737440248255,1.8849041955875632,1.3274251175175125,1.8983862301879855,1.2501655817983812,1.3615896887429615,1.6442996067618039,1.7684967048845042,2.4594338219613188,3.68403046562015,2.0925753637790945,40.820387202336505,28.84441242361672,40.7170521447373,61.26417030015959,79.09383482358682,101.44142343055536,83.64654178703951,97.01941426929612,102.74376461681555,68.16461242836067,71.09106381966188,49.3007303144148,68.67895063074819,15.38898558265128,16.070761000507083,24.71095495256708,22.96598439224915,29.686636232928393,46.14418906866989,29.06391111724339,33.655086844112155,37.27283610605521,27.08845662169696,34.547642543165615,21.302073095671684,28.158126463311888,-10.111111111333333,-7.777777777666667,-0.2148148146666667,5.725925926,11.89629629333333,17.496296296666664,19.881481479999998,19.674074076666663,15.114814816666668,7.2333333333333325,0.20740740733333332,-6.3999999999999995,6.060493827333333,2.044218238,3.35303555,4.359817924666666,2.080701853333333,1.4620711936666668,3.0577764046666664,1.154680837,2.0986090326666664,3.851867217666667,1.866184913,4.113275782666666,10.188971990999999,3.302600911666667,24.485185186666662,15.562962966666666,30.607407406666663,54.111111109999996,70.91481481666666,102.36666666666666,97.87777777333334,108.15555555666667,118.33333336666668,75.18888888666665,51.922222223333335,35.714814813333334,65.43672839666667,12.024945739333333,7.162015587666667,21.84585987666667,32.088623676666664,30.589575236666665,30.049565219999998,37.333040553333326,46.909630013333334,66.20566041666666,41.20464626333333,42.59105778666666,22.51937754,32.54366649333333,19375.190000000006,11602.23,89996.70999999893,150291.16000000006
"Minnesota Chippewa Tribe, Minnesota (Fond du Lac Band)",0.13768897655794587,0.18461668585923685,2.9417424817522106,3.0862295353096304e6,0.09706864746028158,0.15960786132752874,3.2177449707072987,6.0771835199553715e6,0.8623110234420541,0.8153833141407631,0.9029313525397185,0.8403921386724713,0.46784875469109316,0.4178866828025504,0.000999999999999999,0.36646806637103096,0.45498079779691225,0.3531916414012067,0.34192197897938076,0.0009999999999999979,0.2125168626753289,0.28162577258558613,-6.852222065713353,-7.230364321640428,-0.49027797330015477,6.119038903793885,12.55608428467126,17.501439141976622,20.149091932977598,19.592741722587622,14.774721165582134,8.286548719601853,2.0962707462307475,-5.707502307262843,6.73296416255919,2.516736417147545,2.92529461581923,2.5023947188537203,1.8077306542090648,1.3147895862451067,1.9145142237143442,1.3041434493870179,1.3765930582308872,1.547547250254117,1.719799970566942,2.2642624319617055,3.5409331140996736,2.0612282910236517,45.602315141735836,31.877962362545386,40.72190154482609,64.94203544656199,78.70640417990427,97.10778544207797,80.49382264181048,94.05730754970425,101.53450028338158,68.3316439061466,76.80897899180762,53.42178891650992,69.46720386805566,16.1333112791595,18.08176083335941,23.930894286505712,23.276652703096122,28.921997691975218,47.50737814022377,28.257345873668843,31.643024714975347,34.77212970965644,26.90496460154157,34.72152209700969,20.66783535218075,27.90156810703219,-10.56666667,-5.661111110999999,-1.3333333334999997,5.6,12.083333335,17.944444445,20.183333335,20.22222222,13.811111110000002,7.066666666500001,1.9277777779999998,-9.1611111115,6.009722222000001,2.3154000485000004,9.271834327999999,3.0027513874999996,2.4058427475,1.3846649274999998,4.2145575375,1.51945652,3.5708645695,1.5242157655000002,2.08349233,9.575960722,4.842509984,3.8092959055000004,29.433333335000004,15.244444445000001,35.83888889,45.23888889,75.16666667000001,99.98333335,92.01666667,102.96111109999998,103.01666668,77.65555555499999,44.444444445,30.466666665,62.622222225,24.374781640000002,7.3772511430000005,20.11278119,35.078878419999995,27.662082050000002,39.15386468,31.96031138,52.140727905,52.284136685,32.315569409999995,30.340615755,21.965546215499995,31.23054554,15412.990000000002,9229.580000000007,89996.70999999893,150291.16000000006
Picayune Rancheria of Chukchansi Indians of California,0.068,0.077,3.98,3.5204e7,0.132,0.204,3.97,1.3794e7,0.9319999999999999,0.923,0.868,0.796,0.20915372829613718,0.20915372829613718,0.02988107522142129,0.0910383807405545,0.1471433469511767,0.34382022968037373,0.34382022968037373,0.1109048274778449,0.20346927180590052,0.2020189525144095,9.622222222,10.87777778,11.51111111,13.86666667,15.811111109999999,19.51111111,21.08888889,22.7,19.1,17.08888889,11.64444444,8.811111111,15.13611111,1.273555827,1.788699093,1.560003561,1.719738352,2.475098202,2.028820128,3.496228126,2.101190139,1.485765796,1.458976049,1.9086062399999997,2.02697092,1.9436377029999998,114.3555556,105.9888889,77.72222222,33.72222222,22.15555556,2.855555556,4.555555556,0.566666667,4.066666667,21.08888889,31.97777778,88.64444444,42.30833334,103.1955197,74.6699311,66.01561894,19.86622623,17.22121592,3.9642499639999995,12.73990886,0.694622199,5.971390123,31.93933486,33.09017142,66.72338629,36.34096463,5.766666667,7.277777778,10.07777778,13.58888889,17.25555556,22.7,25.22222222,25.14444444,20.911111109999997,16.55555556,9.255555556,5.066666667,14.90185185,1.933907961,3.231399765,1.710100712,1.852325865,1.235021367,2.593260496,2.828770836,0.817176711,1.2771496040000003,1.207384685,2.439831506,3.999374951,2.093808705,182.9,121.2444444,107.0111111,59.72222222,38.15555556,10.27777778,9.411111111,8.333333333,5.811111110999999,32.07777778,55.63333333,104.6222222,61.26666666,100.42448660000001,90.39235464,92.01144554,24.21682152,28.64363416,10.737641470000002,18.02646974,15.79659773,4.711274892,37.64660601,50.26335643,79.0787705,45.99578827,160.0,95.81,89996.70999999893,150291.16000000006
Confederated Tribes of the Warm Springs Reservation of Oregon,0.11800000000000001,0.162,3.11,2.0928e7,0.13100061191831475,0.1829476189572743,3.594380633690402,2.535744434097967e6,0.882,0.838,0.8689993880816853,0.8170523810427257,0.06923147629753515,0.0606420186128458,0.001,0.021943374064358832,0.06923147629753515,0.2002525183637259,0.19836301681139068,0.0013072553428344373,0.10603870481989128,0.06124464370481037,6.988888889000001,10.34444444,9.022222222,10.812698416571429,14.6,16.18190475857143,19.94444444,18.567619046000004,16.761904760857142,14.144444440000001,9.542857142914286,8.444444444000002,12.946322750000002,3.402735827,1.6919745200000003,1.6323126060000002,2.6853667146285716,3.0224162520000006,2.889019665857143,3.1898711220000004,4.5215327414285715,3.2770779324857147,2.358024126,1.2743607360000002,1.736455521,2.6400956472857144,224.8444444,110.39492065714286,130.25555560000004,98.18888889,58.42222222000001,21.270476187142858,3.211111111,3.644444444000001,13.193650790857145,58.67777778000001,84.97777778000001,206.67777780000003,84.47992064085713,131.91639500000002,67.89700940171429,99.68770124,69.06273316,42.01847147,19.636892186,3.5261326000000004,3.364190509,10.619520879428572,54.99515383000001,58.84912442000001,126.28318160000003,57.32137552314287,0.39999999999999997,2.525,4.00000000025,7.463888889,10.408333333499998,14.166666665,19.1499999975,17.71388889,14.23888889,8.38888888875,2.27777777775,-1.6083333332499998,8.2604166665,2.5411675427500002,3.3024210925,1.5698735554999999,1.82000335675,1.6141418415,2.2006112565,2.4024532665000002,1.9851208110000003,1.920824747,2.1127605032499996,2.4454058350000003,2.6319898587499995,2.21223113875,139.602777795,97.29444443499999,77.27222223499999,73.3666666675,63.4083333325,49.0972222225,21.608333332500003,18.980555555,40.69999999750001,71.89444444749999,104.1083333375,158.005555565,76.27824074,87.66832942,57.114479422500004,34.8163710125,45.4476321375,37.195206170000006,34.65916802,26.9392578375,22.90625516,34.933356375,38.439729050000004,57.505969252499995,91.84023031000001,47.455498680000005,160.0,95.82,89996.70999999893,150291.16000000006
"Otoe-Missouria Tribe of Indians, Oklahoma",0.11487806636624227,0.1712620348850905,3.032862110287203,2.2605122280515055e6,0.14840764218316949,0.23107828978237568,3.1647103844768263,2.8732283440351738e6,0.8851219336337577,0.8287379651149095,0.8515923578168305,0.7689217102176243,0.5876192343466902,0.5456412151983283,0.004822367059863807,0.5450672316583624,0.5406163384987307,0.4570839870368578,0.4166086378022742,0.26255201286712804,0.44358266450267575,0.37881744647288695,-3.9184183726416117,-1.9107597514720436,5.239688359153069,11.228261531690643,16.349684283977993,22.675588144069653,25.16046440590284,24.12531826036663,19.621585700820344,12.290722068727769,4.3059221915183326,-3.452001221908798,10.976337968456,2.620935397453711,3.14529850001879,1.727321155229605,1.6879540969637943,1.6193065736228218,1.3599432270650778,1.1843006081370302,1.6098976137763514,1.7001864546956915,1.4180940918373048,3.1643694153368456,3.2717422142497714,2.0424457788661763,21.96447703548579,20.796695183909247,50.17828190111822,56.26015887482582,102.53006417135649,111.51872390128321,98.45861595528412,87.30933394541702,66.29831449144362,42.017827683840515,34.29983195814389,25.538644466681927,59.76424746502289,11.574200054226395,16.892989258460116,23.451010197323555,26.807512225371212,54.882292607919304,47.69137175613654,36.591304790856995,42.18549660123738,50.5597955290559,23.668061953574686,23.444170744010083,25.16273172699816,31.909244787561853,3.4296296296666666,5.2185185186666665,11.148148149999999,15.974074076666668,20.351851853333333,26.166666666666664,28.451851853333334,28.496296293333337,24.277777776666667,17.07777778,10.266666669000001,3.4777777779999997,16.19475308666667,2.043340918,2.7680659773333334,1.6151292030000002,1.3604703206666666,1.205923334666667,1.5521968843333331,1.4052631266666666,1.6058335110000002,1.5166312253333334,1.322223026,2.1113904663333334,2.6576586056666662,1.7636772170000001,46.91481481666666,48.73703704,88.02222223333334,89.39999999999999,142.6888889,143.2,98.32962962333333,88.92962963,77.17407407666667,72.83703703666666,46.77407407333333,44.370370369999996,82.28148148666666,24.13099628,36.358565993333336,45.46851216333334,40.648471416666666,81.12755233,69.79083785666667,59.153786266666664,55.61451399333333,49.37269374666666,46.090452903333336,43.75682015333334,36.456938136666665,48.99751177,5034.889999999999,3014.9799999999987,89996.70999999893,150291.16000000006
Menominee Indian Tribe of Wisconsin,0.09451413492123562,0.15880256472789453,3.1940874975858184,1.6153439161876542e6,0.17496806735753972,0.29095285570636564,2.799971025069293,379382.7431630321,0.9054858650787644,0.8411974352721054,0.8250319326424602,0.7090471442936344,0.3960213813717025,0.35761368874675603,0.0009988924353282963,0.2760138793370491,0.3684370107647331,0.4392449023985643,0.401358264698485,0.0009999994938260399,0.25717701159867906,0.38758932793151485,-7.95942108249538,-7.685718518578048,-0.9203669516268713,6.212793162404923,12.734254130155895,17.745921366966147,20.413978346459473,19.651124785608197,14.755886040159996,8.109463247948508,1.2802415954574355,-6.816439886004101,6.460143019739899,2.340448197906666,2.566057555418666,2.05907085970728,1.8770271965796919,1.6077368532012297,1.892196204114257,1.2770398726223575,1.3681479886890242,1.8984446943236917,1.7907598294802054,2.3977953163624592,3.757971630987075,2.0693913500765113,35.14536751962258,21.99685925985434,42.0862313397415,52.259701423181504,78.49484216570457,105.04045811187693,89.14036695053741,104.04540171577435,112.07087179117536,75.76606267611483,76.88415726502559,53.661030199060505,70.54927920197946,14.272916183306657,14.175633620771695,28.208060729831786,20.957676925403067,29.236440391686134,50.57542852042665,35.00774199940101,37.918891914625625,37.366602134278985,33.64044711741742,37.17803156260305,28.42092772449231,30.579899901995894,-8.20833333325,-7.8499999997500005,-1.047222222,6.4972222222500005,13.049999999999999,17.933333335,20.466666667499997,19.708333335000003,14.511111112499998,8.11666666675,1.00833333325,-7.352777777750001,6.402777778499999,2.7021043455,2.6038506887499997,2.57811786325,1.9349221232499998,1.6496808322499998,1.7252659775,1.5362494895,1.4985873477500002,2.2496914735,1.7962025049999997,3.4035525105000004,5.2471481495,2.41044777575,27.888888889999997,18.894444445,44.5388888875,58.43055555250001,80.76111110999999,117.64166664999999,88.7583333325,120.563888875,113.7527778,66.96666666750001,58.794444445,51.772222219999996,70.7303240725,20.1738882675,10.767371691500001,27.52799993,21.1796598575,34.1144407225,51.994116867500004,48.406417489999995,52.01330052749999,39.167871347500004,36.34813421,36.158006215,39.438935677500005,34.774178565,10647.16,6375.680000000007,89996.70999999893,150291.16000000006
Seminole Tribe of Florida,0.164,0.26,2.99,1.833e6,0.1486503144204293,0.21613292273153203,3.3124970321376606,1.7309629703593377e7,0.836,0.74,0.8513496855795707,0.7838670772684679,0.1742206513717217,0.16405682648790743,0.12587989875262498,0.1339162868552341,0.12442678065491371,0.19825286537585124,0.1923538590044941,0.04521395945385341,0.14347569085422712,0.14046743372313938,1.255555556,1.5,2.677777778,7.322222222,11.51111111,17.33333333,19.88888889,19.57777778,16.07777778,11.38888889,1.566666667,-0.966666667,9.094444445,5.731516185,6.140846847,1.196638811,5.112674882,5.194093868,4.203867267,1.96497102,1.501480751,4.7607189,5.065679728,3.034798181,1.933261493,3.820045661,39.76666667,61.6,37.08888889,30.24444444,52.47777778,48.63333333,24.41111111,51.0,18.08888889,22.45555556,30.98888889,54.43333333,39.26574074,25.08346069,49.76060189,22.97778517,21.25024183,31.04604555,80.98803924,21.73870077,68.33924568,18.86414883,18.85365423,27.17744674,69.55043134,37.96915016,15.814950549456876,14.911873410014586,20.375205486083605,19.616486604648856,24.6073308998348,25.874302656392004,26.96093872993475,26.65537744846819,27.463707427814683,22.400723328897282,17.735659345986804,14.094346658425946,21.375908545909603,5.864955534463426,7.233447704023725,4.217913466572402,6.802102962461039,4.510663801208637,3.9723613642616913,2.7583017467568265,4.570905928141375,1.7698708131031808,7.139122051218644,9.227135136889753,7.780319073595988,5.487258298650477,34.316598912517726,46.21740284401107,64.90413223182009,65.10146019940207,92.01781869966446,182.82962617507292,158.45563950757355,144.019342079125,160.3512250973285,109.48083787269711,39.698647361051925,24.25042159115577,93.47026271725157,22.962035279410106,28.092113413188713,48.71104079469763,34.09326594838924,52.10097588461101,109.42240901319424,90.34103041012534,105.57822306469235,69.41726767999346,69.46504974704752,34.1152428471662,13.69185826044526,56.499209362850515,159.51,95.52,89996.70999999893,150291.16000000006
Suquamish Indian Tribe of the Port Madison Reservation,0.10591878626077215,0.14521122170866868,3.6273823796618108,7.420223216919665e7,0.112,0.165,3.44,1.7064e7,0.8940812137392279,0.8547887782913313,0.888,0.835,0.7947924362031379,0.7556278887791811,0.0009999999999999998,0.6030412352233242,0.777062584417403,0.4410687913401502,0.42276957601933035,0.0010000000000000005,0.2602812584803902,0.38607727142601245,-0.07478882383040938,2.6976608189824565,3.8541910330760234,7.459844054421053,11.506237816140352,14.991098114502924,20.422352176140354,19.94139051140351,13.984925272865496,8.87335932440351,3.634762832660819,-1.8300194931637426,8.788417803099417,2.95968530202924,3.0063146839883044,3.207563026040936,2.5241910184502925,2.2952040533918128,3.003360833795322,2.5816780125964915,2.2712831591929823,2.4234117660877197,1.5585177189941521,3.2920784641052636,3.2074012480935674,2.694224107497076,81.38921377274855,47.05055230678363,53.224951269239774,32.54827810099416,36.082846002748546,25.945094220818714,14.903638730760235,10.823651721684211,16.87452891438597,33.606302795614035,55.867966211871355,105.32222220450292,42.80327052181287,88.3676798708772,44.561471672046785,49.675680623742686,19.055187667076027,21.075025504385966,20.53892975748538,13.757725249649127,12.09012999037427,17.555505015555557,27.796157731578948,55.82160610684211,95.0158009400585,38.77590834520468,4.588888889,4.4222222225,7.6333333334999995,11.799999999999999,12.933333335,14.755555555,17.66111111,17.833333330000002,15.21666667,10.611111110000001,7.050000000000001,4.544444444499999,10.754166670000002,2.9118778250000004,3.911670854,1.5291672459999999,3.780104535,1.3324989625,1.584988119,1.8363795550000002,1.7020551750000001,1.402893371,2.2111362615,4.4623307585,2.4367485525,2.4251542680000004,123.44444445,91.805555555,101.77222224500001,63.83888889000001,59.805555555,52.37777778,23.966666670000002,25.911111110000004,41.505555555,108.505555555,128.5833333,131.75555555,79.43935185000001,51.90659634,45.122882395000005,39.50680331,27.169911,24.140439055,24.737857085,23.240555609999998,17.912365175,34.694305944999996,56.507702515000005,84.23475580000002,62.46784304,40.970168105000006,328.45,196.68,89996.70999999893,150291.16000000006
Table Mountain Rancheria,0.068,0.077,3.98,3.5204e7,0.152,0.22900000000000004,3.07,7.7333e7,0.9319999999999999,0.923,0.848,0.7709999999999999,0.20915372829613718,0.20915372829613718,0.02988107522142129,0.0910383807405545,0.1471433469511767,0.17111909986190685,0.17111909986190685,0.057367257125054964,0.09873342441067542,0.09028703310470325,9.622222222,10.87777778,11.51111111,13.86666667,15.811111109999999,19.51111111,21.08888889,22.7,19.1,17.08888889,11.64444444,8.811111111,15.13611111,1.273555827,1.788699093,1.560003561,1.719738352,2.475098202,2.028820128,3.496228126,2.101190139,1.485765796,1.458976049,1.9086062399999997,2.02697092,1.9436377029999998,114.3555556,105.9888889,77.72222222,33.72222222,22.15555556,2.855555556,4.555555556,0.566666667,4.066666667,21.08888889,31.97777778,88.64444444,42.30833334,103.1955197,74.6699311,66.01561894,19.86622623,17.22121592,3.9642499639999995,12.73990886,0.694622199,5.971390123,31.93933486,33.09017142,66.72338629,36.34096463,9.0,10.08888889,12.38888889,15.84444444,19.21111111,23.48888889,26.755555560000005,26.222222219999995,22.47777778,17.68888889,10.93333333,8.533333333,16.88611111,1.443086969,2.804658823,2.130401631,2.876243692,2.609810551,3.797842955,3.9793564530000003,3.021497054,2.724783376,3.42981211,4.192552922,1.790949469,2.900083,58.33333333,50.04444444,49.71111111,25.57777778,17.44444444,3.088888889,6.988888889,6.311111111,6.044444444,12.988888890000002,15.722222220000003,31.67777778,23.66111111,38.12404097,40.63837814,36.39232215,21.95579524,16.93532633,4.878382018,17.05377117,18.05079253,9.241497594,18.97297054,21.72664135,25.63541387,22.46711099,160.0,95.81,89996.70999999893,150291.16000000006
Confederated Tribes of Siletz Indians of Oregon,0.11800000000000001,0.162,3.11,2.0928e7,0.14699509492157176,0.22398957670834,3.6599417521936646,4.368122780244407e6,0.882,0.838,0.8530049050784283,0.77601042329166,0.06923147629753515,0.0606420186128458,0.001,0.021943374064358832,0.06923147629753515,0.2617034438739928,0.23774201099007888,0.0009999999999999998,0.16229224478307563,0.2609944233541183,6.988888889000001,10.34444444,9.022222222,10.812698416571429,14.6,16.18190475857143,19.94444444,18.567619046000004,16.761904760857142,14.144444440000001,9.542857142914286,8.444444444000002,12.946322750000002,3.402735827,1.6919745200000003,1.6323126060000002,2.6853667146285716,3.0224162520000006,2.889019665857143,3.1898711220000004,4.5215327414285715,3.2770779324857147,2.358024126,1.2743607360000002,1.736455521,2.6400956472857144,224.8444444,110.39492065714286,130.25555560000004,98.18888889,58.42222222000001,21.270476187142858,3.211111111,3.644444444000001,13.193650790857145,58.67777778000001,84.97777778000001,206.67777780000003,84.47992064085713,131.91639500000002,67.89700940171429,99.68770124,69.06273316,42.01847147,19.636892186,3.5261326000000004,3.364190509,10.619520879428572,54.99515383000001,58.84912442000001,126.28318160000003,57.32137552314287,5.455555556,6.6,7.511111111,9.7,11.788888889999999,14.56666667,18.06666667,17.1,15.33333333,10.83333333,6.8,4.277777778,10.66944444,2.507045627,1.95512148,1.944507935,1.607015868,1.366056774,2.099404678,3.475989068,1.343502884,1.208304597,2.454587542,2.154065923,3.933121463,2.170726987,206.73333329999997,137.4555556,145.9555556,83.92222222,71.52222222,76.21111111,11.5,13.56666667,50.666666670000005,106.2,180.0333333,210.0666667,107.8194444,111.548913,76.63747633,57.8399756,42.26321621,26.71056803,27.75763158,9.404387274000001,9.647927239,25.21105908,42.34760914,92.67906991,124.5413385,53.88243099,160.0,95.82,89996.70999999893,150291.16000000006
Lac du Flambeau Band of Lake Superior Chippewa Indians of the Lac du Flambeau Reservation of Wisconsin,0.12817862086592216,0.17829514552674172,2.9556308112762943,3.026562152179185e6,0.10968495714726743,0.19050520622053005,3.47905967019114,1.2132560286726276e6,0.8718213791340779,0.8217048544732583,0.8903150428527326,0.80949479377947,0.4757496053861486,0.4273640899765224,0.0009999999999999983,0.3738946144535463,0.4567980450095595,0.3339864563714868,0.32258080450025856,0.0009999999999999992,0.17468518712754935,0.2520980213224495,-7.513310672942136,-7.639770683884504,-0.5808345033396144,6.219841621793501,12.669913052890712,17.653629400225018,20.25280425654067,19.594501097334295,14.683431857639107,8.118030000720466,1.5511909159830428,-6.454179905935935,6.546270536510857,2.525726714125142,2.840772493230217,2.4656737440248255,1.8849041955875632,1.3274251175175125,1.8983862301879855,1.2501655817983812,1.3615896887429615,1.6442996067618039,1.7684967048845042,2.4594338219613188,3.68403046562015,2.0925753637790945,40.820387202336505,28.84441242361672,40.7170521447373,61.26417030015959,79.09383482358682,101.44142343055536,83.64654178703951,97.01941426929612,102.74376461681555,68.16461242836067,71.09106381966188,49.3007303144148,68.67895063074819,15.38898558265128,16.070761000507083,24.71095495256708,22.96598439224915,29.686636232928393,46.14418906866989,29.06391111724339,33.655086844112155,37.27283610605521,27.08845662169696,34.547642543165615,21.302073095671684,28.158126463311888,-11.0694444475,-9.594444444500002,-1.6722222224999999,4.8555555555,11.23888889,16.808333335,19.374999999999996,18.5527777775,13.563888887500003,6.2555555555,-0.93888888875,-9.41111111075,4.83032407425,1.975714236,2.56862996325,3.5888346857499998,2.3437890825,1.47281187275,2.7886072315,1.68843413975,1.90274094425,3.4131852169999997,2.1522604875,4.1313898375,4.78478769325,2.7342654495000005,26.0166666675,18.3,35.0250000025,52.1,80.63888889,108.0805555525,106.5472222075,120.10277780000001,121.3638889,85.89999999999999,55.59444444499999,39.991666665000004,70.80509259499999,12.709557644999999,8.46434325575,19.9473098775,26.597010112499998,41.007527405000005,37.686518344999996,40.609416785,52.681342595,67.69214029,38.546123375,30.245758925,29.199331837499997,33.78219837,19375.190000000006,11602.23,89996.70999999893,150291.16000000006
Turtle Mountain Band of Chippewa Indians of North Dakota,0.13768897655794587,0.18461668585923685,2.9417424817522106,3.0862295353096304e6,0.163,0.287,3.0799999999999996,1.245e6,0.8623110234420541,0.8153833141407631,0.837,0.7130000000000001,0.46784875469109316,0.4178866828025504,0.000999999999999999,0.36646806637103096,0.45498079779691225,0.47211367059826786,0.4338816922596933,0.0009999999999999983,0.44012508970137065,0.25859287262147046,-6.852222065713353,-7.230364321640428,-0.49027797330015477,6.119038903793885,12.55608428467126,17.501439141976622,20.149091932977598,19.592741722587622,14.774721165582134,8.286548719601853,2.0962707462307475,-5.707502307262843,6.73296416255919,2.516736417147545,2.92529461581923,2.5023947188537203,1.8077306542090648,1.3147895862451067,1.9145142237143442,1.3041434493870179,1.3765930582308872,1.547547250254117,1.719799970566942,2.2642624319617055,3.5409331140996736,2.0612282910236517,45.602315141735836,31.877962362545386,40.72190154482609,64.94203544656199,78.70640417990427,97.10778544207797,80.49382264181048,94.05730754970425,101.53450028338158,68.3316439061466,76.80897899180762,53.42178891650992,69.46720386805566,16.1333112791595,18.08176083335941,23.930894286505712,23.276652703096122,28.921997691975218,47.50737814022377,28.257345873668843,31.643024714975347,34.77212970965644,26.90496460154157,34.72152209700969,20.66783535218075,27.90156810703219,-12.06666667,-8.444444444,-2.4,6.711111111,11.888888890000002,17.32222222,20.37777778,18.2,12.688888890000001,7.444444443999999,-2.666666667,-11.11111111,4.828703704,5.946637705,7.142673013,4.118252056,3.229336017,1.8312867360000002,2.483333333,1.829465617,1.802775638,1.572771792,3.314404589,5.911429607,6.583966214000001,3.813861026,24.42222222,23.17777778,26.93333333,25.86666667,81.63333333,124.5333333,64.55555556,114.49999999999999,44.877777779999995,42.45555556,45.33333333,23.722222220000003,53.50092591999999,13.7255945,18.61597283,17.77427917,18.08272656,30.32329962,58.99898304,24.19447825,55.47571541,33.08964256,19.50756976,27.48463207,14.93425406,27.68392899,15412.990000000002,9229.580000000007,89996.70999999893,150291.16000000006
Iowa Tribe of Oklahoma,0.08801420285851483,0.13798579714148518,3.0098579714148515,633693.9877792826,0.13975319508103268,0.1996527236017709,3.0953847869353632,1.6059975356061919e7,0.9119857971414852,0.8620142028585148,0.8602468049189673,0.8003472763982291,0.7837322519303885,0.709081283341649,0.001,0.7798771340105015,0.7477697502447695,0.36977362712331197,0.346591050631513,0.22849308807949115,0.3400141395361012,0.3373905152488028,-7.549184149181818,-5.686480186090909,2.3471639472167833,9.206060606006995,14.994327894895104,20.87933178153846,22.85687645629371,21.834343436013988,17.217482515804196,9.766977466811188,1.122688422965035,-7.171561771839161,8.31816886853846,2.85584939313986,2.9307215081538462,2.059270586181818,2.0609810127412587,1.5172871553426575,1.6546860954195806,1.1031121697762236,1.4153983324335664,1.9831521526363636,1.650580442006993,3.6901330304545454,4.334265988405594,2.2712864892237765,15.354079254055945,12.54965034965035,41.940093240629366,64.56728826727273,108.72571869790211,121.35827508041956,90.80885780496503,110.0939393937063,89.20699300867132,45.39005439118881,28.980186477972026,23.783916081678324,62.72992100356644,8.949766821,11.22295954062937,25.763910562167833,36.905353676223775,41.93791482209791,61.4089681951049,51.741334440279715,47.829665443986016,48.07741131923076,18.44050459,27.835466023776224,25.738397835874128,33.820971107902096,4.185185185333333,5.914814815,11.488888886666667,16.30740740666667,20.78888889,26.15555555333333,28.451851849999997,28.655555556666666,24.47037037,17.225925926666665,10.781481483333332,4.1148148146666665,16.545061729999997,2.121187927333333,2.7037127056666663,1.2723781936666667,1.1874893223333334,0.8917007979999999,1.4894532489999999,1.3141346936666667,1.497624087,1.4595135143333333,1.1565946233333333,2.0797091576666666,2.740119569,1.6594681536666667,55.485185183333336,57.744444446666655,106.10000003333333,96.63333333333334,164.0333333333333,149.55555556666667,88.46296297,78.79259259333332,91.41111111000001,82.41111111333332,57.25185185333333,49.97037036999999,89.82098765999999,25.49053576333333,47.18337425,62.761130923333326,46.06262642,81.58725282999998,73.10297097333331,57.802431379999994,58.18912381333333,49.06311094,60.569779579999995,49.0676961,43.26133085666667,54.511780316666666,320.0,191.62,89996.70999999893,150291.16000000006
Lower Sioux Indian Community in the State of Minnesota,0.0759056472229417,0.12959069312837312,3.027596797994782,1.0527529826274638e6,0.08596111683618819,0.15390668040685168,2.97,668455.6357066348,0.9240943527770583,0.8704093068716269,0.9140388831638118,0.8460933195931484,0.7713773342674858,0.6482524111313649,0.000994479674789815,0.7582003641290187,0.7067893748500573,0.5803819613198582,0.4863029892632946,0.0009999999999999994,0.46303554829287247,0.5458192991992524,-9.278158231404722,-7.702641344645527,0.917217076866405,8.412742071190577,14.592378455806909,19.975925406671347,22.377163439079432,21.164926560864437,16.388867059769858,8.895936632909637,0.5148938160696047,-8.610771197426049,7.304039978916367,2.6601823001347182,3.1260461302354794,2.294913674880158,2.4827107915610465,1.5916590628784735,1.726619546333428,1.10524099524558,1.6435346327050244,1.726713704986529,2.174767024692675,3.0742330677039034,3.9404022119200146,2.295585261963234,18.69496990783329,15.099104998621952,43.521034084847045,55.518221226034285,97.08300123148483,124.92258084705588,97.11021923026661,101.2465462969436,96.22629182180194,52.87194935659,42.93958586724392,28.155371564223962,64.44907303641315,10.922384489863038,9.183352151671345,26.36377048185799,27.751462412722443,31.883963420137537,44.44333928513334,41.13384756237442,29.379000053522322,56.665108672312684,20.35133216144822,32.275839576247556,20.54918895828516,29.241882434717944,-6.95,-6.7166666665,1.961111111,10.133333332000001,15.894444440000001,21.22222222,24.16666667,22.455555555000004,16.527777775,10.572222224499999,2.6777777780000003,-7.7944444445,8.6791666665,6.3744411415,6.0100261040000005,4.1298857705,4.1001271255,2.9315496289999996,2.4396181425,2.976171996,2.3907553234999996,1.854171108,3.969412613,7.024728618,6.034274777499999,4.186263529500001,17.31111111,16.57222222,48.883333335,73.577777775,107.96666665,119.28333334999999,99.13888887,90.294444445,90.055555555,61.533333330000005,40.877777775,36.07222222,66.79722222,12.73250428,11.777770735,43.121797640000004,63.208130340000004,32.600553305,47.68591859,37.419706700000006,32.273634675,60.147020190000006,48.955865275,33.777788705,39.763959230000005,38.622054139999996,7339.89,4395.179999999998,89996.70999999893,150291.16000000006
"Sisseton-Wahpeton Oyate of the Lake Traverse Reservation, South Dakota",0.0759056472229417,0.12959069312837312,3.027596797994782,1.0527529826274638e6,0.11214925497075916,0.19534231111152073,3.2900084327863044,603523.7579688856,0.9240943527770583,0.8704093068716269,0.8878507450292409,0.8046576888884793,0.7713773342674858,0.6482524111313649,0.000994479674789815,0.7582003641290187,0.7067893748500573,0.5103898714529328,0.4724132621246572,0.0011968059481771097,0.47224784018365284,0.40931289485601785,-9.278158231404722,-7.702641344645527,0.917217076866405,8.412742071190577,14.592378455806909,19.975925406671347,22.377163439079432,21.164926560864437,16.388867059769858,8.895936632909637,0.5148938160696047,-8.610771197426049,7.304039978916367,2.6601823001347182,3.1260461302354794,2.294913674880158,2.4827107915610465,1.5916590628784735,1.726619546333428,1.10524099524558,1.6435346327050244,1.726713704986529,2.174767024692675,3.0742330677039034,3.9404022119200146,2.295585261963234,18.69496990783329,15.099104998621952,43.521034084847045,55.518221226034285,97.08300123148483,124.92258084705588,97.11021923026661,101.2465462969436,96.22629182180194,52.87194935659,42.93958586724392,28.155371564223962,64.44907303641315,10.922384489863038,9.183352151671345,26.36377048185799,27.751462412722443,31.883963420137537,44.44333928513334,41.13384756237442,29.379000053522322,56.665108672312684,20.35133216144822,32.275839576247556,20.54918895828516,29.241882434717944,-8.781944444,-5.9375,0.25972222224999997,8.799999999874998,14.55694444375,19.79166666625,22.345833331250002,21.45833333375,15.102777777500002,9.116666665875,0.775000000125,-8.625000000125,7.40520833325,5.8082424206250005,6.642718719124999,3.7852824075,3.4279664366250007,2.331449296125,2.7466367932500004,1.9511105431250002,2.4630968531249997,1.960214626875,3.0893825335,7.267888268000001,6.4231473365000005,3.991428019625,22.069444445,22.45138888875,42.73611111,40.1791666675,71.2125,106.65694444999998,81.52916666625002,71.20277777625,70.493055555,51.550000001250005,32.7138888875,38.550000000000004,54.278703705,30.02263383875,35.22965207675,39.6465394,35.779493575000004,33.847985953750005,40.04073055875,44.126906713749996,36.05342494625,39.173957727499996,29.5110065425,29.157018672499998,58.527201622499994,37.59304596875,7339.89,4395.179999999998,89996.70999999893,150291.16000000006
Ottawa Tribe of Oklahoma,0.14865152208916946,0.1950653737320395,3.096123714278461,1.8938427593709736e6,0.17,0.264,2.98,2.716e6,0.8513484779108306,0.8049346262679605,0.83,0.736,0.32800023395587047,0.31898468778138217,0.001,0.23552038488789104,0.31652726532993086,0.4780943928794326,0.3988664893809669,0.40704688497285985,0.40809066348802603,0.4644947640599661,-7.414490213437336,-8.221375011909728,-1.5483883533383,4.974009154038564,11.533615736099915,16.238981399631903,19.083162914995615,18.808296816275195,14.040870580008766,7.678332846184048,1.7195832115328662,-6.028736975612621,5.905321842312883,2.6929278176853644,3.061461747238387,2.545347783943909,1.8852796881007887,1.3514214534373359,2.013430429982472,1.3971643777519718,1.224662469280456,1.8133148070315512,1.7989087947668707,2.2429044954022785,3.518750262213848,2.1287978440254167,54.79406952937774,33.01001071332165,37.691683706958806,60.04699581042947,66.8903009057318,90.29628006851009,71.93565098946539,81.59134287829976,101.77670657723925,75.5584477573094,77.52729574403158,61.535894440350575,67.72122326120072,18.570597081349696,17.875763647318145,20.939251177291855,29.361419306170035,27.32180330489045,48.2244013551008,24.857677918650307,26.476610099964944,36.551778717458376,30.4082986094829,29.623507629929886,24.488449692541632,27.89162988035057,2.366666667,4.044444444,10.13333333,14.76666667,19.06666667,24.65555556,27.03333333,26.93333333,22.766666670000003,15.62222222,9.455555556,2.6444444439999995,14.957407410000002,2.752271789,2.831126592,1.393735986,1.220655562,0.916515139,1.460403293,1.5337861649999998,1.503329638,1.607793519,1.170232645,2.295163998,3.22765825,1.826056048,70.84444444,67.93333333,110.95555560000001,99.27777778000001,181.7666667,125.4333333,85.38888888999999,83.27777778,101.50000000000001,81.12222222,91.97777778,75.38888889,97.90555556,45.5720888,47.98484136,54.463958520000006,41.91061255000001,82.35030358,47.23314514,55.21570077,62.81589723,51.08125879,60.68959503,80.40044741,74.14164559,58.6549579,2481.83,1486.1699999999996,89996.70999999893,150291.16000000006
"Bay Mills Indian Community, Michigan",0.13768897655794587,0.18461668585923685,2.9417424817522106,3.0862295353096304e6,0.16199999999999998,0.208,2.99,3.1e6,0.8623110234420541,0.8153833141407631,0.8380000000000001,0.792,0.46784875469109316,0.4178866828025504,0.000999999999999999,0.36646806637103096,0.45498079779691225,0.41721857432810644,0.4053321426388563,0.0009999999999999998,0.2547859970801446,0.3191620777042448,-6.852222065713353,-7.230364321640428,-0.49027797330015477,6.119038903793885,12.55608428467126,17.501439141976622,20.149091932977598,19.592741722587622,14.774721165582134,8.286548719601853,2.0962707462307475,-5.707502307262843,6.73296416255919,2.516736417147545,2.92529461581923,2.5023947188537203,1.8077306542090648,1.3147895862451067,1.9145142237143442,1.3041434493870179,1.3765930582308872,1.547547250254117,1.719799970566942,2.2642624319617055,3.5409331140996736,2.0612282910236517,45.602315141735836,31.877962362545386,40.72190154482609,64.94203544656199,78.70640417990427,97.10778544207797,80.49382264181048,94.05730754970425,101.53450028338158,68.3316439061466,76.80897899180762,53.42178891650992,69.46720386805566,16.1333112791595,18.08176083335941,23.930894286505712,23.276652703096122,28.921997691975218,47.50737814022377,28.257345873668843,31.643024714975347,34.77212970965644,26.90496460154157,34.72152209700969,20.66783535218075,27.90156810703219,-7.5166666665,-8.283333333499998,-1.538888889,5.027777778000001,11.52222222,15.85,19.122222224999998,18.955555554999997,14.2,7.972222222,2.0333333335,-5.655555555499999,5.974074074,3.0342484695,3.056993822,2.9335206694999996,1.8240094405000002,1.969411485,2.315657823,2.2045738845,1.3994132989999999,2.329952648,1.769175706,2.9133965434999998,4.6589907915,2.5341120485,63.01666666500001,36.733333335000005,45.916666664999994,61.87777778,67.46666667,98.077777795,63.55555556,78.49444444500001,102.81111112,83.61111111,78.67777777999999,73.21111110999999,71.120833335,23.809351314999997,20.771796065,30.71320093,34.992523170000005,32.677356815,48.795490550000004,24.533962154999998,28.648395760000003,40.633281935,35.312558095,22.95180644,40.11374818,31.99612262,15412.990000000002,9229.580000000007,89996.70999999893,150291.16000000006
"Santa Rosa Indian Community of the Santa Rosa Rancheria, California",0.068,0.077,3.98,3.5204e7,0.144,0.211,3.07,1.1253e7,0.9319999999999999,0.923,0.856,0.789,0.20915372829613718,0.20915372829613718,0.02988107522142129,0.0910383807405545,0.1471433469511767,0.05659125331072332,0.05659125331072332,0.007363863468565379,0.016205128083011954,0.001,9.622222222,10.87777778,11.51111111,13.86666667,15.811111109999999,19.51111111,21.08888889,22.7,19.1,17.08888889,11.64444444,8.811111111,15.13611111,1.273555827,1.788699093,1.560003561,1.719738352,2.475098202,2.028820128,3.496228126,2.101190139,1.485765796,1.458976049,1.9086062399999997,2.02697092,1.9436377029999998,114.3555556,105.9888889,77.72222222,33.72222222,22.15555556,2.855555556,4.555555556,0.566666667,4.066666667,21.08888889,31.97777778,88.64444444,42.30833334,103.1955197,74.6699311,66.01561894,19.86622623,17.22121592,3.9642499639999995,12.73990886,0.694622199,5.971390123,31.93933486,33.09017142,66.72338629,36.34096463,7.3,7.411111111,10.88888889,14.333333329999999,17.88888889,21.74444444,24.76666667,24.2,20.66666667,16.51111111,9.322222222,6.622222222000001,15.13796296,2.880104165,8.599483189,3.761131626,3.9363688849999994,3.002267661,3.2806672760000004,3.2101401839999997,2.556364606,3.4503623,3.958043849,5.690074204,3.6217322440000004,3.995561682,55.01111111,41.66666667,37.93333333,20.13333333,15.811111109999999,3.333333333,7.588888889,8.6,2.688888889,11.0,14.78888889,29.94444444,20.70833333,33.70621028,24.131255669999998,33.43845092,13.057373399999998,13.909389309999998,5.421485036,18.99331754,24.18553287,4.547923824,11.82729893,16.78536896,25.129917979999995,18.76112706,160.0,95.81,89996.70999999893,150291.16000000006
"Sac & Fox Nation, Oklahoma",0.08801420285851483,0.13798579714148518,3.0098579714148515,633693.9877792826,0.15553519771414284,0.22809787345611396,3.053165304180015,3.9693318905893113e6,0.9119857971414852,0.8620142028585148,0.8444648022858572,0.771902126543886,0.7837322519303885,0.709081283341649,0.001,0.7798771340105015,0.7477697502447695,0.39319529980311285,0.3661602502035588,0.25715685083116135,0.3556197790075648,0.3405914773493788,-7.549184149181818,-5.686480186090909,2.3471639472167833,9.206060606006995,14.994327894895104,20.87933178153846,22.85687645629371,21.834343436013988,17.217482515804196,9.766977466811188,1.122688422965035,-7.171561771839161,8.31816886853846,2.85584939313986,2.9307215081538462,2.059270586181818,2.0609810127412587,1.5172871553426575,1.6546860954195806,1.1031121697762236,1.4153983324335664,1.9831521526363636,1.650580442006993,3.6901330304545454,4.334265988405594,2.2712864892237765,15.354079254055945,12.54965034965035,41.940093240629366,64.56728826727273,108.72571869790211,121.35827508041956,90.80885780496503,110.0939393937063,89.20699300867132,45.39005439118881,28.980186477972026,23.783916081678324,62.72992100356644,8.949766821,11.22295954062937,25.763910562167833,36.905353676223775,41.93791482209791,61.4089681951049,51.741334440279715,47.829665443986016,48.07741131923076,18.44050459,27.835466023776224,25.738397835874128,33.820971107902096,4.362962963,6.088888889,11.674074073333333,16.41851852,20.677777776666662,26.196296293333333,28.500000000000004,28.733333333333327,24.496296296666667,17.281481483333334,10.999999999999998,4.348148148,16.64814815,2.149084097,2.681373451,1.2763990230000002,1.151716427,1.0595884306666667,1.4873687423333333,1.3218946273333332,1.4641091223333333,1.4335329463333333,1.1700262426666665,2.080993908,2.807891405,1.6736648683333333,58.89259259333333,58.03333333666666,101.04814816333332,101.50740740999998,173.31481483333332,141.05925923333334,90.40000000666666,77.64814814666666,97.20740741666665,83.96666666666667,61.31851852,54.48888888666666,91.57376543666666,28.94570754333333,43.32953365333333,54.24677958,50.03438720666666,91.69121505333332,71.05666303666666,57.7591921,58.256499829999996,46.98003915333332,61.222441133333334,51.08909218333333,49.05897917666667,55.30587747,320.0,191.62,89996.70999999893,150291.16000000006
Red Cliff Band of Lake Superior Chippewa Indians of Wisconsin,0.12817862086592216,0.17829514552674172,2.9556308112762943,3.026562152179185e6,0.102,0.2,3.11,799000.0,0.8718213791340779,0.8217048544732583,0.898,0.8,0.4757496053861486,0.4273640899765224,0.0009999999999999983,0.3738946144535463,0.4567980450095595,0.3898746888540367,0.3594329541138747,0.0009999999999999992,0.2930919896637415,0.3754110297657588,-7.513310672942136,-7.639770683884504,-0.5808345033396144,6.219841621793501,12.669913052890712,17.653629400225018,20.25280425654067,19.594501097334295,14.683431857639107,8.118030000720466,1.5511909159830428,-6.454179905935935,6.546270536510857,2.525726714125142,2.840772493230217,2.4656737440248255,1.8849041955875632,1.3274251175175125,1.8983862301879855,1.2501655817983812,1.3615896887429615,1.6442996067618039,1.7684967048845042,2.4594338219613188,3.68403046562015,2.0925753637790945,40.820387202336505,28.84441242361672,40.7170521447373,61.26417030015959,79.09383482358682,101.44142343055536,83.64654178703951,97.01941426929612,102.74376461681555,68.16461242836067,71.09106381966188,49.3007303144148,68.67895063074819,15.38898558265128,16.070761000507083,24.71095495256708,22.96598439224915,29.686636232928393,46.14418906866989,29.06391111724339,33.655086844112155,37.27283610605521,27.08845662169696,34.547642543165615,21.302073095671684,28.158126463311888,-10.511111109999998,-9.011111111,-1.055555556,5.411111111,11.45555556,17.07777778,19.97777778,19.23333333,14.333333329999999,7.355555556,-0.455555556,-5.866666667,5.662037036999999,1.811383756,2.467004481,2.622551768,2.100859612,1.313498298,2.313426991,1.023203032,1.142365966,2.131900561,2.107789785,2.453625436,11.36914685,2.7380630450000005,45.3,16.61111111,35.88888889,67.92222222,78.35555556,96.96666667,94.4,118.4222222,103.7111111,81.19999999999999,60.15555556,35.45555556,69.53240741,63.599705189999995,7.239724519,23.23657916,48.77324517,44.14261295,28.03952567,36.93599193,65.56301888,73.02301768,36.56025848,33.1377093,15.76539812,39.66806559,19375.190000000006,11602.23,89996.70999999893,150291.16000000006
"Keweenaw Bay Indian Community, Michigan",0.13768897655794587,0.18461668585923685,2.9417424817522106,3.0862295353096304e6,0.14815519240857197,0.19350437532785894,3.281464417528541,694037.6384049678,0.8623110234420541,0.8153833141407631,0.851844807591428,0.8064956246721411,0.46784875469109316,0.4178866828025504,0.000999999999999999,0.36646806637103096,0.45498079779691225,0.3080354822853061,0.3010273966300051,0.0010000000000000009,0.17698826921915167,0.2778520819974505,-6.852222065713353,-7.230364321640428,-0.49027797330015477,6.119038903793885,12.55608428467126,17.501439141976622,20.149091932977598,19.592741722587622,14.774721165582134,8.286548719601853,2.0962707462307475,-5.707502307262843,6.73296416255919,2.516736417147545,2.92529461581923,2.5023947188537203,1.8077306542090648,1.3147895862451067,1.9145142237143442,1.3041434493870179,1.3765930582308872,1.547547250254117,1.719799970566942,2.2642624319617055,3.5409331140996736,2.0612282910236517,45.602315141735836,31.877962362545386,40.72190154482609,64.94203544656199,78.70640417990427,97.10778544207797,80.49382264181048,94.05730754970425,101.53450028338158,68.3316439061466,76.80897899180762,53.42178891650992,69.46720386805566,16.1333112791595,18.08176083335941,23.930894286505712,23.276652703096122,28.921997691975218,47.50737814022377,28.257345873668843,31.643024714975347,34.77212970965644,26.90496460154157,34.72152209700969,20.66783535218075,27.90156810703219,-10.75313311811417,-9.937411021344342,-2.879549978121383,4.166432762316812,10.95053524469786,15.44806523751297,18.703982565785022,18.060411353563488,12.539935594371975,6.385231445046881,-1.0276152170924295,-8.853728788220348,4.400263006951593,2.506680883580614,2.765941399948119,2.281161490533703,2.0076373850565865,1.6810891340704839,1.9806895500776087,1.7796305207549035,1.485788987018354,2.415556752487656,1.461979543438165,3.2949389568682816,4.853760250431289,2.3762379047199986,35.58576163736755,30.20059258127496,44.63092261941302,52.431933817294684,71.38305773289046,102.15695114690898,93.88035300707405,90.18707922763582,115.6750559466517,88.14417470345603,62.042219259899134,52.93329358528733,69.93761627377677,16.407084843324828,25.354934532082506,27.855496099768377,30.00023377297153,23.69456030893643,36.88062411008019,25.390481260745887,35.905235220854514,49.971600303144655,31.89544116199768,28.665717609829798,34.29182700569809,30.526103017769962,15412.990000000002,9229.580000000007,89996.70999999893,150291.16000000006
Sac & Fox Tribe of the Mississippi in Iowa,0.08801420285851483,0.13798579714148518,3.0098579714148515,633693.9877792826,0.089,0.146,2.86,742000.0,0.9119857971414852,0.8620142028585148,0.911,0.854,0.7837322519303885,0.709081283341649,0.001,0.7798771340105015,0.7477697502447695,0.5471746797911756,0.4255116988633711,0.0010000000000000005,0.4407211511876534,0.5382937960365421,-7.549184149181818,-5.686480186090909,2.3471639472167833,9.206060606006995,14.994327894895104,20.87933178153846,22.85687645629371,21.834343436013988,17.217482515804196,9.766977466811188,1.122688422965035,-7.171561771839161,8.31816886853846,2.85584939313986,2.9307215081538462,2.059270586181818,2.0609810127412587,1.5172871553426575,1.6546860954195806,1.1031121697762236,1.4153983324335664,1.9831521526363636,1.650580442006993,3.6901330304545454,4.334265988405594,2.2712864892237765,15.354079254055945,12.54965034965035,41.940093240629366,64.56728826727273,108.72571869790211,121.35827508041956,90.80885780496503,110.0939393937063,89.20699300867132,45.39005439118881,28.980186477972026,23.783916081678324,62.72992100356644,8.949766821,11.22295954062937,25.763910562167833,36.905353676223775,41.93791482209791,61.4089681951049,51.741334440279715,47.829665443986016,48.07741131923076,18.44050459,27.835466023776224,25.738397835874128,33.820971107902096,-6.2944444445,-3.900000000000001,3.5,11.77777778,15.66111111,21.37777778,23.005555555000004,23.21111111,17.4,12.594444445,3.6388888889999995,-5.4444444445,9.710648149,2.8703157630000002,6.7717088604999995,2.253520582,3.1569618415,2.8850721604999996,1.7800995355000002,3.138000564,2.420572832,2.069651141,3.098463133,4.577746697,5.638608305,3.3883934515000003,28.35,42.61666667,53.044444445,66.388888885,97.9388889,136.64444445,116.46666665,85.56666667,76.422222225,47.105555555,46.96111111,31.766666665,69.10601852,10.077731561000002,52.79562521,47.132971135000005,42.737579505,41.319579805000004,54.120409695,55.897962314999994,34.315349485,40.16593805,32.580892215000006,21.917136005,20.972074079499997,37.83610409,320.0,191.62,89996.70999999893,150291.16000000006
"Minnesota Chippewa Tribe, Minnesota (White Earth Band)",0.12689437612601057,0.17804390705498183,2.9689754438382723,2.9582938303209785e6,0.11834742200013683,0.1993088046107159,3.207511621293201,919555.8172685613,0.8731056238739894,0.8219560929450181,0.8816525779998632,0.8006911953892841,0.4778338693720122,0.4277814531309507,0.0009999999999999974,0.37365955613993707,0.458919294726705,0.5055306152521707,0.45602032210137156,0.000999207007893245,0.4437247194878268,0.41562371204401255,-7.659171807581784,-7.721242525131461,-0.5762201895968944,6.2567621546863394,12.703013544073604,17.698614952502666,20.291985156999566,19.614931812396293,14.693532108596042,8.10472712660286,1.4503249899254427,-6.61096338829547,6.520524494703356,2.5218539453730084,2.8267184503130207,2.4672024663616225,1.9043660688716229,1.328726998304935,1.899034224432675,1.2322089682817476,1.360215598568283,1.6502831406876186,1.778493564225483,2.488018004168796,3.6983596276542205,2.0962900881828315,39.93308515973195,28.301479590264854,40.50709305396937,60.49814578492235,79.28359450718997,102.1681521619305,84.5077867613987,97.19601503080084,101.75223001432781,67.80453567767177,69.69210097185591,48.090438205642464,68.31122141078174,15.249203463309918,15.637549893549771,24.588028406494384,22.77629020162431,30.508095174715997,45.960317716968696,29.279841017950417,33.88213541237818,37.3696582923027,26.912412192358,34.300122841506074,20.9311217037811,28.116231359953197,-12.719444443750001,-9.461111110500001,-0.16527777775000005,6.290277777749999,12.791666665000001,18.47499999875,20.343055555000003,19.966666667500004,15.605555552500002,6.9680555557499995,-1.161111111,-10.1888888875,5.56203703675,2.74577422325,4.55455111975,5.240869173875,2.6607747827500003,1.63897104,3.0741594869999997,0.8473364478750001,2.32647564075,4.0102699545,1.949229490875,5.5407228365000005,7.124164336749999,3.4761082113749997,27.3375,13.606944446249997,28.788888890000006,46.95833333375,76.87777777625,110.23888888625001,109.94583333374999,94.61111110875,68.92499999750001,62.016666667500004,48.20833333375,29.8805555575,59.78298611249999,32.96237615175,4.400743563125,17.506284631249997,40.588957093750004,53.15299063999999,36.926364843749994,69.27872562124999,34.25627289125,33.912939962500005,24.699866487500007,42.04676240125,30.078967835,34.984271012499995,20175.190000000006,12081.279999999999,89996.70999999893,150291.16000000006
"Red Lake Band of Chippewa Indians, Minnesota",0.13768897655794587,0.18461668585923685,2.9417424817522106,3.0862295353096304e6,0.11507606487772835,0.19397422746647938,3.0991888017268265,2.0500151232760958e6,0.8623110234420541,0.8153833141407631,0.8849239351222716,0.8060257725335206,0.46784875469109316,0.4178866828025504,0.000999999999999999,0.36646806637103096,0.45498079779691225,0.395259166697987,0.3540487022656854,0.0009995721386098493,0.2911338326121937,0.26578617438860946,-6.852222065713353,-7.230364321640428,-0.49027797330015477,6.119038903793885,12.55608428467126,17.501439141976622,20.149091932977598,19.592741722587622,14.774721165582134,8.286548719601853,2.0962707462307475,-5.707502307262843,6.73296416255919,2.516736417147545,2.92529461581923,2.5023947188537203,1.8077306542090648,1.3147895862451067,1.9145142237143442,1.3041434493870179,1.3765930582308872,1.547547250254117,1.719799970566942,2.2642624319617055,3.5409331140996736,2.0612282910236517,45.602315141735836,31.877962362545386,40.72190154482609,64.94203544656199,78.70640417990427,97.10778544207797,80.49382264181048,94.05730754970425,101.53450028338158,68.3316439061466,76.80897899180762,53.42178891650992,69.46720386805566,16.1333112791595,18.08176083335941,23.930894286505712,23.276652703096122,28.921997691975218,47.50737814022377,28.257345873668843,31.643024714975347,34.77212970965644,26.90496460154157,34.72152209700969,20.66783535218075,27.90156810703219,-13.377083334375003,-10.441666666187503,-1.1722222221875003,5.497916666750001,12.163888888125005,17.589583333750003,19.738888887500003,19.050694444375008,14.422916667500004,6.118055555500002,-2.0027777778125007,-10.886111111187505,4.725173611125001,3.239558577000001,4.740151681437502,5.836849206437501,2.3525969980625003,1.5385293032500005,3.2169396236875016,1.1358766636250002,2.491901402562501,4.436559044,1.8667898656250006,6.085544290312502,8.940832229000003,3.8235107405,34.59791666812501,16.013888888750003,26.490972223125006,45.418055554375,74.53750000000002,112.1305555625,96.08819444000005,109.20972222562506,70.80486111062501,60.79305555625002,54.77152777812503,34.51458333250001,61.28090277937501,44.884765284312515,5.460241235687502,18.683556993937504,40.33953910437502,40.998640076875006,40.98043222687502,47.935730132500005,50.540682818750014,37.25651293500001,29.321915353750008,39.608405002500014,38.32811582325001,36.19487808187501,15412.990000000002,9229.580000000007,89996.70999999893,150291.16000000006
Saginaw Chippewa Indian Tribe of Michigan,0.13768897655794587,0.18461668585923685,2.9417424817522106,3.0862295353096304e6,0.13899363584647279,0.1340288262128662,2.770181553006367,4.622436133448231e6,0.8623110234420541,0.8153833141407631,0.8610063641535273,0.8659711737871338,0.46784875469109316,0.4178866828025504,0.000999999999999999,0.36646806637103096,0.45498079779691225,0.5336696558646482,0.46853341867930126,0.0009888662243202062,0.4398799739291396,0.5230238268775373,-6.852222065713353,-7.230364321640428,-0.49027797330015477,6.119038903793885,12.55608428467126,17.501439141976622,20.149091932977598,19.592741722587622,14.774721165582134,8.286548719601853,2.0962707462307475,-5.707502307262843,6.73296416255919,2.516736417147545,2.92529461581923,2.5023947188537203,1.8077306542090648,1.3147895862451067,1.9145142237143442,1.3041434493870179,1.3765930582308872,1.547547250254117,1.719799970566942,2.2642624319617055,3.5409331140996736,2.0612282910236517,45.602315141735836,31.877962362545386,40.72190154482609,64.94203544656199,78.70640417990427,97.10778544207797,80.49382264181048,94.05730754970425,101.53450028338158,68.3316439061466,76.80897899180762,53.42178891650992,69.46720386805566,16.1333112791595,18.08176083335941,23.930894286505712,23.276652703096122,28.921997691975218,47.50737814022377,28.257345873668843,31.643024714975347,34.77212970965644,26.90496460154157,34.72152209700969,20.66783535218075,27.90156810703219,-5.844444444,-6.211111111,0.47777777800000004,6.85,13.155555555000001,18.411111110000004,21.027777775,20.56111111,15.86111111,9.161111111,3.1833333335000003,-4.3722222225,7.688425925000001,2.6107389175,3.4453497285,2.806400843,2.316148878,1.6434470475,2.038067056,1.2321024194999999,1.5227663275,1.5710362475,1.8715594384999998,1.8671989985,2.7841852819999997,2.1424167655,44.755555555,36.544444444999996,39.866666665000004,62.16666666500001,79.13888889,83.27222221999999,73.02222222500001,93.594444445,95.05555556,72.71666667000001,86.005555555,47.077777775,67.76805556,21.083716084999995,23.640465085,25.28618533,24.935347065,38.084367895,33.92055921,18.265125245,33.45871754,34.82351091,35.32456457,38.420027479999995,21.01300144,29.021298990000002,15412.990000000002,9229.580000000007,89996.70999999893,150291.16000000006
Confederated Tribes of the Grand Ronde Community of Oregon,0.11800000000000001,0.162,3.11,2.0928e7,0.11133206421880118,0.16516983945299707,3.3808682339829677,6.484871961505077e6,0.882,0.838,0.8886679357811988,0.834830160547003,0.06923147629753515,0.0606420186128458,0.001,0.021943374064358832,0.06923147629753515,0.43307982020641783,0.38514582882159737,0.0010000000000000009,0.30186771556228537,0.42288027800832795,6.988888889000001,10.34444444,9.022222222,10.812698416571429,14.6,16.18190475857143,19.94444444,18.567619046000004,16.761904760857142,14.144444440000001,9.542857142914286,8.444444444000002,12.946322750000002,3.402735827,1.6919745200000003,1.6323126060000002,2.6853667146285716,3.0224162520000006,2.889019665857143,3.1898711220000004,4.5215327414285715,3.2770779324857147,2.358024126,1.2743607360000002,1.736455521,2.6400956472857144,224.8444444,110.39492065714286,130.25555560000004,98.18888889,58.42222222000001,21.270476187142858,3.211111111,3.644444444000001,13.193650790857145,58.67777778000001,84.97777778000001,206.67777780000003,84.47992064085713,131.91639500000002,67.89700940171429,99.68770124,69.06273316,42.01847147,19.636892186,3.5261326000000004,3.364190509,10.619520879428572,54.99515383000001,58.84912442000001,126.28318160000003,57.32137552314287,3.688888889,5.122222222,7.155555556,10.26666667,12.01111111,14.988888889999998,17.92222222,17.37777778,15.3,10.51111111,5.977777778,4.222222222,10.3787037,5.599206293,2.986125323,1.406334874,3.506779149,1.7531717289999997,3.335207806,2.81415075,2.347753063,1.385640646,3.286124026,3.124411056,2.673844506,2.851562435,222.56666669999998,144.4222222,142.8222222,89.33333333,70.64444444,66.87777778,18.16666667,20.71111111,46.05555556,120.93333329999999,203.6777778,253.3888889,116.6333333,103.84198329999998,82.00258804,33.72946701,48.28397766999999,33.79508511,24.02299824,22.71508309,16.21476522,25.47101839,55.11887154,99.68117647999999,108.7163447,54.46611323,160.0,95.82,89996.70999999893,150291.16000000006
"Kaw Nation, Oklahoma",0.12837806151836603,0.2009886559083767,3.05642577572493,691590.854419843,0.1572025342021524,0.2475822789458459,3.078987237184675,3.812518868809298e6,0.8716219384816339,0.7990113440916233,0.8427974657978476,0.752417721054154,0.5680292915846589,0.5275476459464578,0.11748371137815274,0.534144094419576,0.5095094627261848,0.4384815857878812,0.39364080066475143,0.3051784800557644,0.41531873052694734,0.3356202459152568,-2.239741745566586,-0.2112446908538839,6.60353130557645,12.212190024327986,17.11012124882244,23.53612481060111,26.22766132467017,25.269653375860056,20.766115222339703,13.51617344673859,5.738625153970719,-1.7963727905052405,12.227736392231819,2.5318534371094326,3.114612999305795,1.5669759629355726,1.5829468215813818,1.6238256966125153,1.464663239375154,1.3366915346532051,1.769893123439889,1.711375221202527,1.3782262453054874,2.943591569467942,3.0538929463474114,2.00654573301418,26.70095903668002,25.675489793668305,61.413734756020354,57.020636388403204,110.57818880980578,115.18944376670157,96.5953486781011,96.20157212388716,69.09608507768499,45.21543704953761,35.99941772803022,28.435045899173854,64.01011325890568,13.374355603239827,18.040829153731803,28.515261403523446,25.91856010273428,64.35482668042543,44.94248506601726,39.7607147739889,43.44941875331382,48.63465807157833,29.73782199997532,27.33027038588471,28.84446020559186,34.40863851724414,2.6055555554999996,4.399999999999999,10.584382177196996,15.530817768049246,20.079351044203495,25.977777779999997,28.405555554999996,28.272222219999996,23.832782269493066,16.772222224999997,9.794444444499996,3.02125328770871,15.77303036317959,2.192049267,2.8467459364999996,1.375409552453774,1.3943296068574083,1.102995816433708,1.5461411084999996,1.4531096855,1.7075719259999997,1.517713316756704,1.3516941894999996,2.0105198664999993,2.7782618706972046,1.7730451788460666,43.32777777999999,47.822222225,86.69999999999999,88.02222221999997,141.86111114999997,149.3777778,106.43333329999997,94.77222222499996,76.67222222499998,73.87222221999998,49.67222222,44.81666666999999,83.61250000499999,25.989375079999995,34.83180871999999,47.60368078999999,40.102691695,81.49107882999998,76.73613896999998,58.851854724999995,64.37513860499998,49.79214945,50.7357575,47.12872787,39.522306015,51.43005902499999,7622.4800000000005,4564.499999999999,89996.70999999893,150291.16000000006
Quapaw Nation,0.17229160915969208,0.24418386004910192,2.915103160294611,6.547594567068451e6,0.1457554589727914,0.21181380233662359,2.864576473087522,2.4870018109975327e6,0.8277083908403079,0.755816139950898,0.8542445410272086,0.7881861976633764,0.23050344789343188,0.1717985484955745,0.20972264252369907,0.11188374200166915,0.20171394429115558,0.44931690071197544,0.3877984213366738,0.3990737959707061,0.38030171611103697,0.43664698538061997,-0.6301247771604278,1.0710041592727273,2.211586452647059,6.778371955058824,11.945929889358288,16.996137849786095,19.51336898695187,20.1,18.717765892834223,11.264052284598932,2.870172311433155,0.955555556,9.316151713090909,3.653870075566845,4.642649886935829,3.0154677307326203,4.014839549663102,4.930523073673796,3.8200362261657754,1.6782842467754013,1.7248188309999999,5.317955046342247,4.470467821304813,4.651530337315508,5.365424286999999,3.9404889261764704,37.329471181283424,67.63137254973262,39.980748664278075,21.26833036433155,54.59518716395722,28.215389183796795,35.30760546566845,41.35175282010696,15.834105763582889,22.359120614919785,59.938859181229944,29.256565655508016,37.75570904834225,26.228668523850267,57.20896099181818,28.238895243475937,12.338233613743315,36.03295032903743,31.802524079358292,47.17083824941176,62.0211691809091,14.10011256262032,14.552086602780749,53.61968330860962,28.272387948663102,34.29887588748663,2.366666667,4.044444444,10.13333333,14.76666667,19.06666667,24.655555559999996,27.03333333,26.93333333,22.766666670000003,15.62222222,9.455555556,2.644444444,14.95740741,2.752271789,2.831126592,1.3937359860000003,1.220655562,0.9165151389999999,1.4604032929999997,1.533786165,1.503329638,1.607793519,1.170232645,2.295163998,3.22765825,1.826056048,70.84444444,67.93333333,110.95555560000001,99.27777778,181.7666667,125.4333333,85.38888889,83.27777778,101.5,81.12222222,91.97777778,75.38888889,97.90555556,45.5720888,47.98484136,54.46395852,41.91061255,82.35030358,47.23314514,55.21570077,62.81589723,51.08125879,60.68959503,80.40044741,74.14164559,58.6549579,480.0,287.43,89996.70999999893,150291.16000000006
"Tule River Indian Tribe of the Tule River Reservation, California",0.068,0.077,3.98,3.5204e7,0.159,0.239,3.1000000000000005,3.8373e7,0.9319999999999999,0.923,0.841,0.761,0.20915372829613718,0.20915372829613718,0.02988107522142129,0.0910383807405545,0.1471433469511767,0.20277578997696694,0.20277578997696694,0.038104564251400644,0.040199490131231905,0.06665609297435791,9.622222222,10.87777778,11.51111111,13.86666667,15.811111109999999,19.51111111,21.08888889,22.7,19.1,17.08888889,11.64444444,8.811111111,15.13611111,1.273555827,1.788699093,1.560003561,1.719738352,2.475098202,2.028820128,3.496228126,2.101190139,1.485765796,1.458976049,1.9086062399999997,2.02697092,1.9436377029999998,114.3555556,105.9888889,77.72222222,33.72222222,22.15555556,2.855555556,4.555555556,0.566666667,4.066666667,21.08888889,31.97777778,88.64444444,42.30833334,103.1955197,74.6699311,66.01561894,19.86622623,17.22121592,3.9642499639999995,12.73990886,0.694622199,5.971390123,31.93933486,33.09017142,66.72338629,36.34096463,6.683333332999999,6.2333333335,9.394444443000001,11.799999999999999,15.11111111,20.083333335,23.394444445,22.483333330000004,19.35,14.033333335,7.827777777999999,6.338888889,13.561111110000002,2.9480220075,2.933840869,2.4987617639999997,1.80298728,1.3385208955,1.9098264444999997,1.7257281039999997,1.3665049885,1.10766658,2.577456837,4.2946172465,3.30453975,2.3173727305,111.95000001999999,72.516666665,60.205555555,35.60555556,19.238888885,8.805555556000002,6.1,5.422222222499999,6.411111111500001,14.4,25.522222225,59.505555554999994,35.47361111,72.27791619,50.04293539499999,52.02112069499999,24.408174285,17.73524733,13.001056629,11.140103909999999,9.2517943855,8.6974503345,14.843905955,40.757860429999994,56.6284895,30.900504585,160.0,95.81,89996.70999999893,150291.16000000006
"Crow Creek Sioux Tribe of the Crow Creek Reservation, South Dakota",0.08801420285851483,0.13798579714148518,3.0098579714148515,633693.9877792826,0.16571537551179194,0.24391439539265328,3.2220093056641392,396722.3200806687,0.9119857971414852,0.8620142028585148,0.8342846244882081,0.7560856046073468,0.7837322519303885,0.709081283341649,0.001,0.7798771340105015,0.7477697502447695,0.3027186178074835,0.28722905703184914,0.0009815805252562783,0.2699282845130425,0.14160428392115101,-7.549184149181818,-5.686480186090909,2.3471639472167833,9.206060606006995,14.994327894895104,20.87933178153846,22.85687645629371,21.834343436013988,17.217482515804196,9.766977466811188,1.122688422965035,-7.171561771839161,8.31816886853846,2.85584939313986,2.9307215081538462,2.059270586181818,2.0609810127412587,1.5172871553426575,1.6546860954195806,1.1031121697762236,1.4153983324335664,1.9831521526363636,1.650580442006993,3.6901330304545454,4.334265988405594,2.2712864892237765,15.354079254055945,12.54965034965035,41.940093240629366,64.56728826727273,108.72571869790211,121.35827508041956,90.80885780496503,110.0939393937063,89.20699300867132,45.39005439118881,28.980186477972026,23.783916081678324,62.72992100356644,8.949766821,11.22295954062937,25.763910562167833,36.905353676223775,41.93791482209791,61.4089681951049,51.741334440279715,47.829665443986016,48.07741131923076,18.44050459,27.835466023776224,25.738397835874128,33.820971107902096,-6.566666666666667,-2.4148148149999997,2.285185185,9.555555555333333,14.381481483333333,20.36296296333333,23.95925926,22.570370369999996,17.28148148,10.859259256666665,1.2851851853333331,-5.307407407333333,9.020987653999999,3.3076588689999995,4.948760395666667,2.0054453199999998,2.5729091469999994,2.112042521,1.8636933439999999,1.546672117333333,1.7377205296666667,2.172806468333333,2.1679526549999997,4.673668561666666,6.253856305333333,2.9469321863333335,11.277777780666666,9.674074073666667,29.01851851666666,52.144444443333335,101.8,89.82222222,62.85925925999999,60.28888888666667,46.00000000333333,41.492592593333335,21.15555555333333,12.785185183333331,44.85987654333333,7.359926999999999,5.945773999999999,19.099993723333334,32.433189213333335,62.82647677666666,52.08546109333333,32.61673233,25.142487589999998,32.98299786,33.57728779,21.35205832333333,6.140285981999999,27.630222643333333,320.0,191.62,89996.70999999893,150291.16000000006
"Sokaogon Chippewa Community, Wisconsin",0.13768897655794587,0.18461668585923685,2.9417424817522106,3.0862295353096304e6,0.12,0.213,2.91,531000.0,0.8623110234420541,0.8153833141407631,0.88,0.787,0.46784875469109316,0.4178866828025504,0.000999999999999999,0.36646806637103096,0.45498079779691225,0.4513938957380169,0.4228495501203706,0.0009999999999999998,0.2710637216160781,0.3339795733378038,-6.852222065713353,-7.230364321640428,-0.49027797330015477,6.119038903793885,12.55608428467126,17.501439141976622,20.149091932977598,19.592741722587622,14.774721165582134,8.286548719601853,2.0962707462307475,-5.707502307262843,6.73296416255919,2.516736417147545,2.92529461581923,2.5023947188537203,1.8077306542090648,1.3147895862451067,1.9145142237143442,1.3041434493870179,1.3765930582308872,1.547547250254117,1.719799970566942,2.2642624319617055,3.5409331140996736,2.0612282910236517,45.602315141735836,31.877962362545386,40.72190154482609,64.94203544656199,78.70640417990427,97.10778544207797,80.49382264181048,94.05730754970425,101.53450028338158,68.3316439061466,76.80897899180762,53.42178891650992,69.46720386805566,16.1333112791595,18.08176083335941,23.930894286505712,23.276652703096122,28.921997691975218,47.50737814022377,28.257345873668843,31.643024714975347,34.77212970965644,26.90496460154157,34.72152209700969,20.66783535218075,27.90156810703219,-10.5472222225,-9.3166666655,-1.5083333332500002,5.2055555555,11.594444445,17.175000002500003,19.355555555,18.627777777499997,13.619444445,6.375,-0.8305555557500001,-6.8416666665,5.242361111500001,1.789696662,3.213995825,3.871922763,2.1587269934999997,1.3638728980000001,2.74129563825,1.6599574025,1.9718180490000001,3.5846219809999997,2.069961616,3.8881334489999997,11.38863948275,3.30855356325,29.625,17.005555554999997,34.077777774999994,65.3694444425,79.22222222250001,112.38333335,112.975,133.11944445,112.6972222,71.83055555499999,56.1722222225,42.3916666675,72.23912037,32.228197605,11.631409757499998,19.7574174675,40.442780392500005,30.198826025000002,45.393459039999996,43.550655,71.12148568250001,60.83124342,38.45245705,43.5312098025,34.3873473675,39.29387404999999,15412.990000000002,9229.580000000007,89996.70999999893,150291.16000000006
Tuolumne Band of Me-Wuk Indians of the Tuolumne Rancheria of California,0.068,0.077,3.98,3.5204e7,0.128,0.187,4.06,4.759e6,0.9319999999999999,0.923,0.872,0.813,0.20915372829613718,0.20915372829613718,0.02988107522142129,0.0910383807405545,0.1471433469511767,0.5377345077081908,0.5377345077081908,0.30949566319423844,0.23041394216671118,0.33987450503981087,9.622222222,10.87777778,11.51111111,13.86666667,15.811111109999999,19.51111111,21.08888889,22.7,19.1,17.08888889,11.64444444,8.811111111,15.13611111,1.273555827,1.788699093,1.560003561,1.719738352,2.475098202,2.028820128,3.496228126,2.101190139,1.485765796,1.458976049,1.9086062399999997,2.02697092,1.9436377029999998,114.3555556,105.9888889,77.72222222,33.72222222,22.15555556,2.855555556,4.555555556,0.566666667,4.066666667,21.08888889,31.97777778,88.64444444,42.30833334,103.1955197,74.6699311,66.01561894,19.86622623,17.22121592,3.9642499639999995,12.73990886,0.694622199,5.971390123,31.93933486,33.09017142,66.72338629,36.34096463,5.477777778,6.977777778,9.733333333,12.75555556,16.37777778,20.42222222,24.55555556,24.11111111,20.56666667,15.322222220000002,8.522222222,4.933333333,14.146296300000001,1.927289403,3.4679885299999995,1.656049516,1.887532193,1.482209312,3.206157271,2.452096609,1.15048299,1.226784415,2.086131454,3.1708743969999995,4.007804885,2.310116748,172.8111111,106.6,95.12222222,63.91111111,38.65555556,6.677777778,13.08888889,8.655555556,6.955555555999999,32.06666667,49.16666667,103.75555559999998,58.12222223,122.77680400000001,90.23666106,90.2227906,38.81244789,24.854381460000003,5.649287074,23.83948639,15.655519080000001,8.300468528,41.77286799,57.22575906,89.42564105,50.73100951999999,160.0,95.81,89996.70999999893,150291.16000000006
Shakopee Mdewakanton Sioux Community of Minnesota,0.0759056472229417,0.12959069312837312,3.027596797994782,1.0527529826274638e6,0.049,0.087,3.24,3.888e6,0.9240943527770583,0.8704093068716269,0.951,0.913,0.7713773342674858,0.6482524111313649,0.000994479674789815,0.7582003641290187,0.7067893748500573,0.717306784900286,0.593178343387606,0.0009999999999999998,0.586161300575571,0.7085450008077256,-9.278158231404722,-7.702641344645527,0.917217076866405,8.412742071190577,14.592378455806909,19.975925406671347,22.377163439079432,21.164926560864437,16.388867059769858,8.895936632909637,0.5148938160696047,-8.610771197426049,7.304039978916367,2.6601823001347182,3.1260461302354794,2.294913674880158,2.4827107915610465,1.5916590628784735,1.726619546333428,1.10524099524558,1.6435346327050244,1.726713704986529,2.174767024692675,3.0742330677039034,3.9404022119200146,2.295585261963234,18.69496990783329,15.099104998621952,43.521034084847045,55.518221226034285,97.08300123148483,124.92258084705588,97.11021923026661,101.2465462969436,96.22629182180194,52.87194935659,42.93958586724392,28.155371564223962,64.44907303641315,10.922384489863038,9.183352151671345,26.36377048185799,27.751462412722443,31.883963420137537,44.44333928513334,41.13384756237442,29.379000053522322,56.665108672312684,20.35133216144822,32.275839576247556,20.54918895828516,29.241882434717944,-8.955555556,-6.522222222,1.888888889,8.555555556,14.47777778,20.35555556,22.26666667,21.66666667,17.11111111,9.166666667,1.177777778,-6.622222222,7.880555557,2.549073906,3.111180555,2.862885103,3.133732244,2.438635775,2.342066988,1.225765067,1.78465683,1.606583677,2.8974126389999997,2.761239657,6.984407236,2.80813664,37.41111111,13.33333333,44.65555556,66.65555556,80.34444444,123.8333333,111.6111111,109.6333333,95.21111111,63.31111111,52.422222219999995,43.98888889,70.20092592,65.63340317,8.649566462999998,31.52503414,47.82538842,17.88009446,46.58229277,44.60385198,32.75297696,58.49505202,30.89621516,61.19778954,47.09648194,41.09484559,7339.89,4395.179999999998,89996.70999999893,150291.16000000006
Pawnee Nation of Oklahoma,0.12162744745073113,0.1856666606662429,3.2894117117609674,247901.99396312743,0.14618498391402254,0.22125169480744056,3.1419843362500144,8.110567148906778e6,0.8783725525492688,0.8143333393337571,0.8538150160859774,0.7787483051925594,0.5398447875830007,0.4496022440220481,0.018743331183435952,0.5393580141622376,0.40408107285110795,0.3509756475607116,0.29967939495812224,0.21647949002961017,0.2996911971043153,0.30502359659839334,-2.234726401809428,-0.049682380777332,5.98926780341023,11.198306025215647,15.935985730692074,22.915145439257774,25.6755823065998,24.839518552718154,20.089000337131395,12.41856681346038,4.287116906711133,-1.65891006380341,11.617097586459376,1.8370879685486456,2.798101047804413,1.6469979757923772,1.3418238609588766,1.59100442050351,1.2552269592637912,0.8977329460270812,1.6290504604022065,1.6607431847883647,1.3277620718676026,3.2901622895406217,2.5476688346680043,1.818613502008024,15.179750357753258,14.877822359939817,56.68600245084253,50.91277165153461,105.3766521875627,92.15224562449346,71.74931460747241,80.12491920381142,44.48267023085255,32.37833500524574,19.586392513891674,11.620873731504513,49.593979160581746,7.936092827911735,14.174004468625876,26.629760116389164,28.931546813600804,65.67348084849549,45.830830680661975,35.36577038696088,43.619631484874624,25.079022645927786,18.883055282978937,12.92637031488465,11.869489336379136,28.0765879377332,3.2555555556666667,4.955555555666667,10.933333333333334,15.811111109999999,20.21111111,25.829629629999996,28.277777776666664,28.30370370333333,23.999999999999996,16.825925926666667,10.248148150666667,3.574074074,16.01882716,2.167480880333333,2.724503491666666,1.3075229226666667,1.2983824066666667,1.0323844679999998,1.6181831973333332,1.473044822,1.6571298746666665,1.5030631786666666,1.2305785623333332,2.084679250666667,2.910918936333333,1.750655999333333,50.80740740999999,56.411111113333334,101.90000001,104.62222221333333,163.87407409999994,160.74814813333333,108.59259259999999,81.70000000333333,93.88888888333332,78.83703703666667,60.44074074,50.074074073333335,92.65802469333332,29.986394790000002,43.82995788666666,50.35319568333333,46.50902601333333,86.67694622333333,80.35836953666666,65.94426095,55.90027846333333,50.77729341333333,55.81000703333333,53.49869219666667,47.462556479999996,55.59224822333333,337.6,202.17000000000002,89996.70999999893,150291.16000000006
"Grand Traverse Band of Ottawa and Chippewa Indians, Michigan",0.13768897655794587,0.18461668585923685,2.9417424817522106,3.0862295353096304e6,0.091,0.095,6.96,2.32e6,0.8623110234420541,0.8153833141407631,0.909,0.905,0.46784875469109316,0.4178866828025504,0.000999999999999999,0.36646806637103096,0.45498079779691225,0.25789386336067727,0.24160597605904527,0.001,0.16259324614054718,0.25268525697318245,-6.852222065713353,-7.230364321640428,-0.49027797330015477,6.119038903793885,12.55608428467126,17.501439141976622,20.149091932977598,19.592741722587622,14.774721165582134,8.286548719601853,2.0962707462307475,-5.707502307262843,6.73296416255919,2.516736417147545,2.92529461581923,2.5023947188537203,1.8077306542090648,1.3147895862451067,1.9145142237143442,1.3041434493870179,1.3765930582308872,1.547547250254117,1.719799970566942,2.2642624319617055,3.5409331140996736,2.0612282910236517,45.602315141735836,31.877962362545386,40.72190154482609,64.94203544656199,78.70640417990427,97.10778544207797,80.49382264181048,94.05730754970425,101.53450028338158,68.3316439061466,76.80897899180762,53.42178891650992,69.46720386805566,16.1333112791595,18.08176083335941,23.930894286505712,23.276652703096122,28.921997691975218,47.50737814022377,28.257345873668843,31.643024714975347,34.77212970965644,26.90496460154157,34.72152209700969,20.66783535218075,27.90156810703219,-6.96667,-7.51111,-0.65556,4.36667,12.23333,17.22222,19.9,19.63333,14.86667,8.57778,2.21111,-5.28889,6.54907,2.74388,2.57226,2.19905,4.1644,1.22656,2.05252,1.37921,1.32162,1.83666,1.52153,2.39372,4.01122,2.28522,50.73333,33.53333,38.51111,58.06667,71.47778,94.66667,85.84444,78.31111,96.12222,69.77778,80.42222,63.7,68.43056,12.52136,17.89792,17.81588,22.62339,18.97968,54.60191,16.71055,16.507,24.53686,26.511,34.27979,21.29136,23.68972,15412.990000000002,9229.580000000007,89996.70999999893,150291.16000000006
"Sault Ste. Marie Tribe of Chippewa Indians, Michigan",0.13768897655794587,0.18461668585923685,2.9417424817522106,3.0862295353096304e6,0.162,0.208,2.99,3.1e6,0.8623110234420541,0.8153833141407631,0.838,0.792,0.46784875469109316,0.4178866828025504,0.000999999999999999,0.36646806637103096,0.45498079779691225,0.3759572959231426,0.3710199072982709,0.001,0.23574053768295786,0.3020265993972115,-6.852222065713353,-7.230364321640428,-0.49027797330015477,6.119038903793885,12.55608428467126,17.501439141976622,20.149091932977598,19.592741722587622,14.774721165582134,8.286548719601853,2.0962707462307475,-5.707502307262843,6.73296416255919,2.516736417147545,2.92529461581923,2.5023947188537203,1.8077306542090648,1.3147895862451067,1.9145142237143442,1.3041434493870179,1.3765930582308872,1.547547250254117,1.719799970566942,2.2642624319617055,3.5409331140996736,2.0612282910236517,45.602315141735836,31.877962362545386,40.72190154482609,64.94203544656199,78.70640417990427,97.10778544207797,80.49382264181048,94.05730754970425,101.53450028338158,68.3316439061466,76.80897899180762,53.42178891650992,69.46720386805566,16.1333112791595,18.08176083335941,23.930894286505712,23.276652703096122,28.921997691975218,47.50737814022377,28.257345873668843,31.643024714975347,34.77212970965644,26.90496460154157,34.72152209700969,20.66783535218075,27.90156810703219,-8.12222,-9.08889,-2.2,4.53333,10.85556,15.26667,18.66667,18.65556,13.88889,7.44444,1.65556,-6.24444,5.44259,2.59648,3.08561,2.62213,1.84992,1.3175,1.83787,1.48099,0.91179,1.88116,1.73789,2.27015,3.57153,2.09692,63.37778,36.57778,39.41111,62.01111,61.14444,98.53333,64.15556,77.66667,108.62222,83.32222,76.85556,68.22222,69.99167,20.87618,19.03423,21.91572,32.93423,24.43523,48.17309,25.21213,27.50531,41.92872,35.90527,22.54896,31.56559,29.33622,15412.990000000002,9229.580000000007,89996.70999999893,150291.16000000006
