Tribe,Food_Insecurity_Rate_2018_H,Child_Food_Insecurity_Rate_2018_H,Cost_Per_Meal_2018_H,Weighted_Annual_Food_Budget_Shortfall_2018_H,Food_Insecurity_Rate_2018_P,Child_Food_Insecurity_Rate_2018_P,Cost_Per_Meal_2018_P,Weighted_Annual_Food_Budget_Shortfall_2018_P,Food_Security_Rate_2018_H,Child_Food_Security_Rate_2018_H,Food_Security_Rate_2018_P,Child_Food_Security_Rate_2018_P,nccpi3all_H,nccpi3sg_H,nccpi3cot_H,nccpi3soy_H,nccpi3corn_H,nccpi3all_P,nccpi3sg_P,nccpi3cot_P,nccpi3soy_P,nccpi3corn_P,temp_mean_1_H,temp_mean_2_H,temp_mean_3_H,temp_mean_4_H,temp_mean_5_H,temp_mean_6_H,temp_mean_7_H,temp_mean_8_H,temp_mean_9_H,temp_mean_10_H,temp_mean_11_H,temp_mean_12_H,temp_mean_ann_H,temp_std_1_H,temp_std_2_H,temp_std_3_H,temp_std_4_H,temp_std_5_H,temp_std_6_H,temp_std_7_H,temp_std_8_H,temp_std_9_H,temp_std_10_H,temp_std_11_H,temp_std_12_H,temp_std_ann_H,precip_mean_1_H,precip_mean_2_H,precip_mean_3_H,precip_mean_4_H,precip_mean_5_H,precip_mean_6_H,precip_mean_7_H,precip_mean_8_H,precip_mean_9_H,precip_mean_10_H,precip_mean_11_H,precip_mean_12_H,precip_mean_ann_H,precip_std_1_H,precip_std_2_H,precip_std_3_H,precip_std_4_H,precip_std_5_H,precip_std_6_H,precip_std_7_H,precip_std_8_H,precip_std_9_H,precip_std_10_H,precip_std_11_H,precip_std_12_H,precip_std_ann_H,temp_mean_1_P,temp_mean_2_P,temp_mean_3_P,temp_mean_4_P,temp_mean_5_P,temp_mean_6_P,temp_mean_7_P,temp_mean_8_P,temp_mean_9_P,temp_mean_10_P,temp_mean_11_P,temp_mean_12_P,temp_mean_ann_P,temp_std_1_P,temp_std_2_P,temp_std_3_P,temp_std_4_P,temp_std_5_P,temp_std_6_P,temp_std_7_P,temp_std_8_P,temp_std_9_P,temp_std_10_P,temp_std_11_P,temp_std_12_P,temp_std_ann_P,precip_mean_1_P,precip_mean_2_P,precip_mean_3_P,precip_mean_4_P,precip_mean_5_P,precip_mean_6_P,precip_mean_7_P,precip_mean_8_P,precip_mean_9_P,precip_mean_10_P,precip_mean_11_P,precip_mean_12_P,precip_mean_ann_P,precip_std_1_P,precip_std_2_P,precip_std_3_P,precip_std_4_P,precip_std_5_P,precip_std_6_P,precip_std_7_P,precip_std_8_P,precip_std_9_P,precip_std_10_P,precip_std_11_P,precip_std_12_P,precip_std_ann_P,Acres,Endow_Raised_Parcel,Total_Endow,Total_Acres
Chicken Ranch Rancheria of Me-Wuk Indians of California,0.13133184744660692,0.19561052780952656,3.3121403620793934,2.5302323034808755e7,0.128,0.187,4.06,4.759e6,0.868668152553393,0.8043894721904734,0.872,0.813,0.26237295558021834,0.2617447643029633,0.1298907891736464,0.15117218778814406,0.08765236772618591,0.2568077926642313,0.2568077926642313,0.06874782953009664,0.134914952741341,0.1594615752843868,7.427394218378807,9.319565568618088,10.92843588539607,13.938602229562479,17.199392361230004,20.934314437169316,23.90984536438405,23.320815164176942,20.611020267750696,16.698362807745255,10.019301113946208,7.44344113381358,15.145874213284866,2.7979220872180184,3.4713963276402584,2.52573739402925,2.4103464661422582,2.136799943374453,3.170097252631356,3.041318455079759,2.120479562332848,2.9549259458875325,2.928402600091203,3.4447621518253957,2.3457874112716173,2.7789979664734723,128.5393834767731,77.90635295392255,77.7429505798219,45.583987402707045,22.470187338034158,6.778159318625537,4.334312419169687,6.9429990312836125,6.621709463565941,25.706112726778677,42.47608204201124,97.67289446545412,45.23126093559044,103.50405589251079,64.69883190147338,65.88654106778151,30.2680692280505,17.92059040569873,8.033721273791054,6.830379464536333,9.190148441512543,8.535032892546322,28.975707220158043,46.451745428753576,85.77622178014161,39.67258708260534,4.177777778,8.288888889,7.355555556,11.63333333,15.2,19.6,24.21111111,22.96666667,18.15555556,15.24444444,7.155555556,4.588888889,13.21481481,4.248757988,2.190573238,5.430034786,4.92138192,4.55329551,4.7138095,5.032257059,4.097865298,5.343245996,2.533333333,5.556102751,4.606637723,4.435607925,166.4666667,106.6,102.9555556,61.51111111,39.21111111,8.322222222,9.833333333,9.177777778,6.877777778,34.37777778,51.77777778,99.72222222,58.06944445,130.7217943,90.23666106,84.01105747,41.2438615,23.23114528,7.971790542,22.60945599,23.98983002,7.897432776,40.529211,55.91490807,93.40588549,51.81358612,12597.910000000003,17108.870000000028,648761.7899999986,477709.93000004004
Winnebago Tribe of Nebraska,0.08629189272659724,0.15601972842780884,3.112267136750962,1.4474532029553005e6,0.18168822537634446,0.2639529990877823,2.9312489217259365,673735.9381010209,0.9137081072734028,0.8439802715721911,0.8183117746236556,0.7360470009122178,0.3834193097783383,0.37328088976199714,0.0010000000000000005,0.24053786856946735,0.30899570921355385,0.6661190966561259,0.5511637068921532,0.0010000000000000156,0.6443356287163982,0.6252081663992922,-8.480792608789935,-7.493143690641137,1.0275468026280088,8.18064673015755,14.070970097111596,19.485168978336983,21.88606856102845,20.95203014964989,15.982980790043761,8.866180403551422,1.2448820813282275,-8.09421346964989,7.3023604018949655,2.288165947061269,2.839680591822757,2.2945884116301967,1.887739154070022,1.2115183662188185,1.8195952594835887,1.0767333939934354,1.3801482183763676,1.7166842856433258,1.921218331857768,2.42470994843326,3.5583829495689283,2.034930404890591,23.67877461522976,15.244322881378556,41.2879893054267,52.71998541115973,93.0098468270897,127.7955264,100.48147340479211,133.15455868862145,104.42635545829322,54.98490153225383,53.05735472892779,31.438609287899343,69.27330821365426,8.192918146599562,9.455081082299781,22.457390720065646,12.37553648905908,22.734576571619254,54.40829555461706,58.991895324792125,58.17149123111597,48.36635111061269,30.298278737746173,30.319669551881837,17.200218337614878,31.080975237877464,-4.722222222,-2.0500000000000003,3.433333333,11.0444444455,16.261111115,21.594444445,24.377777775,23.211111109999997,17.544444445,11.494444445,2.8777777775,-5.1388888889999995,9.993981482,4.8784472805,4.860292237,3.324876811,2.780595613,2.116959385,1.7810175970000002,1.8046202415,1.656368933,2.2135799874999997,2.5755346250000004,4.734951826,4.584256024,3.1092917135,23.094444445,28.849999999999998,53.16111111,68.80555556,91.105555555,120.16666665,85.144444445,68.37222222,68.083333335,56.077777775,38.85,44.20000000000001,62.159259255,27.69630635,45.356593995500006,42.38246035,44.78560599000001,41.983345220000004,59.89209473,59.61920113499999,39.989509410000004,37.735143029999996,25.793557485000004,27.545016699999998,74.953095405,43.977660820000004,920.0,1249.4199999999998,648761.7899999986,477709.93000004004
"Morongo Band of Mission Indians, California",0.10928135505605374,0.14997772359545158,3.3555157190983325,4.884107876714959e8,0.1,0.146,3.15,1.26963e8,0.8907186449439463,0.8500222764045484,0.9,0.854,0.2167386221409998,0.2167386221409998,0.09811135589319607,0.1513334116366629,0.06576071316681475,0.21381640763785453,0.21381640763785453,0.03561679659212874,0.06542398667425059,0.06108523246624451,10.624444444968422,10.717543859684211,11.612631579473682,13.03707602305263,14.510409355578945,17.80397660968421,20.071812863999998,20.76959064568421,18.939649123578945,16.74397660505263,12.425146197894737,10.248654972378946,14.792076024631578,1.7638285988947366,2.397737005168421,2.3383380335578945,1.5558456973263155,1.7374868885578947,2.4823090963578944,2.956316013210526,2.4367535268315788,1.826381912642105,2.070231527410526,1.839344024968421,2.048872803568421,2.121120427568421,97.8518128496842,115.42339179431578,77.70994152136842,31.648070174526314,16.95391813105263,2.2366081872105257,4.614502923863157,3.485847953252631,4.246081871031579,17.899415206315787,24.556140351578946,48.280116961263154,37.07548732894737,89.85606654863157,115.53350675410528,79.78315367347368,23.714211169368422,16.11267836073684,3.644691574736842,6.056278726221052,4.603434900105263,7.669835798242104,22.545205679368422,36.94008107536842,66.27502843757894,39.394514390947364,6.3944444439999995,6.4444444445,7.288888889000001,10.0888888905,13.105555555,17.294444445,21.672222225,21.333333335,17.88333333,14.405555555,8.7666666665,6.594444444500001,12.606018515,1.2815093290000001,1.2667449815,1.8150614505,1.899541301,2.3843083065,1.6335268455,2.1367565304999996,2.6734370435,1.3546047855,2.38982291,1.8147102625,1.4045884855,1.8378843525,152.90555559999999,123.8277778,75.183333335,39.722222224999996,16.98888889,3.3722222224999996,21.07777778,8.455555555499998,9.105555557,21.916666669999998,33.055555555,38.944444445,45.379629635,149.79689230000002,140.57970685,74.87986280499999,25.924536225,14.217892769999999,4.1398926255,31.678735219999997,11.7264938155,11.845667179999998,29.448482025,62.278660275,70.41149692,52.24402658,480.0,651.88,648761.7899999986,477709.93000004004
"Dry Creek Rancheria Band of Pomo Indians, California",0.13062567126563876,0.18616694215093998,3.567620885384804,9.700231345288238e6,0.09,0.118,4.0,3.0681999999999996e7,0.8693743287343613,0.81383305784906,0.91,0.882,0.42359421401993613,0.4139662351874082,0.23246814113964737,0.18080352552762752,0.26063158921842566,0.1753533463299719,0.17271252871728737,0.0875691808561863,0.044849947050144286,0.11928395921103614,7.9824486614323416,9.982884121770631,11.00620186969802,13.205835166687297,15.87436743681105,20.463650531930696,22.33788503724836,22.224032819917497,19.67146589766089,16.694980748382836,10.502021451544142,7.760822332292076,14.808883007054458,2.0416555908898513,2.0038045636101476,1.9763350723094069,2.5652594839092395,2.0213791746138607,3.130668352561881,3.1155523021460385,2.890936766194718,3.1919144104958743,2.124963985310231,2.0770458929987616,2.0272004835280537,2.4305596732533004,158.4238081997236,125.20183809759493,110.89007610429046,59.18857260697194,44.4328566185561,9.390901174188944,3.038902640165428,1.6331820679529705,6.949041987420795,39.70547304912129,59.13424092495459,149.0970067851031,63.92382502095709,112.7285559911881,97.56816606112622,106.93918475063941,47.85944963224834,35.0391754613655,11.53479661234076,5.494049680108498,3.750526068755362,8.952761375649754,41.91481234978548,52.72297567900165,127.49866524464927,54.33359324174093,8.433333333,9.111111111,10.9,12.57777778,15.000000000000002,19.5,20.78888889,20.48888889,19.28888889,15.8,10.68888889,7.977777778000001,14.21296296,1.321930407,3.535337482,1.218605761,2.121189394,1.691153453,1.65,1.090234429,0.957136934,1.254436571,2.359025222,1.353185542,1.552238527,1.67537281,237.5777778,151.0666667,137.5666667,59.18888889000001,36.81111111,12.91111111,5.0,6.622222222,8.044444444,38.16666667,57.27777778,181.8444444,77.67314815,201.9105729,116.7436187,126.192264,41.8132588,27.11357798,14.34611833,9.686072475,15.81990659,10.78947532,41.13505196,42.94091225,129.8782229,64.86408768,5299.37999999,7196.900000000001,648761.7899999986,477709.93000004004
Redwood Valley or Little River Band of Pomo Indians of the Redwood Valley Rancheria California,0.13062567126563876,0.18616694215093998,3.567620885384804,9.700231345288238e6,0.135,0.194,3.53,7.022e6,0.8693743287343613,0.81383305784906,0.865,0.806,0.42359421401993613,0.4139662351874082,0.23246814113964737,0.18080352552762752,0.26063158921842566,0.4403854479056433,0.44036600254410907,0.21458995852631582,0.23586463244851372,0.2927970301346382,7.9824486614323416,9.982884121770631,11.00620186969802,13.205835166687297,15.87436743681105,20.463650531930696,22.33788503724836,22.224032819917497,19.67146589766089,16.694980748382836,10.502021451544142,7.760822332292076,14.808883007054458,2.0416555908898513,2.0038045636101476,1.9763350723094069,2.5652594839092395,2.0213791746138607,3.130668352561881,3.1155523021460385,2.890936766194718,3.1919144104958743,2.124963985310231,2.0770458929987616,2.0272004835280537,2.4305596732533004,158.4238081997236,125.20183809759493,110.89007610429046,59.18857260697194,44.4328566185561,9.390901174188944,3.038902640165428,1.6331820679529705,6.949041987420795,39.70547304912129,59.13424092495459,149.0970067851031,63.92382502095709,112.7285559911881,97.56816606112622,106.93918475063941,47.85944963224834,35.0391754613655,11.53479661234076,5.494049680108498,3.750526068755362,8.952761375649754,41.91481234978548,52.72297567900165,127.49866524464927,54.33359324174093,7.933333333,8.677777778,9.655555556,11.64444444,14.5,18.34444444,20.544444440000003,20.57777778,18.58888889,14.78888889,9.6,7.633333333,13.540740740000002,1.393735986,3.097490023,2.13548069,1.387543793,1.70513929,2.78438104,0.719567771,2.6413906270000003,1.90292173,1.923177348,1.523975065,1.68597153,1.908397908,215.8,143.5555556,138.7444444,64.95555556,49.66666667,19.38888889,9.411111111,5.366666667,12.37777778,48.14444444,70.59999999999998,211.6444444,82.47129629,174.60551970000003,111.0239514,140.4865306,45.4295364,37.89930738,20.93504505,18.884282120000005,9.853933225,17.36381135,44.75301976,57.33319283,185.5163814,72.0070426,5299.37999999,7196.900000000001,648761.7899999986,477709.93000004004
"Soboba Band of Luiseno Indians, California",0.10928135505605374,0.14997772359545158,3.3555157190983325,4.884107876714959e8,0.1,0.146,3.15,1.2696299999999999e8,0.8907186449439463,0.8500222764045484,0.9,0.854,0.2167386221409998,0.2167386221409998,0.09811135589319607,0.1513334116366629,0.06576071316681475,0.2301737465323704,0.20476498913406158,0.17300630271392772,0.13785809877739427,0.0634504086991562,10.624444444968422,10.717543859684211,11.612631579473682,13.03707602305263,14.510409355578945,17.80397660968421,20.071812863999998,20.76959064568421,18.939649123578945,16.74397660505263,12.425146197894737,10.248654972378946,14.792076024631578,1.7638285988947366,2.397737005168421,2.3383380335578945,1.5558456973263155,1.7374868885578947,2.4823090963578944,2.956316013210526,2.4367535268315788,1.826381912642105,2.070231527410526,1.839344024968421,2.048872803568421,2.121120427568421,97.8518128496842,115.42339179431578,77.70994152136842,31.648070174526314,16.95391813105263,2.2366081872105257,4.614502923863157,3.485847953252631,4.246081871031579,17.899415206315787,24.556140351578946,48.280116961263154,37.07548732894737,89.85606654863157,115.53350675410528,79.78315367347368,23.714211169368422,16.11267836073684,3.644691574736842,6.056278726221052,4.603434900105263,7.669835798242104,22.545205679368422,36.94008107536842,66.27502843757894,39.394514390947364,6.255555556000001,6.011111111,7.822222222000001,9.611111111,12.56666667,17.82222222,22.55555556,20.75555556,18.48888889,13.633333329999997,8.955555556,6.344444444,12.568518519999998,2.013151206,4.925049351,1.6192419349999998,3.1986108100000004,3.1957002360000004,2.255425557,1.785434899,3.35227949,1.941291094,3.715508041,2.566179607,2.87319992,2.786756012,139.4555556,106.4666667,72.33333333,40.76666667,16.23333333,3.822222222,22.84444444,12.97777778,6.0,20.35555556,28.54444444,36.0,42.15000001,138.2598289,125.78024490000001,59.69872277,21.46066169,15.464879570000003,4.820989986,32.87567912,21.12213163,8.959492173,26.50094862,56.97745412,66.07894899,48.16666521,480.0,651.88,648761.7899999986,477709.93000004004
"Minnesota Chippewa Tribe, Minnesota (Leech Lake Band)",0.0982181564877468,0.17876660243952983,3.0306031211692037,1.209196632417013e6,0.11101924624786695,0.2023349899336315,3.0734660545446473,2.0462971160739497e6,0.9017818435122532,0.8212333975604702,0.888980753752133,0.7976650100663685,0.4445280873412779,0.4101436149287234,0.0009998049670924614,0.2842514198104537,0.4055074677708436,0.4418278154583395,0.41870544742507376,0.000999982210788848,0.3116068499694932,0.36699695299526924,-10.052601727797807,-9.184078343828826,-0.9054054216006727,6.396336610104358,12.827259159973774,17.813890378248797,20.47162972891235,19.45394697679684,14.286564493258739,7.46625081921037,-0.3689886804703761,-9.186398272398074,5.751533810043368,2.3322575681287994,2.707791001268718,2.473316519029552,2.1461508032094647,1.3947388195212622,1.7523186351522295,1.0793666088013976,1.36077699992169,1.9189727187241075,1.9206269410746941,2.9699309586935283,4.120982607618992,2.181435848432099,22.106660411922824,16.01534912172794,38.336307715524775,49.87228746050925,81.32013404784429,119.91926332367245,99.90132856595477,119.7658724994941,118.10117425450667,73.96980190699468,52.61158266258347,32.17374977585075,68.67445931275621,12.469015145654732,8.028292783114447,22.371028900953483,18.48821055403032,28.322401869096574,42.6067925005336,44.7883337412696,47.63167909031641,55.523441132557764,32.709445233732026,30.78637645630512,22.92626810773527,30.554273792846125,-12.030158728571427,-9.344444443571426,-0.3507936508571428,6.1460317459999985,12.887301587142854,18.255555555714285,20.371428571428567,19.66507936571428,15.055555555714283,6.985714285714283,-0.9142857142857139,-10.347619047714284,5.531613756999999,2.6246656589999993,3.956737953999999,4.678823400285713,2.3482650485714283,1.398682727142857,2.7852073924285707,0.8661011159999997,2.0922188051428563,3.5560599309999996,1.9463187685714285,5.040366559142856,5.850744431142856,3.0953493161428565,24.807936507142855,15.374603174285712,32.50634920571428,38.530158731428564,76.28095238142855,103.09682537142855,107.71111112285713,94.17142856999996,75.67301587285712,64.60476190428571,52.41269841142856,26.84761904714285,59.33478835857142,19.104469444285712,5.492642019999998,15.16250371428571,29.341785517142853,49.23969661999999,34.28940501571428,65.11939853714286,44.005712215714276,34.122292229999985,27.620300549999996,34.64889197714285,16.59434525714285,31.22845359142856,72920.47000000997,99030.84999999941,648761.7899999986,477709.93000004004
Flandreau Santee Sioux Tribe of South Dakota,0.08495270279146204,0.13337854346525807,3.0082329162113908,1.4817325939613483e6,0.107,0.17,3.11,369000.0,0.915047297208538,0.8666214565347419,0.893,0.83,0.7467789912004831,0.6490908830174236,0.0010400874741815572,0.7219024576919348,0.7220690864263933,0.6215867611308554,0.5385886535724088,0.001070406582138625,0.5927764869812757,0.5892292125376664,-7.772292165294806,-5.959287424289488,2.062270102842165,8.928087123931485,14.716911232545868,20.66692484614957,22.687511617121267,21.627510680439404,17.052203915037634,9.515897291513737,0.897605032055853,-7.410807867538494,8.084377865303418,2.70570731434812,2.972334644676472,1.9030643662669218,2.0867820300306734,1.5030694442761323,1.5725132920811182,0.9361893284975928,1.3853261433858044,1.805383408521168,1.7086503660734278,3.4670252504963304,3.859955322745592,2.1588334093649366,14.689007183046904,12.045959723141547,42.800374593268344,62.62541989272078,103.59687930305796,118.54743745794697,93.39772051017839,105.04024505424263,86.17784912962567,45.31739191523621,31.412432991847936,21.44260902206254,61.42444389905371,8.372174139972536,10.667666363592062,25.85377473938912,36.80392235894805,36.908365906119194,59.18234586001702,53.15063194898365,47.090561228131016,52.38867940675961,16.84218399350994,27.830553088685328,18.97837018598396,32.83910243528182,-7.6,-6.1,1.377777778,9.3,14.74444444,20.26666667,23.56666667,21.7,16.02222222,9.7,0.955555556,-8.155555556,7.981481482,4.288647806,3.474550331,2.826118264,2.636759375,1.682342943,1.78605711,2.294558781,1.523154621,2.019144483,2.092247595,4.796642344,4.448907481,2.822427595,12.28888889,37.55555556,46.73333333,58.21111111,98.76666667,130.4222222,89.76666667,97.28888889,96.56666667,56.14444444,36.15555556,38.55555556,66.53796296,9.932326571,82.3413795,45.06656188,30.930908669999997,41.1949026,63.74536802,36.47821268,41.42050955,67.67680548,48.38830208,31.08758237,52.37766965,45.88671075,25951.179999999997,35243.3900000001,648761.7899999986,477709.93000004004
Robinson Rancheria,0.12251755557635684,0.1800612883385314,3.552036473247144,1.0708026493591465e7,0.157,0.231,3.9200000000000004,6.666e6,0.8774824444236432,0.8199387116614686,0.843,0.769,0.39362397676685734,0.38488776338679326,0.23482854103144474,0.22928606234602322,0.21588875554355613,0.4887370136414907,0.4887370136414907,0.15069343763102852,0.27039525671129266,0.26106455988035304,7.634536503393601,8.794513985152795,9.934673378098552,12.544243547649709,15.577448837319697,20.049343222757802,22.681636751935237,21.89736185703359,19.584700973610165,16.267604919034365,9.865913857063783,7.0020862308249505,14.319505339743694,2.5773198078436317,2.761110014469302,3.2077650245545404,2.7746799392582946,2.8441205205618916,3.5057390667009733,3.302865737960464,2.872050960703953,3.2561434446815016,3.147075111889131,2.934772976206636,2.916391345913968,3.0083361625781837,146.61717331874038,106.28161026009337,93.73387200798926,46.373607524043315,38.77762103397178,9.342380290509833,5.928196127506057,7.185436121612555,10.844649755906614,37.27294964486191,48.44541139652095,122.41750005411681,56.101700628311114,132.33140879988872,83.46190570939201,85.3897701457997,35.83143010622751,30.803618848545604,10.231671257379698,8.484703464918141,8.494890608020066,11.219076028522156,37.41976413615933,50.77393711065367,113.84013129788401,50.69019229231273,6.500000000000001,6.688888889,7.922222222,9.722222222,12.4,17.66666667,19.55555556,18.87777778,17.05555556,13.15555556,8.077777778,6.0,11.96851852,1.320984481,3.6491247049999997,1.419311257,1.949857545,1.548386257,3.320391543,0.789162707,0.766122996,1.202197063,2.174345368,1.536861882,1.615549442,1.774357937,237.88888890000004,145.7777778,148.3111111,69.4,56.58888889,20.8,5.255555556,10.97777778,18.78888889,45.81111111,72.76666667,204.6111111,86.41481482,194.383657,115.6938177,124.76985260000001,45.25403297,37.49798143,23.91584203,11.21674096,19.53425055,16.30869741,43.2073907,59.441778240000005,129.0186173,68.35355491,8977.169999990001,12191.610000000004,648761.7899999986,477709.93000004004
"Shoshone-Paiute Tribes of the Duck Valley Reservation, Nevada",0.13099999999999998,0.211,3.3800000000000003,3.991e6,0.11710919903984733,0.17151605868233047,3.314775178447373,1.9057136008471337e6,0.869,0.789,0.8828908009601527,0.8284839413176696,0.09087134122335193,0.09087134122335193,0.0009999999999999998,0.03893431530573972,0.0009999999999999998,0.1153522550083994,0.10965187900846689,0.001909624041894278,0.06582956514998332,0.03374937696730447,7.0237147593134335,8.148590381432836,8.031674958208955,10.454394692686568,13.011442784925373,17.057048097313434,18.354560530149254,20.400829187462687,16.096019901641792,13.788888889999999,8.5550580430597,5.505804312164179,12.202335544626866,3.0584479933880595,2.2511943242238805,2.153345724686567,1.547696338044776,1.5677729764328359,3.4351296253283583,2.4538744873731346,3.6224038645074628,3.603321549343284,4.363039206,2.4550151092388064,2.6351838388955224,2.7622020865820893,234.04145936417913,274.54228854626865,167.34958537313432,104.68358208955223,91.2466003361194,53.176948589253726,17.786069650597014,29.15555556,32.45273632119403,173.19369817611943,220.1278606850746,260.85505805970143,138.2176202492537,134.0671544880597,135.93306823880596,88.70099327119404,83.87141281746268,61.627075818507464,31.658898632537316,14.67569270358209,48.77914798,46.45895711343284,147.8791048268657,208.52340062985076,151.7144255746269,96.15744434044777,-1.9777777777499999,0.5055555554999999,2.5555555555000002,7.49999999975,10.5638888875,15.4027777775,20.13611111,18.838888889999996,14.255555554999999,8.05555555525,1.02777777775,-3.5916666667499997,7.772685185,3.3851167967499998,5.3590630405,2.9502163805,3.39488905925,3.112886586,3.4846335235000003,1.8407405275,2.681721885,2.88078728775,2.7470276114999996,3.3712369825,3.8285571297499996,3.2530730675000004,41.708333332500004,33.1027777775,35.5194444425,31.547222222499997,43.583333335,22.391666667499997,20.4583333325,12.241666663499998,15.5666666675,28.966666665,30.233333335,52.85277777750001,30.68101852,24.898607117500003,22.483980800000005,17.235456442500002,15.876663590000001,22.7310071975,15.8779411025,25.809017839999996,18.60600371675,17.167607139999998,21.638040765,14.955100932499999,44.686319335,21.830478829999997,160.0,217.3,648761.7899999986,477709.93000004004
"Lovelock Paiute Tribe of the Lovelock Indian Colony, Nevada",0.13099999999999998,0.211,3.3800000000000003,3.991e6,0.12200000000000001,0.20900000000000002,3.3999999999999995,467000.0,0.869,0.789,0.878,0.7909999999999999,0.09087134122335193,0.09087134122335193,0.0009999999999999998,0.03893431530573972,0.0009999999999999998,0.08221981568189668,0.03070842206386103,0.05251139361803565,0.017759955870638767,0.001,7.0237147593134335,8.148590381432836,8.031674958208955,10.454394692686568,13.011442784925373,17.057048097313434,18.354560530149254,20.400829187462687,16.096019901641792,13.788888889999999,8.5550580430597,5.505804312164179,12.202335544626866,3.0584479933880595,2.2511943242238805,2.153345724686567,1.547696338044776,1.5677729764328359,3.4351296253283583,2.4538744873731346,3.6224038645074628,3.603321549343284,4.363039206,2.4550151092388064,2.6351838388955224,2.7622020865820893,234.04145936417913,274.54228854626865,167.34958537313432,104.68358208955223,91.2466003361194,53.176948589253726,17.786069650597014,29.15555556,32.45273632119403,173.19369817611943,220.1278606850746,260.85505805970143,138.2176202492537,134.0671544880597,135.93306823880596,88.70099327119404,83.87141281746268,61.627075818507464,31.658898632537316,14.67569270358209,48.77914798,46.45895711343284,147.8791048268657,208.52340062985076,151.7144255746269,96.15744434044777,0.48888888899999994,3.722222222,5.311111111,9.566666667,12.61111111,18.64444444,23.68888889,21.25555556,16.58888889,12.64444444,4.6,0.688888889,10.81759259,2.6035766,3.034706649,1.553580095,1.6970562750000002,1.89238239,2.899185709,2.107394389,2.543182608,1.947077582,3.08994786,2.874021573,2.607893999,2.404167144,19.93333333,16.96666667,31.35555556,21.76666667,37.08888889,14.766666669999998,12.98888889,8.266666667,11.53333333,17.65555556,17.18888889,59.71111111,22.43518519,12.74705848,12.78025821,39.02153608,22.74477962,20.27901899,15.89740545,24.19780178,10.08365013,11.34471242,19.13524961,17.04475318,113.38960979999999,26.55548615,160.0,217.3,648761.7899999986,477709.93000004004
"Las Vegas Tribe of Paiute Indians of the Las Vegas Indian Colony, Nevada",0.13099999999999998,0.211,3.3800000000000003,3.991e6,0.128,0.193,3.31,1.53292e8,0.869,0.789,0.872,0.8069999999999999,0.09087134122335193,0.09087134122335193,0.0009999999999999998,0.03893431530573972,0.0009999999999999998,0.015267543798205772,0.015265723323194385,0.0031255000101913216,0.007220182977791581,0.001,7.0237147593134335,8.148590381432836,8.031674958208955,10.454394692686568,13.011442784925373,17.057048097313434,18.354560530149254,20.400829187462687,16.096019901641792,13.788888889999999,8.5550580430597,5.505804312164179,12.202335544626866,3.0584479933880595,2.2511943242238805,2.153345724686567,1.547696338044776,1.5677729764328359,3.4351296253283583,2.4538744873731346,3.6224038645074628,3.603321549343284,4.363039206,2.4550151092388064,2.6351838388955224,2.7622020865820893,234.04145936417913,274.54228854626865,167.34958537313432,104.68358208955223,91.2466003361194,53.176948589253726,17.786069650597014,29.15555556,32.45273632119403,173.19369817611943,220.1278606850746,260.85505805970143,138.2176202492537,134.0671544880597,135.93306823880596,88.70099327119404,83.87141281746268,61.627075818507464,31.658898632537316,14.67569270358209,48.77914798,46.45895711343284,147.8791048268657,208.52340062985076,151.7144255746269,96.15744434044777,5.466666667,9.944444444,11.52222222,14.899999999999999,21.099999999999998,26.91111111,27.34444444,29.32222222,24.5,19.42222222,9.522222222,7.033333333,17.24907407,4.224630161,2.119027555,1.435076459,3.861994303,2.262189205,2.452776205,6.668416437,3.551329954,2.235508891,2.889540525,4.226930854,4.563441684,3.3742385189999995,40.8,35.92222222,14.03333333,11.92222222,29.6,5.733333333,17.63333333,9.888888889,9.655555556,15.477777779999998,6.488888889,16.5,17.80462963,35.91416851,34.16605691,12.08242525,14.56208929,59.09496594,11.578860049999998,15.89315891,12.549944669999999,11.376083589999999,16.30673004,10.91357463,28.46489065,21.90857904,160.0,217.3,648761.7899999986,477709.93000004004
Confederated Salish and Kootenai Tribes of the Flathead Reservation,0.11643891056999656,0.17778153561562918,3.273176986592295,3.3365296120082396e6,0.13127708110970598,0.22455450921813946,3.2489747852555713,2.1196834215489314e6,0.8835610894300034,0.8222184643843709,0.8687229188902941,0.7754454907818605,0.1615103830843631,0.14403646836304573,0.0009987800181613582,0.09044063689185472,0.03132294164324026,0.20289262261793264,0.2009288107065241,0.0012815351792991455,0.10865325221967688,0.07131920338200715,-4.484054054004505,-1.9754954954684685,1.3667267268315315,5.930310310402701,10.49247247250811,15.21190190204504,19.852522522306305,17.759639638585583,13.021231231216214,7.972972973019818,-0.44009009013963973,-5.091721721687386,6.6347013680225215,3.1372594318369367,2.3124617919513506,2.303199672919819,2.139326409416216,2.2799215752252247,2.3127690022396394,3.0371095682387383,2.2208924405378374,2.7277638579567567,2.664809106334234,3.595502624050451,3.1738070708396395,2.6587352127027035,48.971971971009005,16.612752752156755,22.058238238873876,30.05237237217117,77.49515515485584,58.432722723171175,31.853343344207204,32.9802402404955,36.40487487474773,29.847947949045047,23.406366366270266,17.90555555565766,35.50179512950451,95.50420808830629,12.444298590219821,10.981128809704504,15.928529200426128,42.43556226090991,37.21051035073874,28.034732776657656,25.97607492243243,23.20103608015315,15.14400830526126,11.723532150307207,12.538351754417118,27.59349777419819,-5.214814814666666,-0.6907407408333333,1.4444444443333333,7.481481480833333,10.529629629666667,14.566666668333331,19.45555555833333,17.17222222166666,12.670370371666666,7.485185185333332,-0.12037037033333332,-4.570370370666666,6.684104938666666,2.685750355833333,4.062826756333333,1.7872202411666662,3.3808578723333333,2.7367723986666657,3.7182051935,3.338343316333333,2.9098020866666663,2.5115704075,4.3927615651666665,5.5444490838333325,4.702636699666666,3.4809329979999992,31.801851851666665,25.86111111,25.866666666666664,33.06296296166666,76.88888888833331,62.91481481333332,33.096296295,43.555555556666654,38.74999999999999,42.48703703833333,41.57962962833332,39.89999999833332,41.31373457,17.151896426166665,18.003031833666665,9.214744735833333,13.967119791666667,46.498644774999995,31.242396523333333,27.370327985,34.76522551333333,25.532693588333327,23.1718856,26.51147096033333,25.67860711666666,24.925670406666665,2159.37,2932.560000000001,648761.7899999986,477709.93000004004
"Paiute Indian Tribe of Utah (Cedar Band of Paiutes, Kanosh Band of Paiutes, Koosharem Band of Paiutes, Indian Peaks Band of Paiutes, and Shivwits Band of Paiutes)",0.13099999999999998,0.211,3.3800000000000003,3.991e6,0.13006257016805794,0.1645254424979167,3.1629031112137342,9.783015272642368e6,0.869,0.789,0.869937429831942,0.8354745575020833,0.09087134122335193,0.09087134122335193,0.0009999999999999998,0.03893431530573972,0.0009999999999999998,0.06589223102259233,0.06521885992669375,0.0070551214307464204,0.028722557426555623,0.007453784027833911,7.0237147593134335,8.148590381432836,8.031674958208955,10.454394692686568,13.011442784925373,17.057048097313434,18.354560530149254,20.400829187462687,16.096019901641792,13.788888889999999,8.5550580430597,5.505804312164179,12.202335544626866,3.0584479933880595,2.2511943242238805,2.153345724686567,1.547696338044776,1.5677729764328359,3.4351296253283583,2.4538744873731346,3.6224038645074628,3.603321549343284,4.363039206,2.4550151092388064,2.6351838388955224,2.7622020865820893,234.04145936417913,274.54228854626865,167.34958537313432,104.68358208955223,91.2466003361194,53.176948589253726,17.786069650597014,29.15555556,32.45273632119403,173.19369817611943,220.1278606850746,260.85505805970143,138.2176202492537,134.0671544880597,135.93306823880596,88.70099327119404,83.87141281746268,61.627075818507464,31.658898632537316,14.67569270358209,48.77914798,46.45895711343284,147.8791048268657,208.52340062985076,151.7144255746269,96.15744434044777,-1.3333333329999997,1.5533333332,2.6666666667999994,6.7644444444,11.302222222000001,16.744444444,21.704444444,20.266666668,15.182222222,9.460000000199999,3.1222222219999995,-1.22,8.8511111116,2.5796658709999996,3.8720265501999998,2.7326724091999997,2.0202079736,3.0284989292,2.4272095034,2.746220545,3.0974607164,3.0166065396,1.7470247155999998,4.001134620599999,3.4485934031999994,2.8931101482000003,37.224444444,43.34888889,38.97777778,37.451111112,35.431111109999996,29.56222222,23.733333333999997,30.933333332000004,28.953333331999996,38.12222222199999,32.273333332,22.188888891999998,33.183333336,24.080867542,38.890910334,23.971239358,28.953573902,28.085154003999996,28.214344501999996,23.957384284,22.113722818,27.209478031999996,25.218003603999996,46.122817374,21.604000278,28.201791336,160.0,217.3,648761.7899999986,477709.93000004004
"Santa Rosa Band of Cahuilla Indians, California",0.10928135505605374,0.14997772359545158,3.3555157190983325,4.884107876714959e8,0.1,0.146,3.1500000000000004,1.26963e8,0.8907186449439463,0.8500222764045484,0.9,0.854,0.2167386221409998,0.2167386221409998,0.09811135589319607,0.1513334116366629,0.06576071316681475,0.23504570702592256,0.23504570702592256,0.022024748475734893,0.08901100225964974,0.08579227657200894,10.624444444968422,10.717543859684211,11.612631579473682,13.03707602305263,14.510409355578945,17.80397660968421,20.071812863999998,20.76959064568421,18.939649123578945,16.74397660505263,12.425146197894737,10.248654972378946,14.792076024631578,1.7638285988947366,2.397737005168421,2.3383380335578945,1.5558456973263155,1.7374868885578947,2.4823090963578944,2.956316013210526,2.4367535268315788,1.826381912642105,2.070231527410526,1.839344024968421,2.048872803568421,2.121120427568421,97.8518128496842,115.42339179431578,77.70994152136842,31.648070174526314,16.95391813105263,2.2366081872105257,4.614502923863157,3.485847953252631,4.246081871031579,17.899415206315787,24.556140351578946,48.280116961263154,37.07548732894737,89.85606654863157,115.53350675410528,79.78315367347368,23.714211169368422,16.11267836073684,3.644691574736842,6.056278726221052,4.603434900105263,7.669835798242104,22.545205679368422,36.94008107536842,66.27502843757894,39.394514390947364,8.733333333000001,8.5555555535,10.661111108999998,12.91666667,15.850000000000003,20.83333333,25.144444445,23.883333330000003,21.300000000000004,16.150000000000002,11.0333333315,8.961111111,15.335185184999998,1.6422880825000001,4.450126623,2.433622416,3.383160453,3.421315142,3.7804780575000003,4.15371646,3.7619175125,3.127823212,3.8497717910000007,3.1851790080000004,2.1993339179999998,3.2823943895000003,92.794444435,71.627777765,41.71111111,20.438888889999998,10.283333334,1.483333333,12.844444445,11.383333334500001,6.8277777775,15.788888885,26.249999999999996,28.544444445,28.33148148,94.44603714,88.28926528000001,39.47905802499999,14.173739152500001,10.530491667000001,2.161967333,21.449760335000004,21.918234379999998,10.396321968999999,22.032053545,45.09713041,49.212610764999994,34.9322225,480.0,651.88,648761.7899999986,477709.93000004004
Prairie Island Indian Community in the State of Minnesota,0.08385961702550447,0.13690598098795134,2.9598834210174867,1.5214191406763245e6,0.078,0.126,2.94,1.787e6,0.9161403829744955,0.8630940190120486,0.922,0.874,0.6548239140224441,0.5680915125848437,0.0010201795776604145,0.6087084877334303,0.6017808844645145,0.41141266587795633,0.35816602548550946,0.001,0.20911593615487592,0.38152769519799923,-9.440639849005223,-7.8503791117001365,0.8099184795315815,8.178686420287491,14.258170889329698,19.83977991569906,22.02601793431739,20.949347622056465,16.130290330636324,8.663297398183229,0.025703309521188662,-8.896488583806942,7.057808729599994,2.7565344067567907,2.8143866237479074,2.1604830470028635,2.2625037796879046,1.4899932736847121,1.6905134512454374,0.8999720318894914,1.4263355114115335,1.8069108565410963,1.8693192740658626,3.368406223494826,4.055073784528782,2.2167026887575325,18.260394399248128,14.357296559358371,39.606082634499906,55.3310892983528,94.64849779624642,117.59506373726208,97.21821665790856,101.57655512925832,85.01125448453169,49.93192012698317,37.29227837664615,24.65113947888491,61.289982390685594,10.707794210225426,9.337392189555844,25.053619773785822,28.351161564539954,36.692148147684925,46.901417879302535,41.897368573898824,41.85353919555966,47.759970831554085,18.05278179248914,30.897767053668012,18.623201755305566,29.67734691398678,-8.466666667,-4.922222222,1.366666667,9.133333333,14.98888889,20.42222222,22.7,22.02222222,16.13333333,9.677777778,1.277777778,-7.6,8.061111111,2.491485501,4.793166432,2.759075932,2.121320344,1.274209995,1.710100712,0.85732141,1.708638184,1.697056275,2.150452149,2.783782399,4.518296139,2.405408789,28.3,16.43333333,45.36666667,69.93333333,90.53333333,133.1555556,91.91111111,123.4888889,97.83333333,57.5,39.13333333,29.31111111,68.575,30.793099880000003,9.335684228,29.32119541,57.20131117,45.11280306,55.65772882,47.15388225,56.18955518,55.14163581,32.06091858,27.47853708,14.05315307,38.29162538,75185.29000000998,102106.54999999917,648761.7899999986,477709.93000004004
"Torres Martinez Desert Cahuilla Indians, California",0.10928135505605374,0.14997772359545158,3.3555157190983325,4.884107876714959e8,0.1292169134568103,0.19935253595718105,3.0102693847239648,9.168936922032507e7,0.8907186449439463,0.8500222764045484,0.8707830865431897,0.800647464042819,0.2167386221409998,0.2167386221409998,0.09811135589319607,0.1513334116366629,0.06576071316681475,0.05705526466523769,0.05559038371402051,0.018937143630638986,0.03703884754545667,0.001204670173407835,10.624444444968422,10.717543859684211,11.612631579473682,13.03707602305263,14.510409355578945,17.80397660968421,20.071812863999998,20.76959064568421,18.939649123578945,16.74397660505263,12.425146197894737,10.248654972378946,14.792076024631578,1.7638285988947366,2.397737005168421,2.3383380335578945,1.5558456973263155,1.7374868885578947,2.4823090963578944,2.956316013210526,2.4367535268315788,1.826381912642105,2.070231527410526,1.839344024968421,2.048872803568421,2.121120427568421,97.8518128496842,115.42339179431578,77.70994152136842,31.648070174526314,16.95391813105263,2.2366081872105257,4.614502923863157,3.485847953252631,4.246081871031579,17.899415206315787,24.556140351578946,48.280116961263154,37.07548732894737,89.85606654863157,115.53350675410528,79.78315367347368,23.714211169368422,16.11267836073684,3.644691574736842,6.056278726221052,4.603434900105263,7.669835798242104,22.545205679368422,36.94008107536842,66.27502843757894,39.394514390947364,11.0666666675,11.783333332500002,14.186111109999999,16.8833333325,20.025,24.9750000025,28.091666667499997,27.955555557500002,25.35277778,19.7999999975,14.27777778,11.313888887500001,18.8092592625,1.3088931152499999,4.249098430999999,2.05069632325,3.7367435055,3.832575822,4.287192188750001,5.471271870500001,4.129544911999999,3.43207031375,3.8041961557499997,2.2751524599999997,1.9797160245,3.3797625935,40.3305555575,27.227777777500002,23.700000000000003,15.7027777775,5.794444444499999,0.9222222219999999,5.52222222225,8.188888889,5.627777777749999,8.11388888875,15.205555555,16.38888889,14.393750000999999,37.48228118750001,35.310027865,26.300770910000004,24.93663383,10.858892693000001,1.475657488,9.08467689825,13.626051767500002,9.12431440025,10.93924953775,25.92120089,23.329520505,19.03243983,480.0,651.88,648761.7899999986,477709.93000004004
"Santee Sioux Nation, Nebraska",0.08495270279146204,0.13337854346525807,3.0082329162113908,1.4817325939613483e6,0.12397529083292405,0.18798058565444034,3.0701764940505427,545845.5677057753,0.915047297208538,0.8666214565347419,0.876024709167076,0.8120194143455597,0.7467789912004831,0.6490908830174236,0.0010400874741815572,0.7219024576919348,0.7220690864263933,0.4428393953457203,0.38454732337955627,0.001385293635017185,0.4121737207743507,0.3800840552122669,-7.772292165294806,-5.959287424289488,2.062270102842165,8.928087123931485,14.716911232545868,20.66692484614957,22.687511617121267,21.627510680439404,17.052203915037634,9.515897291513737,0.897605032055853,-7.410807867538494,8.084377865303418,2.70570731434812,2.972334644676472,1.9030643662669218,2.0867820300306734,1.5030694442761323,1.5725132920811182,0.9361893284975928,1.3853261433858044,1.805383408521168,1.7086503660734278,3.4670252504963304,3.859955322745592,2.1588334093649366,14.689007183046904,12.045959723141547,42.800374593268344,62.62541989272078,103.59687930305796,118.54743745794697,93.39772051017839,105.04024505424263,86.17784912962567,45.31739191523621,31.412432991847936,21.44260902206254,61.42444389905371,8.372174139972536,10.667666363592062,25.85377473938912,36.80392235894805,36.908365906119194,59.18234586001702,53.15063194898365,47.090561228131016,52.38867940675961,16.84218399350994,27.830553088685328,18.97837018598396,32.83910243528182,-3.1,-0.6333333330000002,3.6555555560000004,12.01111111,16.82222222,22.0,24.42222222,23.98888889,17.46666667,12.93333333,3.011111111,-3.733333333,10.73703704,7.160830957,6.118006210999999,4.950785572,4.198346235,3.355882067,2.032240143,1.794977561,1.755309406,2.530316186,3.863288754,5.553477389,5.844655678,4.09650968,14.83333333,10.56666667,58.188888889999994,71.31111111,86.07777777999999,112.0111111,66.48888889,105.8111111,51.54444444,39.87777778,30.4,22.08888889,55.76666667,13.48601127,8.656211643,47.62770844,46.20893973,32.07903434,60.60471195,36.74375608,71.08629341,34.23145889,19.0076812,21.49581355,36.39795477,35.63546461,25951.179999999997,35243.3900000001,648761.7899999986,477709.93000004004
"Fort Independence Indian Community of Paiute Indians of the Fort Independence Reservation, California",0.13099999999999998,0.211,3.3800000000000003,3.991e6,0.105,0.144,3.27,1.052e6,0.869,0.789,0.895,0.856,0.09087134122335193,0.09087134122335193,0.0009999999999999998,0.03893431530573972,0.0009999999999999998,0.07335097989329237,0.05127947354966941,0.05536698682536013,0.021847049245886846,0.001,7.0237147593134335,8.148590381432836,8.031674958208955,10.454394692686568,13.011442784925373,17.057048097313434,18.354560530149254,20.400829187462687,16.096019901641792,13.788888889999999,8.5550580430597,5.505804312164179,12.202335544626866,3.0584479933880595,2.2511943242238805,2.153345724686567,1.547696338044776,1.5677729764328359,3.4351296253283583,2.4538744873731346,3.6224038645074628,3.603321549343284,4.363039206,2.4550151092388064,2.6351838388955224,2.7622020865820893,234.04145936417913,274.54228854626865,167.34958537313432,104.68358208955223,91.2466003361194,53.176948589253726,17.786069650597014,29.15555556,32.45273632119403,173.19369817611943,220.1278606850746,260.85505805970143,138.2176202492537,134.0671544880597,135.93306823880596,88.70099327119404,83.87141281746268,61.627075818507464,31.658898632537316,14.67569270358209,48.77914798,46.45895711343284,147.8791048268657,208.52340062985076,151.7144255746269,96.15744434044777,2.988888889,-0.022222222,4.5,6.355555556,10.14444444,16.02222222,19.233333329999997,18.33333333,16.0,8.8,4.877777778,3.333333333,9.213888888,4.544624419,4.103589215,5.728437832,3.9944058099999995,4.10643127,5.202109615,3.125299986,3.701013375,5.553152258,3.025723054,3.695868564,4.104266073,4.240410123,149.3555556,96.67777778,54.96666667,34.28888889,12.94444444,16.07777778,19.62222222,10.15555556,21.97777778,19.91111111,35.67777778,120.8111111,49.37222223,146.6486457,107.6139138,53.85338894,45.24934929,14.93980515,36.64838938,43.59451737,12.85030263,25.06261049,21.16013022,58.35445094,129.6150111,57.96587625,160.0,217.3,648761.7899999986,477709.93000004004
Bishop Paiute Tribe,0.13099999999999998,0.211,3.3800000000000003,3.991e6,0.105,0.144,3.27,1.052e6,0.869,0.789,0.895,0.856,0.09087134122335193,0.09087134122335193,0.0009999999999999998,0.03893431530573972,0.0009999999999999998,0.08232097809647239,0.08227562353456645,0.001448617710705673,0.04753067629805779,0.001,7.0237147593134335,8.148590381432836,8.031674958208955,10.454394692686568,13.011442784925373,17.057048097313434,18.354560530149254,20.400829187462687,16.096019901641792,13.788888889999999,8.5550580430597,5.505804312164179,12.202335544626866,3.0584479933880595,2.2511943242238805,2.153345724686567,1.547696338044776,1.5677729764328359,3.4351296253283583,2.4538744873731346,3.6224038645074628,3.603321549343284,4.363039206,2.4550151092388064,2.6351838388955224,2.7622020865820893,234.04145936417913,274.54228854626865,167.34958537313432,104.68358208955223,91.2466003361194,53.176948589253726,17.786069650597014,29.15555556,32.45273632119403,173.19369817611943,220.1278606850746,260.85505805970143,138.2176202492537,134.0671544880597,135.93306823880596,88.70099327119404,83.87141281746268,61.627075818507464,31.658898632537316,14.67569270358209,48.77914798,46.45895711343284,147.8791048268657,208.52340062985076,151.7144255746269,96.15744434044777,0.588888889,2.977777778,3.6555555560000004,7.755555556,11.68888889,16.44444444,20.8,20.43333333,14.96666667,10.83333333,4.711111111,0.988888889,9.653703703,1.601908584,1.899853796,1.502590356,1.6546231529999997,1.7716125740000002,1.6470512369999997,3.49821383,2.26715681,2.1,1.5499999999999998,2.270707183,2.923800799,2.057293194,99.00000000000001,62.15555556,41.28888889,28.06666667,15.28888889,14.166666670000001,25.611111109999996,12.68888889,14.911111109999998,17.6,26.07777778,75.91111111,36.06388889,93.87935075999998,60.15725457,27.641338809999997,21.1936901,13.476965950000002,22.40870367,38.75972279,17.1975612,14.63381738,16.25169222,33.48334578,81.21780046,36.69177031,160.0,217.3,648761.7899999986,477709.93000004004
Iowa Tribe of Kansas and Nebraska,0.08521778812817647,0.1333508892344061,3.0026771878169516,1.5072208651402548e6,0.13287622297396517,0.225280012498916,3.0072448015408804,607920.5320388732,0.9147822118718235,0.8666491107655939,0.8671237770260348,0.774719987501084,0.7583246016082449,0.6606150687176597,0.0009999999999999961,0.7349751449311366,0.7334368247930592,0.6896579535056878,0.5787390560493417,0.0015824584677697382,0.619868236425538,0.6804875154135415,-7.729343756860071,-5.89972579560988,2.10416557280345,8.955716966688815,14.732473769995643,20.707726339884495,22.710098887567174,21.650265940544358,17.086715673453263,9.542298454984953,0.8938790193616012,-7.37964275654696,8.11455235961512,2.712253930866719,2.948402081392671,1.8829984381714369,2.066106652927016,1.5027431017708954,1.5698099010123425,0.923048525144396,1.3704522620259907,1.8065553494775557,1.6784293307743956,3.500237569524816,3.868678235568221,2.1524762816468033,14.297354220572338,11.885925147165498,42.695256845839744,62.759065759302565,103.98135409283373,118.33688535668173,93.37742967574005,104.1773898253051,85.2321383083154,44.995855817691485,30.82779285050234,20.850541115835313,61.118082419080274,8.292354004901986,10.73085685632625,25.915527087490176,37.50389382814651,37.430727695699716,59.27203556450699,53.566942895568516,46.82468200788051,52.159986987510266,16.535572901058035,27.849770903125123,18.691828981603233,32.89784830970687,-4.538888889,-2.8277777774999997,5.1333333329999995,11.427777775000001,16.555555555,22.677777775,26.144444444999998,24.805555554999998,19.455555555,12.322222225000003,4.811111111,-3.6111111115000005,11.02962963,4.0175880615,5.851064363,3.2076581809999998,3.1518510090000005,2.5524931720000006,1.74527636,2.1279009915000002,2.0758442574999996,2.8290994605,3.4384425614999996,2.8009377515000002,2.4735940440000004,3.0226458509999996,22.122222225,46.5,61.15555555499999,58.73888888999999,121.80555555000002,122.25555555000001,103.62222225000001,94.122222245,85.894444445,55.172222219999995,48.916666670000005,45.08888889,72.11620371000001,12.272704710000001,44.37224610999999,40.782768004999994,29.515865634999997,69.46719067,42.422479845000005,34.849263335,42.714615585000004,57.396360115,30.069617035,27.322523904999997,58.804075950000005,40.83247591,25044.92,34012.6200000001,648761.7899999986,477709.93000004004
Te-Moak Tribe of Western Shoshone Indians of Nevada (Elko Band),0.130995113586396,0.213991448776193,3.3166534326298227,801350.2321803805,0.1,0.16899999999999998,3.35,2.969e6,0.869004886413604,0.786008551223807,0.9,0.831,0.14934540200824248,0.14797682579655094,0.009554632551542153,0.09727869081154775,0.030502512468639702,0.101,0.101,0.001,0.024000000000000004,0.001,6.045094639568272,7.955801184928481,8.988166450111835,10.605273803773736,13.21691951944084,15.917367433237976,18.61388527578674,18.30710879885566,16.958532003081928,12.778630256449942,7.200274526716518,6.040369888745126,11.885618649375813,4.041637372711315,2.607826379533161,2.3618532966436936,2.4168710012392722,2.4493675294889474,3.4548656401443445,3.706105893016907,3.3109676690793255,2.4416474276319904,2.1058192479778937,3.1953400174811457,2.3448008148192456,2.8697585242548773,212.1482878110533,115.9799884444734,181.06318451794544,116.7556277948635,81.98867215674903,43.30832249862161,10.967880363906376,14.251900014980496,42.245845976723025,107.94951596620291,179.75184220624192,233.8149833803642,111.68550426836154,162.84917315136545,75.82423064964892,83.86991063001301,57.37429251219768,50.00210325031211,30.306906378608595,13.183588074927178,17.343852890000004,31.56667698720417,91.83515783572177,98.85185684928481,150.20464663263985,71.93436632039014,-0.911111111,0.822222222,2.333333333,7.211111111000001,10.35555556,15.56666667,19.88888889,18.75555556,13.92222222,9.788888889,1.311111111,-3.244444444,7.983333334,4.221505787,5.073405606,1.823458253,3.200954719,1.9906726949999998,3.3,2.525096258,1.067837899,1.7718477489999997,4.518695731,2.599252029,3.0883292859999996,2.931754668,46.1,30.28888889,31.27777778,33.02222222,44.75555556,20.27777778,16.61111111,16.62222222,10.6,23.18888889,33.08888889,38.3,28.67777778,25.54941291,23.88165847,16.150215,12.91973082,24.805398160000003,13.71803355,21.32477693,22.0790499,10.79073677,24.26846948,17.28752762,29.77532536,20.21252791,1440.0,1955.6399999999999,648761.7899999986,477709.93000004004
Sherwood Valley Rancheria of Pomo Indians of California,0.13062567126563876,0.18616694215093998,3.567620885384804,9.700231345288238e6,0.135,0.19399999999999998,3.5299999999999994,7.022000000000001e6,0.8693743287343613,0.81383305784906,0.865,0.806,0.42359421401993613,0.4139662351874082,0.23246814113964737,0.18080352552762752,0.26063158921842566,0.4572270088750737,0.4369567092524577,0.19619433708823555,0.15342903746594294,0.25973845304020954,7.9824486614323416,9.982884121770631,11.00620186969802,13.205835166687297,15.87436743681105,20.463650531930696,22.33788503724836,22.224032819917497,19.67146589766089,16.694980748382836,10.502021451544142,7.760822332292076,14.808883007054458,2.0416555908898513,2.0038045636101476,1.9763350723094069,2.5652594839092395,2.0213791746138607,3.130668352561881,3.1155523021460385,2.890936766194718,3.1919144104958743,2.124963985310231,2.0770458929987616,2.0272004835280537,2.4305596732533004,158.4238081997236,125.20183809759493,110.89007610429046,59.18857260697194,44.4328566185561,9.390901174188944,3.038902640165428,1.6331820679529705,6.949041987420795,39.70547304912129,59.13424092495459,149.0970067851031,63.92382502095709,112.7285559911881,97.56816606112622,106.93918475063941,47.85944963224834,35.0391754613655,11.53479661234076,5.494049680108498,3.750526068755362,8.952761375649754,41.91481234978548,52.72297567900165,127.49866524464927,54.33359324174093,7.122222222,8.45,8.2944444445,10.877777779499999,13.72777778,17.255555559999998,19.5,19.822222225,17.16111111,14.37222222,8.188888889000001,6.738888889,12.625925924999999,1.227555952,1.396909033,1.343935383,1.7144473085,1.9464941755000003,2.4355099295,0.788213113,3.037083282,1.187630172,1.8512952620000003,1.479585152,1.6056297985,1.66785738,228.6388889,159.31666664999997,158.0722222,77.80555555499998,61.08888888999999,20.927777775,8.427777778,5.677777777999999,13.783333334999998,55.444444445,91.53333333,248.02222224999997,94.061574075,159.44487460000002,109.1846194,124.06605650000002,47.848231845,41.211467065,23.392362340000002,15.760815359999999,10.7585777835,14.633546574999999,43.33152185000001,63.431675195,189.72258595,70.232194535,5299.37999999,7196.900000000001,648761.7899999986,477709.93000004004
"Hopland Band of Pomo Indians, California",0.13062567126563876,0.18616694215093998,3.567620885384804,9.700231345288238e6,0.139176003124956,0.20102327798288055,3.604029146306038,6.954424676705258e6,0.8693743287343613,0.81383305784906,0.860823996875044,0.7989767220171194,0.42359421401993613,0.4139662351874082,0.23246814113964737,0.18080352552762752,0.26063158921842566,0.20546862754912884,0.2049310917370144,0.08496860658843013,0.06752913920435577,0.11706725792353782,7.9824486614323416,9.982884121770631,11.00620186969802,13.205835166687297,15.87436743681105,20.463650531930696,22.33788503724836,22.224032819917497,19.67146589766089,16.694980748382836,10.502021451544142,7.760822332292076,14.808883007054458,2.0416555908898513,2.0038045636101476,1.9763350723094069,2.5652594839092395,2.0213791746138607,3.130668352561881,3.1155523021460385,2.890936766194718,3.1919144104958743,2.124963985310231,2.0770458929987616,2.0272004835280537,2.4305596732533004,158.4238081997236,125.20183809759493,110.89007610429046,59.18857260697194,44.4328566185561,9.390901174188944,3.038902640165428,1.6331820679529705,6.949041987420795,39.70547304912129,59.13424092495459,149.0970067851031,63.92382502095709,112.7285559911881,97.56816606112622,106.93918475063941,47.85944963224834,35.0391754613655,11.53479661234076,5.494049680108498,3.750526068755362,8.952761375649754,41.91481234978548,52.72297567900165,127.49866524464927,54.33359324174093,8.255555555499999,9.866666668,9.7166666685,12.51111111,15.36666667,18.216666664999998,20.077777775,20.95,18.238888890000002,15.71666667,9.483333333500001,7.827777777499999,13.852314815,1.1018139555000002,1.197663202,1.3041108170000002,2.1796896709999998,2.7246171255,1.8412184544999999,1.1546797095,3.876733482,1.29305583,1.7813535685,1.5207084705,1.6225156775,1.7998466635,249.4388889,160.75,152.46666665,73.8,51.53333333,14.911111110000002,6.500000001499999,6.2222222225,10.872222222,51.583333335,88.57777777499999,241.78333335,92.36990740499999,181.17885415,103.94168645,117.66811895,42.457186265000004,35.136367075,17.07115779,11.792537437499998,12.990271652,13.2080348985,41.061568390000005,58.52862627,174.34111195,67.44796010499999,5299.37999999,7196.900000000001,648761.7899999986,477709.93000004004
"Chippewa Cree Indians of the Rocky Boy's Reservation, Montana",0.09918097637607574,0.18414564968013436,3.050220699047519,1.0329753423851428e6,0.12343523303737963,0.19176165781541438,3.171088082593449,895369.5948245387,0.9008190236239243,0.8158543503198656,0.8765647669626204,0.8082383421845856,0.4423342286282805,0.41123683489626706,0.001000000000000002,0.27006429988808833,0.3959681311420529,0.14151827746123552,0.13412407215420588,0.0015780191636411013,0.08569734383908499,0.0507085411479157,-9.926986825601126,-8.964446063690456,-0.6692700393439249,6.569796291050843,12.948256396938396,17.915561762167336,20.663540640054585,19.63286150659957,14.510438679755476,7.6268316489205645,-0.20650168455414278,-9.03997130347199,5.921675917384606,2.3020577496647343,2.7577828330376843,2.49551775981957,2.1306763669996736,1.364906905501716,1.7196915962736459,1.1177545653232779,1.4100863676249002,1.9010390739580578,1.9015033572855053,2.8477716067012855,4.095694215110337,2.170373533090833,21.651238492655903,15.468500452496434,37.885639172174564,51.94752234446171,82.3095026692076,124.25436180520492,99.41422183893309,125.6258758391204,123.74582258606698,75.68209124467695,52.301385795505354,30.875447875697198,70.09680084351572,12.211920638209916,7.626224491293748,20.701195996644085,17.969905262235308,24.457784658425243,43.29311899565714,46.411930903382505,51.43472525307684,62.109642476051015,33.759006633304786,29.9174194772019,22.048022531868565,30.995074776134423,-8.888888889,-4.422222222,-0.544444444,6.955555556000001,11.05555556,16.15555556,20.7,18.7,12.56666667,7.4,-1.822222222,-6.066666667,5.982407409,3.10340315,5.668725115999999,2.245613007,2.762295744,2.148319757,2.357493961,2.063976744,2.404682931,2.054263858,3.081801421,5.548373135,8.905616206,3.528713753,15.1,8.788888889,23.94444444,23.97777778,64.45555556,64.92222222,43.96666667,38.81111111,33.01111111,28.03333333,31.05555556,22.25555556,33.19351852,12.282100800000002,6.181715871,9.699369968,12.341978949999998,62.67190581,49.7332328,32.28432282,22.807095630000003,25.50114921,17.11848416,41.18944377,27.44964076,26.60503671,48362.53,65679.54000000017,648761.7899999986,477709.93000004004
"Minnesota Chippewa Tribe, Minnesota (Mille Lacs Band)",0.09863502137214851,0.17984119650494157,3.0278032708282696,1.2011819573387345e6,0.10608011929540875,0.18022093731619104,3.1389613373660192,1.4406601769316306e6,0.9013649786278515,0.8201588034950584,0.8939198807045913,0.819779062683809,0.4413217412943946,0.40767551736993063,0.0009997970214943462,0.2793856050957358,0.4023222137579156,0.4728271038234141,0.44281592523583635,0.0009999999999999903,0.3082995841851287,0.38709214947998727,-9.9979868110159,-9.154566069527073,-0.917003546192836,6.36396012197736,12.802728319078703,17.774105387555146,20.443919683931973,19.42988304128419,14.259416450210823,7.4606311434852035,-0.3326415330080628,-9.127048650032409,5.750449794814539,2.3168010798195176,2.720297234420076,2.4747003374189585,2.13845235580862,1.3926785674222573,1.7476056564747788,1.0895635280480154,1.3609066089912933,1.921555169704791,1.9192015430486837,2.9554886953218777,4.117651241446115,2.179575168172177,22.20679233628165,16.018574406296793,38.45043206453254,50.19440836277529,81.2914647875187,120.1595334000611,99.7903291012449,120.64874455021705,119.85475176446657,74.77937103445902,53.20458411041128,32.60671643576431,69.10047519675794,12.505576293110334,8.110584993001645,22.364279741758516,18.54982046568926,27.502215832127412,42.83447327467252,45.124212896475754,47.88883780926738,56.485663704406036,33.32987089485422,30.77650886312067,23.339788715129185,30.73431945688605,-10.631746031714286,-7.911111111000001,-0.550793650857143,6.898412698428573,13.271428572857143,18.428571428571434,21.00634920428572,20.20952380857143,14.574603175714287,7.742857142857144,0.23968253985714288,-9.100000000000001,6.181481481571429,2.4928860430000004,3.5420395787142867,2.8164420848571434,2.3882921137142863,1.5146486575714289,2.193363104714286,1.0073493322857143,1.9168045961428573,1.7883156291428572,2.2218177551428577,4.304854794571429,4.809327475857144,2.5830117638571433,23.47142857,15.641269840000003,38.12698412428572,45.45396825428572,73.11428571428571,115.66507937142859,104.49047617857144,104.22539681428573,82.59365079428572,77.08095238142857,42.75714285714286,31.598412698571433,62.85158730000001,20.68355160714286,9.571970631285716,22.93396112714286,31.942195935714288,31.144342235714294,41.53918991571429,35.11608613857143,58.96117407000002,44.07962768,36.68889363,30.898817570000002,31.932969151428573,32.95773164285714,69906.51000000998,94937.69999999952,648761.7899999986,477709.93000004004
"Elem Indian Colony of Pomo Indians of the Sulphur Bank Rancheria, California",0.13062567126563876,0.18616694215093998,3.567620885384804,9.700231345288238e6,0.157,0.231,3.92,6.666e6,0.8693743287343613,0.81383305784906,0.843,0.769,0.42359421401993613,0.4139662351874082,0.23246814113964737,0.18080352552762752,0.26063158921842566,0.27,0.27,0.07,0.03,0.08,7.9824486614323416,9.982884121770631,11.00620186969802,13.205835166687297,15.87436743681105,20.463650531930696,22.33788503724836,22.224032819917497,19.67146589766089,16.694980748382836,10.502021451544142,7.760822332292076,14.808883007054458,2.0416555908898513,2.0038045636101476,1.9763350723094069,2.5652594839092395,2.0213791746138607,3.130668352561881,3.1155523021460385,2.890936766194718,3.1919144104958743,2.124963985310231,2.0770458929987616,2.0272004835280537,2.4305596732533004,158.4238081997236,125.20183809759493,110.89007610429046,59.18857260697194,44.4328566185561,9.390901174188944,3.038902640165428,1.6331820679529705,6.949041987420795,39.70547304912129,59.13424092495459,149.0970067851031,63.92382502095709,112.7285559911881,97.56816606112622,106.93918475063941,47.85944963224834,35.0391754613655,11.53479661234076,5.494049680108498,3.750526068755362,8.952761375649754,41.91481234978548,52.72297567900165,127.49866524464927,54.33359324174093,6.800000000000001,7.755555556000001,8.822222222,10.94444444,13.74444444,17.8,20.85555556,20.03333333,18.36666667,14.27777778,8.811111111,6.333333333,12.8787037,1.6725728680000003,2.42234964,2.7976676789999995,2.152969526,2.506048239,2.787023502,2.216478689,2.7106272340000004,3.004579838,2.311264685,1.787767074,1.8398369490000002,2.350765494,226.00000000000003,138.1666667,133.1111111,59.98888889,52.04444444,20.83333333,7.133333333,8.444444444,17.18888889,37.61111111,54.82222222,173.0444444,77.36574074,201.3557052,122.090704,132.7940647,49.32006297,37.54547613,23.88503716,18.62639257,15.45138433,17.72607151,46.66386301,52.09339636,126.1346613,70.30723494,5299.37999999,7196.900000000001,648761.7899999986,477709.93000004004
Berry Creek Rancheria of Maidu Indians of California,0.14258762500364,0.20593812501819997,3.2936087495268023,1.4700405976878814e7,0.142,0.203,3.37,1.8433e7,0.85741237499636,0.7940618749818,0.858,0.7969999999999999,0.41876933537589583,0.4105516022702421,0.21098782886671028,0.25656984938181426,0.2865668903052139,0.13887696122255078,0.1354123136590905,0.08051472705402221,0.05599977260001963,0.11067016401514174,7.267785469599118,9.270918116893643,10.653094189931403,13.195468846469476,15.723320045424796,19.845108733681563,22.290336338313395,22.038074260969157,19.42524298867212,15.972260681220893,9.807782672440528,7.600762184275642,14.424179543731906,2.251757947252989,2.5255866336500934,2.033199493636249,1.8341209438011323,2.222386847701069,2.985829734395216,2.472776511062932,2.7776623552756443,2.2996648286721206,2.3772829656041528,2.497133016874134,2.124002171630585,2.366783620817495,173.6160198539081,131.88893084184394,116.31115305558839,53.10973358546254,41.66654779468217,10.529431507460037,3.9632683030792943,5.118991678901824,7.707097405611704,47.60009090207046,59.2344591298993,163.8398363844241,67.88213003669603,152.2184405694147,109.79378016883568,90.02426617139707,34.44179984707362,31.300392517608547,11.379118580410317,6.342040982650094,10.924315674075517,7.8227331348558815,54.55658060127123,53.26870434061674,131.9455543480805,57.834810579458775,2.844444444,5.511111111,5.066666667,9.033333333,12.02222222,16.88888889,21.2,19.6,15.94444444,11.72222222,5.577777778,2.222222222,10.63611111,2.38857233,1.929666062,2.697220792,2.636759375,1.926640715,2.3534254,2.490983741,1.492481156,2.092911316,1.997985096,2.548910443,3.9315320730000005,2.373924042,284.9111111,198.1444444,166.8333333,94.31111111,67.31111111,23.72222222,4.088888889,5.288888889,20.15555556,58.04444444,94.68888889,221.5666667,103.2555556,194.0988179,179.9267567,188.7724291,83.19733236,44.85059767,21.57995469,8.436445407,7.404127978,25.12817697,50.44014054,77.16810294,234.8518895,92.98789765,2561.87,3479.2000000000007,648761.7899999986,477709.93000004004
Cahuilla Band of Indians,0.10928135505605374,0.14997772359545158,3.3555157190983325,4.884107876714959e8,0.1,0.146,3.15,1.2696300000000001e8,0.8907186449439463,0.8500222764045484,0.9,0.854,0.2167386221409998,0.2167386221409998,0.09811135589319607,0.1513334116366629,0.06576071316681475,0.31523242629918397,0.31523242629918397,0.030723481500461246,0.15934489781175143,0.1345824449697337,10.624444444968422,10.717543859684211,11.612631579473682,13.03707602305263,14.510409355578945,17.80397660968421,20.071812863999998,20.76959064568421,18.939649123578945,16.74397660505263,12.425146197894737,10.248654972378946,14.792076024631578,1.7638285988947366,2.397737005168421,2.3383380335578945,1.5558456973263155,1.7374868885578947,2.4823090963578944,2.956316013210526,2.4367535268315788,1.826381912642105,2.070231527410526,1.839344024968421,2.048872803568421,2.121120427568421,97.8518128496842,115.42339179431578,77.70994152136842,31.648070174526314,16.95391813105263,2.2366081872105257,4.614502923863157,3.485847953252631,4.246081871031579,17.899415206315787,24.556140351578946,48.280116961263154,37.07548732894737,89.85606654863157,115.53350675410528,79.78315367347368,23.714211169368422,16.11267836073684,3.644691574736842,6.056278726221052,4.603434900105263,7.669835798242104,22.545205679368422,36.94008107536842,66.27502843757894,39.394514390947364,7.2,6.316666667,9.277777776,10.81666667,13.766666670000001,19.211111109999997,22.627777779999995,21.972222225,19.816666665000003,14.133333335,9.36111111,7.383333333,13.49027778,1.309655401,4.7954474085,1.6518247195000002,2.2690221315000003,2.5716072965000003,2.422311972,2.217544198,2.4325579950000003,2.2629351735,2.72212211,3.458275426,2.192229803,2.525461136,127.41666665000001,102.28333335,68.81111111,38.716666665000005,16.727777775,3.6666666665,12.97777778,9.183333331,5.8,19.483333329999997,35.966666665000005,46.06111111,40.5912037,118.14281867,100.371461065,57.17329292,18.827003445000003,15.191980430000001,4.384228878,12.853364195499998,11.145003490000002,7.151597140499999,21.643370915,51.80272075,61.25008413,39.994743834999994,480.0,651.88,648761.7899999986,477709.93000004004
"Upper Sioux Community, Minnesota",0.08495270279146204,0.13337854346525807,3.0082329162113908,1.4817325939613483e6,0.09293197285960943,0.14991500287535647,3.1464309408980826,491697.1993300504,0.915047297208538,0.8666214565347419,0.9070680271403906,0.8500849971246436,0.7467789912004831,0.6490908830174236,0.0010400874741815572,0.7219024576919348,0.7220690864263933,0.7237496003414035,0.5006192006338247,0.0010000000000000002,0.6941590104844781,0.59679983404596,-7.772292165294806,-5.959287424289488,2.062270102842165,8.928087123931485,14.716911232545868,20.66692484614957,22.687511617121267,21.627510680439404,17.052203915037634,9.515897291513737,0.897605032055853,-7.410807867538494,8.084377865303418,2.70570731434812,2.972334644676472,1.9030643662669218,2.0867820300306734,1.5030694442761323,1.5725132920811182,0.9361893284975928,1.3853261433858044,1.805383408521168,1.7086503660734278,3.4670252504963304,3.859955322745592,2.1588334093649366,14.689007183046904,12.045959723141547,42.800374593268344,62.62541989272078,103.59687930305796,118.54743745794697,93.39772051017839,105.04024505424263,86.17784912962567,45.31739191523621,31.412432991847936,21.44260902206254,61.42444389905371,8.372174139972536,10.667666363592062,25.85377473938912,36.80392235894805,36.908365906119194,59.18234586001702,53.15063194898365,47.090561228131016,52.38867940675961,16.84218399350994,27.830553088685328,18.97837018598396,32.83910243528182,-9.8833333335,-7.9611111115,0.638888889,8.088888889,14.327777780000002,20.122222225,22.005555554999997,21.094444445,16.577777779999998,8.4555555555,0.044444444499999985,-8.1833333335,7.1106481485,2.7815319119999997,3.0524398099999996,2.131717749,2.8221770090000002,2.0419697329999997,1.5480067585000001,0.9925782135000001,1.4016155345,1.8194232639999997,2.3399014155,3.256786348,5.353988428,2.4618446809999996,24.61111111,14.394444445000001,36.966666665,66.761111115,98.13333333,106.55555555000001,102.03333335,89.33888888999999,86.138888885,56.68333333500001,40.866666665,28.54444444,62.58564814500001,27.76609312,9.667324171499999,25.058937119999996,37.89240455,24.860249924999998,44.735392315,37.040107185,38.596214925000005,65.10211534,26.647706859999996,38.188397315,21.505453499999998,33.088366359999995,25951.179999999997,35243.3900000001,648761.7899999986,477709.93000004004
"Northern Cheyenne Tribe of the Northern Cheyenne Indian Reservation, Montana",0.10321863153011658,0.13461349683063956,3.4060929614268987,1.4957595475868562e7,0.1466106951571848,0.22974237963042532,3.1799999999999997,895336.9647515771,0.8967813684698834,0.8653865031693604,0.8533893048428152,0.7702576203695747,0.1808793916360989,0.17116374184336003,0.003124335689305417,0.14645100117142337,0.07859290488321458,0.13861769439877436,0.13684710187397067,0.001605882365546855,0.10574065098006623,0.050354988524354605,-2.7075743692361165,-0.8432960723587127,3.0032496487303466,7.696991631380153,11.621461730858165,17.800619999087402,20.26504184307587,20.617427157836715,16.310558304021434,8.741084844757282,3.115237309844144,-2.8186549385497526,8.566845590837271,3.087215989910939,2.998533160699558,3.2677785439835065,2.996481212101154,2.953507584750411,3.1065789512833972,2.7072945441074756,3.28555434634167,2.986218648782023,2.3783167074777345,4.73945651452831,4.035257661808687,3.211849488892247,26.139408099876565,21.19705882393952,34.65553722962617,40.62852605234744,63.383217274694864,46.635168895920835,53.988293323290236,44.68333944238592,32.160762934642655,32.57701728556075,27.938107018034614,16.90080019500082,36.74060304802364,21.94999969446233,19.377032613505207,17.18999187469983,21.463709822724013,34.58584271543706,33.86025866935953,37.851568420008256,24.00844919250413,24.20201019910938,23.78592439225673,22.36232034944309,11.418297337986798,24.33795044106101,-6.003703703499999,-2.011111111166667,1.8148148148333332,8.111111111166666,11.918518518333332,17.67037037,21.677777776666666,20.279629630000002,14.40925926,9.2777777775,0.8092592591666666,-4.957407407333333,7.749691358166667,2.737693016,3.826009050166667,1.9875261488333331,1.9140999056666668,2.279963476,1.8117523756666665,1.8202456373333336,2.198174013666667,2.0852224411666667,2.0191321788333334,5.0784581200000005,4.170058310833334,2.6606945563333335,14.822222220000002,13.16851851833333,19.892592593333337,37.79629629833334,95.82222222666667,59.818518518333335,41.92592592333334,37.41111111,28.953703703333332,30.670370371666667,21.172222221666665,15.538888888333334,34.74938271666667,9.378028884666668,7.7243933965,10.225311522166667,20.128587186666667,63.42937797166667,25.504651941666665,27.839844741666663,31.13559793666667,15.30877473,15.580133726666666,15.286582825000004,16.668398513333333,21.517473616666667,7093.3899999899995,9633.32,648761.7899999986,477709.93000004004
"Minnesota Chippewa Tribe, Minnesota (Grand Portage Band)",0.09918097637607574,0.18414564968013436,3.050220699047519,1.0329753423851428e6,0.09899999999999999,0.163,3.13,281000.0,0.9008190236239243,0.8158543503198656,0.901,0.837,0.4423342286282805,0.41123683489626706,0.001000000000000002,0.27006429988808833,0.3959681311420529,0.3905850151767989,0.364027608883356,0.0009999999999999998,0.27336276216126054,0.3200784671543709,-9.926986825601126,-8.964446063690456,-0.6692700393439249,6.569796291050843,12.948256396938396,17.915561762167336,20.663540640054585,19.63286150659957,14.510438679755476,7.6268316489205645,-0.20650168455414278,-9.03997130347199,5.921675917384606,2.3020577496647343,2.7577828330376843,2.49551775981957,2.1306763669996736,1.364906905501716,1.7196915962736459,1.1177545653232779,1.4100863676249002,1.9010390739580578,1.9015033572855053,2.8477716067012855,4.095694215110337,2.170373533090833,21.651238492655903,15.468500452496434,37.885639172174564,51.94752234446171,82.3095026692076,124.25436180520492,99.41422183893309,125.6258758391204,123.74582258606698,75.68209124467695,52.301385795505354,30.875447875697198,70.09680084351572,12.211920638209916,7.626224491293748,20.701195996644085,17.969905262235308,24.457784658425243,43.29311899565714,46.411930903382505,51.43472525307684,62.109642476051015,33.759006633304786,29.9174194772019,22.048022531868565,30.995074776134423,-11.955555560000002,-10.133333333500001,-2.1777777775,4.433333333,10.75,16.08888889,18.794444445,18.07777778,13.01111111,5.988888888499999,-1.8944444444999997,-9.199999998500001,4.3152777775,2.526196929,2.3572405825,3.6804762335,2.1913991009999996,1.433333723,3.541258788,1.852747215,1.6419500509999998,3.5356690009999996,1.7288037445,3.9378277329999998,7.6688108249999996,3.0079761605,34.96666667,19.3,26.25,39.366666665,74.07222222,103.25,114.3777778,83.12777777999999,103.483333345,67.82777778,51.58888889,36.85,62.871759265,15.480685339999999,8.363933929,15.785697895000002,16.519890569999998,25.323755140000003,39.1295641,24.757296805,33.512640705,48.671542835,26.747764395,23.83108262,11.321904508,24.120479905,48362.53,65679.54000000017,648761.7899999986,477709.93000004004
"Pyramid Lake Paiute Tribe of the Pyramid Lake Reservation, Nevada",0.13099999999999998,0.211,3.3800000000000003,3.991e6,0.1120181721483174,0.1680847302338794,3.4199473242596086,2.930110922290315e7,0.869,0.789,0.8879818278516826,0.8319152697661206,0.09087134122335193,0.09087134122335193,0.0009999999999999998,0.03893431530573972,0.0009999999999999998,0.03370420930364877,0.02852215800010752,0.010327151544202719,0.007683054092331389,0.0010230100217784343,7.0237147593134335,8.148590381432836,8.031674958208955,10.454394692686568,13.011442784925373,17.057048097313434,18.354560530149254,20.400829187462687,16.096019901641792,13.788888889999999,8.5550580430597,5.505804312164179,12.202335544626866,3.0584479933880595,2.2511943242238805,2.153345724686567,1.547696338044776,1.5677729764328359,3.4351296253283583,2.4538744873731346,3.6224038645074628,3.603321549343284,4.363039206,2.4550151092388064,2.6351838388955224,2.7622020865820893,234.04145936417913,274.54228854626865,167.34958537313432,104.68358208955223,91.2466003361194,53.176948589253726,17.786069650597014,29.15555556,32.45273632119403,173.19369817611943,220.1278606850746,260.85505805970143,138.2176202492537,134.0671544880597,135.93306823880596,88.70099327119404,83.87141281746268,61.627075818507464,31.658898632537316,14.67569270358209,48.77914798,46.45895711343284,147.8791048268657,208.52340062985076,151.7144255746269,96.15744434044777,0.4916666667499999,3.45277777775,5.0194444444999995,9.86944444325,13.105555555,18.294444447500002,22.7111111125,22.075000000000006,16.52222222,11.9694444425,3.886111110999999,0.07777777775,10.62291666675,2.232096447,4.233105741,2.05876378875,2.686624663,2.0403954942499998,2.2308115500000003,2.84451424275,1.7797508814999998,1.591870669,3.33557621325,2.14661891175,2.97499362925,2.51292685275,51.369444445,30.71388889,20.04722222,18.4111111075,27.23611111,17.57777778,9.2694444435,15.744444445000001,10.2361111115,20.477777780000004,27.9166666675,45.8194444425,24.568287037500003,51.7214701175,20.011472215,21.838320205,12.638807038000001,18.155403665,19.673733315,8.3685513455,23.888630765000002,11.388925119750002,23.32945573,36.448126895,45.981489535,24.453698829999997,160.0,217.3,648761.7899999986,477709.93000004004
Lac Courte Oreilles Band of Lake Superior Chippewa Indians of Wisconsin,0.09894001669840793,0.1810617516349821,3.0330094414528963,1.1202977082507894e6,0.11600000000000002,0.224,3.0,965000.0,0.9010599833015921,0.8189382483650179,0.884,0.776,0.4456887513256844,0.4109376929665752,0.0009999999999999992,0.278943614167172,0.4062495490974052,0.433424743723885,0.4041571227320506,0.0009999999999999979,0.24998240144653047,0.4100168293558134,-9.904044693949913,-9.09887374236558,-0.9126478771075417,6.350909288958216,12.784689759459491,17.76194714198179,20.42685528918086,19.419414993195627,14.245900693985627,7.467129643405627,-0.28229798814695134,-9.050837021053262,5.767345457290936,2.301087974275669,2.710498538808232,2.463467181065311,2.1220631529087317,1.3830238991761445,1.7396621138979835,1.1155252154885222,1.3676136962209307,1.9322710844370525,1.9171402314301287,2.9355066799959117,4.102140688484541,2.174166704705,22.244343468213575,16.05752262966768,38.546737879069525,50.84005194190077,81.35946891288384,121.26833112917386,98.97492797612993,122.22632531781136,122.20485415174183,75.02095835897335,53.398164261978806,32.94298258568027,69.59038905167176,12.419137318876192,8.17483546183126,22.663135470029708,18.63389675192806,26.409413910305634,42.83138291504858,44.4070917192148,48.886581458764475,57.771492716196185,33.876745548957565,30.764828688109617,23.510579410456813,30.862426780720476,-10.3,-7.033333333,-1.133333333,6.2,12.45555556,17.86666667,20.78888889,19.85555556,14.08888889,7.500000000000001,-0.377777778,-8.822222222,5.924074075,2.103568397,5.147329405,2.6,2.202271555,1.354724244,1.639359631,1.115173131,1.632567848,1.543894786,2.094039159,2.699434097,4.617569106,2.395827613,26.5,13.744444439999999,32.27777778,53.1,74.7,112.7333333,88.67777778,111.9666667,111.8444444,77.68888889,46.13333333,36.18888889,65.46296296,20.86953521,7.584871639,16.71143155,24.71360961,17.28351816,40.91112318,43.91178025,53.23523269,60.227238670000006,30.40425317,28.792967890000003,36.33739274,31.74857956,65835.36,89408.79999999962,648761.7899999986,477709.93000004004
Summit Lake Paiute Tribe of Nevada,0.13099999999999998,0.211,3.3800000000000003,3.991e6,0.09900000000000002,0.158,3.2299999999999995,912000.0,0.869,0.789,0.901,0.842,0.09087134122335193,0.09087134122335193,0.0009999999999999998,0.03893431530573972,0.0009999999999999998,0.08668148322320711,0.08668148322320711,0.010609479396703064,0.020693450775411404,0.0054139155814396794,7.0237147593134335,8.148590381432836,8.031674958208955,10.454394692686568,13.011442784925373,17.057048097313434,18.354560530149254,20.400829187462687,16.096019901641792,13.788888889999999,8.5550580430597,5.505804312164179,12.202335544626866,3.0584479933880595,2.2511943242238805,2.153345724686567,1.547696338044776,1.5677729764328359,3.4351296253283583,2.4538744873731346,3.6224038645074628,3.603321549343284,4.363039206,2.4550151092388064,2.6351838388955224,2.7622020865820893,234.04145936417913,274.54228854626865,167.34958537313432,104.68358208955223,91.2466003361194,53.176948589253726,17.786069650597014,29.15555556,32.45273632119403,173.19369817611943,220.1278606850746,260.85505805970143,138.2176202492537,134.0671544880597,135.93306823880596,88.70099327119404,83.87141281746268,61.627075818507464,31.658898632537316,14.67569270358209,48.77914798,46.45895711343284,147.8791048268657,208.52340062985076,151.7144255746269,96.15744434044777,-1.4777777774999998,1.1333333335,2.2111111109999997,6.761111111,9.766666669,14.69444444,19.88333333,18.2,13.444444445000002,7.95,1.2444444444999998,-2.6833333335000003,7.593981480999999,3.0132904565000005,4.071815099,1.823654154,2.354284017,1.6062948680000002,2.0053735355,1.6596442345,1.2545352790000002,2.032638445,2.1143476125,2.780091583,3.4241909630000005,2.3450133535,36.888888885,19.444444445000002,24.38888889,23.644444445,38.305555555,16.633333335,14.638888890000002,11.927777777000001,11.13888889,21.955555555,26.96111111,51.105555554999995,24.752777779999995,30.069420599999997,12.749994065,14.066417529999999,13.90457037,19.44253353,16.399804319999998,23.44685428,15.0275270155,11.0343749195,20.75811518,17.387144090000003,47.897256735,20.182001055,160.0,217.3,648761.7899999986,477709.93000004004
The Osage Nation,0.13200344238982767,0.2056893060928128,3.020322777005072,3.8416497326758187e6,0.153990103548466,0.24696571776974643,3.209845170750867,3.9591201444893256e6,0.8679965576101724,0.7943106939071872,0.846009896451534,0.7530342822302536,0.48724835954926443,0.4484628897601398,0.29639407157453296,0.4474331432011374,0.4296946713425833,0.3774161207951463,0.32127760835418484,0.24933042781695985,0.30693447301074434,0.3320218767087474,0.13119278488442787,2.0692649363897395,8.418050475073409,13.724319224143889,18.32003231978747,24.530559910254293,27.214224197334985,26.638088601905597,22.256558091274183,15.08730379862305,7.8893088699277,0.6486665118218092,13.910630810235158,2.5780666493245956,3.0186161640918807,1.2874664368337405,1.466768843014283,1.451916265530047,1.6570861596291577,1.5784069420123674,1.9888202849776155,1.5745670744799667,1.4028892377624989,2.3553078637448186,2.7898162047457733,1.929144010521512,35.93110762772863,41.77735973275469,75.4390533973577,62.00460527571601,143.19059686674774,150.91603958838206,109.05629294404713,94.42582109442775,77.59129265170269,61.35573554761106,46.46839207191438,33.433129149105525,77.63245216406547,22.8730261821713,23.517286524468773,37.10507643150498,30.049636990459845,66.88986221630978,71.09278194642918,65.51258636002797,50.028760479883296,42.258043286902115,37.51218500980928,36.87478409118615,27.624980783071784,42.61158419129588,1.4092592591666666,2.075925926,8.4555555555,14.522222220000002,19.201851851666667,24.711111111666668,27.312962961666667,27.420370370000004,22.137037038333336,15.635185185000003,8.820370370500003,1.4537037038333334,14.429629630000003,3.7672595333333336,7.605372761833335,4.6927797015,2.9705829261666676,2.479407805666667,2.7016308311666672,2.693006349166667,3.0918469880000004,4.412115398333334,3.165708149833334,2.8488077898333337,3.1960892591666674,3.6353839580000002,40.44444444666667,53.729629630000005,87.29074074166668,87.11481481666668,125.16111110333334,164.7740740666667,89.54814815000002,76.75555555500003,94.00370370166667,71.21481481333333,49.259259258333344,32.60000000000001,80.99135802500003,23.84216639666667,43.871019423333344,54.07718270000001,50.08989102666667,57.997781266666664,69.31045785333333,55.72927590333335,51.15760299500001,53.66359429166667,49.298250886666665,39.52556642333334,22.642688366666672,47.600456461666674,24776.18999999,33647.67000000009,648761.7899999986,477709.93000004004
Nez Perce Tribe,0.093,0.152,3.23,3.4110000000000005e6,0.13717849971271384,0.1752863925965737,3.137604157438543,1.3213835592277774e6,0.907,0.848,0.8628215002872861,0.8247136074034263,0.1375006645053773,0.1375006645053773,0.001,0.019836205102291435,0.033959401087490106,0.4316690381686286,0.42732045498178295,0.0010494194699924087,0.2857999013589034,0.2689853818746574,-6.166666667,-3.088888889,2.155555556,6.311111111,9.888888889,14.988888890000002,20.07777778,18.14444444,13.605555559999999,7.522222221999999,-1.4166666670000003,-5.555555556,6.3722222225,4.196129169,2.059395812,2.319003617,1.8677824049999998,1.488660845,1.152653942,2.299335653,2.57881325,2.7559100055,2.175877856,3.4483365704999995,1.855472387,2.3497809595,75.622222225,10.688888890500001,22.099999999999998,28.444444445,67.30555555500001,66.02222222,30.1,20.01111111,37.066666665,28.705555555000004,23.9,14.85,35.40138889,184.36681885,7.679239388,11.16509042,16.65914434,24.816712969999998,35.762893379999994,25.44543181,18.36277568,23.827915020000002,18.017296855,9.900505038,8.253959345499998,32.021481924999996,0.501851852,2.444444444333333,5.311111110999999,9.824074074833334,12.788888888333332,16.71851852,21.516666666666662,19.872222224999998,15.742592593333331,9.264814814166668,1.5388888888333332,-1.5740740741666666,9.495833333499998,3.7622205096666668,3.679281216333333,2.854451045833333,3.0288910715,2.5071261236666667,3.227577303166666,2.3305043843333326,2.042143586666666,2.3230487913333335,4.499437176833332,3.892690730333333,4.356619525499999,3.2086659556666657,99.46851851,61.13518518833333,79.67037037,61.45555555500001,76.90185185333331,60.03703703666666,23.59814814833333,29.490740741666663,42.92222222333333,76.14629629166667,101.28333332666666,123.07222223333333,69.59845678666666,71.86350761833332,36.18803963833332,42.20218440666666,29.741475243333337,29.895939625,35.60933365333333,22.676693958333335,23.943912036666667,28.886771208333332,41.17612086833333,56.95900197833333,73.22930139166667,41.031023469999994,80.0,108.64,648761.7899999986,477709.93000004004
Cow Creek Band of Umpqua Tribe of Indians,0.15353389527052322,0.2361638370874805,3.261638370874805,6.331280665456824e6,0.147,0.22599999999999998,3.1600000000000006,8.494e6,0.8464661047294768,0.7638361629125194,0.853,0.774,0.37788486387008946,0.35340470180828254,0.0011807262077517832,0.22262160696247663,0.3297147694046893,0.2963750000349256,0.29238416281162133,0.0014745736872325312,0.13661230614991782,0.19572302112639944,6.777026492768683,8.747317780418742,10.553459867402132,11.715539738718858,14.505838932550418,18.37725056174377,18.31308817887307,23.671068932538553,18.50643205462633,15.905654410604985,10.210214839650062,7.765730855654804,13.754051885456704,2.76296498097153,3.6092688915255047,2.3488569533523136,2.5317924924365367,3.1136613188362987,4.608567767373665,3.696768260794781,2.5116051016121,3.731660259954923,3.502826072766311,2.032894474377224,1.6472320196322654,3.0081748829062875,178.59024646986956,119.20437590234877,101.9057334844128,77.1271517108185,51.74821405042706,17.43357058029063,3.2574930801316717,3.2581521022728346,15.228034797029656,51.742862791945434,65.99980229274021,177.78150782977457,71.93976209123369,130.68000103190985,100.31996549817318,88.01017506438907,67.63311765228943,39.7840766014828,18.507174041897983,3.8784576213689204,5.295224468166072,17.952169024709374,45.66489384537366,71.89234096424673,158.40680328462633,62.33536659010676,3.1055555554999996,4.702777777750001,6.3694444445,9.747222222249999,12.461111110000001,16.0416666675,20.41111111,19.405555555000003,16.08888889,11.163888887499999,4.5083333334999995,2.488888889,10.54120370325,2.38856920025,3.7295004652499997,1.6040431245,2.1109329005000004,1.7851975495,2.2897124347499997,2.1977639445,1.52789031425,1.51290047,2.9419912315,3.01142691875,2.573459847,2.3061157,143.41111112500002,79.79166667,91.54722222250001,73.46388889,59.944444444999995,39.58611111250001,23.180555555,13.830555555,29.56111111,69.3138888875,115.08333334750002,174.75555555,76.12245370500001,97.26967463749999,45.27611616,38.27832518,46.1562527425,32.8748682075,22.9986082375,27.0903862275,17.585311599999997,27.763655925000002,30.2744530475,68.36983158,119.161575355,47.758254907499996,2079.98,2824.7699999999995,648761.7899999986,477709.93000004004
"Pinoleville Pomo Nation, California",0.13062567126563876,0.18616694215093998,3.567620885384804,9.700231345288238e6,0.135,0.194,3.53,7.022e6,0.8693743287343613,0.81383305784906,0.865,0.806,0.42359421401993613,0.4139662351874082,0.23246814113964737,0.18080352552762752,0.26063158921842566,0.5570193653720185,0.5386274236495568,0.39235593272391,0.40992930574618125,0.4613209420304323,7.9824486614323416,9.982884121770631,11.00620186969802,13.205835166687297,15.87436743681105,20.463650531930696,22.33788503724836,22.224032819917497,19.67146589766089,16.694980748382836,10.502021451544142,7.760822332292076,14.808883007054458,2.0416555908898513,2.0038045636101476,1.9763350723094069,2.5652594839092395,2.0213791746138607,3.130668352561881,3.1155523021460385,2.890936766194718,3.1919144104958743,2.124963985310231,2.0770458929987616,2.0272004835280537,2.4305596732533004,158.4238081997236,125.20183809759493,110.89007610429046,59.18857260697194,44.4328566185561,9.390901174188944,3.038902640165428,1.6331820679529705,6.949041987420795,39.70547304912129,59.13424092495459,149.0970067851031,63.92382502095709,112.7285559911881,97.56816606112622,106.93918475063941,47.85944963224834,35.0391754613655,11.53479661234076,5.494049680108498,3.750526068755362,8.952761375649754,41.91481234978548,52.72297567900165,127.49866524464927,54.33359324174093,7.544444444000001,7.911111111,8.888888889,10.55555556,13.288888890000003,18.07777778,19.96666667,19.34444444,17.72222222,13.84444444,8.866666667,7.2,12.767592589999998,1.170588646,4.060924908,1.287870766,2.114894271,1.8956822279999999,3.078464625,0.8746427839999998,0.585472269,1.210142324,2.374400509,1.670329309,1.679285562,1.833558183,227.68888890000002,151.1666667,153.1,72.73333333,56.22222222,18.84444444,5.444444444,7.888888889,13.62222222,53.57777778,85.13333333,238.68888890000002,90.34259260000002,167.3344663,103.5033937,133.0740771,41.33566862,37.25958862,21.35884542,11.12251221,18.94369581,16.7195079,42.01832272,60.31944131,183.7245795,69.72617493,5299.37999999,7196.900000000001,648761.7899999986,477709.93000004004
Lac Vieux Desert Band of Lake Superior Chippewa Indians of Michigan,0.0986583851244473,0.17992729756746526,3.041638072093091,1.1359326925089047e6,0.146,0.187,3.04,1.158e6,0.9013416148755526,0.8200727024325347,0.854,0.813,0.4377668025861753,0.40392158552879265,0.0010919359680151306,0.2737415830636995,0.3961701329914333,0.36173648310414613,0.3509983366945477,0.001,0.20119831853441528,0.3241413337593596,-9.762302457764093,-8.907921573197601,-0.8307963904616146,6.342221773313062,12.714787770399514,17.68541265795828,20.40237724154926,19.37511608853671,14.228938339951796,7.472084006803155,-0.2942263784028803,-8.92314868269534,5.7918785329959315,2.3189456347505475,2.7022734840492375,2.4524905154738805,2.103210024623842,1.3846997258982607,1.7391751909896664,1.156940926115995,1.3791204161798933,1.9515411304722343,1.9173308866257752,2.9517006451456163,4.062490034926979,2.176659884627079,22.751582904489982,16.00277841966753,38.358159522222344,50.57377049313264,81.24694835640562,119.70066573367096,96.98419950155936,119.70966353032257,119.81229860077892,73.98324033498821,52.64775167327458,32.58918167407207,68.69668672923893,13.939880475730263,8.230279249728243,22.525122445562516,18.71666188878202,26.655511925642774,42.629617909474725,43.645495005099875,48.08994034724567,56.81557785299905,33.51657840351623,30.304007139632812,23.368180557110268,30.70307109994312,-11.14444444,-10.5,-2.422222222,4.377777778,10.8,16.23333333,18.71111111,17.85555556,12.68888889,5.833333333,-1.8555555559999999,-9.611111111,4.247222223,1.753646993,2.060339778,2.731655989,2.358907468,1.54677083,2.675350444,1.9464354889999997,1.64629213,2.916095182,2.034084561,3.143290915,4.76509298,2.46483023,44.17777778,17.97777778,35.0,56.53333333,74.86666667,105.2777778,117.9333333,99.26666667,122.50000000000001,86.87777778,58.42222222,36.76666667,71.3,63.540730589999995,5.733406007,22.605475,40.00181246,40.31169185,34.67213499,34.28593006,41.16132894,59.14207470000001,40.60359522,33.14195897,20.65623393,36.32136439,67909.62000000001,92225.79999999962,648761.7899999986,477709.93000004004
Omaha Tribe of Nebraska,0.09933452878151934,0.1479089100207639,2.9908844781094572,912399.9829078447,0.1621764635154987,0.23459119199236078,2.9437797583017415,601305.687492065,0.9006654712184806,0.8520910899792361,0.8378235364845013,0.7654088080076392,0.73084782223105,0.61728063294456,0.0015114125802329122,0.7013546855312001,0.700066740118534,0.6884328089990006,0.5696985934835094,0.00102286139486395,0.664994943365482,0.6478236030163257,-6.282462293936484,-4.356880522348472,3.308109606120397,9.91915760503468,15.355523188594457,21.483981453788164,23.654071187029434,22.56869760887263,18.054024257070964,10.522144544601382,2.0564577467109557,-5.958358012098068,9.193705530769586,2.8448353290913095,3.0991267251378365,1.8009917008035492,1.7926920064542577,1.481257009494858,1.4981573810520996,0.9617765608809677,1.3775445747725696,1.7482743738156101,1.4919815537851664,3.498280857407427,3.7011897411573194,2.1080089845950956,16.39974592977054,14.818290205669586,44.49637788203708,62.98434111771153,103.22520430188995,122.21142464569117,82.96205578299146,87.54085874838222,73.09649440161778,43.103117616607044,34.59681724821055,23.036404424314277,59.03926102512832,10.827025712051487,13.10415689141636,23.468654393526343,36.58154312372284,40.252557953607464,66.69527413813586,47.102876995615844,44.38684905354528,50.13351289399226,17.748982400033068,27.16137124514045,24.585998750250425,33.50406696258873,-5.6444444444999995,-2.4000000000000004,3.1722222220000003,10.572222219999999,15.772222225,21.744444445000003,24.633333335,23.172222225000002,17.47777778,10.93888889,3.4944444445,-6.022222222000001,9.742592593000001,3.0516993995,6.291955315000001,2.5412841945,1.6395577175,1.391675904,2.358326615,1.8952790655,2.4226934815,2.3872151914999997,1.4416619055000002,6.405018934,3.2511028670000006,2.923122549,20.816666670000004,32.66111111,47.72222222,75.56111111499999,109.50555555,123.1,85.58888888999999,79.05,75.32777778,56.40555555499999,37.62777778,44.59444444499999,65.66342592500001,18.451979635,53.61136694500001,30.451534700000003,36.613876770000005,45.9514389,62.450629815,60.91731861499999,43.23647978,40.72742219,32.32539399499999,25.972441139999997,58.538697799999994,42.43738169,60273.33,81855.08999999978,648761.7899999986,477709.93000004004
"Rincon Band of Luiseno Mission Indians of Rincon Reservation, California",0.10928135505605374,0.14997772359545158,3.3555157190983325,4.884107876714959e8,0.096,0.126,3.52,1.88159e8,0.8907186449439463,0.8500222764045484,0.904,0.874,0.2167386221409998,0.2167386221409998,0.09811135589319607,0.1513334116366629,0.06576071316681475,0.15760970533106658,0.15760970533106658,0.07435762634190232,0.0832615953377016,0.05864297771304655,10.624444444968422,10.717543859684211,11.612631579473682,13.03707602305263,14.510409355578945,17.80397660968421,20.071812863999998,20.76959064568421,18.939649123578945,16.74397660505263,12.425146197894737,10.248654972378946,14.792076024631578,1.7638285988947366,2.397737005168421,2.3383380335578945,1.5558456973263155,1.7374868885578947,2.4823090963578944,2.956316013210526,2.4367535268315788,1.826381912642105,2.070231527410526,1.839344024968421,2.048872803568421,2.121120427568421,97.8518128496842,115.42339179431578,77.70994152136842,31.648070174526314,16.95391813105263,2.2366081872105257,4.614502923863157,3.485847953252631,4.246081871031579,17.899415206315787,24.556140351578946,48.280116961263154,37.07548732894737,89.85606654863157,115.53350675410528,79.78315367347368,23.714211169368422,16.11267836073684,3.644691574736842,6.056278726221052,4.603434900105263,7.669835798242104,22.545205679368422,36.94008107536842,66.27502843757894,39.394514390947364,8.288888889,8.211111111,9.477777778,11.23333333,13.66666667,17.8,21.42222222,21.8,19.22222222,15.08888889,11.01111111,8.644444444,13.82222222,1.027672667,3.0563231360000005,1.2637026719999997,1.467991826,1.553222457,1.7334935819999997,2.709602267,1.538668255,1.488940712,2.394496004,1.59173211,1.510886421,1.778061009,116.3,92.57777778,65.82222222,37.26666667,19.56666667,4.122222222,10.144444440000001,12.1,6.822222222,17.72222222,36.1,43.68888889000001,38.51944444,97.49667943,77.92768728,52.33817386999999,16.54486325,18.77072188,5.417512754,10.33865454,17.68954493,8.749253936,16.65351147,47.2032573,54.76094513,35.32423381,480.0,651.88,648761.7899999986,477709.93000004004
Sac & Fox Nation of Missouri in Kansas and Nebraska,0.08521778812817647,0.1333508892344061,3.0026771878169516,1.5072208651402548e6,0.13167106274607682,0.22301318823823046,3.039802176426543,580895.2627959948,0.9147822118718235,0.8666491107655939,0.8683289372539231,0.7769868117617695,0.7583246016082449,0.6606150687176597,0.0009999999999999961,0.7349751449311366,0.7334368247930592,0.8298846391248865,0.6540761934383941,0.0010000000000000002,0.7247162502712391,0.8123573376512782,-7.729343756860071,-5.89972579560988,2.10416557280345,8.955716966688815,14.732473769995643,20.707726339884495,22.710098887567174,21.650265940544358,17.086715673453263,9.542298454984953,0.8938790193616012,-7.37964275654696,8.11455235961512,2.712253930866719,2.948402081392671,1.8829984381714369,2.066106652927016,1.5027431017708954,1.5698099010123425,0.923048525144396,1.3704522620259907,1.8065553494775557,1.6784293307743956,3.500237569524816,3.868678235568221,2.1524762816468033,14.297354220572338,11.885925147165498,42.695256845839744,62.759065759302565,103.98135409283373,118.33688535668173,93.37742967574005,104.1773898253051,85.2321383083154,44.995855817691485,30.82779285050234,20.850541115835313,61.118082419080274,8.292354004901986,10.73085685632625,25.915527087490176,37.50389382814651,37.430727695699716,59.27203556450699,53.566942895568516,46.82468200788051,52.159986987510266,16.535572901058035,27.849770903125123,18.691828981603233,32.89784830970687,-0.9638888887499999,0.6249999997500001,6.3722222222500005,13.719444444999999,18.42222222,23.547222222499997,26.3888888875,25.6361111125,19.541666667500003,14.702777777500001,7.12777777775,-2.3250000002499998,12.7328703725,5.15182658425,5.5537162085,3.9037220907499997,2.69708137225,2.1826643832499997,1.9759749305,1.57894661825,1.80047743025,2.878694075,2.39203343475,4.830711392,4.1656058955,3.25928786825,27.633333335000003,43.1527777775,74.3833333325,73.6361111125,105.130555555,130.44444445,104.88333334999999,95.8555555525,85.11944443499999,66.59166666750001,39.75000000000001,39.5499999975,73.84421296500001,18.670806925,49.0123165575,48.885856365,38.507558495,68.42168179500001,40.113190825000004,32.9584095075,42.7401597125,56.68374790749999,47.69232249,19.1471670875,41.242267192499995,42.006290405,25044.92,34012.6200000001,648761.7899999986,477709.93000004004
St. Croix Chippewa Indians of Wisconsin,0.09918097637607574,0.18414564968013436,3.050220699047519,1.0329753423851428e6,0.09700517515022355,0.18360633140488966,3.1851943387309163,1.5154593112462228e6,0.9008190236239243,0.8158543503198656,0.9029948248497764,0.8163936685951103,0.4423342286282805,0.41123683489626706,0.001000000000000002,0.27006429988808833,0.3959681311420529,0.3440545666797694,0.3200673585177242,0.0010000000000000002,0.20776229812067723,0.31170878076418945,-9.926986825601126,-8.964446063690456,-0.6692700393439249,6.569796291050843,12.948256396938396,17.915561762167336,20.663540640054585,19.63286150659957,14.510438679755476,7.6268316489205645,-0.20650168455414278,-9.03997130347199,5.921675917384606,2.3020577496647343,2.7577828330376843,2.49551775981957,2.1306763669996736,1.364906905501716,1.7196915962736459,1.1177545653232779,1.4100863676249002,1.9010390739580578,1.9015033572855053,2.8477716067012855,4.095694215110337,2.170373533090833,21.651238492655903,15.468500452496434,37.885639172174564,51.94752234446171,82.3095026692076,124.25436180520492,99.41422183893309,125.6258758391204,123.74582258606698,75.68209124467695,52.301385795505354,30.875447875697198,70.09680084351572,12.211920638209916,7.626224491293748,20.701195996644085,17.969905262235308,24.457784658425243,43.29311899565714,46.411930903382505,51.43472525307684,62.109642476051015,33.759006633304786,29.9174194772019,22.048022531868565,30.995074776134423,-9.094444444499999,-6.699999999999999,1.2388888889999998,7.4277777775,13.644444445000001,19.272222225,21.105555555,20.816666665,16.55,8.5555555555,1.0055555555,-6.8944444444999995,7.2439814815,3.164906537,3.1752477585,4.0846758560000005,2.4033727415,1.581793228,2.9028246530000006,1.061957149,2.085062937,3.053257678,1.9790695105000002,3.960436876,8.1078117465,3.1300347225,18.377777775,14.416666665,39.23888889,56.183333335,76.94444444499999,124.9055556,98.62222220000001,122.27222219999999,102.84999998500001,73.177777775,45.78333333,27.011111110000005,66.64861110999999,11.1766149325,8.103534686,20.138685985,36.50125045,23.40675805,40.858084625,50.568267580000004,54.832772545000005,60.219771665,39.2135952,37.300312045,17.5214606925,33.32009237,48362.53,65679.54000000017,648761.7899999986,477709.93000004004
"Shingle Springs Band of Miwok Indians, Shingle Springs Rancheria (Verona Tract), California",0.1372885922149729,0.20563292317319776,3.284491923467771,2.7469431328077845e7,0.091,0.134,4.47,1.2877e7,0.8627114077850271,0.7943670768268023,0.909,0.866,0.22081389326957487,0.22055498012590527,0.09401013483203709,0.11408895027194052,0.061682199934447825,0.20387329374686058,0.20387329374686058,0.05484589402902934,0.09477740470121128,0.13468151565556197,6.194963272854829,7.599201802957173,9.532093601420993,12.220636942049378,16.106029422422903,20.316603517280175,23.084401301447173,21.93295090555742,19.15382023392013,14.733415678969175,7.931006941513584,5.255673264503314,13.671733073570607,3.1943363078939724,2.967936804345182,2.3888273692305617,2.871713568058875,2.798939132217736,3.738888341584388,2.9519319439193814,2.4563675040753807,3.282486046190278,2.6475123969488017,3.662047870122978,3.127258961963945,3.007353853913429,114.82279257996073,87.24250401474416,73.46529558473944,45.58124437950438,42.33048710246945,25.840909641990233,14.8206566438561,17.970067594087077,24.800766875521365,51.1821234078781,80.13687571679239,89.98025774849317,55.68116510744331,102.57650911141751,72.14933611676051,60.24298118258668,35.1856232941734,30.65882993644748,17.844197275392922,14.323841880530239,15.752999843353805,18.903961109930034,57.720424836567396,68.71099205753644,77.11425238654725,47.59866241939885,6.1,7.433333332999999,9.3,11.66666667,15.088888889999998,20.52222222,24.98888889,23.01111111,20.65555556,13.88888889,8.133333333,5.6,13.86574074,1.308625233,2.926602125,1.8947295320000002,1.793739111,1.9029217299999999,1.996733444,2.361908362,1.695910113,1.880898131,3.021772842,3.61835598,3.560196624,2.330199436,206.5,142.9111111,128.6888889,63.88888889,57.16666667,13.37777778,11.5,12.11111111,10.64444444,47.11111111,71.28888889,152.7,76.49074074,157.8440528,132.1674454,119.97364760000002,53.05844524,38.03064554,14.24182026,17.63767275,26.16789275,15.48104576,58.94156947,71.24555152,147.7286617,71.04320423,51164.31000000003,69484.59000000007,648761.7899999986,477709.93000004004
"Minnesota Chippewa Tribe, Minnesota (Bois Forte Band (Nett Lake))",0.09918097637607574,0.18414564968013436,3.050220699047519,1.0329753423851428e6,0.12190811994435309,0.2112608843887198,3.0200566401158047,2.872892703672036e6,0.9008190236239243,0.8158543503198656,0.8780918800556469,0.7887391156112802,0.4423342286282805,0.41123683489626706,0.001000000000000002,0.27006429988808833,0.3959681311420529,0.3459309517446793,0.31887426797732443,0.0010000000000000078,0.2915181991234117,0.30531073504780154,-9.926986825601126,-8.964446063690456,-0.6692700393439249,6.569796291050843,12.948256396938396,17.915561762167336,20.663540640054585,19.63286150659957,14.510438679755476,7.6268316489205645,-0.20650168455414278,-9.03997130347199,5.921675917384606,2.3020577496647343,2.7577828330376843,2.49551775981957,2.1306763669996736,1.364906905501716,1.7196915962736459,1.1177545653232779,1.4100863676249002,1.9010390739580578,1.9015033572855053,2.8477716067012855,4.095694215110337,2.170373533090833,21.651238492655903,15.468500452496434,37.885639172174564,51.94752234446171,82.3095026692076,124.25436180520492,99.41422183893309,125.6258758391204,123.74582258606698,75.68209124467695,52.301385795505354,30.875447875697198,70.09680084351572,12.211920638209916,7.626224491293748,20.701195996644085,17.969905262235308,24.457784658425243,43.29311899565714,46.411930903382505,51.43472525307684,62.109642476051015,33.759006633304786,29.9174194772019,22.048022531868565,30.995074776134423,-12.48611111,-9.338888888500001,-0.41111111100000003,5.341666666499999,11.830555555,17.3,19.66388889,19.1500000025,14.677777779999998,6.436111111000001,-1.1027777777499999,-10.841666664999998,5.0182870377499995,2.4816605545000003,5.1738276155000005,6.106285776,2.26622421275,1.4380910552500001,3.5374053002499997,1.3974814435,2.9627175397500003,4.765850246,1.8957937685000001,6.11268450675,5.553970123499999,3.6409993455,27.891666665000002,15.397222220000002,30.11111111,42.322222222499995,77.09166666499999,102.19444443999998,96.152777775,92.5972222225,80.305555555,68.3388888875,58.1500000025,33.724999999999994,60.356481484999996,14.012159462500001,5.52637682225,12.4614267095,26.0333065475,44.926880839999995,30.708381314999997,55.816890234999995,39.231464772500004,34.25213603,26.805599152499997,36.15748784,21.977977195,28.9925072425,48362.53,65679.54000000017,648761.7899999986,477709.93000004004
"Cheyenne River Sioux Tribe of the Cheyenne River Reservation, South Dakota",0.07750405494622128,0.13415560125955261,3.1643436420888764,765536.2228276304,0.19710670519442608,0.2962190947888648,3.1989131301886653,468842.49680930603,0.9224959450537787,0.8658443987404474,0.8028932948055739,0.7037809052111352,0.4240420778803269,0.32695285912205413,0.002160661200752339,0.35647883959172183,0.40430426825594695,0.22395473944512917,0.22183078322109737,0.002095338337502559,0.17034545214190638,0.07480030908239998,-8.975163398588233,-7.627450980470588,0.888888889,8.154248366117647,14.28104575352941,19.524183010588235,22.054901961764706,20.990196079411763,16.08562091647059,8.776470588117647,1.0019607846470588,-8.28366013052941,7.239270153294119,2.5223539149411764,3.642622391352941,2.465057896529412,2.665844613764706,1.512209434,1.648228119882353,1.3042284459411764,1.8019041882352944,1.7725604445294119,2.5550615679411766,2.5368361094705882,3.6156496246470593,2.336879729058824,25.65816993352941,16.528104575294122,45.744444445882344,58.88235293823529,92.82875816882351,124.44444447058827,93.9660130717647,129.2065359882353,112.66470588235295,54.322766882500005,47.786655774093134,38.024863836911756,70.00481799625,10.607724834705882,8.897867931058824,24.12425493117647,17.19957437235294,22.27839490235294,56.67037465117648,41.49086433470589,54.53713438941177,58.79374870764706,25.429549075490197,27.292312976911766,27.003630829264704,31.193785996421568,-6.7400000001,-2.038888889,1.7933333335,9.637777778199998,14.094444443999999,19.519999998,23.134444445,22.245555556999996,16.316666667,10.9411111113,1.5544444444000003,-4.4422222223,8.8347222216,2.9314981244999996,6.1170497525,2.2189424577,3.9769002231999995,2.7458018552000003,2.1146824118000005,2.4211106135000002,2.1105716522,2.2554338988,3.638960430899999,5.981045642299999,6.89713272,3.617427482,9.903333333,11.7088888881,21.460000001,38.70555555599999,83.37555555599998,89.96000000200002,63.246666666,44.744444445,37.133333333,36.389999999000004,23.867777778,15.944444444199998,39.70333333300001,6.8555150525,8.6967324775,13.5122069913,22.40307133,53.377695998,42.447562938000004,33.882611552,32.610438759000004,35.139738763000004,24.733658809,32.688811031,15.335741634500001,26.806982111999996,906.26,1230.77,648761.7899999986,477709.93000004004
"Kaibab Band of Paiute Indians of the Kaibab Indian Reservation, Arizona",0.13099999999999998,0.211,3.3800000000000003,3.991e6,0.16523390399099266,0.25124652030126465,3.147703014457647,1.7502445555188935e7,0.869,0.789,0.8347660960090073,0.7487534796987354,0.09087134122335193,0.09087134122335193,0.0009999999999999998,0.03893431530573972,0.0009999999999999998,0.094748634745588,0.09438883956205457,0.005164941693630471,0.04880871577669733,0.013013931253738344,7.0237147593134335,8.148590381432836,8.031674958208955,10.454394692686568,13.011442784925373,17.057048097313434,18.354560530149254,20.400829187462687,16.096019901641792,13.788888889999999,8.5550580430597,5.505804312164179,12.202335544626866,3.0584479933880595,2.2511943242238805,2.153345724686567,1.547696338044776,1.5677729764328359,3.4351296253283583,2.4538744873731346,3.6224038645074628,3.603321549343284,4.363039206,2.4550151092388064,2.6351838388955224,2.7622020865820893,234.04145936417913,274.54228854626865,167.34958537313432,104.68358208955223,91.2466003361194,53.176948589253726,17.786069650597014,29.15555556,32.45273632119403,173.19369817611943,220.1278606850746,260.85505805970143,138.2176202492537,134.0671544880597,135.93306823880596,88.70099327119404,83.87141281746268,61.627075818507464,31.658898632537316,14.67569270358209,48.77914798,46.45895711343284,147.8791048268657,208.52340062985076,151.7144255746269,96.15744434044777,2.077777778,3.4444444444999998,5.922222222499999,8.7444444445,13.955555555,18.22222222,22.455555555,22.1,18.894444444999998,11.86111111,4.4944444445,1.6777777779999998,11.154166665000002,3.9780588124999996,3.5047283475,3.063724416,1.9445916964999999,3.2946735465000003,2.3976761399999997,2.406884689,1.3550941425,2.5662778470000003,1.681992982,2.426124073,3.7204755095,2.6950251834999994,77.82222222,68.86666667,45.077777775,37.2,34.733333335000005,19.961111110000004,25.211111109999997,29.222222220000003,20.488888884999998,39.63888889,39.311111115,26.983333334999998,38.70972222,65.17840699,42.078065465,28.871499645,30.52030869,41.167093105,23.66754155,14.34320134,16.787715929999997,15.119705869999999,35.678438465,50.84174513000001,30.39980368,32.887793825,160.0,217.3,648761.7899999986,477709.93000004004
Big Pine Paiute Tribe of the Owens Valley,0.13099999999999998,0.211,3.3800000000000003,3.991e6,0.105,0.144,3.27,1.052e6,0.869,0.789,0.895,0.856,0.09087134122335193,0.09087134122335193,0.0009999999999999998,0.03893431530573972,0.0009999999999999998,0.08661750513103256,0.0853060941517156,0.00880319009656081,0.04104376282758139,0.001,7.0237147593134335,8.148590381432836,8.031674958208955,10.454394692686568,13.011442784925373,17.057048097313434,18.354560530149254,20.400829187462687,16.096019901641792,13.788888889999999,8.5550580430597,5.505804312164179,12.202335544626866,3.0584479933880595,2.2511943242238805,2.153345724686567,1.547696338044776,1.5677729764328359,3.4351296253283583,2.4538744873731346,3.6224038645074628,3.603321549343284,4.363039206,2.4550151092388064,2.6351838388955224,2.7622020865820893,234.04145936417913,274.54228854626865,167.34958537313432,104.68358208955223,91.2466003361194,53.176948589253726,17.786069650597014,29.15555556,32.45273632119403,173.19369817611943,220.1278606850746,260.85505805970143,138.2176202492537,134.0671544880597,135.93306823880596,88.70099327119404,83.87141281746268,61.627075818507464,31.658898632537316,14.67569270358209,48.77914798,46.45895711343284,147.8791048268657,208.52340062985076,151.7144255746269,96.15744434044777,2.855555556,2.144444444,5.266666667,7.311111111,10.84444444,16.51111111,21.23333333,18.8,16.04444444,11.05555556,6.1,3.255555556,10.11851852,3.116532974,3.622192399,2.868797658,2.552177719,2.657118322,1.887752926,2.724885319,1.717556404,1.592255563,4.503362941,2.946183973,3.121742747,2.775879912,99.57777778,58.72222222,42.46666667,31.28888889,14.26666667,10.36666667,29.57777778,10.866666670000003,16.94444444,16.08888889,20.74444444,79.63333333,35.8787037,93.26466075,62.05910042,29.26734528,26.91600102,13.716413529999999,22.61559197,39.7270304,15.92921844,15.3134019,15.79053866,33.13001325,78.21724554,37.16221343,160.0,217.3,648761.7899999986,477709.93000004004
Ute Mountain Ute Tribe,0.13,0.174,3.43,487999.99999999994,0.14137320487560204,0.21698516619508287,3.143615047559393,3.4097666605083635e6,0.87,0.8260000000000001,0.858626795124398,0.7830148338049171,0.04579567124851781,0.04579567124851781,0.001,0.015773852903321686,0.001,0.06693688418335556,0.06528732581384349,0.0017571582834139505,0.04230134049718806,0.01372167253850739,-3.2666666665,-0.38888888899999996,1.733333333,5.366666667,11.416666670000001,16.705555555,18.249999999999996,20.433333335,14.12222222,10.17777778,4.6444444444999995,-0.17777777749999998,8.2513888895,5.385357377,4.671257113499999,3.964214929,4.658057535,3.9613893205,4.513668029000001,3.8090238280000004,3.1409655675000003,4.734905787,4.355679562,3.834637558,2.5301606674999997,4.129943106500001,29.377777779999995,25.455555555,36.050000000000004,26.91111111,36.472222224999996,20.75,36.65,39.533333335,44.16666667,34.461111115,20.594444445,19.861111109999996,30.856944445,21.37218916,18.311253465,27.992364545,9.173800255,38.412604665,21.14191349,28.191793150000002,19.516618880000003,28.327378155,33.389838995,17.41150368,15.433705695,23.222913674999997,-1.0347222221249999,3.197222222125,5.431944444625,8.883333333875,14.4875,19.662499998749997,23.411111109999997,22.454166666249993,18.069444444999995,11.418055554874998,4.0847222221249995,-0.147222222125,10.826504630499999,2.0227411746249997,3.0243625868749997,1.831206416375,2.6265536772499996,2.1833845726249996,2.8779275095,2.161988346125,2.1495740959999994,1.7207746112499995,1.7741743127499998,2.5574430811249997,3.6205194345,2.3792208181249994,43.91111111124999,40.36944444625,33.7722222225,27.101388889999992,24.095833333749997,15.091666667999998,25.506944444999995,30.358333334999998,31.694444443749997,32.74999999874999,33.77361111125,15.099999998749999,29.460416667499995,25.221212101249996,38.54973661375,21.417154033749995,19.302306532499998,29.962588529999994,25.517954878624995,21.904859753749996,18.850175455,19.74526815,22.200175671249994,56.59570746124998,16.2261661495,26.291108778749994,160.0,217.29,648761.7899999986,477709.93000004004
"Bad River Band of the Lake Superior Tribe of Chippewa Indians of the Bad River Reservation, Wisconsin",0.09894001669840793,0.1810617516349821,3.0330094414528963,1.1202977082507894e6,0.11733307393570981,0.19590405782549802,3.3171450805510583,996785.4358320393,0.9010599833015921,0.8189382483650179,0.8826669260642902,0.804095942174502,0.4456887513256844,0.4109376929665752,0.0009999999999999992,0.278943614167172,0.4062495490974052,0.4340199203515163,0.4095993224489371,0.0010000000000000007,0.3480406513461276,0.38155870838708394,-9.904044693949913,-9.09887374236558,-0.9126478771075417,6.350909288958216,12.784689759459491,17.76194714198179,20.42685528918086,19.419414993195627,14.245900693985627,7.467129643405627,-0.28229798814695134,-9.050837021053262,5.767345457290936,2.301087974275669,2.710498538808232,2.463467181065311,2.1220631529087317,1.3830238991761445,1.7396621138979835,1.1155252154885222,1.3676136962209307,1.9322710844370525,1.9171402314301287,2.9355066799959117,4.102140688484541,2.174166704705,22.244343468213575,16.05752262966768,38.546737879069525,50.84005194190077,81.35946891288384,121.26833112917386,98.97492797612993,122.22632531781136,122.20485415174183,75.02095835897335,53.398164261978806,32.94298258568027,69.59038905167176,12.419137318876192,8.17483546183126,22.663135470029708,18.63389675192806,26.409413910305634,42.83138291504858,44.4070917192148,48.886581458764475,57.771492716196185,33.876745548957565,30.764828688109617,23.510579410456813,30.862426780720476,-10.111111111333333,-7.777777777666667,-0.2148148146666667,5.725925926,11.89629629333333,17.496296296666664,19.881481479999998,19.674074076666663,15.114814816666668,7.2333333333333325,0.20740740733333332,-6.3999999999999995,6.060493827333333,2.044218238,3.35303555,4.359817924666666,2.080701853333333,1.4620711936666668,3.0577764046666664,1.154680837,2.0986090326666664,3.851867217666667,1.866184913,4.113275782666666,10.188971990999999,3.302600911666667,24.485185186666662,15.562962966666666,30.607407406666663,54.111111109999996,70.91481481666666,102.36666666666666,97.87777777333334,108.15555555666667,118.33333336666668,75.18888888666665,51.922222223333335,35.714814813333334,65.43672839666667,12.024945739333333,7.162015587666667,21.84585987666667,32.088623676666664,30.589575236666665,30.049565219999998,37.333040553333326,46.909630013333334,66.20566041666666,41.20464626333333,42.59105778666666,22.51937754,32.54366649333333,65835.36,89408.79999999962,648761.7899999986,477709.93000004004
"Minnesota Chippewa Tribe, Minnesota (Fond du Lac Band)",0.09918097637607574,0.18414564968013436,3.050220699047519,1.0329753423851428e6,0.09706864746028158,0.15960786132752874,3.2177449707072987,6.0771835199553715e6,0.9008190236239243,0.8158543503198656,0.9029313525397185,0.8403921386724713,0.4423342286282805,0.41123683489626706,0.001000000000000002,0.27006429988808833,0.3959681311420529,0.3531916414012067,0.34192197897938076,0.0009999999999999979,0.2125168626753289,0.28162577258558613,-9.926986825601126,-8.964446063690456,-0.6692700393439249,6.569796291050843,12.948256396938396,17.915561762167336,20.663540640054585,19.63286150659957,14.510438679755476,7.6268316489205645,-0.20650168455414278,-9.03997130347199,5.921675917384606,2.3020577496647343,2.7577828330376843,2.49551775981957,2.1306763669996736,1.364906905501716,1.7196915962736459,1.1177545653232779,1.4100863676249002,1.9010390739580578,1.9015033572855053,2.8477716067012855,4.095694215110337,2.170373533090833,21.651238492655903,15.468500452496434,37.885639172174564,51.94752234446171,82.3095026692076,124.25436180520492,99.41422183893309,125.6258758391204,123.74582258606698,75.68209124467695,52.301385795505354,30.875447875697198,70.09680084351572,12.211920638209916,7.626224491293748,20.701195996644085,17.969905262235308,24.457784658425243,43.29311899565714,46.411930903382505,51.43472525307684,62.109642476051015,33.759006633304786,29.9174194772019,22.048022531868565,30.995074776134423,-10.56666667,-5.661111110999999,-1.3333333334999997,5.6,12.083333335,17.944444445,20.183333335,20.22222222,13.811111110000002,7.066666666500001,1.9277777779999998,-9.1611111115,6.009722222000001,2.3154000485000004,9.271834327999999,3.0027513874999996,2.4058427475,1.3846649274999998,4.2145575375,1.51945652,3.5708645695,1.5242157655000002,2.08349233,9.575960722,4.842509984,3.8092959055000004,29.433333335000004,15.244444445000001,35.83888889,45.23888889,75.16666667000001,99.98333335,92.01666667,102.96111109999998,103.01666668,77.65555555499999,44.444444445,30.466666665,62.622222225,24.374781640000002,7.3772511430000005,20.11278119,35.078878419999995,27.662082050000002,39.15386468,31.96031138,52.140727905,52.284136685,32.315569409999995,30.340615755,21.965546215499995,31.23054554,48362.53,65679.54000000017,648761.7899999986,477709.93000004004
"Assiniboine and Sioux Tribes of the Fort Peck Indian Reservation, Montana",0.07750405494622128,0.13415560125955261,3.1643436420888764,765536.2228276304,0.12038010896521915,0.18691685474746025,3.6456561698830257,716284.2290265224,0.9224959450537787,0.8658443987404474,0.8796198910347809,0.8130831452525398,0.4240420778803269,0.32695285912205413,0.002160661200752339,0.35647883959172183,0.40430426825594695,0.16566196365638372,0.16502086521633297,0.002532550260128256,0.11131054973845726,0.026499784783389973,-8.975163398588233,-7.627450980470588,0.888888889,8.154248366117647,14.28104575352941,19.524183010588235,22.054901961764706,20.990196079411763,16.08562091647059,8.776470588117647,1.0019607846470588,-8.28366013052941,7.239270153294119,2.5223539149411764,3.642622391352941,2.465057896529412,2.665844613764706,1.512209434,1.648228119882353,1.3042284459411764,1.8019041882352944,1.7725604445294119,2.5550615679411766,2.5368361094705882,3.6156496246470593,2.336879729058824,25.65816993352941,16.528104575294122,45.744444445882344,58.88235293823529,92.82875816882351,124.44444447058827,93.9660130717647,129.2065359882353,112.66470588235295,54.322766882500005,47.786655774093134,38.024863836911756,70.00481799625,10.607724834705882,8.897867931058824,24.12425493117647,17.19957437235294,22.27839490235294,56.67037465117648,41.49086433470589,54.53713438941177,58.79374870764706,25.429549075490197,27.292312976911766,27.003630829264704,31.193785996421568,-10.545555555499998,-6.2466666666999995,-0.08999999999999998,7.692222222599999,12.39,17.221111111,21.040000001,19.238888886999998,13.676666665999997,8.5066666666,-1.6788888889,-7.954444443999999,6.104166666499999,3.5982702583000004,6.5458023596,2.4961002493,3.6149639456,2.7407492660000004,2.5633089067999997,2.7745352575999997,2.128215807,2.5037883391999998,3.9515421195999996,6.8939741967999995,8.5287058642,4.028329714199999,12.554444444,9.2688888884,23.144444443,24.448888888000003,62.58111111,73.13111111200001,48.167777779,61.093333333,27.974444444999996,24.942222223000005,24.422222222,18.084444445,34.151111111,9.2548621782,12.997987173499999,18.964097881100002,11.966123353099997,57.096225049,43.123123977999995,26.767888274999997,33.68752194099999,19.6044021282,17.555884563999996,21.6616718534,10.451495801799998,23.594273683,906.26,1230.77,648761.7899999986,477709.93000004004
Picayune Rancheria of Chukchansi Indians of California,0.14321007256887427,0.21769987416841693,3.4245782244951766,2.3599946512591247e7,0.132,0.204,3.97,1.3794e7,0.8567899274311257,0.782300125831583,0.868,0.796,0.17969762728689614,0.17769606972865118,0.10192733320529995,0.08573911003119246,0.03238058275973949,0.34382022968037373,0.34382022968037373,0.1109048274778449,0.20346927180590052,0.2020189525144095,6.921879750714623,8.526537315934176,10.382920893078772,13.282430026138695,16.752670770537957,20.62148894162451,23.610776615598564,22.874229559376133,20.44106637500726,15.658691696160547,9.357778116348403,6.116508482035653,14.545581545081166,2.5195781972233813,2.5660222080781874,2.4202000523935743,2.4426568345889015,2.4503245575165633,2.9039469861467415,2.5293171420544676,2.618033899108878,2.3130884766573847,2.251302453657713,2.9089963088300768,2.7632343784971356,2.5572251245746926,100.8527084753786,77.82534240946985,69.13496134208039,49.30274170612665,34.71916728952667,19.217850815844947,7.89813900442689,10.330446856407743,16.631081045042865,43.3202249143329,64.305837001982,85.17968010327222,48.22651508065897,77.81198025255671,65.76867369608335,55.67613819124971,33.415175102737216,23.55249612459144,14.474820495559838,9.37521175407275,10.341962841644127,15.096922275383635,49.76459810786268,60.68364042427987,64.81693945117965,40.06487989323606,5.766666667,7.277777778,10.07777778,13.58888889,17.25555556,22.7,25.22222222,25.14444444,20.911111109999997,16.55555556,9.255555556,5.066666667,14.90185185,1.933907961,3.231399765,1.710100712,1.852325865,1.235021367,2.593260496,2.828770836,0.817176711,1.2771496040000003,1.207384685,2.439831506,3.999374951,2.093808705,182.9,121.2444444,107.0111111,59.72222222,38.15555556,10.27777778,9.411111111,8.333333333,5.811111110999999,32.07777778,55.63333333,104.6222222,61.26666666,100.42448660000001,90.39235464,92.01144554,24.21682152,28.64363416,10.737641470000002,18.02646974,15.79659773,4.711274892,37.64660601,50.26335643,79.0787705,45.99578827,108136.74999999999,146856.82999999836,648761.7899999986,477709.93000004004
Lone Pine Paiute-Shoshone Tribe,0.13099999999999998,0.211,3.3800000000000003,3.991e6,0.105,0.144,3.27,1.052e6,0.869,0.789,0.895,0.856,0.09087134122335193,0.09087134122335193,0.0009999999999999998,0.03893431530573972,0.0009999999999999998,0.0919460413227742,0.0918365258793649,0.02074070502277858,0.055850196320263536,0.001,7.0237147593134335,8.148590381432836,8.031674958208955,10.454394692686568,13.011442784925373,17.057048097313434,18.354560530149254,20.400829187462687,16.096019901641792,13.788888889999999,8.5550580430597,5.505804312164179,12.202335544626866,3.0584479933880595,2.2511943242238805,2.153345724686567,1.547696338044776,1.5677729764328359,3.4351296253283583,2.4538744873731346,3.6224038645074628,3.603321549343284,4.363039206,2.4550151092388064,2.6351838388955224,2.7622020865820893,234.04145936417913,274.54228854626865,167.34958537313432,104.68358208955223,91.2466003361194,53.176948589253726,17.786069650597014,29.15555556,32.45273632119403,173.19369817611943,220.1278606850746,260.85505805970143,138.2176202492537,134.0671544880597,135.93306823880596,88.70099327119404,83.87141281746268,61.627075818507464,31.658898632537316,14.67569270358209,48.77914798,46.45895711343284,147.8791048268657,208.52340062985076,151.7144255746269,96.15744434044777,2.722222222,1.077777778,3.722222222,5.344444444,8.8,15.7,19.1,16.88888889,14.6,9.455555556,4.966666667,3.1,8.789814815,4.019570182,3.8512263560000006,4.280706068,2.8147429330000002,2.731300057,5.786838515,3.636275567,1.49117776,2.883574171,3.909639085,3.307567082,3.694252292,3.533905839,150.8444444,90.37777778,59.92222222,39.51111111,9.711111111,15.88888889,19.64444444,11.98888889,21.53333333,17.78888889,26.27777778,117.2333333,48.39351851,145.001501,110.8757951,52.36283935,47.00998416,12.44793602,36.72320263,43.74317407,17.24640864,25.45329055,21.53871192,58.515741,130.0971368,58.41797677,160.0,217.3,648761.7899999986,477709.93000004004
Confederated Tribes of the Warm Springs Reservation of Oregon,0.1484469584866631,0.2164919960175345,3.223022411150903,1.3127003255764151e7,0.13100061191831475,0.1829476189572743,3.594380633690402,2.535744434097967e6,0.8515530415133369,0.7835080039824656,0.8689993880816853,0.8170523810427257,0.516,0.473,0.001,0.38,0.516,0.2002525183637259,0.19836301681139068,0.0013072553428344373,0.10603870481989128,0.06124464370481037,3.3490049750149264,5.790298506626868,7.0693200661343285,9.99179104347015,13.463515752761197,17.502902155820898,20.367495856716424,20.40870646350747,16.27388059820896,13.410862352537315,6.113764510932837,4.971475953335823,11.559418185522388,3.0341011426940296,3.1734471900671646,2.1010006014701497,2.03363991408209,2.920207811477612,2.746885468470149,3.441940317343284,3.6267713022611945,2.277223542626866,2.9988037167388057,2.0549446291567164,2.95104680677612,2.7800010367164183,161.3886401291045,97.28034826567166,109.6961857316418,78.78076285320896,51.21857379791046,16.499170815970153,4.499668324746268,6.461442786149255,11.225704808791045,46.298092872089555,61.364013268432856,143.03557212932836,65.64568131477613,108.46830545179105,87.1069661211194,120.20198510865671,66.87097050522391,32.410333396641796,15.475505391940299,4.629717499686568,7.166632357611941,12.680236686044779,52.257584082089565,52.478766786194036,98.4571170002239,54.850343365820905,0.39999999999999997,2.525,4.00000000025,7.463888889,10.408333333499998,14.166666665,19.1499999975,17.71388889,14.23888889,8.38888888875,2.27777777775,-1.6083333332499998,8.2604166665,2.5411675427500002,3.3024210925,1.5698735554999999,1.82000335675,1.6141418415,2.2006112565,2.4024532665000002,1.9851208110000003,1.920824747,2.1127605032499996,2.4454058350000003,2.6319898587499995,2.21223113875,139.602777795,97.29444443499999,77.27222223499999,73.3666666675,63.4083333325,49.0972222225,21.608333332500003,18.980555555,40.69999999750001,71.89444444749999,104.1083333375,158.005555565,76.27824074,87.66832942,57.114479422500004,34.8163710125,45.4476321375,37.195206170000006,34.65916802,26.9392578375,22.90625516,34.933356375,38.439729050000004,57.505969252499995,91.84023031000001,47.455498680000005,324.98000002000003,441.33,648761.7899999986,477709.93000004004
"Utu Utu Gwaitu Paiute Tribe of the Benton Paiute Reservation, California",0.13099999999999998,0.211,3.3800000000000003,3.991e6,0.085,0.12,3.25,665000.0,0.869,0.789,0.915,0.88,0.09087134122335193,0.09087134122335193,0.0009999999999999998,0.03893431530573972,0.0009999999999999998,0.08362143945762583,0.07929725525945212,0.03991765778356334,0.02086483683963474,0.0010000000000000002,7.0237147593134335,8.148590381432836,8.031674958208955,10.454394692686568,13.011442784925373,17.057048097313434,18.354560530149254,20.400829187462687,16.096019901641792,13.788888889999999,8.5550580430597,5.505804312164179,12.202335544626866,3.0584479933880595,2.2511943242238805,2.153345724686567,1.547696338044776,1.5677729764328359,3.4351296253283583,2.4538744873731346,3.6224038645074628,3.603321549343284,4.363039206,2.4550151092388064,2.6351838388955224,2.7622020865820893,234.04145936417913,274.54228854626865,167.34958537313432,104.68358208955223,91.2466003361194,53.176948589253726,17.786069650597014,29.15555556,32.45273632119403,173.19369817611943,220.1278606850746,260.85505805970143,138.2176202492537,134.0671544880597,135.93306823880596,88.70099327119404,83.87141281746268,61.627075818507464,31.658898632537316,14.67569270358209,48.77914798,46.45895711343284,147.8791048268657,208.52340062985076,151.7144255746269,96.15744434044777,-0.022222222,0.788888889,1.911111111,5.266666667,9.044444444,13.97777778,18.2,17.4,12.96666667,8.1,1.9666666669999997,0.322222222,7.493518519,1.696892585,1.919273589,2.275106835,2.304343724,2.584623334,2.448355457,1.456021978,2.098809186,1.61322658,1.958953802,3.3845236,2.19361447,2.161145428,150.6333333,89.98888889,62.46666667,42.66666667,36.08888889,14.35555556,29.22222222,14.85555556,15.711111109999997,31.98888889,37.07777778,100.1666667,52.10185185,113.6596344,74.72727823,50.87536241,24.58256496,29.12170344,16.80655461,37.03112805,23.13925837,13.72447125,34.0901175,40.60682756,97.65812818,46.33525241,160.0,217.3,648761.7899999986,477709.93000004004
"Big Valley Band of Pomo Indians of the Big Valley Rancheria, California",0.12251755557635684,0.1800612883385314,3.552036473247144,1.0708026493591465e7,0.157,0.231,3.92,6.666e6,0.8774824444236432,0.8199387116614686,0.843,0.769,0.39362397676685734,0.38488776338679326,0.23482854103144474,0.22928606234602322,0.21588875554355613,0.633862104878806,0.4135093826394491,0.39747884877122197,0.5886316534397237,0.39831899619632677,7.634536503393601,8.794513985152795,9.934673378098552,12.544243547649709,15.577448837319697,20.049343222757802,22.681636751935237,21.89736185703359,19.584700973610165,16.267604919034365,9.865913857063783,7.0020862308249505,14.319505339743694,2.5773198078436317,2.761110014469302,3.2077650245545404,2.7746799392582946,2.8441205205618916,3.5057390667009733,3.302865737960464,2.872050960703953,3.2561434446815016,3.147075111889131,2.934772976206636,2.916391345913968,3.0083361625781837,146.61717331874038,106.28161026009337,93.73387200798926,46.373607524043315,38.77762103397178,9.342380290509833,5.928196127506057,7.185436121612555,10.844649755906614,37.27294964486191,48.44541139652095,122.41750005411681,56.101700628311114,132.33140879988872,83.46190570939201,85.3897701457997,35.83143010622751,30.803618848545604,10.231671257379698,8.484703464918141,8.494890608020066,11.219076028522156,37.41976413615933,50.77393711065367,113.84013129788401,50.69019229231273,6.666666667000001,7.544444444,8.255555556,10.666666670000001,13.4,17.41111111,19.56666667,19.7,17.3,13.92222222,8.4,6.188888889000001,12.41851852,1.49582753,2.064044035,1.836512395,1.485765796,1.6650825809999998,2.370360966,0.796868873,2.386943652,1.336974196,1.245770623,1.480709289,1.719334497,1.657016203,241.1555556,145.8444444,147.8111111,68.83333333,52.34444443999999,21.28888889,4.077777778,6.077777778,18.74444444,45.3,73.34444444,193.7444444,84.88055555,193.5780664,115.6561403,125.5278201,45.37336774,36.57068878,23.5144341,9.692107327,11.13460572,16.29325866,43.18315644,59.28239855,122.1350698,66.82842616,8977.169999990001,12191.610000000004,648761.7899999986,477709.93000004004
"Walker River Paiute Tribe of the Walker River Reservation, Nevada",0.13099999999999998,0.211,3.3800000000000003,3.991e6,0.16015266622604163,0.2812594420590853,3.360778074052918,1.1125906564324491e6,0.869,0.789,0.8398473337739584,0.7187405579409147,0.09087134122335193,0.09087134122335193,0.0009999999999999998,0.03893431530573972,0.0009999999999999998,0.035334175392728706,0.02647209915989125,0.01578090209824353,0.010796425000684628,0.001012427278962062,7.0237147593134335,8.148590381432836,8.031674958208955,10.454394692686568,13.011442784925373,17.057048097313434,18.354560530149254,20.400829187462687,16.096019901641792,13.788888889999999,8.5550580430597,5.505804312164179,12.202335544626866,3.0584479933880595,2.2511943242238805,2.153345724686567,1.547696338044776,1.5677729764328359,3.4351296253283583,2.4538744873731346,3.6224038645074628,3.603321549343284,4.363039206,2.4550151092388064,2.6351838388955224,2.7622020865820893,234.04145936417913,274.54228854626865,167.34958537313432,104.68358208955223,91.2466003361194,53.176948589253726,17.786069650597014,29.15555556,32.45273632119403,173.19369817611943,220.1278606850746,260.85505805970143,138.2176202492537,134.0671544880597,135.93306823880596,88.70099327119404,83.87141281746268,61.627075818507464,31.658898632537316,14.67569270358209,48.77914798,46.45895711343284,147.8791048268657,208.52340062985076,151.7144255746269,96.15744434044777,1.0066666666,4.3133333334,4.9355555556,9.5911111108,13.262222221999998,18.939999997999998,23.68,22.657777778000003,17.031111111999998,12.835555556,4.5177777778,1.0644444443999999,11.152962964,2.0980350473999994,3.5380944714,3.2469995292,3.4183305582000005,3.1620254338000002,3.5436736808,3.9445170216,3.0653931173999993,3.0853559554,2.5484428146,2.9997523526,3.1296328476,3.1483544026000003,33.56,26.515555553999995,24.10222222,21.431111112,30.551111111999997,10.211111109800001,11.928888889000001,11.977777775799998,10.1244444444,17.135555556,19.479999999999997,28.606666668000003,20.468703704000003,22.889333163000003,17.6110920084,20.908251464,16.970204889999998,18.108966665999997,13.026841678,13.317400613999999,20.410550947999997,12.596261239999999,17.32123398,17.838397355999998,23.811192741199996,17.900810562,160.0,217.3,648761.7899999986,477709.93000004004
"Otoe-Missouria Tribe of Indians, Oklahoma",0.09666108660358524,0.14752872014437476,3.0334782414992105,1.4319880672511165e6,0.14840764218316949,0.23107828978237568,3.1647103844768263,2.8732283440351738e6,0.9033389133964147,0.8524712798556252,0.8515923578168305,0.7689217102176243,0.6805510284984919,0.6055466655548688,0.0017272209237907709,0.6515961667030431,0.653384104996084,0.4570839870368578,0.4166086378022742,0.26255201286712804,0.44358266450267575,0.37881744647288695,-6.242431905985333,-4.316502601062528,3.3343476056950845,9.81881072420952,15.333366412238675,21.50066853319325,23.708384153205795,22.635550755237933,18.103268506346694,10.606281978619098,2.2055115378587744,-5.849692410277064,9.236463608145574,2.6378299761110164,3.01217712933811,1.7324422235990882,1.8738606390980999,1.556572015228429,1.4475142543270108,1.0236492726706843,1.4728884386752914,1.7144492584366895,1.5616988022824514,3.3251829737194782,3.4975930232876373,2.0713215006703964,16.840959850636786,15.152777376761607,44.68845297970796,59.271340535898645,101.78514818343484,115.55203254591123,91.70545711815431,92.98599173938784,74.73826864058593,42.394076564203665,32.09115379562736,22.262324129910205,59.122331955889166,8.962045668090175,12.604238162888858,23.059298092439402,34.390151183521326,41.75045185261754,58.77784290268149,46.24694634701383,44.255756456884036,50.24937961191312,17.085398872157015,25.117588217346512,20.722783616937374,31.93515674980649,3.4296296296666666,5.2185185186666665,11.148148149999999,15.974074076666668,20.351851853333333,26.166666666666664,28.451851853333334,28.496296293333337,24.277777776666667,17.07777778,10.266666669000001,3.4777777779999997,16.19475308666667,2.043340918,2.7680659773333334,1.6151292030000002,1.3604703206666666,1.205923334666667,1.5521968843333331,1.4052631266666666,1.6058335110000002,1.5166312253333334,1.322223026,2.1113904663333334,2.6576586056666662,1.7636772170000001,46.91481481666666,48.73703704,88.02222223333334,89.39999999999999,142.6888889,143.2,98.32962962333333,88.92962963,77.17407407666667,72.83703703666666,46.77407407333333,44.370370369999996,82.28148148666666,24.13099628,36.358565993333336,45.46851216333334,40.648471416666666,81.12755233,69.79083785666667,59.153786266666664,55.61451399333333,49.37269374666666,46.090452903333336,43.75682015333334,36.456938136666665,48.99751177,46429.84999999999,63054.7500000002,648761.7899999986,477709.93000004004
Klamath Tribes,0.14100000000000001,0.196,3.32,1.0777e7,0.16,0.238,3.3400000000000003,5.978e6,0.859,0.804,0.84,0.762,0.526596242433131,0.526596242433131,0.001,0.16819185796921948,0.22349883419383018,0.11377150679848863,0.11377142009398283,0.0009580515546647907,0.039155449126795076,0.006345533814686733,6.022222222257142,9.966825397157141,10.851746029857143,14.729206353285713,15.700634920285715,21.95031745842857,23.438095237714283,22.483333335571427,19.60386243347619,16.166190479142855,9.33455026455238,7.063015873385713,14.775833332095237,2.7581885025,2.131229558914286,1.0602090410999998,2.1214817318285712,3.2569836202571425,2.081407885185714,3.5023001109142857,3.148321512314286,3.428449069199999,2.913881207328571,2.0386648782666668,2.0360471334571426,2.5397636878285716,182.42555557047618,133.82862432,130.32068784142857,59.14444444,26.524973546428566,9.41687830702857,5.13507936522857,0.377777778,7.407142857514284,37.78920634842857,54.108888885190474,126.66428573285712,64.42862874947619,157.7991708990476,130.2249818695238,107.483449086,59.21332433,24.071663886142854,13.594645110761904,8.7531738666,0.5847601599999999,9.443680672214287,43.63613184142857,42.389081432380955,80.02786712247618,56.435160856666656,1.1444444443333333,2.6407407406666668,4.351851851666666,7.892592592666668,11.074074073333335,15.48888889,19.818518516666664,18.93703703666667,15.155555553333336,9.418518517333334,2.3518518516666664,0.7222222223333334,9.08302469,3.8753553893333335,3.56244428,3.3212572553333333,2.7543027196666663,2.763536126,3.6657515286666666,2.529293802666667,2.8560695469999997,2.7427252663333337,1.643163647,3.402775562333333,3.909134,3.085484093666666,80.76296296,37.07407407666666,61.388888890000004,47.37037037333333,39.20370370333334,21.544444446666667,12.2,14.333333333333332,16.54074074,34.00370370333333,63.770370369999995,126.1111111,46.19197531,68.3451403,20.12580243,42.643613599999995,26.59277717333333,26.87439224666667,17.531732833333333,10.166010634666666,18.989040963333334,16.003255346666666,25.197119886666666,54.70405484666666,136.03444090000002,38.60061509666667,479.53,651.23,648761.7899999986,477709.93000004004
Menominee Indian Tribe of Wisconsin,0.1107107427448162,0.1742816908023357,2.8947280287888453,1.8538214186248917e6,0.17496806735753972,0.29095285570636564,2.799971025069293,379382.7431630321,0.8892892572551838,0.8257183091976643,0.8250319326424602,0.7090471442936344,0.383801956601118,0.3422114813863182,0.0009816261033341375,0.23569093274120156,0.3456754093181642,0.4392449023985643,0.401358264698485,0.0009999994938260399,0.25717701159867906,0.38758932793151485,-8.835557272892581,-8.625840059590674,-1.5373976759201446,5.596533859912414,12.277892266777439,17.39495391861154,19.899693743681098,19.02805827326893,13.836722194737252,7.43647318106131,0.33784990543585786,-7.864336825381507,5.745420459136786,2.2530701743037094,2.617931332386915,2.1347525509026273,2.0469594875641426,1.6448170928696548,1.8861570818511075,1.0991248278552288,1.2923105855110772,1.9179619575641418,1.9382614457532203,2.713877462552034,3.752546828305769,2.108147568923235,29.87688190506438,18.47743145196033,38.48360810700154,49.58173621772537,77.27729692506436,104.57952946044566,91.00128227137293,108.03192512578565,121.16574789752707,77.1405575575837,70.30803995670274,47.48245749511591,69.45054119913705,13.662239220229258,11.01295399985368,26.000234668923227,23.78069871698352,30.90446091241628,43.02226952662029,37.3235477804611,33.486071727127765,43.48200564747294,36.93655875125195,35.5222367490005,27.559197207766626,30.224372908562597,-8.20833333325,-7.8499999997500005,-1.047222222,6.4972222222500005,13.049999999999999,17.933333335,20.466666667499997,19.708333335000003,14.511111112499998,8.11666666675,1.00833333325,-7.352777777750001,6.402777778499999,2.7021043455,2.6038506887499997,2.57811786325,1.9349221232499998,1.6496808322499998,1.7252659775,1.5362494895,1.4985873477500002,2.2496914735,1.7962025049999997,3.4035525105000004,5.2471481495,2.41044777575,27.888888889999997,18.894444445,44.5388888875,58.43055555250001,80.76111110999999,117.64166664999999,88.7583333325,120.563888875,113.7527778,66.96666666750001,58.794444445,51.772222219999996,70.7303240725,20.1738882675,10.767371691500001,27.52799993,21.1796598575,34.1144407225,51.994116867500004,48.406417489999995,52.01330052749999,39.167871347500004,36.34813421,36.158006215,39.438935677500005,34.774178565,8195.15,11129.57000000001,648761.7899999986,477709.93000004004
Suquamish Indian Tribe of the Port Madison Reservation,0.10884367851040551,0.16230381809212557,3.7681930611295242,2.987029152531192e7,0.112,0.165,3.44,1.7064e7,0.8911563214895944,0.8376961819078744,0.888,0.835,0.4853519456004496,0.4459840225673327,0.0009176893387082463,0.3239849013978238,0.4458950794861319,0.4410687913401502,0.42276957601933035,0.0010000000000000005,0.2602812584803902,0.38607727142601245,-0.07079336541996406,1.9101718625665471,3.3995803357086345,7.760321742589929,10.917036371465832,14.446882493201441,20.045993205836336,18.32922661885792,14.265927258830937,8.772581934455939,3.3789368505009008,-0.9935751399415472,8.513524180849824,2.989336803519785,3.193076522767987,2.118392702210432,2.3240097797014396,2.3819968799775184,2.697225795042267,2.095545147001799,2.0069071291627703,1.8283963478363316,2.0383364991960438,3.546400768573742,3.2267363851528783,2.5371967299955043,79.13951838225722,53.69798161372304,41.12425059923563,43.7152677861421,53.5295763380126,31.183703039073745,10.975189848160078,13.849340528375905,32.946103117293184,42.80373701249102,54.13185451511691,104.70537569866907,46.81682487407375,71.07157087304857,58.75640749744607,31.856648663660085,43.2270778558903,35.91893445393886,26.69094990543166,7.8832683974523405,24.129301515414575,32.70123611956835,47.62845346493706,57.497010069685274,124.06972965647485,46.78588237281476,4.588888889,4.4222222225,7.6333333334999995,11.799999999999999,12.933333335,14.755555555,17.66111111,17.833333330000002,15.21666667,10.611111110000001,7.050000000000001,4.544444444499999,10.754166670000002,2.9118778250000004,3.911670854,1.5291672459999999,3.780104535,1.3324989625,1.584988119,1.8363795550000002,1.7020551750000001,1.402893371,2.2111362615,4.4623307585,2.4367485525,2.4251542680000004,123.44444445,91.805555555,101.77222224500001,63.83888889000001,59.805555555,52.37777778,23.966666670000002,25.911111110000004,41.505555555,108.505555555,128.5833333,131.75555555,79.43935185000001,51.90659634,45.122882395000005,39.50680331,27.169911,24.140439055,24.737857085,23.240555609999998,17.912365175,34.694305944999996,56.507702515000005,84.23475580000002,62.46784304,40.970168105000006,2105.64,2859.58,648761.7899999986,477709.93000004004
"La Jolla Band of Luiseno Indians, California",0.10928135505605374,0.14997772359545158,3.3555157190983325,4.884107876714959e8,0.096,0.126,3.52,1.88159e8,0.8907186449439463,0.8500222764045484,0.904,0.874,0.2167386221409998,0.2167386221409998,0.09811135589319607,0.1513334116366629,0.06576071316681475,0.20607848567495116,0.20607848567495116,0.04114198033157699,0.06553705818895647,0.09221305305858225,10.624444444968422,10.717543859684211,11.612631579473682,13.03707602305263,14.510409355578945,17.80397660968421,20.071812863999998,20.76959064568421,18.939649123578945,16.74397660505263,12.425146197894737,10.248654972378946,14.792076024631578,1.7638285988947366,2.397737005168421,2.3383380335578945,1.5558456973263155,1.7374868885578947,2.4823090963578944,2.956316013210526,2.4367535268315788,1.826381912642105,2.070231527410526,1.839344024968421,2.048872803568421,2.121120427568421,97.8518128496842,115.42339179431578,77.70994152136842,31.648070174526314,16.95391813105263,2.2366081872105257,4.614502923863157,3.485847953252631,4.246081871031579,17.899415206315787,24.556140351578946,48.280116961263154,37.07548732894737,89.85606654863157,115.53350675410528,79.78315367347368,23.714211169368422,16.11267836073684,3.644691574736842,6.056278726221052,4.603434900105263,7.669835798242104,22.545205679368422,36.94008107536842,66.27502843757894,39.394514390947364,8.288888889,8.311111111,9.477777777999998,11.34444444,13.76666667,17.8,21.42222222,21.866666669999997,19.22222222,15.17777778,11.011111109999998,8.644444444,13.861111110000001,1.027672667,2.798412248,1.263702672,1.267981773,1.496662955,1.733493582,2.7096022670000006,1.54677083,1.488940712,2.14637938,1.59173211,1.510886421,1.715186468,113.9222222,94.12222222,67.95555556,40.51111111,19.02222222,4.255555556,11.08888889,13.61111111,6.977777778,17.51111111,34.44444444,39.22222222,38.5537037,99.45550233,76.46014939,52.2744467,20.64905836,19.16929692,5.376130372,10.16592893,21.77684805,8.652713126,16.76532466,47.57357752000001,54.04562373,36.03038334,480.0,651.88,648761.7899999986,477709.93000004004
Table Mountain Rancheria,0.14313758791069886,0.21762515864027404,3.427073119536588,2.357099635310552e7,0.152,0.22900000000000004,3.07,7.7333e7,0.8568624120893011,0.782374841359726,0.848,0.7709999999999999,0.17989028914230315,0.17787373505294604,0.10194237597443247,0.08606788813378077,0.032615699598490644,0.17111909986190685,0.17111909986190685,0.057367257125054964,0.09873342441067542,0.09028703310470325,6.909316177567513,8.511900502716976,10.371856492837917,13.271618191590338,16.740080521310084,20.615909284584827,23.59760626874697,22.863042721085925,20.433047322380414,15.64055104054218,9.340616031922256,6.101828037868293,14.533114382628355,2.524477130958979,2.5628434327754617,2.412872809114111,2.4406296290631713,2.4517949356682145,2.900243496700269,2.525246794379478,2.6192857222740478,2.3081684133364284,2.2501447632877962,2.9121854329656967,2.769963284634737,2.55648798710755,100.81259983170595,77.78641215149183,69.25643452293824,49.42423282070434,34.83944715902797,19.315753743124013,7.92521572564518,10.398234032581314,16.722270418047362,43.52214019146464,64.60054914265754,85.24812924419356,48.32095158228043,77.46156790541087,65.70197165698227,55.721799274394,33.47787290121493,23.593995055993222,14.504472300104243,9.361896382246119,10.401710376413533,15.148861082065457,49.98529474141785,60.899741223906915,64.78209607019063,40.086773247674365,9.0,10.08888889,12.38888889,15.84444444,19.21111111,23.48888889,26.755555560000005,26.222222219999995,22.47777778,17.68888889,10.93333333,8.533333333,16.88611111,1.443086969,2.804658823,2.130401631,2.876243692,2.609810551,3.797842955,3.9793564530000003,3.021497054,2.724783376,3.42981211,4.192552922,1.790949469,2.900083,58.33333333,50.04444444,49.71111111,25.57777778,17.44444444,3.088888889,6.988888889,6.311111111,6.044444444,12.988888890000002,15.722222220000003,31.67777778,23.66111111,38.12404097,40.63837814,36.39232215,21.95579524,16.93532633,4.878382018,17.05377117,18.05079253,9.241497594,18.97297054,21.72664135,25.63541387,22.46711099,107336.74999999999,145770.3699999983,648761.7899999986,477709.93000004004
Confederated Tribes of Siletz Indians of Oregon,0.14451537023015065,0.21638195311789118,3.3014147767415967,1.0961659350344526e7,0.14699509492157176,0.22398957670834,3.6599417521936646,4.368122780244407e6,0.8554846297698493,0.7836180468821088,0.8530049050784283,0.77601042329166,0.356490661842427,0.3379932524377298,0.0009999999999999994,0.20925182745547738,0.26967344030478885,0.2617034438739928,0.23774201099007888,0.0009999999999999998,0.16229224478307563,0.2609944233541183,6.5242263236845615,9.137919462999157,10.371551082595634,12.297744219664427,14.790417596468115,19.16703020166946,20.94743661470637,22.52765659753355,19.499459359429526,16.105369128540268,9.595236762781036,7.387863534806204,14.029325905939594,2.912518891400167,2.873240913145972,2.702915944630872,2.4443629386577173,3.423082010008388,4.042948828080536,3.2694798569488253,2.2549544504312076,3.1298800183783544,3.0714630884949656,2.2648949656501673,2.157728238981543,2.8789558455629187,174.8213646517617,111.99068792263422,105.94752981942949,70.1207867296057,49.10269388723994,15.893801267634228,3.186856823124998,3.33336129756208,12.650960104011737,51.430881805100654,64.57699478128355,187.41766403070463,70.87279859296139,145.3385359112415,89.77029323722311,79.92834266041945,55.54559640093958,34.86105644668623,15.834589806333886,4.140406815702181,6.104353669488253,15.497298213615766,45.275054431426156,68.34148127005031,170.25048119172814,60.90729083632549,5.455555556,6.6,7.511111111,9.7,11.788888889999999,14.56666667,18.06666667,17.1,15.33333333,10.83333333,6.8,4.277777778,10.66944444,2.507045627,1.95512148,1.944507935,1.607015868,1.366056774,2.099404678,3.475989068,1.343502884,1.208304597,2.454587542,2.154065923,3.933121463,2.170726987,206.73333329999997,137.4555556,145.9555556,83.92222222,71.52222222,76.21111111,11.5,13.56666667,50.666666670000005,106.2,180.0333333,210.0666667,107.8194444,111.548913,76.63747633,57.8399756,42.26321621,26.71056803,27.75763158,9.404387274000001,9.647927239,25.21105908,42.34760914,92.67906991,124.5413385,53.88243099,2885.07000003,3918.12,648761.7899999986,477709.93000004004
Lac du Flambeau Band of Lake Superior Chippewa Indians of the Lac du Flambeau Reservation of Wisconsin,0.09894001669840793,0.1810617516349821,3.0330094414528963,1.1202977082507894e6,0.10968495714726743,0.19050520622053005,3.47905967019114,1.2132560286726276e6,0.9010599833015921,0.8189382483650179,0.8903150428527326,0.80949479377947,0.4456887513256844,0.4109376929665752,0.0009999999999999992,0.278943614167172,0.4062495490974052,0.3339864563714868,0.32258080450025856,0.0009999999999999992,0.17468518712754935,0.2520980213224495,-9.904044693949913,-9.09887374236558,-0.9126478771075417,6.350909288958216,12.784689759459491,17.76194714198179,20.42685528918086,19.419414993195627,14.245900693985627,7.467129643405627,-0.28229798814695134,-9.050837021053262,5.767345457290936,2.301087974275669,2.710498538808232,2.463467181065311,2.1220631529087317,1.3830238991761445,1.7396621138979835,1.1155252154885222,1.3676136962209307,1.9322710844370525,1.9171402314301287,2.9355066799959117,4.102140688484541,2.174166704705,22.244343468213575,16.05752262966768,38.546737879069525,50.84005194190077,81.35946891288384,121.26833112917386,98.97492797612993,122.22632531781136,122.20485415174183,75.02095835897335,53.398164261978806,32.94298258568027,69.59038905167176,12.419137318876192,8.17483546183126,22.663135470029708,18.63389675192806,26.409413910305634,42.83138291504858,44.4070917192148,48.886581458764475,57.771492716196185,33.876745548957565,30.764828688109617,23.510579410456813,30.862426780720476,-11.0694444475,-9.594444444500002,-1.6722222224999999,4.8555555555,11.23888889,16.808333335,19.374999999999996,18.5527777775,13.563888887500003,6.2555555555,-0.93888888875,-9.41111111075,4.83032407425,1.975714236,2.56862996325,3.5888346857499998,2.3437890825,1.47281187275,2.7886072315,1.68843413975,1.90274094425,3.4131852169999997,2.1522604875,4.1313898375,4.78478769325,2.7342654495000005,26.0166666675,18.3,35.0250000025,52.1,80.63888889,108.0805555525,106.5472222075,120.10277780000001,121.3638889,85.89999999999999,55.59444444499999,39.991666665000004,70.80509259499999,12.709557644999999,8.46434325575,19.9473098775,26.597010112499998,41.007527405000005,37.686518344999996,40.609416785,52.681342595,67.69214029,38.546123375,30.245758925,29.199331837499997,33.78219837,65835.36,89408.79999999962,648761.7899999986,477709.93000004004
Turtle Mountain Band of Chippewa Indians of North Dakota,0.09918097637607574,0.18414564968013436,3.050220699047519,1.0329753423851428e6,0.163,0.287,3.0799999999999996,1.245e6,0.9008190236239243,0.8158543503198656,0.837,0.7130000000000001,0.4423342286282805,0.41123683489626706,0.001000000000000002,0.27006429988808833,0.3959681311420529,0.47211367059826786,0.4338816922596933,0.0009999999999999983,0.44012508970137065,0.25859287262147046,-9.926986825601126,-8.964446063690456,-0.6692700393439249,6.569796291050843,12.948256396938396,17.915561762167336,20.663540640054585,19.63286150659957,14.510438679755476,7.6268316489205645,-0.20650168455414278,-9.03997130347199,5.921675917384606,2.3020577496647343,2.7577828330376843,2.49551775981957,2.1306763669996736,1.364906905501716,1.7196915962736459,1.1177545653232779,1.4100863676249002,1.9010390739580578,1.9015033572855053,2.8477716067012855,4.095694215110337,2.170373533090833,21.651238492655903,15.468500452496434,37.885639172174564,51.94752234446171,82.3095026692076,124.25436180520492,99.41422183893309,125.6258758391204,123.74582258606698,75.68209124467695,52.301385795505354,30.875447875697198,70.09680084351572,12.211920638209916,7.626224491293748,20.701195996644085,17.969905262235308,24.457784658425243,43.29311899565714,46.411930903382505,51.43472525307684,62.109642476051015,33.759006633304786,29.9174194772019,22.048022531868565,30.995074776134423,-12.06666667,-8.444444444,-2.4,6.711111111,11.888888890000002,17.32222222,20.37777778,18.2,12.688888890000001,7.444444443999999,-2.666666667,-11.11111111,4.828703704,5.946637705,7.142673013,4.118252056,3.229336017,1.8312867360000002,2.483333333,1.829465617,1.802775638,1.572771792,3.314404589,5.911429607,6.583966214000001,3.813861026,24.42222222,23.17777778,26.93333333,25.86666667,81.63333333,124.5333333,64.55555556,114.49999999999999,44.877777779999995,42.45555556,45.33333333,23.722222220000003,53.50092591999999,13.7255945,18.61597283,17.77427917,18.08272656,30.32329962,58.99898304,24.19447825,55.47571541,33.08964256,19.50756976,27.48463207,14.93425406,27.68392899,48362.53,65679.54000000017,648761.7899999986,477709.93000004004
Iowa Tribe of Oklahoma,0.08521778812817647,0.1333508892344061,3.0026771878169516,1.5072208651402548e6,0.13975319508103268,0.1996527236017709,3.0953847869353632,1.6059975356061919e7,0.9147822118718235,0.8666491107655939,0.8602468049189673,0.8003472763982291,0.7583246016082449,0.6606150687176597,0.0009999999999999961,0.7349751449311366,0.7334368247930592,0.36977362712331197,0.346591050631513,0.22849308807949115,0.3400141395361012,0.3373905152488028,-7.729343756860071,-5.89972579560988,2.10416557280345,8.955716966688815,14.732473769995643,20.707726339884495,22.710098887567174,21.650265940544358,17.086715673453263,9.542298454984953,0.8938790193616012,-7.37964275654696,8.11455235961512,2.712253930866719,2.948402081392671,1.8829984381714369,2.066106652927016,1.5027431017708954,1.5698099010123425,0.923048525144396,1.3704522620259907,1.8065553494775557,1.6784293307743956,3.500237569524816,3.868678235568221,2.1524762816468033,14.297354220572338,11.885925147165498,42.695256845839744,62.759065759302565,103.98135409283373,118.33688535668173,93.37742967574005,104.1773898253051,85.2321383083154,44.995855817691485,30.82779285050234,20.850541115835313,61.118082419080274,8.292354004901986,10.73085685632625,25.915527087490176,37.50389382814651,37.430727695699716,59.27203556450699,53.566942895568516,46.82468200788051,52.159986987510266,16.535572901058035,27.849770903125123,18.691828981603233,32.89784830970687,4.185185185333333,5.914814815,11.488888886666667,16.30740740666667,20.78888889,26.15555555333333,28.451851849999997,28.655555556666666,24.47037037,17.225925926666665,10.781481483333332,4.1148148146666665,16.545061729999997,2.121187927333333,2.7037127056666663,1.2723781936666667,1.1874893223333334,0.8917007979999999,1.4894532489999999,1.3141346936666667,1.497624087,1.4595135143333333,1.1565946233333333,2.0797091576666666,2.740119569,1.6594681536666667,55.485185183333336,57.744444446666655,106.10000003333333,96.63333333333334,164.0333333333333,149.55555556666667,88.46296297,78.79259259333332,91.41111111000001,82.41111111333332,57.25185185333333,49.97037036999999,89.82098765999999,25.49053576333333,47.18337425,62.761130923333326,46.06262642,81.58725282999998,73.10297097333331,57.802431379999994,58.18912381333333,49.06311094,60.569779579999995,49.0676961,43.26133085666667,54.511780316666666,25044.92,34012.6200000001,648761.7899999986,477709.93000004004
Lower Sioux Indian Community in the State of Minnesota,0.08385961702550447,0.13690598098795134,2.9598834210174867,1.5214191406763245e6,0.08596111683618819,0.15390668040685168,2.97,668455.6357066348,0.9161403829744955,0.8630940190120486,0.9140388831638118,0.8460933195931484,0.6548239140224441,0.5680915125848437,0.0010201795776604145,0.6087084877334303,0.6017808844645145,0.5803819613198582,0.4863029892632946,0.0009999999999999994,0.46303554829287247,0.5458192991992524,-9.440639849005223,-7.8503791117001365,0.8099184795315815,8.178686420287491,14.258170889329698,19.83977991569906,22.02601793431739,20.949347622056465,16.130290330636324,8.663297398183229,0.025703309521188662,-8.896488583806942,7.057808729599994,2.7565344067567907,2.8143866237479074,2.1604830470028635,2.2625037796879046,1.4899932736847121,1.6905134512454374,0.8999720318894914,1.4263355114115335,1.8069108565410963,1.8693192740658626,3.368406223494826,4.055073784528782,2.2167026887575325,18.260394399248128,14.357296559358371,39.606082634499906,55.3310892983528,94.64849779624642,117.59506373726208,97.21821665790856,101.57655512925832,85.01125448453169,49.93192012698317,37.29227837664615,24.65113947888491,61.289982390685594,10.707794210225426,9.337392189555844,25.053619773785822,28.351161564539954,36.692148147684925,46.901417879302535,41.897368573898824,41.85353919555966,47.759970831554085,18.05278179248914,30.897767053668012,18.623201755305566,29.67734691398678,-6.95,-6.7166666665,1.961111111,10.133333332000001,15.894444440000001,21.22222222,24.16666667,22.455555555000004,16.527777775,10.572222224499999,2.6777777780000003,-7.7944444445,8.6791666665,6.3744411415,6.0100261040000005,4.1298857705,4.1001271255,2.9315496289999996,2.4396181425,2.976171996,2.3907553234999996,1.854171108,3.969412613,7.024728618,6.034274777499999,4.186263529500001,17.31111111,16.57222222,48.883333335,73.577777775,107.96666665,119.28333334999999,99.13888887,90.294444445,90.055555555,61.533333330000005,40.877777775,36.07222222,66.79722222,12.73250428,11.777770735,43.121797640000004,63.208130340000004,32.600553305,47.68591859,37.419706700000006,32.273634675,60.147020190000006,48.955865275,33.777788705,39.763959230000005,38.622054139999996,75185.29000000998,102106.54999999917,648761.7899999986,477709.93000004004
Confederated Tribes of the Chehalis Reservation,0.15683833459090635,0.24843014149230885,4.131584260342842,4.54636172891559e6,0.14406253748754144,0.2228553341869206,3.4317435197040562,8.388289913219665e6,0.8431616654090937,0.7515698585076911,0.8559374625124585,0.7771446658130794,0.35986271500815026,0.32773711755081025,0.0010000000000000002,0.27750841796001213,0.3264220273462061,0.6052040180248901,0.5553752937114971,0.0013071107612196346,0.42212069432045174,0.5786997806999316,6.792915734302014,8.652423564194631,9.454511558677854,12.312751678724831,13.618866518590606,19.719463088053693,21.750335570402683,20.659656971342287,17.1401193142953,13.159656975503358,7.014243101798659,5.665026099979865,12.994997514832216,2.269261098946309,2.8341140529932884,2.4167502918926176,3.5478978315503356,3.8134310859932894,4.023927255832215,2.8302003463825507,4.7470389639932895,3.1232006995369126,2.517796720181208,3.047675743859061,3.6847244176442953,3.2380015424429534,170.77882176912752,148.95331842147652,123.14429529395976,76.39507830308725,68.69813571597315,43.952423563892616,5.888292319060404,11.140119315073827,32.61081282644295,104.05093213986576,135.74981355382553,240.54720357852352,96.8257705728859,134.11259592107385,117.67507691610739,34.07685159469799,57.01967426308726,37.65600054409396,32.47448776979866,6.290723646865773,16.68536713460403,26.597321231744967,99.77432047516778,54.74949062577181,183.6647893899329,66.73139162563758,3.644444444,4.077777778,6.388888889,10.37777778,11.43333333,13.78888889,16.65555556,16.78888889,14.51111111,9.833333333,4.733333333,3.155555556,9.615740741,2.549564233,4.382002333,1.370624351,4.617298392,1.177921899,0.888037787,1.371232211,2.009629596,1.390543459,4.347700542,4.04103947,2.633491556,2.564923819,235.3,149.7111111,135.6444444,103.4444444,78.67777778,71.47777778,24.37777778,34.21111111,65.28888889,166.1555556,220.8333333,212.7222222,124.8203704,125.7456162,83.32702809,48.80320459,48.57720945,39.6765919,20.31063624,18.04790693,16.56007582,40.27379559,81.92225142,136.6263426,106.0438209,63.82620664,640.0,869.16,648761.7899999986,477709.93000004004
Burns Paiute Tribe,0.13099999999999998,0.211,3.3800000000000003,3.991e6,0.151,0.24,3.28,606000.0,0.869,0.789,0.849,0.76,0.09087134122335193,0.09087134122335193,0.0009999999999999998,0.03893431530573972,0.0009999999999999998,0.06519192660490764,0.06513721492330583,0.001,0.005269118286321526,0.001,7.0237147593134335,8.148590381432836,8.031674958208955,10.454394692686568,13.011442784925373,17.057048097313434,18.354560530149254,20.400829187462687,16.096019901641792,13.788888889999999,8.5550580430597,5.505804312164179,12.202335544626866,3.0584479933880595,2.2511943242238805,2.153345724686567,1.547696338044776,1.5677729764328359,3.4351296253283583,2.4538744873731346,3.6224038645074628,3.603321549343284,4.363039206,2.4550151092388064,2.6351838388955224,2.7622020865820893,234.04145936417913,274.54228854626865,167.34958537313432,104.68358208955223,91.2466003361194,53.176948589253726,17.786069650597014,29.15555556,32.45273632119403,173.19369817611943,220.1278606850746,260.85505805970143,138.2176202492537,134.0671544880597,135.93306823880596,88.70099327119404,83.87141281746268,61.627075818507464,31.658898632537316,14.67569270358209,48.77914798,46.45895711343284,147.8791048268657,208.52340062985076,151.7144255746269,96.15744434044777,-1.1388888885,1.7833333335000001,3.8555555555,7.85,10.805555555,15.044444445,20.11111111,18.09444444,13.93888889,8.6111111115,1.738888889,-2.3111111109999998,8.198611111,4.3099393605000005,4.466078888,3.264517020499999,3.075296587,2.6463140624999997,2.9858414235,2.2483830680000003,1.9697561775,1.9985708969999998,3.5971473145000004,3.6749571435,4.588365743,3.2354306405,56.277777779999994,20.422222225000002,46.644444445000005,28.277777774999997,49.06666666499999,28.95,20.905555555,6.966666666499999,22.05,36.666666665,69.43888888999999,78.961111115,38.718981485,95.33472671,16.30546166,60.484306965,13.83350094,27.925440495,20.31851383,22.14004578,8.4468365025,21.370373185,27.509710179999995,109.55516475,87.73851002999999,42.580215915000004,160.0,217.3,648761.7899999986,477709.93000004004
Pechanga Band of Indians,0.10928135505605374,0.14997772359545158,3.3555157190983325,4.884107876714959e8,0.09999660224025875,0.14598301120129376,3.150314292776065,1.2701498232628132e8,0.8907186449439463,0.8500222764045484,0.9000033977597413,0.8540169887987062,0.2167386221409998,0.2167386221409998,0.09811135589319607,0.1513334116366629,0.06576071316681475,0.18492062792383177,0.1834416713681825,0.08414054346724076,0.07387068514672342,0.038841401359541526,10.624444444968422,10.717543859684211,11.612631579473682,13.03707602305263,14.510409355578945,17.80397660968421,20.071812863999998,20.76959064568421,18.939649123578945,16.74397660505263,12.425146197894737,10.248654972378946,14.792076024631578,1.7638285988947366,2.397737005168421,2.3383380335578945,1.5558456973263155,1.7374868885578947,2.4823090963578944,2.956316013210526,2.4367535268315788,1.826381912642105,2.070231527410526,1.839344024968421,2.048872803568421,2.121120427568421,97.8518128496842,115.42339179431578,77.70994152136842,31.648070174526314,16.95391813105263,2.2366081872105257,4.614502923863157,3.485847953252631,4.246081871031579,17.899415206315787,24.556140351578946,48.280116961263154,37.07548732894737,89.85606654863157,115.53350675410528,79.78315367347368,23.714211169368422,16.11267836073684,3.644691574736842,6.056278726221052,4.603434900105263,7.669835798242104,22.545205679368422,36.94008107536842,66.27502843757894,39.394514390947364,12.266666669999998,12.02222222,13.14444444,14.53333333,16.51111111,18.85555556,21.27777778,22.64444444,20.63333333,17.83333333,14.422222219999998,12.34444444,16.37407407,1.102270384,3.322189706,1.260070545,1.011187421,0.902003942,1.897439796,2.625727412,1.627967376,0.874642784,1.809005252,1.091762082,0.7731609,1.524785633,130.9888889,102.4777778,63.78888889,33.45555556,17.47777778,3.233333333,5.811111111,3.966666667,5.522222222,12.4,26.48888889,36.91111111,36.87685186,119.4774188,82.84269397,53.85855188,21.34649334,16.09905104,4.848195541,8.543629856,9.675872054,10.14085521,14.20026408,41.08136574,56.30347335,36.53482207,480.0,651.88,648761.7899999986,477709.93000004004
Te-Moak Tribe of Western Shoshone Indians of Nevada (Wells Band),0.130995113586396,0.213991448776193,3.3166534326298227,801350.2321803805,0.1,0.169,3.35,2.969e6,0.869004886413604,0.786008551223807,0.9,0.831,0.14934540200824248,0.14797682579655094,0.009554632551542153,0.09727869081154775,0.030502512468639702,0.07593724961763115,0.07593724961763115,0.001,0.020954363358277214,0.006965772518707908,6.045094639568272,7.955801184928481,8.988166450111835,10.605273803773736,13.21691951944084,15.917367433237976,18.61388527578674,18.30710879885566,16.958532003081928,12.778630256449942,7.200274526716518,6.040369888745126,11.885618649375813,4.041637372711315,2.607826379533161,2.3618532966436936,2.4168710012392722,2.4493675294889474,3.4548656401443445,3.706105893016907,3.3109676690793255,2.4416474276319904,2.1058192479778937,3.1953400174811457,2.3448008148192456,2.8697585242548773,212.1482878110533,115.9799884444734,181.06318451794544,116.7556277948635,81.98867215674903,43.30832249862161,10.967880363906376,14.251900014980496,42.245845976723025,107.94951596620291,179.75184220624192,233.8149833803642,111.68550426836154,162.84917315136545,75.82423064964892,83.86991063001301,57.37429251219768,50.00210325031211,30.306906378608595,13.183588074927178,17.343852890000004,31.56667698720417,91.83515783572177,98.85185684928481,150.20464663263985,71.93436632039014,-1.477777778,1.422222222,1.233333333,6.544444444,9.966666667,15.611111110000001,20.16666667,18.02222222,13.55555556,9.733333333,2.1,-2.411111111,7.872222223,5.876814141,6.162340825,1.359227722,1.728518955,2.242208732,2.663383395,1.860107524,0.9310985149999998,1.614087289,5.521095906,5.389805191,4.399842169,3.31237753,30.4,35.3,28.67777778,34.16666667,47.21111111,24.27777778,10.24444444,32.74444444,18.58888889,23.2,27.12222222,24.84444444,28.06481481,24.39087944,38.54289818,13.38345787,18.44302036,31.23617472,19.29208243,7.867355195999999,66.45071691,14.360313749999998,19.73094017,9.525069262,16.01023978,23.26942901,1440.0,1955.6399999999999,648761.7899999986,477709.93000004004
Northwestern Band of the Shoshone Nation,0.130995113586396,0.213991448776193,3.3166534326298227,801350.2321803805,0.11599999999999999,0.146,3.08,3.186e6,0.869004886413604,0.786008551223807,0.884,0.854,0.14934540200824248,0.14797682579655094,0.009554632551542153,0.09727869081154775,0.030502512468639702,0.2426722573137036,0.2388804626364128,0.001,0.18580748425123708,0.08059436102680982,6.045094639568272,7.955801184928481,8.988166450111835,10.605273803773736,13.21691951944084,15.917367433237976,18.61388527578674,18.30710879885566,16.958532003081928,12.778630256449942,7.200274526716518,6.040369888745126,11.885618649375813,4.041637372711315,2.607826379533161,2.3618532966436936,2.4168710012392722,2.4493675294889474,3.4548656401443445,3.706105893016907,3.3109676690793255,2.4416474276319904,2.1058192479778937,3.1953400174811457,2.3448008148192456,2.8697585242548773,212.1482878110533,115.9799884444734,181.06318451794544,116.7556277948635,81.98867215674903,43.30832249862161,10.967880363906376,14.251900014980496,42.245845976723025,107.94951596620291,179.75184220624192,233.8149833803642,111.68550426836154,162.84917315136545,75.82423064964892,83.86991063001301,57.37429251219768,50.00210325031211,30.306906378608595,13.183588074927178,17.343852890000004,31.56667698720417,91.83515783572177,98.85185684928481,150.20464663263985,71.93436632039014,-0.8666666670000001,1.233333333,3.177777778,8.711111111,12.23333333,17.01111111,23.588888889999996,21.42222222,16.04444444,10.05555556,2.222222222,-2.044444444,9.399074074,4.37407133,4.78826691,2.091517259,2.538426897,1.550806242,1.651093913,2.094304446,3.366295359,2.353779467,2.489031494,3.277490571,3.966771707,2.878487966,44.16666667,33.18888889,39.22222222,64.78888889,57.98888889,45.9,20.22222222,24.82222222,27.7,33.43333333,54.66666667,36.73333333,40.23611111,35.86683705,25.34395611,23.71311756,67.38016111,32.74944444,35.33468551,37.35230173,25.64116699,24.4419721,20.49475543,69.24214757,23.240159210000005,35.0667254,1440.0,1955.6399999999999,648761.7899999986,477709.93000004004
"Sisseton-Wahpeton Oyate of the Lake Traverse Reservation, South Dakota",0.08385961702550447,0.13690598098795134,2.9598834210174867,1.5214191406763245e6,0.11214925497075916,0.19534231111152073,3.2900084327863044,603523.7579688856,0.9161403829744955,0.8630940190120486,0.8878507450292409,0.8046576888884793,0.6548239140224441,0.5680915125848437,0.0010201795776604145,0.6087084877334303,0.6017808844645145,0.5103898714529328,0.4724132621246572,0.0011968059481771097,0.47224784018365284,0.40931289485601785,-9.440639849005223,-7.8503791117001365,0.8099184795315815,8.178686420287491,14.258170889329698,19.83977991569906,22.02601793431739,20.949347622056465,16.130290330636324,8.663297398183229,0.025703309521188662,-8.896488583806942,7.057808729599994,2.7565344067567907,2.8143866237479074,2.1604830470028635,2.2625037796879046,1.4899932736847121,1.6905134512454374,0.8999720318894914,1.4263355114115335,1.8069108565410963,1.8693192740658626,3.368406223494826,4.055073784528782,2.2167026887575325,18.260394399248128,14.357296559358371,39.606082634499906,55.3310892983528,94.64849779624642,117.59506373726208,97.21821665790856,101.57655512925832,85.01125448453169,49.93192012698317,37.29227837664615,24.65113947888491,61.289982390685594,10.707794210225426,9.337392189555844,25.053619773785822,28.351161564539954,36.692148147684925,46.901417879302535,41.897368573898824,41.85353919555966,47.759970831554085,18.05278179248914,30.897767053668012,18.623201755305566,29.67734691398678,-8.781944444,-5.9375,0.25972222224999997,8.799999999874998,14.55694444375,19.79166666625,22.345833331250002,21.45833333375,15.102777777500002,9.116666665875,0.775000000125,-8.625000000125,7.40520833325,5.8082424206250005,6.642718719124999,3.7852824075,3.4279664366250007,2.331449296125,2.7466367932500004,1.9511105431250002,2.4630968531249997,1.960214626875,3.0893825335,7.267888268000001,6.4231473365000005,3.991428019625,22.069444445,22.45138888875,42.73611111,40.1791666675,71.2125,106.65694444999998,81.52916666625002,71.20277777625,70.493055555,51.550000001250005,32.7138888875,38.550000000000004,54.278703705,30.02263383875,35.22965207675,39.6465394,35.779493575000004,33.847985953750005,40.04073055875,44.126906713749996,36.05342494625,39.173957727499996,29.5110065425,29.157018672499998,58.527201622499994,37.59304596875,75185.29000000998,102106.54999999917,648761.7899999986,477709.93000004004
"Bay Mills Indian Community, Michigan",0.09918097637607574,0.18414564968013436,3.050220699047519,1.0329753423851428e6,0.16199999999999998,0.208,2.99,3.1e6,0.9008190236239243,0.8158543503198656,0.8380000000000001,0.792,0.4423342286282805,0.41123683489626706,0.001000000000000002,0.27006429988808833,0.3959681311420529,0.41721857432810644,0.4053321426388563,0.0009999999999999998,0.2547859970801446,0.3191620777042448,-9.926986825601126,-8.964446063690456,-0.6692700393439249,6.569796291050843,12.948256396938396,17.915561762167336,20.663540640054585,19.63286150659957,14.510438679755476,7.6268316489205645,-0.20650168455414278,-9.03997130347199,5.921675917384606,2.3020577496647343,2.7577828330376843,2.49551775981957,2.1306763669996736,1.364906905501716,1.7196915962736459,1.1177545653232779,1.4100863676249002,1.9010390739580578,1.9015033572855053,2.8477716067012855,4.095694215110337,2.170373533090833,21.651238492655903,15.468500452496434,37.885639172174564,51.94752234446171,82.3095026692076,124.25436180520492,99.41422183893309,125.6258758391204,123.74582258606698,75.68209124467695,52.301385795505354,30.875447875697198,70.09680084351572,12.211920638209916,7.626224491293748,20.701195996644085,17.969905262235308,24.457784658425243,43.29311899565714,46.411930903382505,51.43472525307684,62.109642476051015,33.759006633304786,29.9174194772019,22.048022531868565,30.995074776134423,-7.5166666665,-8.283333333499998,-1.538888889,5.027777778000001,11.52222222,15.85,19.122222224999998,18.955555554999997,14.2,7.972222222,2.0333333335,-5.655555555499999,5.974074074,3.0342484695,3.056993822,2.9335206694999996,1.8240094405000002,1.969411485,2.315657823,2.2045738845,1.3994132989999999,2.329952648,1.769175706,2.9133965434999998,4.6589907915,2.5341120485,63.01666666500001,36.733333335000005,45.916666664999994,61.87777778,67.46666667,98.077777795,63.55555556,78.49444444500001,102.81111112,83.61111111,78.67777777999999,73.21111110999999,71.120833335,23.809351314999997,20.771796065,30.71320093,34.992523170000005,32.677356815,48.795490550000004,24.533962154999998,28.648395760000003,40.633281935,35.312558095,22.95180644,40.11374818,31.99612262,48362.53,65679.54000000017,648761.7899999986,477709.93000004004
"Santa Rosa Indian Community of the Santa Rosa Rancheria, California",0.14313758791069886,0.21762515864027404,3.427073119536588,2.357099635310552e7,0.144,0.211,3.07,1.1253e7,0.8568624120893011,0.782374841359726,0.856,0.789,0.17989028914230315,0.17787373505294604,0.10194237597443247,0.08606788813378077,0.032615699598490644,0.05659125331072332,0.05659125331072332,0.007363863468565379,0.016205128083011954,0.001,6.909316177567513,8.511900502716976,10.371856492837917,13.271618191590338,16.740080521310084,20.615909284584827,23.59760626874697,22.863042721085925,20.433047322380414,15.64055104054218,9.340616031922256,6.101828037868293,14.533114382628355,2.524477130958979,2.5628434327754617,2.412872809114111,2.4406296290631713,2.4517949356682145,2.900243496700269,2.525246794379478,2.6192857222740478,2.3081684133364284,2.2501447632877962,2.9121854329656967,2.769963284634737,2.55648798710755,100.81259983170595,77.78641215149183,69.25643452293824,49.42423282070434,34.83944715902797,19.315753743124013,7.92521572564518,10.398234032581314,16.722270418047362,43.52214019146464,64.60054914265754,85.24812924419356,48.32095158228043,77.46156790541087,65.70197165698227,55.721799274394,33.47787290121493,23.593995055993222,14.504472300104243,9.361896382246119,10.401710376413533,15.148861082065457,49.98529474141785,60.899741223906915,64.78209607019063,40.086773247674365,7.3,7.411111111,10.88888889,14.333333329999999,17.88888889,21.74444444,24.76666667,24.2,20.66666667,16.51111111,9.322222222,6.622222222000001,15.13796296,2.880104165,8.599483189,3.761131626,3.9363688849999994,3.002267661,3.2806672760000004,3.2101401839999997,2.556364606,3.4503623,3.958043849,5.690074204,3.6217322440000004,3.995561682,55.01111111,41.66666667,37.93333333,20.13333333,15.811111109999999,3.333333333,7.588888889,8.6,2.688888889,11.0,14.78888889,29.94444444,20.70833333,33.70621028,24.131255669999998,33.43845092,13.057373399999998,13.909389309999998,5.421485036,18.99331754,24.18553287,4.547923824,11.82729893,16.78536896,25.129917979999995,18.76112706,107336.74999999999,145770.3699999983,648761.7899999986,477709.93000004004
"Northern Arapaho Tribe of the Wind River Reservation, Wyoming",0.10321863153011658,0.13461349683063956,3.4060929614268987,1.4957595475868562e7,0.14117614446151538,0.19888061353981684,3.372357646417614,2.8927536113836793e6,0.8967813684698834,0.8653865031693604,0.8588238555384846,0.8011193864601831,0.1808793916360989,0.17116374184336003,0.003124335689305417,0.14645100117142337,0.07859290488321458,0.056095397600241424,0.055694570097866346,0.002799349391891822,0.021838923204164896,0.002574532331752992,-2.7075743692361165,-0.8432960723587127,3.0032496487303466,7.696991631380153,11.621461730858165,17.800619999087402,20.26504184307587,20.617427157836715,16.310558304021434,8.741084844757282,3.115237309844144,-2.8186549385497526,8.566845590837271,3.087215989910939,2.998533160699558,3.2677785439835065,2.996481212101154,2.953507584750411,3.1065789512833972,2.7072945441074756,3.28555434634167,2.986218648782023,2.3783167074777345,4.73945651452831,4.035257661808687,3.211849488892247,26.139408099876565,21.19705882393952,34.65553722962617,40.62852605234744,63.383217274694864,46.635168895920835,53.988293323290236,44.68333944238592,32.160762934642655,32.57701728556075,27.938107018034614,16.90080019500082,36.74060304802364,21.94999969446233,19.377032613505207,17.18999187469983,21.463709822724013,34.58584271543706,33.86025866935953,37.851568420008256,24.00844919250413,24.20201019910938,23.78592439225673,22.36232034944309,11.418297337986798,24.33795044106101,-6.7382716049999996,-4.803703703666667,-0.113580246888889,5.569135802555555,9.717283949777777,15.2,20.386419753333332,18.667901233333332,13.122222223333333,7.654320987777777,-0.6098765432222222,-5.095061728333333,6.079732510333333,2.8162391983333332,5.124800153111111,2.4241015083333335,3.230387511,3.686265503111111,3.350102642222222,3.3508274756666663,3.195357493777778,3.017943330333333,3.381468016888889,5.974280982333332,4.491546278777778,3.6702766745555553,23.144444443666664,25.62098765311111,23.483950615555553,37.81728395111112,66.58024691333334,48.67037037111111,38.63950617444444,33.07530864111111,30.495061727777784,29.144444444444446,30.01728395222222,18.85061728188889,33.79495884777777,17.13534423088889,38.518264818888895,20.191571845666665,25.848987507777775,41.14505730333334,42.55738461666667,53.033745974444436,38.139686564444446,28.008764771111107,29.66603994222222,34.52096190955555,16.533450746888885,32.10827168777778,7093.3899999899995,9633.32,648761.7899999986,477709.93000004004
"Sac & Fox Nation, Oklahoma",0.08521778812817647,0.1333508892344061,3.0026771878169516,1.5072208651402548e6,0.15553519771414284,0.22809787345611396,3.053165304180015,3.9693318905893113e6,0.9147822118718235,0.8666491107655939,0.8444648022858572,0.771902126543886,0.7583246016082449,0.6606150687176597,0.0009999999999999961,0.7349751449311366,0.7334368247930592,0.39319529980311285,0.3661602502035588,0.25715685083116135,0.3556197790075648,0.3405914773493788,-7.729343756860071,-5.89972579560988,2.10416557280345,8.955716966688815,14.732473769995643,20.707726339884495,22.710098887567174,21.650265940544358,17.086715673453263,9.542298454984953,0.8938790193616012,-7.37964275654696,8.11455235961512,2.712253930866719,2.948402081392671,1.8829984381714369,2.066106652927016,1.5027431017708954,1.5698099010123425,0.923048525144396,1.3704522620259907,1.8065553494775557,1.6784293307743956,3.500237569524816,3.868678235568221,2.1524762816468033,14.297354220572338,11.885925147165498,42.695256845839744,62.759065759302565,103.98135409283373,118.33688535668173,93.37742967574005,104.1773898253051,85.2321383083154,44.995855817691485,30.82779285050234,20.850541115835313,61.118082419080274,8.292354004901986,10.73085685632625,25.915527087490176,37.50389382814651,37.430727695699716,59.27203556450699,53.566942895568516,46.82468200788051,52.159986987510266,16.535572901058035,27.849770903125123,18.691828981603233,32.89784830970687,4.362962963,6.088888889,11.674074073333333,16.41851852,20.677777776666662,26.196296293333333,28.500000000000004,28.733333333333327,24.496296296666667,17.281481483333334,10.999999999999998,4.348148148,16.64814815,2.149084097,2.681373451,1.2763990230000002,1.151716427,1.0595884306666667,1.4873687423333333,1.3218946273333332,1.4641091223333333,1.4335329463333333,1.1700262426666665,2.080993908,2.807891405,1.6736648683333333,58.89259259333333,58.03333333666666,101.04814816333332,101.50740740999998,173.31481483333332,141.05925923333334,90.40000000666666,77.64814814666666,97.20740741666665,83.96666666666667,61.31851852,54.48888888666666,91.57376543666666,28.94570754333333,43.32953365333333,54.24677958,50.03438720666666,91.69121505333332,71.05666303666666,57.7591921,58.256499829999996,46.98003915333332,61.222441133333334,51.08909218333333,49.05897917666667,55.30587747,25044.92,34012.6200000001,648761.7899999986,477709.93000004004
Ho-Chunk Nation of Wisconsin,0.08629189272659724,0.15601972842780884,3.112267136750962,1.4474532029553005e6,0.0865251173034973,0.15172301064200192,2.963600683002306,2.3528851624885243e6,0.9137081072734028,0.8439802715721911,0.9134748826965027,0.8482769893579981,0.3834193097783383,0.37328088976199714,0.0010000000000000005,0.24053786856946735,0.30899570921355385,0.7143819917122308,0.6378411741715733,0.0010000000000000005,0.6446997473495178,0.7083400548795111,-8.480792608789935,-7.493143690641137,1.0275468026280088,8.18064673015755,14.070970097111596,19.485168978336983,21.88606856102845,20.95203014964989,15.982980790043761,8.866180403551422,1.2448820813282275,-8.09421346964989,7.3023604018949655,2.288165947061269,2.839680591822757,2.2945884116301967,1.887739154070022,1.2115183662188185,1.8195952594835887,1.0767333939934354,1.3801482183763676,1.7166842856433258,1.921218331857768,2.42470994843326,3.5583829495689283,2.034930404890591,23.67877461522976,15.244322881378556,41.2879893054267,52.71998541115973,93.0098468270897,127.7955264,100.48147340479211,133.15455868862145,104.42635545829322,54.98490153225383,53.05735472892779,31.438609287899343,69.27330821365426,8.192918146599562,9.455081082299781,22.457390720065646,12.37553648905908,22.734576571619254,54.40829555461706,58.991895324792125,58.17149123111597,48.36635111061269,30.298278737746173,30.319669551881837,17.200218337614878,31.080975237877464,-6.641269841428571,-4.2095238095714285,1.4015873015714286,9.23333333242857,14.677777778571427,20.158730158571426,22.647619047142857,21.738095239999996,15.547619047142858,9.992063490857143,3.398412698714285,-6.7095238095714285,8.436243386,4.5711126885714295,6.162109383714285,3.622754360285714,3.2093801138571427,2.270578236714286,2.8328304005714293,2.276464111142857,2.502447867,1.740129088714286,3.127234869857143,6.481429833142857,5.667043017285714,3.7052928308571427,33.15714285714286,25.907936507142857,46.25238095142857,64.49523809428571,96.63333333714287,126.54444444285714,103.13650794000002,139.43492062857143,97.56666664999997,61.64126984000001,56.88412698428572,50.14285714285714,75.14973545,25.937141732,27.690858543,30.399341857142858,29.468063681428575,40.15863171714285,60.874928065714286,50.807804701428566,70.82571838,45.02420882714286,39.38223468571429,34.89032129142857,49.44033072285714,42.07496535000001,920.0,1249.4199999999998,648761.7899999986,477709.93000004004
"Fort McDermitt Paiute and Shoshone Tribes of the Fort McDermitt Indian Reservation, Nevada and Oregon",0.13099999999999998,0.211,3.3800000000000003,3.991e6,0.1219792792936167,0.18306830468394544,2.932313881878147,1.4593246522661431e6,0.869,0.789,0.8780207207063833,0.8169316953160546,0.09087134122335193,0.09087134122335193,0.0009999999999999998,0.03893431530573972,0.0009999999999999998,0.07748912025172243,0.07496504539727834,0.007473004265262795,0.020395902718537612,0.004645870793633382,7.0237147593134335,8.148590381432836,8.031674958208955,10.454394692686568,13.011442784925373,17.057048097313434,18.354560530149254,20.400829187462687,16.096019901641792,13.788888889999999,8.5550580430597,5.505804312164179,12.202335544626866,3.0584479933880595,2.2511943242238805,2.153345724686567,1.547696338044776,1.5677729764328359,3.4351296253283583,2.4538744873731346,3.6224038645074628,3.603321549343284,4.363039206,2.4550151092388064,2.6351838388955224,2.7622020865820893,234.04145936417913,274.54228854626865,167.34958537313432,104.68358208955223,91.2466003361194,53.176948589253726,17.786069650597014,29.15555556,32.45273632119403,173.19369817611943,220.1278606850746,260.85505805970143,138.2176202492537,134.0671544880597,135.93306823880596,88.70099327119404,83.87141281746268,61.627075818507464,31.658898632537316,14.67569270358209,48.77914798,46.45895711343284,147.8791048268657,208.52340062985076,151.7144255746269,96.15744434044777,-1.4844444446,1.6155555555999999,3.3844444441999997,7.9866666668000015,11.104444444,16.153333334,21.346666667999997,19.486666665999998,14.377777778,8.626666666599998,1.4777777779999999,-2.297777778,8.481481481600001,2.970978584,4.583973895200001,1.6079369238,2.1952990348,1.7068022530000002,2.2178630561999997,1.6572415428,1.122653925,1.79658836,1.9174611268000001,2.56624475,3.0643573648000006,2.2839500679999998,32.675555554000006,22.94666667,25.955555556000004,21.32,38.457777778,17.157777778000003,12.682222222399998,10.726666665600002,11.72888889,23.57111111,28.128888888000002,44.18444444400001,24.127962961999998,27.751194870000003,18.969477538000003,17.993738418000003,13.213021573799999,16.845375978,12.789272246,19.232642658,14.9347157608,10.6822257752,20.787321878000004,22.997529472,35.232518052,19.285752852,160.0,217.3,648761.7899999986,477709.93000004004
Middletown Rancheria of Pomo Indians of California,0.12710492533354206,0.18815383983858183,3.427183316415382,1.8303581027761165e7,0.157,0.231,3.92,6.666e6,0.8728950746664579,0.8118461601614182,0.843,0.769,0.32523514268117665,0.32072364445638374,0.1801503340640324,0.1885845366845052,0.1490707074179094,0.6837663560783396,0.6819606590617445,0.29732075949592074,0.46285388267586997,0.6030375229685146,7.526335769150328,9.068774582608711,10.453765039877567,13.272586547103819,16.424670736873868,20.511607772830963,23.323191293352952,22.64090242859258,20.120798666971616,16.492611222485525,9.946035662310143,7.232627882722979,14.75115896790832,2.6925513676497106,3.132127938707029,2.851508017967164,2.5843704170004713,2.47465174796631,3.3304166272363087,3.166246563150232,2.479467779852234,3.0988025399304333,3.032851565819493,3.2011657277114005,2.6183364862507337,2.8885413982847097,137.1742431403037,91.45979985740156,85.38101715930051,45.96114959979216,30.2594360607877,8.002959940386356,5.095631267424124,7.058799152345158,8.638797675708933,31.231014521284983,45.3273333128898,109.49215990416907,50.42352846652555,117.27344634357218,73.6610175781607,75.20226204620668,32.92540958107936,24.074171325585645,9.083572490209542,7.620567629471484,8.858058408678945,9.817066593160012,33.00901256876154,48.516241085487295,99.1809533548591,44.93514824996393,8.055555556,9.633333333,10.31111111,13.377777779999999,15.91111111,19.72222222,20.61111111,21.51111111,18.75555556,16.26666667,10.05555556,7.544444444,14.31296296,1.2787798,1.312440475,1.2702799339999997,1.965183056,2.35979048,3.011136736,1.337389663,3.301304456,1.481646981,1.044030651,2.047627353,1.650084173,1.838307813,226.1333333,143.8222222,137.9777778,58.52222222,43.36666667,11.7,9.677777778,4.222222222,8.644444444,43.6,56.73333333,208.8888889,79.44074074,210.37688800000004,123.6031025,124.3515559,42.76116164,29.60886692,15.18584868,16.84063373,9.807876653,10.78808499,39.70865775,52.00240379,134.238877,67.43949646,21575.079999989997,29300.480000000058,648761.7899999986,477709.93000004004
Red Cliff Band of Lake Superior Chippewa Indians of Wisconsin,0.09894001669840793,0.1810617516349821,3.0330094414528963,1.1202977082507894e6,0.102,0.2,3.11,799000.0,0.9010599833015921,0.8189382483650179,0.898,0.8,0.4456887513256844,0.4109376929665752,0.0009999999999999992,0.278943614167172,0.4062495490974052,0.3898746888540367,0.3594329541138747,0.0009999999999999992,0.2930919896637415,0.3754110297657588,-9.904044693949913,-9.09887374236558,-0.9126478771075417,6.350909288958216,12.784689759459491,17.76194714198179,20.42685528918086,19.419414993195627,14.245900693985627,7.467129643405627,-0.28229798814695134,-9.050837021053262,5.767345457290936,2.301087974275669,2.710498538808232,2.463467181065311,2.1220631529087317,1.3830238991761445,1.7396621138979835,1.1155252154885222,1.3676136962209307,1.9322710844370525,1.9171402314301287,2.9355066799959117,4.102140688484541,2.174166704705,22.244343468213575,16.05752262966768,38.546737879069525,50.84005194190077,81.35946891288384,121.26833112917386,98.97492797612993,122.22632531781136,122.20485415174183,75.02095835897335,53.398164261978806,32.94298258568027,69.59038905167176,12.419137318876192,8.17483546183126,22.663135470029708,18.63389675192806,26.409413910305634,42.83138291504858,44.4070917192148,48.886581458764475,57.771492716196185,33.876745548957565,30.764828688109617,23.510579410456813,30.862426780720476,-10.511111109999998,-9.011111111,-1.055555556,5.411111111,11.45555556,17.07777778,19.97777778,19.23333333,14.333333329999999,7.355555556,-0.455555556,-5.866666667,5.662037036999999,1.811383756,2.467004481,2.622551768,2.100859612,1.313498298,2.313426991,1.023203032,1.142365966,2.131900561,2.107789785,2.453625436,11.36914685,2.7380630450000005,45.3,16.61111111,35.88888889,67.92222222,78.35555556,96.96666667,94.4,118.4222222,103.7111111,81.19999999999999,60.15555556,35.45555556,69.53240741,63.599705189999995,7.239724519,23.23657916,48.77324517,44.14261295,28.03952567,36.93599193,65.56301888,73.02301768,36.56025848,33.1377093,15.76539812,39.66806559,65835.36,89408.79999999962,648761.7899999986,477709.93000004004
Yankton Sioux Tribe of South Dakota,0.08373531100813265,0.1401550888842789,3.1546317993970705,2.6877067606350095e6,0.13393616590822693,0.2089071323737285,3.250055927815806,686245.2322798002,0.9162646889918673,0.8598449111157211,0.866063834091773,0.7910928676262715,0.49955270706649413,0.39245758459730173,0.001754761971948817,0.4541842192867141,0.45834589219226296,0.5376297394266497,0.4617725081548185,0.001232740741832453,0.5279810218248919,0.3596819939998333,-8.424380238892455,-6.715106117365972,1.3636347422311397,8.597092919152487,14.450133761203853,19.958997684510436,22.48815766019262,21.440681291878008,16.62077760126806,9.14972355942857,0.9229534513386838,-7.872213304725521,7.665037750678975,2.6664055630706263,3.4056369725232747,2.2568534636629214,2.484308619146068,1.4331133044109152,1.6408196159566613,1.1891423888908506,1.715862954784912,1.804646582906902,2.222803736826646,2.9065595785457465,3.694075177971108,2.2850189962857144,21.17456750417336,14.503442126744785,43.35420010833066,59.11567683048153,92.19472088362761,114.62951668192619,87.91624754826645,115.11082577980739,100.28187979298556,50.702068840160514,43.9046370611236,30.70247904670947,64.46585518324237,10.207725037905297,8.539637063531302,26.064368538940613,23.855077470465492,27.778995218121995,56.385163882199045,41.461752511653295,49.664042045216696,58.78805911154093,23.779610029454258,28.127325436388446,22.42049713995185,31.422687791573036,-5.588888888666666,-1.2666666666666666,3.3407407406666665,9.318518518666668,15.285185183333331,21.388888886666667,22.01481481333333,23.111111113333337,17.692592593333334,11.592592596666668,1.2259259256666666,-5.485185184999999,9.385802469666668,2.9738349073333334,5.237998202,2.0878104706666667,2.3179184026666664,2.345048465333333,2.378350342666667,4.138252878333333,3.202735502666666,1.8005771203333334,2.515034196333333,3.5918807759999996,4.286842512,3.0730236483333333,11.133333333333333,12.807407406666666,32.58888889,58.111111109999996,95.30740742,87.10000000000001,49.01111111,73.81481481666667,49.722222223333326,39.944444446666665,28.311111110000002,11.699999998,45.79598765666667,5.360607496333333,10.330376518333333,25.091970223333337,38.735934533333335,42.30118808666666,62.04616256,33.363201983333326,40.22989321666667,39.637478783333336,22.498467446666666,20.851214703333333,6.446260458666667,28.90772966666667,1386.26,1882.6399999999999,648761.7899999986,477709.93000004004
"Keweenaw Bay Indian Community, Michigan",0.09878936465459412,0.18248612581227136,3.06126398629664,1.05758707024624e6,0.14815519240857197,0.19350437532785894,3.281464417528541,694037.6384049678,0.9012106353454059,0.8175138741877286,0.851844807591428,0.8064956246721411,0.4317077361177046,0.40170457027318235,0.0011247616971193732,0.26333307449967097,0.38266987436333066,0.3080354822853061,0.3010273966300051,0.0010000000000000009,0.17698826921915167,0.2778520819974505,-9.734872360570389,-8.711923676024309,-0.5680936311736363,6.549747317409186,12.847720231760556,17.806455520486352,20.621509604924398,19.564971876840307,14.47748831937147,7.627440290805671,-0.22547940473317707,-8.868104880522298,5.948904934032394,2.326114788199724,2.7448864758432996,2.47948844031588,2.1049116357309154,1.3678572305440764,1.719794411335625,1.1735487034475827,1.4239955978887813,1.928226855471491,1.9023555008703206,2.8729587434269797,4.042441970562991,2.17388169612071,22.358181465756566,15.417047854327077,37.65635687188623,51.54611587171172,82.12154335375646,122.02563039578645,96.71157579956864,122.10100596091822,120.45910954517535,74.25682718998968,51.330640358913485,30.476751903199286,68.87173221468841,14.271623114677627,7.721902422807375,20.58962822381537,18.10683540815221,24.864075383288505,43.003326547686854,45.30809403291578,50.26293562227675,60.65485624180522,33.27754088818566,29.327909110668887,21.911538209424247,30.77502210015726,-10.75313311811417,-9.937411021344342,-2.879549978121383,4.166432762316812,10.95053524469786,15.44806523751297,18.703982565785022,18.060411353563488,12.539935594371975,6.385231445046881,-1.0276152170924295,-8.853728788220348,4.400263006951593,2.506680883580614,2.765941399948119,2.281161490533703,2.0076373850565865,1.6810891340704839,1.9806895500776087,1.7796305207549035,1.485788987018354,2.415556752487656,1.461979543438165,3.2949389568682816,4.853760250431289,2.3762379047199986,35.58576163736755,30.20059258127496,44.63092261941302,52.431933817294684,71.38305773289046,102.15695114690898,93.88035300707405,90.18707922763582,115.6750559466517,88.14417470345603,62.042219259899134,52.93329358528733,69.93761627377677,16.407084843324828,25.354934532082506,27.855496099768377,30.00023377297153,23.69456030893643,36.88062411008019,25.390481260745887,35.905235220854514,49.971600303144655,31.89544116199768,28.665717609829798,34.29182700569809,30.526103017769962,50436.79,68496.54000000017,648761.7899999986,477709.93000004004
Pala Band of Mission Indians,0.10928135505605374,0.14997772359545158,3.3555157190983325,4.884107876714959e8,0.096,0.126,3.5200000000000005,1.88159e8,0.8907186449439463,0.8500222764045484,0.904,0.874,0.2167386221409998,0.2167386221409998,0.09811135589319607,0.1513334116366629,0.06576071316681475,0.1510246660490926,0.1510246660490926,0.05379842009024991,0.05402160314505566,0.04436310875907828,10.624444444968422,10.717543859684211,11.612631579473682,13.03707602305263,14.510409355578945,17.80397660968421,20.071812863999998,20.76959064568421,18.939649123578945,16.74397660505263,12.425146197894737,10.248654972378946,14.792076024631578,1.7638285988947366,2.397737005168421,2.3383380335578945,1.5558456973263155,1.7374868885578947,2.4823090963578944,2.956316013210526,2.4367535268315788,1.826381912642105,2.070231527410526,1.839344024968421,2.048872803568421,2.121120427568421,97.8518128496842,115.42339179431578,77.70994152136842,31.648070174526314,16.95391813105263,2.2366081872105257,4.614502923863157,3.485847953252631,4.246081871031579,17.899415206315787,24.556140351578946,48.280116961263154,37.07548732894737,89.85606654863157,115.53350675410528,79.78315367347368,23.714211169368422,16.11267836073684,3.644691574736842,6.056278726221052,4.603434900105263,7.669835798242104,22.545205679368422,36.94008107536842,66.27502843757894,39.394514390947364,10.322222222999999,10.305555553999998,12.27222222,13.41111111,15.872222220000001,20.88888889,24.161111114999997,23.327777774999998,21.97777778,17.005555554999997,13.149999999999999,10.4722222215,16.09722222,1.5780382245,3.8974225380000003,2.5306205705,2.6841708049999995,3.0702047619999995,3.8357855585,3.351976011,3.1157073935,3.8651993005,3.3688169199999995,1.68748694,1.7039164195,2.890778787,118.86666665000001,94.4,57.6,30.800000000000004,15.33888889,3.6722222225,6.25,11.1944444445,3.9055555555,13.377777774999998,25.43888889,31.205555555000004,34.337499995,113.25834290000002,83.87757212,56.48737995500001,17.05426811,16.442705095,5.19887175,5.462320551000001,21.58153997,4.9573689045,16.443657815,46.213552575,57.7911307,37.064059199999996,480.0,651.88,648761.7899999986,477709.93000004004
Bridgeport Indian Colony,0.13099999999999998,0.211,3.3800000000000003,3.991e6,0.085,0.12000000000000001,3.25,665000.0,0.869,0.789,0.915,0.88,0.09087134122335193,0.09087134122335193,0.0009999999999999998,0.03893431530573972,0.0009999999999999998,0.0130622601030926,0.0130622601030926,0.001,0.003,0.001,7.0237147593134335,8.148590381432836,8.031674958208955,10.454394692686568,13.011442784925373,17.057048097313434,18.354560530149254,20.400829187462687,16.096019901641792,13.788888889999999,8.5550580430597,5.505804312164179,12.202335544626866,3.0584479933880595,2.2511943242238805,2.153345724686567,1.547696338044776,1.5677729764328359,3.4351296253283583,2.4538744873731346,3.6224038645074628,3.603321549343284,4.363039206,2.4550151092388064,2.6351838388955224,2.7622020865820893,234.04145936417913,274.54228854626865,167.34958537313432,104.68358208955223,91.2466003361194,53.176948589253726,17.786069650597014,29.15555556,32.45273632119403,173.19369817611943,220.1278606850746,260.85505805970143,138.2176202492537,134.0671544880597,135.93306823880596,88.70099327119404,83.87141281746268,61.627075818507464,31.658898632537316,14.67569270358209,48.77914798,46.45895711343284,147.8791048268657,208.52340062985076,151.7144255746269,96.15744434044777,0.166666667,1.044444444,2.466666667,5.688888889,9.355555556,15.03333333,19.65555556,18.26666667,13.93333333,9.0,2.488888889,0.044444444,8.095370371,3.035621847,2.980398929,4.299127819,3.122676914,3.570403027,4.891574389,3.6421529040000005,3.45,4.016528352,2.278705773,1.9877402020000001,3.148853407,3.36864863,165.0444444,112.74444439999999,93.67777778,44.67777778,45.77777778,13.43333333,28.73333333,13.73333333,17.17777778,35.0,52.8,98.77777778,60.13148147,99.7513297,60.9154765,53.92700571,30.54168372,30.68488137,18.00909492,29.51325973,15.0109127,21.56877244,36.74870746,36.6005806,78.79441252,42.67217645,160.0,217.3,648761.7899999986,477709.93000004004
Te-Moak Tribe of Western Shoshone Indians of Nevada (South Fork Band),0.130995113586396,0.213991448776193,3.3166534326298227,801350.2321803805,0.1,0.169,3.35,2.969e6,0.869004886413604,0.786008551223807,0.9,0.831,0.14934540200824248,0.14797682579655094,0.009554632551542153,0.09727869081154775,0.030502512468639702,0.13243735579197538,0.13188436024351574,0.0011059744624978525,0.047199715001221595,0.019613209515739614,6.045094639568272,7.955801184928481,8.988166450111835,10.605273803773736,13.21691951944084,15.917367433237976,18.61388527578674,18.30710879885566,16.958532003081928,12.778630256449942,7.200274526716518,6.040369888745126,11.885618649375813,4.041637372711315,2.607826379533161,2.3618532966436936,2.4168710012392722,2.4493675294889474,3.4548656401443445,3.706105893016907,3.3109676690793255,2.4416474276319904,2.1058192479778937,3.1953400174811457,2.3448008148192456,2.8697585242548773,212.1482878110533,115.9799884444734,181.06318451794544,116.7556277948635,81.98867215674903,43.30832249862161,10.967880363906376,14.251900014980496,42.245845976723025,107.94951596620291,179.75184220624192,233.8149833803642,111.68550426836154,162.84917315136545,75.82423064964892,83.86991063001301,57.37429251219768,50.00210325031211,30.306906378608595,13.183588074927178,17.343852890000004,31.56667698720417,91.83515783572177,98.85185684928481,150.20464663263985,71.93436632039014,-1.9,1.822222222,2.8,7.844444444,10.7,15.822222220000002,21.15555556,19.68888889,14.45555556,8.811111111,0.7,-2.766666667,8.261111112,2.253885534,5.150674174,2.151162476,3.39452173,2.74271763,2.279132389,2.56861398,2.345977645,1.926208135,4.361606483,2.46221445,3.451086785,2.923983451,46.56666667,29.85555556,35.63333333,30.24444444,47.62222222,21.73333333,12.77777778,15.011111110000002,11.9,23.64444444,34.06666667,43.01111111,29.33888889,25.27602619,24.18434985,17.3223122,14.51353774,29.59661204,14.13665448,10.73799071,24.21804309,10.10816502,24.80761532,17.828839,27.92250188,20.05438729,1440.0,1955.6399999999999,648761.7899999986,477709.93000004004
"Cheyenne and Arapaho Tribes, Oklahoma",0.10321863153011669,0.13461349683063964,3.4060929614268987,1.4957595475868566e7,0.13677236586555203,0.20217334217071342,3.156578760838335,1.5272433055836668e6,0.8967813684698833,0.8653865031693604,0.863227634134448,0.7978266578292865,0.18087939163609876,0.17116374184335953,0.003124335689305414,0.1464510011714229,0.07859290488321476,0.39498500458260405,0.34494755924720977,0.2599588677240644,0.38308808163069863,0.3156539787317898,-2.7075743692361165,-0.8432960723587126,3.003249648730344,7.6969916313801505,11.621461730858156,17.8006199990874,20.265041843075863,20.61742715783671,16.31055830402145,8.741084844757285,3.1152373098441406,-2.8186549385497517,8.566845590837268,3.0872159899109377,2.998533160699562,3.2677785439835043,2.9964812121011537,2.9535075847504104,3.106578951283397,2.7072945441074756,3.28555434634167,2.9862186487820224,2.378316707477734,4.739456514528309,4.035257661808681,3.21184948889225,26.13940809987656,21.197058823939514,34.655537229626155,40.62852605234742,63.383217274694886,46.635168895920806,53.988293323290286,44.68333944238589,32.16076293464267,32.57701728556071,27.93810701803466,16.900800195000826,36.74060304802365,21.949999694462306,19.377032613505204,17.189991874699835,21.463709822724024,34.58584271543707,33.860258669359524,37.85156842000822,24.00844919250411,24.202010199109395,23.785924392256735,22.362320349443085,11.418297337986806,24.337950441061036,3.7216049382777783,5.654938271722221,10.530246913500003,15.441358023333335,20.147530865000004,26.02283950611111,28.190123457777776,27.978395062222223,23.793209877777777,16.544444445555555,9.688888888666664,3.683950617222223,15.949794238333332,1.7780730636666668,2.691535571,1.1515593669444446,1.2440872374444445,1.4254032939444445,1.6058676677777775,1.3382674735,1.3812999814444444,1.5759166818333337,1.2395499622222221,1.9788032957777772,2.218851296333334,1.635767907722222,37.012962963888896,31.822222221666674,66.03580246888889,66.7555555561111,123.81049383666668,109.18765432333336,71.29814814777778,66.23950617333335,57.67716049333333,64.45925925888888,33.97654320888889,27.883950617222222,63.0132716061111,18.416155467777777,25.44570710222222,40.020803395,29.728565123888888,87.35408192944443,59.314357512777775,46.90013063777777,51.08409871388889,43.92051316944444,43.661192018333324,32.540366688333336,22.33534570388889,41.72677645611112,14186.779999979994,19266.640000000014,648761.7899999986,477709.93000004004
Standing Rock Sioux Tribe of North & South Dakota,0.07750405494622128,0.13415560125955261,3.1643436420888764,765536.2228276304,0.19660396100492977,0.28873336944568034,3.0119856445221775,421744.5397985314,0.9224959450537787,0.8658443987404474,0.8033960389950703,0.7112666305543196,0.4240420778803269,0.32695285912205413,0.002160661200752339,0.35647883959172183,0.40430426825594695,0.24901308240894326,0.24333965906758695,0.0016292554997355965,0.21023987505907726,0.09310798717700283,-8.975163398588233,-7.627450980470588,0.888888889,8.154248366117647,14.28104575352941,19.524183010588235,22.054901961764706,20.990196079411763,16.08562091647059,8.776470588117647,1.0019607846470588,-8.28366013052941,7.239270153294119,2.5223539149411764,3.642622391352941,2.465057896529412,2.665844613764706,1.512209434,1.648228119882353,1.3042284459411764,1.8019041882352944,1.7725604445294119,2.5550615679411766,2.5368361094705882,3.6156496246470593,2.336879729058824,25.65816993352941,16.528104575294122,45.744444445882344,58.88235293823529,92.82875816882351,124.44444447058827,93.9660130717647,129.2065359882353,112.66470588235295,54.322766882500005,47.786655774093134,38.024863836911756,70.00481799625,10.607724834705882,8.897867931058824,24.12425493117647,17.19957437235294,22.27839490235294,56.67037465117648,41.49086433470589,54.53713438941177,58.79374870764706,25.429549075490197,27.292312976911766,27.003630829264704,31.193785996421568,-7.977777777846156,-3.5589743589230776,1.1299145299230775,7.672649572615386,14.052991454615388,19.577777778461545,21.643589743846164,21.691452992307692,15.820512820769235,10.452136751692313,-0.3794871794615386,-6.279487179538463,7.820441595692309,3.148746153538462,5.101009452230772,2.551595016615385,2.192351214615385,3.1970336226153857,3.6523519967692315,2.7201668636923086,2.3584129533846157,2.0781870788461547,4.879650718153847,4.261939213153848,6.376845542769232,3.543190818846155,8.037606838000002,11.82307692261539,21.929059829230773,31.949572649230774,71.98119658076926,83.56495726384617,55.70683760615386,38.34871794846155,30.78632478615385,36.91709401846155,29.32820512846154,11.872649572615389,36.020441596923085,4.668579175153847,9.807308433461543,16.857629422307696,19.42251924692308,43.30957074615386,37.9590724023077,29.545971496153854,22.03413740461539,22.644222633076932,22.920370564615396,49.15807749538463,6.585355129846156,23.742734513076933,906.26,1230.77,648761.7899999986,477709.93000004004
Jackson Band of Miwuk Indians,0.13133184744660692,0.19561052780952656,3.3121403620793934,2.5302323034808755e7,0.109,0.175,4.2,2.919e6,0.868668152553393,0.8043894721904734,0.891,0.825,0.26237295558021834,0.2617447643029633,0.1298907891736464,0.15117218778814406,0.08765236772618591,0.3139065766335078,0.3139065766335078,0.04253848337588654,0.06788229831573926,0.10093728003132255,7.427394218378807,9.319565568618088,10.92843588539607,13.938602229562479,17.199392361230004,20.934314437169316,23.90984536438405,23.320815164176942,20.611020267750696,16.698362807745255,10.019301113946208,7.44344113381358,15.145874213284866,2.7979220872180184,3.4713963276402584,2.52573739402925,2.4103464661422582,2.136799943374453,3.170097252631356,3.041318455079759,2.120479562332848,2.9549259458875325,2.928402600091203,3.4447621518253957,2.3457874112716173,2.7789979664734723,128.5393834767731,77.90635295392255,77.7429505798219,45.583987402707045,22.470187338034158,6.778159318625537,4.334312419169687,6.9429990312836125,6.621709463565941,25.706112726778677,42.47608204201124,97.67289446545412,45.23126093559044,103.50405589251079,64.69883190147338,65.88654106778151,30.2680692280505,17.92059040569873,8.033721273791054,6.830379464536333,9.190148441512543,8.535032892546322,28.975707220158043,46.451745428753576,85.77622178014161,39.67258708260534,5.322222222,8.1,8.244444444,11.96666667,14.98888889,20.6,23.96666667,22.65555556,19.32222222,15.56666667,8.188888889,4.688888889,13.63425926,3.119606457,2.426417112,4.209249075,3.646230931,3.383210178,3.55,3.282910294,2.662288072,3.845704675,2.82931087,4.434648928,5.461328695,3.570908774,168.1111111,117.4444444,116.1666667,59.31111111,40.95555556,9.222222222,5.488888889,4.111111111,6.633333333,37.94444444,56.41111111,116.7222222,61.54351851,113.4942669,101.6663798,100.0820788,42.32282022,27.77535378,9.170302309,9.683419391,7.042095648,8.769549589,46.13166242,59.55846801,121.4112616,53.92563821,12597.910000000003,17108.870000000028,648761.7899999986,477709.93000004004
Sac & Fox Tribe of the Mississippi in Iowa,0.08521778812817647,0.1333508892344061,3.0026771878169516,1.5072208651402548e6,0.089,0.146,2.86,742000.0,0.9147822118718235,0.8666491107655939,0.911,0.854,0.7583246016082449,0.6606150687176597,0.0009999999999999961,0.7349751449311366,0.7334368247930592,0.5471746797911756,0.4255116988633711,0.0010000000000000005,0.4407211511876534,0.5382937960365421,-7.729343756860071,-5.89972579560988,2.10416557280345,8.955716966688815,14.732473769995643,20.707726339884495,22.710098887567174,21.650265940544358,17.086715673453263,9.542298454984953,0.8938790193616012,-7.37964275654696,8.11455235961512,2.712253930866719,2.948402081392671,1.8829984381714369,2.066106652927016,1.5027431017708954,1.5698099010123425,0.923048525144396,1.3704522620259907,1.8065553494775557,1.6784293307743956,3.500237569524816,3.868678235568221,2.1524762816468033,14.297354220572338,11.885925147165498,42.695256845839744,62.759065759302565,103.98135409283373,118.33688535668173,93.37742967574005,104.1773898253051,85.2321383083154,44.995855817691485,30.82779285050234,20.850541115835313,61.118082419080274,8.292354004901986,10.73085685632625,25.915527087490176,37.50389382814651,37.430727695699716,59.27203556450699,53.566942895568516,46.82468200788051,52.159986987510266,16.535572901058035,27.849770903125123,18.691828981603233,32.89784830970687,-6.2944444445,-3.900000000000001,3.5,11.77777778,15.66111111,21.37777778,23.005555555000004,23.21111111,17.4,12.594444445,3.6388888889999995,-5.4444444445,9.710648149,2.8703157630000002,6.7717088604999995,2.253520582,3.1569618415,2.8850721604999996,1.7800995355000002,3.138000564,2.420572832,2.069651141,3.098463133,4.577746697,5.638608305,3.3883934515000003,28.35,42.61666667,53.044444445,66.388888885,97.9388889,136.64444445,116.46666665,85.56666667,76.422222225,47.105555555,46.96111111,31.766666665,69.10601852,10.077731561000002,52.79562521,47.132971135000005,42.737579505,41.319579805000004,54.120409695,55.897962314999994,34.315349485,40.16593805,32.580892215000006,21.917136005,20.972074079499997,37.83610409,25044.92,34012.6200000001,648761.7899999986,477709.93000004004
Oglala Sioux Tribe,0.07750405494622128,0.13415560125955261,3.1643436420888764,765536.2228276304,0.2343782794133746,0.33807302680020096,3.2055426895083468,1.1801196880421687e6,0.9224959450537787,0.8658443987404474,0.7656217205866254,0.661926973199799,0.4240420778803269,0.32695285912205413,0.002160661200752339,0.35647883959172183,0.40430426825594695,0.2635445815795166,0.24606164961550378,0.0015801131312891778,0.2341996634159017,0.12385060380846473,-8.975163398588233,-7.627450980470588,0.888888889,8.154248366117647,14.28104575352941,19.524183010588235,22.054901961764706,20.990196079411763,16.08562091647059,8.776470588117647,1.0019607846470588,-8.28366013052941,7.239270153294119,2.5223539149411764,3.642622391352941,2.465057896529412,2.665844613764706,1.512209434,1.648228119882353,1.3042284459411764,1.8019041882352944,1.7725604445294119,2.5550615679411766,2.5368361094705882,3.6156496246470593,2.336879729058824,25.65816993352941,16.528104575294122,45.744444445882344,58.88235293823529,92.82875816882351,124.44444447058827,93.9660130717647,129.2065359882353,112.66470588235295,54.322766882500005,47.786655774093134,38.024863836911756,70.00481799625,10.607724834705882,8.897867931058824,24.12425493117647,17.19957437235294,22.27839490235294,56.67037465117648,41.49086433470589,54.53713438941177,58.79374870764706,25.429549075490197,27.292312976911766,27.003630829264704,31.193785996421568,-4.287301587357143,-1.9968253968571426,2.7373015873571425,10.40079365142857,14.165079365714284,19.768253969285716,23.093650793571424,22.379365077857138,16.79285714357143,11.993650793142855,3.015079365142857,-3.095238095357143,9.580555555500002,2.466123612142857,7.431384616928571,1.780969235357143,5.133897429214285,3.8240310591428566,2.637888712857142,2.2991002115,2.381338069642857,2.1859548923571426,4.927077857357141,6.495719883999999,5.741572211785714,3.9420881494285713,8.830158729785714,19.018253967142854,30.927777778571425,54.44126984071428,83.76349206214284,84.8642857142857,72.19126984214284,48.51746031714285,38.13888888857143,33.47857142857142,26.603968253571423,14.29047619,42.92215608428571,7.397241985642856,29.82847995292857,24.216496691499998,34.257127035,42.77488848428571,38.59292840285713,47.100911791428565,32.41546249571428,44.040863218571424,21.03255227785714,35.32693366207142,14.476015440928572,30.95499178714285,906.26,1230.77,648761.7899999986,477709.93000004004
"Lower Brule Sioux Tribe of the Lower Brule Reservation, South Dakota",0.07750405494622128,0.13415560125955261,3.1643436420888764,765536.2228276304,0.12544701429835634,0.2157886662123754,3.325198553503463,271021.0134944686,0.9224959450537787,0.8658443987404474,0.8745529857016436,0.7842113337876246,0.4240420778803269,0.32695285912205413,0.002160661200752339,0.35647883959172183,0.40430426825594695,0.2625991491668865,0.25400370052737736,0.0010037010502000107,0.2293245983628374,0.12178972843338298,-8.975163398588233,-7.627450980470588,0.888888889,8.154248366117647,14.28104575352941,19.524183010588235,22.054901961764706,20.990196079411763,16.08562091647059,8.776470588117647,1.0019607846470588,-8.28366013052941,7.239270153294119,2.5223539149411764,3.642622391352941,2.465057896529412,2.665844613764706,1.512209434,1.648228119882353,1.3042284459411764,1.8019041882352944,1.7725604445294119,2.5550615679411766,2.5368361094705882,3.6156496246470593,2.336879729058824,25.65816993352941,16.528104575294122,45.744444445882344,58.88235293823529,92.82875816882351,124.44444447058827,93.9660130717647,129.2065359882353,112.66470588235295,54.322766882500005,47.786655774093134,38.024863836911756,70.00481799625,10.607724834705882,8.897867931058824,24.12425493117647,17.19957437235294,22.27839490235294,56.67037465117648,41.49086433470589,54.53713438941177,58.79374870764706,25.429549075490197,27.292312976911766,27.003630829264704,31.193785996421568,-6.6511111110000005,-2.5777777778,2.3800000002,9.037777777599999,14.068888888,20.168888886,23.648888890000002,22.937777778,17.726666668,10.437777777600001,1.2511111110000002,-5.1711111112,8.9381481482,2.9040852360000007,4.127870844199999,2.1955847168,2.1101192679999996,2.2482746886,1.3262483081999998,1.7615334176,2.5884845136000005,1.8266165951999995,1.39398377,4.620896083000001,6.0543816453999995,2.7631732571999996,13.102222222,9.573333332999999,28.102222219999998,49.237777775999994,84.777777778,94.20666666399998,60.584444446,59.451111108,41.419999999999995,39.486666666000005,28.448888888,17.844444444,43.852962962,10.7381706596,5.886845276600001,16.644757975999998,33.72325401,48.694043056,42.962219049999995,32.075563247999995,32.934912626,30.4748084,32.842185408,42.19868365799999,21.5473887902,29.226902682,906.26,1230.77,648761.7899999986,477709.93000004004
"Minnesota Chippewa Tribe, Minnesota (White Earth Band)",0.0982181564877468,0.17876660243952983,3.0306031211692037,1.209196632417013e6,0.11834742200013683,0.1993088046107159,3.207511621293201,919555.8172685613,0.9017818435122532,0.8212333975604702,0.8816525779998632,0.8006911953892841,0.4445280873412779,0.4101436149287234,0.0009998049670924614,0.2842514198104537,0.4055074677708436,0.5055306152521707,0.45602032210137156,0.000999207007893245,0.4437247194878268,0.41562371204401255,-10.052601727797807,-9.184078343828826,-0.9054054216006727,6.396336610104358,12.827259159973774,17.813890378248797,20.47162972891235,19.45394697679684,14.286564493258739,7.46625081921037,-0.3689886804703761,-9.186398272398074,5.751533810043368,2.3322575681287994,2.707791001268718,2.473316519029552,2.1461508032094647,1.3947388195212622,1.7523186351522295,1.0793666088013976,1.36077699992169,1.9189727187241075,1.9206269410746941,2.9699309586935283,4.120982607618992,2.181435848432099,22.106660411922824,16.01534912172794,38.336307715524775,49.87228746050925,81.32013404784429,119.91926332367245,99.90132856595477,119.7658724994941,118.10117425450667,73.96980190699468,52.61158266258347,32.17374977585075,68.67445931275621,12.469015145654732,8.028292783114447,22.371028900953483,18.48821055403032,28.322401869096574,42.6067925005336,44.7883337412696,47.63167909031641,55.523441132557764,32.709445233732026,30.78637645630512,22.92626810773527,30.554273792846125,-12.719444443750001,-9.461111110500001,-0.16527777775000005,6.290277777749999,12.791666665000001,18.47499999875,20.343055555000003,19.966666667500004,15.605555552500002,6.9680555557499995,-1.161111111,-10.1888888875,5.56203703675,2.74577422325,4.55455111975,5.240869173875,2.6607747827500003,1.63897104,3.0741594869999997,0.8473364478750001,2.32647564075,4.0102699545,1.949229490875,5.5407228365000005,7.124164336749999,3.4761082113749997,27.3375,13.606944446249997,28.788888890000006,46.95833333375,76.87777777625,110.23888888625001,109.94583333374999,94.61111110875,68.92499999750001,62.016666667500004,48.20833333375,29.8805555575,59.78298611249999,32.96237615175,4.400743563125,17.506284631249997,40.588957093750004,53.15299063999999,36.926364843749994,69.27872562124999,34.25627289125,33.912939962500005,24.699866487500007,42.04676240125,30.078967835,34.984271012499995,72920.47000000997,99030.84999999941,648761.7899999986,477709.93000004004
"Red Lake Band of Chippewa Indians, Minnesota",0.09918097637607574,0.18414564968013436,3.050220699047519,1.0329753423851428e6,0.11507606487772835,0.19397422746647938,3.0991888017268265,2.0500151232760958e6,0.9008190236239243,0.8158543503198656,0.8849239351222716,0.8060257725335206,0.4423342286282805,0.41123683489626706,0.001000000000000002,0.27006429988808833,0.3959681311420529,0.395259166697987,0.3540487022656854,0.0009995721386098493,0.2911338326121937,0.26578617438860946,-9.926986825601126,-8.964446063690456,-0.6692700393439249,6.569796291050843,12.948256396938396,17.915561762167336,20.663540640054585,19.63286150659957,14.510438679755476,7.6268316489205645,-0.20650168455414278,-9.03997130347199,5.921675917384606,2.3020577496647343,2.7577828330376843,2.49551775981957,2.1306763669996736,1.364906905501716,1.7196915962736459,1.1177545653232779,1.4100863676249002,1.9010390739580578,1.9015033572855053,2.8477716067012855,4.095694215110337,2.170373533090833,21.651238492655903,15.468500452496434,37.885639172174564,51.94752234446171,82.3095026692076,124.25436180520492,99.41422183893309,125.6258758391204,123.74582258606698,75.68209124467695,52.301385795505354,30.875447875697198,70.09680084351572,12.211920638209916,7.626224491293748,20.701195996644085,17.969905262235308,24.457784658425243,43.29311899565714,46.411930903382505,51.43472525307684,62.109642476051015,33.759006633304786,29.9174194772019,22.048022531868565,30.995074776134423,-13.377083334375003,-10.441666666187503,-1.1722222221875003,5.497916666750001,12.163888888125005,17.589583333750003,19.738888887500003,19.050694444375008,14.422916667500004,6.118055555500002,-2.0027777778125007,-10.886111111187505,4.725173611125001,3.239558577000001,4.740151681437502,5.836849206437501,2.3525969980625003,1.5385293032500005,3.2169396236875016,1.1358766636250002,2.491901402562501,4.436559044,1.8667898656250006,6.085544290312502,8.940832229000003,3.8235107405,34.59791666812501,16.013888888750003,26.490972223125006,45.418055554375,74.53750000000002,112.1305555625,96.08819444000005,109.20972222562506,70.80486111062501,60.79305555625002,54.77152777812503,34.51458333250001,61.28090277937501,44.884765284312515,5.460241235687502,18.683556993937504,40.33953910437502,40.998640076875006,40.98043222687502,47.935730132500005,50.540682818750014,37.25651293500001,29.321915353750008,39.608405002500014,38.32811582325001,36.19487808187501,48362.53,65679.54000000017,648761.7899999986,477709.93000004004
Coyote Valley Band of Pomo Indians of California,0.13062567126563876,0.18616694215093998,3.567620885384804,9.700231345288238e6,0.135,0.19400000000000003,3.53,7.022e6,0.8693743287343613,0.81383305784906,0.865,0.8059999999999999,0.42359421401993613,0.4139662351874082,0.23246814113964737,0.18080352552762752,0.26063158921842566,0.6672183321578524,0.6672183321578524,0.4571537900777639,0.4645744995183756,0.5061626625970759,7.9824486614323416,9.982884121770631,11.00620186969802,13.205835166687297,15.87436743681105,20.463650531930696,22.33788503724836,22.224032819917497,19.67146589766089,16.694980748382836,10.502021451544142,7.760822332292076,14.808883007054458,2.0416555908898513,2.0038045636101476,1.9763350723094069,2.5652594839092395,2.0213791746138607,3.130668352561881,3.1155523021460385,2.890936766194718,3.1919144104958743,2.124963985310231,2.0770458929987616,2.0272004835280537,2.4305596732533004,158.4238081997236,125.20183809759493,110.89007610429046,59.18857260697194,44.4328566185561,9.390901174188944,3.038902640165428,1.6331820679529705,6.949041987420795,39.70547304912129,59.13424092495459,149.0970067851031,63.92382502095709,112.7285559911881,97.56816606112622,106.93918475063941,47.85944963224834,35.0391754613655,11.53479661234076,5.494049680108498,3.750526068755362,8.952761375649754,41.91481234978548,52.72297567900165,127.49866524464927,54.33359324174093,7.4,8.177777778,8.911111111,10.86666667,13.688888889999998,17.73333333,20.48888889,19.71111111,18.14444444,14.22222222,8.844444444,7.044444443999999,12.93611111,1.2,3.23565209,1.328010207,1.532155345,1.501203221,1.637833935,0.633333333,1.057644133,1.335207017,1.8191878529999999,1.694189416,1.7826322609999998,1.563087401,219.0222222,147.1222222,138.8333333,65.76666667,51.67777778,18.94444444,5.155555556,7.1222222219999995,12.06666667,45.37777778,69.15555556,207.1222222,82.28055555,171.935764,106.960025,140.7269253,44.58158252,37.25710596,21.26470733,10.01550187,16.01903382,17.54985755,47.11127195,56.634024909999994,188.2531393,71.52574496,5299.37999999,7196.900000000001,648761.7899999986,477709.93000004004
Saginaw Chippewa Indian Tribe of Michigan,0.09918097637607574,0.18414564968013436,3.050220699047519,1.0329753423851428e6,0.13899363584647279,0.1340288262128662,2.770181553006367,4.622436133448231e6,0.9008190236239243,0.8158543503198656,0.8610063641535273,0.8659711737871338,0.4423342286282805,0.41123683489626706,0.001000000000000002,0.27006429988808833,0.3959681311420529,0.5336696558646482,0.46853341867930126,0.0009888662243202062,0.4398799739291396,0.5230238268775373,-9.926986825601126,-8.964446063690456,-0.6692700393439249,6.569796291050843,12.948256396938396,17.915561762167336,20.663540640054585,19.63286150659957,14.510438679755476,7.6268316489205645,-0.20650168455414278,-9.03997130347199,5.921675917384606,2.3020577496647343,2.7577828330376843,2.49551775981957,2.1306763669996736,1.364906905501716,1.7196915962736459,1.1177545653232779,1.4100863676249002,1.9010390739580578,1.9015033572855053,2.8477716067012855,4.095694215110337,2.170373533090833,21.651238492655903,15.468500452496434,37.885639172174564,51.94752234446171,82.3095026692076,124.25436180520492,99.41422183893309,125.6258758391204,123.74582258606698,75.68209124467695,52.301385795505354,30.875447875697198,70.09680084351572,12.211920638209916,7.626224491293748,20.701195996644085,17.969905262235308,24.457784658425243,43.29311899565714,46.411930903382505,51.43472525307684,62.109642476051015,33.759006633304786,29.9174194772019,22.048022531868565,30.995074776134423,-5.844444444,-6.211111111,0.47777777800000004,6.85,13.155555555000001,18.411111110000004,21.027777775,20.56111111,15.86111111,9.161111111,3.1833333335000003,-4.3722222225,7.688425925000001,2.6107389175,3.4453497285,2.806400843,2.316148878,1.6434470475,2.038067056,1.2321024194999999,1.5227663275,1.5710362475,1.8715594384999998,1.8671989985,2.7841852819999997,2.1424167655,44.755555555,36.544444444999996,39.866666665000004,62.16666666500001,79.13888889,83.27222221999999,73.02222222500001,93.594444445,95.05555556,72.71666667000001,86.005555555,47.077777775,67.76805556,21.083716084999995,23.640465085,25.28618533,24.935347065,38.084367895,33.92055921,18.265125245,33.45871754,34.82351091,35.32456457,38.420027479999995,21.01300144,29.021298990000002,48362.53,65679.54000000017,648761.7899999986,477709.93000004004
"Rosebud Sioux Tribe of the Rosebud Indian Reservation, South Dakota",0.07750405494622128,0.13415560125955261,3.1643436420888764,765536.2228276304,0.25894456424904105,0.34493884949538584,3.549961086499539,1.577496633617306e6,0.9224959450537787,0.8658443987404474,0.7410554357509589,0.6550611505046142,0.4240420778803269,0.32695285912205413,0.002160661200752339,0.35647883959172183,0.40430426825594695,0.31939540546512135,0.3168024862595672,0.0011247043683882982,0.26352988498320323,0.20973753105813772,-8.975163398588233,-7.627450980470588,0.888888889,8.154248366117647,14.28104575352941,19.524183010588235,22.054901961764706,20.990196079411763,16.08562091647059,8.776470588117647,1.0019607846470588,-8.28366013052941,7.239270153294119,2.5223539149411764,3.642622391352941,2.465057896529412,2.665844613764706,1.512209434,1.648228119882353,1.3042284459411764,1.8019041882352944,1.7725604445294119,2.5550615679411766,2.5368361094705882,3.6156496246470593,2.336879729058824,25.65816993352941,16.528104575294122,45.744444445882344,58.88235293823529,92.82875816882351,124.44444447058827,93.9660130717647,129.2065359882353,112.66470588235295,54.322766882500005,47.786655774093134,38.024863836911756,70.00481799625,10.607724834705882,8.897867931058824,24.12425493117647,17.19957437235294,22.27839490235294,56.67037465117648,41.49086433470589,54.53713438941177,58.79374870764706,25.429549075490197,27.292312976911766,27.003630829264704,31.193785996421568,-5.172222222333333,-1.2074074073333332,2.3833333333333333,8.944444444166667,13.424074073333333,19.714814816666667,23.32037037166667,22.20185185166667,16.97037037,10.416666666666668,1.8611111109999998,-3.9648148148333338,9.074382716166667,2.5847816688333336,3.859076044833333,2.166047912333333,2.2313711763333335,2.206646666833333,1.7154565334999998,2.1295233693333335,2.048883897,1.9439453094999999,2.0263024021666665,4.358471273166666,4.362388104166667,2.63607453,12.400000000666667,13.507407406666667,26.877777778333332,48.755555556666664,98.25740739999999,77.02962962833334,55.299999998333334,49.75000000166666,28.474074074999997,31.55,26.501851851666668,16.301851853333336,40.39212963000001,9.125158039166667,9.1589549715,10.768770737666667,29.170741449999998,69.15030809000001,36.44144978333333,25.921556355000003,29.94496387166667,20.786030219999997,17.751609051666666,28.985143865,14.634489197499999,25.153264636666666,906.26,1230.77,648761.7899999986,477709.93000004004
Confederated Tribes of the Grand Ronde Community of Oregon,0.14488443631590323,0.21781061462651502,3.2804090724902317,1.0595114045102686e7,0.11133206421880118,0.16516983945299707,3.3808682339829677,6.484871961505077e6,0.8551155636840968,0.7821893853734849,0.8886679357811988,0.834830160547003,0.3842257313479193,0.36860983354633814,0.0011149934013963466,0.2135479073520571,0.28147494906476495,0.43307982020641783,0.38514582882159737,0.0010000000000000009,0.30186771556228537,0.42288027800832795,6.647471155403982,9.137142405494306,10.353327012335702,12.142516199615926,14.828939463463723,19.105207840092458,20.667101312098143,22.63199778532005,19.197842579907537,16.01707760475818,9.61779674313513,7.377651335673538,13.977005951763868,2.852002088104552,2.887978987015647,2.658221039244665,2.465391553762446,3.301575170637268,4.010774297149358,3.3747112738947362,2.407798598341393,3.2439972505348504,3.0359832593961595,2.214639893608108,2.1489173589260306,2.883499231045519,175.81043148115216,115.18059902103842,107.54925714591744,72.78041726337125,50.24688636158608,16.083775881049068,3.06763078855832,3.3587482219431,12.89381223313513,51.200924609082485,65.61476213145802,186.87501973684203,71.72185540595301,139.6568414361308,91.53458933541249,82.30902508130868,58.063330132510636,35.41190953682076,15.922438404167846,3.9580929173954464,5.942333201767424,15.692684303165002,45.81042124850638,68.00476889423895,164.6127902909957,60.57660206376242,3.688888889,5.122222222,7.155555556,10.26666667,12.01111111,14.988888889999998,17.92222222,17.37777778,15.3,10.51111111,5.977777778,4.222222222,10.3787037,5.599206293,2.986125323,1.406334874,3.506779149,1.7531717289999997,3.335207806,2.81415075,2.347753063,1.385640646,3.286124026,3.124411056,2.673844506,2.851562435,222.56666669999998,144.4222222,142.8222222,89.33333333,70.64444444,66.87777778,18.16666667,20.71111111,46.05555556,120.93333329999999,203.6777778,253.3888889,116.6333333,103.84198329999998,82.00258804,33.72946701,48.28397766999999,33.79508511,24.02299824,22.71508309,16.21476522,25.47101839,55.11887154,99.68117647999999,108.7163447,54.46611323,3365.0700000300003,4569.999999999999,648761.7899999986,477709.93000004004
"Paiute-Shoshone Tribe of the Fallon Reservation and Colony, Nevada",0.13099999999999998,0.211,3.3800000000000003,3.991e6,0.126,0.181,3.4,1.736e6,0.869,0.789,0.874,0.819,0.09087134122335193,0.09087134122335193,0.0009999999999999998,0.03893431530573972,0.0009999999999999998,0.0341735986017964,0.029825658187605547,0.0009999999999999998,0.018394364525715624,0.0009999999999999998,7.0237147593134335,8.148590381432836,8.031674958208955,10.454394692686568,13.011442784925373,17.057048097313434,18.354560530149254,20.400829187462687,16.096019901641792,13.788888889999999,8.5550580430597,5.505804312164179,12.202335544626866,3.0584479933880595,2.2511943242238805,2.153345724686567,1.547696338044776,1.5677729764328359,3.4351296253283583,2.4538744873731346,3.6224038645074628,3.603321549343284,4.363039206,2.4550151092388064,2.6351838388955224,2.7622020865820893,234.04145936417913,274.54228854626865,167.34958537313432,104.68358208955223,91.2466003361194,53.176948589253726,17.786069650597014,29.15555556,32.45273632119403,173.19369817611943,220.1278606850746,260.85505805970143,138.2176202492537,134.0671544880597,135.93306823880596,88.70099327119404,83.87141281746268,61.627075818507464,31.658898632537316,14.67569270358209,48.77914798,46.45895711343284,147.8791048268657,208.52340062985076,151.7144255746269,96.15744434044777,2.5425298360376223,4.329558363867892,7.88071031990494,11.369867256585298,15.347721615933374,20.834635268744975,26.14563150224871,24.60400472216255,19.981131535246988,12.802106069304996,5.491339587831705,2.8517646307458357,12.84841672607984,2.8609480766657094,2.343262846905227,3.2105515562978177,1.8721701153012638,2.1934517078506603,2.122858057722286,1.5839349819494544,1.5236708710112006,2.2884590053294085,2.360364362020678,3.9723907829035046,3.1892260537762787,2.4601073681453194,17.801183865129236,17.496509031677196,14.966424148645892,20.854805667225737,25.55081690071798,8.316609228246698,12.48251004935382,9.448519369554855,6.569730040042218,11.446445207504308,12.724181508219415,17.24853532784032,14.575522531861,11.475660580255601,10.14096069607984,19.234158519035034,17.554546398380243,16.841534220893166,12.475342052946583,19.468453853446295,17.471598345901782,7.547168664542792,13.364846498391731,12.447381511137278,16.139133074562032,14.513398699767375,160.0,217.3,648761.7899999986,477709.93000004004
"Kaw Nation, Oklahoma",0.12599039935639503,0.18783430366198275,3.031725527669539,1.1645522712176514e6,0.1572025342021524,0.2475822789458459,3.078987237184675,3.812518868809298e6,0.874009600643605,0.8121656963380173,0.8427974657978476,0.752417721054154,0.5829694973055473,0.5482411947569651,0.027401638368485384,0.5399626673819896,0.5476942817920624,0.4384815857878812,0.39364080066475143,0.3051784800557644,0.41531873052694734,0.3356202459152568,-3.0933813270369948,-1.1333781588951652,5.900974810890751,11.57151770783472,16.547945335409903,22.889725337500742,25.69552220394079,24.629779247142473,20.198496245847167,12.88756204638324,5.011068676089115,-2.556178633469336,11.545804459601458,2.5759698540204408,3.1344177183652553,1.727597491767559,1.5837276195101657,1.622191449898798,1.5457976336754617,1.3054218649472897,1.8153495535732815,1.7919707302488501,1.3529136813104066,3.160388853589196,3.1836872713642563,2.066619476937779,22.936278686391372,21.472825429373184,51.983482902193444,56.62506536937238,111.24263948333036,113.68781427982977,100.7813886488733,95.00506800136296,77.00282581337127,43.570458926931856,32.9494177143408,25.326248770246973,62.71529283771153,11.609640512638327,17.11828144072923,24.494989303300137,22.799695460298675,67.62054637632205,37.710916750339976,35.901125283691975,44.33908174931705,61.28662858426128,31.94356822001146,24.910555489765116,26.40184842705037,33.84473980163345,2.6055555554999996,4.399999999999999,10.584382177196996,15.530817768049246,20.079351044203495,25.977777779999997,28.405555554999996,28.272222219999996,23.832782269493066,16.772222224999997,9.794444444499996,3.02125328770871,15.77303036317959,2.192049267,2.8467459364999996,1.375409552453774,1.3943296068574083,1.102995816433708,1.5461411084999996,1.4531096855,1.7075719259999997,1.517713316756704,1.3516941894999996,2.0105198664999993,2.7782618706972046,1.7730451788460666,43.32777777999999,47.822222225,86.69999999999999,88.02222221999997,141.86111114999997,149.3777778,106.43333329999997,94.77222222499996,76.67222222499998,73.87222221999998,49.67222222,44.81666666999999,83.61250000499999,25.989375079999995,34.83180871999999,47.60368078999999,40.102691695,81.49107882999998,76.73613896999998,58.851854724999995,64.37513860499998,49.79214945,50.7357575,47.12872787,39.522306015,51.43005902499999,83017.32000002003,112743.00999999896,648761.7899999986,477709.93000004004
"Moapa Band of Paiute Indians of the Moapa River Indian Reservation, Nevada",0.13099999999999998,0.211,3.3800000000000003,3.991e6,0.128,0.193,3.31,1.53292e8,0.869,0.789,0.872,0.8069999999999999,0.09087134122335193,0.09087134122335193,0.0009999999999999998,0.03893431530573972,0.0009999999999999998,0.04384992114807813,0.02785907901946148,0.027968929147709924,0.012151047392407362,0.0013076223985035325,7.0237147593134335,8.148590381432836,8.031674958208955,10.454394692686568,13.011442784925373,17.057048097313434,18.354560530149254,20.400829187462687,16.096019901641792,13.788888889999999,8.5550580430597,5.505804312164179,12.202335544626866,3.0584479933880595,2.2511943242238805,2.153345724686567,1.547696338044776,1.5677729764328359,3.4351296253283583,2.4538744873731346,3.6224038645074628,3.603321549343284,4.363039206,2.4550151092388064,2.6351838388955224,2.7622020865820893,234.04145936417913,274.54228854626865,167.34958537313432,104.68358208955223,91.2466003361194,53.176948589253726,17.786069650597014,29.15555556,32.45273632119403,173.19369817611943,220.1278606850746,260.85505805970143,138.2176202492537,134.0671544880597,135.93306823880596,88.70099327119404,83.87141281746268,61.627075818507464,31.658898632537316,14.67569270358209,48.77914798,46.45895711343284,147.8791048268657,208.52340062985076,151.7144255746269,96.15744434044777,4.833333333500001,8.5777777775,9.7111111105,14.07777778,19.749999999999996,25.994444444999996,27.66111111,27.005555555,22.733333329999997,17.677777775000003,10.65,6.5,16.264351855,4.7765262185,3.0679914040000003,4.3779993919999995,5.564739464500001,4.333569431,4.1681959795,6.614044380999999,5.763870188,5.475535214000001,3.8200734499999998,4.347764513,4.759230838500001,4.755795039500001,39.066666670000004,39.83888889,15.577777775,10.7111111135,12.794444445,7.300000000000001,26.383333334999996,14.777777780000001,9.855555555499999,16.52222222,15.533333333499998,9.394444444000001,18.146296295,25.49746454,40.96130471,12.21044985,13.003269415,24.763606995,12.962201932,39.0131248,12.48503673,10.2502519765,14.228328145,31.502566769999998,12.95346549,20.819255945000002,160.0,217.3,648761.7899999986,477709.93000004004
"Confederated Tribes of the Coos, Lower Umpqua and Siuslaw Indians",0.15353389527052322,0.2361638370874805,3.261638370874805,6.331280665456824e6,0.15052103830208086,0.21869448894458618,3.4409310397131705,3.677172407329867e6,0.8464661047294768,0.7638361629125194,0.8494789616979191,0.7813055110554138,0.37788486387008946,0.35340470180828254,0.0011807262077517832,0.22262160696247663,0.3297147694046893,0.36410164749946383,0.3344476104547499,0.009678306165172788,0.27414436820918253,0.363938023255845,6.777026492768683,8.747317780418742,10.553459867402132,11.715539738718858,14.505838932550418,18.37725056174377,18.31308817887307,23.671068932538553,18.50643205462633,15.905654410604985,10.210214839650062,7.765730855654804,13.754051885456704,2.76296498097153,3.6092688915255047,2.3488569533523136,2.5317924924365367,3.1136613188362987,4.608567767373665,3.696768260794781,2.5116051016121,3.731660259954923,3.502826072766311,2.032894474377224,1.6472320196322654,3.0081748829062875,178.59024646986956,119.20437590234877,101.9057334844128,77.1271517108185,51.74821405042706,17.43357058029063,3.2574930801316717,3.2581521022728346,15.228034797029656,51.742862791945434,65.99980229274021,177.78150782977457,71.93976209123369,130.68000103190985,100.31996549817318,88.01017506438907,67.63311765228943,39.7840766014828,18.507174041897983,3.8784576213689204,5.295224468166072,17.952169024709374,45.66489384537366,71.89234096424673,158.40680328462633,62.33536659010676,6.0925925926666675,7.303703703666668,7.862962963000001,10.337037036666667,12.32962963,15.118518516666668,18.33333333,17.144444443333335,15.444444443333335,11.366666663333335,6.937037037333334,5.859259259333334,11.177469133333334,3.174116080333333,2.7816783926666666,1.7994002596666665,2.1413567383333336,1.4915599563333335,1.5363296773333333,2.9746129636666665,1.344051392666667,1.667207101666667,4.067148433333334,3.125364775333334,2.814123319666667,2.4097457576666668,220.01851853333335,133.00370373333337,133.83333333333331,93.57407407333334,71.83333333333334,60.91851851999999,21.68518518666667,23.27777777666667,44.4,121.85925928666667,175.92962963333335,233.67777776666668,111.16759261333334,144.85628673333335,69.11931129333333,57.914937300000005,58.967199576666665,30.218017016666668,27.454292413333334,20.857042196666672,20.09591186666667,33.68364604,63.071200440000005,89.54131367000001,122.35625580000001,61.51128453,2079.98,2824.7699999999995,648761.7899999986,477709.93000004004
"Agua Caliente Band of Cahuilla Indians of the Agua Caliente Indian Reservation, California",0.10928135505605374,0.14997772359545158,3.3555157190983325,4.884107876714959e8,0.1,0.146,3.15,1.26963e8,0.8907186449439463,0.8500222764045484,0.9,0.854,0.2167386221409998,0.2167386221409998,0.09811135589319607,0.1513334116366629,0.06576071316681475,0.032189206990478246,0.027513679391934425,0.011900729538034775,0.018900619002625598,0.0027039200041031803,10.624444444968422,10.717543859684211,11.612631579473682,13.03707602305263,14.510409355578945,17.80397660968421,20.071812863999998,20.76959064568421,18.939649123578945,16.74397660505263,12.425146197894737,10.248654972378946,14.792076024631578,1.7638285988947366,2.397737005168421,2.3383380335578945,1.5558456973263155,1.7374868885578947,2.4823090963578944,2.956316013210526,2.4367535268315788,1.826381912642105,2.070231527410526,1.839344024968421,2.048872803568421,2.121120427568421,97.8518128496842,115.42339179431578,77.70994152136842,31.648070174526314,16.95391813105263,2.2366081872105257,4.614502923863157,3.485847953252631,4.246081871031579,17.899415206315787,24.556140351578946,48.280116961263154,37.07548732894737,89.85606654863157,115.53350675410528,79.78315367347368,23.714211169368422,16.11267836073684,3.644691574736842,6.056278726221052,4.603434900105263,7.669835798242104,22.545205679368422,36.94008107536842,66.27502843757894,39.394514390947364,9.172222222,9.338888887,11.405555554000001,13.68888889,16.76666667,21.572222225000004,25.394444445000005,24.994444444999996,22.47222222,16.238888890000002,11.0444444465,9.361111111000001,15.95416667,0.8384270014999999,4.1063181835,1.317072312,2.0329989074999997,1.9684879149999999,2.3559641335,2.4302985905,1.9358716395,1.417287319,3.028219901,3.6607816580000003,1.4878854225,2.2149677490000004,93.55555558,68.850000015,45.0,24.033333335000002,10.7444444435,1.3611111115,15.311111115000001,4.7055555555,6.95,14.705555558,22.161111115,26.238888890000002,27.801388890000002,93.75435748,87.34097877500001,42.61166339,22.424751825,13.141054024999999,1.7320787055,26.457179655000004,6.5406278185,11.226741525,21.621841965,43.039232254999995,42.536305635,34.368901085000005,480.0,651.88,648761.7899999986,477709.93000004004
"Tule River Indian Tribe of the Tule River Reservation, California",0.14398318349096753,0.21951692411549348,3.460155595492447,2.25646636938163e7,0.159,0.239,3.1000000000000005,3.8373e7,0.8560168165090325,0.7804830758845065,0.841,0.761,0.17390231216233132,0.17147250629781913,0.1062861884091211,0.08259285162929386,0.02810563586439802,0.20277578997696694,0.20277578997696694,0.038104564251400644,0.040199490131231905,0.06665609297435791,7.1574710800175305,8.83968088511941,10.65971754318892,13.629705483010472,16.960300993956295,20.727339595877073,23.77147389658987,23.1701923242822,20.822262921478107,15.985101213114678,9.805008644963054,6.449330398242975,14.831465414917263,2.347643783835017,2.510587557675601,2.4282471484565282,2.311653388715185,2.326550003625854,2.6735192620906516,2.437764109516532,2.6304855803931733,2.0692856188625073,2.1832155536068223,2.7308960342405575,2.6337001819373946,2.440295685250692,98.73340671204993,75.01494096995259,68.64336696216328,50.271593616852506,31.726801597683398,16.47471317641478,5.633591489588569,7.917718006714931,13.603828375119614,39.95905417965424,58.40463671025402,84.7709819453085,45.92955281227009,71.99340894326996,63.732496560159525,55.14038469685763,32.73958321670811,21.099337048989025,13.046409566088073,7.716710317271718,8.739169637608297,13.558141596904514,46.16513511051892,57.5399954925098,62.70090017004584,37.84763936318318,6.683333332999999,6.2333333335,9.394444443000001,11.799999999999999,15.11111111,20.083333335,23.394444445,22.483333330000004,19.35,14.033333335,7.827777777999999,6.338888889,13.561111110000002,2.9480220075,2.933840869,2.4987617639999997,1.80298728,1.3385208955,1.9098264444999997,1.7257281039999997,1.3665049885,1.10766658,2.577456837,4.2946172465,3.30453975,2.3173727305,111.95000001999999,72.516666665,60.205555555,35.60555556,19.238888885,8.805555556000002,6.1,5.422222222499999,6.411111111500001,14.4,25.522222225,59.505555554999994,35.47361111,72.27791619,50.04293539499999,52.02112069499999,24.408174285,17.73524733,13.001056629,11.140103909999999,9.2517943855,8.6974503345,14.843905955,40.757860429999994,56.6284895,30.900504585,88053.54999999997,119582.50999999898,648761.7899999986,477709.93000004004
Te-Moak Tribe of Western Shoshone Indians of Nevada (Battle Mountain Band),0.130995113586396,0.213991448776193,3.3166534326298227,801350.2321803805,0.098,0.188,3.41,323000.0,0.869004886413604,0.786008551223807,0.902,0.812,0.14934540200824248,0.14797682579655094,0.009554632551542153,0.09727869081154775,0.030502512468639702,0.011608455990506743,0.0029131580877763156,0.001,0.011608455990506743,0.003013589963581764,6.045094639568272,7.955801184928481,8.988166450111835,10.605273803773736,13.21691951944084,15.917367433237976,18.61388527578674,18.30710879885566,16.958532003081928,12.778630256449942,7.200274526716518,6.040369888745126,11.885618649375813,4.041637372711315,2.607826379533161,2.3618532966436936,2.4168710012392722,2.4493675294889474,3.4548656401443445,3.706105893016907,3.3109676690793255,2.4416474276319904,2.1058192479778937,3.1953400174811457,2.3448008148192456,2.8697585242548773,212.1482878110533,115.9799884444734,181.06318451794544,116.7556277948635,81.98867215674903,43.30832249862161,10.967880363906376,14.251900014980496,42.245845976723025,107.94951596620291,179.75184220624192,233.8149833803642,111.68550426836154,162.84917315136545,75.82423064964892,83.86991063001301,57.37429251219768,50.00210325031211,30.306906378608595,13.183588074927178,17.343852890000004,31.56667698720417,91.83515783572177,98.85185684928481,150.20464663263985,71.93436632039014,-0.9888888889999999,2.433333333,3.966666667,9.033333333,12.16666667,17.72222222,21.91111111,21.14444444,15.522222219999998,11.14444444,2.444444444,-1.455555556,9.587037036,2.580912845,4.294182111,1.299038106,2.970269348,2.153485547,3.286250819,1.645785864,1.663663962,1.65058912,3.572852891,2.22323588,2.946655354,2.523910154,35.05555556,22.53333333,29.866666670000004,23.12222222,50.57777778,20.35555556,13.16666667,18.46666667,10.35555556,19.32222222,25.47777778,37.15555556,25.45462963,19.90302183,14.8118196,16.47482929,18.2109018,22.81840144,14.471187850000002,19.89830395,32.36155126,8.578186159,17.57140986,14.3530291,23.21223336,18.55540629,1440.0,1955.6399999999999,648761.7899999986,477709.93000004004
"Pauma Band of Luiseno Mission Indians of the Pauma & Yuima Reservation, California",0.10928135505605374,0.14997772359545158,3.3555157190983325,4.884107876714959e8,0.096,0.126,3.52,1.88159e8,0.8907186449439463,0.8500222764045484,0.904,0.874,0.2167386221409998,0.2167386221409998,0.09811135589319607,0.1513334116366629,0.06576071316681475,0.18907442069423352,0.18907442069423352,0.041000070323556854,0.05728466971947103,0.08737621288222253,10.624444444968422,10.717543859684211,11.612631579473682,13.03707602305263,14.510409355578945,17.80397660968421,20.071812863999998,20.76959064568421,18.939649123578945,16.74397660505263,12.425146197894737,10.248654972378946,14.792076024631578,1.7638285988947366,2.397737005168421,2.3383380335578945,1.5558456973263155,1.7374868885578947,2.4823090963578944,2.956316013210526,2.4367535268315788,1.826381912642105,2.070231527410526,1.839344024968421,2.048872803568421,2.121120427568421,97.8518128496842,115.42339179431578,77.70994152136842,31.648070174526314,16.95391813105263,2.2366081872105257,4.614502923863157,3.485847953252631,4.246081871031579,17.899415206315787,24.556140351578946,48.280116961263154,37.07548732894737,89.85606654863157,115.53350675410528,79.78315367347368,23.714211169368422,16.11267836073684,3.644691574736842,6.056278726221052,4.603434900105263,7.669835798242104,22.545205679368422,36.94008107536842,66.27502843757894,39.394514390947364,8.322222222,9.1,9.522222222,11.42222222,13.25555556,17.31111111,20.78888889,20.91111111,18.84444444,15.66666667,11.08888889,8.711111111,13.74537037,1.05921879,1.58981131,1.275517324,1.171300322,2.046406064,2.566341971,3.9186874220000005,2.803321443,1.898756903,0.8351646539999998,1.543894786,1.497034105,1.8504545910000003,111.8222222,91.87777778,64.63333333,39.97777778,18.28888889,4.055555556,10.03333333,7.466666667000001,7.555555556,17.13333333,31.366666669999997,38.54444444,36.89629629,101.571413,78.67372144,53.550863670000005,21.44048611,18.40885958,5.450484178,9.56477914,8.448964434,9.617056607,16.97836859,48.31627573,54.13340261,35.51288959,480.0,651.88,648761.7899999986,477709.93000004004
"Crow Creek Sioux Tribe of the Crow Creek Reservation, South Dakota",0.08495270279146204,0.13337854346525807,3.0082329162113908,1.4817325939613483e6,0.16571537551179194,0.24391439539265328,3.2220093056641392,396722.3200806687,0.915047297208538,0.8666214565347419,0.8342846244882081,0.7560856046073468,0.7467789912004831,0.6490908830174236,0.0010400874741815572,0.7219024576919348,0.7220690864263933,0.3027186178074835,0.28722905703184914,0.0009815805252562783,0.2699282845130425,0.14160428392115101,-7.772292165294806,-5.959287424289488,2.062270102842165,8.928087123931485,14.716911232545868,20.66692484614957,22.687511617121267,21.627510680439404,17.052203915037634,9.515897291513737,0.897605032055853,-7.410807867538494,8.084377865303418,2.70570731434812,2.972334644676472,1.9030643662669218,2.0867820300306734,1.5030694442761323,1.5725132920811182,0.9361893284975928,1.3853261433858044,1.805383408521168,1.7086503660734278,3.4670252504963304,3.859955322745592,2.1588334093649366,14.689007183046904,12.045959723141547,42.800374593268344,62.62541989272078,103.59687930305796,118.54743745794697,93.39772051017839,105.04024505424263,86.17784912962567,45.31739191523621,31.412432991847936,21.44260902206254,61.42444389905371,8.372174139972536,10.667666363592062,25.85377473938912,36.80392235894805,36.908365906119194,59.18234586001702,53.15063194898365,47.090561228131016,52.38867940675961,16.84218399350994,27.830553088685328,18.97837018598396,32.83910243528182,-6.566666666666667,-2.4148148149999997,2.285185185,9.555555555333333,14.381481483333333,20.36296296333333,23.95925926,22.570370369999996,17.28148148,10.859259256666665,1.2851851853333331,-5.307407407333333,9.020987653999999,3.3076588689999995,4.948760395666667,2.0054453199999998,2.5729091469999994,2.112042521,1.8636933439999999,1.546672117333333,1.7377205296666667,2.172806468333333,2.1679526549999997,4.673668561666666,6.253856305333333,2.9469321863333335,11.277777780666666,9.674074073666667,29.01851851666666,52.144444443333335,101.8,89.82222222,62.85925925999999,60.28888888666667,46.00000000333333,41.492592593333335,21.15555555333333,12.785185183333331,44.85987654333333,7.359926999999999,5.945773999999999,19.099993723333334,32.433189213333335,62.82647677666666,52.08546109333333,32.61673233,25.142487589999998,32.98299786,33.57728779,21.35205832333333,6.140285981999999,27.630222643333333,25951.179999999997,35243.3900000001,648761.7899999986,477709.93000004004
"Manchester Band of Pomo Indians of the Manchester Rancheria, California",0.13062567126563876,0.18616694215093998,3.567620885384804,9.700231345288238e6,0.135,0.19400000000000003,3.53,7.022e6,0.8693743287343613,0.81383305784906,0.865,0.8059999999999999,0.42359421401993613,0.4139662351874082,0.23246814113964737,0.18080352552762752,0.26063158921842566,0.5617350952767542,0.5617029079487761,0.004385178101309611,0.3824637808217352,0.41115917521548867,7.9824486614323416,9.982884121770631,11.00620186969802,13.205835166687297,15.87436743681105,20.463650531930696,22.33788503724836,22.224032819917497,19.67146589766089,16.694980748382836,10.502021451544142,7.760822332292076,14.808883007054458,2.0416555908898513,2.0038045636101476,1.9763350723094069,2.5652594839092395,2.0213791746138607,3.130668352561881,3.1155523021460385,2.890936766194718,3.1919144104958743,2.124963985310231,2.0770458929987616,2.0272004835280537,2.4305596732533004,158.4238081997236,125.20183809759493,110.89007610429046,59.18857260697194,44.4328566185561,9.390901174188944,3.038902640165428,1.6331820679529705,6.949041987420795,39.70547304912129,59.13424092495459,149.0970067851031,63.92382502095709,112.7285559911881,97.56816606112622,106.93918475063941,47.85944963224834,35.0391754613655,11.53479661234076,5.494049680108498,3.750526068755362,8.952761375649754,41.91481234978548,52.72297567900165,127.49866524464927,54.33359324174093,8.711111111,9.544444444,10.02222222,11.66666667,13.82222222,16.38888889,17.98888889,18.1,17.1,14.211111110000001,9.5,8.244444444,12.941666670000002,1.44087165,2.395365896,1.21426704,0.543139025,1.146492235,1.303307758,1.8764623929999997,3.091116303,1.5612495,1.128543801,1.6552945359999998,2.031077984,1.6155990100000002,236.59999999999997,163.2333333,145.7,77.26666667,59.36666667000001,13.466666670000002,12.04444444,10.12222222,7.588888889000001,55.36666667,83.72222222,221.9222222,90.53333333,178.2517181,105.59235289999998,109.12205319999998,56.88055467,45.39887113,15.74444346,23.79638161,21.70511332,10.36755087,56.23088564,57.671565300000005,165.2347556,70.49968715,5299.37999999,7196.900000000001,648761.7899999986,477709.93000004004
Mooretown Rancheria of Maidu Indians of California,0.14258762500364,0.20593812501819997,3.2936087495268023,1.4700405976878814e7,0.142,0.203,3.37,1.8433e7,0.85741237499636,0.7940618749818,0.858,0.7969999999999999,0.41876933537589583,0.4105516022702421,0.21098782886671028,0.25656984938181426,0.2865668903052139,0.4389774704739537,0.4389774704739537,0.26897061040146214,0.3964033204854944,0.3416721100826077,7.267785469599118,9.270918116893643,10.653094189931403,13.195468846469476,15.723320045424796,19.845108733681563,22.290336338313395,22.038074260969157,19.42524298867212,15.972260681220893,9.807782672440528,7.600762184275642,14.424179543731906,2.251757947252989,2.5255866336500934,2.033199493636249,1.8341209438011323,2.222386847701069,2.985829734395216,2.472776511062932,2.7776623552756443,2.2996648286721206,2.3772829656041528,2.497133016874134,2.124002171630585,2.366783620817495,173.6160198539081,131.88893084184394,116.31115305558839,53.10973358546254,41.66654779468217,10.529431507460037,3.9632683030792943,5.118991678901824,7.707097405611704,47.60009090207046,59.2344591298993,163.8398363844241,67.88213003669603,152.2184405694147,109.79378016883568,90.02426617139707,34.44179984707362,31.300392517608547,11.379118580410317,6.342040982650094,10.924315674075517,7.8227331348558815,54.55658060127123,53.26870434061674,131.9455543480805,57.834810579458775,7.877777778,9.300000000000002,11.17777778,14.01111111,17.17777778,21.9,23.62222222,23.75555556,20.87777778,16.81111111,10.55555556,7.6,15.38888889,1.174497528,2.285278976,1.227576655,1.863762622,1.194547799,2.508983858,3.012796781,1.703754025,1.710100712,1.676636845,2.113120389,1.716828471,1.848990388,158.6111111,102.7222222,90.38888889,43.07777778,30.155555560000003,6.266666667,3.6333333330000004,3.555555556,6.188888889,28.28888889,47.84444444,109.3666667,52.50833333,93.29652250000001,78.18309884,77.28865448,32.1743212,23.92170098,7.635279956,9.766012492,8.49869271,6.080181832,31.979190279999997,42.86193273,76.94887913,40.71953893,2561.87,3479.2000000000007,648761.7899999986,477709.93000004004
Blackfeet Tribe of the Blackfeet Indian Reservation of Montana,0.08923662728851145,0.14178889447937207,3.330845818380029,1.730083874144569e6,0.17950383835116168,0.26195321077613354,3.194675277337018,1.2755289413522887e6,0.9107633727114886,0.858211105520628,0.8204961616488383,0.7380467892238665,0.15415834518976154,0.15272358941362238,0.004244545970232596,0.08530656158954919,0.03609277837762825,0.18566467751003676,0.17953115914966009,0.001760571449829211,0.12322367742974344,0.033911655547780084,-4.925615763516255,-2.355533661813793,1.9962999453221681,6.052862616213792,10.290103995885712,15.04555008186206,19.57820470820689,17.85949644182266,13.642900932748763,7.638314176395071,-0.7319540230078817,-4.561215106671919,6.62745119532512,2.981623723569457,2.405352133972413,2.083359668901477,1.4689736383911325,1.4441847348502461,1.7010638720660094,2.573610277997044,1.8057520372866982,2.620908359340886,1.9333351584768463,3.507502778859113,2.664515821569458,2.2658485171408858,41.55783251339901,13.987783250186206,31.493694581093585,40.91182265933989,76.99231526908372,65.68623973810836,28.440930488433494,32.49088122637437,37.34523262045319,37.86348111602954,26.677744936482753,20.18827586286699,37.803019520837424,70.76861593647487,10.048908084736944,17.52145962407882,21.385232584502457,34.750577850866996,35.67930753036453,17.699361643152706,20.549708698669942,23.869626575793095,20.98834130696551,14.25311508187487,18.078473959009855,25.466060739251223,-6.485714285714287,-2.9507936507142865,-0.8603174602857143,4.4682539682857145,8.860317460857145,13.28730158714286,16.874603175714288,15.195238095714288,10.850793652285715,6.849206349000001,-1.8619047620000007,-5.733333333428572,4.874470899714286,2.925335754571429,4.7792076240000005,2.479287670571429,2.4201086554285722,3.8412780722857147,5.227756565285715,3.183212205285715,3.3714378840000006,3.222619491714286,4.283425667714287,5.249413353428572,4.911048779285714,3.824510976857143,18.21428571357143,16.907936508428573,21.603174602857145,35.27619047571428,68.13809523857144,82.35079365142859,32.103174602857145,39.312698412857145,43.55714285857143,32.56031746,36.78888888714286,20.36190476371429,37.26455026428572,11.04103887357143,12.37328417157143,16.556767179,23.478581082857147,36.80904616000001,59.52308715,26.006705904285717,25.40730010571429,41.14558029857143,17.358124914285717,46.85434863571429,14.159266057000002,27.559427544285718,2154.26,2925.640000000001,648761.7899999986,477709.93000004004
"Hoopa Valley Tribe, California",0.14100000000000001,0.196,3.32,1.0777e7,0.141,0.196,3.3200000000000003,1.0777e7,0.859,0.804,0.859,0.804,0.526596242433131,0.526596242433131,0.001,0.16819185796921948,0.22349883419383018,0.2653125706872784,0.2609301131835473,0.022041917885106364,0.09263873442663445,0.1802544020612384,6.022222222257142,9.966825397157141,10.851746029857143,14.729206353285713,15.700634920285715,21.95031745842857,23.438095237714283,22.483333335571427,19.60386243347619,16.166190479142855,9.33455026455238,7.063015873385713,14.775833332095237,2.7581885025,2.131229558914286,1.0602090410999998,2.1214817318285712,3.2569836202571425,2.081407885185714,3.5023001109142857,3.148321512314286,3.428449069199999,2.913881207328571,2.0386648782666668,2.0360471334571426,2.5397636878285716,182.42555557047618,133.82862432,130.32068784142857,59.14444444,26.524973546428566,9.41687830702857,5.13507936522857,0.377777778,7.407142857514284,37.78920634842857,54.108888885190474,126.66428573285712,64.42862874947619,157.7991708990476,130.2249818695238,107.483449086,59.21332433,24.071663886142854,13.594645110761904,8.7531738666,0.5847601599999999,9.443680672214287,43.63613184142857,42.389081432380955,80.02786712247618,56.435160856666656,6.7055555555,6.3277777775,7.3944444444999995,8.577777778000002,11.08333333,15.305555555000002,16.527777775,16.23888889,14.749999999999998,11.10555556,7.1777777775,6.15,10.612037039999999,1.705705461,3.6968563125000005,1.2537193755,1.924741778,1.5084786675,3.492881373500001,1.2591574125,0.8481822865,1.4962176499999997,1.844528777,1.3634213899999998,1.6344519845000003,1.8356952060000002,243.22777775,154.86111115000003,167.58333335,103.00555555,72.66666666500001,33.472222220000006,10.483333335000001,11.1555555565,15.961111114999998,76.294444445,138.36111110000002,298.40555555000003,110.45648150000001,119.79866914999998,80.7425943,77.5218859,72.38454866000001,49.151256675,26.473699684999996,12.16155968,12.9525593545,10.897566854999999,42.55641173,70.97148410500002,188.28619905,63.65820293,479.53,651.23,648761.7899999986,477709.93000004004
Coquille Indian Tribe,0.15566795070916897,0.23948347888092952,3.2948347888092946,5.624908315265069e6,0.156,0.24,3.3,5.515e6,0.844332049290831,0.7605165211190705,0.844,0.76,0.32710027316958656,0.29468368485876295,0.0010000000000000005,0.2180153239839572,0.32461947625432386,0.1877850777085418,0.16815576835546686,0.001,0.11008646625728041,0.1877617852605661,6.587546370012718,8.616163222039745,10.656085499729727,11.864440910842607,14.322911143879173,18.24674085972973,18.043455222114467,23.826850378744037,18.842783960476947,16.03506447864865,10.369016073469,7.917117117406995,13.777347935039746,2.8473562188124006,3.8267382961558023,2.3283043505532595,2.5145328607535773,3.279992937667726,4.872923639389506,3.606918254748808,2.257271822424483,3.6813139058775834,3.7288933515373612,2.0662975366327503,1.4932445894531001,3.041982313753577,177.66164988314785,114.5282458917011,96.9502914546264,73.56581876249604,50.09067302656598,17.532785725675677,3.548030383152622,3.1758169934149443,15.56196785069952,52.36302773437201,64.16415827542129,175.71603954705878,70.40487546096979,138.39309478044513,99.96548147558028,85.43827148836246,66.11768986405404,40.22768052580286,19.22008007982512,4.1968617762686815,5.3821038458012715,18.350626117980923,44.60082371782193,73.85307478769475,166.97921399100161,63.5604168691733,4.797222221999999,6.56944444425,7.416666666749999,10.17222222225,12.12777778,15.019444445,18.6944444425,17.3194444425,15.619444442499999,11.100000000000001,6.191666666500001,4.122222222,10.762500000000001,3.68324692025,2.0867143974999998,1.6880789155,2.068871499,1.3114880045,1.1578933605,2.0403428179999996,1.3224060195,1.6983965005,2.1276172645,2.9026088404999997,3.8820117105,2.16413968775,212.63055552499998,127.852777775,140.675,97.3888889075,71.03611111,55.2527777775,16.3166666675,14.922222222499999,35.588888887500005,105.3055555575,144.4472222,219.13333335,103.37916667,136.33274057500003,64.7024190025,77.74262764999999,66.3148008,35.787758735000004,25.80723965,11.776990638250002,19.5435687125,28.797993292500003,62.26614803500001,75.4737860475,119.3129743,60.321587287499995,1599.98,2172.89,648761.7899999986,477709.93000004004
"Kashia Band of Pomo Indians of the Stewarts Point Rancheria, California",0.13062567126563876,0.18616694215093998,3.567620885384804,9.700231345288238e6,0.09,0.118,4.0,3.0682e7,0.8693743287343613,0.81383305784906,0.91,0.882,0.42359421401993613,0.4139662351874082,0.23246814113964737,0.18080352552762752,0.26063158921842566,0.6978316968964758,0.6978316968964758,0.001,0.25589567982858746,0.3110899084069139,7.9824486614323416,9.982884121770631,11.00620186969802,13.205835166687297,15.87436743681105,20.463650531930696,22.33788503724836,22.224032819917497,19.67146589766089,16.694980748382836,10.502021451544142,7.760822332292076,14.808883007054458,2.0416555908898513,2.0038045636101476,1.9763350723094069,2.5652594839092395,2.0213791746138607,3.130668352561881,3.1155523021460385,2.890936766194718,3.1919144104958743,2.124963985310231,2.0770458929987616,2.0272004835280537,2.4305596732533004,158.4238081997236,125.20183809759493,110.89007610429046,59.18857260697194,44.4328566185561,9.390901174188944,3.038902640165428,1.6331820679529705,6.949041987420795,39.70547304912129,59.13424092495459,149.0970067851031,63.92382502095709,112.7285559911881,97.56816606112622,106.93918475063941,47.85944963224834,35.0391754613655,11.53479661234076,5.494049680108498,3.750526068755362,8.952761375649754,41.91481234978548,52.72297567900165,127.49866524464927,54.33359324174093,9.033333333,8.633333333,11.18888889,12.36666667,15.5,19.2,21.52222222,20.64444444,20.01111111,14.88888889,10.55555556,8.555555556,14.341666670000002,0.988685997,6.982120022,1.6366463,2.329699551,2.029778313,1.7392527129999997,1.859286004,2.094702312,2.091318032,4.6033804,1.029697906,1.479113849,2.405306783,256.0333333,162.6555556,137.1333333,66.02222222,46.54444444,10.52222222,9.977777778,8.422222222,6.566666667,41.9,73.5,224.17777780000003,86.95462963,204.6327076,113.3368553,111.6280207,48.97626409,34.03531663,13.04509273,14.69623913,15.48303731,10.32206375,44.66906088,56.42650087,174.8872121,70.17819759,5299.37999999,7196.900000000001,648761.7899999986,477709.93000004004
Quinault Indian Nation,0.15683833459090635,0.24843014149230885,4.131584260342842,4.54636172891559e6,0.15036638086198895,0.23592959787355433,3.485553073855064,6.225054158347681e6,0.8431616654090937,0.7515698585076911,0.849633619138011,0.7640704021264457,0.35986271500815026,0.32773711755081025,0.0010000000000000002,0.27750841796001213,0.3264220273462061,0.2243017946210981,0.19402298723479264,0.0010000000000000002,0.14264292508111748,0.2184293943287658,6.792915734302014,8.652423564194631,9.454511558677854,12.312751678724831,13.618866518590606,19.719463088053693,21.750335570402683,20.659656971342287,17.1401193142953,13.159656975503358,7.014243101798659,5.665026099979865,12.994997514832216,2.269261098946309,2.8341140529932884,2.4167502918926176,3.5478978315503356,3.8134310859932894,4.023927255832215,2.8302003463825507,4.7470389639932895,3.1232006995369126,2.517796720181208,3.047675743859061,3.6847244176442953,3.2380015424429534,170.77882176912752,148.95331842147652,123.14429529395976,76.39507830308725,68.69813571597315,43.952423563892616,5.888292319060404,11.140119315073827,32.61081282644295,104.05093213986576,135.74981355382553,240.54720357852352,96.8257705728859,134.11259592107385,117.67507691610739,34.07685159469799,57.01967426308726,37.65600054409396,32.47448776979866,6.290723646865773,16.68536713460403,26.597321231744967,99.77432047516778,54.74949062577181,183.6647893899329,66.73139162563758,4.0194444444999995,6.0027777780000005,6.1444444445,8.26666666675,10.9916666675,13.1638888875,16.541666667500003,15.02777778,13.9611111125,10.458333333250001,5.099999999999999,3.3972222222499995,9.422916667,2.8801060682500004,2.2736354675,2.0884998085,1.82234345325,1.8994027512500002,2.1382402295,3.4910304932500003,1.95483026775,1.9869189274999999,2.7243078755,3.0423970437500003,3.07960778025,2.4484433469999995,352.749999975,259.15000002499994,240.85,170.847222225,116.51666667500001,88.62777778,49.4250000025,59.3249999975,101.02222224,271.3138889,366.09444442499995,378.402777775,204.52708335,193.97525025,153.978789975,80.62501190249998,88.28195736,63.473796295,42.592395090000004,30.6903722175,43.375008655,68.591235815,178.910929875,250.85867365000001,195.377249825,115.894222575,640.0,869.16,648761.7899999986,477709.93000004004
Enterprise Rancheria of Maidu Indians of California,0.14258762500364,0.20593812501819997,3.2936087495268023,1.4700405976878814e7,0.142,0.203,3.3699999999999997,1.8433e7,0.85741237499636,0.7940618749818,0.858,0.7969999999999999,0.41876933537589583,0.4105516022702421,0.21098782886671028,0.25656984938181426,0.2865668903052139,0.23708592844598703,0.23708592844598703,0.07245737648653135,0.03255971038854934,0.09275744462843631,7.267785469599118,9.270918116893643,10.653094189931403,13.195468846469476,15.723320045424796,19.845108733681563,22.290336338313395,22.038074260969157,19.42524298867212,15.972260681220893,9.807782672440528,7.600762184275642,14.424179543731906,2.251757947252989,2.5255866336500934,2.033199493636249,1.8341209438011323,2.222386847701069,2.985829734395216,2.472776511062932,2.7776623552756443,2.2996648286721206,2.3772829656041528,2.497133016874134,2.124002171630585,2.366783620817495,173.6160198539081,131.88893084184394,116.31115305558839,53.10973358546254,41.66654779468217,10.529431507460037,3.9632683030792943,5.118991678901824,7.707097405611704,47.60009090207046,59.2344591298993,163.8398363844241,67.88213003669603,152.2184405694147,109.79378016883568,90.02426617139707,34.44179984707362,31.300392517608547,11.379118580410317,6.342040982650094,10.924315674075517,7.8227331348558815,54.55658060127123,53.26870434061674,131.9455543480805,57.834810579458775,2.8,3.411111111,5.677777778,9.722222222,12.65555556,17.52222222,21.37777778,20.13333333,16.52222222,12.03333333,5.966666667,2.2,10.83518518,2.617728023,7.657585201,1.886648999,2.158574633,1.304905275,1.939573263,1.635372876,1.071214264,1.272573945,2.355313143,2.137171027,4.160228359,2.516407417,273.7888889,197.4666667,165.3777778,95.81111111,65.02222222,23.88888889,10.86666667,4.655555556,16.22222222,56.83333333,89.07777778,211.5,100.8759259,206.2260922,180.6919893,189.8937912,81.80894579,45.84244152,21.78184132,28.39784323,7.274288815999999,24.71784668,51.6183107,77.78707762,242.3994946,96.53666358,2561.87,3479.2000000000007,648761.7899999986,477709.93000004004
"Sokaogon Chippewa Community, Wisconsin",0.09918097637607574,0.18414564968013436,3.050220699047519,1.0329753423851428e6,0.12,0.213,2.91,531000.0,0.9008190236239243,0.8158543503198656,0.88,0.787,0.4423342286282805,0.41123683489626706,0.001000000000000002,0.27006429988808833,0.3959681311420529,0.4513938957380169,0.4228495501203706,0.0009999999999999998,0.2710637216160781,0.3339795733378038,-9.926986825601126,-8.964446063690456,-0.6692700393439249,6.569796291050843,12.948256396938396,17.915561762167336,20.663540640054585,19.63286150659957,14.510438679755476,7.6268316489205645,-0.20650168455414278,-9.03997130347199,5.921675917384606,2.3020577496647343,2.7577828330376843,2.49551775981957,2.1306763669996736,1.364906905501716,1.7196915962736459,1.1177545653232779,1.4100863676249002,1.9010390739580578,1.9015033572855053,2.8477716067012855,4.095694215110337,2.170373533090833,21.651238492655903,15.468500452496434,37.885639172174564,51.94752234446171,82.3095026692076,124.25436180520492,99.41422183893309,125.6258758391204,123.74582258606698,75.68209124467695,52.301385795505354,30.875447875697198,70.09680084351572,12.211920638209916,7.626224491293748,20.701195996644085,17.969905262235308,24.457784658425243,43.29311899565714,46.411930903382505,51.43472525307684,62.109642476051015,33.759006633304786,29.9174194772019,22.048022531868565,30.995074776134423,-10.5472222225,-9.3166666655,-1.5083333332500002,5.2055555555,11.594444445,17.175000002500003,19.355555555,18.627777777499997,13.619444445,6.375,-0.8305555557500001,-6.8416666665,5.242361111500001,1.789696662,3.213995825,3.871922763,2.1587269934999997,1.3638728980000001,2.74129563825,1.6599574025,1.9718180490000001,3.5846219809999997,2.069961616,3.8881334489999997,11.38863948275,3.30855356325,29.625,17.005555554999997,34.077777774999994,65.3694444425,79.22222222250001,112.38333335,112.975,133.11944445,112.6972222,71.83055555499999,56.1722222225,42.3916666675,72.23912037,32.228197605,11.631409757499998,19.7574174675,40.442780392500005,30.198826025000002,45.393459039999996,43.550655,71.12148568250001,60.83124342,38.45245705,43.5312098025,34.3873473675,39.29387404999999,48362.53,65679.54000000017,648761.7899999986,477709.93000004004
"Yerington Paiute Tribe of the Yerington Colony & Campbell Ranch, Nevada",0.13099999999999998,0.211,3.3800000000000003,3.991e6,0.13099999999999998,0.211,3.3799999999999994,3.9909999999999995e6,0.869,0.789,0.869,0.789,0.09087134122335193,0.09087134122335193,0.0009999999999999998,0.03893431530573972,0.0009999999999999998,0.05880355923227595,0.05716093777567248,0.001,0.02450130893533595,0.001,7.0237147593134335,8.148590381432836,8.031674958208955,10.454394692686568,13.011442784925373,17.057048097313434,18.354560530149254,20.400829187462687,16.096019901641792,13.788888889999999,8.5550580430597,5.505804312164179,12.202335544626866,3.0584479933880595,2.2511943242238805,2.153345724686567,1.547696338044776,1.5677729764328359,3.4351296253283583,2.4538744873731346,3.6224038645074628,3.603321549343284,4.363039206,2.4550151092388064,2.6351838388955224,2.7622020865820893,234.04145936417913,274.54228854626865,167.34958537313432,104.68358208955223,91.2466003361194,53.176948589253726,17.786069650597014,29.15555556,32.45273632119403,173.19369817611943,220.1278606850746,260.85505805970143,138.2176202492537,134.0671544880597,135.93306823880596,88.70099327119404,83.87141281746268,61.627075818507464,31.658898632537316,14.67569270358209,48.77914798,46.45895711343284,147.8791048268657,208.52340062985076,151.7144255746269,96.15744434044777,1.623921938492918,3.7627006611133145,5.852880075651559,9.65476864978187,13.438369533201135,19.741170917082155,24.62212779575071,22.79077745974504,18.058451369178474,11.622411075240793,4.920018885303116,1.0073654388725213,11.424580313569406,1.9592093351274789,2.8445463183739377,2.0718361059546746,1.4007123220849858,1.6805108336912185,2.8782539554872524,1.8241625325637394,1.5557966166288952,1.6597233010906516,1.296776395184136,2.1679482446798866,3.0304312126458925,2.030825598283286,38.69974818631728,36.28325464492918,22.683034305750706,17.800849860566572,24.364117093767703,8.942146679379604,16.676613160311618,12.276487251031163,9.05435945811898,12.753729932776203,14.57976078283286,31.82149826390935,20.49463330144476,20.918709188413597,24.921415781444757,23.685975840424927,13.501128237337111,14.286328093937678,12.38019760674221,17.60866785535411,15.429139588158641,15.318381699830029,14.4573333788102,8.24453968931728,23.392638754532573,17.012037979433426,160.0,217.3,648761.7899999986,477709.93000004004
"Los Coyotes Band of Cahuilla and Cupeno Indians, California",0.10928135505605374,0.14997772359545158,3.3555157190983325,4.884107876714959e8,0.09599999999999999,0.126,3.52,1.88159e8,0.8907186449439463,0.8500222764045484,0.904,0.874,0.2167386221409998,0.2167386221409998,0.09811135589319607,0.1513334116366629,0.06576071316681475,0.13252233140793884,0.13252233140793884,0.022676831178546072,0.03857264589785918,0.05347733223427017,10.624444444968422,10.717543859684211,11.612631579473682,13.03707602305263,14.510409355578945,17.80397660968421,20.071812863999998,20.76959064568421,18.939649123578945,16.74397660505263,12.425146197894737,10.248654972378946,14.792076024631578,1.7638285988947366,2.397737005168421,2.3383380335578945,1.5558456973263155,1.7374868885578947,2.4823090963578944,2.956316013210526,2.4367535268315788,1.826381912642105,2.070231527410526,1.839344024968421,2.048872803568421,2.121120427568421,97.8518128496842,115.42339179431578,77.70994152136842,31.648070174526314,16.95391813105263,2.2366081872105257,4.614502923863157,3.485847953252631,4.246081871031579,17.899415206315787,24.556140351578946,48.280116961263154,37.07548732894737,89.85606654863157,115.53350675410528,79.78315367347368,23.714211169368422,16.11267836073684,3.644691574736842,6.056278726221052,4.603434900105263,7.669835798242104,22.545205679368422,36.94008107536842,66.27502843757894,39.394514390947364,8.322222222,7.955555556,9.522222222,10.82222222,13.13333333,17.31111111,20.78888889,21.16666667,18.84444444,14.85555556,11.08888889,8.711111111,13.54351852,1.05921879,4.014695229,1.275517324,2.420112486,2.290196498,2.566341971,3.918687422,2.431049156,1.898756903,2.831568078,1.543894786,1.497034105,2.312256062,111.8222222,91.87777778,64.63333333,39.97777778,18.28888889,4.055555556,10.78888889,8.766666667,7.555555556000001,17.13333333,31.366666669999997,38.54444444,37.06759259,101.571413,78.67372144,53.55086367,21.44048611,18.40885958,5.450484178,9.49242388,8.96953176,9.617056607,16.97836859,48.31627573,54.13340261,35.5502406,480.0,651.88,648761.7899999986,477709.93000004004
Tuolumne Band of Me-Wuk Indians of the Tuolumne Rancheria of California,0.14232894143460725,0.2165013173601038,3.4532868935210637,2.3762160868758406e7,0.128,0.187,4.06,4.759e6,0.8576710585653927,0.7834986826398962,0.872,0.813,0.17569298699097266,0.17337347656849064,0.10439322459207762,0.0835752284342485,0.02990990633286973,0.5377345077081908,0.5377345077081908,0.30949566319423844,0.23041394216671118,0.33987450503981087,7.191535210796271,8.91382957821796,10.718026177343132,13.69790170093972,17.02563244514734,20.74545308254891,23.786937653336302,23.221545726708154,20.819660809336128,16.064588068375667,9.815647900834572,6.544781859503714,14.878795017735857,2.4062285340962855,2.5742971486271777,2.412982974387116,2.289465878548523,2.2935254229426216,2.7140261157551833,2.508858069768814,2.5729158108249788,2.1451873098984744,2.24560876815607,2.809416644260737,2.5930355172025985,2.463795682876898,100.95893997438432,74.4613903927904,69.45087530900445,50.18078843050955,30.889742138854373,15.717791707299833,5.366558727269285,7.537991936414372,12.938064635996513,38.64569143690057,56.954699254288045,85.35314148561238,45.70463961959217,73.6113351180099,62.84613894956528,56.03122727907163,32.39980783299551,20.58203596293877,12.553902195763381,7.397956666302036,8.387403450799642,13.03523453808472,44.74800886857234,56.187956191814706,63.89238091394832,37.63944899740607,5.477777778,6.977777778,9.733333333,12.75555556,16.37777778,20.42222222,24.55555556,24.11111111,20.56666667,15.322222220000002,8.522222222,4.933333333,14.146296300000001,1.927289403,3.4679885299999995,1.656049516,1.887532193,1.482209312,3.206157271,2.452096609,1.15048299,1.226784415,2.086131454,3.1708743969999995,4.007804885,2.310116748,172.8111111,106.6,95.12222222,63.91111111,38.65555556,6.677777778,13.08888889,8.655555556,6.955555555999999,32.06666667,49.16666667,103.75555559999998,58.12222223,122.77680400000001,90.23666106,90.2227906,38.81244789,24.854381460000003,5.649287074,23.83948639,15.655519080000001,8.300468528,41.77286799,57.22575906,89.42564105,50.73100951999999,94490.93999999999,128324.93999999872,648761.7899999986,477709.93000004004
"Ramona Band of Cahuilla, California",0.10928135505605374,0.14997772359545158,3.3555157190983325,4.884107876714959e8,0.1,0.146,3.15,1.26963e8,0.8907186449439463,0.8500222764045484,0.9,0.854,0.2167386221409998,0.2167386221409998,0.09811135589319607,0.1513334116366629,0.06576071316681475,0.38471393571988594,0.38471393571988594,0.05194267830312912,0.2735431440586961,0.23999524503283798,10.624444444968422,10.717543859684211,11.612631579473682,13.03707602305263,14.510409355578945,17.80397660968421,20.071812863999998,20.76959064568421,18.939649123578945,16.74397660505263,12.425146197894737,10.248654972378946,14.792076024631578,1.7638285988947366,2.397737005168421,2.3383380335578945,1.5558456973263155,1.7374868885578947,2.4823090963578944,2.956316013210526,2.4367535268315788,1.826381912642105,2.070231527410526,1.839344024968421,2.048872803568421,2.121120427568421,97.8518128496842,115.42339179431578,77.70994152136842,31.648070174526314,16.95391813105263,2.2366081872105257,4.614502923863157,3.485847953252631,4.246081871031579,17.899415206315787,24.556140351578946,48.280116961263154,37.07548732894737,89.85606654863157,115.53350675410528,79.78315367347368,23.714211169368422,16.11267836073684,3.644691574736842,6.056278726221052,4.603434900105263,7.669835798242104,22.545205679368422,36.94008107536842,66.27502843757894,39.394514390947364,7.811111110999999,6.711111111,9.911111111,11.67777778,14.75555556,19.53333333,22.93333333,22.94444444,20.599999999999998,13.73333333,8.955555556,7.855555556,13.95185185,1.3023483059999998,2.888963674,3.387271928,2.060811598,2.894007218,2.188035649,2.390606618,2.112528764,2.96605799,2.222611077,4.435682335,1.3519533190000002,2.516739873,140.6333333,105.8,64.68888889,37.84444444,14.06666667,2.344444444,9.711111111,10.14444444,4.988888889000001,20.16666667,34.32222222,42.55555556,40.60555555,137.0920038,126.3408881,62.27753296,20.89516159,12.03058602,2.833333333,9.158799654,21.565777930000003,8.292533456,26.6859982,55.84117607,66.24934172,45.77192774,480.0,651.88,648761.7899999986,477709.93000004004
Shakopee Mdewakanton Sioux Community of Minnesota,0.08385961702550447,0.13690598098795134,2.9598834210174867,1.5214191406763245e6,0.049,0.087,3.24,3.888e6,0.9161403829744955,0.8630940190120486,0.951,0.913,0.6548239140224441,0.5680915125848437,0.0010201795776604145,0.6087084877334303,0.6017808844645145,0.717306784900286,0.593178343387606,0.0009999999999999998,0.586161300575571,0.7085450008077256,-9.440639849005223,-7.8503791117001365,0.8099184795315815,8.178686420287491,14.258170889329698,19.83977991569906,22.02601793431739,20.949347622056465,16.130290330636324,8.663297398183229,0.025703309521188662,-8.896488583806942,7.057808729599994,2.7565344067567907,2.8143866237479074,2.1604830470028635,2.2625037796879046,1.4899932736847121,1.6905134512454374,0.8999720318894914,1.4263355114115335,1.8069108565410963,1.8693192740658626,3.368406223494826,4.055073784528782,2.2167026887575325,18.260394399248128,14.357296559358371,39.606082634499906,55.3310892983528,94.64849779624642,117.59506373726208,97.21821665790856,101.57655512925832,85.01125448453169,49.93192012698317,37.29227837664615,24.65113947888491,61.289982390685594,10.707794210225426,9.337392189555844,25.053619773785822,28.351161564539954,36.692148147684925,46.901417879302535,41.897368573898824,41.85353919555966,47.759970831554085,18.05278179248914,30.897767053668012,18.623201755305566,29.67734691398678,-8.955555556,-6.522222222,1.888888889,8.555555556,14.47777778,20.35555556,22.26666667,21.66666667,17.11111111,9.166666667,1.177777778,-6.622222222,7.880555557,2.549073906,3.111180555,2.862885103,3.133732244,2.438635775,2.342066988,1.225765067,1.78465683,1.606583677,2.8974126389999997,2.761239657,6.984407236,2.80813664,37.41111111,13.33333333,44.65555556,66.65555556,80.34444444,123.8333333,111.6111111,109.6333333,95.21111111,63.31111111,52.422222219999995,43.98888889,70.20092592,65.63340317,8.649566462999998,31.52503414,47.82538842,17.88009446,46.58229277,44.60385198,32.75297696,58.49505202,30.89621516,61.19778954,47.09648194,41.09484559,75185.29000000998,102106.54999999917,648761.7899999986,477709.93000004004
"Spirit Lake Tribe, North Dakota",0.07750405494622128,0.13415560125955261,3.1643436420888764,765536.2228276304,0.13897302415023968,0.24435226395797585,3.1779643009294856,466913.5038488432,0.9224959450537787,0.8658443987404474,0.8610269758497603,0.7556477360420242,0.4240420778803269,0.32695285912205413,0.002160661200752339,0.35647883959172183,0.40430426825594695,0.40906575911393095,0.3706741718371754,0.0009997879668801324,0.3683904025703518,0.24344350511391885,-8.975163398588233,-7.627450980470588,0.888888889,8.154248366117647,14.28104575352941,19.524183010588235,22.054901961764706,20.990196079411763,16.08562091647059,8.776470588117647,1.0019607846470588,-8.28366013052941,7.239270153294119,2.5223539149411764,3.642622391352941,2.465057896529412,2.665844613764706,1.512209434,1.648228119882353,1.3042284459411764,1.8019041882352944,1.7725604445294119,2.5550615679411766,2.5368361094705882,3.6156496246470593,2.336879729058824,25.65816993352941,16.528104575294122,45.744444445882344,58.88235293823529,92.82875816882351,124.44444447058827,93.9660130717647,129.2065359882353,112.66470588235295,54.322766882500005,47.786655774093134,38.024863836911756,70.00481799625,10.607724834705882,8.897867931058824,24.12425493117647,17.19957437235294,22.27839490235294,56.67037465117648,41.49086433470589,54.53713438941177,58.79374870764706,25.429549075490197,27.292312976911766,27.003630829264704,31.193785996421568,-11.005555555,-7.761111110999999,-0.4916666665,6.327777777750001,13.9444444425,19.080555555000004,20.26111111,20.733333335,14.474999997500001,8.8277777775,-2.84166666675,-10.13888889,5.950925925499999,6.38400334725,7.3346823345,5.400375026,2.3215844760000004,3.72580492925,4.357898787000001,1.5491449215000002,4.346046164250001,3.2390202709999993,5.395209492749999,4.559245315999999,8.243921678249999,4.738078062000001,12.5,15.175000000000002,23.533333335,20.222222220000003,83.72222222250001,92.69166666500001,56.586111110000004,77.7222222225,49.066666665,39.316666665,28.305555555,13.67222222,42.70949074,7.733660249499999,9.5925864505,14.896225787499999,12.3300529925,44.660067274999996,59.12785606,34.1531980575,32.971007817499995,35.278865345,20.261639619999997,22.388445895,5.346240526500001,24.894987175,906.26,1230.77,648761.7899999986,477709.93000004004
Pawnee Nation of Oklahoma,0.11704982784268042,0.1764249862521285,3.134698039649397,374496.3023901849,0.14618498391402254,0.22125169480744056,3.1419843362500144,8.110567148906778e6,0.8829501721573196,0.8235750137478715,0.8538150160859774,0.7787483051925594,0.6228886070804718,0.5209554928601883,0.009295056063934668,0.6141132984180372,0.5003386752123622,0.3509756475607116,0.29967939495812224,0.21647949002961017,0.2996911971043153,0.30502359659839334,-3.16406640672007,-1.005815581641314,5.380498049842935,10.970887087692619,15.85801079983798,22.57770777144014,25.204415443420338,24.254740473303322,19.628877887515745,12.09501450140864,3.935488549010801,-2.5684018401710156,11.097279727556701,2.3891807298825376,2.9153656222430238,1.8975588871692162,1.5932348049513945,1.6517771886381634,1.5344460380616565,1.1158036435693064,1.5091072259716471,1.9005837755009,1.4782733474378933,3.5960374517128706,3.0480395875027004,2.0524506920099013,15.83658365655715,14.698724874275424,51.53408340880738,53.38163316515752,109.07459244920788,103.5995099462871,81.6927192721782,75.42459745955445,50.857615761741656,33.57485748678217,26.458765876575143,16.143179318753376,52.68973855707919,9.500435336141313,11.765719825777225,25.07599751130513,31.293255444522938,53.92017377975246,52.957959408510334,46.0437021961251,37.074760458537334,32.96002790927543,17.50646679432493,19.772848622205217,18.43054035872187,29.69182397157515,3.2555555556666667,4.955555555666667,10.933333333333334,15.811111109999999,20.21111111,25.829629629999996,28.277777776666664,28.30370370333333,23.999999999999996,16.825925926666667,10.248148150666667,3.574074074,16.01882716,2.167480880333333,2.724503491666666,1.3075229226666667,1.2983824066666667,1.0323844679999998,1.6181831973333332,1.473044822,1.6571298746666665,1.5030631786666666,1.2305785623333332,2.084679250666667,2.910918936333333,1.750655999333333,50.80740740999999,56.411111113333334,101.90000001,104.62222221333333,163.87407409999994,160.74814813333333,108.59259259999999,81.70000000333333,93.88888888333332,78.83703703666667,60.44074074,50.074074073333335,92.65802469333332,29.986394790000002,43.82995788666666,50.35319568333333,46.50902601333333,86.67694622333333,80.35836953666666,65.94426095,55.90027846333333,50.77729341333333,55.81000703333333,53.49869219666667,47.462556479999996,55.59224822333333,4149.530000000001,5635.409999999997,648761.7899999986,477709.93000004004
"Washoe Tribe of Nevada & California (Carson Colony, Dresslerville Colony, Woodfords Community, Stewart Community, & Washoe Ranches)",0.09458347826466892,0.1398692521665532,4.35740259322158,1.2149553715799112e7,0.11999974112878743,0.19570689067848185,3.6718415504998516,3.2218564055717173e6,0.905416521735331,0.8601307478334468,0.8800002588712126,0.8042931093215182,0.12122455294917694,0.10503773181457265,0.0009999999999999996,0.049007915433198726,0.01018539406516652,0.09032807662092156,0.0868986806157957,0.015992444088003075,0.024384093206110014,0.003868201385853939,3.3644533155081837,4.3652428475504985,5.888245730691419,8.459578620736528,11.372166777980041,15.568449767165674,19.304626303792414,18.55698381201597,16.197161232938125,10.874770461219562,4.887114659513774,2.7631536926642717,10.133495602500998,2.645024675312575,2.792185846998802,2.622520985200799,1.8923799845245513,2.663567530998004,3.0679599428702597,3.7701082250642703,2.030860826496607,3.494176269282235,1.8192605043596801,3.0779356315632738,2.9978958317888225,2.7394896878223554,146.9909336750898,78.93524063106587,110.44215124708981,73.63449544517766,50.84721224124152,31.10526946096208,15.471949433972853,12.22464404665549,30.629359058950087,64.2127345312535,96.1637746865389,170.7655311659002,73.45194130923753,160.89321311129743,72.07281663643512,74.4354884634491,42.02278154587226,36.59188022958084,22.719997231676647,23.072863305461077,14.306881729632337,30.904945658807982,59.1538223604511,60.7875176471058,107.27908567939323,58.686774468339316,-0.500559642851726,1.9979626488075835,2.175501478092247,6.357938753756084,9.797038295990378,15.091303530090551,20.52354901589134,19.145783810684776,13.718675723537071,9.552424070643465,2.369905048974533,-0.46279947156762874,8.313893605250708,1.744129695695529,3.0076668584816075,2.5337027186932657,2.8406855543842675,2.6478524124533105,3.323404840136955,2.863780108186757,2.0707775678053197,1.9636758441148838,1.861088796451613,2.2473651315574426,2.5972838662093944,2.475117782827957,135.37116891929827,85.95847323775892,52.55366283075835,41.488190908556874,26.859781173718165,13.939872981284664,15.286480539377477,12.271049485942278,10.562711436622525,29.248965600181094,35.92903226058856,103.34477142124504,46.90118006348614,103.89780925488398,60.83800303636106,43.319966905149975,27.406758587487264,20.26426330830787,16.94331397126769,15.49893210409734,13.379561519895303,12.439786734221844,37.182799541607245,23.495032924934918,100.85318377594794,39.62661763820034,640.0,869.1899999999999,648761.7899999986,477709.93000004004
Confederated Tribes of the Umatilla Indian Reservation,0.13001395382313596,0.19043782024641331,3.2086490313744642,3.4096552943598162e6,0.132024246659284,0.19304041109880668,3.1906465775809063,5.460324284286797e6,0.869986046176864,0.8095621797535867,0.867975753340716,0.8069595889011933,0.34983387174826314,0.3482902947052484,0.017638987892697775,0.26103544485665736,0.12581207202318637,0.3276315351426433,0.32321384186426205,0.005686861318583142,0.23271657156044115,0.15651755704478007,-0.04695121951321134,2.9589882565609757,5.292457091223576,8.824378952192067,12.195517163506095,17.207486449664632,20.78567073184959,20.923757903973577,15.93983739795732,12.556537940680895,3.9256323397449195,2.78280261965549,10.2788429691687,2.584838240592479,3.3872540573394327,2.9164663575589445,3.204531376325203,3.0656443353252043,3.0132479281087394,2.8074990760436997,2.4251912925121943,3.1178769244583338,3.6146251408455257,3.3890232838567083,3.5688027423180886,3.091250062979675,119.4755307157521,85.20481029803855,90.82460478433947,43.06938798512192,40.386336946138215,18.052890695010163,6.300598464655486,4.6854448961636175,9.483118789543697,35.32536133873984,47.598769196036585,91.93543360332318,49.361857309410546,100.65006495973577,108.15696960454264,114.54108371046743,32.47550229825201,27.20461139623984,15.25028106489838,6.705106733000001,6.39737192332622,14.181300528831294,45.52328748581304,43.671829544034544,81.00821566061998,49.647135408028454,-0.961111111,2.72777777775,3.97222222225,8.955555555750001,11.3333333325,15.166666665,20.88888889,18.6638888875,14.5583333325,8.886111112250001,1.661111111,-2.4555555554999997,8.61643518425,3.0699816172500003,2.985573897,1.7471426407500004,3.4712406869999994,1.485781379,2.14054938925,2.11262945325,1.6186336554999998,2.3997392865,2.46301746025,2.58813179075,3.13888262125,2.4351086564999997,62.230555555,33.8111111125,53.16111110999999,38.633333334999996,63.719444445,40.5472222225,20.963888890000003,11.886111110999998,31.166666667499996,43.888888890000004,55.280555555,82.2111111075,44.7916666675,54.5773524525,23.762805972499997,27.5767132475,22.524875204999997,22.472365265,20.31524407,24.106451300000003,11.036947447750002,21.6662136975,17.72316802525,34.940557725,89.55240101250001,30.854591287500003,4176.880000000001,5672.520000000001,648761.7899999986,477709.93000004004
"Grand Traverse Band of Ottawa and Chippewa Indians, Michigan",0.09918097637607574,0.18414564968013436,3.050220699047519,1.0329753423851428e6,0.091,0.095,6.96,2.32e6,0.9008190236239243,0.8158543503198656,0.909,0.905,0.4423342286282805,0.41123683489626706,0.001000000000000002,0.27006429988808833,0.3959681311420529,0.25789386336067727,0.24160597605904527,0.001,0.16259324614054718,0.25268525697318245,-9.926986825601126,-8.964446063690456,-0.6692700393439249,6.569796291050843,12.948256396938396,17.915561762167336,20.663540640054585,19.63286150659957,14.510438679755476,7.6268316489205645,-0.20650168455414278,-9.03997130347199,5.921675917384606,2.3020577496647343,2.7577828330376843,2.49551775981957,2.1306763669996736,1.364906905501716,1.7196915962736459,1.1177545653232779,1.4100863676249002,1.9010390739580578,1.9015033572855053,2.8477716067012855,4.095694215110337,2.170373533090833,21.651238492655903,15.468500452496434,37.885639172174564,51.94752234446171,82.3095026692076,124.25436180520492,99.41422183893309,125.6258758391204,123.74582258606698,75.68209124467695,52.301385795505354,30.875447875697198,70.09680084351572,12.211920638209916,7.626224491293748,20.701195996644085,17.969905262235308,24.457784658425243,43.29311899565714,46.411930903382505,51.43472525307684,62.109642476051015,33.759006633304786,29.9174194772019,22.048022531868565,30.995074776134423,-6.96667,-7.51111,-0.65556,4.36667,12.23333,17.22222,19.9,19.63333,14.86667,8.57778,2.21111,-5.28889,6.54907,2.74388,2.57226,2.19905,4.1644,1.22656,2.05252,1.37921,1.32162,1.83666,1.52153,2.39372,4.01122,2.28522,50.73333,33.53333,38.51111,58.06667,71.47778,94.66667,85.84444,78.31111,96.12222,69.77778,80.42222,63.7,68.43056,12.52136,17.89792,17.81588,22.62339,18.97968,54.60191,16.71055,16.507,24.53686,26.511,34.27979,21.29136,23.68972,48362.53,65679.54000000017,648761.7899999986,477709.93000004004
Shoalwater Bay Indian Tribe of the Shoalwater Bay Indian Reservation,0.15683833459090635,0.24843014149230885,4.131584260342842,4.54636172891559e6,0.166,0.27,4.87,2.909e6,0.8431616654090937,0.7515698585076911,0.834,0.73,0.35986271500815026,0.32773711755081025,0.0010000000000000002,0.27750841796001213,0.3264220273462061,0.20617756487886899,0.18796923099339619,0.001,0.13322610810689248,0.16570839547069557,6.792915734302014,8.652423564194631,9.454511558677854,12.312751678724831,13.618866518590606,19.719463088053693,21.750335570402683,20.659656971342287,17.1401193142953,13.159656975503358,7.014243101798659,5.665026099979865,12.994997514832216,2.269261098946309,2.8341140529932884,2.4167502918926176,3.5478978315503356,3.8134310859932894,4.023927255832215,2.8302003463825507,4.7470389639932895,3.1232006995369126,2.517796720181208,3.047675743859061,3.6847244176442953,3.2380015424429534,170.77882176912752,148.95331842147652,123.14429529395976,76.39507830308725,68.69813571597315,43.952423563892616,5.888292319060404,11.140119315073827,32.61081282644295,104.05093213986576,135.74981355382553,240.54720357852352,96.8257705728859,134.11259592107385,117.67507691610739,34.07685159469799,57.01967426308726,37.65600054409396,32.47448776979866,6.290723646865773,16.68536713460403,26.597321231744967,99.77432047516778,54.74949062577181,183.6647893899329,66.73139162563758,6.28889,6.45556,7.43333,8.97778,11.36667,13.55556,15.71111,15.5,14.54444,11.3556,6.92222,5.92222,10.33611,1.48357,1.33592,1.25875,0.55533,0.91409,0.78756,0.69032,0.81921,1.16057,0.93821,1.64234,1.3571,1.07858,306.8444,202.7778,189.9778,154.1778,100.8111,80.85556,27.72222,41.82222,72.5,230.8778,318.5111,284.0556,167.57778,135.96386,81.46624,20.07059,53.48896,46.2322,37.71404,15.03904,14.76503,27.17213,70.67655,109.22943,113.02838,60.40387,640.0,869.16,648761.7899999986,477709.93000004004
"Sault Ste. Marie Tribe of Chippewa Indians, Michigan",0.09918097637607574,0.18414564968013436,3.050220699047519,1.0329753423851428e6,0.162,0.208,2.99,3.1e6,0.9008190236239243,0.8158543503198656,0.838,0.792,0.4423342286282805,0.41123683489626706,0.001000000000000002,0.27006429988808833,0.3959681311420529,0.3759572959231426,0.3710199072982709,0.001,0.23574053768295786,0.3020265993972115,-9.926986825601126,-8.964446063690456,-0.6692700393439249,6.569796291050843,12.948256396938396,17.915561762167336,20.663540640054585,19.63286150659957,14.510438679755476,7.6268316489205645,-0.20650168455414278,-9.03997130347199,5.921675917384606,2.3020577496647343,2.7577828330376843,2.49551775981957,2.1306763669996736,1.364906905501716,1.7196915962736459,1.1177545653232779,1.4100863676249002,1.9010390739580578,1.9015033572855053,2.8477716067012855,4.095694215110337,2.170373533090833,21.651238492655903,15.468500452496434,37.885639172174564,51.94752234446171,82.3095026692076,124.25436180520492,99.41422183893309,125.6258758391204,123.74582258606698,75.68209124467695,52.301385795505354,30.875447875697198,70.09680084351572,12.211920638209916,7.626224491293748,20.701195996644085,17.969905262235308,24.457784658425243,43.29311899565714,46.411930903382505,51.43472525307684,62.109642476051015,33.759006633304786,29.9174194772019,22.048022531868565,30.995074776134423,-8.12222,-9.08889,-2.2,4.53333,10.85556,15.26667,18.66667,18.65556,13.88889,7.44444,1.65556,-6.24444,5.44259,2.59648,3.08561,2.62213,1.84992,1.3175,1.83787,1.48099,0.91179,1.88116,1.73789,2.27015,3.57153,2.09692,63.37778,36.57778,39.41111,62.01111,61.14444,98.53333,64.15556,77.66667,108.62222,83.32222,76.85556,68.22222,69.99167,20.87618,19.03423,21.91572,32.93423,24.43523,48.17309,25.21213,27.50531,41.92872,35.90527,22.54896,31.56559,29.33622,48362.53,65679.54000000017,648761.7899999986,477709.93000004004
