Tribe,Food_Insecurity_Rate_2018_H,Child_Food_Insecurity_Rate_2018_H,Cost_Per_Meal_2018_H,Weighted_Annual_Food_Budget_Shortfall_2018_H,Food_Insecurity_Rate_2018_P,Child_Food_Insecurity_Rate_2018_P,Cost_Per_Meal_2018_P,Weighted_Annual_Food_Budget_Shortfall_2018_P,Food_Security_Rate_2018_H,Child_Food_Security_Rate_2018_H,Food_Security_Rate_2018_P,Child_Food_Security_Rate_2018_P,nccpi3all_H,nccpi3sg_H,nccpi3cot_H,nccpi3soy_H,nccpi3corn_H,nccpi3all_P,nccpi3sg_P,nccpi3cot_P,nccpi3soy_P,nccpi3corn_P,temp_mean_1_H,temp_mean_2_H,temp_mean_3_H,temp_mean_4_H,temp_mean_5_H,temp_mean_6_H,temp_mean_7_H,temp_mean_8_H,temp_mean_9_H,temp_mean_10_H,temp_mean_11_H,temp_mean_12_H,temp_mean_ann_H,temp_std_1_H,temp_std_2_H,temp_std_3_H,temp_std_4_H,temp_std_5_H,temp_std_6_H,temp_std_7_H,temp_std_8_H,temp_std_9_H,temp_std_10_H,temp_std_11_H,temp_std_12_H,temp_std_ann_H,precip_mean_1_H,precip_mean_2_H,precip_mean_3_H,precip_mean_4_H,precip_mean_5_H,precip_mean_6_H,precip_mean_7_H,precip_mean_8_H,precip_mean_9_H,precip_mean_10_H,precip_mean_11_H,precip_mean_12_H,precip_mean_ann_H,precip_std_1_H,precip_std_2_H,precip_std_3_H,precip_std_4_H,precip_std_5_H,precip_std_6_H,precip_std_7_H,precip_std_8_H,precip_std_9_H,precip_std_10_H,precip_std_11_H,precip_std_12_H,precip_std_ann_H,temp_mean_1_P,temp_mean_2_P,temp_mean_3_P,temp_mean_4_P,temp_mean_5_P,temp_mean_6_P,temp_mean_7_P,temp_mean_8_P,temp_mean_9_P,temp_mean_10_P,temp_mean_11_P,temp_mean_12_P,temp_mean_ann_P,temp_std_1_P,temp_std_2_P,temp_std_3_P,temp_std_4_P,temp_std_5_P,temp_std_6_P,temp_std_7_P,temp_std_8_P,temp_std_9_P,temp_std_10_P,temp_std_11_P,temp_std_12_P,temp_std_ann_P,precip_mean_1_P,precip_mean_2_P,precip_mean_3_P,precip_mean_4_P,precip_mean_5_P,precip_mean_6_P,precip_mean_7_P,precip_mean_8_P,precip_mean_9_P,precip_mean_10_P,precip_mean_11_P,precip_mean_12_P,precip_mean_ann_P,precip_std_1_P,precip_std_2_P,precip_std_3_P,precip_std_4_P,precip_std_5_P,precip_std_6_P,precip_std_7_P,precip_std_8_P,precip_std_9_P,precip_std_10_P,precip_std_11_P,precip_std_12_P,precip_std_ann_P,Acres,Endow_Raised_Parcel,Total_Endow,Total_Acres
Tonto Apache Tribe of Arizona,0.13181778865745883,0.1930345890561699,3.2521680039871104,1.1998375190502748e8,0.177,0.298,3.0700000000000003,4.911e6,0.8681822113425411,0.8069654109438301,0.823,0.702,0.22794861835496547,0.22174627389650622,0.04396396962273061,0.19016305510193568,0.061927962336571656,0.4084624286113386,0.4084624286113386,0.001,0.36263288532660726,0.24564267363350079,7.443396226496855,9.062613557358489,9.951153039056603,11.900419290767292,13.920475192704403,18.812858141320753,19.369112504905658,20.223759608993706,18.431097135220128,15.437421383855346,9.804542277509432,6.186023759691824,13.378572676194967,2.102421230119497,2.4529089889182387,1.9833090664968551,1.487045171415094,1.9037799008805028,3.1577524049308168,2.3276950788238993,3.1418065114716978,2.099174989773585,2.2552917312295593,2.316646492025157,2.590287904421383,2.3181766225251565,87.56530398194965,82.27868623295596,72.75737246691823,37.19140461238993,31.117610061383647,11.65705800052201,8.757023061301886,5.887281620773584,12.125576519993711,28.109643606477984,70.44081061836476,104.45779173685533,46.02879687751571,91.25955645666666,69.73245292069181,59.40564678213836,25.806585784276727,20.981851199371064,12.347601518943392,14.266821222138361,6.519787014389936,11.386091285430817,34.16635245484277,68.6770537281132,90.19832748823897,42.06234398896226,5.622222222,3.411111111,10.46666667,10.4,16.86666667,22.94444444,27.57777778,25.04444444,23.56666667,13.84444444,7.066666667,5.322222222,14.34444444,3.348424173,5.120411225,5.360970061,4.435932822,4.596194078,3.16942862,3.8261526950000007,4.375531714,5.165752607,2.797369796,2.803123258,3.74592371,4.06210123,84.85555556,72.27777778,55.566666670000004,20.57777778,4.366666667,8.277777778,49.06666667,69.97777778,40.84444444,39.75555556,36.41111111,27.11111111,42.42407408,56.73187179999999,72.74482418,27.89202395,17.09311102,4.496943406,10.97209845,41.24709081,40.92052596,37.3449833,33.98352951,39.90894149,25.34124328,34.05643226,800.0,720.12,216002.82999999932,239966.49499988995
Chicken Ranch Rancheria of Me-Wuk Indians of California,0.12106187702487305,0.17779262107641916,3.5626042349924383,3.542870772680747e7,0.128,0.187,4.06,4.759e6,0.878938122975127,0.8222073789235809,0.872,0.813,0.28821801106943257,0.2864747920682384,0.14468393092192092,0.15960853422318594,0.10757821336498145,0.2568077926642313,0.2568077926642313,0.06874782953009664,0.134914952741341,0.1594615752843868,7.753630409450452,9.492057699733259,10.839769980319721,13.576469395312984,16.30000545766876,20.14547446448351,23.070616764286314,22.512194931456136,20.51899883046105,16.69646393768561,10.579686549573822,7.673112670590877,14.929873424217547,2.3093382468510204,2.830606800831649,2.5901955056794383,2.523844511058945,2.4220233814281418,3.082098097775784,2.76409772864098,2.6452639486388065,2.476018455404699,2.57684134222477,2.595834866493121,2.4706958512843498,2.607238228074175,122.63758362658886,83.62414424881892,73.93501442442451,42.57098947349964,24.607392592618243,7.423635867279089,7.382636257528841,8.387688888800984,7.687417543609188,25.807719298180334,38.99905731000281,100.42688577141624,45.29084710855296,106.14917092013414,67.67988099546521,64.63122577446593,31.80778130342877,21.119895100919372,8.654749276836002,13.125910837797402,11.609000843470175,9.76663089574259,29.429484844099644,41.82021834959998,89.55021561186246,41.27868039645755,4.177777778,8.288888889,7.355555556,11.63333333,15.2,19.6,24.21111111,22.96666667,18.15555556,15.24444444,7.155555556,4.588888889,13.21481481,4.248757988,2.190573238,5.430034786,4.92138192,4.55329551,4.7138095,5.032257059,4.097865298,5.343245996,2.533333333,5.556102751,4.606637723,4.435607925,166.4666667,106.6,102.9555556,61.51111111,39.21111111,8.322222222,9.833333333,9.177777778,6.877777778,34.37777778,51.77777778,99.72222222,58.06944445,130.7217943,90.23666106,84.01105747,41.2438615,23.23114528,7.971790542,22.60945599,23.98983002,7.897432776,40.529211,55.91490807,93.40588549,51.81358612,23321.030000010003,20992.160000000058,216002.82999999932,239966.49499988995
"Morongo Band of Mission Indians, California",0.11114307134254695,0.1512671570135449,3.3799446407094784,5.380502613243252e8,0.1,0.146,3.15,1.26963e8,0.888856928657453,0.8487328429864551,0.9,0.854,0.1883295392752557,0.18648931688502984,0.08140305474470166,0.1323132987437677,0.06172321654761769,0.21381640763785453,0.21381640763785453,0.03561679659212874,0.06542398667425059,0.06108523246624451,10.099643417216944,10.933618596174583,11.178547995096277,13.561645985019254,14.945913562618742,17.57044644110398,19.306104692644414,19.84346027553273,18.417971755314504,16.95699615042362,11.630280986046213,10.217501067573812,14.555177577240052,2.3789585455596916,2.3957641097689346,2.6884183147214373,2.1900931737445446,2.9633570198177153,2.205488092767651,2.3886901182336326,3.3176292760872914,2.5944805691732986,2.488539382284981,2.1298858614711165,2.2410600775969187,2.4985303784672652,112.78222794567392,95.99147055486523,82.84177720765081,32.87820567589216,17.942262162387678,4.997461132486521,3.488689202707316,3.5827271429525025,3.1903009553555837,11.733647125658536,27.34863785414634,54.18830409532734,37.580475921155326,103.556666260629,87.31073084044928,80.43435768139922,24.048378592439022,15.765756233183566,7.2060347050102695,4.933461595353016,4.9005768233273415,4.778966007948651,14.139717133517328,36.650531065083435,84.93594101844673,39.0550931630552,6.3944444439999995,6.4444444445,7.288888889000001,10.0888888905,13.105555555,17.294444445,21.672222225,21.333333335,17.88333333,14.405555555,8.7666666665,6.594444444500001,12.606018515,1.2815093290000001,1.2667449815,1.8150614505,1.899541301,2.3843083065,1.6335268455,2.1367565304999996,2.6734370435,1.3546047855,2.38982291,1.8147102625,1.4045884855,1.8378843525,152.90555559999999,123.8277778,75.183333335,39.722222224999996,16.98888889,3.3722222224999996,21.07777778,8.455555555499998,9.105555557,21.916666669999998,33.055555555,38.944444445,45.379629635,149.79689230000002,140.57970685,74.87986280499999,25.924536225,14.217892769999999,4.1398926255,31.678735219999997,11.7264938155,11.845667179999998,29.448482025,62.278660275,70.41149692,52.24402658,801.09,721.09,216002.82999999932,239966.49499988995
"Dry Creek Rancheria Band of Pomo Indians, California",0.11909679928610717,0.16629652097248532,3.680797838170077,1.6101197742918434e7,0.09,0.118,4.0,3.0681999999999996e7,0.8809032007138928,0.8337034790275146,0.91,0.882,0.35892623896651144,0.35543579500627304,0.185390266498018,0.13630932228381354,0.21070535347094002,0.1753533463299719,0.17271252871728737,0.0875691808561863,0.044849947050144286,0.11928395921103614,8.20697540458216,10.496883819723168,11.163665686239495,13.795616611451518,16.166274984183513,20.76041126566096,22.249559356065312,22.35284833861067,20.057980532726784,17.117015149108333,11.147693104909276,7.968544438657848,15.123622391518913,2.0771505484282007,2.18483114819129,2.6257746545552085,2.231822534524105,2.1001501144686348,2.820040978624674,3.0086847531280427,2.9746295630601316,3.252551635663035,2.349339832191807,1.5997469020134776,2.31178753964593,2.4613758503888,148.49919358678062,114.60304129166403,105.4031910595334,50.234260697361314,35.46444329116119,9.150463683024878,3.180202753558839,2.1379298427630884,6.183002130943493,35.0782443418818,55.657323886065306,133.7937676412648,58.282088683820604,112.97594436923269,100.34719887513731,96.42002536165366,40.87988386083462,31.425637821026417,13.22892920339605,6.391530395271121,3.6408586956422986,7.951595519726799,38.863661502773446,54.22058719701915,126.92987480389834,52.7729773004458,8.433333333,9.111111111,10.9,12.57777778,15.000000000000002,19.5,20.78888889,20.48888889,19.28888889,15.8,10.68888889,7.977777778000001,14.21296296,1.321930407,3.535337482,1.218605761,2.121189394,1.691153453,1.65,1.090234429,0.957136934,1.254436571,2.359025222,1.353185542,1.552238527,1.67537281,237.5777778,151.0666667,137.5666667,59.18888889000001,36.81111111,12.91111111,5.0,6.622222222,8.044444444,38.16666667,57.27777778,181.8444444,77.67314815,201.9105729,116.7436187,126.192264,41.8132588,27.11357798,14.34611833,9.686072475,15.81990659,10.78947532,41.13505196,42.94091225,129.8782229,64.86408768,3425.39999999,3083.3599999999997,216002.82999999932,239966.49499988995
Redwood Valley or Little River Band of Pomo Indians of the Redwood Valley Rancheria California,0.11909679928610717,0.16629652097248532,3.680797838170077,1.6101197742918434e7,0.135,0.194,3.53,7.022e6,0.8809032007138928,0.8337034790275146,0.865,0.806,0.35892623896651144,0.35543579500627304,0.185390266498018,0.13630932228381354,0.21070535347094002,0.4403854479056433,0.44036600254410907,0.21458995852631582,0.23586463244851372,0.2927970301346382,8.20697540458216,10.496883819723168,11.163665686239495,13.795616611451518,16.166274984183513,20.76041126566096,22.249559356065312,22.35284833861067,20.057980532726784,17.117015149108333,11.147693104909276,7.968544438657848,15.123622391518913,2.0771505484282007,2.18483114819129,2.6257746545552085,2.231822534524105,2.1001501144686348,2.820040978624674,3.0086847531280427,2.9746295630601316,3.252551635663035,2.349339832191807,1.5997469020134776,2.31178753964593,2.4613758503888,148.49919358678062,114.60304129166403,105.4031910595334,50.234260697361314,35.46444329116119,9.150463683024878,3.180202753558839,2.1379298427630884,6.183002130943493,35.0782443418818,55.657323886065306,133.7937676412648,58.282088683820604,112.97594436923269,100.34719887513731,96.42002536165366,40.87988386083462,31.425637821026417,13.22892920339605,6.391530395271121,3.6408586956422986,7.951595519726799,38.863661502773446,54.22058719701915,126.92987480389834,52.7729773004458,7.933333333,8.677777778,9.655555556,11.64444444,14.5,18.34444444,20.544444440000003,20.57777778,18.58888889,14.78888889,9.6,7.633333333,13.540740740000002,1.393735986,3.097490023,2.13548069,1.387543793,1.70513929,2.78438104,0.719567771,2.6413906270000003,1.90292173,1.923177348,1.523975065,1.68597153,1.908397908,215.8,143.5555556,138.7444444,64.95555556,49.66666667,19.38888889,9.411111111,5.366666667,12.37777778,48.14444444,70.59999999999998,211.6444444,82.47129629,174.60551970000003,111.0239514,140.4865306,45.4295364,37.89930738,20.93504505,18.884282120000005,9.853933225,17.36381135,44.75301976,57.33319283,185.5163814,72.0070426,3425.39999999,3083.3599999999997,216002.82999999932,239966.49499988995
"Soboba Band of Luiseno Indians, California",0.11114307134254695,0.1512671570135449,3.3799446407094784,5.380502613243252e8,0.1,0.146,3.15,1.2696299999999999e8,0.888856928657453,0.8487328429864551,0.9,0.854,0.1883295392752557,0.18648931688502984,0.08140305474470166,0.1323132987437677,0.06172321654761769,0.2301737465323704,0.20476498913406158,0.17300630271392772,0.13785809877739427,0.0634504086991562,10.099643417216944,10.933618596174583,11.178547995096277,13.561645985019254,14.945913562618742,17.57044644110398,19.306104692644414,19.84346027553273,18.417971755314504,16.95699615042362,11.630280986046213,10.217501067573812,14.555177577240052,2.3789585455596916,2.3957641097689346,2.6884183147214373,2.1900931737445446,2.9633570198177153,2.205488092767651,2.3886901182336326,3.3176292760872914,2.5944805691732986,2.488539382284981,2.1298858614711165,2.2410600775969187,2.4985303784672652,112.78222794567392,95.99147055486523,82.84177720765081,32.87820567589216,17.942262162387678,4.997461132486521,3.488689202707316,3.5827271429525025,3.1903009553555837,11.733647125658536,27.34863785414634,54.18830409532734,37.580475921155326,103.556666260629,87.31073084044928,80.43435768139922,24.048378592439022,15.765756233183566,7.2060347050102695,4.933461595353016,4.9005768233273415,4.778966007948651,14.139717133517328,36.650531065083435,84.93594101844673,39.0550931630552,6.255555556000001,6.011111111,7.822222222000001,9.611111111,12.56666667,17.82222222,22.55555556,20.75555556,18.48888889,13.633333329999997,8.955555556,6.344444444,12.568518519999998,2.013151206,4.925049351,1.6192419349999998,3.1986108100000004,3.1957002360000004,2.255425557,1.785434899,3.35227949,1.941291094,3.715508041,2.566179607,2.87319992,2.786756012,139.4555556,106.4666667,72.33333333,40.76666667,16.23333333,3.822222222,22.84444444,12.97777778,6.0,20.35555556,28.54444444,36.0,42.15000001,138.2598289,125.78024490000001,59.69872277,21.46066169,15.464879570000003,4.820989986,32.87567912,21.12213163,8.959492173,26.50094862,56.97745412,66.07894899,48.16666521,801.09,721.09,216002.82999999932,239966.49499988995
"Minnesota Chippewa Tribe, Minnesota (Leech Lake Band)",0.09473229773229219,0.16089575299880118,3.000805054795549,2.5465831901652813e6,0.11101924624786695,0.2023349899336315,3.0734660545446473,2.0462971160739497e6,0.9052677022677078,0.8391042470011988,0.888980753752133,0.7976650100663685,0.46756022341875064,0.42319230028696586,0.0009999999999999996,0.34212939731932546,0.42603351911254317,0.4418278154583395,0.41870544742507376,0.000999982210788848,0.3116068499694932,0.36699695299526924,-10.997590636913152,-9.561864241571016,-0.6631161971898478,6.879583985470369,13.142198095205405,18.17517931680458,20.94446074632043,19.843994523177823,14.649266431473011,7.595445357311916,-0.9789058425460684,-10.151561684750005,5.739757487704523,2.560745873470951,2.590578543258218,2.6060753882960697,2.252732299450118,1.365008600970952,1.9299718653861515,0.9405885413215966,1.375153621539907,1.9158495949210688,1.9667155390798137,3.1984389401992384,4.191449680524356,2.2411090406302825,21.022437401065158,15.39986306673709,37.50318857490025,42.631768388867386,81.9079192755634,111.75063902255877,100.00097157458929,103.23204551626466,86.64185250655521,64.26051121596541,43.791588419243,24.655760953970077,61.066545493752976,13.058871815497945,6.473877960864732,20.905548997333344,20.34872963161973,41.991979135557514,39.76517681247947,37.83132332806339,41.17990866160507,44.52695371762327,24.040677012388503,31.268324304439563,16.264620211169902,28.137999298436036,-12.030158728571427,-9.344444443571426,-0.3507936508571428,6.1460317459999985,12.887301587142854,18.255555555714285,20.371428571428567,19.66507936571428,15.055555555714283,6.985714285714283,-0.9142857142857139,-10.347619047714284,5.531613756999999,2.6246656589999993,3.956737953999999,4.678823400285713,2.3482650485714283,1.398682727142857,2.7852073924285707,0.8661011159999997,2.0922188051428563,3.5560599309999996,1.9463187685714285,5.040366559142856,5.850744431142856,3.0953493161428565,24.807936507142855,15.374603174285712,32.50634920571428,38.530158731428564,76.28095238142855,103.09682537142855,107.71111112285713,94.17142856999996,75.67301587285712,64.60476190428571,52.41269841142856,26.84761904714285,59.33478835857142,19.104469444285712,5.492642019999998,15.16250371428571,29.341785517142853,49.23969661999999,34.28940501571428,65.11939853714286,44.005712215714276,34.122292229999985,27.620300549999996,34.64889197714285,16.59434525714285,31.22845359142856,5768.100000009999,5192.070000000006,216002.82999999932,239966.49499988995
Flandreau Santee Sioux Tribe of South Dakota,0.07702417731147128,0.11844487573470028,3.029036817959106,887433.2303415942,0.107,0.17,3.11,369000.0,0.9229758226885287,0.8815551242652997,0.893,0.83,0.745082942101227,0.6466111961437997,0.000999999999999999,0.7305290655459128,0.7234070704945728,0.6215867611308554,0.5385886535724088,0.001070406582138625,0.5927764869812757,0.5892292125376664,-7.654910061107668,-5.615207849164214,2.464842069046476,9.164067475778467,14.945046907041055,21.028616920565458,23.047078059395822,21.86934331900852,17.285454859953525,9.608572166197524,0.943755916989156,-7.2925811173694814,8.31617322225329,2.8440843068125488,2.957023545034083,1.9670894641371028,2.1036727268605735,1.5389960333880717,1.6213306890642916,0.9890536024399691,1.4000186825197525,1.879462350634392,1.6139731370805581,3.738660039568552,4.0418657670495755,2.224602528783888,14.59684998887684,12.091161027560034,42.00783199784663,65.57356054584045,101.39775367006973,112.95163094453912,93.43713745202172,101.27917206069716,87.44670798122387,43.7156984261038,31.574791290317584,22.477175315732,60.71245589288923,9.588165912360962,10.438425391978315,24.04007351474826,39.893540839101476,32.204250828721925,55.599558442285044,57.943293997947315,44.59618067108444,56.28603309240899,18.024710774732768,27.66276376865221,16.299709168862897,32.714725533609595,-7.6,-6.1,1.377777778,9.3,14.74444444,20.26666667,23.56666667,21.7,16.02222222,9.7,0.955555556,-8.155555556,7.981481482,4.288647806,3.474550331,2.826118264,2.636759375,1.682342943,1.78605711,2.294558781,1.523154621,2.019144483,2.092247595,4.796642344,4.448907481,2.822427595,12.28888889,37.55555556,46.73333333,58.21111111,98.76666667,130.4222222,89.76666667,97.28888889,96.56666667,56.14444444,36.15555556,38.55555556,66.53796296,9.932326571,82.3413795,45.06656188,30.930908669999997,41.1949026,63.74536802,36.47821268,41.42050955,67.67680548,48.38830208,31.08758237,52.37766965,45.88671075,2888.19,2599.7400000000002,216002.82999999932,239966.49499988995
Robinson Rancheria,0.11177615703475867,0.15240793682192677,3.7674050638285883,1.2778752594467994e7,0.157,0.231,3.9200000000000004,6.666e6,0.8882238429652414,0.8475920631780732,0.843,0.769,0.3592833947710342,0.35793770893981597,0.18414924790776516,0.18982891363531637,0.19307753165770447,0.4887370136414907,0.4887370136414907,0.15069343763102852,0.27039525671129266,0.26106455988035304,7.686708751021085,9.83852010939087,10.421061651190355,13.40710225983542,16.073285175251858,20.418694953846163,23.255247516048414,21.513273895119113,20.080233416306132,16.527992538590393,10.162291205456082,7.304208425508202,14.724051658164791,2.1523589558639222,2.116583772065601,2.8584765556362766,2.4400373288656776,2.6198799298865705,3.547719064883058,2.5277986544593927,3.7096505606118724,3.6846716416220215,2.7006856239207355,2.4794653909328392,2.661397124912339,2.791560383633152,162.37810750679427,108.72120265406286,110.66016096794614,49.841045164299125,42.26797258068135,9.743782810127298,4.106353854841079,3.6220226474012125,8.77356718273624,39.17020911974423,62.466916135058554,145.54596077957248,62.27477511737021,118.27939291976386,90.12017379382273,105.52321726628466,41.52448807041196,33.147821415189405,12.03034950654765,7.448352968007616,6.0962485360494,11.460422592379539,41.666274100023436,58.15826120748926,131.22737245533796,54.72353123580638,6.500000000000001,6.688888889,7.922222222,9.722222222,12.4,17.66666667,19.55555556,18.87777778,17.05555556,13.15555556,8.077777778,6.0,11.96851852,1.320984481,3.6491247049999997,1.419311257,1.949857545,1.548386257,3.320391543,0.789162707,0.766122996,1.202197063,2.174345368,1.536861882,1.615549442,1.774357937,237.88888890000004,145.7777778,148.3111111,69.4,56.58888889,20.8,5.255555556,10.97777778,18.78888889,45.81111111,72.76666667,204.6111111,86.41481482,194.383657,115.6938177,124.76985260000001,45.25403297,37.49798143,23.91584203,11.21674096,19.53425055,16.30869741,43.2073907,59.441778240000005,129.0186173,68.35355491,9076.28999999,8170.000000000016,216002.82999999932,239966.49499988995
Modoc Nation,0.16,0.23800000000000002,3.3400000000000003,5.978e6,0.17,0.264,2.98,2.716e6,0.84,0.762,0.83,0.736,0.23007015441149617,0.23007015441149617,0.0010000000000000002,0.08451664008476117,0.02294114346522231,0.5368959758673228,0.4327020223337402,0.4706908550266219,0.40546659575021926,0.5257873438610511,3.033333333,7.755555556,6.566666667,9.933333333,12.172222225000002,19.13333333,21.67777778,21.41111111,17.3,13.07777778,5.455555555499999,2.888888889,11.700462965,3.6465737339999995,1.942363966,4.610585646,3.5259750419999993,3.6871501959999997,2.36748812,3.46906968,2.834362558,3.9903007409999995,3.295367118,2.2885349765,4.787155746,3.370410627,120.7444444,96.18888889,79.15555556,64.36666667,46.91111111,15.14444444,7.9,2.322222222,13.98888889,39.35555556,71.88888889,102.5111111,55.03981481,120.5666632,123.4470984,53.33331771,55.35880689,34.02748107,12.4471996,14.14443353,2.617621906,14.85348818,39.56548721,66.15106659,133.9719602,55.873718704999995,2.366666667,4.044444444,10.13333333,14.76666667,19.06666667,24.65555556,27.03333333,26.93333333,22.76666667,15.622222220000001,9.455555556,2.644444444,14.95740741,2.752271789,2.831126592,1.393735986,1.220655562,0.916515139,1.460403293,1.533786165,1.503329638,1.607793519,1.170232645,2.295163998,3.22765825,1.826056048,70.84444444,67.93333333,110.95555559999998,99.27777777999998,181.76666670000003,125.4333333,85.38888889,83.27777777999998,101.5,81.12222222,91.97777778,75.38888889,97.90555556,45.5720888,47.984841360000004,54.46395852,41.91061255,82.35030358,47.23314514,55.21570077,62.81589723,51.08125879,60.68959503,80.40044741,74.14164559,58.6549579,158.65,142.8,216002.82999999932,239966.49499988995
"Shoshone-Paiute Tribes of the Duck Valley Reservation, Nevada",0.11700325050761451,0.14354929299041946,3.0622419738762154,1.1584732834127221e7,0.11710919903984733,0.17151605868233047,3.314775178447373,1.9057136008471337e6,0.8829967494923855,0.8564507070095806,0.8828908009601527,0.8284839413176696,0.2439242279687092,0.23789697784603633,0.003725438430402789,0.1820779730422991,0.07431896518131421,0.1153522550083994,0.10965187900846689,0.001909624041894278,0.06582956514998332,0.03374937696730447,-0.2248259580845239,1.5341277224513048,4.689631582783506,8.97353012165804,12.857358009888197,18.429835263342145,22.163091053033522,21.072959746659453,17.206368900010876,11.334537841185032,3.7763130684834105,-0.39940722366082687,10.117793344136485,2.9576401200338127,3.699884297922925,3.297687196672148,2.513818056037068,3.0539937361298084,3.1156460508686465,2.655906304010857,3.113563755710922,2.8836737947013047,2.6996592979634024,3.498620183134156,2.7518531558674058,3.0201621624877504,40.94141852742868,33.226421629421566,49.85856596345694,40.2285187481948,52.54995002758538,27.70077198758812,31.077986283176692,22.566978563484497,23.866075613610274,26.201580162727986,36.81910670030398,43.157104700381545,35.68287324271871,30.890061391289574,23.50518924242869,28.288786711740094,22.031333362278254,28.071766575585627,17.820842778630606,27.68904454796297,20.5175374798184,16.519243363614788,19.511679199823227,32.93953658461232,38.74350659280399,25.544043985964667,-1.9777777777499999,0.5055555554999999,2.5555555555000002,7.49999999975,10.5638888875,15.4027777775,20.13611111,18.838888889999996,14.255555554999999,8.05555555525,1.02777777775,-3.5916666667499997,7.772685185,3.3851167967499998,5.3590630405,2.9502163805,3.39488905925,3.112886586,3.4846335235000003,1.8407405275,2.681721885,2.88078728775,2.7470276114999996,3.3712369825,3.8285571297499996,3.2530730675000004,41.708333332500004,33.1027777775,35.5194444425,31.547222222499997,43.583333335,22.391666667499997,20.4583333325,12.241666663499998,15.5666666675,28.966666665,30.233333335,52.85277777750001,30.68101852,24.898607117500003,22.483980800000005,17.235456442500002,15.876663590000001,22.7310071975,15.8779411025,25.809017839999996,18.60600371675,17.167607139999998,21.638040765,14.955100932499999,44.686319335,21.830478829999997,13512.05999998,12162.67000000003,216002.82999999932,239966.49499988995
"Lovelock Paiute Tribe of the Lovelock Indian Colony, Nevada",0.13398062188501297,0.16813848943608806,3.089439107172023,6.500152647754397e6,0.12200000000000001,0.20900000000000002,3.3999999999999995,467000.0,0.866019378114987,0.831861510563912,0.878,0.7909999999999999,0.14130559047121302,0.14122626261094073,0.01263508240875591,0.04529143732671792,0.0017398241168709416,0.08221981568189668,0.03070842206386103,0.05251139361803565,0.017759955870638767,0.001,7.419145426216036,11.19365668481069,12.40840551123979,15.017553412620632,17.981003052895318,22.289408563147727,24.50800132025241,23.989128105315512,21.870114658990346,18.067648272175195,11.287255629086854,8.258071434373417,16.190782673355603,3.378853117567926,1.469152241461024,1.7760871850037112,1.7432091050230136,1.4971892863556049,1.415386552411284,1.5574900627676314,1.787440990754268,1.3419954123689677,1.5086468568299922,1.9222978977654042,2.2312418488285064,1.8024158798433552,76.90468530529326,56.79099232849294,43.7174049328582,33.25532459099478,13.807011464617664,2.180211168899777,0.8212488660898288,1.8378206712457306,2.1360884268366744,14.292303884587971,27.00980780481068,58.56645219699331,27.609945971017066,49.47649892059391,39.40180815740905,30.73382274632516,20.905492160541947,9.566758744028203,2.9742523682331106,2.105542829836674,3.8080590063986626,2.801424499463994,16.66838313525612,30.8050725498441,49.63041200569413,21.573127259643645,0.48888888899999994,3.722222222,5.311111111,9.566666667,12.61111111,18.64444444,23.68888889,21.25555556,16.58888889,12.64444444,4.6,0.688888889,10.81759259,2.6035766,3.034706649,1.553580095,1.6970562750000002,1.89238239,2.899185709,2.107394389,2.543182608,1.947077582,3.08994786,2.874021573,2.607893999,2.404167144,19.93333333,16.96666667,31.35555556,21.76666667,37.08888889,14.766666669999998,12.98888889,8.266666667,11.53333333,17.65555556,17.18888889,59.71111111,22.43518519,12.74705848,12.78025821,39.02153608,22.74477962,20.27901899,15.89740545,24.19780178,10.08365013,11.34471242,19.13524961,17.04475318,113.38960979999999,26.55548615,3040.0,2736.4300000000003,216002.82999999932,239966.49499988995
"Las Vegas Tribe of Paiute Indians of the Las Vegas Indian Colony, Nevada",0.13398062188501297,0.16813848943608806,3.089439107172023,6.500152647754397e6,0.128,0.193,3.31,1.53292e8,0.866019378114987,0.831861510563912,0.872,0.8069999999999999,0.14130559047121302,0.14122626261094073,0.01263508240875591,0.04529143732671792,0.0017398241168709416,0.015267543798205772,0.015265723323194385,0.0031255000101913216,0.007220182977791581,0.001,7.419145426216036,11.19365668481069,12.40840551123979,15.017553412620632,17.981003052895318,22.289408563147727,24.50800132025241,23.989128105315512,21.870114658990346,18.067648272175195,11.287255629086854,8.258071434373417,16.190782673355603,3.378853117567926,1.469152241461024,1.7760871850037112,1.7432091050230136,1.4971892863556049,1.415386552411284,1.5574900627676314,1.787440990754268,1.3419954123689677,1.5086468568299922,1.9222978977654042,2.2312418488285064,1.8024158798433552,76.90468530529326,56.79099232849294,43.7174049328582,33.25532459099478,13.807011464617664,2.180211168899777,0.8212488660898288,1.8378206712457306,2.1360884268366744,14.292303884587971,27.00980780481068,58.56645219699331,27.609945971017066,49.47649892059391,39.40180815740905,30.73382274632516,20.905492160541947,9.566758744028203,2.9742523682331106,2.105542829836674,3.8080590063986626,2.801424499463994,16.66838313525612,30.8050725498441,49.63041200569413,21.573127259643645,5.466666667,9.944444444,11.52222222,14.899999999999999,21.099999999999998,26.91111111,27.34444444,29.32222222,24.5,19.42222222,9.522222222,7.033333333,17.24907407,4.224630161,2.119027555,1.435076459,3.861994303,2.262189205,2.452776205,6.668416437,3.551329954,2.235508891,2.889540525,4.226930854,4.563441684,3.3742385189999995,40.8,35.92222222,14.03333333,11.92222222,29.6,5.733333333,17.63333333,9.888888889,9.655555556,15.477777779999998,6.488888889,16.5,17.80462963,35.91416851,34.16605691,12.08242525,14.56208929,59.09496594,11.578860049999998,15.89315891,12.549944669999999,11.376083589999999,16.30673004,10.91357463,28.46489065,21.90857904,3040.0,2736.4300000000003,216002.82999999932,239966.49499988995
Confederated Salish and Kootenai Tribes of the Flathead Reservation,0.1175767613456668,0.1935723732709271,3.262207142103756,804364.7594874015,0.13127708110970598,0.22455450921813946,3.2489747852555713,2.1196834215489314e6,0.8824232386543331,0.8064276267290729,0.8687229188902941,0.7754454907818605,0.15905305392158256,0.13817383475146522,0.007898575392985429,0.07659770003565844,0.021813948347271152,0.20289262261793264,0.2009288107065241,0.0012815351792991455,0.10865325221967688,0.07131920338200715,-4.412299091542976,-2.055229443385744,1.7086885628480077,6.1625087351331205,10.06161192586058,14.573247145115298,19.57891917103773,18.018763103071272,13.20574190560796,7.710423945953877,-0.945830421515723,-5.027172140738991,6.548281116462261,2.94071434877044,2.1688045290576508,2.193228231480083,1.4648928931299785,1.4416998110188675,1.4271003357788248,2.528021653098531,2.011831448377358,2.5649624378113196,1.8585022375995797,3.52651818192872,2.2045898590901456,2.194238830632075,63.039937107662446,9.369566736501046,22.78973910884695,27.68761938050314,77.71920568342765,60.88469601617397,21.327684603134166,24.231516422306072,35.455998135303965,29.10679012459119,20.931900769633117,15.37726531599999,33.99349328421382,150.08963871689096,6.1441824808113195,15.48570495000943,15.310678586995797,35.96469990864779,36.006262641677125,17.294853498658274,22.397991307473784,25.12261266984276,15.231766660062885,8.380164209937105,11.262869215219073,29.890952070503126,-5.214814814666666,-0.6907407408333333,1.4444444443333333,7.481481480833333,10.529629629666667,14.566666668333331,19.45555555833333,17.17222222166666,12.670370371666666,7.485185185333332,-0.12037037033333332,-4.570370370666666,6.684104938666666,2.685750355833333,4.062826756333333,1.7872202411666662,3.3808578723333333,2.7367723986666657,3.7182051935,3.338343316333333,2.9098020866666663,2.5115704075,4.3927615651666665,5.5444490838333325,4.702636699666666,3.4809329979999992,31.801851851666665,25.86111111,25.866666666666664,33.06296296166666,76.88888888833331,62.91481481333332,33.096296295,43.555555556666654,38.74999999999999,42.48703703833333,41.57962962833332,39.89999999833332,41.31373457,17.151896426166665,18.003031833666665,9.214744735833333,13.967119791666667,46.498644774999995,31.242396523333333,27.370327985,34.76522551333333,25.532693588333327,23.1718856,26.51147096033333,25.67860711666666,24.925670406666665,1922.47,1730.5199999999998,216002.82999999932,239966.49499988995
"Paiute Indian Tribe of Utah (Cedar Band of Paiutes, Kanosh Band of Paiutes, Koosharem Band of Paiutes, Indian Peaks Band of Paiutes, and Shivwits Band of Paiutes)",0.13398062188501297,0.16813848943608806,3.089439107172023,6.500152647754397e6,0.13006257016805794,0.1645254424979167,3.1629031112137342,9.783015272642368e6,0.866019378114987,0.831861510563912,0.869937429831942,0.8354745575020833,0.14130559047121302,0.14122626261094073,0.01263508240875591,0.04529143732671792,0.0017398241168709416,0.06589223102259233,0.06521885992669375,0.0070551214307464204,0.028722557426555623,0.007453784027833911,7.419145426216036,11.19365668481069,12.40840551123979,15.017553412620632,17.981003052895318,22.289408563147727,24.50800132025241,23.989128105315512,21.870114658990346,18.067648272175195,11.287255629086854,8.258071434373417,16.190782673355603,3.378853117567926,1.469152241461024,1.7760871850037112,1.7432091050230136,1.4971892863556049,1.415386552411284,1.5574900627676314,1.787440990754268,1.3419954123689677,1.5086468568299922,1.9222978977654042,2.2312418488285064,1.8024158798433552,76.90468530529326,56.79099232849294,43.7174049328582,33.25532459099478,13.807011464617664,2.180211168899777,0.8212488660898288,1.8378206712457306,2.1360884268366744,14.292303884587971,27.00980780481068,58.56645219699331,27.609945971017066,49.47649892059391,39.40180815740905,30.73382274632516,20.905492160541947,9.566758744028203,2.9742523682331106,2.105542829836674,3.8080590063986626,2.801424499463994,16.66838313525612,30.8050725498441,49.63041200569413,21.573127259643645,-1.3333333329999997,1.5533333332,2.6666666667999994,6.7644444444,11.302222222000001,16.744444444,21.704444444,20.266666668,15.182222222,9.460000000199999,3.1222222219999995,-1.22,8.8511111116,2.5796658709999996,3.8720265501999998,2.7326724091999997,2.0202079736,3.0284989292,2.4272095034,2.746220545,3.0974607164,3.0166065396,1.7470247155999998,4.001134620599999,3.4485934031999994,2.8931101482000003,37.224444444,43.34888889,38.97777778,37.451111112,35.431111109999996,29.56222222,23.733333333999997,30.933333332000004,28.953333331999996,38.12222222199999,32.273333332,22.188888891999998,33.183333336,24.080867542,38.890910334,23.971239358,28.953573902,28.085154003999996,28.214344501999996,23.957384284,22.113722818,27.209478031999996,25.218003603999996,46.122817374,21.604000278,28.201791336,3040.0,2736.4300000000003,216002.82999999932,239966.49499988995
"Santa Rosa Band of Cahuilla Indians, California",0.11114307134254695,0.1512671570135449,3.3799446407094784,5.380502613243252e8,0.1,0.146,3.1500000000000004,1.26963e8,0.888856928657453,0.8487328429864551,0.9,0.854,0.1883295392752557,0.18648931688502984,0.08140305474470166,0.1323132987437677,0.06172321654761769,0.23504570702592256,0.23504570702592256,0.022024748475734893,0.08901100225964974,0.08579227657200894,10.099643417216944,10.933618596174583,11.178547995096277,13.561645985019254,14.945913562618742,17.57044644110398,19.306104692644414,19.84346027553273,18.417971755314504,16.95699615042362,11.630280986046213,10.217501067573812,14.555177577240052,2.3789585455596916,2.3957641097689346,2.6884183147214373,2.1900931737445446,2.9633570198177153,2.205488092767651,2.3886901182336326,3.3176292760872914,2.5944805691732986,2.488539382284981,2.1298858614711165,2.2410600775969187,2.4985303784672652,112.78222794567392,95.99147055486523,82.84177720765081,32.87820567589216,17.942262162387678,4.997461132486521,3.488689202707316,3.5827271429525025,3.1903009553555837,11.733647125658536,27.34863785414634,54.18830409532734,37.580475921155326,103.556666260629,87.31073084044928,80.43435768139922,24.048378592439022,15.765756233183566,7.2060347050102695,4.933461595353016,4.9005768233273415,4.778966007948651,14.139717133517328,36.650531065083435,84.93594101844673,39.0550931630552,8.733333333000001,8.5555555535,10.661111108999998,12.91666667,15.850000000000003,20.83333333,25.144444445,23.883333330000003,21.300000000000004,16.150000000000002,11.0333333315,8.961111111,15.335185184999998,1.6422880825000001,4.450126623,2.433622416,3.383160453,3.421315142,3.7804780575000003,4.15371646,3.7619175125,3.127823212,3.8497717910000007,3.1851790080000004,2.1993339179999998,3.2823943895000003,92.794444435,71.627777765,41.71111111,20.438888889999998,10.283333334,1.483333333,12.844444445,11.383333334500001,6.8277777775,15.788888885,26.249999999999996,28.544444445,28.33148148,94.44603714,88.28926528000001,39.47905802499999,14.173739152500001,10.530491667000001,2.161967333,21.449760335000004,21.918234379999998,10.396321968999999,22.032053545,45.09713041,49.212610764999994,34.9322225,801.09,721.09,216002.82999999932,239966.49499988995
Prairie Island Indian Community in the State of Minnesota,0.08454885328917792,0.1360734947120976,2.9310813280805754,2.7773113342473763e6,0.078,0.126,2.94,1.787e6,0.9154511467108221,0.8639265052879024,0.922,0.874,0.6190988233442901,0.5406704717205846,0.0009995059624978303,0.5814548446219304,0.5583043826990083,0.41141266587795633,0.35816602548550946,0.001,0.20911593615487592,0.38152769519799923,-9.509254534748742,-7.732327097185594,0.9582482993732485,8.25710211167571,14.2082341271142,19.918432893743663,22.16593324818563,21.11119968764195,16.22382901045443,8.675887542481195,-0.10760877266406269,-8.931634424350621,7.10317017430901,2.861435568464613,2.8060238743526846,2.253017653238845,2.251016909565375,1.3876582084239508,1.7627125379665225,0.8986015986140007,1.4232906235707947,1.8538568747353343,1.7989297123415209,3.6009404417873196,4.097577220448192,2.249588435422518,16.745172548679868,12.892352254367053,36.544370038922295,50.47085636292899,94.63239973181456,108.50512861589146,94.54901679513569,94.45938563263097,80.79945082260852,48.12691503665028,33.92497874103162,21.785933956776205,57.786330045274354,10.718248370319857,7.984686156843286,25.18163864146528,27.5266305147657,42.29830918874691,44.40753154110502,44.76888214041946,38.3735079705996,49.88980435807724,18.84342362541777,28.433252639896466,15.979501910536392,29.533784754596706,-8.466666667,-4.922222222,1.366666667,9.133333333,14.98888889,20.42222222,22.7,22.02222222,16.13333333,9.677777778,1.277777778,-7.6,8.061111111,2.491485501,4.793166432,2.759075932,2.121320344,1.274209995,1.710100712,0.85732141,1.708638184,1.697056275,2.150452149,2.783782399,4.518296139,2.405408789,28.3,16.43333333,45.36666667,69.93333333,90.53333333,133.1555556,91.91111111,123.4888889,97.83333333,57.5,39.13333333,29.31111111,68.575,30.793099880000003,9.335684228,29.32119541,57.20131117,45.11280306,55.65772882,47.15388225,56.18955518,55.14163581,32.06091858,27.47853708,14.05315307,38.29162538,13532.750000000002,12181.34000000003,216002.82999999932,239966.49499988995
"Torres Martinez Desert Cahuilla Indians, California",0.11114307134254695,0.1512671570135449,3.3799446407094784,5.380502613243252e8,0.1292169134568103,0.19935253595718105,3.0102693847239648,9.168936922032507e7,0.888856928657453,0.8487328429864551,0.8707830865431897,0.800647464042819,0.1883295392752557,0.18648931688502984,0.08140305474470166,0.1323132987437677,0.06172321654761769,0.05705526466523769,0.05559038371402051,0.018937143630638986,0.03703884754545667,0.001204670173407835,10.099643417216944,10.933618596174583,11.178547995096277,13.561645985019254,14.945913562618742,17.57044644110398,19.306104692644414,19.84346027553273,18.417971755314504,16.95699615042362,11.630280986046213,10.217501067573812,14.555177577240052,2.3789585455596916,2.3957641097689346,2.6884183147214373,2.1900931737445446,2.9633570198177153,2.205488092767651,2.3886901182336326,3.3176292760872914,2.5944805691732986,2.488539382284981,2.1298858614711165,2.2410600775969187,2.4985303784672652,112.78222794567392,95.99147055486523,82.84177720765081,32.87820567589216,17.942262162387678,4.997461132486521,3.488689202707316,3.5827271429525025,3.1903009553555837,11.733647125658536,27.34863785414634,54.18830409532734,37.580475921155326,103.556666260629,87.31073084044928,80.43435768139922,24.048378592439022,15.765756233183566,7.2060347050102695,4.933461595353016,4.9005768233273415,4.778966007948651,14.139717133517328,36.650531065083435,84.93594101844673,39.0550931630552,11.0666666675,11.783333332500002,14.186111109999999,16.8833333325,20.025,24.9750000025,28.091666667499997,27.955555557500002,25.35277778,19.7999999975,14.27777778,11.313888887500001,18.8092592625,1.3088931152499999,4.249098430999999,2.05069632325,3.7367435055,3.832575822,4.287192188750001,5.471271870500001,4.129544911999999,3.43207031375,3.8041961557499997,2.2751524599999997,1.9797160245,3.3797625935,40.3305555575,27.227777777500002,23.700000000000003,15.7027777775,5.794444444499999,0.9222222219999999,5.52222222225,8.188888889,5.627777777749999,8.11388888875,15.205555555,16.38888889,14.393750000999999,37.48228118750001,35.310027865,26.300770910000004,24.93663383,10.858892693000001,1.475657488,9.08467689825,13.626051767500002,9.12431440025,10.93924953775,25.92120089,23.329520505,19.03243983,801.09,721.09,216002.82999999932,239966.49499988995
"Santee Sioux Nation, Nebraska",0.07702417731147128,0.11844487573470028,3.029036817959106,887433.2303415942,0.12397529083292405,0.18798058565444034,3.0701764940505427,545845.5677057753,0.9229758226885287,0.8815551242652997,0.876024709167076,0.8120194143455597,0.745082942101227,0.6466111961437997,0.000999999999999999,0.7305290655459128,0.7234070704945728,0.4428393953457203,0.38454732337955627,0.001385293635017185,0.4121737207743507,0.3800840552122669,-7.654910061107668,-5.615207849164214,2.464842069046476,9.164067475778467,14.945046907041055,21.028616920565458,23.047078059395822,21.86934331900852,17.285454859953525,9.608572166197524,0.943755916989156,-7.2925811173694814,8.31617322225329,2.8440843068125488,2.957023545034083,1.9670894641371028,2.1036727268605735,1.5389960333880717,1.6213306890642916,0.9890536024399691,1.4000186825197525,1.879462350634392,1.6139731370805581,3.738660039568552,4.0418657670495755,2.224602528783888,14.59684998887684,12.091161027560034,42.00783199784663,65.57356054584045,101.39775367006973,112.95163094453912,93.43713745202172,101.27917206069716,87.44670798122387,43.7156984261038,31.574791290317584,22.477175315732,60.71245589288923,9.588165912360962,10.438425391978315,24.04007351474826,39.893540839101476,32.204250828721925,55.599558442285044,57.943293997947315,44.59618067108444,56.28603309240899,18.024710774732768,27.66276376865221,16.299709168862897,32.714725533609595,-3.1,-0.6333333330000002,3.6555555560000004,12.01111111,16.82222222,22.0,24.42222222,23.98888889,17.46666667,12.93333333,3.011111111,-3.733333333,10.73703704,7.160830957,6.118006210999999,4.950785572,4.198346235,3.355882067,2.032240143,1.794977561,1.755309406,2.530316186,3.863288754,5.553477389,5.844655678,4.09650968,14.83333333,10.56666667,58.188888889999994,71.31111111,86.07777777999999,112.0111111,66.48888889,105.8111111,51.54444444,39.87777778,30.4,22.08888889,55.76666667,13.48601127,8.656211643,47.62770844,46.20893973,32.07903434,60.60471195,36.74375608,71.08629341,34.23145889,19.0076812,21.49581355,36.39795477,35.63546461,2888.19,2599.7400000000002,216002.82999999932,239966.49499988995
"Fort Independence Indian Community of Paiute Indians of the Fort Independence Reservation, California",0.13398062188501297,0.16813848943608806,3.089439107172023,6.500152647754397e6,0.105,0.144,3.27,1.052e6,0.866019378114987,0.831861510563912,0.895,0.856,0.14130559047121302,0.14122626261094073,0.01263508240875591,0.04529143732671792,0.0017398241168709416,0.07335097989329237,0.05127947354966941,0.05536698682536013,0.021847049245886846,0.001,7.419145426216036,11.19365668481069,12.40840551123979,15.017553412620632,17.981003052895318,22.289408563147727,24.50800132025241,23.989128105315512,21.870114658990346,18.067648272175195,11.287255629086854,8.258071434373417,16.190782673355603,3.378853117567926,1.469152241461024,1.7760871850037112,1.7432091050230136,1.4971892863556049,1.415386552411284,1.5574900627676314,1.787440990754268,1.3419954123689677,1.5086468568299922,1.9222978977654042,2.2312418488285064,1.8024158798433552,76.90468530529326,56.79099232849294,43.7174049328582,33.25532459099478,13.807011464617664,2.180211168899777,0.8212488660898288,1.8378206712457306,2.1360884268366744,14.292303884587971,27.00980780481068,58.56645219699331,27.609945971017066,49.47649892059391,39.40180815740905,30.73382274632516,20.905492160541947,9.566758744028203,2.9742523682331106,2.105542829836674,3.8080590063986626,2.801424499463994,16.66838313525612,30.8050725498441,49.63041200569413,21.573127259643645,2.988888889,-0.022222222,4.5,6.355555556,10.14444444,16.02222222,19.233333329999997,18.33333333,16.0,8.8,4.877777778,3.333333333,9.213888888,4.544624419,4.103589215,5.728437832,3.9944058099999995,4.10643127,5.202109615,3.125299986,3.701013375,5.553152258,3.025723054,3.695868564,4.104266073,4.240410123,149.3555556,96.67777778,54.96666667,34.28888889,12.94444444,16.07777778,19.62222222,10.15555556,21.97777778,19.91111111,35.67777778,120.8111111,49.37222223,146.6486457,107.6139138,53.85338894,45.24934929,14.93980515,36.64838938,43.59451737,12.85030263,25.06261049,21.16013022,58.35445094,129.6150111,57.96587625,3040.0,2736.4300000000003,216002.82999999932,239966.49499988995
Bishop Paiute Tribe,0.11700325050761451,0.14354929299041946,3.0622419738762154,1.1584732834127221e7,0.105,0.144,3.27,1.052e6,0.8829967494923855,0.8564507070095806,0.895,0.856,0.2439242279687092,0.23789697784603633,0.003725438430402789,0.1820779730422991,0.07431896518131421,0.08232097809647239,0.08227562353456645,0.001448617710705673,0.04753067629805779,0.001,-0.2248259580845239,1.5341277224513048,4.689631582783506,8.97353012165804,12.857358009888197,18.429835263342145,22.163091053033522,21.072959746659453,17.206368900010876,11.334537841185032,3.7763130684834105,-0.39940722366082687,10.117793344136485,2.9576401200338127,3.699884297922925,3.297687196672148,2.513818056037068,3.0539937361298084,3.1156460508686465,2.655906304010857,3.113563755710922,2.8836737947013047,2.6996592979634024,3.498620183134156,2.7518531558674058,3.0201621624877504,40.94141852742868,33.226421629421566,49.85856596345694,40.2285187481948,52.54995002758538,27.70077198758812,31.077986283176692,22.566978563484497,23.866075613610274,26.201580162727986,36.81910670030398,43.157104700381545,35.68287324271871,30.890061391289574,23.50518924242869,28.288786711740094,22.031333362278254,28.071766575585627,17.820842778630606,27.68904454796297,20.5175374798184,16.519243363614788,19.511679199823227,32.93953658461232,38.74350659280399,25.544043985964667,0.588888889,2.977777778,3.6555555560000004,7.755555556,11.68888889,16.44444444,20.8,20.43333333,14.96666667,10.83333333,4.711111111,0.988888889,9.653703703,1.601908584,1.899853796,1.502590356,1.6546231529999997,1.7716125740000002,1.6470512369999997,3.49821383,2.26715681,2.1,1.5499999999999998,2.270707183,2.923800799,2.057293194,99.00000000000001,62.15555556,41.28888889,28.06666667,15.28888889,14.166666670000001,25.611111109999996,12.68888889,14.911111109999998,17.6,26.07777778,75.91111111,36.06388889,93.87935075999998,60.15725457,27.641338809999997,21.1936901,13.476965950000002,22.40870367,38.75972279,17.1975612,14.63381738,16.25169222,33.48334578,81.21780046,36.69177031,13512.05999998,12162.67000000003,216002.82999999932,239966.49499988995
Squaxin Island Tribe of the Squaxin Island Reservation,0.118,0.17100000000000004,3.3900000000000006,5.799400000000001e7,0.141,0.23800000000000002,3.3599999999999994,5.041e6,0.882,0.829,0.859,0.762,0.3615379234235625,0.3615379234235625,0.0009999999999999998,0.13892049461991884,0.277315258991651,0.5822075506574653,0.5556245411271556,0.0010000000000000005,0.4094655498424523,0.5701404840114671,0.4298924731806452,3.3850896056193545,2.731971326412903,7.484086021341936,10.920716846387096,15.770824373290322,19.976415770451613,18.527741938000002,16.0037992843871,9.111326164903225,2.5405734766903225,-1.727956989432258,8.762873357458066,3.8475086452129026,2.2452237232838708,2.594971704245162,1.9220989862645164,2.5340072540000005,3.359190509722581,2.834045804296774,1.4737195724580647,3.6103768643806453,1.7423955274967742,3.3988901587741935,2.3493505268645163,2.6593149397806455,81.18602150658064,65.61096774309678,70.82602150541935,32.68788530103226,57.09419354503226,36.343799282322585,19.55792114567742,17.558207885290326,29.003440861096777,64.68566308064516,66.7184946223226,109.90071686903227,54.26444444341936,92.35520524903225,63.260324905032256,67.12810893354839,22.92975137851613,28.714416306064518,31.302420501483873,13.136542680903228,19.591998887612906,28.671674530516125,45.17739431180645,85.03336726264516,86.49386327264516,48.649589017483876,3.7888888890000003,4.688888889,6.683333333499999,9.644444444000001,11.950000000000001,14.716666665,17.84444444,17.483333335,14.833333335,10.283333334,5.361111111,2.6166666665000005,9.991203705,2.8536402565,2.5573832475000002,2.0245773295,1.5134003105,1.8188637705,1.7129614510000002,1.7267871609999998,1.9432708750000003,1.501064544,2.105210899,2.7361287895,4.229622464,2.226909258,189.2388889,142.51111115,146.65555555,84.31666668,71.14444444499999,56.388888890000004,19.566666665,28.3,57.677777774999996,133.24444445,198.07222219999997,230.18333329999996,113.10833335,101.8364884,75.11613143999999,35.923011575000004,30.39721296,33.14790205,22.786164675000002,16.109747125000002,18.17090086,38.993363095,78.82711178,126.26450615,126.80232645000001,58.697905549999994,320.0,288.05,216002.82999999932,239966.49499988995
Iowa Tribe of Kansas and Nebraska,0.07702417731147128,0.11844487573470028,3.029036817959106,887433.2303415942,0.13287622297396517,0.225280012498916,3.0072448015408804,607920.5320388732,0.9229758226885287,0.8815551242652997,0.8671237770260348,0.774719987501084,0.745082942101227,0.6466111961437997,0.000999999999999999,0.7305290655459128,0.7234070704945728,0.6896579535056878,0.5787390560493417,0.0015824584677697382,0.619868236425538,0.6804875154135415,-7.654910061107668,-5.615207849164214,2.464842069046476,9.164067475778467,14.945046907041055,21.028616920565458,23.047078059395822,21.86934331900852,17.285454859953525,9.608572166197524,0.943755916989156,-7.2925811173694814,8.31617322225329,2.8440843068125488,2.957023545034083,1.9670894641371028,2.1036727268605735,1.5389960333880717,1.6213306890642916,0.9890536024399691,1.4000186825197525,1.879462350634392,1.6139731370805581,3.738660039568552,4.0418657670495755,2.224602528783888,14.59684998887684,12.091161027560034,42.00783199784663,65.57356054584045,101.39775367006973,112.95163094453912,93.43713745202172,101.27917206069716,87.44670798122387,43.7156984261038,31.574791290317584,22.477175315732,60.71245589288923,9.588165912360962,10.438425391978315,24.04007351474826,39.893540839101476,32.204250828721925,55.599558442285044,57.943293997947315,44.59618067108444,56.28603309240899,18.024710774732768,27.66276376865221,16.299709168862897,32.714725533609595,-4.538888889,-2.8277777774999997,5.1333333329999995,11.427777775000001,16.555555555,22.677777775,26.144444444999998,24.805555554999998,19.455555555,12.322222225000003,4.811111111,-3.6111111115000005,11.02962963,4.0175880615,5.851064363,3.2076581809999998,3.1518510090000005,2.5524931720000006,1.74527636,2.1279009915000002,2.0758442574999996,2.8290994605,3.4384425614999996,2.8009377515000002,2.4735940440000004,3.0226458509999996,22.122222225,46.5,61.15555555499999,58.73888888999999,121.80555555000002,122.25555555000001,103.62222225000001,94.122222245,85.894444445,55.172222219999995,48.916666670000005,45.08888889,72.11620371000001,12.272704710000001,44.37224610999999,40.782768004999994,29.515865634999997,69.46719067,42.422479845000005,34.849263335,42.714615585000004,57.396360115,30.069617035,27.322523904999997,58.804075950000005,40.83247591,2888.19,2599.7400000000002,216002.82999999932,239966.49499988995
Te-Moak Tribe of Western Shoshone Indians of Nevada (Elko Band),0.11295488026096108,0.13842593958223784,3.0591164845114687,1.2772226666226277e7,0.1,0.16899999999999998,3.35,2.969e6,0.8870451197390389,0.8615740604177622,0.9,0.831,0.26820672209679386,0.26065332937714136,0.0014568324868798974,0.21513758816721243,0.09191020744352843,0.101,0.101,0.001,0.024000000000000004,0.001,-2.139869786664479,-0.8828337523465484,2.739564666184108,7.436023550116233,11.524323685961912,17.40028148409788,21.52809471595052,20.287668407116634,15.9790842088397,9.593691312578038,1.8611616063645358,-2.5723371796182595,8.562904409839884,2.8628178454987467,4.267214890806231,3.6761517752527593,2.725692123291629,3.448739851863085,3.5821978189775714,2.9661523841779167,3.4857373388799124,3.2627889658485807,3.00333532506827,3.9085751902724883,2.8813273539762156,3.3392275720580185,33.967294098168665,28.430123122999447,53.59980231672989,43.15056404260108,63.188815832166014,34.53094179043903,38.643281978160935,27.84009110633923,29.773379316497802,30.683695395035805,41.88821203722299,41.958185607369984,38.97119888727331,27.87445522838815,19.94723349755369,28.36817411088767,22.990306587762557,33.351443190576326,21.802593157300354,34.088291146286075,24.825022820218557,20.33318143276158,21.844733525675924,34.43780673659646,37.772303815650766,27.30296210447886,-0.911111111,0.822222222,2.333333333,7.211111111000001,10.35555556,15.56666667,19.88888889,18.75555556,13.92222222,9.788888889,1.311111111,-3.244444444,7.983333334,4.221505787,5.073405606,1.823458253,3.200954719,1.9906726949999998,3.3,2.525096258,1.067837899,1.7718477489999997,4.518695731,2.599252029,3.0883292859999996,2.931754668,46.1,30.28888889,31.27777778,33.02222222,44.75555556,20.27777778,16.61111111,16.62222222,10.6,23.18888889,33.08888889,38.3,28.67777778,25.54941291,23.88165847,16.150215,12.91973082,24.805398160000003,13.71803355,21.32477693,22.0790499,10.79073677,24.26846948,17.28752762,29.77532536,20.21252791,10632.05999998,9570.26000000002,216002.82999999932,239966.49499988995
Sherwood Valley Rancheria of Pomo Indians of California,0.11909679928610717,0.16629652097248532,3.680797838170077,1.6101197742918434e7,0.135,0.19399999999999998,3.5299999999999994,7.022000000000001e6,0.8809032007138928,0.8337034790275146,0.865,0.806,0.35892623896651144,0.35543579500627304,0.185390266498018,0.13630932228381354,0.21070535347094002,0.4572270088750737,0.4369567092524577,0.19619433708823555,0.15342903746594294,0.25973845304020954,8.20697540458216,10.496883819723168,11.163665686239495,13.795616611451518,16.166274984183513,20.76041126566096,22.249559356065312,22.35284833861067,20.057980532726784,17.117015149108333,11.147693104909276,7.968544438657848,15.123622391518913,2.0771505484282007,2.18483114819129,2.6257746545552085,2.231822534524105,2.1001501144686348,2.820040978624674,3.0086847531280427,2.9746295630601316,3.252551635663035,2.349339832191807,1.5997469020134776,2.31178753964593,2.4613758503888,148.49919358678062,114.60304129166403,105.4031910595334,50.234260697361314,35.46444329116119,9.150463683024878,3.180202753558839,2.1379298427630884,6.183002130943493,35.0782443418818,55.657323886065306,133.7937676412648,58.282088683820604,112.97594436923269,100.34719887513731,96.42002536165366,40.87988386083462,31.425637821026417,13.22892920339605,6.391530395271121,3.6408586956422986,7.951595519726799,38.863661502773446,54.22058719701915,126.92987480389834,52.7729773004458,7.122222222,8.45,8.2944444445,10.877777779499999,13.72777778,17.255555559999998,19.5,19.822222225,17.16111111,14.37222222,8.188888889000001,6.738888889,12.625925924999999,1.227555952,1.396909033,1.343935383,1.7144473085,1.9464941755000003,2.4355099295,0.788213113,3.037083282,1.187630172,1.8512952620000003,1.479585152,1.6056297985,1.66785738,228.6388889,159.31666664999997,158.0722222,77.80555555499998,61.08888888999999,20.927777775,8.427777778,5.677777777999999,13.783333334999998,55.444444445,91.53333333,248.02222224999997,94.061574075,159.44487460000002,109.1846194,124.06605650000002,47.848231845,41.211467065,23.392362340000002,15.760815359999999,10.7585777835,14.633546574999999,43.33152185000001,63.431675195,189.72258595,70.232194535,3425.39999999,3083.3599999999997,216002.82999999932,239966.49499988995
"Hopland Band of Pomo Indians, California",0.11909679928610717,0.16629652097248532,3.680797838170077,1.6101197742918434e7,0.139176003124956,0.20102327798288055,3.604029146306038,6.954424676705258e6,0.8809032007138928,0.8337034790275146,0.860823996875044,0.7989767220171194,0.35892623896651144,0.35543579500627304,0.185390266498018,0.13630932228381354,0.21070535347094002,0.20546862754912884,0.2049310917370144,0.08496860658843013,0.06752913920435577,0.11706725792353782,8.20697540458216,10.496883819723168,11.163665686239495,13.795616611451518,16.166274984183513,20.76041126566096,22.249559356065312,22.35284833861067,20.057980532726784,17.117015149108333,11.147693104909276,7.968544438657848,15.123622391518913,2.0771505484282007,2.18483114819129,2.6257746545552085,2.231822534524105,2.1001501144686348,2.820040978624674,3.0086847531280427,2.9746295630601316,3.252551635663035,2.349339832191807,1.5997469020134776,2.31178753964593,2.4613758503888,148.49919358678062,114.60304129166403,105.4031910595334,50.234260697361314,35.46444329116119,9.150463683024878,3.180202753558839,2.1379298427630884,6.183002130943493,35.0782443418818,55.657323886065306,133.7937676412648,58.282088683820604,112.97594436923269,100.34719887513731,96.42002536165366,40.87988386083462,31.425637821026417,13.22892920339605,6.391530395271121,3.6408586956422986,7.951595519726799,38.863661502773446,54.22058719701915,126.92987480389834,52.7729773004458,8.255555555499999,9.866666668,9.7166666685,12.51111111,15.36666667,18.216666664999998,20.077777775,20.95,18.238888890000002,15.71666667,9.483333333500001,7.827777777499999,13.852314815,1.1018139555000002,1.197663202,1.3041108170000002,2.1796896709999998,2.7246171255,1.8412184544999999,1.1546797095,3.876733482,1.29305583,1.7813535685,1.5207084705,1.6225156775,1.7998466635,249.4388889,160.75,152.46666665,73.8,51.53333333,14.911111110000002,6.500000001499999,6.2222222225,10.872222222,51.583333335,88.57777777499999,241.78333335,92.36990740499999,181.17885415,103.94168645,117.66811895,42.457186265000004,35.136367075,17.07115779,11.792537437499998,12.990271652,13.2080348985,41.061568390000005,58.52862627,174.34111195,67.44796010499999,3425.39999999,3083.3599999999997,216002.82999999932,239966.49499988995
"Chippewa Cree Indians of the Rocky Boy's Reservation, Montana",0.060269984042473766,0.11205888899020433,3.2166337173350046,1.2256619084339822e6,0.12343523303737963,0.19176165781541438,3.171088082593449,895369.5948245387,0.9397300159575263,0.8879411110097957,0.8765647669626204,0.8082383421845856,0.434023460602392,0.39300775668499044,0.0010000000000000005,0.3302293210008986,0.2960125986670412,0.14151827746123552,0.13412407215420588,0.0015780191636411013,0.08569734383908499,0.0507085411479157,-11.979719524045306,-10.365516003582524,-1.337971952572815,6.856742178967637,13.077633944627829,18.411003236084138,20.89974829038835,19.70093491304207,14.391513842071197,7.200791082297734,-1.8809421072491908,-11.019525349084141,5.329557712430421,2.9698420901844655,2.6118978373656954,2.7655457327346276,2.402804674770226,1.4249219910323623,2.0100224938899673,0.9523184401326862,1.5794413615242715,1.9831875289676375,2.025346287310679,3.501114243941747,4.298120586802589,2.3770469389902913,16.88867314333333,14.363394458252426,28.605501616990292,32.92786767100323,82.73401654187701,120.95559151391583,84.64908307271844,103.34048903495143,67.02121539019416,50.7459187373139,36.520028767896434,17.805717370906144,54.71312477754044,10.841120401080905,8.994542563482199,17.40604033966019,19.218909417022655,52.18118074987054,38.004381745436895,32.70870429631068,49.138717588737855,46.41852647705501,25.997053720064724,27.259860965016184,10.93326135741424,28.258524966278316,-8.888888889,-4.422222222,-0.544444444,6.955555556000001,11.05555556,16.15555556,20.7,18.7,12.56666667,7.4,-1.822222222,-6.066666667,5.982407409,3.10340315,5.668725115999999,2.245613007,2.762295744,2.148319757,2.357493961,2.063976744,2.404682931,2.054263858,3.081801421,5.548373135,8.905616206,3.528713753,15.1,8.788888889,23.94444444,23.97777778,64.45555556,64.92222222,43.96666667,38.81111111,33.01111111,28.03333333,31.05555556,22.25555556,33.19351852,12.282100800000002,6.181715871,9.699369968,12.341978949999998,62.67190581,49.7332328,32.28432282,22.807095630000003,25.50114921,17.11848416,41.18944377,27.44964076,26.60503671,640.78,576.79,216002.82999999932,239966.49499988995
"Minnesota Chippewa Tribe, Minnesota (Mille Lacs Band)",0.09491070293063969,0.16163323382792624,3.016982703736474,2.701333609436918e6,0.10608011929540875,0.18022093731619104,3.1389613373660192,1.4406601769316306e6,0.9050892970693603,0.8383667661720737,0.8939198807045913,0.819779062683809,0.4733674057926266,0.4275760262361962,0.0010000000000000007,0.35214303490181464,0.43486462788561064,0.4728271038234141,0.44281592523583635,0.0009999999999999903,0.3082995841851287,0.38709214947998727,-10.939961142589912,-9.50426701933158,-0.653095787979545,6.873565746614981,13.1315114182646,18.14297444931046,20.942842479943927,19.84392023227978,14.644426114905976,7.604684922426263,-0.9413394920108877,-10.093625132625538,5.754303065756189,2.5613095081527555,2.5957922482210494,2.6199998254460577,2.2343600146935003,1.348726063475421,1.942092015419004,0.9608894412448042,1.3756468659482024,1.9278291967040584,1.9648537409838345,3.1960203681633144,4.196480527399209,2.243666651242165,21.18948275116794,15.417566625549325,37.773393451468166,42.724018476545695,82.39822574216102,111.54490634182785,99.26337476073907,103.86835294772024,87.74278382922141,65.14801862256023,44.33948091916861,24.9963818313461,61.36716552550646,13.207243553436818,6.574930357546025,20.870748400878263,20.800185640587276,41.88620710514023,39.95837699865721,37.69850606039593,41.436391907017494,45.50168031496538,24.558628334269226,31.42800047773013,16.525638147969985,28.370544774199935,-10.631746031714286,-7.911111111000001,-0.550793650857143,6.898412698428573,13.271428572857143,18.428571428571434,21.00634920428572,20.20952380857143,14.574603175714287,7.742857142857144,0.23968253985714288,-9.100000000000001,6.181481481571429,2.4928860430000004,3.5420395787142867,2.8164420848571434,2.3882921137142863,1.5146486575714289,2.193363104714286,1.0073493322857143,1.9168045961428573,1.7883156291428572,2.2218177551428577,4.304854794571429,4.809327475857144,2.5830117638571433,23.47142857,15.641269840000003,38.12698412428572,45.45396825428572,73.11428571428571,115.66507937142859,104.49047617857144,104.22539681428573,82.59365079428572,77.08095238142857,42.75714285714286,31.598412698571433,62.85158730000001,20.68355160714286,9.571970631285716,22.93396112714286,31.942195935714288,31.144342235714294,41.53918991571429,35.11608613857143,58.96117407000002,44.07962768,36.68889363,30.898817570000002,31.932969151428573,32.95773164285714,4990.33,4491.990000000003,216002.82999999932,239966.49499988995
"Elem Indian Colony of Pomo Indians of the Sulphur Bank Rancheria, California",0.11909679928610717,0.16629652097248532,3.680797838170077,1.6101197742918434e7,0.157,0.231,3.92,6.666e6,0.8809032007138928,0.8337034790275146,0.843,0.769,0.35892623896651144,0.35543579500627304,0.185390266498018,0.13630932228381354,0.21070535347094002,0.27,0.27,0.07,0.03,0.08,8.20697540458216,10.496883819723168,11.163665686239495,13.795616611451518,16.166274984183513,20.76041126566096,22.249559356065312,22.35284833861067,20.057980532726784,17.117015149108333,11.147693104909276,7.968544438657848,15.123622391518913,2.0771505484282007,2.18483114819129,2.6257746545552085,2.231822534524105,2.1001501144686348,2.820040978624674,3.0086847531280427,2.9746295630601316,3.252551635663035,2.349339832191807,1.5997469020134776,2.31178753964593,2.4613758503888,148.49919358678062,114.60304129166403,105.4031910595334,50.234260697361314,35.46444329116119,9.150463683024878,3.180202753558839,2.1379298427630884,6.183002130943493,35.0782443418818,55.657323886065306,133.7937676412648,58.282088683820604,112.97594436923269,100.34719887513731,96.42002536165366,40.87988386083462,31.425637821026417,13.22892920339605,6.391530395271121,3.6408586956422986,7.951595519726799,38.863661502773446,54.22058719701915,126.92987480389834,52.7729773004458,6.800000000000001,7.755555556000001,8.822222222,10.94444444,13.74444444,17.8,20.85555556,20.03333333,18.36666667,14.27777778,8.811111111,6.333333333,12.8787037,1.6725728680000003,2.42234964,2.7976676789999995,2.152969526,2.506048239,2.787023502,2.216478689,2.7106272340000004,3.004579838,2.311264685,1.787767074,1.8398369490000002,2.350765494,226.00000000000003,138.1666667,133.1111111,59.98888889,52.04444444,20.83333333,7.133333333,8.444444444,17.18888889,37.61111111,54.82222222,173.0444444,77.36574074,201.3557052,122.090704,132.7940647,49.32006297,37.54547613,23.88503716,18.62639257,15.45138433,17.72607151,46.66386301,52.09339636,126.1346613,70.30723494,3425.39999999,3083.3599999999997,216002.82999999932,239966.49499988995
Berry Creek Rancheria of Maidu Indians of California,0.14271398782284242,0.20502082676375027,3.3550244786411962,1.733608166677266e7,0.142,0.203,3.37,1.8433e7,0.8572860121771576,0.7949791732362497,0.858,0.7969999999999999,0.4219302096470872,0.4197956046452097,0.17572976302567453,0.21444869595105914,0.19407338516216682,0.13887696122255078,0.1354123136590905,0.08051472705402221,0.05599977260001963,0.11067016401514174,6.603066947065197,9.345671223593067,9.88340343493849,12.888462435052581,15.783864938264987,20.41544572908518,22.65306110453209,22.138269658359633,20.6797464658465,15.958651710757097,9.870761771400632,6.512250262832284,14.394387974626714,2.519822198712935,2.6736624989994753,2.495003554633544,2.889196107343324,2.832346178398528,3.2152113314221897,2.159031224901683,3.030675384446373,2.794817408267614,2.955064907485806,2.601006082955311,2.3276803411277616,2.7077931016640395,158.72177823787598,105.8877146956888,100.66428905073612,46.615731977150396,36.79631966320718,13.830710362118824,7.1362951281666716,11.143848580236073,9.027403902325977,38.10880944007887,52.740431125673,146.50170581309683,60.59791983231865,151.48157166692963,99.76097107985284,80.74953417581496,38.58535219258678,28.835267114211366,14.991946932978976,9.49271634733544,12.095212969261835,11.417611167212938,47.02239421841746,52.049607407013674,128.21097697574137,56.22443018753421,2.844444444,5.511111111,5.066666667,9.033333333,12.02222222,16.88888889,21.2,19.6,15.94444444,11.72222222,5.577777778,2.222222222,10.63611111,2.38857233,1.929666062,2.697220792,2.636759375,1.926640715,2.3534254,2.490983741,1.492481156,2.092911316,1.997985096,2.548910443,3.9315320730000005,2.373924042,284.9111111,198.1444444,166.8333333,94.31111111,67.31111111,23.72222222,4.088888889,5.288888889,20.15555556,58.04444444,94.68888889,221.5666667,103.2555556,194.0988179,179.9267567,188.7724291,83.19733236,44.85059767,21.57995469,8.436445407,7.404127978,25.12817697,50.44014054,77.16810294,234.8518895,92.98789765,3695.09,3326.08,216002.82999999932,239966.49499988995
"Ute Indian Tribe of the Uintah & Ouray Reservation, Utah",0.11672740388756288,0.13936988864251124,2.9742866605057463,1.7714432346346803e7,0.12914510324878747,0.16133383780632604,3.261240118909931,1.9397597473314728e6,0.8832725961124371,0.8606301113574888,0.8708548967512125,0.838666162193674,0.1986979694354669,0.19711306213974653,0.004296009859903311,0.12060086260330839,0.03876835281272155,0.05917354911970659,0.058023302918925226,0.002295117006036708,0.029486249940490785,0.010854942943102982,-2.2469758397054265,-0.18411615429961442,3.010069547367547,8.005768153153067,11.769850686152182,17.3775503471047,21.854075611153952,20.750660865977437,15.911252843185997,9.688124197131113,1.6049737962008293,-2.6808233626093134,8.73836755761406,2.7452910397297523,3.7134810305075643,2.6891712522758815,1.8692575333636898,2.9082222641711617,2.624108604658259,2.086128506946602,2.133314338054284,2.673169576363687,1.9385663268869768,2.4711419030121604,3.0272383508510803,2.573257560561849,55.71448300835062,44.67497280665971,45.58175615546124,38.80425854634228,61.203246645870635,31.450080752838904,19.142938132889334,18.980892580527435,32.40158871399582,38.24455321660335,33.53989254685551,47.919380993657654,38.97150367553542,36.64620908905665,32.415174594512,20.947133389646975,22.554075670329556,34.542557975642225,16.414540593969143,19.864921098564217,12.900233943303766,19.635633954203485,24.933136001548487,20.143077474265787,42.642290188896446,25.303248664666263,-4.85625,-2.9215277777500006,0.9979166666250002,5.559027777812502,11.122916665624999,15.90972222125,19.748611110625,19.4284722225,14.277083333437501,8.569444444375,-0.28541666675000005,-4.0361111110625,6.9594907405,5.839467341687499,5.0209662404375,3.1924260244375,2.3114324686874994,3.700746624625,3.992385742000001,2.7370802373750007,4.140669982687499,2.4882719198125005,3.7876950969375,2.7955674796874996,4.6638668152500005,3.7225479979999996,41.6284722213125,39.40902777875,36.13680555625,28.020833333125008,46.048611111875,24.524305554375,26.6777777775,29.122222221875,34.1486111125,33.527777778125,29.063888888999998,26.8000000014375,32.925694445,32.94128657893751,31.258123195625,15.5363898266875,14.9935807971875,31.958833251249995,16.3430289584375,24.977897793125,18.052484034375002,18.385579730625,20.343522340625,24.750726093812496,28.839753959812498,23.19843388125,6242.3099999999995,5618.930000000006,216002.82999999932,239966.49499988995
Cahuilla Band of Indians,0.11114307134254695,0.1512671570135449,3.3799446407094784,5.380502613243252e8,0.1,0.146,3.15,1.2696300000000001e8,0.888856928657453,0.8487328429864551,0.9,0.854,0.1883295392752557,0.18648931688502984,0.08140305474470166,0.1323132987437677,0.06172321654761769,0.31523242629918397,0.31523242629918397,0.030723481500461246,0.15934489781175143,0.1345824449697337,10.099643417216944,10.933618596174583,11.178547995096277,13.561645985019254,14.945913562618742,17.57044644110398,19.306104692644414,19.84346027553273,18.417971755314504,16.95699615042362,11.630280986046213,10.217501067573812,14.555177577240052,2.3789585455596916,2.3957641097689346,2.6884183147214373,2.1900931737445446,2.9633570198177153,2.205488092767651,2.3886901182336326,3.3176292760872914,2.5944805691732986,2.488539382284981,2.1298858614711165,2.2410600775969187,2.4985303784672652,112.78222794567392,95.99147055486523,82.84177720765081,32.87820567589216,17.942262162387678,4.997461132486521,3.488689202707316,3.5827271429525025,3.1903009553555837,11.733647125658536,27.34863785414634,54.18830409532734,37.580475921155326,103.556666260629,87.31073084044928,80.43435768139922,24.048378592439022,15.765756233183566,7.2060347050102695,4.933461595353016,4.9005768233273415,4.778966007948651,14.139717133517328,36.650531065083435,84.93594101844673,39.0550931630552,7.2,6.316666667,9.277777776,10.81666667,13.766666670000001,19.211111109999997,22.627777779999995,21.972222225,19.816666665000003,14.133333335,9.36111111,7.383333333,13.49027778,1.309655401,4.7954474085,1.6518247195000002,2.2690221315000003,2.5716072965000003,2.422311972,2.217544198,2.4325579950000003,2.2629351735,2.72212211,3.458275426,2.192229803,2.525461136,127.41666665000001,102.28333335,68.81111111,38.716666665000005,16.727777775,3.6666666665,12.97777778,9.183333331,5.8,19.483333329999997,35.966666665000005,46.06111111,40.5912037,118.14281867,100.371461065,57.17329292,18.827003445000003,15.191980430000001,4.384228878,12.853364195499998,11.145003490000002,7.151597140499999,21.643370915,51.80272075,61.25008413,39.994743834999994,801.09,721.09,216002.82999999932,239966.49499988995
"Upper Sioux Community, Minnesota",0.07702417731147128,0.11844487573470028,3.029036817959106,887433.2303415942,0.09293197285960943,0.14991500287535647,3.1464309408980826,491697.1993300504,0.9229758226885287,0.8815551242652997,0.9070680271403906,0.8500849971246436,0.745082942101227,0.6466111961437997,0.000999999999999999,0.7305290655459128,0.7234070704945728,0.7237496003414035,0.5006192006338247,0.0010000000000000002,0.6941590104844781,0.59679983404596,-7.654910061107668,-5.615207849164214,2.464842069046476,9.164067475778467,14.945046907041055,21.028616920565458,23.047078059395822,21.86934331900852,17.285454859953525,9.608572166197524,0.943755916989156,-7.2925811173694814,8.31617322225329,2.8440843068125488,2.957023545034083,1.9670894641371028,2.1036727268605735,1.5389960333880717,1.6213306890642916,0.9890536024399691,1.4000186825197525,1.879462350634392,1.6139731370805581,3.738660039568552,4.0418657670495755,2.224602528783888,14.59684998887684,12.091161027560034,42.00783199784663,65.57356054584045,101.39775367006973,112.95163094453912,93.43713745202172,101.27917206069716,87.44670798122387,43.7156984261038,31.574791290317584,22.477175315732,60.71245589288923,9.588165912360962,10.438425391978315,24.04007351474826,39.893540839101476,32.204250828721925,55.599558442285044,57.943293997947315,44.59618067108444,56.28603309240899,18.024710774732768,27.66276376865221,16.299709168862897,32.714725533609595,-9.8833333335,-7.9611111115,0.638888889,8.088888889,14.327777780000002,20.122222225,22.005555554999997,21.094444445,16.577777779999998,8.4555555555,0.044444444499999985,-8.1833333335,7.1106481485,2.7815319119999997,3.0524398099999996,2.131717749,2.8221770090000002,2.0419697329999997,1.5480067585000001,0.9925782135000001,1.4016155345,1.8194232639999997,2.3399014155,3.256786348,5.353988428,2.4618446809999996,24.61111111,14.394444445000001,36.966666665,66.761111115,98.13333333,106.55555555000001,102.03333335,89.33888888999999,86.138888885,56.68333333500001,40.866666665,28.54444444,62.58564814500001,27.76609312,9.667324171499999,25.058937119999996,37.89240455,24.860249924999998,44.735392315,37.040107185,38.596214925000005,65.10211534,26.647706859999996,38.188397315,21.505453499999998,33.088366359999995,2888.19,2599.7400000000002,216002.82999999932,239966.49499988995
"Northern Cheyenne Tribe of the Northern Cheyenne Indian Reservation, Montana",0.10862127353801299,0.1460083993833511,3.3267602163246615,1.513316064058953e7,0.1466106951571848,0.22974237963042532,3.1799999999999997,895336.9647515771,0.891378726461987,0.8539916006166489,0.8533893048428152,0.7702576203695747,0.16835455190070997,0.16186355354494356,0.002992501072882439,0.13091893142373198,0.05871309115953719,0.13861769439877436,0.13684710187397067,0.001605882365546855,0.10574065098006623,0.050354988524354605,-2.1672419714802986,-0.48432509019545467,3.218258057135759,7.7211052437048675,12.048673364109181,18.019363586841845,20.764712490632423,20.66415292786518,16.04848875132924,9.12534274977699,2.779799215722957,-2.397478390331986,8.778404244469991,3.238628884787999,3.2534489343048767,3.2906772930817914,2.9162028029636176,3.3012568154769477,3.2263177856129612,2.8640831306426535,2.9636919249012776,3.1954531194555056,2.649074834364829,4.256933254646128,3.8299720786289297,3.2488117382576043,26.189578682705452,21.299299472869027,34.95338456675365,40.41812067117467,58.05584463922282,37.82562682447387,46.54895243079669,44.753406033326314,30.53824274410296,29.577304797248246,24.55343036195842,16.493439808108526,34.267219252800764,23.10720171552367,16.785953007358735,18.776306854647622,22.66820063264493,38.058183662683554,29.195129228259958,35.06646045898827,25.870700546795497,19.777439804626635,23.77382280762692,21.168860817653606,13.574970460810171,23.98526916664222,-6.003703703499999,-2.011111111166667,1.8148148148333332,8.111111111166666,11.918518518333332,17.67037037,21.677777776666666,20.279629630000002,14.40925926,9.2777777775,0.8092592591666666,-4.957407407333333,7.749691358166667,2.737693016,3.826009050166667,1.9875261488333331,1.9140999056666668,2.279963476,1.8117523756666665,1.8202456373333336,2.198174013666667,2.0852224411666667,2.0191321788333334,5.0784581200000005,4.170058310833334,2.6606945563333335,14.822222220000002,13.16851851833333,19.892592593333337,37.79629629833334,95.82222222666667,59.818518518333335,41.92592592333334,37.41111111,28.953703703333332,30.670370371666667,21.172222221666665,15.538888888333334,34.74938271666667,9.378028884666668,7.7243933965,10.225311522166667,20.128587186666667,63.42937797166667,25.504651941666665,27.839844741666663,31.13559793666667,15.30877473,15.580133726666666,15.286582825000004,16.668398513333333,21.517473616666667,32773.14999997,29500.520000000084,216002.82999999932,239966.49499988995
"Minnesota Chippewa Tribe, Minnesota (Grand Portage Band)",0.06199560597260981,0.11698982405102148,3.120572839949202,1.5533221290207063e6,0.09899999999999999,0.163,3.13,281000.0,0.9380043940273902,0.8830101759489786,0.901,0.837,0.38983335348254805,0.3645464038796786,0.0009999999999999998,0.25290045799174743,0.2637822418041013,0.3905850151767989,0.364027608883356,0.0009999999999999998,0.27336276216126054,0.3200784671543709,-11.58347826026087,-10.059806764639129,-1.1105797101956518,6.895314009673912,13.058502416608695,18.334637682086957,20.899661833608697,19.754685988565218,14.44584540926087,7.269758454043478,-1.6377777778652172,-10.705652173030433,5.463425925369566,2.7337548425086955,2.6353312179869564,2.642665078226087,2.377510966817391,1.4048911268086957,1.9318049696173911,0.8969379175391305,1.5380040289043477,1.8508260079434782,2.0636717174782606,3.141085954991304,3.9701078676869566,2.2655493080130436,16.900048313260868,14.541642507999999,31.408647343000002,36.63937197808695,81.78396135408695,124.14995167565216,89.84101450608695,105.00309179043477,73.37903381686955,53.79956521995651,35.820869565391305,17.956521742086952,56.76864331813043,11.211886800073913,8.941798093086955,19.24664629863043,20.582121624391302,45.642660653086956,38.72375788717392,34.94808899586956,50.23760791804347,50.86699921969564,28.790289755826084,28.60595604247826,11.582256305373916,29.115005797217393,-11.955555560000002,-10.133333333500001,-2.1777777775,4.433333333,10.75,16.08888889,18.794444445,18.07777778,13.01111111,5.988888888499999,-1.8944444444999997,-9.199999998500001,4.3152777775,2.526196929,2.3572405825,3.6804762335,2.1913991009999996,1.433333723,3.541258788,1.852747215,1.6419500509999998,3.5356690009999996,1.7288037445,3.9378277329999998,7.6688108249999996,3.0079761605,34.96666667,19.3,26.25,39.366666665,74.07222222,103.25,114.3777778,83.12777777999999,103.483333345,67.82777778,51.58888889,36.85,62.871759265,15.480685339999999,8.363933929,15.785697895000002,16.519890569999998,25.323755140000003,39.1295641,24.757296805,33.512640705,48.671542835,26.747764395,23.83108262,11.321904508,24.120479905,480.78,432.77,216002.82999999932,239966.49499988995
"Pyramid Lake Paiute Tribe of the Pyramid Lake Reservation, Nevada",0.13398062188501297,0.16813848943608806,3.089439107172023,6.500152647754397e6,0.1120181721483174,0.1680847302338794,3.4199473242596086,2.930110922290315e7,0.866019378114987,0.831861510563912,0.8879818278516826,0.8319152697661206,0.14130559047121302,0.14122626261094073,0.01263508240875591,0.04529143732671792,0.0017398241168709416,0.03370420930364877,0.02852215800010752,0.010327151544202719,0.007683054092331389,0.0010230100217784343,7.419145426216036,11.19365668481069,12.40840551123979,15.017553412620632,17.981003052895318,22.289408563147727,24.50800132025241,23.989128105315512,21.870114658990346,18.067648272175195,11.287255629086854,8.258071434373417,16.190782673355603,3.378853117567926,1.469152241461024,1.7760871850037112,1.7432091050230136,1.4971892863556049,1.415386552411284,1.5574900627676314,1.787440990754268,1.3419954123689677,1.5086468568299922,1.9222978977654042,2.2312418488285064,1.8024158798433552,76.90468530529326,56.79099232849294,43.7174049328582,33.25532459099478,13.807011464617664,2.180211168899777,0.8212488660898288,1.8378206712457306,2.1360884268366744,14.292303884587971,27.00980780481068,58.56645219699331,27.609945971017066,49.47649892059391,39.40180815740905,30.73382274632516,20.905492160541947,9.566758744028203,2.9742523682331106,2.105542829836674,3.8080590063986626,2.801424499463994,16.66838313525612,30.8050725498441,49.63041200569413,21.573127259643645,0.4916666667499999,3.45277777775,5.0194444444999995,9.86944444325,13.105555555,18.294444447500002,22.7111111125,22.075000000000006,16.52222222,11.9694444425,3.886111110999999,0.07777777775,10.62291666675,2.232096447,4.233105741,2.05876378875,2.686624663,2.0403954942499998,2.2308115500000003,2.84451424275,1.7797508814999998,1.591870669,3.33557621325,2.14661891175,2.97499362925,2.51292685275,51.369444445,30.71388889,20.04722222,18.4111111075,27.23611111,17.57777778,9.2694444435,15.744444445000001,10.2361111115,20.477777780000004,27.9166666675,45.8194444425,24.568287037500003,51.7214701175,20.011472215,21.838320205,12.638807038000001,18.155403665,19.673733315,8.3685513455,23.888630765000002,11.388925119750002,23.32945573,36.448126895,45.981489535,24.453698829999997,3040.0,2736.4300000000003,216002.82999999932,239966.49499988995
Lac Courte Oreilles Band of Lake Superior Chippewa Indians of Wisconsin,0.09039462884169351,0.1512763441147412,3.023814365162451,3.0967499954729755e6,0.11600000000000002,0.224,3.0,965000.0,0.9096053711583065,0.8487236558852588,0.884,0.776,0.48853719194286116,0.4395160398318391,0.001,0.3647604286772661,0.4449282165541019,0.433424743723885,0.4041571227320506,0.0009999999999999979,0.24998240144653047,0.4100168293558134,-10.586400166602894,-9.162695079879608,-0.46643334891367244,7.024513921418104,13.188422251805878,18.239508477862802,21.10096956551564,19.98952662504433,14.75734951013066,7.737429356551097,-0.7726396019244051,-9.841800176303314,5.933979277809146,2.55277707095147,2.5465307337568825,2.621453893836678,2.171822536908073,1.2992871839794675,1.9633591049696684,1.0635265681707888,1.3978113478502099,1.986332026568829,1.9825268347778815,3.1135487449780683,4.103817650860942,2.233566141317312,21.201420644395707,15.753922329724686,38.98085238613159,43.72504796006066,83.59710167492302,114.83747083789547,94.16238399056928,107.45292684397106,92.33764193895476,64.87182558149789,43.70142583043864,25.19799346568829,62.151667790555315,13.07202057482828,7.151302623047597,22.573074840300976,22.131478841376584,39.09632934281382,40.48373022638358,27.41064537082127,45.21867082931871,50.21700308689221,25.1835926940364,32.33116672916472,16.039106419225856,28.409010130293986,-10.3,-7.033333333,-1.133333333,6.2,12.45555556,17.86666667,20.78888889,19.85555556,14.08888889,7.500000000000001,-0.377777778,-8.822222222,5.924074075,2.103568397,5.147329405,2.6,2.202271555,1.354724244,1.639359631,1.115173131,1.632567848,1.543894786,2.094039159,2.699434097,4.617569106,2.395827613,26.5,13.744444439999999,32.27777778,53.1,74.7,112.7333333,88.67777778,111.9666667,111.8444444,77.68888889,46.13333333,36.18888889,65.46296296,20.86953521,7.584871639,16.71143155,24.71360961,17.28351816,40.91112318,43.91178025,53.23523269,60.227238670000006,30.40425317,28.792967890000003,36.33739274,31.74857956,3188.8500000000004,2870.3999999999996,216002.82999999932,239966.49499988995
Port Gamble S'Klallam Tribe,0.13790932424841393,0.2403119883193893,4.056734079594567,4.169076691994547e6,0.112,0.165,3.44,1.7064e7,0.862090675751586,0.7596880116806107,0.888,0.835,0.46004313897704996,0.44220840116520316,0.0009999999999999998,0.26673655319182216,0.3983407499469307,0.4965771712598416,0.4692087775816397,0.0010000000000000002,0.3021938131686998,0.45631318464851395,0.2931470390553893,2.2307717896616768,3.7139720556437137,7.594727212282935,11.357168994985033,14.686377248068865,20.52298735775449,18.17007651218563,14.232302062080839,9.319361277148206,3.1159680637006,-2.307634730682635,8.57743540689671,3.435683847696108,2.5899708354116773,2.771525043294911,2.275437340841318,1.6401490046167666,2.424511269664671,2.581082602628743,1.3999173040748507,2.002463677158683,1.603729724588324,3.132585116158683,2.7511236628757496,2.3840149525284438,76.68792415166169,40.73097139251498,55.21620093,34.02288755568863,36.80036593462575,29.464703925958087,14.218695941092818,15.150099799820362,21.482917498832336,32.5060212913024,51.2100964744012,98.06443780369761,42.12961022643714,90.83747457913175,35.50687025242515,52.745732581706605,23.002032353263477,20.00893048579342,25.263567158562882,11.814127837726051,21.32695517556887,22.543367317889228,30.65401452318863,43.634963467290426,97.4392323627545,39.5647723408982,3.633333333,5.6555555559999995,7.544444444,11.53333333,13.75555556,16.42222222,19.5,17.3,15.799999999999999,11.75555556,6.977777778000001,3.966666667,11.153703700000001,3.995935435,4.160862624,1.257090998,4.102133591,3.026182046,4.442909457,4.244408086,2.690724809,1.815213486,4.112210814,4.554058019,2.753633963,3.429613611,140.9444444,93.95555555999998,94.37777778000002,52.38888889,55.98888889,48.96666667,27.7,25.63333333,35.95555556,105.21111110000001,148.0888889,142.7444444,80.99629629,69.71162226,37.17627305,30.959238429999996,25.845572369999996,21.75037037,26.07465244,29.296928170000005,15.946394580000002,27.364763430000004,60.62883894,91.75823457,62.17059415999999,41.5569569,1439.18,1295.44,216002.82999999932,239966.49499988995
Summit Lake Paiute Tribe of Nevada,0.13398062188501297,0.16813848943608806,3.089439107172023,6.500152647754397e6,0.09900000000000002,0.158,3.2299999999999995,912000.0,0.866019378114987,0.831861510563912,0.901,0.842,0.14130559047121302,0.14122626261094073,0.01263508240875591,0.04529143732671792,0.0017398241168709416,0.08668148322320711,0.08668148322320711,0.010609479396703064,0.020693450775411404,0.0054139155814396794,7.419145426216036,11.19365668481069,12.40840551123979,15.017553412620632,17.981003052895318,22.289408563147727,24.50800132025241,23.989128105315512,21.870114658990346,18.067648272175195,11.287255629086854,8.258071434373417,16.190782673355603,3.378853117567926,1.469152241461024,1.7760871850037112,1.7432091050230136,1.4971892863556049,1.415386552411284,1.5574900627676314,1.787440990754268,1.3419954123689677,1.5086468568299922,1.9222978977654042,2.2312418488285064,1.8024158798433552,76.90468530529326,56.79099232849294,43.7174049328582,33.25532459099478,13.807011464617664,2.180211168899777,0.8212488660898288,1.8378206712457306,2.1360884268366744,14.292303884587971,27.00980780481068,58.56645219699331,27.609945971017066,49.47649892059391,39.40180815740905,30.73382274632516,20.905492160541947,9.566758744028203,2.9742523682331106,2.105542829836674,3.8080590063986626,2.801424499463994,16.66838313525612,30.8050725498441,49.63041200569413,21.573127259643645,-1.4777777774999998,1.1333333335,2.2111111109999997,6.761111111,9.766666669,14.69444444,19.88333333,18.2,13.444444445000002,7.95,1.2444444444999998,-2.6833333335000003,7.593981480999999,3.0132904565000005,4.071815099,1.823654154,2.354284017,1.6062948680000002,2.0053735355,1.6596442345,1.2545352790000002,2.032638445,2.1143476125,2.780091583,3.4241909630000005,2.3450133535,36.888888885,19.444444445000002,24.38888889,23.644444445,38.305555555,16.633333335,14.638888890000002,11.927777777000001,11.13888889,21.955555555,26.96111111,51.105555554999995,24.752777779999995,30.069420599999997,12.749994065,14.066417529999999,13.90457037,19.44253353,16.399804319999998,23.44685428,15.0275270155,11.0343749195,20.75811518,17.387144090000003,47.897256735,20.182001055,3040.0,2736.4300000000003,216002.82999999932,239966.49499988995
The Osage Nation,0.12082499776670132,0.18868690431318907,3.0470197398856786,4.0844455034009344e6,0.153990103548466,0.24696571776974643,3.209845170750867,3.9591201444893256e6,0.8791750022332987,0.8113130956868109,0.846009896451534,0.7530342822302536,0.6340826948432112,0.573694480500712,0.3087365040937519,0.631069293783748,0.5313686658637843,0.3774161207951463,0.32127760835418484,0.24933042781695985,0.30693447301074434,0.3320218767087474,0.12526825902429908,2.1528833505183798,8.332197992300934,13.554129454604361,18.170820353028034,25.017500865196258,27.534087918704042,26.831388023626168,22.396095535077883,15.00458982247975,7.332641052223052,0.42349601943738324,13.906258222112141,2.300551340900311,2.8314742373526482,1.2361442705264798,1.3907058371433016,1.5645339581919,1.7556533108953274,1.4978785293582557,1.7204652313146411,1.7916200338404982,1.4920058523557633,2.568130699290343,2.6742772838947046,1.901953382099689,31.568314295551396,31.791803389956375,65.53834544819937,56.60535133015577,115.14955347906539,110.40906887443613,90.73417791920247,88.11056420849846,52.95175493195637,46.318539289345786,35.72645898235514,23.642076844629287,62.378834082791265,13.32632557556885,14.75652914888473,42.63024592476011,23.908153782828663,64.30864356931464,55.01690306823052,60.248140831713386,46.30103928879127,36.12370823808723,36.932284870068536,29.14174285140187,18.697656023352025,36.7826144322866,1.4092592591666666,2.075925926,8.4555555555,14.522222220000002,19.201851851666667,24.711111111666668,27.312962961666667,27.420370370000004,22.137037038333336,15.635185185000003,8.820370370500003,1.4537037038333334,14.429629630000003,3.7672595333333336,7.605372761833335,4.6927797015,2.9705829261666676,2.479407805666667,2.7016308311666672,2.693006349166667,3.0918469880000004,4.412115398333334,3.165708149833334,2.8488077898333337,3.1960892591666674,3.6353839580000002,40.44444444666667,53.729629630000005,87.29074074166668,87.11481481666668,125.16111110333334,164.7740740666667,89.54814815000002,76.75555555500003,94.00370370166667,71.21481481333333,49.259259258333344,32.60000000000001,80.99135802500003,23.84216639666667,43.871019423333344,54.07718270000001,50.08989102666667,57.997781266666664,69.31045785333333,55.72927590333335,51.15760299500001,53.66359429166667,49.298250886666665,39.52556642333334,22.642688366666672,47.600456461666674,3839.41,3455.9599999999996,216002.82999999932,239966.49499988995
Nez Perce Tribe,0.10600000000000001,0.163,3.1100000000000003,4.563999999999999e6,0.13717849971271384,0.1752863925965737,3.137604157438543,1.3213835592277774e6,0.894,0.837,0.8628215002872861,0.8247136074034263,0.1729900615975343,0.1729900615975343,0.07342659289849207,0.08302094177140916,0.0246369116558901,0.4316690381686286,0.42732045498178295,0.0010494194699924087,0.2857999013589034,0.2689853818746574,-5.150505050506494,-2.777777778,1.477777778,6.677777778000001,10.92222222,15.233333330000002,21.02886002857143,18.92222222,13.3,7.359018758909091,0.066666667,-5.177777778,6.823484847623376,2.8364856150389612,1.667166592,2.107592096,2.158574633,1.785901577,1.0087120500000002,3.624881474857143,1.579381032,2.23383079,2.070271379896104,3.6840874039999996,2.9007661819999995,2.3048042354025973,11.36161616051948,8.144444444,20.122222220000005,28.04271284077922,72.25454545454545,50.03333333,26.43102452883117,35.01111111,40.06305916194805,23.24473304779221,15.745454545454544,9.235497835636364,28.307479554545456,9.015871394987013,6.313301654,18.93493978,13.316407081688311,31.127665010129867,32.18613832,23.25672940077922,33.1540889,28.42638783623376,14.533698194805197,6.498060677714285,5.834126359155844,18.549784549480517,0.501851852,2.444444444333333,5.311111110999999,9.824074074833334,12.788888888333332,16.71851852,21.516666666666662,19.872222224999998,15.742592593333331,9.264814814166668,1.5388888888333332,-1.5740740741666666,9.495833333499998,3.7622205096666668,3.679281216333333,2.854451045833333,3.0288910715,2.5071261236666667,3.227577303166666,2.3305043843333326,2.042143586666666,2.3230487913333335,4.499437176833332,3.892690730333333,4.356619525499999,3.2086659556666657,99.46851851,61.13518518833333,79.67037037,61.45555555500001,76.90185185333331,60.03703703666666,23.59814814833333,29.490740741666663,42.92222222333333,76.14629629166667,101.28333332666666,123.07222223333333,69.59845678666666,71.86350761833332,36.18803963833332,42.20218440666666,29.741475243333337,29.895939625,35.60933365333333,22.676693958333335,23.943912036666667,28.886771208333332,41.17612086833333,56.95900197833333,73.22930139166667,41.031023469999994,160.0,144.03,216002.82999999932,239966.49499988995
Jamestown S'Klallam Tribe,0.13790932424841393,0.2403119883193893,4.056734079594567,4.169076691994547e6,0.147,0.252,3.31,6.145e6,0.862090675751586,0.7596880116806107,0.853,0.748,0.46004313897704996,0.44220840116520316,0.0009999999999999998,0.26673655319182216,0.3983407499469307,0.23840793108308586,0.23840793108308586,0.0009999999999999998,0.1724246541083563,0.1520099599928208,0.2931470390553893,2.2307717896616768,3.7139720556437137,7.594727212282935,11.357168994985033,14.686377248068865,20.52298735775449,18.17007651218563,14.232302062080839,9.319361277148206,3.1159680637006,-2.307634730682635,8.57743540689671,3.435683847696108,2.5899708354116773,2.771525043294911,2.275437340841318,1.6401490046167666,2.424511269664671,2.581082602628743,1.3999173040748507,2.002463677158683,1.603729724588324,3.132585116158683,2.7511236628757496,2.3840149525284438,76.68792415166169,40.73097139251498,55.21620093,34.02288755568863,36.80036593462575,29.464703925958087,14.218695941092818,15.150099799820362,21.482917498832336,32.5060212913024,51.2100964744012,98.06443780369761,42.12961022643714,90.83747457913175,35.50687025242515,52.745732581706605,23.002032353263477,20.00893048579342,25.263567158562882,11.814127837726051,21.32695517556887,22.543367317889228,30.65401452318863,43.634963467290426,97.4392323627545,39.5647723408982,3.616666667,4.6666666665,6.7055555555,9.944444443,12.49444444,15.266666664999999,17.98888889,17.28888889,14.888888890000002,10.35,4.716666666499999,3.1555555555,10.090277779000001,1.7643593215,3.23604212,1.337528533,2.2347238419999997,1.7707194849999999,2.660168977,2.207436966,1.5537614704999998,1.0538444145,4.8639637745,3.0021851100000005,2.0882359979999996,2.3144141675,229.05555555,175.30555555,170.18888890000002,112.72222225,116.2666667,99.09999997999999,29.927777775,67.92222222000001,90.71666666,238.27222225,348.60555555,277.9277778,163.0009259,135.172889575,86.53714843,63.791907645,49.257634044999996,62.142047205000004,60.11287945000001,24.325363965,48.9387882,52.65461165999999,176.74767759999997,226.75517055,125.33798006,92.64784155,1439.18,1295.44,216002.82999999932,239966.49499988995
Cow Creek Band of Umpqua Tribe of Indians,0.15366931973412634,0.23637449736419647,3.2637449736419644,6.286455168004207e6,0.147,0.22599999999999998,3.1600000000000006,8.494e6,0.8463306802658737,0.7636255026358035,0.853,0.774,0.34129941089113336,0.31269321305616704,0.0015297056597271365,0.2000966627176299,0.30513915492776833,0.2963750000349256,0.29238416281162133,0.0014745736872325312,0.13661230614991782,0.19572302112639944,7.069188965769274,8.696951975812334,10.6304743339798,11.892403568591176,14.681333804736838,18.36941933894737,19.070736606937785,24.254828991132385,18.94341662208399,16.833729104657095,10.279230904892076,7.658260972427432,14.031664599521527,2.4719555716379578,3.2166130536432744,2.347033865448697,2.104806031255715,3.333962383468369,4.978141410690059,2.6089374313689517,2.236812504901117,3.487752249780967,3.013817448803294,2.5967260667517262,1.6826321475140873,2.8399325139165326,169.80193159234443,120.4949731151249,115.46312246000524,68.47227833960123,52.39357315718234,17.97722842369059,4.171427727677298,3.494004370997342,17.030054934609247,50.63672987251461,67.1896095460659,167.8006556744284,71.24379910181284,130.65659424892078,100.65925868838383,126.91455412378518,61.72715524004784,36.61182968204679,18.615846520760226,5.584756160366295,5.827720278987236,20.581955792307284,40.30936365210524,76.83197633514088,137.2082664044445,63.46077309289735,3.1055555554999996,4.702777777750001,6.3694444445,9.747222222249999,12.461111110000001,16.0416666675,20.41111111,19.405555555000003,16.08888889,11.163888887499999,4.5083333334999995,2.488888889,10.54120370325,2.38856920025,3.7295004652499997,1.6040431245,2.1109329005000004,1.7851975495,2.2897124347499997,2.1977639445,1.52789031425,1.51290047,2.9419912315,3.01142691875,2.573459847,2.3061157,143.41111112500002,79.79166667,91.54722222250001,73.46388889,59.944444444999995,39.58611111250001,23.180555555,13.830555555,29.56111111,69.3138888875,115.08333334750002,174.75555555,76.12245370500001,97.26967463749999,45.27611616,38.27832518,46.1562527425,32.8748682075,22.9986082375,27.0903862275,17.585311599999997,27.763655925000002,30.2744530475,68.36983158,119.161575355,47.758254907499996,3116.17999999,2805.060000000002,216002.82999999932,239966.49499988995
"Pinoleville Pomo Nation, California",0.11909679928610717,0.16629652097248532,3.680797838170077,1.6101197742918434e7,0.135,0.194,3.53,7.022e6,0.8809032007138928,0.8337034790275146,0.865,0.806,0.35892623896651144,0.35543579500627304,0.185390266498018,0.13630932228381354,0.21070535347094002,0.5570193653720185,0.5386274236495568,0.39235593272391,0.40992930574618125,0.4613209420304323,8.20697540458216,10.496883819723168,11.163665686239495,13.795616611451518,16.166274984183513,20.76041126566096,22.249559356065312,22.35284833861067,20.057980532726784,17.117015149108333,11.147693104909276,7.968544438657848,15.123622391518913,2.0771505484282007,2.18483114819129,2.6257746545552085,2.231822534524105,2.1001501144686348,2.820040978624674,3.0086847531280427,2.9746295630601316,3.252551635663035,2.349339832191807,1.5997469020134776,2.31178753964593,2.4613758503888,148.49919358678062,114.60304129166403,105.4031910595334,50.234260697361314,35.46444329116119,9.150463683024878,3.180202753558839,2.1379298427630884,6.183002130943493,35.0782443418818,55.657323886065306,133.7937676412648,58.282088683820604,112.97594436923269,100.34719887513731,96.42002536165366,40.87988386083462,31.425637821026417,13.22892920339605,6.391530395271121,3.6408586956422986,7.951595519726799,38.863661502773446,54.22058719701915,126.92987480389834,52.7729773004458,7.544444444000001,7.911111111,8.888888889,10.55555556,13.288888890000003,18.07777778,19.96666667,19.34444444,17.72222222,13.84444444,8.866666667,7.2,12.767592589999998,1.170588646,4.060924908,1.287870766,2.114894271,1.8956822279999999,3.078464625,0.8746427839999998,0.585472269,1.210142324,2.374400509,1.670329309,1.679285562,1.833558183,227.68888890000002,151.1666667,153.1,72.73333333,56.22222222,18.84444444,5.444444444,7.888888889,13.62222222,53.57777778,85.13333333,238.68888890000002,90.34259260000002,167.3344663,103.5033937,133.0740771,41.33566862,37.25958862,21.35884542,11.12251221,18.94369581,16.7195079,42.01832272,60.31944131,183.7245795,69.72617493,3425.39999999,3083.3599999999997,216002.82999999932,239966.49499988995
Lac Vieux Desert Band of Lake Superior Chippewa Indians of Michigan,0.08830971948290715,0.14414986881059322,3.1683302761752907,2.4269385693105944e6,0.146,0.187,3.04,1.158e6,0.9116902805170929,0.8558501311894068,0.854,0.813,0.3546770293366358,0.3265122667810847,0.004476774622469905,0.254274115107737,0.2647999441492427,0.36173648310414613,0.3509983366945477,0.001,0.20119831853441528,0.3241413337593596,-7.652517725360043,-5.722869119868657,0.5839672928181187,6.537390674362608,11.831697975582227,16.687838327808585,20.300993634399173,19.043016095144413,14.136648036439226,7.756580241147191,-0.7383118564275734,-7.246550742600379,6.293156902776205,2.7443917304077794,2.436939338606895,2.429659086052635,1.7534648957829548,1.3771077727249654,1.6519272221721024,1.7443094899371234,1.5736667821190051,2.3615393173693544,1.9351304153004225,3.333510839616446,3.2894576093372163,2.2192587082047055,37.96873156284354,14.69396573941827,34.39050871955522,40.26356155850958,81.1043937281394,88.36601459540994,60.88207317770615,70.20727371631357,64.30712363689106,49.91506753624828,34.982730424497,20.959004812133237,49.83670410066144,66.92423518750773,8.905585581427818,19.780842686452033,20.265784885419222,38.749197843260404,37.12440697496279,21.958941863885443,33.693741000831416,37.74543662368891,21.010617479860286,22.530194033752473,14.494598697378692,28.598631904110423,-11.14444444,-10.5,-2.422222222,4.377777778,10.8,16.23333333,18.71111111,17.85555556,12.68888889,5.833333333,-1.8555555559999999,-9.611111111,4.247222223,1.753646993,2.060339778,2.731655989,2.358907468,1.54677083,2.675350444,1.9464354889999997,1.64629213,2.916095182,2.034084561,3.143290915,4.76509298,2.46483023,44.17777778,17.97777778,35.0,56.53333333,74.86666667,105.2777778,117.9333333,99.26666667,122.50000000000001,86.87777778,58.42222222,36.76666667,71.3,63.540730589999995,5.733406007,22.605475,40.00181246,40.31169185,34.67213499,34.28593006,41.16132894,59.14207470000001,40.60359522,33.14195897,20.65623393,36.32136439,7434.85999999,6692.510000000011,216002.82999999932,239966.49499988995
Nisqually Indian Tribe,0.118,0.17100000000000004,3.3900000000000006,5.799400000000001e7,0.11626475664261329,0.16857065929965862,3.3761180531409067,4.396282221217101e7,0.882,0.829,0.8837352433573867,0.8314293407003414,0.3615379234235625,0.3615379234235625,0.0009999999999999998,0.13892049461991884,0.277315258991651,0.41089157227510137,0.40811860484213525,0.0010000000000000002,0.19134293604210126,0.3536547604485944,0.4298924731806452,3.3850896056193545,2.731971326412903,7.484086021341936,10.920716846387096,15.770824373290322,19.976415770451613,18.527741938000002,16.0037992843871,9.111326164903225,2.5405734766903225,-1.727956989432258,8.762873357458066,3.8475086452129026,2.2452237232838708,2.594971704245162,1.9220989862645164,2.5340072540000005,3.359190509722581,2.834045804296774,1.4737195724580647,3.6103768643806453,1.7423955274967742,3.3988901587741935,2.3493505268645163,2.6593149397806455,81.18602150658064,65.61096774309678,70.82602150541935,32.68788530103226,57.09419354503226,36.343799282322585,19.55792114567742,17.558207885290326,29.003440861096777,64.68566308064516,66.7184946223226,109.90071686903227,54.26444444341936,92.35520524903225,63.260324905032256,67.12810893354839,22.92975137851613,28.714416306064518,31.302420501483873,13.136542680903228,19.591998887612906,28.671674530516125,45.17739431180645,85.03336726264516,86.49386327264516,48.649589017483876,4.0,4.816666667,7.261111111000001,10.649999999999999,12.633333335,15.255555560000003,18.46111111,18.11111111,15.500000000000002,10.561111113499999,5.2,3.3333333334999993,10.481944445,2.1297111435,3.19212127,1.430800077,2.5524193494999996,1.2967929185,1.4266678044999999,1.6628876195000002,1.9652880275,1.502622879,3.1638503705,2.8987010775,2.4217362639999997,2.1369665665,159.5611111,119.0388889,120.26666665,75.25555555499999,68.2,58.183333335,26.144444445,24.433333335000004,47.63888888500001,116.71111110000001,187.1388889,159.29444445,96.82222223,104.310128985,64.614523175,57.03434875,35.218798144999994,34.042938255,24.457082805000002,24.16408525,14.20506986,38.14833995,65.25426362,113.62910935000001,86.87465953,55.16277897,320.0,288.05,216002.82999999932,239966.49499988995
Omaha Tribe of Nebraska,0.0932112461428404,0.13869904153134419,3.0177191851732084,1.0137359777675197e6,0.1621764635154987,0.23459119199236078,2.9437797583017415,601305.687492065,0.9067887538571596,0.8613009584686558,0.8378235364845013,0.7654088080076392,0.7299111085590646,0.6133305445123465,0.0019520834650711815,0.7062049443424192,0.6938279172337709,0.6884328089990006,0.5696985934835094,0.00102286139486395,0.664994943365482,0.6478236030163257,-6.481052867377418,-4.377840501769757,3.221863799254031,9.706218638878225,15.161505376508062,21.368015233754022,23.572262542927415,22.48092742050402,17.869704301685477,10.278503584468146,1.7519175626737908,-6.033391577145563,9.043219459195564,2.85029777528508,3.039839441137097,1.9361727410604832,1.9100064271830652,1.527798885710887,1.5913752541987898,1.0463792748213705,1.3950101598685485,1.8879870217177412,1.5754468970060478,3.690327179900402,3.689170438369354,2.1783176248008065,14.201917562895153,13.40780913888306,41.72458781238306,63.715089605689485,101.00203404072579,117.09445339935488,85.31129928589921,90.40869176465723,73.19583781514517,41.07186827987499,33.23492383496774,20.565685484100804,57.911183169310476,8.871674578879833,11.025128407054032,22.61543246242338,39.07221579671774,35.18449125540724,62.466603220814505,50.62715872699998,40.77634543512904,48.43150651112902,18.21064154517338,25.883454245536285,17.98499474585161,31.76247057727821,-5.6444444444999995,-2.4000000000000004,3.1722222220000003,10.572222219999999,15.772222225,21.744444445000003,24.633333335,23.172222225000002,17.47777778,10.93888889,3.4944444445,-6.022222222000001,9.742592593000001,3.0516993995,6.291955315000001,2.5412841945,1.6395577175,1.391675904,2.358326615,1.8952790655,2.4226934815,2.3872151914999997,1.4416619055000002,6.405018934,3.2511028670000006,2.923122549,20.816666670000004,32.66111111,47.72222222,75.56111111499999,109.50555555,123.1,85.58888888999999,79.05,75.32777778,56.40555555499999,37.62777778,44.59444444499999,65.66342592500001,18.451979635,53.61136694500001,30.451534700000003,36.613876770000005,45.9514389,62.450629815,60.91731861499999,43.23647978,40.72742219,32.32539399499999,25.972441139999997,58.538697799999994,42.43738169,5288.1900000000005,4760.040000000004,216002.82999999932,239966.49499988995
"Rincon Band of Luiseno Mission Indians of Rincon Reservation, California",0.11114307134254695,0.1512671570135449,3.3799446407094784,5.380502613243252e8,0.096,0.126,3.52,1.88159e8,0.888856928657453,0.8487328429864551,0.904,0.874,0.1883295392752557,0.18648931688502984,0.08140305474470166,0.1323132987437677,0.06172321654761769,0.15760970533106658,0.15760970533106658,0.07435762634190232,0.0832615953377016,0.05864297771304655,10.099643417216944,10.933618596174583,11.178547995096277,13.561645985019254,14.945913562618742,17.57044644110398,19.306104692644414,19.84346027553273,18.417971755314504,16.95699615042362,11.630280986046213,10.217501067573812,14.555177577240052,2.3789585455596916,2.3957641097689346,2.6884183147214373,2.1900931737445446,2.9633570198177153,2.205488092767651,2.3886901182336326,3.3176292760872914,2.5944805691732986,2.488539382284981,2.1298858614711165,2.2410600775969187,2.4985303784672652,112.78222794567392,95.99147055486523,82.84177720765081,32.87820567589216,17.942262162387678,4.997461132486521,3.488689202707316,3.5827271429525025,3.1903009553555837,11.733647125658536,27.34863785414634,54.18830409532734,37.580475921155326,103.556666260629,87.31073084044928,80.43435768139922,24.048378592439022,15.765756233183566,7.2060347050102695,4.933461595353016,4.9005768233273415,4.778966007948651,14.139717133517328,36.650531065083435,84.93594101844673,39.0550931630552,8.288888889,8.211111111,9.477777778,11.23333333,13.66666667,17.8,21.42222222,21.8,19.22222222,15.08888889,11.01111111,8.644444444,13.82222222,1.027672667,3.0563231360000005,1.2637026719999997,1.467991826,1.553222457,1.7334935819999997,2.709602267,1.538668255,1.488940712,2.394496004,1.59173211,1.510886421,1.778061009,116.3,92.57777778,65.82222222,37.26666667,19.56666667,4.122222222,10.144444440000001,12.1,6.822222222,17.72222222,36.1,43.68888889000001,38.51944444,97.49667943,77.92768728,52.33817386999999,16.54486325,18.77072188,5.417512754,10.33865454,17.68954493,8.749253936,16.65351147,47.2032573,54.76094513,35.32423381,801.09,721.09,216002.82999999932,239966.49499988995
Sac & Fox Nation of Missouri in Kansas and Nebraska,0.07702417731147128,0.11844487573470028,3.029036817959106,887433.2303415942,0.13167106274607682,0.22301318823823046,3.039802176426543,580895.2627959948,0.9229758226885287,0.8815551242652997,0.8683289372539231,0.7769868117617695,0.745082942101227,0.6466111961437997,0.000999999999999999,0.7305290655459128,0.7234070704945728,0.8298846391248865,0.6540761934383941,0.0010000000000000002,0.7247162502712391,0.8123573376512782,-7.654910061107668,-5.615207849164214,2.464842069046476,9.164067475778467,14.945046907041055,21.028616920565458,23.047078059395822,21.86934331900852,17.285454859953525,9.608572166197524,0.943755916989156,-7.2925811173694814,8.31617322225329,2.8440843068125488,2.957023545034083,1.9670894641371028,2.1036727268605735,1.5389960333880717,1.6213306890642916,0.9890536024399691,1.4000186825197525,1.879462350634392,1.6139731370805581,3.738660039568552,4.0418657670495755,2.224602528783888,14.59684998887684,12.091161027560034,42.00783199784663,65.57356054584045,101.39775367006973,112.95163094453912,93.43713745202172,101.27917206069716,87.44670798122387,43.7156984261038,31.574791290317584,22.477175315732,60.71245589288923,9.588165912360962,10.438425391978315,24.04007351474826,39.893540839101476,32.204250828721925,55.599558442285044,57.943293997947315,44.59618067108444,56.28603309240899,18.024710774732768,27.66276376865221,16.299709168862897,32.714725533609595,-0.9638888887499999,0.6249999997500001,6.3722222222500005,13.719444444999999,18.42222222,23.547222222499997,26.3888888875,25.6361111125,19.541666667500003,14.702777777500001,7.12777777775,-2.3250000002499998,12.7328703725,5.15182658425,5.5537162085,3.9037220907499997,2.69708137225,2.1826643832499997,1.9759749305,1.57894661825,1.80047743025,2.878694075,2.39203343475,4.830711392,4.1656058955,3.25928786825,27.633333335000003,43.1527777775,74.3833333325,73.6361111125,105.130555555,130.44444445,104.88333334999999,95.8555555525,85.11944443499999,66.59166666750001,39.75000000000001,39.5499999975,73.84421296500001,18.670806925,49.0123165575,48.885856365,38.507558495,68.42168179500001,40.113190825000004,32.9584095075,42.7401597125,56.68374790749999,47.69232249,19.1471670875,41.242267192499995,42.006290405,2888.19,2599.7400000000002,216002.82999999932,239966.49499988995
"Eastern Shoshone Tribe of the Wind River Reservation, Wyoming",0.11249054429560207,0.13701330946964393,3.0550127821689346,1.2936250456170091e7,0.14117614446151538,0.19888061353981684,3.372357646417614,2.8927536113836793e6,0.8875094557043979,0.862986690530356,0.8588238555384846,0.8011193864601831,0.2699779582572676,0.2624405968509045,0.0014633789562185572,0.21680655252404235,0.09274600155581651,0.05609539760024144,0.05569457009786642,0.0027993493918918168,0.021838923204164907,0.002574532331752981,-2.2433379076341935,-1.0166241913495397,2.6513668343752252,7.377509856430315,11.504378226918064,17.410653684271736,21.54388028456776,20.302899213605198,15.97483282133113,9.556553181207807,1.792929490923547,-2.6855518526300766,8.514124136832395,2.846412143621647,4.288944497894338,3.6994898266892804,2.7173095786828094,3.465092656703394,3.5646265535979262,2.945960543758872,3.4637475166198834,3.2907784371246835,3.014165033742016,3.9148730979335498,2.8893288332995515,3.3417273933683616,31.44474721792396,27.003822779852992,51.48023699035684,42.0699013260714,62.780637783773855,34.43988106870422,39.067757955557774,28.040841665002972,29.604223572948463,29.34641355748483,39.4094077417134,39.08802195622626,37.81465780162522,25.982017605370537,19.30743474752992,27.643136145461696,22.32862959806316,32.958307557571096,21.741320583532666,34.44477417241232,24.92994044074694,20.14165112876105,20.262496647180985,33.50317568573619,35.86864644946679,26.592627563763998,-6.496296296333333,-4.635802469,-0.029629629555555582,5.949382716111111,9.918518518444445,15.38271604888889,20.185185185555557,18.54691358,13.139506173333332,8.029629629777778,-0.3049382717777778,-4.875308642,6.234156378888889,3.1105639564444445,5.878266512666666,2.4648985858888888,4.026717573111111,3.997194629444444,3.950562285333333,3.2757558817777777,3.184990003222223,2.6478310743333333,4.122794151777777,6.587103823111112,4.9054174122222225,4.012674657444445,23.583950617,17.796296296666664,23.271604939,37.43086419777778,69.60740740777777,48.22839506111111,37.371604938888886,31.63950617333333,31.04074073888889,27.196296296666663,26.355555556666665,18.376543208888886,32.65823045333333,17.769103131444446,17.553317302222222,19.267596984999997,25.954731226666667,43.030171653333326,46.96072052111112,53.68980983222222,34.686089348888885,30.19823227,29.595302138999998,25.53437202222222,15.066637324444443,29.942173646666667,10472.05999998,9426.24000000002,216002.82999999932,239966.49499988995
Ely Shoshone Tribe of Nevada,0.11249054429560207,0.13701330946964393,3.0550127821689346,1.2936250456170091e7,0.115,0.193,3.12,591000.0,0.8875094557043979,0.862986690530356,0.885,0.8069999999999999,0.2699779582572676,0.2624405968509045,0.0014633789562185572,0.21680655252404235,0.09274600155581651,0.06412660271286598,0.06412660271286598,0.001,0.014414487339391003,0.0020734551081965633,-2.2433379076341935,-1.0166241913495397,2.6513668343752252,7.377509856430315,11.504378226918064,17.410653684271736,21.54388028456776,20.302899213605198,15.97483282133113,9.556553181207807,1.792929490923547,-2.6855518526300766,8.514124136832395,2.846412143621647,4.288944497894338,3.6994898266892804,2.7173095786828094,3.465092656703394,3.5646265535979262,2.945960543758872,3.4637475166198834,3.2907784371246835,3.014165033742016,3.9148730979335498,2.8893288332995515,3.3417273933683616,31.44474721792396,27.003822779852992,51.48023699035684,42.0699013260714,62.780637783773855,34.43988106870422,39.067757955557774,28.040841665002972,29.604223572948463,29.34641355748483,39.4094077417134,39.08802195622626,37.81465780162522,25.982017605370537,19.30743474752992,27.643136145461696,22.32862959806316,32.958307557571096,21.741320583532666,34.44477417241232,24.92994044074694,20.14165112876105,20.262496647180985,33.50317568573619,35.86864644946679,26.592627563763998,-1.9074074073333336,0.588888889,1.3296296293333334,5.396296296333333,9.122222221000001,14.970370370000003,19.811111110000002,17.97407407666667,13.781481483333334,8.848148147333333,1.6888888886666666,-2.396296296,7.433950617333333,4.772760445333334,5.14993696,2.388736221666667,2.399994739333333,2.7072910363333333,2.9505244493333334,2.4219419336666665,1.2961065303333335,2.0208205206666667,4.797516956333333,4.5302561216666675,2.9639628743333333,3.1999873990000003,34.322222223333334,38.92962963,32.86296296333334,34.04444444666667,50.15555555333333,18.081481483333334,15.477777776666665,38.748148150000006,23.085185183333337,27.15555555666667,30.107407406666667,25.000000000000004,30.66419753,21.905745913333334,27.020789710000006,14.878421860000001,20.474755016666666,22.89820372,13.134621665333334,15.48606557666667,49.61178987,19.05757146666667,15.799408000000003,23.89146981333333,24.131234253333332,22.357506406666666,10472.05999998,9426.24000000002,216002.82999999932,239966.49499988995
Timbisha Shoshone Tribe,0.11249054429560207,0.13701330946964393,3.0550127821689346,1.2936250456170091e7,0.1352905976342332,0.2069852739423407,3.338669724014972,1.6747403068893403e6,0.8875094557043979,0.862986690530356,0.8647094023657668,0.7930147260576593,0.2699779582572676,0.2624405968509045,0.0014633789562185572,0.21680655252404235,0.09274600155581651,0.03963632128744971,0.03630652234249261,0.006388627976409937,0.010661776937097857,0.0011899809591822974,-2.2433379076341935,-1.0166241913495397,2.6513668343752252,7.377509856430315,11.504378226918064,17.410653684271736,21.54388028456776,20.302899213605198,15.97483282133113,9.556553181207807,1.792929490923547,-2.6855518526300766,8.514124136832395,2.846412143621647,4.288944497894338,3.6994898266892804,2.7173095786828094,3.465092656703394,3.5646265535979262,2.945960543758872,3.4637475166198834,3.2907784371246835,3.014165033742016,3.9148730979335498,2.8893288332995515,3.3417273933683616,31.44474721792396,27.003822779852992,51.48023699035684,42.0699013260714,62.780637783773855,34.43988106870422,39.067757955557774,28.040841665002972,29.604223572948463,29.34641355748483,39.4094077417134,39.08802195622626,37.81465780162522,25.982017605370537,19.30743474752992,27.643136145461696,22.32862959806316,32.958307557571096,21.741320583532666,34.44477417241232,24.92994044074694,20.14165112876105,20.262496647180985,33.50317568573619,35.86864644946679,26.592627563763998,4.51111111125,6.0444444445,7.8888888900000005,11.54722222275,15.702777777500001,21.10277778,25.355555555,24.0999999975,19.619444445,14.65,7.7805555565,4.405555555499999,13.559027777499999,1.48307116575,2.37868779925,2.37346783625,2.7126254395,2.7389140170000004,3.6940497117500004,3.4151210985000002,2.58984891775,3.0462361249999996,1.4882011345,2.35830500625,2.6754785455,2.5795005665,60.9055555475,37.330555555,24.5916666675,20.230555555000002,14.563888888000001,5.25,11.3916666675,11.047222223000002,12.063888888249998,7.725,7.96388888825,25.83055555275,19.90787037,57.153463782500005,39.2192277,22.469067637499997,25.079346015,15.274600317500001,6.73971268375,14.7018569325,14.573919557499998,14.481971359999998,7.63431555675,12.446478672999998,26.39806119,21.34766845,10472.05999998,9426.24000000002,216002.82999999932,239966.49499988995
St. Croix Chippewa Indians of Wisconsin,0.06199560597260981,0.11698982405102148,3.120572839949202,1.5533221290207063e6,0.09700517515022355,0.18360633140488966,3.1851943387309163,1.5154593112462228e6,0.9380043940273902,0.8830101759489786,0.9029948248497764,0.8163936685951103,0.38983335348254805,0.3645464038796786,0.0009999999999999998,0.25290045799174743,0.2637822418041013,0.3440545666797694,0.3200673585177242,0.0010000000000000002,0.20776229812067723,0.31170878076418945,-11.58347826026087,-10.059806764639129,-1.1105797101956518,6.895314009673912,13.058502416608695,18.334637682086957,20.899661833608697,19.754685988565218,14.44584540926087,7.269758454043478,-1.6377777778652172,-10.705652173030433,5.463425925369566,2.7337548425086955,2.6353312179869564,2.642665078226087,2.377510966817391,1.4048911268086957,1.9318049696173911,0.8969379175391305,1.5380040289043477,1.8508260079434782,2.0636717174782606,3.141085954991304,3.9701078676869566,2.2655493080130436,16.900048313260868,14.541642507999999,31.408647343000002,36.63937197808695,81.78396135408695,124.14995167565216,89.84101450608695,105.00309179043477,73.37903381686955,53.79956521995651,35.820869565391305,17.956521742086952,56.76864331813043,11.211886800073913,8.941798093086955,19.24664629863043,20.582121624391302,45.642660653086956,38.72375788717392,34.94808899586956,50.23760791804347,50.86699921969564,28.790289755826084,28.60595604247826,11.582256305373916,29.115005797217393,-9.094444444499999,-6.699999999999999,1.2388888889999998,7.4277777775,13.644444445000001,19.272222225,21.105555555,20.816666665,16.55,8.5555555555,1.0055555555,-6.8944444444999995,7.2439814815,3.164906537,3.1752477585,4.0846758560000005,2.4033727415,1.581793228,2.9028246530000006,1.061957149,2.085062937,3.053257678,1.9790695105000002,3.960436876,8.1078117465,3.1300347225,18.377777775,14.416666665,39.23888889,56.183333335,76.94444444499999,124.9055556,98.62222220000001,122.27222219999999,102.84999998500001,73.177777775,45.78333333,27.011111110000005,66.64861110999999,11.1766149325,8.103534686,20.138685985,36.50125045,23.40675805,40.858084625,50.568267580000004,54.832772545000005,60.219771665,39.2135952,37.300312045,17.5214606925,33.32009237,480.78,432.77,216002.82999999932,239966.49499988995
"Shingle Springs Band of Miwok Indians, Shingle Springs Rancheria (Verona Tract), California",0.12405190381094512,0.18279128349106066,3.497586068349358,3.4288796636230916e7,0.091,0.134,4.47,1.2877e7,0.8759480961890549,0.8172087165089393,0.909,0.866,0.26872614156626184,0.266902630744191,0.13306716385072667,0.14381938959738466,0.09616310563481519,0.20387329374686058,0.20387329374686058,0.05484589402902934,0.09477740470121128,0.13468151565556197,7.7373776851945255,9.459432574854558,10.857780672654295,13.72078860535631,16.52287012884626,20.433061780329844,23.29205373195206,22.759617856107877,20.60287418218497,16.731188118813744,10.529839615586807,7.457258410068996,15.008678613401772,2.326889379265501,2.8380452579867104,2.5727598065943713,2.4655649163625823,2.331869090937935,2.888065852340746,2.6436068237884336,2.425418136093116,2.4956062598077624,2.481268745662894,2.5374146035872323,2.5821222023373593,2.5490525896015104,121.9908603992616,84.2026246296638,74.17044062256018,44.02462740988587,26.024661571329446,8.085389959882805,6.80425858388942,7.735962596227303,8.04423426539525,27.378500376424686,41.12515835815003,98.37373342705055,45.66337101663053,106.21168013447264,67.4436863973059,63.41507845536107,32.05312472297863,21.85311673181263,8.91766979943183,11.266036190860396,10.262998632228031,9.830009783357683,31.70148718434399,43.42700899734446,85.39045204988011,40.98102909004379,6.1,7.433333332999999,9.3,11.66666667,15.088888889999998,20.52222222,24.98888889,23.01111111,20.65555556,13.88888889,8.133333333,5.6,13.86574074,1.308625233,2.926602125,1.8947295320000002,1.793739111,1.9029217299999999,1.996733444,2.361908362,1.695910113,1.880898131,3.021772842,3.61835598,3.560196624,2.330199436,206.5,142.9111111,128.6888889,63.88888889,57.16666667,13.37777778,11.5,12.11111111,10.64444444,47.11111111,71.28888889,152.7,76.49074074,157.8440528,132.1674454,119.97364760000002,53.05844524,38.03064554,14.24182026,17.63767275,26.16789275,15.48104576,58.94156947,71.24555152,147.7286617,71.04320423,33754.17000000998,30383.459999999945,216002.82999999932,239966.49499988995
"Minnesota Chippewa Tribe, Minnesota (Bois Forte Band (Nett Lake))",0.06199560597260981,0.11698982405102148,3.120572839949202,1.5533221290207063e6,0.12190811994435309,0.2112608843887198,3.0200566401158047,2.872892703672036e6,0.9380043940273902,0.8830101759489786,0.8780918800556469,0.7887391156112802,0.38983335348254805,0.3645464038796786,0.0009999999999999998,0.25290045799174743,0.2637822418041013,0.3459309517446793,0.31887426797732443,0.0010000000000000078,0.2915181991234117,0.30531073504780154,-11.58347826026087,-10.059806764639129,-1.1105797101956518,6.895314009673912,13.058502416608695,18.334637682086957,20.899661833608697,19.754685988565218,14.44584540926087,7.269758454043478,-1.6377777778652172,-10.705652173030433,5.463425925369566,2.7337548425086955,2.6353312179869564,2.642665078226087,2.377510966817391,1.4048911268086957,1.9318049696173911,0.8969379175391305,1.5380040289043477,1.8508260079434782,2.0636717174782606,3.141085954991304,3.9701078676869566,2.2655493080130436,16.900048313260868,14.541642507999999,31.408647343000002,36.63937197808695,81.78396135408695,124.14995167565216,89.84101450608695,105.00309179043477,73.37903381686955,53.79956521995651,35.820869565391305,17.956521742086952,56.76864331813043,11.211886800073913,8.941798093086955,19.24664629863043,20.582121624391302,45.642660653086956,38.72375788717392,34.94808899586956,50.23760791804347,50.86699921969564,28.790289755826084,28.60595604247826,11.582256305373916,29.115005797217393,-12.48611111,-9.338888888500001,-0.41111111100000003,5.341666666499999,11.830555555,17.3,19.66388889,19.1500000025,14.677777779999998,6.436111111000001,-1.1027777777499999,-10.841666664999998,5.0182870377499995,2.4816605545000003,5.1738276155000005,6.106285776,2.26622421275,1.4380910552500001,3.5374053002499997,1.3974814435,2.9627175397500003,4.765850246,1.8957937685000001,6.11268450675,5.553970123499999,3.6409993455,27.891666665000002,15.397222220000002,30.11111111,42.322222222499995,77.09166666499999,102.19444443999998,96.152777775,92.5972222225,80.305555555,68.3388888875,58.1500000025,33.724999999999994,60.356481484999996,14.012159462500001,5.52637682225,12.4614267095,26.0333065475,44.926880839999995,30.708381314999997,55.816890234999995,39.231464772500004,34.25213603,26.805599152499997,36.15748784,21.977977195,28.9925072425,480.78,432.77,216002.82999999932,239966.49499988995
"Kaibab Band of Paiute Indians of the Kaibab Indian Reservation, Arizona",0.13398062188501297,0.16813848943608806,3.089439107172023,6.500152647754397e6,0.16523390399099266,0.25124652030126465,3.147703014457647,1.7502445555188935e7,0.866019378114987,0.831861510563912,0.8347660960090073,0.7487534796987354,0.14130559047121302,0.14122626261094073,0.01263508240875591,0.04529143732671792,0.0017398241168709416,0.094748634745588,0.09438883956205457,0.005164941693630471,0.04880871577669733,0.013013931253738344,7.419145426216036,11.19365668481069,12.40840551123979,15.017553412620632,17.981003052895318,22.289408563147727,24.50800132025241,23.989128105315512,21.870114658990346,18.067648272175195,11.287255629086854,8.258071434373417,16.190782673355603,3.378853117567926,1.469152241461024,1.7760871850037112,1.7432091050230136,1.4971892863556049,1.415386552411284,1.5574900627676314,1.787440990754268,1.3419954123689677,1.5086468568299922,1.9222978977654042,2.2312418488285064,1.8024158798433552,76.90468530529326,56.79099232849294,43.7174049328582,33.25532459099478,13.807011464617664,2.180211168899777,0.8212488660898288,1.8378206712457306,2.1360884268366744,14.292303884587971,27.00980780481068,58.56645219699331,27.609945971017066,49.47649892059391,39.40180815740905,30.73382274632516,20.905492160541947,9.566758744028203,2.9742523682331106,2.105542829836674,3.8080590063986626,2.801424499463994,16.66838313525612,30.8050725498441,49.63041200569413,21.573127259643645,2.077777778,3.4444444444999998,5.922222222499999,8.7444444445,13.955555555,18.22222222,22.455555555,22.1,18.894444444999998,11.86111111,4.4944444445,1.6777777779999998,11.154166665000002,3.9780588124999996,3.5047283475,3.063724416,1.9445916964999999,3.2946735465000003,2.3976761399999997,2.406884689,1.3550941425,2.5662778470000003,1.681992982,2.426124073,3.7204755095,2.6950251834999994,77.82222222,68.86666667,45.077777775,37.2,34.733333335000005,19.961111110000004,25.211111109999997,29.222222220000003,20.488888884999998,39.63888889,39.311111115,26.983333334999998,38.70972222,65.17840699,42.078065465,28.871499645,30.52030869,41.167093105,23.66754155,14.34320134,16.787715929999997,15.119705869999999,35.678438465,50.84174513000001,30.39980368,32.887793825,3040.0,2736.4300000000003,216002.82999999932,239966.49499988995
Big Pine Paiute Tribe of the Owens Valley,0.11700325050761451,0.14354929299041946,3.0622419738762154,1.1584732834127221e7,0.105,0.144,3.27,1.052e6,0.8829967494923855,0.8564507070095806,0.895,0.856,0.2439242279687092,0.23789697784603633,0.003725438430402789,0.1820779730422991,0.07431896518131421,0.08661750513103256,0.0853060941517156,0.00880319009656081,0.04104376282758139,0.001,-0.2248259580845239,1.5341277224513048,4.689631582783506,8.97353012165804,12.857358009888197,18.429835263342145,22.163091053033522,21.072959746659453,17.206368900010876,11.334537841185032,3.7763130684834105,-0.39940722366082687,10.117793344136485,2.9576401200338127,3.699884297922925,3.297687196672148,2.513818056037068,3.0539937361298084,3.1156460508686465,2.655906304010857,3.113563755710922,2.8836737947013047,2.6996592979634024,3.498620183134156,2.7518531558674058,3.0201621624877504,40.94141852742868,33.226421629421566,49.85856596345694,40.2285187481948,52.54995002758538,27.70077198758812,31.077986283176692,22.566978563484497,23.866075613610274,26.201580162727986,36.81910670030398,43.157104700381545,35.68287324271871,30.890061391289574,23.50518924242869,28.288786711740094,22.031333362278254,28.071766575585627,17.820842778630606,27.68904454796297,20.5175374798184,16.519243363614788,19.511679199823227,32.93953658461232,38.74350659280399,25.544043985964667,2.855555556,2.144444444,5.266666667,7.311111111,10.84444444,16.51111111,21.23333333,18.8,16.04444444,11.05555556,6.1,3.255555556,10.11851852,3.116532974,3.622192399,2.868797658,2.552177719,2.657118322,1.887752926,2.724885319,1.717556404,1.592255563,4.503362941,2.946183973,3.121742747,2.775879912,99.57777778,58.72222222,42.46666667,31.28888889,14.26666667,10.36666667,29.57777778,10.866666670000003,16.94444444,16.08888889,20.74444444,79.63333333,35.8787037,93.26466075,62.05910042,29.26734528,26.91600102,13.716413529999999,22.61559197,39.7270304,15.92921844,15.3134019,15.79053866,33.13001325,78.21724554,37.16221343,13512.05999998,12162.67000000003,216002.82999999932,239966.49499988995
Ute Mountain Ute Tribe,0.089,0.12000000000000001,3.61,818000.0,0.14137320487560204,0.21698516619508287,3.143615047559393,3.4097666605083635e6,0.911,0.88,0.858626795124398,0.7830148338049171,0.038388617098155435,0.03836793161735682,0.001,0.01303362865125682,0.001,0.06693688418335556,0.06528732581384349,0.0017571582834139505,0.04230134049718806,0.01372167253850739,-2.6583333332500003,-1.08055555575,2.48333333325,6.066666666750001,11.519444445,17.238888890000002,19.69722222,21.352777775,15.222222219999999,9.71388888925,0.491666667,-2.08055555575,8.16388888825,3.5466735230000004,2.7385021432500003,3.12149767925,2.3597957495000004,2.294622653,4.3383983845000005,2.78808960525,1.71859013475,3.2119236145,2.72819528125,4.92731503625,4.79041786725,3.2136684727499993,15.288888887500002,17.35555556,28.552777779999996,43.2361111075,59.80833333750001,34.194444445,45.683333332500005,43.202777777499996,29.472222219999995,21.4444444475,15.6611111125,15.141666664999997,30.753472224999996,14.3498187975,11.50631469,17.703842387499996,23.529644747500004,34.451202585000004,18.535573305,42.3545190475,31.650615657499998,20.976367755,10.604770595,8.328700680999999,17.268734285,20.938342045000002,-1.0347222221249999,3.197222222125,5.431944444625,8.883333333875,14.4875,19.662499998749997,23.411111109999997,22.454166666249993,18.069444444999995,11.418055554874998,4.0847222221249995,-0.147222222125,10.826504630499999,2.0227411746249997,3.0243625868749997,1.831206416375,2.6265536772499996,2.1833845726249996,2.8779275095,2.161988346125,2.1495740959999994,1.7207746112499995,1.7741743127499998,2.5574430811249997,3.6205194345,2.3792208181249994,43.91111111124999,40.36944444625,33.7722222225,27.101388889999992,24.095833333749997,15.091666667999998,25.506944444999995,30.358333334999998,31.694444443749997,32.74999999874999,33.77361111125,15.099999998749999,29.460416667499995,25.221212101249996,38.54973661375,21.417154033749995,19.302306532499998,29.962588529999994,25.517954878624995,21.904859753749996,18.850175455,19.74526815,22.200175671249994,56.59570746124998,16.2261661495,26.291108778749994,160.0,144.03,216002.82999999932,239966.49499988995
"Bad River Band of the Lake Superior Tribe of Chippewa Indians of the Bad River Reservation, Wisconsin",0.09039462884169351,0.1512763441147412,3.023814365162451,3.0967499954729755e6,0.11733307393570981,0.19590405782549802,3.3171450805510583,996785.4358320393,0.9096053711583065,0.8487236558852588,0.8826669260642902,0.804095942174502,0.48853719194286116,0.4395160398318391,0.001,0.3647604286772661,0.4449282165541019,0.4340199203515163,0.4095993224489371,0.0010000000000000007,0.3480406513461276,0.38155870838708394,-10.586400166602894,-9.162695079879608,-0.46643334891367244,7.024513921418104,13.188422251805878,18.239508477862802,21.10096956551564,19.98952662504433,14.75734951013066,7.737429356551097,-0.7726396019244051,-9.841800176303314,5.933979277809146,2.55277707095147,2.5465307337568825,2.621453893836678,2.171822536908073,1.2992871839794675,1.9633591049696684,1.0635265681707888,1.3978113478502099,1.986332026568829,1.9825268347778815,3.1135487449780683,4.103817650860942,2.233566141317312,21.201420644395707,15.753922329724686,38.98085238613159,43.72504796006066,83.59710167492302,114.83747083789547,94.16238399056928,107.45292684397106,92.33764193895476,64.87182558149789,43.70142583043864,25.19799346568829,62.151667790555315,13.07202057482828,7.151302623047597,22.573074840300976,22.131478841376584,39.09632934281382,40.48373022638358,27.41064537082127,45.21867082931871,50.21700308689221,25.1835926940364,32.33116672916472,16.039106419225856,28.409010130293986,-10.111111111333333,-7.777777777666667,-0.2148148146666667,5.725925926,11.89629629333333,17.496296296666664,19.881481479999998,19.674074076666663,15.114814816666668,7.2333333333333325,0.20740740733333332,-6.3999999999999995,6.060493827333333,2.044218238,3.35303555,4.359817924666666,2.080701853333333,1.4620711936666668,3.0577764046666664,1.154680837,2.0986090326666664,3.851867217666667,1.866184913,4.113275782666666,10.188971990999999,3.302600911666667,24.485185186666662,15.562962966666666,30.607407406666663,54.111111109999996,70.91481481666666,102.36666666666666,97.87777777333334,108.15555555666667,118.33333336666668,75.18888888666665,51.922222223333335,35.714814813333334,65.43672839666667,12.024945739333333,7.162015587666667,21.84585987666667,32.088623676666664,30.589575236666665,30.049565219999998,37.333040553333326,46.909630013333334,66.20566041666666,41.20464626333333,42.59105778666666,22.51937754,32.54366649333333,3188.8500000000004,2870.3999999999996,216002.82999999932,239966.49499988995
"Minnesota Chippewa Tribe, Minnesota (Fond du Lac Band)",0.06199560597260981,0.11698982405102148,3.120572839949202,1.5533221290207063e6,0.09706864746028158,0.15960786132752874,3.2177449707072987,6.0771835199553715e6,0.9380043940273902,0.8830101759489786,0.9029313525397185,0.8403921386724713,0.38983335348254805,0.3645464038796786,0.0009999999999999998,0.25290045799174743,0.2637822418041013,0.3531916414012067,0.34192197897938076,0.0009999999999999979,0.2125168626753289,0.28162577258558613,-11.58347826026087,-10.059806764639129,-1.1105797101956518,6.895314009673912,13.058502416608695,18.334637682086957,20.899661833608697,19.754685988565218,14.44584540926087,7.269758454043478,-1.6377777778652172,-10.705652173030433,5.463425925369566,2.7337548425086955,2.6353312179869564,2.642665078226087,2.377510966817391,1.4048911268086957,1.9318049696173911,0.8969379175391305,1.5380040289043477,1.8508260079434782,2.0636717174782606,3.141085954991304,3.9701078676869566,2.2655493080130436,16.900048313260868,14.541642507999999,31.408647343000002,36.63937197808695,81.78396135408695,124.14995167565216,89.84101450608695,105.00309179043477,73.37903381686955,53.79956521995651,35.820869565391305,17.956521742086952,56.76864331813043,11.211886800073913,8.941798093086955,19.24664629863043,20.582121624391302,45.642660653086956,38.72375788717392,34.94808899586956,50.23760791804347,50.86699921969564,28.790289755826084,28.60595604247826,11.582256305373916,29.115005797217393,-10.56666667,-5.661111110999999,-1.3333333334999997,5.6,12.083333335,17.944444445,20.183333335,20.22222222,13.811111110000002,7.066666666500001,1.9277777779999998,-9.1611111115,6.009722222000001,2.3154000485000004,9.271834327999999,3.0027513874999996,2.4058427475,1.3846649274999998,4.2145575375,1.51945652,3.5708645695,1.5242157655000002,2.08349233,9.575960722,4.842509984,3.8092959055000004,29.433333335000004,15.244444445000001,35.83888889,45.23888889,75.16666667000001,99.98333335,92.01666667,102.96111109999998,103.01666668,77.65555555499999,44.444444445,30.466666665,62.622222225,24.374781640000002,7.3772511430000005,20.11278119,35.078878419999995,27.662082050000002,39.15386468,31.96031138,52.140727905,52.284136685,32.315569409999995,30.340615755,21.965546215499995,31.23054554,480.78,432.77,216002.82999999932,239966.49499988995
Picayune Rancheria of Chukchansi Indians of California,0.12394650256346365,0.1806213081569408,3.477876454736056,2.4866861138051465e7,0.132,0.204,3.97,1.3794e7,0.8760534974365364,0.8193786918430592,0.868,0.796,0.21411905263205344,0.21292109868727138,0.10338951637107154,0.09882908400269849,0.06410949300050935,0.34382022968037373,0.34382022968037373,0.1109048274778449,0.20346927180590052,0.2020189525144095,8.497227762588329,10.07593351462752,11.17820449293339,13.533035559502167,16.135110707841523,20.086601390442457,22.590735570151256,22.258583257491953,20.25917920834237,16.70612511346948,10.885751183426436,8.055644605541504,15.021844363708428,2.1907199206118237,2.470979238327584,2.3612813098869294,2.401989964512206,2.4511527564593627,2.596382085480397,2.7062887995395806,2.359905272104807,2.379459439590648,2.3596768316910626,2.4596634896983525,2.510431795257044,2.437327575293055,118.80183136481043,86.42959887198693,75.73227520787992,43.071599879215306,24.002984989975737,7.756496020742086,5.041712098404101,5.387234008160175,7.7457693160098255,25.162102548874078,40.044110003903185,90.88856290828731,44.17202310178717,97.69547233027535,77.99311475936312,71.42733399634129,29.913922502557437,19.622190233657985,8.339100969988586,8.145928102622227,5.926968617218899,9.448115123993626,28.44074154909391,40.574848366472175,86.88400696438589,40.367645293104665,5.766666667,7.277777778,10.07777778,13.58888889,17.25555556,22.7,25.22222222,25.14444444,20.911111109999997,16.55555556,9.255555556,5.066666667,14.90185185,1.933907961,3.231399765,1.710100712,1.852325865,1.235021367,2.593260496,2.828770836,0.817176711,1.2771496040000003,1.207384685,2.439831506,3.999374951,2.093808705,182.9,121.2444444,107.0111111,59.72222222,38.15555556,10.27777778,9.411111111,8.333333333,5.811111110999999,32.07777778,55.63333333,104.6222222,61.26666666,100.42448660000001,90.39235464,92.01144554,24.21682152,28.64363416,10.737641470000002,18.02646974,15.79659773,4.711274892,37.64660601,50.26335643,79.0787705,45.99578827,53976.97999998998,48586.44999999993,216002.82999999932,239966.49499988995
Lone Pine Paiute-Shoshone Tribe,0.11700325050761451,0.14354929299041946,3.0622419738762154,1.1584732834127221e7,0.105,0.144,3.27,1.052e6,0.8829967494923855,0.8564507070095806,0.895,0.856,0.2439242279687092,0.23789697784603633,0.003725438430402789,0.1820779730422991,0.07431896518131421,0.0919460413227742,0.0918365258793649,0.02074070502277858,0.055850196320263536,0.001,-0.2248259580845239,1.5341277224513048,4.689631582783506,8.97353012165804,12.857358009888197,18.429835263342145,22.163091053033522,21.072959746659453,17.206368900010876,11.334537841185032,3.7763130684834105,-0.39940722366082687,10.117793344136485,2.9576401200338127,3.699884297922925,3.297687196672148,2.513818056037068,3.0539937361298084,3.1156460508686465,2.655906304010857,3.113563755710922,2.8836737947013047,2.6996592979634024,3.498620183134156,2.7518531558674058,3.0201621624877504,40.94141852742868,33.226421629421566,49.85856596345694,40.2285187481948,52.54995002758538,27.70077198758812,31.077986283176692,22.566978563484497,23.866075613610274,26.201580162727986,36.81910670030398,43.157104700381545,35.68287324271871,30.890061391289574,23.50518924242869,28.288786711740094,22.031333362278254,28.071766575585627,17.820842778630606,27.68904454796297,20.5175374798184,16.519243363614788,19.511679199823227,32.93953658461232,38.74350659280399,25.544043985964667,2.722222222,1.077777778,3.722222222,5.344444444,8.8,15.7,19.1,16.88888889,14.6,9.455555556,4.966666667,3.1,8.789814815,4.019570182,3.8512263560000006,4.280706068,2.8147429330000002,2.731300057,5.786838515,3.636275567,1.49117776,2.883574171,3.909639085,3.307567082,3.694252292,3.533905839,150.8444444,90.37777778,59.92222222,39.51111111,9.711111111,15.88888889,19.64444444,11.98888889,21.53333333,17.78888889,26.27777778,117.2333333,48.39351851,145.001501,110.8757951,52.36283935,47.00998416,12.44793602,36.72320263,43.74317407,17.24640864,25.45329055,21.53871192,58.515741,130.0971368,58.41797677,13512.05999998,12162.67000000003,216002.82999999932,239966.49499988995
Confederated Tribes of the Warm Springs Reservation of Oregon,0.138,0.18899999999999997,3.2999999999999994,2.8423000000000004e7,0.13100061191831475,0.1829476189572743,3.594380633690402,2.535744434097967e6,0.862,0.811,0.8689993880816853,0.8170523810427257,0.6334817449437249,0.6246128013829213,0.0011274815115641886,0.42819356871548503,0.5531618185172918,0.2002525183637259,0.19836301681139068,0.0013072553428344373,0.10603870481989128,0.06124464370481037,2.979029028936936,4.909009007815315,6.125675675495495,10.030880880243243,12.736336335225225,17.502402401936934,20.33793793828828,20.60460460279279,16.521021020765765,13.393143143603604,5.69274274339189,3.8075075075225215,11.220024189774774,3.1773823424234235,2.9657846368108105,2.459475193405405,2.806370600409909,2.851446356824323,2.7277054007792785,3.368434749018018,3.5915141222882876,3.283861364716216,3.3920552945990985,2.169950882761261,3.2417541397387386,3.002977923563063,132.00995994990987,97.86286284729728,117.64164164819819,72.5209209217117,48.51046046256756,15.342842839819815,4.405655655518018,5.454704704774774,10.823023021702703,42.3257257281982,50.704604602477474,136.40945944414415,61.16765515130629,96.44059198743241,95.25315835342342,118.49854277018018,67.23305802315315,30.393677936531528,14.560507544954953,4.4497338816891885,5.352563329896396,12.89568287297297,52.12557044081081,36.54752911594594,109.30063552995493,53.58760431346846,0.39999999999999997,2.525,4.00000000025,7.463888889,10.408333333499998,14.166666665,19.1499999975,17.71388889,14.23888889,8.38888888875,2.27777777775,-1.6083333332499998,8.2604166665,2.5411675427500002,3.3024210925,1.5698735554999999,1.82000335675,1.6141418415,2.2006112565,2.4024532665000002,1.9851208110000003,1.920824747,2.1127605032499996,2.4454058350000003,2.6319898587499995,2.21223113875,139.602777795,97.29444443499999,77.27222223499999,73.3666666675,63.4083333325,49.0972222225,21.608333332500003,18.980555555,40.69999999750001,71.89444444749999,104.1083333375,158.005555565,76.27824074,87.66832942,57.114479422500004,34.8163710125,45.4476321375,37.195206170000006,34.65916802,26.9392578375,22.90625516,34.933356375,38.439729050000004,57.505969252499995,91.84023031000001,47.455498680000005,484.22,435.84999999999997,216002.82999999932,239966.49499988995
"Utu Utu Gwaitu Paiute Tribe of the Benton Paiute Reservation, California",0.13398062188501297,0.16813848943608806,3.089439107172023,6.500152647754397e6,0.085,0.12,3.25,665000.0,0.866019378114987,0.831861510563912,0.915,0.88,0.14130559047121302,0.14122626261094073,0.01263508240875591,0.04529143732671792,0.0017398241168709416,0.08362143945762583,0.07929725525945212,0.03991765778356334,0.02086483683963474,0.0010000000000000002,7.419145426216036,11.19365668481069,12.40840551123979,15.017553412620632,17.981003052895318,22.289408563147727,24.50800132025241,23.989128105315512,21.870114658990346,18.067648272175195,11.287255629086854,8.258071434373417,16.190782673355603,3.378853117567926,1.469152241461024,1.7760871850037112,1.7432091050230136,1.4971892863556049,1.415386552411284,1.5574900627676314,1.787440990754268,1.3419954123689677,1.5086468568299922,1.9222978977654042,2.2312418488285064,1.8024158798433552,76.90468530529326,56.79099232849294,43.7174049328582,33.25532459099478,13.807011464617664,2.180211168899777,0.8212488660898288,1.8378206712457306,2.1360884268366744,14.292303884587971,27.00980780481068,58.56645219699331,27.609945971017066,49.47649892059391,39.40180815740905,30.73382274632516,20.905492160541947,9.566758744028203,2.9742523682331106,2.105542829836674,3.8080590063986626,2.801424499463994,16.66838313525612,30.8050725498441,49.63041200569413,21.573127259643645,-0.022222222,0.788888889,1.911111111,5.266666667,9.044444444,13.97777778,18.2,17.4,12.96666667,8.1,1.9666666669999997,0.322222222,7.493518519,1.696892585,1.919273589,2.275106835,2.304343724,2.584623334,2.448355457,1.456021978,2.098809186,1.61322658,1.958953802,3.3845236,2.19361447,2.161145428,150.6333333,89.98888889,62.46666667,42.66666667,36.08888889,14.35555556,29.22222222,14.85555556,15.711111109999997,31.98888889,37.07777778,100.1666667,52.10185185,113.6596344,74.72727823,50.87536241,24.58256496,29.12170344,16.80655461,37.03112805,23.13925837,13.72447125,34.0901175,40.60682756,97.65812818,46.33525241,3040.0,2736.4300000000003,216002.82999999932,239966.49499988995
"Big Valley Band of Pomo Indians of the Big Valley Rancheria, California",0.11177615703475867,0.15240793682192677,3.7674050638285883,1.2778752594467994e7,0.157,0.231,3.92,6.666e6,0.8882238429652414,0.8475920631780732,0.843,0.769,0.3592833947710342,0.35793770893981597,0.18414924790776516,0.18982891363531637,0.19307753165770447,0.633862104878806,0.4135093826394491,0.39747884877122197,0.5886316534397237,0.39831899619632677,7.686708751021085,9.83852010939087,10.421061651190355,13.40710225983542,16.073285175251858,20.418694953846163,23.255247516048414,21.513273895119113,20.080233416306132,16.527992538590393,10.162291205456082,7.304208425508202,14.724051658164791,2.1523589558639222,2.116583772065601,2.8584765556362766,2.4400373288656776,2.6198799298865705,3.547719064883058,2.5277986544593927,3.7096505606118724,3.6846716416220215,2.7006856239207355,2.4794653909328392,2.661397124912339,2.791560383633152,162.37810750679427,108.72120265406286,110.66016096794614,49.841045164299125,42.26797258068135,9.743782810127298,4.106353854841079,3.6220226474012125,8.77356718273624,39.17020911974423,62.466916135058554,145.54596077957248,62.27477511737021,118.27939291976386,90.12017379382273,105.52321726628466,41.52448807041196,33.147821415189405,12.03034950654765,7.448352968007616,6.0962485360494,11.460422592379539,41.666274100023436,58.15826120748926,131.22737245533796,54.72353123580638,6.666666667000001,7.544444444,8.255555556,10.666666670000001,13.4,17.41111111,19.56666667,19.7,17.3,13.92222222,8.4,6.188888889000001,12.41851852,1.49582753,2.064044035,1.836512395,1.485765796,1.6650825809999998,2.370360966,0.796868873,2.386943652,1.336974196,1.245770623,1.480709289,1.719334497,1.657016203,241.1555556,145.8444444,147.8111111,68.83333333,52.34444443999999,21.28888889,4.077777778,6.077777778,18.74444444,45.3,73.34444444,193.7444444,84.88055555,193.5780664,115.6561403,125.5278201,45.37336774,36.57068878,23.5144341,9.692107327,11.13460572,16.29325866,43.18315644,59.28239855,122.1350698,66.82842616,9076.28999999,8170.000000000016,216002.82999999932,239966.49499988995
"Walker River Paiute Tribe of the Walker River Reservation, Nevada",0.13398062188501297,0.16813848943608806,3.089439107172023,6.500152647754397e6,0.16015266622604163,0.2812594420590853,3.360778074052918,1.1125906564324491e6,0.866019378114987,0.831861510563912,0.8398473337739584,0.7187405579409147,0.14130559047121302,0.14122626261094073,0.01263508240875591,0.04529143732671792,0.0017398241168709416,0.035334175392728706,0.02647209915989125,0.01578090209824353,0.010796425000684628,0.001012427278962062,7.419145426216036,11.19365668481069,12.40840551123979,15.017553412620632,17.981003052895318,22.289408563147727,24.50800132025241,23.989128105315512,21.870114658990346,18.067648272175195,11.287255629086854,8.258071434373417,16.190782673355603,3.378853117567926,1.469152241461024,1.7760871850037112,1.7432091050230136,1.4971892863556049,1.415386552411284,1.5574900627676314,1.787440990754268,1.3419954123689677,1.5086468568299922,1.9222978977654042,2.2312418488285064,1.8024158798433552,76.90468530529326,56.79099232849294,43.7174049328582,33.25532459099478,13.807011464617664,2.180211168899777,0.8212488660898288,1.8378206712457306,2.1360884268366744,14.292303884587971,27.00980780481068,58.56645219699331,27.609945971017066,49.47649892059391,39.40180815740905,30.73382274632516,20.905492160541947,9.566758744028203,2.9742523682331106,2.105542829836674,3.8080590063986626,2.801424499463994,16.66838313525612,30.8050725498441,49.63041200569413,21.573127259643645,1.0066666666,4.3133333334,4.9355555556,9.5911111108,13.262222221999998,18.939999997999998,23.68,22.657777778000003,17.031111111999998,12.835555556,4.5177777778,1.0644444443999999,11.152962964,2.0980350473999994,3.5380944714,3.2469995292,3.4183305582000005,3.1620254338000002,3.5436736808,3.9445170216,3.0653931173999993,3.0853559554,2.5484428146,2.9997523526,3.1296328476,3.1483544026000003,33.56,26.515555553999995,24.10222222,21.431111112,30.551111111999997,10.211111109800001,11.928888889000001,11.977777775799998,10.1244444444,17.135555556,19.479999999999997,28.606666668000003,20.468703704000003,22.889333163000003,17.6110920084,20.908251464,16.970204889999998,18.108966665999997,13.026841678,13.317400613999999,20.410550947999997,12.596261239999999,17.32123398,17.838397355999998,23.811192741199996,17.900810562,3040.0,2736.4300000000003,216002.82999999932,239966.49499988995
Puyallup Tribe of the Puyallup Reservation,0.118,0.17100000000000004,3.3900000000000006,5.799400000000001e7,0.11786127880359022,0.17069843218171793,3.392834737491852,5.845085111927192e7,0.882,0.829,0.8821387211964098,0.829301567818282,0.3615379234235625,0.3615379234235625,0.0009999999999999998,0.13892049461991884,0.277315258991651,0.497586721646447,0.4646050298870838,0.0008030530853658792,0.3591694824947253,0.45956066676088103,0.4298924731806452,3.3850896056193545,2.731971326412903,7.484086021341936,10.920716846387096,15.770824373290322,19.976415770451613,18.527741938000002,16.0037992843871,9.111326164903225,2.5405734766903225,-1.727956989432258,8.762873357458066,3.8475086452129026,2.2452237232838708,2.594971704245162,1.9220989862645164,2.5340072540000005,3.359190509722581,2.834045804296774,1.4737195724580647,3.6103768643806453,1.7423955274967742,3.3988901587741935,2.3493505268645163,2.6593149397806455,81.18602150658064,65.61096774309678,70.82602150541935,32.68788530103226,57.09419354503226,36.343799282322585,19.55792114567742,17.558207885290326,29.003440861096777,64.68566308064516,66.7184946223226,109.90071686903227,54.26444444341936,92.35520524903225,63.260324905032256,67.12810893354839,22.92975137851613,28.714416306064518,31.302420501483873,13.136542680903228,19.591998887612906,28.671674530516125,45.17739431180645,85.03336726264516,86.49386327264516,48.649589017483876,3.877777778,5.788888889,7.944444444,11.08888889,13.36666667,16.53333333,20.64444444,19.22222222,16.67777778,10.96666667,6.3,3.6111111109999996,11.33518519,3.425557538,1.510334768,1.543624882,1.174142713,1.09658561,1.206233808,2.377557103,1.401586403,1.652859475,2.507488784,2.437211521,3.54451846,1.9898084220000003,181.7555556,100.3444444,104.9,77.42222222,60.844444440000004,57.91111111000001,20.93333333,27.833333329999995,54.55555556,105.3,160.1888889,202.0,96.16574074,159.2205162,49.56949947,37.61100238,24.49978458,27.88597816,22.12834407,16.10807251,14.397482420000001,41.6115402,54.17564028,76.91882807,134.857332,54.91533503,320.0,288.05,216002.82999999932,239966.49499988995
"Otoe-Missouria Tribe of Indians, Oklahoma",0.09054176022385059,0.1357517842006492,3.0426798183247965,2.5501723576518805e6,0.14840764218316949,0.23107828978237568,3.1647103844768263,2.8732283440351738e6,0.9094582397761494,0.8642482157993507,0.8515923578168305,0.7689217102176243,0.6947655972917801,0.6114881688726972,0.0023018814724656573,0.6723438252064246,0.6677306252745847,0.4570839870368578,0.4166086378022742,0.26255201286712804,0.44358266450267575,0.37881744647288695,-6.140572241870137,-4.09774244212235,3.5805162936815376,9.973071259690814,15.445558500591872,21.685438751325083,23.910286609880735,22.747708089001765,18.2486700043507,10.693561051427118,2.2577787592937275,-5.767319395431979,9.37807960339178,2.8253327605287093,2.9997310187857775,1.8945819170494695,1.9128804571784448,1.5672597166528268,1.5242366977734099,1.062056651703622,1.4758213784032688,1.802401875112632,1.5283898011647523,3.5663834715719953,3.7827278396223494,2.1618169655852473,16.94612289053003,15.170666468957599,44.19986258321113,62.45900078452738,101.74203964554768,111.49061639955828,94.06534158461132,90.89673636414308,75.26981743382507,42.28766686449644,32.58943364753091,22.920607577689925,59.16982602120142,10.86624766195671,11.94118438268286,22.698477580790637,35.754779432910766,39.435495203763246,56.872414005552095,50.41865426951852,43.02664288315812,51.71146297524734,17.892662677773842,26.49904762822438,19.695025026696992,32.23434114419168,3.4296296296666666,5.2185185186666665,11.148148149999999,15.974074076666668,20.351851853333333,26.166666666666664,28.451851853333334,28.496296293333337,24.277777776666667,17.07777778,10.266666669000001,3.4777777779999997,16.19475308666667,2.043340918,2.7680659773333334,1.6151292030000002,1.3604703206666666,1.205923334666667,1.5521968843333331,1.4052631266666666,1.6058335110000002,1.5166312253333334,1.322223026,2.1113904663333334,2.6576586056666662,1.7636772170000001,46.91481481666666,48.73703704,88.02222223333334,89.39999999999999,142.6888889,143.2,98.32962962333333,88.92962963,77.17407407666667,72.83703703666666,46.77407407333333,44.370370369999996,82.28148148666666,24.13099628,36.358565993333336,45.46851216333334,40.648471416666666,81.12755233,69.79083785666667,59.153786266666664,55.61451399333333,49.37269374666666,46.090452903333336,43.75682015333334,36.456938136666665,48.99751177,4967.43,4471.3200000000015,216002.82999999932,239966.49499988995
Klamath Tribes,0.1437046469188734,0.2019786931890887,3.3228469967567076,1.009386312822769e7,0.16,0.238,3.3400000000000003,5.978e6,0.8562953530811266,0.7980213068109113,0.84,0.762,0.3276453765129252,0.3275596073434785,0.001,0.08946304167543373,0.1343581667253132,0.11377150679848863,0.11377142009398283,0.0009580515546647907,0.039155449126795076,0.006345533814686733,6.445612829241238,9.736861397072165,10.659198167628864,13.847789233731957,15.358098509072162,21.437915237216494,23.238717068350514,21.942382587979377,19.51315005573196,16.040778924804123,8.4758991982701,6.382016037051545,14.423201603154638,2.4776281785195873,2.1378953956082474,1.495790948929897,2.3159436137731957,3.357995948193814,1.885492880981443,3.5474894325340207,3.3110338121649483,3.4035783348391746,2.8060369022494847,2.602507357350515,2.5191752490515458,2.655047338010309,167.9406872754639,128.58171818742267,112.0072164995876,58.510996561855656,31.191088199340204,9.870011454228864,2.75757159204536,0.7317296678969071,6.936197021793812,35.72334479026803,60.75033218668042,123.94139749195875,61.578524246123706,128.33489927381441,130.18368360845358,56.09969047482473,59.72251571185566,26.30541303016495,13.724750770164947,5.355485747618556,1.0157106107628866,7.253475938608246,39.71983601521649,50.47916557837112,92.9149861622268,50.925801077443296,1.1444444443333333,2.6407407406666668,4.351851851666666,7.892592592666668,11.074074073333335,15.48888889,19.818518516666664,18.93703703666667,15.155555553333336,9.418518517333334,2.3518518516666664,0.7222222223333334,9.08302469,3.8753553893333335,3.56244428,3.3212572553333333,2.7543027196666663,2.763536126,3.6657515286666666,2.529293802666667,2.8560695469999997,2.7427252663333337,1.643163647,3.402775562333333,3.909134,3.085484093666666,80.76296296,37.07407407666666,61.388888890000004,47.37037037333333,39.20370370333334,21.544444446666667,12.2,14.333333333333332,16.54074074,34.00370370333333,63.770370369999995,126.1111111,46.19197531,68.3451403,20.12580243,42.643613599999995,26.59277717333333,26.87439224666667,17.531732833333333,10.166010634666666,18.989040963333334,16.003255346666666,25.197119886666666,54.70405484666666,136.03444090000002,38.60061509666667,1118.65,1006.92,216002.82999999932,239966.49499988995
"White Mountain Apache Tribe of the Fort Apache Reservation, Arizona",0.13181778865745883,0.1930345890561699,3.2521680039871104,1.1998375190502748e8,0.2012650884713611,0.3192626696023654,3.0718648837246763,8.42774444628449e6,0.8681822113425411,0.8069654109438301,0.7987349115286388,0.6807373303976346,0.22794861835496547,0.22174627389650622,0.04396396962273061,0.19016305510193568,0.061927962336571656,0.2169550277448879,0.1986762632880852,0.00700109428999271,0.17578933509699496,0.16382001740618163,7.443396226496855,9.062613557358489,9.951153039056603,11.900419290767292,13.920475192704403,18.812858141320753,19.369112504905658,20.223759608993706,18.431097135220128,15.437421383855346,9.804542277509432,6.186023759691824,13.378572676194967,2.102421230119497,2.4529089889182387,1.9833090664968551,1.487045171415094,1.9037799008805028,3.1577524049308168,2.3276950788238993,3.1418065114716978,2.099174989773585,2.2552917312295593,2.316646492025157,2.590287904421383,2.3181766225251565,87.56530398194965,82.27868623295596,72.75737246691823,37.19140461238993,31.117610061383647,11.65705800052201,8.757023061301886,5.887281620773584,12.125576519993711,28.109643606477984,70.44081061836476,104.45779173685533,46.02879687751571,91.25955645666666,69.73245292069181,59.40564678213836,25.806585784276727,20.981851199371064,12.347601518943392,14.266821222138361,6.519787014389936,11.386091285430817,34.16635245484277,68.6770537281132,90.19832748823897,42.06234398896226,3.5499999998750003,2.7402777780000003,7.649999999375002,10.890277777124998,15.005555555,20.48888889,23.03333333125,22.1888888875,19.905555555,12.105555553875,6.6625,3.34027777775,12.296759259499998,2.474819949375,4.043165354125,3.0928867462500005,3.0004830841250003,3.3786899118750005,2.891004158875,2.5317436413750003,2.74725391475,3.23035368675,2.8804673063750004,3.5241019548749994,3.0622475854999993,3.0714347746249997,50.11666666625001,47.37222222375001,36.70416666625,16.98055555625,7.32222222225,10.673611112,45.790277778749996,61.85555555625,32.572222223749996,30.086111112500006,23.4416666675,19.205555555,31.84340277875,32.97911423125,39.797714558749995,16.649866773,14.770265710000002,10.458685055125,14.088771301249997,30.391855386250004,41.64127958,25.60175889,37.64890043875,21.836552878750002,19.829946376499997,25.474559265000003,800.0,720.12,216002.82999999932,239966.49499988995
Suquamish Indian Tribe of the Port Madison Reservation,0.094588272834732,0.12326449940897398,3.787947746078102,1.1512807935764304e8,0.112,0.165,3.44,1.7064e7,0.905411727165268,0.876735500591026,0.888,0.835,0.5679965673598842,0.5436069280969213,0.004539002153157187,0.380803015410301,0.5149710210068134,0.4410687913401502,0.42276957601933035,0.0010000000000000005,0.2602812584803902,0.38607727142601245,0.43172654226603,3.048279521064119,3.601758374894952,7.3407154767298755,11.565150825279673,15.49645293461119,20.29455813286494,18.461861452660305,14.502167651882674,8.981749279918146,3.578838866105048,-1.6168561468103686,8.807200242794,3.143172439472032,2.788929906571624,2.8205618829658934,2.064433869620737,2.1428394926848577,4.048127266090041,2.2899649407107776,1.995306676298772,2.144383630013642,1.6617402230040932,3.909712037626193,3.2656239311173265,2.6895663581077764,75.54611186875852,48.37809610433833,62.573518266875844,34.197135060927685,40.2724268616644,26.275807184884037,14.853766864000002,17.556631802975446,25.44027588244202,42.68055176641201,62.39210246885402,81.37497347469305,44.29511646822647,79.92315151177353,46.996378693710774,52.8183966709004,25.931782300095495,20.786835311200544,21.74795913859482,11.72147549759618,19.636685723096857,26.950063901255124,40.81377075693042,71.74139251150066,77.00795491444747,41.33965391165076,4.588888889,4.4222222225,7.6333333334999995,11.799999999999999,12.933333335,14.755555555,17.66111111,17.833333330000002,15.21666667,10.611111110000001,7.050000000000001,4.544444444499999,10.754166670000002,2.9118778250000004,3.911670854,1.5291672459999999,3.780104535,1.3324989625,1.584988119,1.8363795550000002,1.7020551750000001,1.402893371,2.2111362615,4.4623307585,2.4367485525,2.4251542680000004,123.44444445,91.805555555,101.77222224500001,63.83888889000001,59.805555555,52.37777778,23.966666670000002,25.911111110000004,41.505555555,108.505555555,128.5833333,131.75555555,79.43935185000001,51.90659634,45.122882395000005,39.50680331,27.169911,24.140439055,24.737857085,23.240555609999998,17.912365175,34.694305944999996,56.507702515000005,84.23475580000002,62.46784304,40.970168105000006,1282.75,1154.7099999999998,216002.82999999932,239966.49499988995
"La Jolla Band of Luiseno Indians, California",0.11114307134254695,0.1512671570135449,3.3799446407094784,5.380502613243252e8,0.096,0.126,3.52,1.88159e8,0.888856928657453,0.8487328429864551,0.904,0.874,0.1883295392752557,0.18648931688502984,0.08140305474470166,0.1323132987437677,0.06172321654761769,0.20607848567495116,0.20607848567495116,0.04114198033157699,0.06553705818895647,0.09221305305858225,10.099643417216944,10.933618596174583,11.178547995096277,13.561645985019254,14.945913562618742,17.57044644110398,19.306104692644414,19.84346027553273,18.417971755314504,16.95699615042362,11.630280986046213,10.217501067573812,14.555177577240052,2.3789585455596916,2.3957641097689346,2.6884183147214373,2.1900931737445446,2.9633570198177153,2.205488092767651,2.3886901182336326,3.3176292760872914,2.5944805691732986,2.488539382284981,2.1298858614711165,2.2410600775969187,2.4985303784672652,112.78222794567392,95.99147055486523,82.84177720765081,32.87820567589216,17.942262162387678,4.997461132486521,3.488689202707316,3.5827271429525025,3.1903009553555837,11.733647125658536,27.34863785414634,54.18830409532734,37.580475921155326,103.556666260629,87.31073084044928,80.43435768139922,24.048378592439022,15.765756233183566,7.2060347050102695,4.933461595353016,4.9005768233273415,4.778966007948651,14.139717133517328,36.650531065083435,84.93594101844673,39.0550931630552,8.288888889,8.311111111,9.477777777999998,11.34444444,13.76666667,17.8,21.42222222,21.866666669999997,19.22222222,15.17777778,11.011111109999998,8.644444444,13.861111110000001,1.027672667,2.798412248,1.263702672,1.267981773,1.496662955,1.733493582,2.7096022670000006,1.54677083,1.488940712,2.14637938,1.59173211,1.510886421,1.715186468,113.9222222,94.12222222,67.95555556,40.51111111,19.02222222,4.255555556,11.08888889,13.61111111,6.977777778,17.51111111,34.44444444,39.22222222,38.5537037,99.45550233,76.46014939,52.2744467,20.64905836,19.16929692,5.376130372,10.16592893,21.77684805,8.652713126,16.76532466,47.57357752000001,54.04562373,36.03038334,801.09,721.09,216002.82999999932,239966.49499988995
Table Mountain Rancheria,0.12316636300976407,0.17915899812968245,3.4769466169995447,2.5005227560896736e7,0.152,0.22900000000000004,3.07,7.7333e7,0.876833636990236,0.8208410018703176,0.848,0.7709999999999999,0.21538856134357418,0.21420749483688425,0.10397903852912008,0.09973770945535684,0.06484498256871207,0.17111909986190685,0.17111909986190685,0.057367257125054964,0.09873342441067542,0.09028703310470325,8.509144916082032,10.034862830478243,11.116894931038892,13.457698961112323,16.027425043706984,19.97757018833413,22.463151566276718,22.14160400981814,20.174370269207884,16.631635064179793,10.842302726369105,8.05877446132691,14.952952913841422,2.1946928886181376,2.4993056419189683,2.362675998086658,2.4039145559786625,2.466429103131959,2.593456458761981,2.695876939605717,2.3636848237811594,2.3933028521545574,2.37211124110948,2.488851514130174,2.524169603207184,2.4465393017349446,118.88294051252919,86.9411517009565,76.48589782414408,43.30122486358668,24.238440376533795,7.923124730803146,5.225262651661201,5.5980051136895215,7.983748090765547,25.519400774904778,40.519623554781646,91.60112148962459,44.51832847392577,97.30024477009316,78.62711933373427,72.43098541880086,30.11835952322781,19.77102362071462,8.391555187039312,8.396143455550654,6.1267296768456445,9.737611233689682,28.72624043754593,40.86616784420601,87.96870920954477,40.70507414268668,9.0,10.08888889,12.38888889,15.84444444,19.21111111,23.48888889,26.755555560000005,26.222222219999995,22.47777778,17.68888889,10.93333333,8.533333333,16.88611111,1.443086969,2.804658823,2.130401631,2.876243692,2.609810551,3.797842955,3.9793564530000003,3.021497054,2.724783376,3.42981211,4.192552922,1.790949469,2.900083,58.33333333,50.04444444,49.71111111,25.57777778,17.44444444,3.088888889,6.988888889,6.311111111,6.044444444,12.988888890000002,15.722222220000003,31.67777778,23.66111111,38.12404097,40.63837814,36.39232215,21.95579524,16.93532633,4.878382018,17.05377117,18.05079253,9.241497594,18.97297054,21.72664135,25.63541387,22.46711099,51582.179999989974,46430.82999999999,216002.82999999932,239966.49499988995
Confederated Tribes of Siletz Indians of Oregon,0.1441386867177423,0.21509350990664544,3.3041762708190605,1.1602421089534093e7,0.14699509492157176,0.22398957670834,3.6599417521936646,4.368122780244407e6,0.8558613132822577,0.7849064900933546,0.8530049050784283,0.77601042329166,0.33584016179484893,0.3143964851002003,0.001009991547304725,0.16890367061368353,0.253907884981774,0.2617034438739928,0.23774201099007888,0.0009999999999999998,0.16229224478307563,0.2609944233541183,6.620469961234379,8.560053294463671,10.189308784526894,12.759520347781262,14.879639049091578,19.351029552209294,21.749022934258736,22.551356587569042,19.60993216967662,16.506330748989832,9.460755813337574,6.877511304986919,14.092910879920064,2.5101116946242743,2.7811516143513795,2.7434360137641733,2.1915937165999293,3.5639811043877168,3.573469844248187,2.2582878040897545,2.359055612478563,2.9223907238095936,2.7752872965879374,2.6383623336537068,2.3633801147685323,2.723375656197675,173.24062500050144,114.6102995655669,115.36601260579215,64.97799176474561,51.27808462626455,16.14945494153052,3.708555394094114,3.675859980500365,12.540564437185319,49.239983044193316,62.908716892380106,163.80796996199135,69.29200985114099,144.98625245358656,90.57087125851743,106.45295687577033,54.796298018768205,33.38583261848474,15.19047110621367,5.184999115289244,6.208351686570134,16.387086177241997,41.29794709929506,65.15123159517081,136.68888384280888,59.6917651535029,5.455555556,6.6,7.511111111,9.7,11.788888889999999,14.56666667,18.06666667,17.1,15.33333333,10.83333333,6.8,4.277777778,10.66944444,2.507045627,1.95512148,1.944507935,1.607015868,1.366056774,2.099404678,3.475989068,1.343502884,1.208304597,2.454587542,2.154065923,3.933121463,2.170726987,206.73333329999997,137.4555556,145.9555556,83.92222222,71.52222222,76.21111111,11.5,13.56666667,50.666666670000005,106.2,180.0333333,210.0666667,107.8194444,111.548913,76.63747633,57.8399756,42.26321621,26.71056803,27.75763158,9.404387274000001,9.647927239,25.21105908,42.34760914,92.67906991,124.5413385,53.88243099,5040.88999999,4537.500000000002,216002.82999999932,239966.49499988995
"Duckwater Shoshone Tribe of the Duckwater Reservation, Nevada",0.11249054429560207,0.13701330946964393,3.0550127821689346,1.2936250456170091e7,0.162,0.259,3.15,3.775e6,0.8875094557043979,0.862986690530356,0.838,0.741,0.2699779582572676,0.2624405968509045,0.0014633789562185572,0.21680655252404235,0.09274600155581651,0.04528048488180902,0.03588607561510605,0.01113316554500958,0.020082657065596754,0.001,-2.2433379076341935,-1.0166241913495397,2.6513668343752252,7.377509856430315,11.504378226918064,17.410653684271736,21.54388028456776,20.302899213605198,15.97483282133113,9.556553181207807,1.792929490923547,-2.6855518526300766,8.514124136832395,2.846412143621647,4.288944497894338,3.6994898266892804,2.7173095786828094,3.465092656703394,3.5646265535979262,2.945960543758872,3.4637475166198834,3.2907784371246835,3.014165033742016,3.9148730979335498,2.8893288332995515,3.3417273933683616,31.44474721792396,27.003822779852992,51.48023699035684,42.0699013260714,62.780637783773855,34.43988106870422,39.067757955557774,28.040841665002972,29.604223572948463,29.34641355748483,39.4094077417134,39.08802195622626,37.81465780162522,25.982017605370537,19.30743474752992,27.643136145461696,22.32862959806316,32.958307557571096,21.741320583532666,34.44477417241232,24.92994044074694,20.14165112876105,20.262496647180985,33.50317568573619,35.86864644946679,26.592627563763998,-0.7,2.788888889,2.855555556,7.377777778,11.222222219999999,16.12222222,22.64444444,20.62222222,15.28888889,11.41111111,3.044444444,-0.5,9.348148147000002,1.646966909,3.8063908250000003,1.747220014,2.605176471,2.477285701,2.744438821,4.316859713,2.216854629,2.343311996,2.544329207,2.649108865,2.4464259649999995,2.628697426,36.2,33.78888889,27.11111111,24.000000000000004,30.63333333,12.17777778,21.97777778,19.76666667,13.8,18.85555556,24.52222222,26.45555556,24.107407410000004,18.9563314,15.11782428,18.67909556,10.62544117,12.86914916,8.003558236,19.04795119,17.02542217,12.71436196,8.035718871,19.23816375,25.7234383,15.503038,10472.05999998,9426.24000000002,216002.82999999932,239966.49499988995
Lac du Flambeau Band of Lake Superior Chippewa Indians of the Lac du Flambeau Reservation of Wisconsin,0.09039462884169351,0.1512763441147412,3.023814365162451,3.0967499954729755e6,0.10968495714726743,0.19050520622053005,3.47905967019114,1.2132560286726276e6,0.9096053711583065,0.8487236558852588,0.8903150428527326,0.80949479377947,0.48853719194286116,0.4395160398318391,0.001,0.3647604286772661,0.4449282165541019,0.3339864563714868,0.32258080450025856,0.0009999999999999992,0.17468518712754935,0.2520980213224495,-10.586400166602894,-9.162695079879608,-0.46643334891367244,7.024513921418104,13.188422251805878,18.239508477862802,21.10096956551564,19.98952662504433,14.75734951013066,7.737429356551097,-0.7726396019244051,-9.841800176303314,5.933979277809146,2.55277707095147,2.5465307337568825,2.621453893836678,2.171822536908073,1.2992871839794675,1.9633591049696684,1.0635265681707888,1.3978113478502099,1.986332026568829,1.9825268347778815,3.1135487449780683,4.103817650860942,2.233566141317312,21.201420644395707,15.753922329724686,38.98085238613159,43.72504796006066,83.59710167492302,114.83747083789547,94.16238399056928,107.45292684397106,92.33764193895476,64.87182558149789,43.70142583043864,25.19799346568829,62.151667790555315,13.07202057482828,7.151302623047597,22.573074840300976,22.131478841376584,39.09632934281382,40.48373022638358,27.41064537082127,45.21867082931871,50.21700308689221,25.1835926940364,32.33116672916472,16.039106419225856,28.409010130293986,-11.0694444475,-9.594444444500002,-1.6722222224999999,4.8555555555,11.23888889,16.808333335,19.374999999999996,18.5527777775,13.563888887500003,6.2555555555,-0.93888888875,-9.41111111075,4.83032407425,1.975714236,2.56862996325,3.5888346857499998,2.3437890825,1.47281187275,2.7886072315,1.68843413975,1.90274094425,3.4131852169999997,2.1522604875,4.1313898375,4.78478769325,2.7342654495000005,26.0166666675,18.3,35.0250000025,52.1,80.63888889,108.0805555525,106.5472222075,120.10277780000001,121.3638889,85.89999999999999,55.59444444499999,39.991666665000004,70.80509259499999,12.709557644999999,8.46434325575,19.9473098775,26.597010112499998,41.007527405000005,37.686518344999996,40.609416785,52.681342595,67.69214029,38.546123375,30.245758925,29.199331837499997,33.78219837,3188.8500000000004,2870.3999999999996,216002.82999999932,239966.49499988995
Turtle Mountain Band of Chippewa Indians of North Dakota,0.060269984042473766,0.11205888899020433,3.2166337173350046,1.2256619084339822e6,0.163,0.287,3.0799999999999996,1.245e6,0.9397300159575263,0.8879411110097957,0.837,0.7130000000000001,0.434023460602392,0.39300775668499044,0.0010000000000000005,0.3302293210008986,0.2960125986670412,0.47211367059826786,0.4338816922596933,0.0009999999999999983,0.44012508970137065,0.25859287262147046,-11.979719524045306,-10.365516003582524,-1.337971952572815,6.856742178967637,13.077633944627829,18.411003236084138,20.89974829038835,19.70093491304207,14.391513842071197,7.200791082297734,-1.8809421072491908,-11.019525349084141,5.329557712430421,2.9698420901844655,2.6118978373656954,2.7655457327346276,2.402804674770226,1.4249219910323623,2.0100224938899673,0.9523184401326862,1.5794413615242715,1.9831875289676375,2.025346287310679,3.501114243941747,4.298120586802589,2.3770469389902913,16.88867314333333,14.363394458252426,28.605501616990292,32.92786767100323,82.73401654187701,120.95559151391583,84.64908307271844,103.34048903495143,67.02121539019416,50.7459187373139,36.520028767896434,17.805717370906144,54.71312477754044,10.841120401080905,8.994542563482199,17.40604033966019,19.218909417022655,52.18118074987054,38.004381745436895,32.70870429631068,49.138717588737855,46.41852647705501,25.997053720064724,27.259860965016184,10.93326135741424,28.258524966278316,-12.06666667,-8.444444444,-2.4,6.711111111,11.888888890000002,17.32222222,20.37777778,18.2,12.688888890000001,7.444444443999999,-2.666666667,-11.11111111,4.828703704,5.946637705,7.142673013,4.118252056,3.229336017,1.8312867360000002,2.483333333,1.829465617,1.802775638,1.572771792,3.314404589,5.911429607,6.583966214000001,3.813861026,24.42222222,23.17777778,26.93333333,25.86666667,81.63333333,124.5333333,64.55555556,114.49999999999999,44.877777779999995,42.45555556,45.33333333,23.722222220000003,53.50092591999999,13.7255945,18.61597283,17.77427917,18.08272656,30.32329962,58.99898304,24.19447825,55.47571541,33.08964256,19.50756976,27.48463207,14.93425406,27.68392899,640.78,576.79,216002.82999999932,239966.49499988995
Iowa Tribe of Oklahoma,0.07702417731147128,0.11844487573470028,3.029036817959106,887433.2303415942,0.13975319508103268,0.1996527236017709,3.0953847869353632,1.6059975356061919e7,0.9229758226885287,0.8815551242652997,0.8602468049189673,0.8003472763982291,0.745082942101227,0.6466111961437997,0.000999999999999999,0.7305290655459128,0.7234070704945728,0.36977362712331197,0.346591050631513,0.22849308807949115,0.3400141395361012,0.3373905152488028,-7.654910061107668,-5.615207849164214,2.464842069046476,9.164067475778467,14.945046907041055,21.028616920565458,23.047078059395822,21.86934331900852,17.285454859953525,9.608572166197524,0.943755916989156,-7.2925811173694814,8.31617322225329,2.8440843068125488,2.957023545034083,1.9670894641371028,2.1036727268605735,1.5389960333880717,1.6213306890642916,0.9890536024399691,1.4000186825197525,1.879462350634392,1.6139731370805581,3.738660039568552,4.0418657670495755,2.224602528783888,14.59684998887684,12.091161027560034,42.00783199784663,65.57356054584045,101.39775367006973,112.95163094453912,93.43713745202172,101.27917206069716,87.44670798122387,43.7156984261038,31.574791290317584,22.477175315732,60.71245589288923,9.588165912360962,10.438425391978315,24.04007351474826,39.893540839101476,32.204250828721925,55.599558442285044,57.943293997947315,44.59618067108444,56.28603309240899,18.024710774732768,27.66276376865221,16.299709168862897,32.714725533609595,4.185185185333333,5.914814815,11.488888886666667,16.30740740666667,20.78888889,26.15555555333333,28.451851849999997,28.655555556666666,24.47037037,17.225925926666665,10.781481483333332,4.1148148146666665,16.545061729999997,2.121187927333333,2.7037127056666663,1.2723781936666667,1.1874893223333334,0.8917007979999999,1.4894532489999999,1.3141346936666667,1.497624087,1.4595135143333333,1.1565946233333333,2.0797091576666666,2.740119569,1.6594681536666667,55.485185183333336,57.744444446666655,106.10000003333333,96.63333333333334,164.0333333333333,149.55555556666667,88.46296297,78.79259259333332,91.41111111000001,82.41111111333332,57.25185185333333,49.97037036999999,89.82098765999999,25.49053576333333,47.18337425,62.761130923333326,46.06262642,81.58725282999998,73.10297097333331,57.802431379999994,58.18912381333333,49.06311094,60.569779579999995,49.0676961,43.26133085666667,54.511780316666666,2888.19,2599.7400000000002,216002.82999999932,239966.49499988995
Lower Sioux Indian Community in the State of Minnesota,0.08454885328917792,0.1360734947120976,2.9310813280805754,2.7773113342473763e6,0.08596111683618819,0.15390668040685168,2.97,668455.6357066348,0.9154511467108221,0.8639265052879024,0.9140388831638118,0.8460933195931484,0.6190988233442901,0.5406704717205846,0.0009995059624978303,0.5814548446219304,0.5583043826990083,0.5803819613198582,0.4863029892632946,0.0009999999999999994,0.46303554829287247,0.5458192991992524,-9.509254534748742,-7.732327097185594,0.9582482993732485,8.25710211167571,14.2082341271142,19.918432893743663,22.16593324818563,21.11119968764195,16.22382901045443,8.675887542481195,-0.10760877266406269,-8.931634424350621,7.10317017430901,2.861435568464613,2.8060238743526846,2.253017653238845,2.251016909565375,1.3876582084239508,1.7627125379665225,0.8986015986140007,1.4232906235707947,1.8538568747353343,1.7989297123415209,3.6009404417873196,4.097577220448192,2.249588435422518,16.745172548679868,12.892352254367053,36.544370038922295,50.47085636292899,94.63239973181456,108.50512861589146,94.54901679513569,94.45938563263097,80.79945082260852,48.12691503665028,33.92497874103162,21.785933956776205,57.786330045274354,10.718248370319857,7.984686156843286,25.18163864146528,27.5266305147657,42.29830918874691,44.40753154110502,44.76888214041946,38.3735079705996,49.88980435807724,18.84342362541777,28.433252639896466,15.979501910536392,29.533784754596706,-6.95,-6.7166666665,1.961111111,10.133333332000001,15.894444440000001,21.22222222,24.16666667,22.455555555000004,16.527777775,10.572222224499999,2.6777777780000003,-7.7944444445,8.6791666665,6.3744411415,6.0100261040000005,4.1298857705,4.1001271255,2.9315496289999996,2.4396181425,2.976171996,2.3907553234999996,1.854171108,3.969412613,7.024728618,6.034274777499999,4.186263529500001,17.31111111,16.57222222,48.883333335,73.577777775,107.96666665,119.28333334999999,99.13888887,90.294444445,90.055555555,61.533333330000005,40.877777775,36.07222222,66.79722222,12.73250428,11.777770735,43.121797640000004,63.208130340000004,32.600553305,47.68591859,37.419706700000006,32.273634675,60.147020190000006,48.955865275,33.777788705,39.763959230000005,38.622054139999996,13532.750000000002,12181.34000000003,216002.82999999932,239966.49499988995
Confederated Tribes of the Chehalis Reservation,0.1431515144645566,0.22641227779435488,4.147740492460381,1.1501595064551828e7,0.14406253748754144,0.2228553341869206,3.4317435197040562,8.388289913219665e6,0.8568484855354435,0.7735877222056451,0.8559374625124585,0.7771446658130794,0.5079899633397591,0.4630461241268614,0.0010000000000000005,0.3621505090112292,0.4839190545532672,0.6052040180248901,0.5553752937114971,0.0013071107612196346,0.42212069432045174,0.5786997806999316,6.367817460303572,8.443928571216071,8.986071428253569,12.412301586214282,14.976071429107142,19.8502380955,25.205039682589284,20.83859127003571,19.742341270821427,15.016765873964284,7.3335119046553565,5.350793650780357,13.710289350892856,2.8098802018678564,2.3589985610535713,3.7635437875696427,3.225885673225,3.4821419210982145,3.0437346455625,1.9114089321874996,2.4204726836339283,2.6894805718482138,3.1086472650696426,3.544328156855356,3.628975594591071,2.9989581662499996,132.24313491107142,137.2805555842857,113.92595241321426,59.82813492242856,51.21994047555357,16.143134920071425,2.4159920633946426,5.635674604012499,12.364563493328571,44.83857143,60.06361111310714,192.12452381035712,69.0069824770357,99.68929580110712,124.04769503032139,83.8696530967857,37.860369852285714,37.97652066594643,17.290093436571425,3.6362682415928567,13.730444858314284,15.378068882392853,43.11991523182143,41.55615308385715,168.39005579249996,57.21204449925,3.644444444,4.077777778,6.388888889,10.37777778,11.43333333,13.78888889,16.65555556,16.78888889,14.51111111,9.833333333,4.733333333,3.155555556,9.615740741,2.549564233,4.382002333,1.370624351,4.617298392,1.177921899,0.888037787,1.371232211,2.009629596,1.390543459,4.347700542,4.04103947,2.633491556,2.564923819,235.3,149.7111111,135.6444444,103.4444444,78.67777778,71.47777778,24.37777778,34.21111111,65.28888889,166.1555556,220.8333333,212.7222222,124.8203704,125.7456162,83.32702809,48.80320459,48.57720945,39.6765919,20.31063624,18.04790693,16.56007582,40.27379559,81.92225142,136.6263426,106.0438209,63.82620664,1208.31,1087.6399999999999,216002.82999999932,239966.49499988995
Burns Paiute Tribe,0.13398062188501297,0.16813848943608806,3.089439107172023,6.500152647754397e6,0.151,0.24,3.28,606000.0,0.866019378114987,0.831861510563912,0.849,0.76,0.14130559047121302,0.14122626261094073,0.01263508240875591,0.04529143732671792,0.0017398241168709416,0.06519192660490764,0.06513721492330583,0.001,0.005269118286321526,0.001,7.419145426216036,11.19365668481069,12.40840551123979,15.017553412620632,17.981003052895318,22.289408563147727,24.50800132025241,23.989128105315512,21.870114658990346,18.067648272175195,11.287255629086854,8.258071434373417,16.190782673355603,3.378853117567926,1.469152241461024,1.7760871850037112,1.7432091050230136,1.4971892863556049,1.415386552411284,1.5574900627676314,1.787440990754268,1.3419954123689677,1.5086468568299922,1.9222978977654042,2.2312418488285064,1.8024158798433552,76.90468530529326,56.79099232849294,43.7174049328582,33.25532459099478,13.807011464617664,2.180211168899777,0.8212488660898288,1.8378206712457306,2.1360884268366744,14.292303884587971,27.00980780481068,58.56645219699331,27.609945971017066,49.47649892059391,39.40180815740905,30.73382274632516,20.905492160541947,9.566758744028203,2.9742523682331106,2.105542829836674,3.8080590063986626,2.801424499463994,16.66838313525612,30.8050725498441,49.63041200569413,21.573127259643645,-1.1388888885,1.7833333335000001,3.8555555555,7.85,10.805555555,15.044444445,20.11111111,18.09444444,13.93888889,8.6111111115,1.738888889,-2.3111111109999998,8.198611111,4.3099393605000005,4.466078888,3.264517020499999,3.075296587,2.6463140624999997,2.9858414235,2.2483830680000003,1.9697561775,1.9985708969999998,3.5971473145000004,3.6749571435,4.588365743,3.2354306405,56.277777779999994,20.422222225000002,46.644444445000005,28.277777774999997,49.06666666499999,28.95,20.905555555,6.966666666499999,22.05,36.666666665,69.43888888999999,78.961111115,38.718981485,95.33472671,16.30546166,60.484306965,13.83350094,27.925440495,20.31851383,22.14004578,8.4468365025,21.370373185,27.509710179999995,109.55516475,87.73851002999999,42.580215915000004,3040.0,2736.4300000000003,216002.82999999932,239966.49499988995
Pechanga Band of Indians,0.11114307134254695,0.1512671570135449,3.3799446407094784,5.380502613243252e8,0.09999660224025875,0.14598301120129376,3.150314292776065,1.2701498232628132e8,0.888856928657453,0.8487328429864551,0.9000033977597413,0.8540169887987062,0.1883295392752557,0.18648931688502984,0.08140305474470166,0.1323132987437677,0.06172321654761769,0.18492062792383177,0.1834416713681825,0.08414054346724076,0.07387068514672342,0.038841401359541526,10.099643417216944,10.933618596174583,11.178547995096277,13.561645985019254,14.945913562618742,17.57044644110398,19.306104692644414,19.84346027553273,18.417971755314504,16.95699615042362,11.630280986046213,10.217501067573812,14.555177577240052,2.3789585455596916,2.3957641097689346,2.6884183147214373,2.1900931737445446,2.9633570198177153,2.205488092767651,2.3886901182336326,3.3176292760872914,2.5944805691732986,2.488539382284981,2.1298858614711165,2.2410600775969187,2.4985303784672652,112.78222794567392,95.99147055486523,82.84177720765081,32.87820567589216,17.942262162387678,4.997461132486521,3.488689202707316,3.5827271429525025,3.1903009553555837,11.733647125658536,27.34863785414634,54.18830409532734,37.580475921155326,103.556666260629,87.31073084044928,80.43435768139922,24.048378592439022,15.765756233183566,7.2060347050102695,4.933461595353016,4.9005768233273415,4.778966007948651,14.139717133517328,36.650531065083435,84.93594101844673,39.0550931630552,12.266666669999998,12.02222222,13.14444444,14.53333333,16.51111111,18.85555556,21.27777778,22.64444444,20.63333333,17.83333333,14.422222219999998,12.34444444,16.37407407,1.102270384,3.322189706,1.260070545,1.011187421,0.902003942,1.897439796,2.625727412,1.627967376,0.874642784,1.809005252,1.091762082,0.7731609,1.524785633,130.9888889,102.4777778,63.78888889,33.45555556,17.47777778,3.233333333,5.811111111,3.966666667,5.522222222,12.4,26.48888889,36.91111111,36.87685186,119.4774188,82.84269397,53.85855188,21.34649334,16.09905104,4.848195541,8.543629856,9.675872054,10.14085521,14.20026408,41.08136574,56.30347335,36.53482207,801.09,721.09,216002.82999999932,239966.49499988995
Te-Moak Tribe of Western Shoshone Indians of Nevada (Wells Band),0.11295488026096108,0.13842593958223784,3.0591164845114687,1.2772226666226277e7,0.1,0.169,3.35,2.969e6,0.8870451197390389,0.8615740604177622,0.9,0.831,0.26820672209679386,0.26065332937714136,0.0014568324868798974,0.21513758816721243,0.09191020744352843,0.07593724961763115,0.07593724961763115,0.001,0.020954363358277214,0.006965772518707908,-2.139869786664479,-0.8828337523465484,2.739564666184108,7.436023550116233,11.524323685961912,17.40028148409788,21.52809471595052,20.287668407116634,15.9790842088397,9.593691312578038,1.8611616063645358,-2.5723371796182595,8.562904409839884,2.8628178454987467,4.267214890806231,3.6761517752527593,2.725692123291629,3.448739851863085,3.5821978189775714,2.9661523841779167,3.4857373388799124,3.2627889658485807,3.00333532506827,3.9085751902724883,2.8813273539762156,3.3392275720580185,33.967294098168665,28.430123122999447,53.59980231672989,43.15056404260108,63.188815832166014,34.53094179043903,38.643281978160935,27.84009110633923,29.773379316497802,30.683695395035805,41.88821203722299,41.958185607369984,38.97119888727331,27.87445522838815,19.94723349755369,28.36817411088767,22.990306587762557,33.351443190576326,21.802593157300354,34.088291146286075,24.825022820218557,20.33318143276158,21.844733525675924,34.43780673659646,37.772303815650766,27.30296210447886,-1.477777778,1.422222222,1.233333333,6.544444444,9.966666667,15.611111110000001,20.16666667,18.02222222,13.55555556,9.733333333,2.1,-2.411111111,7.872222223,5.876814141,6.162340825,1.359227722,1.728518955,2.242208732,2.663383395,1.860107524,0.9310985149999998,1.614087289,5.521095906,5.389805191,4.399842169,3.31237753,30.4,35.3,28.67777778,34.16666667,47.21111111,24.27777778,10.24444444,32.74444444,18.58888889,23.2,27.12222222,24.84444444,28.06481481,24.39087944,38.54289818,13.38345787,18.44302036,31.23617472,19.29208243,7.867355195999999,66.45071691,14.360313749999998,19.73094017,9.525069262,16.01023978,23.26942901,10632.05999998,9570.26000000002,216002.82999999932,239966.49499988995
Northwestern Band of the Shoshone Nation,0.147,0.24199999999999997,3.36,746000.0,0.11599999999999999,0.146,3.08,3.186e6,0.853,0.758,0.884,0.854,0.14460449039269208,0.13593238400632052,0.001,0.09867219312717249,0.03358595919854737,0.2426722573137036,0.2388804626364128,0.001,0.18580748425123708,0.08059436102680982,5.4,8.866666667,9.166666667,11.7,12.97777778,16.64444444,20.37777778,19.17777778,16.28888889,12.3,6.833333333,5.677777778,12.11759259,4.058324778,2.68374738,1.975474627,3.336540124,2.257087602,4.862641029,4.437560641,5.088167101,1.223156209,2.214158983,3.449637662,2.298248125,3.157062022,217.7888889,132.3666667,208.0555556,121.89999999999999,92.93333333,41.16666667,7.711111111,13.21111111,42.1,128.1333333,222.5222222,251.1111111,123.25000000000001,165.7790883,66.57028241,81.20272642,71.20765408,61.99979839000001,26.26761314,8.110863771,17.17952593,34.2902683,137.1445952,102.5457066,176.4945356,79.06605485,-0.8666666670000001,1.233333333,3.177777778,8.711111111,12.23333333,17.01111111,23.588888889999996,21.42222222,16.04444444,10.05555556,2.222222222,-2.044444444,9.399074074,4.37407133,4.78826691,2.091517259,2.538426897,1.550806242,1.651093913,2.094304446,3.366295359,2.353779467,2.489031494,3.277490571,3.966771707,2.878487966,44.16666667,33.18888889,39.22222222,64.78888889,57.98888889,45.9,20.22222222,24.82222222,27.7,33.43333333,54.66666667,36.73333333,40.23611111,35.86683705,25.34395611,23.71311756,67.38016111,32.74944444,35.33468551,37.35230173,25.64116699,24.4419721,20.49475543,69.24214757,23.240159210000005,35.0667254,160.0,144.02,216002.82999999932,239966.49499988995
"Sisseton-Wahpeton Oyate of the Lake Traverse Reservation, South Dakota",0.08490998250961428,0.13673786413308434,2.934449045474222,2.7200614423451135e6,0.11214925497075916,0.19534231111152073,3.2900084327863044,603523.7579688856,0.9150900174903858,0.8632621358669157,0.8878507450292409,0.8046576888884793,0.617258728084806,0.5397266031077317,0.000999517389198622,0.5793982491859689,0.5560373006171794,0.5103898714529328,0.4724132621246572,0.0011968059481771097,0.47224784018365284,0.40931289485601785,-9.528269932278395,-7.757581261482805,0.945215977366498,8.250125417332098,14.205277907686481,19.91464874469878,22.162800352709063,21.10739702748877,16.216991021578735,8.668479595859111,-0.11595654504110264,-8.9480253254112,7.093425248377724,2.8644561119202954,2.8062570685927217,2.260653152548348,2.2512829303484407,1.3866098198446246,1.7610063029822562,0.8943333297905983,1.4217203209702673,1.855282159107896,1.8009924535112907,3.6049566798479034,4.09441738220381,2.250163976093576,16.74027539969176,12.902435692056699,36.379040599866215,50.146840347590036,94.39714740536995,108.42748283223906,94.54793710193074,94.26179701752787,80.46999671376004,48.168841143613676,33.86482432875298,21.671543238623762,57.66484681891651,10.667172589110566,7.928965550572336,25.14679737707929,27.246228052758916,42.29665227750905,44.13492306466462,44.68167764993475,38.25282860440305,49.58760502290216,18.970251519947116,28.478580734418596,15.846248718769466,29.43649426326803,-8.781944444,-5.9375,0.25972222224999997,8.799999999874998,14.55694444375,19.79166666625,22.345833331250002,21.45833333375,15.102777777500002,9.116666665875,0.775000000125,-8.625000000125,7.40520833325,5.8082424206250005,6.642718719124999,3.7852824075,3.4279664366250007,2.331449296125,2.7466367932500004,1.9511105431250002,2.4630968531249997,1.960214626875,3.0893825335,7.267888268000001,6.4231473365000005,3.991428019625,22.069444445,22.45138888875,42.73611111,40.1791666675,71.2125,106.65694444999998,81.52916666625002,71.20277777625,70.493055555,51.550000001250005,32.7138888875,38.550000000000004,54.278703705,30.02263383875,35.22965207675,39.6465394,35.779493575000004,33.847985953750005,40.04073055875,44.126906713749996,36.05342494625,39.173957727499996,29.5110065425,29.157018672499998,58.527201622499994,37.59304596875,13855.1,12471.51000000003,216002.82999999932,239966.49499988995
"Bay Mills Indian Community, Michigan",0.06199560597260981,0.11698982405102148,3.120572839949202,1.5533221290207063e6,0.16199999999999998,0.208,2.99,3.1e6,0.9380043940273902,0.8830101759489786,0.8380000000000001,0.792,0.38983335348254805,0.3645464038796786,0.0009999999999999998,0.25290045799174743,0.2637822418041013,0.41721857432810644,0.4053321426388563,0.0009999999999999998,0.2547859970801446,0.3191620777042448,-11.58347826026087,-10.059806764639129,-1.1105797101956518,6.895314009673912,13.058502416608695,18.334637682086957,20.899661833608697,19.754685988565218,14.44584540926087,7.269758454043478,-1.6377777778652172,-10.705652173030433,5.463425925369566,2.7337548425086955,2.6353312179869564,2.642665078226087,2.377510966817391,1.4048911268086957,1.9318049696173911,0.8969379175391305,1.5380040289043477,1.8508260079434782,2.0636717174782606,3.141085954991304,3.9701078676869566,2.2655493080130436,16.900048313260868,14.541642507999999,31.408647343000002,36.63937197808695,81.78396135408695,124.14995167565216,89.84101450608695,105.00309179043477,73.37903381686955,53.79956521995651,35.820869565391305,17.956521742086952,56.76864331813043,11.211886800073913,8.941798093086955,19.24664629863043,20.582121624391302,45.642660653086956,38.72375788717392,34.94808899586956,50.23760791804347,50.86699921969564,28.790289755826084,28.60595604247826,11.582256305373916,29.115005797217393,-7.5166666665,-8.283333333499998,-1.538888889,5.027777778000001,11.52222222,15.85,19.122222224999998,18.955555554999997,14.2,7.972222222,2.0333333335,-5.655555555499999,5.974074074,3.0342484695,3.056993822,2.9335206694999996,1.8240094405000002,1.969411485,2.315657823,2.2045738845,1.3994132989999999,2.329952648,1.769175706,2.9133965434999998,4.6589907915,2.5341120485,63.01666666500001,36.733333335000005,45.916666664999994,61.87777778,67.46666667,98.077777795,63.55555556,78.49444444500001,102.81111112,83.61111111,78.67777777999999,73.21111110999999,71.120833335,23.809351314999997,20.771796065,30.71320093,34.992523170000005,32.677356815,48.795490550000004,24.533962154999998,28.648395760000003,40.633281935,35.312558095,22.95180644,40.11374818,31.99612262,480.78,432.77,216002.82999999932,239966.49499988995
"Santa Rosa Indian Community of the Santa Rosa Rancheria, California",0.12316636300976407,0.17915899812968245,3.4769466169995447,2.5005227560896736e7,0.144,0.211,3.07,1.1253e7,0.876833636990236,0.8208410018703176,0.856,0.789,0.21538856134357418,0.21420749483688425,0.10397903852912008,0.09973770945535684,0.06484498256871207,0.05659125331072332,0.05659125331072332,0.007363863468565379,0.016205128083011954,0.001,8.509144916082032,10.034862830478243,11.116894931038892,13.457698961112323,16.027425043706984,19.97757018833413,22.463151566276718,22.14160400981814,20.174370269207884,16.631635064179793,10.842302726369105,8.05877446132691,14.952952913841422,2.1946928886181376,2.4993056419189683,2.362675998086658,2.4039145559786625,2.466429103131959,2.593456458761981,2.695876939605717,2.3636848237811594,2.3933028521545574,2.37211124110948,2.488851514130174,2.524169603207184,2.4465393017349446,118.88294051252919,86.9411517009565,76.48589782414408,43.30122486358668,24.238440376533795,7.923124730803146,5.225262651661201,5.5980051136895215,7.983748090765547,25.519400774904778,40.519623554781646,91.60112148962459,44.51832847392577,97.30024477009316,78.62711933373427,72.43098541880086,30.11835952322781,19.77102362071462,8.391555187039312,8.396143455550654,6.1267296768456445,9.737611233689682,28.72624043754593,40.86616784420601,87.96870920954477,40.70507414268668,7.3,7.411111111,10.88888889,14.333333329999999,17.88888889,21.74444444,24.76666667,24.2,20.66666667,16.51111111,9.322222222,6.622222222000001,15.13796296,2.880104165,8.599483189,3.761131626,3.9363688849999994,3.002267661,3.2806672760000004,3.2101401839999997,2.556364606,3.4503623,3.958043849,5.690074204,3.6217322440000004,3.995561682,55.01111111,41.66666667,37.93333333,20.13333333,15.811111109999999,3.333333333,7.588888889,8.6,2.688888889,11.0,14.78888889,29.94444444,20.70833333,33.70621028,24.131255669999998,33.43845092,13.057373399999998,13.909389309999998,5.421485036,18.99331754,24.18553287,4.547923824,11.82729893,16.78536896,25.129917979999995,18.76112706,51582.179999989974,46430.82999999999,216002.82999999932,239966.49499988995
"Northern Arapaho Tribe of the Wind River Reservation, Wyoming",0.10862127353801299,0.1460083993833511,3.3267602163246615,1.513316064058953e7,0.14117614446151538,0.19888061353981684,3.372357646417614,2.8927536113836793e6,0.891378726461987,0.8539916006166489,0.8588238555384846,0.8011193864601831,0.16835455190070997,0.16186355354494356,0.002992501072882439,0.13091893142373198,0.05871309115953719,0.056095397600241424,0.055694570097866346,0.002799349391891822,0.021838923204164896,0.002574532331752992,-2.1672419714802986,-0.48432509019545467,3.218258057135759,7.7211052437048675,12.048673364109181,18.019363586841845,20.764712490632423,20.66415292786518,16.04848875132924,9.12534274977699,2.779799215722957,-2.397478390331986,8.778404244469991,3.238628884787999,3.2534489343048767,3.2906772930817914,2.9162028029636176,3.3012568154769477,3.2263177856129612,2.8640831306426535,2.9636919249012776,3.1954531194555056,2.649074834364829,4.256933254646128,3.8299720786289297,3.2488117382576043,26.189578682705452,21.299299472869027,34.95338456675365,40.41812067117467,58.05584463922282,37.82562682447387,46.54895243079669,44.753406033326314,30.53824274410296,29.577304797248246,24.55343036195842,16.493439808108526,34.267219252800764,23.10720171552367,16.785953007358735,18.776306854647622,22.66820063264493,38.058183662683554,29.195129228259958,35.06646045898827,25.870700546795497,19.777439804626635,23.77382280762692,21.168860817653606,13.574970460810171,23.98526916664222,-6.7382716049999996,-4.803703703666667,-0.113580246888889,5.569135802555555,9.717283949777777,15.2,20.386419753333332,18.667901233333332,13.122222223333333,7.654320987777777,-0.6098765432222222,-5.095061728333333,6.079732510333333,2.8162391983333332,5.124800153111111,2.4241015083333335,3.230387511,3.686265503111111,3.350102642222222,3.3508274756666663,3.195357493777778,3.017943330333333,3.381468016888889,5.974280982333332,4.491546278777778,3.6702766745555553,23.144444443666664,25.62098765311111,23.483950615555553,37.81728395111112,66.58024691333334,48.67037037111111,38.63950617444444,33.07530864111111,30.495061727777784,29.144444444444446,30.01728395222222,18.85061728188889,33.79495884777777,17.13534423088889,38.518264818888895,20.191571845666665,25.848987507777775,41.14505730333334,42.55738461666667,53.033745974444436,38.139686564444446,28.008764771111107,29.66603994222222,34.52096190955555,16.533450746888885,32.10827168777778,32773.14999997,29500.520000000084,216002.82999999932,239966.49499988995
"Sac & Fox Nation, Oklahoma",0.07702417731147128,0.11844487573470028,3.029036817959106,887433.2303415942,0.15553519771414284,0.22809787345611396,3.053165304180015,3.9693318905893113e6,0.9229758226885287,0.8815551242652997,0.8444648022858572,0.771902126543886,0.745082942101227,0.6466111961437997,0.000999999999999999,0.7305290655459128,0.7234070704945728,0.39319529980311285,0.3661602502035588,0.25715685083116135,0.3556197790075648,0.3405914773493788,-7.654910061107668,-5.615207849164214,2.464842069046476,9.164067475778467,14.945046907041055,21.028616920565458,23.047078059395822,21.86934331900852,17.285454859953525,9.608572166197524,0.943755916989156,-7.2925811173694814,8.31617322225329,2.8440843068125488,2.957023545034083,1.9670894641371028,2.1036727268605735,1.5389960333880717,1.6213306890642916,0.9890536024399691,1.4000186825197525,1.879462350634392,1.6139731370805581,3.738660039568552,4.0418657670495755,2.224602528783888,14.59684998887684,12.091161027560034,42.00783199784663,65.57356054584045,101.39775367006973,112.95163094453912,93.43713745202172,101.27917206069716,87.44670798122387,43.7156984261038,31.574791290317584,22.477175315732,60.71245589288923,9.588165912360962,10.438425391978315,24.04007351474826,39.893540839101476,32.204250828721925,55.599558442285044,57.943293997947315,44.59618067108444,56.28603309240899,18.024710774732768,27.66276376865221,16.299709168862897,32.714725533609595,4.362962963,6.088888889,11.674074073333333,16.41851852,20.677777776666662,26.196296293333333,28.500000000000004,28.733333333333327,24.496296296666667,17.281481483333334,10.999999999999998,4.348148148,16.64814815,2.149084097,2.681373451,1.2763990230000002,1.151716427,1.0595884306666667,1.4873687423333333,1.3218946273333332,1.4641091223333333,1.4335329463333333,1.1700262426666665,2.080993908,2.807891405,1.6736648683333333,58.89259259333333,58.03333333666666,101.04814816333332,101.50740740999998,173.31481483333332,141.05925923333334,90.40000000666666,77.64814814666666,97.20740741666665,83.96666666666667,61.31851852,54.48888888666666,91.57376543666666,28.94570754333333,43.32953365333333,54.24677958,50.03438720666666,91.69121505333332,71.05666303666666,57.7591921,58.256499829999996,46.98003915333332,61.222441133333334,51.08909218333333,49.05897917666667,55.30587747,2888.19,2599.7400000000002,216002.82999999932,239966.49499988995
Shoshone-Bannock Tribes of the Fort Hall Reservation,0.11249054429560228,0.13701330946964418,3.0550127821689377,1.2936250456170104e7,0.10277626189145306,0.11767605794722659,3.011174416503097,2.2402585807060134e6,0.8875094557043978,0.8629866905303558,0.8972237381085469,0.8823239420527734,0.26997795825726784,0.2624405968509046,0.0014633789562185568,0.21680655252404216,0.09274600155581655,0.1479410898275719,0.1479305193854391,0.0009999999999999842,0.06542990642649153,0.021345649656414098,-2.243337907634185,-1.0166241913495397,2.6513668343752195,7.377509856430306,11.504378226918059,17.41065368427173,21.54388028456775,20.302899213605194,15.974832821331097,9.556553181207805,1.792929490923544,-2.6855518526300717,8.514124136832384,2.8464121436216425,4.288944497894338,3.699489826689275,2.717309578682808,3.4650926567033937,3.5646265535979187,2.945960543758872,3.4637475166198772,3.2907784371246827,3.014165033742011,3.914873097933545,2.8893288332995506,3.341727393368364,31.444747217923958,27.00382277985296,51.48023699035681,42.06990132607131,62.78063778377376,34.43988106870415,39.06775795555773,28.040841665002937,29.604223572948438,29.346413557484812,39.40940774171339,39.08802195622624,37.81465780162514,25.98201760537054,19.307434747529882,27.643136145461668,22.328629598063134,32.95830755757108,21.74132058353264,34.44477417241226,24.929940440746915,20.141651128761012,20.262496647180935,33.50317568573613,35.86864644946677,26.59262756376398,-4.462962962833333,-0.9203703703333335,1.2,7.033333333333333,11.155555555500001,16.305555556666665,19.122222221666668,18.970370371666668,13.985185185,9.307407407333335,0.42222222216666666,-3.8111111110000007,7.358950617500001,2.5714141953333334,4.859185274833333,2.5543382995000004,1.3379136891666668,3.246135246833333,4.2711790569999994,2.223885998,2.1758714905,1.9560021716666667,4.858128823333334,3.3849975955,5.5854849085,3.252044729333334,33.12777777666667,23.622222224999998,37.753703701666666,28.74444444166667,59.770370369999995,36.44259259166667,19.148148148333334,20.838888888333333,24.94814814833333,28.901851851666667,31.059259259999997,30.78148148,31.26157407666667,19.740244320000002,13.343015789999999,31.808152043333333,18.990204253333335,34.844520896666666,23.895005284999996,19.12194775,20.189850765,14.44831285,14.318603198333335,20.746821621666665,22.16923757166667,21.134659693333333,20944.11999996,18852.48000000005,216002.82999999932,239966.49499988995
"Fort McDermitt Paiute and Shoshone Tribes of the Fort McDermitt Indian Reservation, Nevada and Oregon",0.11700325050761451,0.14354929299041946,3.0622419738762154,1.1584732834127221e7,0.1219792792936167,0.18306830468394544,2.932313881878147,1.4593246522661431e6,0.8829967494923855,0.8564507070095806,0.8780207207063833,0.8169316953160546,0.2439242279687092,0.23789697784603633,0.003725438430402789,0.1820779730422991,0.07431896518131421,0.07748912025172243,0.07496504539727834,0.007473004265262795,0.020395902718537612,0.004645870793633382,-0.2248259580845239,1.5341277224513048,4.689631582783506,8.97353012165804,12.857358009888197,18.429835263342145,22.163091053033522,21.072959746659453,17.206368900010876,11.334537841185032,3.7763130684834105,-0.39940722366082687,10.117793344136485,2.9576401200338127,3.699884297922925,3.297687196672148,2.513818056037068,3.0539937361298084,3.1156460508686465,2.655906304010857,3.113563755710922,2.8836737947013047,2.6996592979634024,3.498620183134156,2.7518531558674058,3.0201621624877504,40.94141852742868,33.226421629421566,49.85856596345694,40.2285187481948,52.54995002758538,27.70077198758812,31.077986283176692,22.566978563484497,23.866075613610274,26.201580162727986,36.81910670030398,43.157104700381545,35.68287324271871,30.890061391289574,23.50518924242869,28.288786711740094,22.031333362278254,28.071766575585627,17.820842778630606,27.68904454796297,20.5175374798184,16.519243363614788,19.511679199823227,32.93953658461232,38.74350659280399,25.544043985964667,-1.4844444446,1.6155555555999999,3.3844444441999997,7.9866666668000015,11.104444444,16.153333334,21.346666667999997,19.486666665999998,14.377777778,8.626666666599998,1.4777777779999999,-2.297777778,8.481481481600001,2.970978584,4.583973895200001,1.6079369238,2.1952990348,1.7068022530000002,2.2178630561999997,1.6572415428,1.122653925,1.79658836,1.9174611268000001,2.56624475,3.0643573648000006,2.2839500679999998,32.675555554000006,22.94666667,25.955555556000004,21.32,38.457777778,17.157777778000003,12.682222222399998,10.726666665600002,11.72888889,23.57111111,28.128888888000002,44.18444444400001,24.127962961999998,27.751194870000003,18.969477538000003,17.993738418000003,13.213021573799999,16.845375978,12.789272246,19.232642658,14.9347157608,10.6822257752,20.787321878000004,22.997529472,35.232518052,19.285752852,13512.05999998,12162.67000000003,216002.82999999932,239966.49499988995
Middletown Rancheria of Pomo Indians of California,0.11855038334840888,0.17092686655742992,3.617996384131572,2.9302610973122396e7,0.157,0.231,3.92,6.666e6,0.8814496166515912,0.82907313344257,0.843,0.769,0.30699693476877393,0.3053587633262942,0.1551125832114721,0.16759422528099416,0.13017128316822835,0.6837663560783396,0.6819606590617445,0.29732075949592074,0.46285388267586997,0.6030375229685146,7.735936173724918,9.58366313346578,10.729062564368842,13.531688347000166,16.240060109406347,20.2177145711589,23.119433546783,22.248077981832058,20.402988276501667,16.651919724069796,10.469326289787995,7.5755735655261764,14.875453690285985,2.267832572246645,2.6418175197383356,2.661129613560864,2.5016857051951287,2.474337094065146,3.2052093198242804,2.7016197264750694,2.9266901424508047,2.795589053164619,2.6095860464807448,2.5650665176484124,2.5211176932997628,2.655973417046563,133.14506676278586,90.25986245817576,83.64522506844271,44.49320841053636,29.27688932495663,8.037087892948534,6.516379884074026,7.127636107030927,7.9745979303327434,29.340791405657665,45.2040115172058,112.35646982013482,49.781435548629474,109.35642866750672,73.61314445371376,75.4431595149727,34.376900241095946,24.300105640961206,9.54726550523693,11.62475187594198,10.15141683982527,10.214473197527358,32.664919211683895,46.14003331543266,100.5697488222837,44.833528940704134,8.055555556,9.633333333,10.31111111,13.377777779999999,15.91111111,19.72222222,20.61111111,21.51111111,18.75555556,16.26666667,10.05555556,7.544444444,14.31296296,1.2787798,1.312440475,1.2702799339999997,1.965183056,2.35979048,3.011136736,1.337389663,3.301304456,1.481646981,1.044030651,2.047627353,1.650084173,1.838307813,226.1333333,143.8222222,137.9777778,58.52222222,43.36666667,11.7,9.677777778,4.222222222,8.644444444,43.6,56.73333333,208.8888889,79.44074074,210.37688800000004,123.6031025,124.3515559,42.76116164,29.60886692,15.18584868,16.84063373,9.807876653,10.78808499,39.70865775,52.00240379,134.238877,67.43949646,32397.319999999985,29162.159999999938,216002.82999999932,239966.49499988995
Red Cliff Band of Lake Superior Chippewa Indians of Wisconsin,0.09039462884169351,0.1512763441147412,3.023814365162451,3.0967499954729755e6,0.102,0.2,3.11,799000.0,0.9096053711583065,0.8487236558852588,0.898,0.8,0.48853719194286116,0.4395160398318391,0.001,0.3647604286772661,0.4449282165541019,0.3898746888540367,0.3594329541138747,0.0009999999999999992,0.2930919896637415,0.3754110297657588,-10.586400166602894,-9.162695079879608,-0.46643334891367244,7.024513921418104,13.188422251805878,18.239508477862802,21.10096956551564,19.98952662504433,14.75734951013066,7.737429356551097,-0.7726396019244051,-9.841800176303314,5.933979277809146,2.55277707095147,2.5465307337568825,2.621453893836678,2.171822536908073,1.2992871839794675,1.9633591049696684,1.0635265681707888,1.3978113478502099,1.986332026568829,1.9825268347778815,3.1135487449780683,4.103817650860942,2.233566141317312,21.201420644395707,15.753922329724686,38.98085238613159,43.72504796006066,83.59710167492302,114.83747083789547,94.16238399056928,107.45292684397106,92.33764193895476,64.87182558149789,43.70142583043864,25.19799346568829,62.151667790555315,13.07202057482828,7.151302623047597,22.573074840300976,22.131478841376584,39.09632934281382,40.48373022638358,27.41064537082127,45.21867082931871,50.21700308689221,25.1835926940364,32.33116672916472,16.039106419225856,28.409010130293986,-10.511111109999998,-9.011111111,-1.055555556,5.411111111,11.45555556,17.07777778,19.97777778,19.23333333,14.333333329999999,7.355555556,-0.455555556,-5.866666667,5.662037036999999,1.811383756,2.467004481,2.622551768,2.100859612,1.313498298,2.313426991,1.023203032,1.142365966,2.131900561,2.107789785,2.453625436,11.36914685,2.7380630450000005,45.3,16.61111111,35.88888889,67.92222222,78.35555556,96.96666667,94.4,118.4222222,103.7111111,81.19999999999999,60.15555556,35.45555556,69.53240741,63.599705189999995,7.239724519,23.23657916,48.77324517,44.14261295,28.03952567,36.93599193,65.56301888,73.02301768,36.56025848,33.1377093,15.76539812,39.66806559,3188.8500000000004,2870.3999999999996,216002.82999999932,239966.49499988995
Yankton Sioux Tribe of South Dakota,0.10471073040374555,0.1561200859205501,3.121211524288927,1.8953442669478292e6,0.13393616590822693,0.2089071323737285,3.250055927815806,686245.2322798002,0.8952892695962544,0.84387991407945,0.866063834091773,0.7910928676262715,0.551218503452724,0.4829470359948453,0.003623988926961041,0.5347915107901334,0.4649360032189885,0.5376297394266497,0.4617725081548185,0.001232740741832453,0.5279810218248919,0.3596819939998333,-6.8999560502262,-4.4732989911465415,2.9582651090018444,9.752680424351116,15.016368727961558,21.249704106426297,23.606677295797084,22.679451957609256,17.993386072287766,10.243512300885401,1.3603552774839494,-6.338464211615126,8.929056834920894,2.7544270180604364,3.397810871149298,1.7364459085508246,2.2029592517590864,1.5746767841528848,1.3068381406488838,1.0226944542605099,1.5891713691504026,1.8060302150229972,1.8940788407076636,3.3974977911723854,3.303225351435844,2.1654879997791374,11.824644568924493,11.162368790300173,37.280365702027446,63.475935976704136,96.44296752571263,99.50113962446605,67.09609971519836,91.61254612458285,66.99050991887232,41.626163390802176,31.743258823002506,14.795955600424902,52.79599631394537,8.445817516947024,9.687803511213877,29.691155648664367,39.73784497417814,38.966681284570875,55.24615043186461,47.0718317110984,39.51640761368139,45.06546088602893,22.25437285355352,26.109658538603668,12.074923700445346,31.155675722187475,-5.588888888666666,-1.2666666666666666,3.3407407406666665,9.318518518666668,15.285185183333331,21.388888886666667,22.01481481333333,23.111111113333337,17.692592593333334,11.592592596666668,1.2259259256666666,-5.485185184999999,9.385802469666668,2.9738349073333334,5.237998202,2.0878104706666667,2.3179184026666664,2.345048465333333,2.378350342666667,4.138252878333333,3.202735502666666,1.8005771203333334,2.515034196333333,3.5918807759999996,4.286842512,3.0730236483333333,11.133333333333333,12.807407406666666,32.58888889,58.111111109999996,95.30740742,87.10000000000001,49.01111111,73.81481481666667,49.722222223333326,39.944444446666665,28.311111110000002,11.699999998,45.79598765666667,5.360607496333333,10.330376518333333,25.091970223333337,38.735934533333335,42.30118808666666,62.04616256,33.363201983333326,40.22989321666667,39.637478783333336,22.498467446666666,20.851214703333333,6.446260458666667,28.90772966666667,16890.475000009996,15203.700000000035,216002.82999999932,239966.49499988995
"Keweenaw Bay Indian Community, Michigan",0.0836721633356439,0.13464971229254466,3.3004317316604603,1.7038950825883385e6,0.14815519240857197,0.19350437532785894,3.281464417528541,694037.6384049678,0.9163278366643561,0.8653502877074554,0.851844807591428,0.8064956246721411,0.22276629474135506,0.2160663829646308,0.0076230317791413284,0.14207889934054738,0.08201899991427677,0.3080354822853061,0.3010273966300051,0.0010000000000000009,0.17698826921915167,0.2778520819974505,-5.3916235008509075,-3.045821083746747,1.365682019629568,6.133533995942468,10.729096084565315,15.450347659987408,19.638811889517022,18.259862802372957,13.607858510033614,7.726790797491392,-0.7943021140214195,-5.244859769300716,6.536281440995805,2.9158254687522076,2.3574667524880324,2.277611671150779,1.4372070929298633,1.4498333893233948,1.3986610974670324,2.2751882550331812,1.7284991056799677,2.6499077184687128,1.90488848861445,3.512898090916845,2.6222488694947512,2.2108530000130218,51.024821504393145,13.725246160983637,29.970964580924004,36.79798870591772,78.9264968041622,67.99725138701389,33.72577348579592,40.04583041706009,39.95480890361615,36.82859209579591,27.216501003023957,16.853702926085695,39.42233149779509,110.01178486657629,10.488011981045785,17.21611413756616,18.617139485312915,39.102660103956346,34.25536916816467,18.30690625909452,24.918925699911828,27.78802060791266,18.00626583748006,14.295813847166325,12.823150231154564,28.819180184960118,-10.75313311811417,-9.937411021344342,-2.879549978121383,4.166432762316812,10.95053524469786,15.44806523751297,18.703982565785022,18.060411353563488,12.539935594371975,6.385231445046881,-1.0276152170924295,-8.853728788220348,4.400263006951593,2.506680883580614,2.765941399948119,2.281161490533703,2.0076373850565865,1.6810891340704839,1.9806895500776087,1.7796305207549035,1.485788987018354,2.415556752487656,1.461979543438165,3.2949389568682816,4.853760250431289,2.3762379047199986,35.58576163736755,30.20059258127496,44.63092261941302,52.431933817294684,71.38305773289046,102.15695114690898,93.88035300707405,90.18707922763582,115.6750559466517,88.14417470345603,62.042219259899134,52.93329358528733,69.93761627377677,16.407084843324828,25.354934532082506,27.855496099768377,30.00023377297153,23.69456030893643,36.88062411008019,25.390481260745887,35.905235220854514,49.971600303144655,31.89544116199768,28.665717609829798,34.29182700569809,30.526103017769962,4726.78999999,4254.880000000003,216002.82999999932,239966.49499988995
Pala Band of Mission Indians,0.11114307134254695,0.1512671570135449,3.3799446407094784,5.380502613243252e8,0.096,0.126,3.5200000000000005,1.88159e8,0.888856928657453,0.8487328429864551,0.904,0.874,0.1883295392752557,0.18648931688502984,0.08140305474470166,0.1323132987437677,0.06172321654761769,0.1510246660490926,0.1510246660490926,0.05379842009024991,0.05402160314505566,0.04436310875907828,10.099643417216944,10.933618596174583,11.178547995096277,13.561645985019254,14.945913562618742,17.57044644110398,19.306104692644414,19.84346027553273,18.417971755314504,16.95699615042362,11.630280986046213,10.217501067573812,14.555177577240052,2.3789585455596916,2.3957641097689346,2.6884183147214373,2.1900931737445446,2.9633570198177153,2.205488092767651,2.3886901182336326,3.3176292760872914,2.5944805691732986,2.488539382284981,2.1298858614711165,2.2410600775969187,2.4985303784672652,112.78222794567392,95.99147055486523,82.84177720765081,32.87820567589216,17.942262162387678,4.997461132486521,3.488689202707316,3.5827271429525025,3.1903009553555837,11.733647125658536,27.34863785414634,54.18830409532734,37.580475921155326,103.556666260629,87.31073084044928,80.43435768139922,24.048378592439022,15.765756233183566,7.2060347050102695,4.933461595353016,4.9005768233273415,4.778966007948651,14.139717133517328,36.650531065083435,84.93594101844673,39.0550931630552,10.322222222999999,10.305555553999998,12.27222222,13.41111111,15.872222220000001,20.88888889,24.161111114999997,23.327777774999998,21.97777778,17.005555554999997,13.149999999999999,10.4722222215,16.09722222,1.5780382245,3.8974225380000003,2.5306205705,2.6841708049999995,3.0702047619999995,3.8357855585,3.351976011,3.1157073935,3.8651993005,3.3688169199999995,1.68748694,1.7039164195,2.890778787,118.86666665000001,94.4,57.6,30.800000000000004,15.33888889,3.6722222225,6.25,11.1944444445,3.9055555555,13.377777774999998,25.43888889,31.205555555000004,34.337499995,113.25834290000002,83.87757212,56.48737995500001,17.05426811,16.442705095,5.19887175,5.462320551000001,21.58153997,4.9573689045,16.443657815,46.213552575,57.7911307,37.064059199999996,801.09,721.09,216002.82999999932,239966.49499988995
Bridgeport Indian Colony,0.13398062188501297,0.16813848943608806,3.089439107172023,6.500152647754397e6,0.085,0.12000000000000001,3.25,665000.0,0.866019378114987,0.831861510563912,0.915,0.88,0.14130559047121302,0.14122626261094073,0.01263508240875591,0.04529143732671792,0.0017398241168709416,0.0130622601030926,0.0130622601030926,0.001,0.003,0.001,7.419145426216036,11.19365668481069,12.40840551123979,15.017553412620632,17.981003052895318,22.289408563147727,24.50800132025241,23.989128105315512,21.870114658990346,18.067648272175195,11.287255629086854,8.258071434373417,16.190782673355603,3.378853117567926,1.469152241461024,1.7760871850037112,1.7432091050230136,1.4971892863556049,1.415386552411284,1.5574900627676314,1.787440990754268,1.3419954123689677,1.5086468568299922,1.9222978977654042,2.2312418488285064,1.8024158798433552,76.90468530529326,56.79099232849294,43.7174049328582,33.25532459099478,13.807011464617664,2.180211168899777,0.8212488660898288,1.8378206712457306,2.1360884268366744,14.292303884587971,27.00980780481068,58.56645219699331,27.609945971017066,49.47649892059391,39.40180815740905,30.73382274632516,20.905492160541947,9.566758744028203,2.9742523682331106,2.105542829836674,3.8080590063986626,2.801424499463994,16.66838313525612,30.8050725498441,49.63041200569413,21.573127259643645,0.166666667,1.044444444,2.466666667,5.688888889,9.355555556,15.03333333,19.65555556,18.26666667,13.93333333,9.0,2.488888889,0.044444444,8.095370371,3.035621847,2.980398929,4.299127819,3.122676914,3.570403027,4.891574389,3.6421529040000005,3.45,4.016528352,2.278705773,1.9877402020000001,3.148853407,3.36864863,165.0444444,112.74444439999999,93.67777778,44.67777778,45.77777778,13.43333333,28.73333333,13.73333333,17.17777778,35.0,52.8,98.77777778,60.13148147,99.7513297,60.9154765,53.92700571,30.54168372,30.68488137,18.00909492,29.51325973,15.0109127,21.56877244,36.74870746,36.6005806,78.79441252,42.67217645,3040.0,2736.4300000000003,216002.82999999932,239966.49499988995
Te-Moak Tribe of Western Shoshone Indians of Nevada (South Fork Band),0.11295488026096108,0.13842593958223784,3.0591164845114687,1.2772226666226277e7,0.1,0.169,3.35,2.969e6,0.8870451197390389,0.8615740604177622,0.9,0.831,0.26820672209679386,0.26065332937714136,0.0014568324868798974,0.21513758816721243,0.09191020744352843,0.13243735579197538,0.13188436024351574,0.0011059744624978525,0.047199715001221595,0.019613209515739614,-2.139869786664479,-0.8828337523465484,2.739564666184108,7.436023550116233,11.524323685961912,17.40028148409788,21.52809471595052,20.287668407116634,15.9790842088397,9.593691312578038,1.8611616063645358,-2.5723371796182595,8.562904409839884,2.8628178454987467,4.267214890806231,3.6761517752527593,2.725692123291629,3.448739851863085,3.5821978189775714,2.9661523841779167,3.4857373388799124,3.2627889658485807,3.00333532506827,3.9085751902724883,2.8813273539762156,3.3392275720580185,33.967294098168665,28.430123122999447,53.59980231672989,43.15056404260108,63.188815832166014,34.53094179043903,38.643281978160935,27.84009110633923,29.773379316497802,30.683695395035805,41.88821203722299,41.958185607369984,38.97119888727331,27.87445522838815,19.94723349755369,28.36817411088767,22.990306587762557,33.351443190576326,21.802593157300354,34.088291146286075,24.825022820218557,20.33318143276158,21.844733525675924,34.43780673659646,37.772303815650766,27.30296210447886,-1.9,1.822222222,2.8,7.844444444,10.7,15.822222220000002,21.15555556,19.68888889,14.45555556,8.811111111,0.7,-2.766666667,8.261111112,2.253885534,5.150674174,2.151162476,3.39452173,2.74271763,2.279132389,2.56861398,2.345977645,1.926208135,4.361606483,2.46221445,3.451086785,2.923983451,46.56666667,29.85555556,35.63333333,30.24444444,47.62222222,21.73333333,12.77777778,15.011111110000002,11.9,23.64444444,34.06666667,43.01111111,29.33888889,25.27602619,24.18434985,17.3223122,14.51353774,29.59661204,14.13665448,10.73799071,24.21804309,10.10816502,24.80761532,17.828839,27.92250188,20.05438729,10632.05999998,9570.26000000002,216002.82999999932,239966.49499988995
"Cheyenne and Arapaho Tribes, Oklahoma",0.1086212735380129,0.14600839938335114,3.326760216324669,1.5133160640589569e7,0.13677236586555203,0.20217334217071342,3.156578760838335,1.5272433055836668e6,0.8913787264619871,0.8539916006166488,0.863227634134448,0.7978266578292865,0.1683545519007097,0.16186355354494408,0.002992501072882436,0.13091893142373157,0.05871309115953712,0.39498500458260405,0.34494755924720977,0.2599588677240644,0.38308808163069863,0.3156539787317898,-2.167241971480301,-0.4843250901954555,3.2182580571357726,7.721105243704896,12.048673364109233,18.019363586841923,20.764712490632544,20.664152927865274,16.048488751329288,9.125342749777028,2.779799215722965,-2.3974783903319996,8.778404244470018,3.238628884788019,3.253448934304879,3.290677293081806,2.916202802963628,3.301256815476964,3.2263177856129754,2.864083130642654,2.9636919249012923,3.1954531194555154,2.649074834364841,4.25693325464615,3.829972078628952,3.248811738257613,26.18957868270556,21.299299472869123,34.95338456675381,40.41812067117489,58.05584463922288,37.82562682447409,46.54895243079683,44.7534060333264,30.538242744103023,29.577304797248328,24.55343036195848,16.493439808108587,34.26721925280094,23.10720171552369,16.78595300735883,18.77630685464774,22.668200632644986,38.05818366268375,29.195129228260082,35.06646045898844,25.87070054679559,19.777439804626695,23.77382280762699,21.168860817653695,13.574970460810198,23.98526916664233,3.7216049382777783,5.654938271722221,10.530246913500003,15.441358023333335,20.147530865000004,26.02283950611111,28.190123457777776,27.978395062222223,23.793209877777777,16.544444445555555,9.688888888666664,3.683950617222223,15.949794238333332,1.7780730636666668,2.691535571,1.1515593669444446,1.2440872374444445,1.4254032939444445,1.6058676677777775,1.3382674735,1.3812999814444444,1.5759166818333337,1.2395499622222221,1.9788032957777772,2.218851296333334,1.635767907722222,37.012962963888896,31.822222221666674,66.03580246888889,66.7555555561111,123.81049383666668,109.18765432333336,71.29814814777778,66.23950617333335,57.67716049333333,64.45925925888888,33.97654320888889,27.883950617222222,63.0132716061111,18.416155467777777,25.44570710222222,40.020803395,29.728565123888888,87.35408192944443,59.314357512777775,46.90013063777777,51.08409871388889,43.92051316944444,43.661192018333324,32.540366688333336,22.33534570388889,41.72677645611112,65546.29999994,59001.03999999919,216002.82999999932,239966.49499988995
"San Carlos Apache Tribe of the San Carlos Reservation, Arizona",0.13181778865745883,0.1930345890561699,3.2521680039871104,1.1998375190502748e8,0.15542137150807736,0.24578142970275169,2.998308849036133,5.254097726333803e6,0.8681822113425411,0.8069654109438301,0.8445786284919227,0.7542185702972484,0.22794861835496547,0.22174627389650622,0.04396396962273061,0.19016305510193568,0.061927962336571656,0.08485449000598212,0.06991543307221726,0.03897827206139559,0.05848751802960395,0.04722111752223784,7.443396226496855,9.062613557358489,9.951153039056603,11.900419290767292,13.920475192704403,18.812858141320753,19.369112504905658,20.223759608993706,18.431097135220128,15.437421383855346,9.804542277509432,6.186023759691824,13.378572676194967,2.102421230119497,2.4529089889182387,1.9833090664968551,1.487045171415094,1.9037799008805028,3.1577524049308168,2.3276950788238993,3.1418065114716978,2.099174989773585,2.2552917312295593,2.316646492025157,2.590287904421383,2.3181766225251565,87.56530398194965,82.27868623295596,72.75737246691823,37.19140461238993,31.117610061383647,11.65705800052201,8.757023061301886,5.887281620773584,12.125576519993711,28.109643606477984,70.44081061836476,104.45779173685533,46.02879687751571,91.25955645666666,69.73245292069181,59.40564678213836,25.806585784276727,20.981851199371064,12.347601518943392,14.266821222138361,6.519787014389936,11.386091285430817,34.16635245484277,68.6770537281132,90.19832748823897,42.06234398896226,5.0355555554999984,4.1111111112000005,9.3844444442,12.733333331699999,16.866666666,22.326666665,24.742222221999995,23.827777776999998,21.845555556,13.793333332800001,8.425555555399999,5.004444444499999,14.008055555399999,2.8099250651999994,4.995613349799999,2.9268791987,3.047532488700001,3.6410792627000004,3.1748405679,3.1571457284999997,3.0256650749999996,3.3115700935000003,3.4549761427,3.6582794516999995,3.5794265763000004,3.3985777501000003,56.58444444500001,50.528888888999994,34.86,16.496666665,6.8411111111,12.047777777799999,49.97444444399999,65.03999999999999,34.225555557,33.891111111,26.238888889000005,21.113333335,33.986851851999994,38.13476004699999,43.406342816999995,13.731568237,14.208105624799998,9.169028998799998,16.042510508,31.057361581,45.282635857,28.103276166999997,43.936987425,26.832144139,24.833891636,27.894884421,800.0,720.12,216002.82999999932,239966.49499988995
Jackson Band of Miwuk Indians,0.12106187702487305,0.17779262107641916,3.5626042349924383,3.542870772680747e7,0.109,0.175,4.2,2.919e6,0.878938122975127,0.8222073789235809,0.891,0.825,0.28821801106943257,0.2864747920682384,0.14468393092192092,0.15960853422318594,0.10757821336498145,0.3139065766335078,0.3139065766335078,0.04253848337588654,0.06788229831573926,0.10093728003132255,7.753630409450452,9.492057699733259,10.839769980319721,13.576469395312984,16.30000545766876,20.14547446448351,23.070616764286314,22.512194931456136,20.51899883046105,16.69646393768561,10.579686549573822,7.673112670590877,14.929873424217547,2.3093382468510204,2.830606800831649,2.5901955056794383,2.523844511058945,2.4220233814281418,3.082098097775784,2.76409772864098,2.6452639486388065,2.476018455404699,2.57684134222477,2.595834866493121,2.4706958512843498,2.607238228074175,122.63758362658886,83.62414424881892,73.93501442442451,42.57098947349964,24.607392592618243,7.423635867279089,7.382636257528841,8.387688888800984,7.687417543609188,25.807719298180334,38.99905731000281,100.42688577141624,45.29084710855296,106.14917092013414,67.67988099546521,64.63122577446593,31.80778130342877,21.119895100919372,8.654749276836002,13.125910837797402,11.609000843470175,9.76663089574259,29.429484844099644,41.82021834959998,89.55021561186246,41.27868039645755,5.322222222,8.1,8.244444444,11.96666667,14.98888889,20.6,23.96666667,22.65555556,19.32222222,15.56666667,8.188888889,4.688888889,13.63425926,3.119606457,2.426417112,4.209249075,3.646230931,3.383210178,3.55,3.282910294,2.662288072,3.845704675,2.82931087,4.434648928,5.461328695,3.570908774,168.1111111,117.4444444,116.1666667,59.31111111,40.95555556,9.222222222,5.488888889,4.111111111,6.633333333,37.94444444,56.41111111,116.7222222,61.54351851,113.4942669,101.6663798,100.0820788,42.32282022,27.77535378,9.170302309,9.683419391,7.042095648,8.769549589,46.13166242,59.55846801,121.4112616,53.92563821,23321.030000010003,20992.160000000058,216002.82999999932,239966.49499988995
Sac & Fox Tribe of the Mississippi in Iowa,0.07702417731147128,0.11844487573470028,3.029036817959106,887433.2303415942,0.089,0.146,2.86,742000.0,0.9229758226885287,0.8815551242652997,0.911,0.854,0.745082942101227,0.6466111961437997,0.000999999999999999,0.7305290655459128,0.7234070704945728,0.5471746797911756,0.4255116988633711,0.0010000000000000005,0.4407211511876534,0.5382937960365421,-7.654910061107668,-5.615207849164214,2.464842069046476,9.164067475778467,14.945046907041055,21.028616920565458,23.047078059395822,21.86934331900852,17.285454859953525,9.608572166197524,0.943755916989156,-7.2925811173694814,8.31617322225329,2.8440843068125488,2.957023545034083,1.9670894641371028,2.1036727268605735,1.5389960333880717,1.6213306890642916,0.9890536024399691,1.4000186825197525,1.879462350634392,1.6139731370805581,3.738660039568552,4.0418657670495755,2.224602528783888,14.59684998887684,12.091161027560034,42.00783199784663,65.57356054584045,101.39775367006973,112.95163094453912,93.43713745202172,101.27917206069716,87.44670798122387,43.7156984261038,31.574791290317584,22.477175315732,60.71245589288923,9.588165912360962,10.438425391978315,24.04007351474826,39.893540839101476,32.204250828721925,55.599558442285044,57.943293997947315,44.59618067108444,56.28603309240899,18.024710774732768,27.66276376865221,16.299709168862897,32.714725533609595,-6.2944444445,-3.900000000000001,3.5,11.77777778,15.66111111,21.37777778,23.005555555000004,23.21111111,17.4,12.594444445,3.6388888889999995,-5.4444444445,9.710648149,2.8703157630000002,6.7717088604999995,2.253520582,3.1569618415,2.8850721604999996,1.7800995355000002,3.138000564,2.420572832,2.069651141,3.098463133,4.577746697,5.638608305,3.3883934515000003,28.35,42.61666667,53.044444445,66.388888885,97.9388889,136.64444445,116.46666665,85.56666667,76.422222225,47.105555555,46.96111111,31.766666665,69.10601852,10.077731561000002,52.79562521,47.132971135000005,42.737579505,41.319579805000004,54.120409695,55.897962314999994,34.315349485,40.16593805,32.580892215000006,21.917136005,20.972074079499997,37.83610409,2888.19,2599.7400000000002,216002.82999999932,239966.49499988995
"Minnesota Chippewa Tribe, Minnesota (White Earth Band)",0.09386544044992699,0.15950171082252398,3.011914388299694,2.495932172985981e6,0.11834742200013683,0.1993088046107159,3.207511621293201,919555.8172685613,0.906134559550073,0.840498289177476,0.8816525779998632,0.8006911953892841,0.4698183853030971,0.424461855466933,0.0009999999999999998,0.34708842068488144,0.42540752146575533,0.5055306152521707,0.45602032210137156,0.000999207007893245,0.4437247194878268,0.41562371204401255,-11.045977121786644,-9.60023579710755,-0.693404072275022,6.876522321066537,13.141997258827079,18.18555906072269,20.943453462420425,19.83720804294523,14.639843226707779,7.581955198657588,-1.015380938809292,-10.19192875098882,5.721634324176373,2.585586328901348,2.58951589533496,2.6177934002684267,2.257800630531116,1.367687194772585,1.9369446300074575,0.9445071482050477,1.382515054852596,1.9261056450000007,1.965515934884716,3.22904342986206,4.215501853450245,2.251543095432464,20.928034285078876,15.364624158933182,37.11671286894753,42.167112768752524,81.98929994009752,111.74848485267573,99.31070962410962,103.1248382906309,85.7779785259622,63.75291399863783,43.67296306911963,24.490622310886152,60.78702455858908,12.98417189192257,6.534464061179525,20.70486056758877,20.233216409753382,42.65409744636651,39.67783545231432,37.56755923732436,41.28773806496131,44.27639034429025,23.900760026922864,31.088722792644113,16.101027957806718,28.08423702044451,-12.719444443750001,-9.461111110500001,-0.16527777775000005,6.290277777749999,12.791666665000001,18.47499999875,20.343055555000003,19.966666667500004,15.605555552500002,6.9680555557499995,-1.161111111,-10.1888888875,5.56203703675,2.74577422325,4.55455111975,5.240869173875,2.6607747827500003,1.63897104,3.0741594869999997,0.8473364478750001,2.32647564075,4.0102699545,1.949229490875,5.5407228365000005,7.124164336749999,3.4761082113749997,27.3375,13.606944446249997,28.788888890000006,46.95833333375,76.87777777625,110.23888888625001,109.94583333374999,94.61111110875,68.92499999750001,62.016666667500004,48.20833333375,29.8805555575,59.78298611249999,32.96237615175,4.400743563125,17.506284631249997,40.588957093750004,53.15299063999999,36.926364843749994,69.27872562124999,34.25627289125,33.912939962500005,24.699866487500007,42.04676240125,30.078967835,34.984271012499995,5928.100000009999,5336.0900000000065,216002.82999999932,239966.49499988995
Lower Elwha Tribal Community,0.13790932424841393,0.2403119883193893,4.056734079594567,4.169076691994547e6,0.147,0.252,3.3100000000000005,6.145e6,0.862090675751586,0.7596880116806107,0.853,0.748,0.46004313897704996,0.44220840116520316,0.0009999999999999998,0.26673655319182216,0.3983407499469307,0.5053630166994378,0.49590468479270744,0.0010000000000000002,0.3500462507111278,0.4677598200666462,0.2931470390553893,2.2307717896616768,3.7139720556437137,7.594727212282935,11.357168994985033,14.686377248068865,20.52298735775449,18.17007651218563,14.232302062080839,9.319361277148206,3.1159680637006,-2.307634730682635,8.57743540689671,3.435683847696108,2.5899708354116773,2.771525043294911,2.275437340841318,1.6401490046167666,2.424511269664671,2.581082602628743,1.3999173040748507,2.002463677158683,1.603729724588324,3.132585116158683,2.7511236628757496,2.3840149525284438,76.68792415166169,40.73097139251498,55.21620093,34.02288755568863,36.80036593462575,29.464703925958087,14.218695941092818,15.150099799820362,21.482917498832336,32.5060212913024,51.2100964744012,98.06443780369761,42.12961022643714,90.83747457913175,35.50687025242515,52.745732581706605,23.002032353263477,20.00893048579342,25.263567158562882,11.814127837726051,21.32695517556887,22.543367317889228,30.65401452318863,43.634963467290426,97.4392323627545,39.5647723408982,3.2944444445000003,3.1666666665,5.727777778000001,9.772222222,10.86111111,13.51111111,16.32222222,15.783333335,13.761111115,9.1833333335,5.949999999999999,2.744444444,9.173148148500001,2.049453925,3.646093526,1.296362215,4.1459008285,1.4135797835000001,2.7777354025,3.1299728179999997,2.782438519,1.382088805,1.0428533880000002,4.641284115,2.5927672104999995,2.5750442115,276.11666665,205.7611111,190.84444445,128.34999999000001,92.644444435,70.43888889,36.344444445,42.127777775,80.35555557,208.33333335,293.67222219999996,286.40555555,159.2828704,135.03172268,116.081910735,82.15607349,63.601480124999995,50.526516485,37.808238865,26.577363270000003,39.094561135,68.04411646,131.4435607,232.62507365,175.892276,96.573574475,1439.18,1295.44,216002.82999999932,239966.49499988995
"Red Lake Band of Chippewa Indians, Minnesota",0.060269984042473766,0.11205888899020433,3.2166337173350046,1.2256619084339822e6,0.11507606487772835,0.19397422746647938,3.0991888017268265,2.0500151232760958e6,0.9397300159575263,0.8879411110097957,0.8849239351222716,0.8060257725335206,0.434023460602392,0.39300775668499044,0.0010000000000000005,0.3302293210008986,0.2960125986670412,0.395259166697987,0.3540487022656854,0.0009995721386098493,0.2911338326121937,0.26578617438860946,-11.979719524045306,-10.365516003582524,-1.337971952572815,6.856742178967637,13.077633944627829,18.411003236084138,20.89974829038835,19.70093491304207,14.391513842071197,7.200791082297734,-1.8809421072491908,-11.019525349084141,5.329557712430421,2.9698420901844655,2.6118978373656954,2.7655457327346276,2.402804674770226,1.4249219910323623,2.0100224938899673,0.9523184401326862,1.5794413615242715,1.9831875289676375,2.025346287310679,3.501114243941747,4.298120586802589,2.3770469389902913,16.88867314333333,14.363394458252426,28.605501616990292,32.92786767100323,82.73401654187701,120.95559151391583,84.64908307271844,103.34048903495143,67.02121539019416,50.7459187373139,36.520028767896434,17.805717370906144,54.71312477754044,10.841120401080905,8.994542563482199,17.40604033966019,19.218909417022655,52.18118074987054,38.004381745436895,32.70870429631068,49.138717588737855,46.41852647705501,25.997053720064724,27.259860965016184,10.93326135741424,28.258524966278316,-13.377083334375003,-10.441666666187503,-1.1722222221875003,5.497916666750001,12.163888888125005,17.589583333750003,19.738888887500003,19.050694444375008,14.422916667500004,6.118055555500002,-2.0027777778125007,-10.886111111187505,4.725173611125001,3.239558577000001,4.740151681437502,5.836849206437501,2.3525969980625003,1.5385293032500005,3.2169396236875016,1.1358766636250002,2.491901402562501,4.436559044,1.8667898656250006,6.085544290312502,8.940832229000003,3.8235107405,34.59791666812501,16.013888888750003,26.490972223125006,45.418055554375,74.53750000000002,112.1305555625,96.08819444000005,109.20972222562506,70.80486111062501,60.79305555625002,54.77152777812503,34.51458333250001,61.28090277937501,44.884765284312515,5.460241235687502,18.683556993937504,40.33953910437502,40.998640076875006,40.98043222687502,47.935730132500005,50.540682818750014,37.25651293500001,29.321915353750008,39.608405002500014,38.32811582325001,36.19487808187501,640.78,576.79,216002.82999999932,239966.49499988995
Coyote Valley Band of Pomo Indians of California,0.11909679928610717,0.16629652097248532,3.680797838170077,1.6101197742918434e7,0.135,0.19400000000000003,3.53,7.022e6,0.8809032007138928,0.8337034790275146,0.865,0.8059999999999999,0.35892623896651144,0.35543579500627304,0.185390266498018,0.13630932228381354,0.21070535347094002,0.6672183321578524,0.6672183321578524,0.4571537900777639,0.4645744995183756,0.5061626625970759,8.20697540458216,10.496883819723168,11.163665686239495,13.795616611451518,16.166274984183513,20.76041126566096,22.249559356065312,22.35284833861067,20.057980532726784,17.117015149108333,11.147693104909276,7.968544438657848,15.123622391518913,2.0771505484282007,2.18483114819129,2.6257746545552085,2.231822534524105,2.1001501144686348,2.820040978624674,3.0086847531280427,2.9746295630601316,3.252551635663035,2.349339832191807,1.5997469020134776,2.31178753964593,2.4613758503888,148.49919358678062,114.60304129166403,105.4031910595334,50.234260697361314,35.46444329116119,9.150463683024878,3.180202753558839,2.1379298427630884,6.183002130943493,35.0782443418818,55.657323886065306,133.7937676412648,58.282088683820604,112.97594436923269,100.34719887513731,96.42002536165366,40.87988386083462,31.425637821026417,13.22892920339605,6.391530395271121,3.6408586956422986,7.951595519726799,38.863661502773446,54.22058719701915,126.92987480389834,52.7729773004458,7.4,8.177777778,8.911111111,10.86666667,13.688888889999998,17.73333333,20.48888889,19.71111111,18.14444444,14.22222222,8.844444444,7.044444443999999,12.93611111,1.2,3.23565209,1.328010207,1.532155345,1.501203221,1.637833935,0.633333333,1.057644133,1.335207017,1.8191878529999999,1.694189416,1.7826322609999998,1.563087401,219.0222222,147.1222222,138.8333333,65.76666667,51.67777778,18.94444444,5.155555556,7.1222222219999995,12.06666667,45.37777778,69.15555556,207.1222222,82.28055555,171.935764,106.960025,140.7269253,44.58158252,37.25710596,21.26470733,10.01550187,16.01903382,17.54985755,47.11127195,56.634024909999994,188.2531393,71.52574496,3425.39999999,3083.3599999999997,216002.82999999932,239966.49499988995
Saginaw Chippewa Indian Tribe of Michigan,0.06199560597260981,0.11698982405102148,3.120572839949202,1.5533221290207063e6,0.13899363584647279,0.1340288262128662,2.770181553006367,4.622436133448231e6,0.9380043940273902,0.8830101759489786,0.8610063641535273,0.8659711737871338,0.38983335348254805,0.3645464038796786,0.0009999999999999998,0.25290045799174743,0.2637822418041013,0.5336696558646482,0.46853341867930126,0.0009888662243202062,0.4398799739291396,0.5230238268775373,-11.58347826026087,-10.059806764639129,-1.1105797101956518,6.895314009673912,13.058502416608695,18.334637682086957,20.899661833608697,19.754685988565218,14.44584540926087,7.269758454043478,-1.6377777778652172,-10.705652173030433,5.463425925369566,2.7337548425086955,2.6353312179869564,2.642665078226087,2.377510966817391,1.4048911268086957,1.9318049696173911,0.8969379175391305,1.5380040289043477,1.8508260079434782,2.0636717174782606,3.141085954991304,3.9701078676869566,2.2655493080130436,16.900048313260868,14.541642507999999,31.408647343000002,36.63937197808695,81.78396135408695,124.14995167565216,89.84101450608695,105.00309179043477,73.37903381686955,53.79956521995651,35.820869565391305,17.956521742086952,56.76864331813043,11.211886800073913,8.941798093086955,19.24664629863043,20.582121624391302,45.642660653086956,38.72375788717392,34.94808899586956,50.23760791804347,50.86699921969564,28.790289755826084,28.60595604247826,11.582256305373916,29.115005797217393,-5.844444444,-6.211111111,0.47777777800000004,6.85,13.155555555000001,18.411111110000004,21.027777775,20.56111111,15.86111111,9.161111111,3.1833333335000003,-4.3722222225,7.688425925000001,2.6107389175,3.4453497285,2.806400843,2.316148878,1.6434470475,2.038067056,1.2321024194999999,1.5227663275,1.5710362475,1.8715594384999998,1.8671989985,2.7841852819999997,2.1424167655,44.755555555,36.544444444999996,39.866666665000004,62.16666666500001,79.13888889,83.27222221999999,73.02222222500001,93.594444445,95.05555556,72.71666667000001,86.005555555,47.077777775,67.76805556,21.083716084999995,23.640465085,25.28618533,24.935347065,38.084367895,33.92055921,18.265125245,33.45871754,34.82351091,35.32456457,38.420027479999995,21.01300144,29.021298990000002,480.78,432.77,216002.82999999932,239966.49499988995
Confederated Tribes of the Grand Ronde Community of Oregon,0.1445667794418618,0.21672527427288862,3.2826054722242204,1.1137357560776016e7,0.11133206421880118,0.16516983945299707,3.3808682339829677,6.484871961505077e6,0.8554332205581382,0.7832747257271113,0.8886679357811988,0.834830160547003,0.3548830530205804,0.33626061410818275,0.0013139326767615006,0.17851206069744924,0.2656739637324147,0.43307982020641783,0.38514582882159737,0.0010000000000000009,0.30186771556228537,0.42288027800832795,6.658342761153353,8.645332373316885,10.297226506799142,12.621968527452655,14.983321333252094,19.249302339558774,21.461438514794825,22.795028967904983,19.55797936088555,16.589396276605992,9.604864753351128,7.022911310029622,14.123926086081465,2.5485413441366873,2.8174163616201815,2.685395249713979,2.2081227193375526,3.525962423118482,3.7743521616251203,2.394951542159829,2.2837732845939542,3.06147929966091,2.7929472685377976,2.5704977832224625,2.2656541003196544,2.744091128239433,171.65686173868556,113.75763309017285,112.43397100545816,64.99838184456341,50.147934451906806,16.1330419277328,3.600243409111077,3.624769446913917,13.16110253978834,49.04534608786797,61.97474030611235,165.22866056513428,68.81355720107685,141.81348043910222,92.42818735361004,102.91178367278616,54.542559995195965,32.91499078918853,15.753818506204885,5.023091860576676,6.1862380784128375,16.814610816547365,40.67681030766431,64.46816134893865,140.1157736298705,59.47079223278926,3.688888889,5.122222222,7.155555556,10.26666667,12.01111111,14.988888889999998,17.92222222,17.37777778,15.3,10.51111111,5.977777778,4.222222222,10.3787037,5.599206293,2.986125323,1.406334874,3.506779149,1.7531717289999997,3.335207806,2.81415075,2.347753063,1.385640646,3.286124026,3.124411056,2.673844506,2.851562435,222.56666669999998,144.4222222,142.8222222,89.33333333,70.64444444,66.87777778,18.16666667,20.71111111,46.05555556,120.93333329999999,203.6777778,253.3888889,116.6333333,103.84198329999998,82.00258804,33.72946701,48.28397766999999,33.79508511,24.02299824,22.71508309,16.21476522,25.47101839,55.11887154,99.68117647999999,108.7163447,54.46611323,6160.399999989999,5545.230000000008,216002.82999999932,239966.49499988995
"Paiute-Shoshone Tribe of the Fallon Reservation and Colony, Nevada",0.11700325050761451,0.14354929299041946,3.0622419738762154,1.1584732834127221e7,0.126,0.181,3.4,1.736e6,0.8829967494923855,0.8564507070095806,0.874,0.819,0.2439242279687092,0.23789697784603633,0.003725438430402789,0.1820779730422991,0.07431896518131421,0.0341735986017964,0.029825658187605547,0.0009999999999999998,0.018394364525715624,0.0009999999999999998,-0.2248259580845239,1.5341277224513048,4.689631582783506,8.97353012165804,12.857358009888197,18.429835263342145,22.163091053033522,21.072959746659453,17.206368900010876,11.334537841185032,3.7763130684834105,-0.39940722366082687,10.117793344136485,2.9576401200338127,3.699884297922925,3.297687196672148,2.513818056037068,3.0539937361298084,3.1156460508686465,2.655906304010857,3.113563755710922,2.8836737947013047,2.6996592979634024,3.498620183134156,2.7518531558674058,3.0201621624877504,40.94141852742868,33.226421629421566,49.85856596345694,40.2285187481948,52.54995002758538,27.70077198758812,31.077986283176692,22.566978563484497,23.866075613610274,26.201580162727986,36.81910670030398,43.157104700381545,35.68287324271871,30.890061391289574,23.50518924242869,28.288786711740094,22.031333362278254,28.071766575585627,17.820842778630606,27.68904454796297,20.5175374798184,16.519243363614788,19.511679199823227,32.93953658461232,38.74350659280399,25.544043985964667,2.5425298360376223,4.329558363867892,7.88071031990494,11.369867256585298,15.347721615933374,20.834635268744975,26.14563150224871,24.60400472216255,19.981131535246988,12.802106069304996,5.491339587831705,2.8517646307458357,12.84841672607984,2.8609480766657094,2.343262846905227,3.2105515562978177,1.8721701153012638,2.1934517078506603,2.122858057722286,1.5839349819494544,1.5236708710112006,2.2884590053294085,2.360364362020678,3.9723907829035046,3.1892260537762787,2.4601073681453194,17.801183865129236,17.496509031677196,14.966424148645892,20.854805667225737,25.55081690071798,8.316609228246698,12.48251004935382,9.448519369554855,6.569730040042218,11.446445207504308,12.724181508219415,17.24853532784032,14.575522531861,11.475660580255601,10.14096069607984,19.234158519035034,17.554546398380243,16.841534220893166,12.475342052946583,19.468453853446295,17.471598345901782,7.547168664542792,13.364846498391731,12.447381511137278,16.139133074562032,14.513398699767375,13512.05999998,12162.67000000003,216002.82999999932,239966.49499988995
Confederated Tribes and Bands of the Yakama Nation,0.139,0.20300000000000004,5.28,2.656e6,0.12638435985128255,0.18768455930661845,3.224196953549439,1.4525583987426024e7,0.861,0.7969999999999999,0.8736156401487174,0.8123154406933816,0.5089413822231436,0.49485448402763615,0.0010000000000000002,0.44892230393723276,0.2256803137119565,0.21641675647726477,0.21390457930755205,0.0009992883164407905,0.10708694974608136,0.09265315891796039,2.866666667,7.755555555999999,6.566666667000001,10.2000000015,12.8416666675,19.13333333,22.05555556,21.56111111,17.811111114999996,12.911111115,5.07222222225,3.26111111075,11.8363425925,4.198213906,1.9423639660000003,4.610585646,3.0661087739999995,3.97698366325,2.36748812,3.2584931759999995,2.6566091765000004,3.2823180730000003,3.381172076,3.2344479575,4.880781773249999,3.40463052575,124.44999999999999,95.9222222225,79.03611111500001,64.233333335,51.1555555575,15.072222219999999,8.688888889,2.322222222,13.861111109999998,38.81111111250001,79.21944444249999,102.5111111,56.27361111249999,131.3830985,123.64207724999999,53.4840574575,55.50186514499999,42.936885165,12.500641299999998,13.92681267,2.617621906,14.900447989999998,38.1940253275,84.31484567250001,133.9719602,58.94786154750001,-0.033333333272727264,2.406060606181818,5.1616161616363625,9.216161616090906,11.75959595963636,15.076767678181815,20.278787879090906,17.958585858181817,14.98282828272727,8.692929292454545,2.379797979818181,-1.4808080806363633,8.866582491272725,3.488500793090908,3.0519680353636356,2.0623032357272724,2.6521587429999993,1.7802341918181814,1.5959926714545452,2.285282186909091,2.066095564090909,1.9827431945454541,2.452882321818181,2.8353597889999995,3.302925661090909,2.4630371991818176,115.02121212818179,65.33838384272727,66.86868686763634,42.78888888727271,46.57676767727271,35.5989898990909,15.814141414999996,15.180808079909085,30.060606060909087,59.4606060581818,97.76060605999997,130.4606060563636,60.077525250909076,78.85084529636362,36.98304857545454,41.56465003818181,23.96719232545454,31.02710425090908,21.712563344999996,22.310388643909086,16.867986749272724,21.360930137090907,33.61907614263636,71.77863131118181,111.2354953381818,42.606492679999995,160.0,144.03,216002.82999999932,239966.49499988995
"Kaw Nation, Oklahoma",0.1251663498712032,0.19949819256529294,3.0822077816249434,661677.8204377561,0.1572025342021524,0.2475822789458459,3.078987237184675,3.812518868809298e6,0.8748336501287968,0.800501807434707,0.8427974657978476,0.752417721054154,0.6368559962372043,0.5456209509596819,0.15254410445841893,0.6322484773522666,0.5142796066223683,0.4384815857878812,0.39364080066475143,0.3051784800557644,0.41531873052694734,0.3356202459152568,-2.1958594492745527,-0.04901445605384604,6.6002236994872785,11.97309169540267,16.860250079531824,23.607702859754067,26.448936372831003,25.560808272223177,20.970953888427363,13.543104358222246,5.527254405418136,-1.6755576658782525,12.264324505339994,2.3717789864917376,3.18449131160086,1.4730570190818622,1.591815832914247,1.7204931736028526,1.5720565183325774,1.4499047846283957,1.8854567511486262,1.7417444242792033,1.5597326617891742,2.865687182245396,2.8127863622151,2.0190837507007626,21.962698111141524,19.996279412825295,61.22541732544546,54.628748549170005,112.98623826950346,100.6031275739822,91.83313284767061,85.17246385997348,54.17419541975311,40.058621926630565,30.86401814886233,20.50161865583953,57.83388000840933,11.50797782549526,14.843452903526973,33.197971507509024,23.78842574043212,64.28703775619182,42.783846531718936,46.78925911759549,40.607376084400784,32.06148462345871,26.412859968755033,23.206232233489125,20.114045138696213,31.63333078690411,2.6055555554999996,4.399999999999999,10.584382177196996,15.530817768049246,20.079351044203495,25.977777779999997,28.405555554999996,28.272222219999996,23.832782269493066,16.772222224999997,9.794444444499996,3.02125328770871,15.77303036317959,2.192049267,2.8467459364999996,1.375409552453774,1.3943296068574083,1.102995816433708,1.5461411084999996,1.4531096855,1.7075719259999997,1.517713316756704,1.3516941894999996,2.0105198664999993,2.7782618706972046,1.7730451788460666,43.32777777999999,47.822222225,86.69999999999999,88.02222221999997,141.86111114999997,149.3777778,106.43333329999997,94.77222222499996,76.67222222499998,73.87222221999998,49.67222222,44.81666666999999,83.61250000499999,25.989375079999995,34.83180871999999,47.60368078999999,40.102691695,81.49107882999998,76.73613896999998,58.851854724999995,64.37513860499998,49.79214945,50.7357575,47.12872787,39.522306015,51.43005902499999,21478.099999979997,19333.170000000042,216002.82999999932,239966.49499988995
Quapaw Nation,0.176,0.255,2.98,8.734e6,0.1457554589727914,0.21181380233662359,2.864576473087522,2.4870018109975327e6,0.8240000000000001,0.745,0.8542445410272086,0.7881861976633764,0.22933094736162585,0.17096292811227928,0.22184856414292775,0.1014176573143595,0.18201336939394286,0.44931690071197544,0.3877984213366738,0.3990737959707061,0.38030171611103697,0.43664698538061997,-0.47777777800000004,1.477777778,2.311111111,7.077777778,12.2,17.13333333,19.27777778,20.15555556,18.72222222,11.22222222,3.377777778,0.9,9.448148148,3.688420318,4.149330602,3.160080871,3.719804356,5.085764446,3.717862289,1.561872096,1.692713141,5.301598292,4.396242082,5.635551831,5.375639497,3.9570733180000004,36.87777778,69.36666667,40.3,21.51111111,53.17777778,27.86666667,35.32222222,40.53333333,15.844444439999998,22.74444444,60.466666669999995,28.24444444,37.68796296,24.81515554,56.96209266,27.35306199,12.20813709,35.11199146,31.756613480000002,47.16096844,61.045147230000005,15.585899969999998,14.30804941,53.01306443,25.88745406,33.76730298,2.366666667,4.044444444,10.13333333,14.76666667,19.06666667,24.655555559999996,27.03333333,26.93333333,22.766666670000003,15.62222222,9.455555556,2.644444444,14.95740741,2.752271789,2.831126592,1.3937359860000003,1.220655562,0.9165151389999999,1.4604032929999997,1.533786165,1.503329638,1.607793519,1.170232645,2.295163998,3.22765825,1.826056048,70.84444444,67.93333333,110.95555560000001,99.27777778,181.7666667,125.4333333,85.38888889,83.27777778,101.5,81.12222222,91.97777778,75.38888889,97.90555556,45.5720888,47.98484136,54.46395852,41.91061255,82.35030358,47.23314514,55.21570077,62.81589723,51.08125879,60.68959503,80.40044741,74.14164559,58.6549579,160.0,144.02,216002.82999999932,239966.49499988995
"Moapa Band of Paiute Indians of the Moapa River Indian Reservation, Nevada",0.13398062188501297,0.16813848943608806,3.089439107172023,6.500152647754397e6,0.128,0.193,3.31,1.53292e8,0.866019378114987,0.831861510563912,0.872,0.8069999999999999,0.14130559047121302,0.14122626261094073,0.01263508240875591,0.04529143732671792,0.0017398241168709416,0.04384992114807813,0.02785907901946148,0.027968929147709924,0.012151047392407362,0.0013076223985035325,7.419145426216036,11.19365668481069,12.40840551123979,15.017553412620632,17.981003052895318,22.289408563147727,24.50800132025241,23.989128105315512,21.870114658990346,18.067648272175195,11.287255629086854,8.258071434373417,16.190782673355603,3.378853117567926,1.469152241461024,1.7760871850037112,1.7432091050230136,1.4971892863556049,1.415386552411284,1.5574900627676314,1.787440990754268,1.3419954123689677,1.5086468568299922,1.9222978977654042,2.2312418488285064,1.8024158798433552,76.90468530529326,56.79099232849294,43.7174049328582,33.25532459099478,13.807011464617664,2.180211168899777,0.8212488660898288,1.8378206712457306,2.1360884268366744,14.292303884587971,27.00980780481068,58.56645219699331,27.609945971017066,49.47649892059391,39.40180815740905,30.73382274632516,20.905492160541947,9.566758744028203,2.9742523682331106,2.105542829836674,3.8080590063986626,2.801424499463994,16.66838313525612,30.8050725498441,49.63041200569413,21.573127259643645,4.833333333500001,8.5777777775,9.7111111105,14.07777778,19.749999999999996,25.994444444999996,27.66111111,27.005555555,22.733333329999997,17.677777775000003,10.65,6.5,16.264351855,4.7765262185,3.0679914040000003,4.3779993919999995,5.564739464500001,4.333569431,4.1681959795,6.614044380999999,5.763870188,5.475535214000001,3.8200734499999998,4.347764513,4.759230838500001,4.755795039500001,39.066666670000004,39.83888889,15.577777775,10.7111111135,12.794444445,7.300000000000001,26.383333334999996,14.777777780000001,9.855555555499999,16.52222222,15.533333333499998,9.394444444000001,18.146296295,25.49746454,40.96130471,12.21044985,13.003269415,24.763606995,12.962201932,39.0131248,12.48503673,10.2502519765,14.228328145,31.502566769999998,12.95346549,20.819255945000002,3040.0,2736.4300000000003,216002.82999999932,239966.49499988995
"Confederated Tribes of the Coos, Lower Umpqua and Siuslaw Indians",0.15366931973412634,0.23637449736419647,3.2637449736419644,6.286455168004207e6,0.15052103830208086,0.21869448894458618,3.4409310397131705,3.677172407329867e6,0.8463306802658737,0.7636255026358035,0.8494789616979191,0.7813055110554138,0.34129941089113336,0.31269321305616704,0.0015297056597271365,0.2000966627176299,0.30513915492776833,0.36410164749946383,0.3344476104547499,0.009678306165172788,0.27414436820918253,0.363938023255845,7.069188965769274,8.696951975812334,10.6304743339798,11.892403568591176,14.681333804736838,18.36941933894737,19.070736606937785,24.254828991132385,18.94341662208399,16.833729104657095,10.279230904892076,7.658260972427432,14.031664599521527,2.4719555716379578,3.2166130536432744,2.347033865448697,2.104806031255715,3.333962383468369,4.978141410690059,2.6089374313689517,2.236812504901117,3.487752249780967,3.013817448803294,2.5967260667517262,1.6826321475140873,2.8399325139165326,169.80193159234443,120.4949731151249,115.46312246000524,68.47227833960123,52.39357315718234,17.97722842369059,4.171427727677298,3.494004370997342,17.030054934609247,50.63672987251461,67.1896095460659,167.8006556744284,71.24379910181284,130.65659424892078,100.65925868838383,126.91455412378518,61.72715524004784,36.61182968204679,18.615846520760226,5.584756160366295,5.827720278987236,20.581955792307284,40.30936365210524,76.83197633514088,137.2082664044445,63.46077309289735,6.0925925926666675,7.303703703666668,7.862962963000001,10.337037036666667,12.32962963,15.118518516666668,18.33333333,17.144444443333335,15.444444443333335,11.366666663333335,6.937037037333334,5.859259259333334,11.177469133333334,3.174116080333333,2.7816783926666666,1.7994002596666665,2.1413567383333336,1.4915599563333335,1.5363296773333333,2.9746129636666665,1.344051392666667,1.667207101666667,4.067148433333334,3.125364775333334,2.814123319666667,2.4097457576666668,220.01851853333335,133.00370373333337,133.83333333333331,93.57407407333334,71.83333333333334,60.91851851999999,21.68518518666667,23.27777777666667,44.4,121.85925928666667,175.92962963333335,233.67777776666668,111.16759261333334,144.85628673333335,69.11931129333333,57.914937300000005,58.967199576666665,30.218017016666668,27.454292413333334,20.857042196666672,20.09591186666667,33.68364604,63.071200440000005,89.54131367000001,122.35625580000001,61.51128453,3116.17999999,2805.060000000002,216002.82999999932,239966.49499988995
"Agua Caliente Band of Cahuilla Indians of the Agua Caliente Indian Reservation, California",0.11114307134254695,0.1512671570135449,3.3799446407094784,5.380502613243252e8,0.1,0.146,3.15,1.26963e8,0.888856928657453,0.8487328429864551,0.9,0.854,0.1883295392752557,0.18648931688502984,0.08140305474470166,0.1323132987437677,0.06172321654761769,0.032189206990478246,0.027513679391934425,0.011900729538034775,0.018900619002625598,0.0027039200041031803,10.099643417216944,10.933618596174583,11.178547995096277,13.561645985019254,14.945913562618742,17.57044644110398,19.306104692644414,19.84346027553273,18.417971755314504,16.95699615042362,11.630280986046213,10.217501067573812,14.555177577240052,2.3789585455596916,2.3957641097689346,2.6884183147214373,2.1900931737445446,2.9633570198177153,2.205488092767651,2.3886901182336326,3.3176292760872914,2.5944805691732986,2.488539382284981,2.1298858614711165,2.2410600775969187,2.4985303784672652,112.78222794567392,95.99147055486523,82.84177720765081,32.87820567589216,17.942262162387678,4.997461132486521,3.488689202707316,3.5827271429525025,3.1903009553555837,11.733647125658536,27.34863785414634,54.18830409532734,37.580475921155326,103.556666260629,87.31073084044928,80.43435768139922,24.048378592439022,15.765756233183566,7.2060347050102695,4.933461595353016,4.9005768233273415,4.778966007948651,14.139717133517328,36.650531065083435,84.93594101844673,39.0550931630552,9.172222222,9.338888887,11.405555554000001,13.68888889,16.76666667,21.572222225000004,25.394444445000005,24.994444444999996,22.47222222,16.238888890000002,11.0444444465,9.361111111000001,15.95416667,0.8384270014999999,4.1063181835,1.317072312,2.0329989074999997,1.9684879149999999,2.3559641335,2.4302985905,1.9358716395,1.417287319,3.028219901,3.6607816580000003,1.4878854225,2.2149677490000004,93.55555558,68.850000015,45.0,24.033333335000002,10.7444444435,1.3611111115,15.311111115000001,4.7055555555,6.95,14.705555558,22.161111115,26.238888890000002,27.801388890000002,93.75435748,87.34097877500001,42.61166339,22.424751825,13.141054024999999,1.7320787055,26.457179655000004,6.5406278185,11.226741525,21.621841965,43.039232254999995,42.536305635,34.368901085000005,801.09,721.09,216002.82999999932,239966.49499988995
"Tule River Indian Tribe of the Tule River Reservation, California",0.12217820869745254,0.17727390551928662,3.494112033218475,2.4339657466982257e7,0.159,0.239,3.1000000000000005,3.8373e7,0.8778217913025474,0.8227260944807133,0.841,0.761,0.21544140938674494,0.21435312268387163,0.10430041192562275,0.09968644387180568,0.06486714944073847,0.20277578997696694,0.20277578997696694,0.038104564251400644,0.040199490131231905,0.06665609297435791,8.593877807492335,10.104162476227115,11.138336685787694,13.387379408948316,15.909604890235892,19.844561310625643,22.31124380798653,22.003765318128565,20.10497634756495,16.610963515592605,10.88952629694777,8.185480221167053,14.923656507084292,2.1757699440006277,2.462024135930145,2.3461373771080702,2.41493390403696,2.5072735780675073,2.6208950502212933,2.7372616564655505,2.422933907462747,2.3768658540287055,2.389347903624412,2.5012674352768993,2.4849031067646616,2.453301154445607,118.75435104196593,87.05188289239854,76.65526455336777,42.792342254379854,23.630411218619653,7.7087519087436185,5.234515960916863,5.571303590588578,7.870953924068373,24.857994841354405,39.82216541983485,91.51313787280279,44.288589623543004,96.35921964847986,79.8551601426876,73.7272618120424,29.844853744327445,19.336604658909078,8.258601289280964,8.65439738629198,6.1004843464444525,9.709124852867623,27.739948276180204,40.12137816043833,89.47753466057944,40.76538074837829,6.683333332999999,6.2333333335,9.394444443000001,11.799999999999999,15.11111111,20.083333335,23.394444445,22.483333330000004,19.35,14.033333335,7.827777777999999,6.338888889,13.561111110000002,2.9480220075,2.933840869,2.4987617639999997,1.80298728,1.3385208955,1.9098264444999997,1.7257281039999997,1.3665049885,1.10766658,2.577456837,4.2946172465,3.30453975,2.3173727305,111.95000001999999,72.516666665,60.205555555,35.60555556,19.238888885,8.805555556000002,6.1,5.422222222499999,6.411111111500001,14.4,25.522222225,59.505555554999994,35.47361111,72.27791619,50.04293539499999,52.02112069499999,24.408174285,17.73524733,13.001056629,11.140103909999999,9.2517943855,8.6974503345,14.843905955,40.757860429999994,56.6284895,30.900504585,46365.60999999,41735.17999999999,216002.82999999932,239966.49499988995
Te-Moak Tribe of Western Shoshone Indians of Nevada (Battle Mountain Band),0.11272428480562463,0.13772440856087087,3.05707853100186,1.2853683075701034e7,0.098,0.188,3.41,323000.0,0.8872757151943753,0.8622755914391291,0.902,0.812,0.2690860398080761,0.2615406057209453,0.0014600824354549693,0.21596613376220866,0.09232513154135376,0.011608455990506743,0.0029131580877763156,0.001,0.011608455990506743,0.003013589963581764,-2.1912512980611325,-0.9492731048927183,2.6957662685928727,7.406966078203074,11.51441891701889,17.405432242770654,21.535933713761697,20.29523191411606,15.976973000926776,9.575248788423094,1.8272780373551396,-2.628558757405762,8.538680483378503,2.8546708940506225,4.278005654606506,3.6877412807412364,2.721529413006426,3.456860535029987,3.5734720572270215,2.9561252640477034,3.4748173541302556,3.2766883323769482,3.008713279112733,3.911702685110789,2.885300830030375,3.3404689650198645,32.71461578468265,27.721832814355515,52.54724169272003,42.61391484896607,62.98611760155372,34.485721702669366,38.85407364100175,27.93978236410241,29.689377812618762,30.019611024577493,40.65725597108255,40.53288335031348,38.39686905102995,26.934684559091725,19.629514122176776,28.008125565167436,22.661722638730534,33.15621491332166,21.77216564573598,34.2653180072936,24.877124142484426,20.23806888596377,21.059006275169384,33.97367579905374,36.82696150403622,26.95021517182828,-0.9888888889999999,2.433333333,3.966666667,9.033333333,12.16666667,17.72222222,21.91111111,21.14444444,15.522222219999998,11.14444444,2.444444444,-1.455555556,9.587037036,2.580912845,4.294182111,1.299038106,2.970269348,2.153485547,3.286250819,1.645785864,1.663663962,1.65058912,3.572852891,2.22323588,2.946655354,2.523910154,35.05555556,22.53333333,29.866666670000004,23.12222222,50.57777778,20.35555556,13.16666667,18.46666667,10.35555556,19.32222222,25.47777778,37.15555556,25.45462963,19.90302183,14.8118196,16.47482929,18.2109018,22.81840144,14.471187850000002,19.89830395,32.36155126,8.578186159,17.57140986,14.3530291,23.21223336,18.55540629,21104.11999996,18996.50000000005,216002.82999999932,239966.49499988995
"Pauma Band of Luiseno Mission Indians of the Pauma & Yuima Reservation, California",0.11114307134254695,0.1512671570135449,3.3799446407094784,5.380502613243252e8,0.096,0.126,3.52,1.88159e8,0.888856928657453,0.8487328429864551,0.904,0.874,0.1883295392752557,0.18648931688502984,0.08140305474470166,0.1323132987437677,0.06172321654761769,0.18907442069423352,0.18907442069423352,0.041000070323556854,0.05728466971947103,0.08737621288222253,10.099643417216944,10.933618596174583,11.178547995096277,13.561645985019254,14.945913562618742,17.57044644110398,19.306104692644414,19.84346027553273,18.417971755314504,16.95699615042362,11.630280986046213,10.217501067573812,14.555177577240052,2.3789585455596916,2.3957641097689346,2.6884183147214373,2.1900931737445446,2.9633570198177153,2.205488092767651,2.3886901182336326,3.3176292760872914,2.5944805691732986,2.488539382284981,2.1298858614711165,2.2410600775969187,2.4985303784672652,112.78222794567392,95.99147055486523,82.84177720765081,32.87820567589216,17.942262162387678,4.997461132486521,3.488689202707316,3.5827271429525025,3.1903009553555837,11.733647125658536,27.34863785414634,54.18830409532734,37.580475921155326,103.556666260629,87.31073084044928,80.43435768139922,24.048378592439022,15.765756233183566,7.2060347050102695,4.933461595353016,4.9005768233273415,4.778966007948651,14.139717133517328,36.650531065083435,84.93594101844673,39.0550931630552,8.322222222,9.1,9.522222222,11.42222222,13.25555556,17.31111111,20.78888889,20.91111111,18.84444444,15.66666667,11.08888889,8.711111111,13.74537037,1.05921879,1.58981131,1.275517324,1.171300322,2.046406064,2.566341971,3.9186874220000005,2.803321443,1.898756903,0.8351646539999998,1.543894786,1.497034105,1.8504545910000003,111.8222222,91.87777778,64.63333333,39.97777778,18.28888889,4.055555556,10.03333333,7.466666667000001,7.555555556,17.13333333,31.366666669999997,38.54444444,36.89629629,101.571413,78.67372144,53.550863670000005,21.44048611,18.40885958,5.450484178,9.56477914,8.448964434,9.617056607,16.97836859,48.31627573,54.13340261,35.51288959,801.09,721.09,216002.82999999932,239966.49499988995
"Crow Creek Sioux Tribe of the Crow Creek Reservation, South Dakota",0.07702417731147128,0.11844487573470028,3.029036817959106,887433.2303415942,0.16571537551179194,0.24391439539265328,3.2220093056641392,396722.3200806687,0.9229758226885287,0.8815551242652997,0.8342846244882081,0.7560856046073468,0.745082942101227,0.6466111961437997,0.000999999999999999,0.7305290655459128,0.7234070704945728,0.3027186178074835,0.28722905703184914,0.0009815805252562783,0.2699282845130425,0.14160428392115101,-7.654910061107668,-5.615207849164214,2.464842069046476,9.164067475778467,14.945046907041055,21.028616920565458,23.047078059395822,21.86934331900852,17.285454859953525,9.608572166197524,0.943755916989156,-7.2925811173694814,8.31617322225329,2.8440843068125488,2.957023545034083,1.9670894641371028,2.1036727268605735,1.5389960333880717,1.6213306890642916,0.9890536024399691,1.4000186825197525,1.879462350634392,1.6139731370805581,3.738660039568552,4.0418657670495755,2.224602528783888,14.59684998887684,12.091161027560034,42.00783199784663,65.57356054584045,101.39775367006973,112.95163094453912,93.43713745202172,101.27917206069716,87.44670798122387,43.7156984261038,31.574791290317584,22.477175315732,60.71245589288923,9.588165912360962,10.438425391978315,24.04007351474826,39.893540839101476,32.204250828721925,55.599558442285044,57.943293997947315,44.59618067108444,56.28603309240899,18.024710774732768,27.66276376865221,16.299709168862897,32.714725533609595,-6.566666666666667,-2.4148148149999997,2.285185185,9.555555555333333,14.381481483333333,20.36296296333333,23.95925926,22.570370369999996,17.28148148,10.859259256666665,1.2851851853333331,-5.307407407333333,9.020987653999999,3.3076588689999995,4.948760395666667,2.0054453199999998,2.5729091469999994,2.112042521,1.8636933439999999,1.546672117333333,1.7377205296666667,2.172806468333333,2.1679526549999997,4.673668561666666,6.253856305333333,2.9469321863333335,11.277777780666666,9.674074073666667,29.01851851666666,52.144444443333335,101.8,89.82222222,62.85925925999999,60.28888888666667,46.00000000333333,41.492592593333335,21.15555555333333,12.785185183333331,44.85987654333333,7.359926999999999,5.945773999999999,19.099993723333334,32.433189213333335,62.82647677666666,52.08546109333333,32.61673233,25.142487589999998,32.98299786,33.57728779,21.35205832333333,6.140285981999999,27.630222643333333,2888.19,2599.7400000000002,216002.82999999932,239966.49499988995
"Manchester Band of Pomo Indians of the Manchester Rancheria, California",0.11909679928610717,0.16629652097248532,3.680797838170077,1.6101197742918434e7,0.135,0.19400000000000003,3.53,7.022e6,0.8809032007138928,0.8337034790275146,0.865,0.8059999999999999,0.35892623896651144,0.35543579500627304,0.185390266498018,0.13630932228381354,0.21070535347094002,0.5617350952767542,0.5617029079487761,0.004385178101309611,0.3824637808217352,0.41115917521548867,8.20697540458216,10.496883819723168,11.163665686239495,13.795616611451518,16.166274984183513,20.76041126566096,22.249559356065312,22.35284833861067,20.057980532726784,17.117015149108333,11.147693104909276,7.968544438657848,15.123622391518913,2.0771505484282007,2.18483114819129,2.6257746545552085,2.231822534524105,2.1001501144686348,2.820040978624674,3.0086847531280427,2.9746295630601316,3.252551635663035,2.349339832191807,1.5997469020134776,2.31178753964593,2.4613758503888,148.49919358678062,114.60304129166403,105.4031910595334,50.234260697361314,35.46444329116119,9.150463683024878,3.180202753558839,2.1379298427630884,6.183002130943493,35.0782443418818,55.657323886065306,133.7937676412648,58.282088683820604,112.97594436923269,100.34719887513731,96.42002536165366,40.87988386083462,31.425637821026417,13.22892920339605,6.391530395271121,3.6408586956422986,7.951595519726799,38.863661502773446,54.22058719701915,126.92987480389834,52.7729773004458,8.711111111,9.544444444,10.02222222,11.66666667,13.82222222,16.38888889,17.98888889,18.1,17.1,14.211111110000001,9.5,8.244444444,12.941666670000002,1.44087165,2.395365896,1.21426704,0.543139025,1.146492235,1.303307758,1.8764623929999997,3.091116303,1.5612495,1.128543801,1.6552945359999998,2.031077984,1.6155990100000002,236.59999999999997,163.2333333,145.7,77.26666667,59.36666667000001,13.466666670000002,12.04444444,10.12222222,7.588888889000001,55.36666667,83.72222222,221.9222222,90.53333333,178.2517181,105.59235289999998,109.12205319999998,56.88055467,45.39887113,15.74444346,23.79638161,21.70511332,10.36755087,56.23088564,57.671565300000005,165.2347556,70.49968715,3425.39999999,3083.3599999999997,216002.82999999932,239966.49499988995
Mooretown Rancheria of Maidu Indians of California,0.14271398782284242,0.20502082676375027,3.3550244786411962,1.733608166677266e7,0.142,0.203,3.37,1.8433e7,0.8572860121771576,0.7949791732362497,0.858,0.7969999999999999,0.4219302096470872,0.4197956046452097,0.17572976302567453,0.21444869595105914,0.19407338516216682,0.4389774704739537,0.4389774704739537,0.26897061040146214,0.3964033204854944,0.3416721100826077,6.603066947065197,9.345671223593067,9.88340343493849,12.888462435052581,15.783864938264987,20.41544572908518,22.65306110453209,22.138269658359633,20.6797464658465,15.958651710757097,9.870761771400632,6.512250262832284,14.394387974626714,2.519822198712935,2.6736624989994753,2.495003554633544,2.889196107343324,2.832346178398528,3.2152113314221897,2.159031224901683,3.030675384446373,2.794817408267614,2.955064907485806,2.601006082955311,2.3276803411277616,2.7077931016640395,158.72177823787598,105.8877146956888,100.66428905073612,46.615731977150396,36.79631966320718,13.830710362118824,7.1362951281666716,11.143848580236073,9.027403902325977,38.10880944007887,52.740431125673,146.50170581309683,60.59791983231865,151.48157166692963,99.76097107985284,80.74953417581496,38.58535219258678,28.835267114211366,14.991946932978976,9.49271634733544,12.095212969261835,11.417611167212938,47.02239421841746,52.049607407013674,128.21097697574137,56.22443018753421,7.877777778,9.300000000000002,11.17777778,14.01111111,17.17777778,21.9,23.62222222,23.75555556,20.87777778,16.81111111,10.55555556,7.6,15.38888889,1.174497528,2.285278976,1.227576655,1.863762622,1.194547799,2.508983858,3.012796781,1.703754025,1.710100712,1.676636845,2.113120389,1.716828471,1.848990388,158.6111111,102.7222222,90.38888889,43.07777778,30.155555560000003,6.266666667,3.6333333330000004,3.555555556,6.188888889,28.28888889,47.84444444,109.3666667,52.50833333,93.29652250000001,78.18309884,77.28865448,32.1743212,23.92170098,7.635279956,9.766012492,8.49869271,6.080181832,31.979190279999997,42.86193273,76.94887913,40.71953893,3695.09,3326.08,216002.82999999932,239966.49499988995
Blackfeet Tribe of the Blackfeet Indian Reservation of Montana,0.08682465390608517,0.13758217159697073,3.3131243494827625,1.8227404347915282e6,0.17950383835116168,0.26195321077613354,3.194675277337018,1.2755289413522887e6,0.9131753460939148,0.8624178284030293,0.8204961616488383,0.7380467892238665,0.2011475794398093,0.19689822646820623,0.010972152281326497,0.1267217819961047,0.05837257782623512,0.18566467751003676,0.17953115914966009,0.001760571449829211,0.12322367742974344,0.033911655547780084,-4.744095352134204,-2.312492519497308,1.62518452019255,6.073703371193903,10.495302213855485,15.14509774594256,19.556692598478474,18.128441052971283,13.510712149129278,7.7612607220974015,-0.6774735687688515,-4.678815080706466,6.65695982111446,2.9318789136804337,2.3049254870381533,2.2340507237028744,1.3650685873604147,1.4660874157280093,1.330147108575854,2.4641128311328573,1.7430106747935383,2.7180185218478483,1.8942126986638261,3.557197179054313,2.492732829763467,2.208453580930882,53.176810293658036,13.448094952715461,29.482176341665202,36.51177937278731,78.40093257597405,61.57968282472626,27.680799920107752,33.166187911440794,36.508113903545805,34.60719130349196,25.93181727475766,16.47657091547309,37.24751313230704,116.72062293568908,10.503351522808808,17.06590191917416,18.231097166162503,38.15190842149465,33.72257734559699,16.760076973839343,22.589846102172373,25.42760283227111,16.773001380700197,12.549063533445706,12.709708025043996,28.4337298462029,-6.485714285714287,-2.9507936507142865,-0.8603174602857143,4.4682539682857145,8.860317460857145,13.28730158714286,16.874603175714288,15.195238095714288,10.850793652285715,6.849206349000001,-1.8619047620000007,-5.733333333428572,4.874470899714286,2.925335754571429,4.7792076240000005,2.479287670571429,2.4201086554285722,3.8412780722857147,5.227756565285715,3.183212205285715,3.3714378840000006,3.222619491714286,4.283425667714287,5.249413353428572,4.911048779285714,3.824510976857143,18.21428571357143,16.907936508428573,21.603174602857145,35.27619047571428,68.13809523857144,82.35079365142859,32.103174602857145,39.312698412857145,43.55714285857143,32.56031746,36.78888888714286,20.36190476371429,37.26455026428572,11.04103887357143,12.37328417157143,16.556767179,23.478581082857147,36.80904616000001,59.52308715,26.006705904285717,25.40730010571429,41.14558029857143,17.358124914285717,46.85434863571429,14.159266057000002,27.559427544285718,4406.00999999,3966.1400000000026,216002.82999999932,239966.49499988995
Ponca Tribe of Indians of Oklahoma,0.12297024965380386,0.1698924460081904,3.3415560729122693,334256.3701004841,0.15405588108492438,0.24008263061087684,3.0803322799874686,3.332323556128832e6,0.8770297503461961,0.8301075539918096,0.8459441189150756,0.7599173693891231,0.20433615970166577,0.19156612104107798,0.03320213351762684,0.1845120803267195,0.15722858391759567,0.487431381623461,0.4311347489219527,0.3238886219899705,0.47371695914336115,0.3907638221213044,-6.444444444,-3.9888888890000005,2.855555556,9.3,14.63333333,20.92222222,23.9,22.96666667,17.95555556,10.15555556,1.5333333329999999,-5.577777778,9.017592593,2.667916374,3.274692522,1.7493649639999997,2.286919325,1.8834808199999997,1.127805145,1.123610253,1.511621646,1.6771337980000003,2.042737814,3.224515467,2.739424108,2.109101853,10.13333333,9.288888889,32.16666667,58.855555560000006,97.91111110999998,100.7666667,58.01111111000001,78.33333333,51.81111111,39.36666667,23.44444444,10.48888889,47.54814815,4.199107048,6.905151056000001,25.1713627,40.84455628,33.61407609,64.07183469,28.066013449999996,31.78651444,39.30010956,18.78516702,17.40733402,5.841113859,26.33269502,2.6055555555,4.4,10.545801586331022,15.494444445000003,19.975447916738396,25.97777778,28.405555555,28.272222220000003,24.005555555,16.772222225,9.794444444500002,2.9535332330352193,15.766880042973773,2.1920492670000002,2.8467459364999996,1.3358981448470781,1.4005951105,1.2448588815650525,1.5461411085,1.4531096855,1.7075719260000002,1.474417606,1.3516941895,2.0105198665,2.709425867250349,1.7727522992303222,43.32777778,47.822222225000004,86.7,88.02222222,141.86111115,149.3777778,106.4333333,94.77222222500001,76.672222225,73.87222222,49.67222222000001,44.81666667,83.61250000499999,25.989375080000002,34.83180872,47.60368079,40.102691695000004,81.49107883,76.73613897,58.851854724999995,64.375138605,49.792149450000004,50.735757500000005,47.12872787,39.522306015000005,51.430059025,43.53333333,39.19,216002.82999999932,239966.49499988995
"Hoopa Valley Tribe, California",0.14099999999999996,0.196,3.319999999999999,1.0776999999999996e7,0.141,0.196,3.3200000000000003,1.0777e7,0.859,0.804,0.859,0.804,0.3438405784830836,0.34374057363994753,0.0010000000000000002,0.09028402851062825,0.152850783557231,0.2653125706872784,0.2609301131835473,0.022041917885106364,0.09263873442663445,0.1802544020612384,7.021178045474698,10.071057563036144,11.349504685807227,14.508058903734938,15.895475231686744,21.826639896265053,23.502008032650604,22.031994644506018,19.88645247477108,16.540562250433734,8.985354752472286,6.971218206602408,14.882458722843372,2.2804566390409633,2.170876600602409,0.9704038915927709,2.1118419270843365,3.302475954587951,1.8041924792192767,3.5607168606722883,3.391436192385542,3.304613109703614,2.7234992754963847,2.6554665541204816,2.136624321855421,2.534383650710843,175.90149932674694,134.04556891228913,117.54846051349394,57.52329317012046,28.53951806983132,8.980348059038551,1.890174029257831,0.46345381539759023,5.746586345228914,35.110682732722886,58.871539489734936,127.55614459421685,62.68143909077107,129.6452041537349,131.31997508939756,56.56630756768673,60.45856298301203,25.002895529469875,13.940241328987948,3.873012627698795,0.7455087055421684,5.971546162951806,39.74587075344578,47.835712395686734,85.98971343296384,50.0912125619518,6.7055555555,6.3277777775,7.3944444444999995,8.577777778000002,11.08333333,15.305555555000002,16.527777775,16.23888889,14.749999999999998,11.10555556,7.1777777775,6.15,10.612037039999999,1.705705461,3.6968563125000005,1.2537193755,1.924741778,1.5084786675,3.492881373500001,1.2591574125,0.8481822865,1.4962176499999997,1.844528777,1.3634213899999998,1.6344519845000003,1.8356952060000002,243.22777775,154.86111115000003,167.58333335,103.00555555,72.66666666500001,33.472222220000006,10.483333335000001,11.1555555565,15.961111114999998,76.294444445,138.36111110000002,298.40555555000003,110.45648150000001,119.79866914999998,80.7425943,77.5218859,72.38454866000001,49.151256675,26.473699684999996,12.16155968,12.9525593545,10.897566854999999,42.55641173,70.97148410500002,188.28619905,63.65820293,960.0,864.12,216002.82999999932,239966.49499988995
Coquille Indian Tribe,0.15600000000000006,0.24000000000000002,3.2999999999999994,5.515000000000001e6,0.156,0.24,3.3,5.515e6,0.844,0.76,0.844,0.76,0.298875294654147,0.26126731926575386,0.0009999999999999996,0.18838253249174378,0.2952361869133933,0.1877850777085418,0.16815576835546686,0.001,0.11008646625728041,0.1877617852605661,7.138641443269396,8.546487867059628,10.534187420041665,11.908053959870688,14.370266601106316,18.2614383776796,18.79945721715517,24.285903574949714,18.8302362704454,16.755340039224137,10.231226052295979,7.593997445872124,13.937936356501435,2.3690756591307474,3.2851522762837626,2.3429171023455457,2.0358335628606317,3.341677463543104,5.003877621445402,2.413923417471264,2.369149534404454,3.3625192841673845,3.0564936523548845,2.740108878125718,1.6710260101874996,2.832646205394396,172.28142559734192,124.54748562409482,122.32392242077582,69.65232279823273,55.416770432119236,18.657527138126436,4.586214878864223,3.549074073803879,17.162380267011486,51.58057152086205,70.86803959186061,165.8954581662356,73.04343270988502,133.00986381563217,99.87884201382182,142.34750197231313,64.75269698976291,38.841363398160915,18.507512939109194,6.102157458905171,5.745494306091952,21.06017697461925,41.40827675267958,82.52573700028732,129.4118786693678,65.29929185611347,4.797222221999999,6.56944444425,7.416666666749999,10.17222222225,12.12777778,15.019444445,18.6944444425,17.3194444425,15.619444442499999,11.100000000000001,6.191666666500001,4.122222222,10.762500000000001,3.68324692025,2.0867143974999998,1.6880789155,2.068871499,1.3114880045,1.1578933605,2.0403428179999996,1.3224060195,1.6983965005,2.1276172645,2.9026088404999997,3.8820117105,2.16413968775,212.63055552499998,127.852777775,140.675,97.3888889075,71.03611111,55.2527777775,16.3166666675,14.922222222499999,35.588888887500005,105.3055555575,144.4472222,219.13333335,103.37916667,136.33274057500003,64.7024190025,77.74262764999999,66.3148008,35.787758735000004,25.80723965,11.776990638250002,19.5435687125,28.797993292500003,62.26614803500001,75.4737860475,119.3129743,60.321587287499995,1996.66999999,1797.33,216002.82999999932,239966.49499988995
"Kashia Band of Pomo Indians of the Stewarts Point Rancheria, California",0.11909679928610717,0.16629652097248532,3.680797838170077,1.6101197742918434e7,0.09,0.118,4.0,3.0682e7,0.8809032007138928,0.8337034790275146,0.91,0.882,0.35892623896651144,0.35543579500627304,0.185390266498018,0.13630932228381354,0.21070535347094002,0.6978316968964758,0.6978316968964758,0.001,0.25589567982858746,0.3110899084069139,8.20697540458216,10.496883819723168,11.163665686239495,13.795616611451518,16.166274984183513,20.76041126566096,22.249559356065312,22.35284833861067,20.057980532726784,17.117015149108333,11.147693104909276,7.968544438657848,15.123622391518913,2.0771505484282007,2.18483114819129,2.6257746545552085,2.231822534524105,2.1001501144686348,2.820040978624674,3.0086847531280427,2.9746295630601316,3.252551635663035,2.349339832191807,1.5997469020134776,2.31178753964593,2.4613758503888,148.49919358678062,114.60304129166403,105.4031910595334,50.234260697361314,35.46444329116119,9.150463683024878,3.180202753558839,2.1379298427630884,6.183002130943493,35.0782443418818,55.657323886065306,133.7937676412648,58.282088683820604,112.97594436923269,100.34719887513731,96.42002536165366,40.87988386083462,31.425637821026417,13.22892920339605,6.391530395271121,3.6408586956422986,7.951595519726799,38.863661502773446,54.22058719701915,126.92987480389834,52.7729773004458,9.033333333,8.633333333,11.18888889,12.36666667,15.5,19.2,21.52222222,20.64444444,20.01111111,14.88888889,10.55555556,8.555555556,14.341666670000002,0.988685997,6.982120022,1.6366463,2.329699551,2.029778313,1.7392527129999997,1.859286004,2.094702312,2.091318032,4.6033804,1.029697906,1.479113849,2.405306783,256.0333333,162.6555556,137.1333333,66.02222222,46.54444444,10.52222222,9.977777778,8.422222222,6.566666667,41.9,73.5,224.17777780000003,86.95462963,204.6327076,113.3368553,111.6280207,48.97626409,34.03531663,13.04509273,14.69623913,15.48303731,10.32206375,44.66906088,56.42650087,174.8872121,70.17819759,3425.39999999,3083.3599999999997,216002.82999999932,239966.49499988995
"Yomba Shoshone Tribe of the Yomba Reservation, Nevada",0.11249054429560207,0.13701330946964393,3.0550127821689346,1.2936250456170091e7,0.162,0.259,3.15,3.775e6,0.8875094557043979,0.862986690530356,0.838,0.741,0.2699779582572676,0.2624405968509045,0.0014633789562185572,0.21680655252404235,0.09274600155581651,0.08348620791794929,0.08178094878378717,0.013835814089295309,0.03178344043605192,0.001,-2.2433379076341935,-1.0166241913495397,2.6513668343752252,7.377509856430315,11.504378226918064,17.410653684271736,21.54388028456776,20.302899213605198,15.97483282133113,9.556553181207807,1.792929490923547,-2.6855518526300766,8.514124136832395,2.846412143621647,4.288944497894338,3.6994898266892804,2.7173095786828094,3.465092656703394,3.5646265535979262,2.945960543758872,3.4637475166198834,3.2907784371246835,3.014165033742016,3.9148730979335498,2.8893288332995515,3.3417273933683616,31.44474721792396,27.003822779852992,51.48023699035684,42.0699013260714,62.780637783773855,34.43988106870422,39.067757955557774,28.040841665002972,29.604223572948463,29.34641355748483,39.4094077417134,39.08802195622626,37.81465780162522,25.982017605370537,19.30743474752992,27.643136145461696,22.32862959806316,32.958307557571096,21.741320583532666,34.44477417241232,24.92994044074694,20.14165112876105,20.262496647180985,33.50317568573619,35.86864644946679,26.592627563763998,1.3944444445,2.2666666665,5.0666666665,8.227777778,12.149999999999999,18.005555555,23.099999999999998,21.65,17.766666665,10.711111109,4.3055555555,0.7055555555,10.445833330999998,3.4479391909999997,2.3433110275,4.310707704,2.8644839280000003,3.306696355,3.1815174894999996,2.0178347690000003,2.1694428325,3.6324252159999997,1.2138298850000002,3.3081479340000004,3.5365433475,2.94440664,45.77222222,24.677777775,38.333333335,23.266666665,40.594444445,10.149999998,18.849999999999998,12.716666665,10.405555554,18.51111111,26.444444445000002,46.87222222,26.382870370000003,42.76774298499999,18.759103749999998,31.781874254999998,19.854111965,26.01146239,8.744383047499998,17.492800975,13.79819528,11.494438441,14.15923521,29.063594049999995,49.379571915,23.60887619,10472.05999998,9426.24000000002,216002.82999999932,239966.49499988995
Quinault Indian Nation,0.1431515144645566,0.22641227779435488,4.147740492460381,1.1501595064551828e7,0.15036638086198895,0.23592959787355433,3.485553073855064,6.225054158347681e6,0.8568484855354435,0.7735877222056451,0.849633619138011,0.7640704021264457,0.5079899633397591,0.4630461241268614,0.0010000000000000005,0.3621505090112292,0.4839190545532672,0.2243017946210981,0.19402298723479264,0.0010000000000000002,0.14264292508111748,0.2184293943287658,6.367817460303572,8.443928571216071,8.986071428253569,12.412301586214282,14.976071429107142,19.8502380955,25.205039682589284,20.83859127003571,19.742341270821427,15.016765873964284,7.3335119046553565,5.350793650780357,13.710289350892856,2.8098802018678564,2.3589985610535713,3.7635437875696427,3.225885673225,3.4821419210982145,3.0437346455625,1.9114089321874996,2.4204726836339283,2.6894805718482138,3.1086472650696426,3.544328156855356,3.628975594591071,2.9989581662499996,132.24313491107142,137.2805555842857,113.92595241321426,59.82813492242856,51.21994047555357,16.143134920071425,2.4159920633946426,5.635674604012499,12.364563493328571,44.83857143,60.06361111310714,192.12452381035712,69.0069824770357,99.68929580110712,124.04769503032139,83.8696530967857,37.860369852285714,37.97652066594643,17.290093436571425,3.6362682415928567,13.730444858314284,15.378068882392853,43.11991523182143,41.55615308385715,168.39005579249996,57.21204449925,4.0194444444999995,6.0027777780000005,6.1444444445,8.26666666675,10.9916666675,13.1638888875,16.541666667500003,15.02777778,13.9611111125,10.458333333250001,5.099999999999999,3.3972222222499995,9.422916667,2.8801060682500004,2.2736354675,2.0884998085,1.82234345325,1.8994027512500002,2.1382402295,3.4910304932500003,1.95483026775,1.9869189274999999,2.7243078755,3.0423970437500003,3.07960778025,2.4484433469999995,352.749999975,259.15000002499994,240.85,170.847222225,116.51666667500001,88.62777778,49.4250000025,59.3249999975,101.02222224,271.3138889,366.09444442499995,378.402777775,204.52708335,193.97525025,153.978789975,80.62501190249998,88.28195736,63.473796295,42.592395090000004,30.6903722175,43.375008655,68.591235815,178.910929875,250.85867365000001,195.377249825,115.894222575,1208.31,1087.6399999999999,216002.82999999932,239966.49499988995
Enterprise Rancheria of Maidu Indians of California,0.14271398782284242,0.20502082676375027,3.3550244786411962,1.733608166677266e7,0.142,0.203,3.3699999999999997,1.8433e7,0.8572860121771576,0.7949791732362497,0.858,0.7969999999999999,0.4219302096470872,0.4197956046452097,0.17572976302567453,0.21444869595105914,0.19407338516216682,0.23708592844598703,0.23708592844598703,0.07245737648653135,0.03255971038854934,0.09275744462843631,6.603066947065197,9.345671223593067,9.88340343493849,12.888462435052581,15.783864938264987,20.41544572908518,22.65306110453209,22.138269658359633,20.6797464658465,15.958651710757097,9.870761771400632,6.512250262832284,14.394387974626714,2.519822198712935,2.6736624989994753,2.495003554633544,2.889196107343324,2.832346178398528,3.2152113314221897,2.159031224901683,3.030675384446373,2.794817408267614,2.955064907485806,2.601006082955311,2.3276803411277616,2.7077931016640395,158.72177823787598,105.8877146956888,100.66428905073612,46.615731977150396,36.79631966320718,13.830710362118824,7.1362951281666716,11.143848580236073,9.027403902325977,38.10880944007887,52.740431125673,146.50170581309683,60.59791983231865,151.48157166692963,99.76097107985284,80.74953417581496,38.58535219258678,28.835267114211366,14.991946932978976,9.49271634733544,12.095212969261835,11.417611167212938,47.02239421841746,52.049607407013674,128.21097697574137,56.22443018753421,2.8,3.411111111,5.677777778,9.722222222,12.65555556,17.52222222,21.37777778,20.13333333,16.52222222,12.03333333,5.966666667,2.2,10.83518518,2.617728023,7.657585201,1.886648999,2.158574633,1.304905275,1.939573263,1.635372876,1.071214264,1.272573945,2.355313143,2.137171027,4.160228359,2.516407417,273.7888889,197.4666667,165.3777778,95.81111111,65.02222222,23.88888889,10.86666667,4.655555556,16.22222222,56.83333333,89.07777778,211.5,100.8759259,206.2260922,180.6919893,189.8937912,81.80894579,45.84244152,21.78184132,28.39784323,7.274288815999999,24.71784668,51.6183107,77.78707762,242.3994946,96.53666358,3695.09,3326.08,216002.82999999932,239966.49499988995
"Sokaogon Chippewa Community, Wisconsin",0.06199560597260981,0.11698982405102148,3.120572839949202,1.5533221290207063e6,0.12,0.213,2.91,531000.0,0.9380043940273902,0.8830101759489786,0.88,0.787,0.38983335348254805,0.3645464038796786,0.0009999999999999998,0.25290045799174743,0.2637822418041013,0.4513938957380169,0.4228495501203706,0.0009999999999999998,0.2710637216160781,0.3339795733378038,-11.58347826026087,-10.059806764639129,-1.1105797101956518,6.895314009673912,13.058502416608695,18.334637682086957,20.899661833608697,19.754685988565218,14.44584540926087,7.269758454043478,-1.6377777778652172,-10.705652173030433,5.463425925369566,2.7337548425086955,2.6353312179869564,2.642665078226087,2.377510966817391,1.4048911268086957,1.9318049696173911,0.8969379175391305,1.5380040289043477,1.8508260079434782,2.0636717174782606,3.141085954991304,3.9701078676869566,2.2655493080130436,16.900048313260868,14.541642507999999,31.408647343000002,36.63937197808695,81.78396135408695,124.14995167565216,89.84101450608695,105.00309179043477,73.37903381686955,53.79956521995651,35.820869565391305,17.956521742086952,56.76864331813043,11.211886800073913,8.941798093086955,19.24664629863043,20.582121624391302,45.642660653086956,38.72375788717392,34.94808899586956,50.23760791804347,50.86699921969564,28.790289755826084,28.60595604247826,11.582256305373916,29.115005797217393,-10.5472222225,-9.3166666655,-1.5083333332500002,5.2055555555,11.594444445,17.175000002500003,19.355555555,18.627777777499997,13.619444445,6.375,-0.8305555557500001,-6.8416666665,5.242361111500001,1.789696662,3.213995825,3.871922763,2.1587269934999997,1.3638728980000001,2.74129563825,1.6599574025,1.9718180490000001,3.5846219809999997,2.069961616,3.8881334489999997,11.38863948275,3.30855356325,29.625,17.005555554999997,34.077777774999994,65.3694444425,79.22222222250001,112.38333335,112.975,133.11944445,112.6972222,71.83055555499999,56.1722222225,42.3916666675,72.23912037,32.228197605,11.631409757499998,19.7574174675,40.442780392500005,30.198826025000002,45.393459039999996,43.550655,71.12148568250001,60.83124342,38.45245705,43.5312098025,34.3873473675,39.29387404999999,480.78,432.77,216002.82999999932,239966.49499988995
"Yerington Paiute Tribe of the Yerington Colony & Campbell Ranch, Nevada",0.13398062188501297,0.16813848943608806,3.089439107172023,6.500152647754397e6,0.13099999999999998,0.211,3.3799999999999994,3.9909999999999995e6,0.866019378114987,0.831861510563912,0.869,0.789,0.14130559047121302,0.14122626261094073,0.01263508240875591,0.04529143732671792,0.0017398241168709416,0.05880355923227595,0.05716093777567248,0.001,0.02450130893533595,0.001,7.419145426216036,11.19365668481069,12.40840551123979,15.017553412620632,17.981003052895318,22.289408563147727,24.50800132025241,23.989128105315512,21.870114658990346,18.067648272175195,11.287255629086854,8.258071434373417,16.190782673355603,3.378853117567926,1.469152241461024,1.7760871850037112,1.7432091050230136,1.4971892863556049,1.415386552411284,1.5574900627676314,1.787440990754268,1.3419954123689677,1.5086468568299922,1.9222978977654042,2.2312418488285064,1.8024158798433552,76.90468530529326,56.79099232849294,43.7174049328582,33.25532459099478,13.807011464617664,2.180211168899777,0.8212488660898288,1.8378206712457306,2.1360884268366744,14.292303884587971,27.00980780481068,58.56645219699331,27.609945971017066,49.47649892059391,39.40180815740905,30.73382274632516,20.905492160541947,9.566758744028203,2.9742523682331106,2.105542829836674,3.8080590063986626,2.801424499463994,16.66838313525612,30.8050725498441,49.63041200569413,21.573127259643645,1.623921938492918,3.7627006611133145,5.852880075651559,9.65476864978187,13.438369533201135,19.741170917082155,24.62212779575071,22.79077745974504,18.058451369178474,11.622411075240793,4.920018885303116,1.0073654388725213,11.424580313569406,1.9592093351274789,2.8445463183739377,2.0718361059546746,1.4007123220849858,1.6805108336912185,2.8782539554872524,1.8241625325637394,1.5557966166288952,1.6597233010906516,1.296776395184136,2.1679482446798866,3.0304312126458925,2.030825598283286,38.69974818631728,36.28325464492918,22.683034305750706,17.800849860566572,24.364117093767703,8.942146679379604,16.676613160311618,12.276487251031163,9.05435945811898,12.753729932776203,14.57976078283286,31.82149826390935,20.49463330144476,20.918709188413597,24.921415781444757,23.685975840424927,13.501128237337111,14.286328093937678,12.38019760674221,17.60866785535411,15.429139588158641,15.318381699830029,14.4573333788102,8.24453968931728,23.392638754532573,17.012037979433426,3040.0,2736.4300000000003,216002.82999999932,239966.49499988995
"Los Coyotes Band of Cahuilla and Cupeno Indians, California",0.11114307134254695,0.1512671570135449,3.3799446407094784,5.380502613243252e8,0.09599999999999999,0.126,3.52,1.88159e8,0.888856928657453,0.8487328429864551,0.904,0.874,0.1883295392752557,0.18648931688502984,0.08140305474470166,0.1323132987437677,0.06172321654761769,0.13252233140793884,0.13252233140793884,0.022676831178546072,0.03857264589785918,0.05347733223427017,10.099643417216944,10.933618596174583,11.178547995096277,13.561645985019254,14.945913562618742,17.57044644110398,19.306104692644414,19.84346027553273,18.417971755314504,16.95699615042362,11.630280986046213,10.217501067573812,14.555177577240052,2.3789585455596916,2.3957641097689346,2.6884183147214373,2.1900931737445446,2.9633570198177153,2.205488092767651,2.3886901182336326,3.3176292760872914,2.5944805691732986,2.488539382284981,2.1298858614711165,2.2410600775969187,2.4985303784672652,112.78222794567392,95.99147055486523,82.84177720765081,32.87820567589216,17.942262162387678,4.997461132486521,3.488689202707316,3.5827271429525025,3.1903009553555837,11.733647125658536,27.34863785414634,54.18830409532734,37.580475921155326,103.556666260629,87.31073084044928,80.43435768139922,24.048378592439022,15.765756233183566,7.2060347050102695,4.933461595353016,4.9005768233273415,4.778966007948651,14.139717133517328,36.650531065083435,84.93594101844673,39.0550931630552,8.322222222,7.955555556,9.522222222,10.82222222,13.13333333,17.31111111,20.78888889,21.16666667,18.84444444,14.85555556,11.08888889,8.711111111,13.54351852,1.05921879,4.014695229,1.275517324,2.420112486,2.290196498,2.566341971,3.918687422,2.431049156,1.898756903,2.831568078,1.543894786,1.497034105,2.312256062,111.8222222,91.87777778,64.63333333,39.97777778,18.28888889,4.055555556,10.78888889,8.766666667,7.555555556000001,17.13333333,31.366666669999997,38.54444444,37.06759259,101.571413,78.67372144,53.55086367,21.44048611,18.40885958,5.450484178,9.49242388,8.96953176,9.617056607,16.97836859,48.31627573,54.13340261,35.5502406,801.09,721.09,216002.82999999932,239966.49499988995
Tuolumne Band of Me-Wuk Indians of the Tuolumne Rancheria of California,0.12779531797296587,0.18880743801869349,3.4771628543074096,3.923251172698568e7,0.128,0.187,4.06,4.759e6,0.8722046820270342,0.8111925619813065,0.872,0.813,0.2516914581550299,0.24982996020310988,0.13035684374377127,0.13277364361456181,0.0873056737475987,0.5377345077081908,0.5377345077081908,0.30949566319423844,0.23041394216671118,0.33987450503981087,7.911447290312821,9.638214966907356,10.95848005327696,13.681298537058487,16.506779872779788,20.3336460584417,23.221459695133213,22.70930199806361,20.55858742226427,16.701680895467298,10.517478187252827,7.465999520496336,15.017031207917716,2.2431579255010297,2.6391744575508493,2.5967396395707354,2.5225253410010775,2.5361284063535035,2.9927106510502837,2.8098974600738313,2.660784968534522,2.4662820353780823,2.422575973644946,2.495767157702363,2.558735107066372,2.5787065936626323,113.8366570758804,81.83616401278584,71.28316602475142,40.72861848631108,25.10945627565573,9.01277220060944,6.979585848288249,7.495655210406512,8.179703641070633,26.851361916150182,40.054081059128855,93.38368202290508,43.72924198109578,98.75033506677316,67.19220635933864,61.10408952955627,29.642409526070484,20.170604743558705,9.517042682071807,11.767177913591608,9.43638255118032,10.125830721043053,30.221192663342553,41.2526325297481,84.97590842777839,39.512984393137714,5.477777778,6.977777778,9.733333333,12.75555556,16.37777778,20.42222222,24.55555556,24.11111111,20.56666667,15.322222220000002,8.522222222,4.933333333,14.146296300000001,1.927289403,3.4679885299999995,1.656049516,1.887532193,1.482209312,3.206157271,2.452096609,1.15048299,1.226784415,2.086131454,3.1708743969999995,4.007804885,2.310116748,172.8111111,106.6,95.12222222,63.91111111,38.65555556,6.677777778,13.08888889,8.655555556,6.955555555999999,32.06666667,49.16666667,103.75555559999998,58.12222223,122.77680400000001,90.23666106,90.2227906,38.81244789,24.854381460000003,5.649287074,23.83948639,15.655519080000001,8.300468528,41.77286799,57.22575906,89.42564105,50.73100951999999,37428.830000000016,33691.02999999998,216002.82999999932,239966.49499988995
"Ramona Band of Cahuilla, California",0.11114307134254695,0.1512671570135449,3.3799446407094784,5.380502613243252e8,0.1,0.146,3.15,1.26963e8,0.888856928657453,0.8487328429864551,0.9,0.854,0.1883295392752557,0.18648931688502984,0.08140305474470166,0.1323132987437677,0.06172321654761769,0.38471393571988594,0.38471393571988594,0.05194267830312912,0.2735431440586961,0.23999524503283798,10.099643417216944,10.933618596174583,11.178547995096277,13.561645985019254,14.945913562618742,17.57044644110398,19.306104692644414,19.84346027553273,18.417971755314504,16.95699615042362,11.630280986046213,10.217501067573812,14.555177577240052,2.3789585455596916,2.3957641097689346,2.6884183147214373,2.1900931737445446,2.9633570198177153,2.205488092767651,2.3886901182336326,3.3176292760872914,2.5944805691732986,2.488539382284981,2.1298858614711165,2.2410600775969187,2.4985303784672652,112.78222794567392,95.99147055486523,82.84177720765081,32.87820567589216,17.942262162387678,4.997461132486521,3.488689202707316,3.5827271429525025,3.1903009553555837,11.733647125658536,27.34863785414634,54.18830409532734,37.580475921155326,103.556666260629,87.31073084044928,80.43435768139922,24.048378592439022,15.765756233183566,7.2060347050102695,4.933461595353016,4.9005768233273415,4.778966007948651,14.139717133517328,36.650531065083435,84.93594101844673,39.0550931630552,7.811111110999999,6.711111111,9.911111111,11.67777778,14.75555556,19.53333333,22.93333333,22.94444444,20.599999999999998,13.73333333,8.955555556,7.855555556,13.95185185,1.3023483059999998,2.888963674,3.387271928,2.060811598,2.894007218,2.188035649,2.390606618,2.112528764,2.96605799,2.222611077,4.435682335,1.3519533190000002,2.516739873,140.6333333,105.8,64.68888889,37.84444444,14.06666667,2.344444444,9.711111111,10.14444444,4.988888889000001,20.16666667,34.32222222,42.55555556,40.60555555,137.0920038,126.3408881,62.27753296,20.89516159,12.03058602,2.833333333,9.158799654,21.565777930000003,8.292533456,26.6859982,55.84117607,66.24934172,45.77192774,801.09,721.09,216002.82999999932,239966.49499988995
Shakopee Mdewakanton Sioux Community of Minnesota,0.08454885328917792,0.1360734947120976,2.9310813280805754,2.7773113342473763e6,0.049,0.087,3.24,3.888e6,0.9154511467108221,0.8639265052879024,0.951,0.913,0.6190988233442901,0.5406704717205846,0.0009995059624978303,0.5814548446219304,0.5583043826990083,0.717306784900286,0.593178343387606,0.0009999999999999998,0.586161300575571,0.7085450008077256,-9.509254534748742,-7.732327097185594,0.9582482993732485,8.25710211167571,14.2082341271142,19.918432893743663,22.16593324818563,21.11119968764195,16.22382901045443,8.675887542481195,-0.10760877266406269,-8.931634424350621,7.10317017430901,2.861435568464613,2.8060238743526846,2.253017653238845,2.251016909565375,1.3876582084239508,1.7627125379665225,0.8986015986140007,1.4232906235707947,1.8538568747353343,1.7989297123415209,3.6009404417873196,4.097577220448192,2.249588435422518,16.745172548679868,12.892352254367053,36.544370038922295,50.47085636292899,94.63239973181456,108.50512861589146,94.54901679513569,94.45938563263097,80.79945082260852,48.12691503665028,33.92497874103162,21.785933956776205,57.786330045274354,10.718248370319857,7.984686156843286,25.18163864146528,27.5266305147657,42.29830918874691,44.40753154110502,44.76888214041946,38.3735079705996,49.88980435807724,18.84342362541777,28.433252639896466,15.979501910536392,29.533784754596706,-8.955555556,-6.522222222,1.888888889,8.555555556,14.47777778,20.35555556,22.26666667,21.66666667,17.11111111,9.166666667,1.177777778,-6.622222222,7.880555557,2.549073906,3.111180555,2.862885103,3.133732244,2.438635775,2.342066988,1.225765067,1.78465683,1.606583677,2.8974126389999997,2.761239657,6.984407236,2.80813664,37.41111111,13.33333333,44.65555556,66.65555556,80.34444444,123.8333333,111.6111111,109.6333333,95.21111111,63.31111111,52.422222219999995,43.98888889,70.20092592,65.63340317,8.649566462999998,31.52503414,47.82538842,17.88009446,46.58229277,44.60385198,32.75297696,58.49505202,30.89621516,61.19778954,47.09648194,41.09484559,13532.750000000002,12181.34000000003,216002.82999999932,239966.49499988995
Pawnee Nation of Oklahoma,0.11943969687676133,0.17329092250742678,3.0220787442595127,992052.5439703851,0.14618498391402254,0.22125169480744056,3.1419843362500144,8.110567148906778e6,0.8805603031232386,0.8267090774925732,0.8538150160859774,0.7787483051925594,0.5841090966501007,0.5143581923485961,0.00414793285761541,0.5533565044966569,0.4710593384332901,0.3509756475607116,0.29967939495812224,0.21647949002961017,0.2996911971043153,0.30502359659839334,-3.664238784282388,-1.4304741104691236,5.074057694094019,10.774430794116286,15.69357721311219,22.2695659303964,24.817548458506135,23.88369642228337,19.312212211493854,11.852290472799343,3.62413140407633,-3.078946219015886,10.760654290212608,2.509584404402949,2.9920119372013088,1.827567803970515,1.7357914066152331,1.73685241152891,1.4986892956134312,1.194781344436036,1.5548071355511874,1.9411738736124478,1.6218060268743637,3.543903137929891,3.087432619175757,2.1037001164910714,14.89784329652578,13.838105378740872,50.966024206086786,52.98843752893361,111.0420748075627,103.17529711355115,82.44338884234229,75.83899717939552,51.59917553936117,34.02926926913021,28.140202019015554,15.306491946817353,52.85544226140047,8.235800432671088,10.32393410666699,26.15929860101065,31.523388095461105,47.382709633813256,48.35422094126283,46.3477119935381,35.64469953377558,38.975692121053235,16.307656560594584,22.20903429766584,16.566982050770346,29.00259403141524,3.2555555556666667,4.955555555666667,10.933333333333334,15.811111109999999,20.21111111,25.829629629999996,28.277777776666664,28.30370370333333,23.999999999999996,16.825925926666667,10.248148150666667,3.574074074,16.01882716,2.167480880333333,2.724503491666666,1.3075229226666667,1.2983824066666667,1.0323844679999998,1.6181831973333332,1.473044822,1.6571298746666665,1.5030631786666666,1.2305785623333332,2.084679250666667,2.910918936333333,1.750655999333333,50.80740740999999,56.411111113333334,101.90000001,104.62222221333333,163.87407409999994,160.74814813333333,108.59259259999999,81.70000000333333,93.88888888333332,78.83703703666667,60.44074074,50.074074073333335,92.65802469333332,29.986394790000002,43.82995788666666,50.35319568333333,46.50902601333333,86.67694622333333,80.35836953666666,65.94426095,55.90027846333333,50.77729341333333,55.81000703333333,53.49869219666667,47.462556479999996,55.59224822333333,10684.516666659998,9617.490000000014,216002.82999999932,239966.49499988995
"Washoe Tribe of Nevada & California (Carson Colony, Dresslerville Colony, Woodfords Community, Stewart Community, & Washoe Ranches)",0.0958249195998422,0.14522018182941798,4.217117731038327,1.0718401674909877e7,0.11999974112878743,0.19570689067848185,3.6718415504998516,3.2218564055717173e6,0.9041750804001578,0.854779818170582,0.8800002588712126,0.8042931093215182,0.1503632453778483,0.14818991510041765,0.000969736879495855,0.05873234269296658,0.06441948127311756,0.09032807662092156,0.0868986806157957,0.015992444088003075,0.024384093206110014,0.003868201385853939,1.9027690151009462,4.264808973094637,5.8275849982208205,8.222292323741325,11.39695058051104,15.884752891167192,19.86670171656151,18.414931648832802,16.182124079337537,10.48471784058044,4.422257273012618,2.6229582896309145,9.957737470211354,2.283820603555205,2.774420254167192,2.7334106086435335,2.659417779687697,2.999868318056782,3.2273610962145107,4.330288967129338,2.596890408378549,2.5915168010630913,2.0797245328738168,3.267197114432177,3.2056014891135645,2.8957931642965296,176.675639679306,97.7452856726183,133.71615841514193,66.30052575536278,56.757167893470026,41.81517700637224,17.026813880189273,10.555064844119872,27.229162286719244,58.357623552365936,100.86771818507884,165.72295829369082,79.39744129416403,154.3719365577287,64.2543882073186,70.52380944542587,32.66500407608832,33.54938096473186,26.34128909905363,20.651909563091483,14.813597944129336,23.660575304826494,54.18415537908517,43.55553038649842,114.56041557728706,54.42766604176655,-0.500559642851726,1.9979626488075835,2.175501478092247,6.357938753756084,9.797038295990378,15.091303530090551,20.52354901589134,19.145783810684776,13.718675723537071,9.552424070643465,2.369905048974533,-0.46279947156762874,8.313893605250708,1.744129695695529,3.0076668584816075,2.5337027186932657,2.8406855543842675,2.6478524124533105,3.323404840136955,2.863780108186757,2.0707775678053197,1.9636758441148838,1.861088796451613,2.2473651315574426,2.5972838662093944,2.475117782827957,135.37116891929827,85.95847323775892,52.55366283075835,41.488190908556874,26.859781173718165,13.939872981284664,15.286480539377477,12.271049485942278,10.562711436622525,29.248965600181094,35.92903226058856,103.34477142124504,46.90118006348614,103.89780925488398,60.83800303636106,43.319966905149975,27.406758587487264,20.26426330830787,16.94331397126769,15.49893210409734,13.379561519895303,12.439786734221844,37.182799541607245,23.495032924934918,100.85318377594794,39.62661763820034,800.80999999,720.84,216002.82999999932,239966.49499988995
Confederated Tribes of the Umatilla Indian Reservation,0.12610658110849046,0.1853101267370183,3.1746168796660243,3.1535181581873232e6,0.132024246659284,0.19304041109880668,3.1906465775809063,5.460324284286797e6,0.8738934188915095,0.8146898732629817,0.867975753340716,0.8069595889011933,0.3473320141952899,0.3471948502349488,0.008500904535087716,0.2305638921991057,0.13247722032761952,0.3276315351426433,0.32321384186426205,0.005686861318583142,0.23271657156044115,0.15651755704478007,0.1735020208566157,3.0300767292793895,5.238335383418558,8.816898026273067,12.289685468386924,17.184630703974697,20.737661805387457,20.87331459099104,16.08707901347918,12.413073274159206,3.919030047560885,2.682346394892463,10.287136121546661,3.100056453920401,3.5010396209704786,2.8179172722335255,2.942924505078018,3.1445729278787558,3.0651257562398526,2.70188086690406,2.37314038382973,2.595118348753823,3.6459889553299942,3.527615667512388,3.2990743442698958,3.0595379252467074,120.17216656812857,84.30065600631002,90.97618462040063,46.931060738893,40.251601945203,17.159409594306812,6.250986938638906,6.167023955943066,9.843653721860312,34.16409535541908,47.01626544952032,91.39543138398528,49.55237802261993,102.18392642603052,108.81385044053779,116.55370666469165,35.9473217225514,27.584966056452302,15.597873967865048,6.195256316472851,7.913444591665791,14.453036644319976,46.05683322175011,48.644897950347946,72.64150911134948,50.215551926046395,-0.961111111,2.72777777775,3.97222222225,8.955555555750001,11.3333333325,15.166666665,20.88888889,18.6638888875,14.5583333325,8.886111112250001,1.661111111,-2.4555555554999997,8.61643518425,3.0699816172500003,2.985573897,1.7471426407500004,3.4712406869999994,1.485781379,2.14054938925,2.11262945325,1.6186336554999998,2.3997392865,2.46301746025,2.58813179075,3.13888262125,2.4351086564999997,62.230555555,33.8111111125,53.16111110999999,38.633333334999996,63.719444445,40.5472222225,20.963888890000003,11.886111110999998,31.166666667499996,43.888888890000004,55.280555555,82.2111111075,44.7916666675,54.5773524525,23.762805972499997,27.5767132475,22.524875204999997,22.472365265,20.31524407,24.106451300000003,11.036947447750002,21.6662136975,17.72316802525,34.940557725,89.55240101250001,30.854591287500003,7017.11999998,6316.420000000012,216002.82999999932,239966.49499988995
"Grand Traverse Band of Ottawa and Chippewa Indians, Michigan",0.06199560597260981,0.11698982405102148,3.120572839949202,1.5533221290207063e6,0.091,0.095,6.96,2.32e6,0.9380043940273902,0.8830101759489786,0.909,0.905,0.38983335348254805,0.3645464038796786,0.0009999999999999998,0.25290045799174743,0.2637822418041013,0.25789386336067727,0.24160597605904527,0.001,0.16259324614054718,0.25268525697318245,-11.58347826026087,-10.059806764639129,-1.1105797101956518,6.895314009673912,13.058502416608695,18.334637682086957,20.899661833608697,19.754685988565218,14.44584540926087,7.269758454043478,-1.6377777778652172,-10.705652173030433,5.463425925369566,2.7337548425086955,2.6353312179869564,2.642665078226087,2.377510966817391,1.4048911268086957,1.9318049696173911,0.8969379175391305,1.5380040289043477,1.8508260079434782,2.0636717174782606,3.141085954991304,3.9701078676869566,2.2655493080130436,16.900048313260868,14.541642507999999,31.408647343000002,36.63937197808695,81.78396135408695,124.14995167565216,89.84101450608695,105.00309179043477,73.37903381686955,53.79956521995651,35.820869565391305,17.956521742086952,56.76864331813043,11.211886800073913,8.941798093086955,19.24664629863043,20.582121624391302,45.642660653086956,38.72375788717392,34.94808899586956,50.23760791804347,50.86699921969564,28.790289755826084,28.60595604247826,11.582256305373916,29.115005797217393,-6.96667,-7.51111,-0.65556,4.36667,12.23333,17.22222,19.9,19.63333,14.86667,8.57778,2.21111,-5.28889,6.54907,2.74388,2.57226,2.19905,4.1644,1.22656,2.05252,1.37921,1.32162,1.83666,1.52153,2.39372,4.01122,2.28522,50.73333,33.53333,38.51111,58.06667,71.47778,94.66667,85.84444,78.31111,96.12222,69.77778,80.42222,63.7,68.43056,12.52136,17.89792,17.81588,22.62339,18.97968,54.60191,16.71055,16.507,24.53686,26.511,34.27979,21.29136,23.68972,480.78,432.77,216002.82999999932,239966.49499988995
Shoalwater Bay Indian Tribe of the Shoalwater Bay Indian Reservation,0.1431515144645566,0.22641227779435488,4.147740492460381,1.1501595064551828e7,0.166,0.27,4.87,2.909e6,0.8568484855354435,0.7735877222056451,0.834,0.73,0.5079899633397591,0.4630461241268614,0.0010000000000000005,0.3621505090112292,0.4839190545532672,0.20617756487886899,0.18796923099339619,0.001,0.13322610810689248,0.16570839547069557,6.367817460303572,8.443928571216071,8.986071428253569,12.412301586214282,14.976071429107142,19.8502380955,25.205039682589284,20.83859127003571,19.742341270821427,15.016765873964284,7.3335119046553565,5.350793650780357,13.710289350892856,2.8098802018678564,2.3589985610535713,3.7635437875696427,3.225885673225,3.4821419210982145,3.0437346455625,1.9114089321874996,2.4204726836339283,2.6894805718482138,3.1086472650696426,3.544328156855356,3.628975594591071,2.9989581662499996,132.24313491107142,137.2805555842857,113.92595241321426,59.82813492242856,51.21994047555357,16.143134920071425,2.4159920633946426,5.635674604012499,12.364563493328571,44.83857143,60.06361111310714,192.12452381035712,69.0069824770357,99.68929580110712,124.04769503032139,83.8696530967857,37.860369852285714,37.97652066594643,17.290093436571425,3.6362682415928567,13.730444858314284,15.378068882392853,43.11991523182143,41.55615308385715,168.39005579249996,57.21204449925,6.28889,6.45556,7.43333,8.97778,11.36667,13.55556,15.71111,15.5,14.54444,11.3556,6.92222,5.92222,10.33611,1.48357,1.33592,1.25875,0.55533,0.91409,0.78756,0.69032,0.81921,1.16057,0.93821,1.64234,1.3571,1.07858,306.8444,202.7778,189.9778,154.1778,100.8111,80.85556,27.72222,41.82222,72.5,230.8778,318.5111,284.0556,167.57778,135.96386,81.46624,20.07059,53.48896,46.2322,37.71404,15.03904,14.76503,27.17213,70.67655,109.22943,113.02838,60.40387,1208.31,1087.6399999999999,216002.82999999932,239966.49499988995
"Sault Ste. Marie Tribe of Chippewa Indians, Michigan",0.06199560597260981,0.11698982405102148,3.120572839949202,1.5533221290207063e6,0.162,0.208,2.99,3.1e6,0.9380043940273902,0.8830101759489786,0.838,0.792,0.38983335348254805,0.3645464038796786,0.0009999999999999998,0.25290045799174743,0.2637822418041013,0.3759572959231426,0.3710199072982709,0.001,0.23574053768295786,0.3020265993972115,-11.58347826026087,-10.059806764639129,-1.1105797101956518,6.895314009673912,13.058502416608695,18.334637682086957,20.899661833608697,19.754685988565218,14.44584540926087,7.269758454043478,-1.6377777778652172,-10.705652173030433,5.463425925369566,2.7337548425086955,2.6353312179869564,2.642665078226087,2.377510966817391,1.4048911268086957,1.9318049696173911,0.8969379175391305,1.5380040289043477,1.8508260079434782,2.0636717174782606,3.141085954991304,3.9701078676869566,2.2655493080130436,16.900048313260868,14.541642507999999,31.408647343000002,36.63937197808695,81.78396135408695,124.14995167565216,89.84101450608695,105.00309179043477,73.37903381686955,53.79956521995651,35.820869565391305,17.956521742086952,56.76864331813043,11.211886800073913,8.941798093086955,19.24664629863043,20.582121624391302,45.642660653086956,38.72375788717392,34.94808899586956,50.23760791804347,50.86699921969564,28.790289755826084,28.60595604247826,11.582256305373916,29.115005797217393,-8.12222,-9.08889,-2.2,4.53333,10.85556,15.26667,18.66667,18.65556,13.88889,7.44444,1.65556,-6.24444,5.44259,2.59648,3.08561,2.62213,1.84992,1.3175,1.83787,1.48099,0.91179,1.88116,1.73789,2.27015,3.57153,2.09692,63.37778,36.57778,39.41111,62.01111,61.14444,98.53333,64.15556,77.66667,108.62222,83.32222,76.85556,68.22222,69.99167,20.87618,19.03423,21.91572,32.93423,24.43523,48.17309,25.21213,27.50531,41.92872,35.90527,22.54896,31.56559,29.33622,480.78,432.77,216002.82999999932,239966.49499988995
