Tribe,Food_Insecurity_Rate_2018_H,Child_Food_Insecurity_Rate_2018_H,Cost_Per_Meal_2018_H,Weighted_Annual_Food_Budget_Shortfall_2018_H,Food_Insecurity_Rate_2018_P,Child_Food_Insecurity_Rate_2018_P,Cost_Per_Meal_2018_P,Weighted_Annual_Food_Budget_Shortfall_2018_P,Food_Security_Rate_2018_H,Child_Food_Security_Rate_2018_H,Food_Security_Rate_2018_P,Child_Food_Security_Rate_2018_P,nccpi3all_H,nccpi3sg_H,nccpi3cot_H,nccpi3soy_H,nccpi3corn_H,nccpi3all_P,nccpi3sg_P,nccpi3cot_P,nccpi3soy_P,nccpi3corn_P,temp_mean_1_H,temp_mean_2_H,temp_mean_3_H,temp_mean_4_H,temp_mean_5_H,temp_mean_6_H,temp_mean_7_H,temp_mean_8_H,temp_mean_9_H,temp_mean_10_H,temp_mean_11_H,temp_mean_12_H,temp_mean_ann_H,temp_std_1_H,temp_std_2_H,temp_std_3_H,temp_std_4_H,temp_std_5_H,temp_std_6_H,temp_std_7_H,temp_std_8_H,temp_std_9_H,temp_std_10_H,temp_std_11_H,temp_std_12_H,temp_std_ann_H,precip_mean_1_H,precip_mean_2_H,precip_mean_3_H,precip_mean_4_H,precip_mean_5_H,precip_mean_6_H,precip_mean_7_H,precip_mean_8_H,precip_mean_9_H,precip_mean_10_H,precip_mean_11_H,precip_mean_12_H,precip_mean_ann_H,precip_std_1_H,precip_std_2_H,precip_std_3_H,precip_std_4_H,precip_std_5_H,precip_std_6_H,precip_std_7_H,precip_std_8_H,precip_std_9_H,precip_std_10_H,precip_std_11_H,precip_std_12_H,precip_std_ann_H,temp_mean_1_P,temp_mean_2_P,temp_mean_3_P,temp_mean_4_P,temp_mean_5_P,temp_mean_6_P,temp_mean_7_P,temp_mean_8_P,temp_mean_9_P,temp_mean_10_P,temp_mean_11_P,temp_mean_12_P,temp_mean_ann_P,temp_std_1_P,temp_std_2_P,temp_std_3_P,temp_std_4_P,temp_std_5_P,temp_std_6_P,temp_std_7_P,temp_std_8_P,temp_std_9_P,temp_std_10_P,temp_std_11_P,temp_std_12_P,temp_std_ann_P,precip_mean_1_P,precip_mean_2_P,precip_mean_3_P,precip_mean_4_P,precip_mean_5_P,precip_mean_6_P,precip_mean_7_P,precip_mean_8_P,precip_mean_9_P,precip_mean_10_P,precip_mean_11_P,precip_mean_12_P,precip_mean_ann_P,precip_std_1_P,precip_std_2_P,precip_std_3_P,precip_std_4_P,precip_std_5_P,precip_std_6_P,precip_std_7_P,precip_std_8_P,precip_std_9_P,precip_std_10_P,precip_std_11_P,precip_std_12_P,precip_std_ann_P,Acres,Endow_Raised_Parcel,Total_Endow,Total_Acres
Prairie Band Potawatomi Nation,0.098,0.099,2.62,2.616e6,0.122,0.189,3.08,845000.0,0.902,0.901,0.878,0.8109999999999999,0.25954208612887264,0.22317233234981873,0.001,0.14092314538707112,0.25954208612887264,0.5351284296583351,0.5005861278034512,0.01601332915139986,0.4698663067169111,0.4963650617965824,-4.966666667,-4.844444444,1.433333333,7.833333332999999,13.45555556,18.83333333,21.71111111,21.17777778,16.5,9.455555556,3.655555556,-3.566666667,8.389814815,2.734501783,4.148828483,3.1260998059999996,3.3559648389999994,2.530371075,2.665051594,1.572771792,1.956896636,1.647725705,2.406819016,1.739332567,2.53968502,2.53533736,49.377777779999995,44.8,47.033333330000005,67.25555556,89.78888889,105.99999999999999,96.02222222,75.95555556,92.85555556,80.48888889,76.53333333,58.66666666999999,73.73148148,26.107220159999997,19.93157043,23.63133513,21.49861107,50.6077179,45.1221398,20.3983319,33.24594378,28.5241613,36.76072784,32.0049215,29.09029048,30.576914270000003,1.188888889,0.444444444,7.955555556000001,15.03333333,19.4,23.93333333,27.17777778,26.4,20.5,15.888888889999999,7.266666667,0.033333333,13.76851852,6.536712561,7.80434352,3.836049762,3.716853508,3.178836265,2.242208732,1.763361688,2.425901894,2.25,3.378403634,4.567274899,5.178561576,3.906542337,24.98888889,32.44444444,74.3,58.95555556,113.7888889,151.2777778,96.28888889,116.2666667,97.1,69.18888889,33.26666667,25.12222222,74.41574075,11.58063518,18.5921429,56.20673892,29.86013694,58.16610792,59.32378903,41.7211111,62.99666658000001,60.93166254,45.41911614,19.54366905,25.77342516,40.84293346,91.97,51.25,115944.86000000108,208088.73999998008
"Minnesota Chippewa Tribe, Minnesota (Leech Lake Band)",0.13224297503934163,0.1843112249465389,3.04388196050014,1.7072654254563327e6,0.11101924624786695,0.2023349899336315,3.0734660545446473,2.0462971160739497e6,0.8677570249606583,0.8156887750534612,0.888980753752133,0.7976650100663685,0.4036952888064384,0.3776391423898751,0.0009999999999999994,0.2705810329126582,0.3813014847731388,0.4418278154583395,0.41870544742507376,0.000999982210788848,0.3116068499694932,0.36699695299526924,-7.607101762144344,-7.671546158232585,-0.6191722368947638,6.1496924557641455,12.531098698688034,17.4939647630597,20.25727474912904,19.615290172714786,14.672517886492253,8.065536135536812,1.4463905678066786,-6.432488162445013,6.491788092486449,2.481799229111758,2.80009019607377,2.44614205177915,1.9038713714986621,1.4111989929643094,1.927993416738167,1.2854139185509916,1.3749673313598008,1.7052090808029092,1.7123021573794885,2.4579860785866527,3.7766279989003895,2.106966818721303,41.19899990633467,28.72460305295236,39.36335362605102,60.54161872296536,77.7738959562082,102.93791122223767,84.7669054759302,98.72140517287303,104.70487682269535,70.80741597428027,70.54158962939523,48.84104218297402,69.07696814591326,16.626191976788125,16.413694797734326,23.143358578760527,22.463525560091316,28.634335958239664,46.77536779540176,28.633053160878642,33.40128320617785,41.59795861439069,28.579146649310413,32.42298241488529,21.065212538449565,28.31300927157533,-12.030158728571427,-9.344444443571426,-0.3507936508571428,6.1460317459999985,12.887301587142854,18.255555555714285,20.371428571428567,19.66507936571428,15.055555555714283,6.985714285714283,-0.9142857142857139,-10.347619047714284,5.531613756999999,2.6246656589999993,3.956737953999999,4.678823400285713,2.3482650485714283,1.398682727142857,2.7852073924285707,0.8661011159999997,2.0922188051428563,3.5560599309999996,1.9463187685714285,5.040366559142856,5.850744431142856,3.0953493161428565,24.807936507142855,15.374603174285712,32.50634920571428,38.530158731428564,76.28095238142855,103.09682537142855,107.71111112285713,94.17142856999996,75.67301587285712,64.60476190428571,52.41269841142856,26.84761904714285,59.33478835857142,19.104469444285712,5.492642019999998,15.16250371428571,29.341785517142853,49.23969661999999,34.28940501571428,65.11939853714286,44.005712215714276,34.122292229999985,27.620300549999996,34.64889197714285,16.59434525714285,31.22845359142856,96858.84999999004,53968.75000000046,115944.86000000108,208088.73999998008
Flandreau Santee Sioux Tribe of South Dakota,0.09434982589844565,0.1447256987310446,3.109071084219602,940713.3622335733,0.107,0.17,3.11,369000.0,0.9056501741015544,0.8552743012689554,0.893,0.83,0.6061648360013554,0.47913415025901873,0.0010000043544325541,0.5161139281042689,0.5799138679291952,0.6215867611308554,0.5385886535724088,0.001070406582138625,0.5927764869812757,0.5892292125376664,-7.210065146565145,-5.37786825914723,2.743764024554071,9.537086499793155,15.102953310983708,21.05885993512377,23.179229099576535,22.16025334605212,17.55959102404559,10.206659427625404,1.8899384727439732,-6.8251900108983685,8.668767643895764,2.6956630279957645,3.007758298770356,2.049086196018892,2.038542952674918,1.4347472294856682,1.5863864520983713,1.0172837159488595,1.438530500269706,1.7640549673185653,1.7776816335996737,3.2821510933661218,3.8530415995162843,2.1620773055146563,18.465939195840384,16.246380745869708,46.208693449182405,64.73268548565794,104.78857039033221,126.25246106641688,97.06604777828984,108.35280854662211,91.24879841734523,48.856293883573294,39.00903004058304,27.19382917148858,65.70179484829313,10.119192903216932,12.452755946342997,27.821297195833864,35.11551499173938,41.82556182359935,62.37666307538437,51.094648012534186,47.83613626358957,55.87834175311397,23.181182014371334,27.776748166622152,22.398589959273608,34.82305267397394,-7.6,-6.1,1.377777778,9.3,14.74444444,20.26666667,23.56666667,21.7,16.02222222,9.7,0.955555556,-8.155555556,7.981481482,4.288647806,3.474550331,2.826118264,2.636759375,1.682342943,1.78605711,2.294558781,1.523154621,2.019144483,2.092247595,4.796642344,4.448907481,2.822427595,12.28888889,37.55555556,46.73333333,58.21111111,98.76666667,130.4222222,89.76666667,97.28888889,96.56666667,56.14444444,36.15555556,38.55555556,66.53796296,9.932326571,82.3413795,45.06656188,30.930908669999997,41.1949026,63.74536802,36.47821268,41.42050955,67.67680548,48.38830208,31.08758237,52.37766965,45.88671075,5893.789999989998,3284.020000000002,115944.86000000108,208088.73999998008
Match-e-be-nash-she-wish Band of Pottawatomi Indians of Michigan,0.098,0.099,2.62,2.616e6,0.097,0.094,2.86,5.43e6,0.902,0.901,0.903,0.906,0.25954208612887264,0.22317233234981873,0.001,0.14092314538707112,0.25954208612887264,0.5030101555007082,0.46987021052394545,0.0010000000000000005,0.36848943725137695,0.4811848622728486,-4.966666667,-4.844444444,1.433333333,7.833333332999999,13.45555556,18.83333333,21.71111111,21.17777778,16.5,9.455555556,3.655555556,-3.566666667,8.389814815,2.734501783,4.148828483,3.1260998059999996,3.3559648389999994,2.530371075,2.665051594,1.572771792,1.956896636,1.647725705,2.406819016,1.739332567,2.53968502,2.53533736,49.377777779999995,44.8,47.033333330000005,67.25555556,89.78888889,105.99999999999999,96.02222222,75.95555556,92.85555556,80.48888889,76.53333333,58.66666666999999,73.73148148,26.107220159999997,19.93157043,23.63133513,21.49861107,50.6077179,45.1221398,20.3983319,33.24594378,28.5241613,36.76072784,32.0049215,29.09029048,30.576914270000003,-4.977777778,-4.6,1.433333333,8.122222222,14.26666667,18.86666667,21.71111111,21.15555556,16.43333333,9.822222222,3.8666666669999996,-3.188888889,8.575925926,3.251068201,4.796613389,3.6342124320000004,2.896885301,1.747855829,2.122498528,1.457261511,1.993182826,1.570827807,2.131183813,1.755704987,2.49321301,2.487542303,60.52222222,46.43333333,59.63333333,69.55555556,103.6444444,102.8444444,104.3666667,86.1,92.82222222,78.84444444,96.06666667,79.56666667,81.7,33.57349318,20.86701943,33.08190593,29.63414885,55.77466071,35.2430529,27.69178579,27.59066871,38.97662049,41.59877135,41.98803401,40.19564653,35.51798399,91.97,51.25,115944.86000000108,208088.73999998008
"Citizen Potawatomi Nation, Oklahoma",0.098,0.099,2.62,2.616e6,0.1421748006607749,0.2087522595401262,3.014256144651789,1.2483986717781419e7,0.902,0.901,0.8578251993392251,0.7912477404598738,0.25954208612887264,0.22317233234981873,0.001,0.14092314538707112,0.25954208612887264,0.3925058235224002,0.3544004035729066,0.24700249917134348,0.37146334593373687,0.3427926583839122,-4.966666667,-4.844444444,1.433333333,7.833333332999999,13.45555556,18.83333333,21.71111111,21.17777778,16.5,9.455555556,3.655555556,-3.566666667,8.389814815,2.734501783,4.148828483,3.1260998059999996,3.3559648389999994,2.530371075,2.665051594,1.572771792,1.956896636,1.647725705,2.406819016,1.739332567,2.53968502,2.53533736,49.377777779999995,44.8,47.033333330000005,67.25555556,89.78888889,105.99999999999999,96.02222222,75.95555556,92.85555556,80.48888889,76.53333333,58.66666666999999,73.73148148,26.107220159999997,19.93157043,23.63133513,21.49861107,50.6077179,45.1221398,20.3983319,33.24594378,28.5241613,36.76072784,32.0049215,29.09029048,30.576914270000003,4.9155555556,6.671111111,12.048888889999999,16.508888889999998,21.073333334,26.26888889,28.493333334000003,28.82,24.62888889,17.511111112,11.293333334,4.8466666666,16.923333332000002,2.260850818,2.6470933796000002,1.3044560762,1.021678284,0.9177624378,1.4630155448,1.230204403,1.3017814736000002,1.3893157237999998,1.1258270404,2.0179717056,2.6667628666,1.6122266464,65.275555556,52.83111111200001,99.913333328,95.22444443599998,167.08666668,128.19555556000003,85.78888888799999,62.44444444399999,100.04666666600001,89.30444444800001,61.086666668,53.171111112,88.364074074,26.601387186,34.237215002,66.833273582,61.378323206,95.27023752800001,62.326650097999995,57.92225945199999,51.43910103,54.546235134,73.791014862,52.067929766,35.058359076,55.955998828000006,91.97,51.25,115944.86000000108,208088.73999998008
Confederated Salish and Kootenai Tribes of the Flathead Reservation,0.10299999999999998,0.14500000000000002,3.25,6.543000000000001e6,0.13127708110970598,0.22455450921813946,3.2489747852555713,2.1196834215489314e6,0.897,0.855,0.8687229188902941,0.7754454907818605,0.19340458374704952,0.19340458374704952,0.0010000000000000002,0.07863674394438669,0.03860559724207523,0.20289262261793264,0.2009288107065241,0.0012815351792991455,0.10865325221967688,0.07131920338200715,-4.4262626260389615,-0.6,2.656421356337662,6.975901875649351,11.66666667,17.975180375454542,21.28888889,19.477777780000004,14.499422802207793,9.152092352064933,2.072005772285714,-4.122799423077922,8.051274651883116,3.9734212235324673,2.559785147,4.137923810818182,2.9195546166103896,3.090307428,4.424871523922078,3.58832985,4.186220783,4.624388956389611,3.392388659103896,4.301363505701299,5.19220603277922,3.8658967945064937,23.95555556,18.17200577142857,24.249783552857142,28.314718613636362,74.45728715727273,58.62712842350649,44.26839827116883,42.59740259909091,39.5754689751948,32.12164502389611,27.65252524974026,17.26248195831169,35.93786676090909,17.922409929999997,16.889129808051948,8.552479039207793,10.521064107142857,45.437560177402595,39.75120389441558,42.79002147298701,36.468735444935064,24.882375604285713,17.457191415714288,18.898950620519482,10.33123053296104,24.158529335064937,-5.214814814666666,-0.6907407408333333,1.4444444443333333,7.481481480833333,10.529629629666667,14.566666668333331,19.45555555833333,17.17222222166666,12.670370371666666,7.485185185333332,-0.12037037033333332,-4.570370370666666,6.684104938666666,2.685750355833333,4.062826756333333,1.7872202411666662,3.3808578723333333,2.7367723986666657,3.7182051935,3.338343316333333,2.9098020866666663,2.5115704075,4.3927615651666665,5.5444490838333325,4.702636699666666,3.4809329979999992,31.801851851666665,25.86111111,25.866666666666664,33.06296296166666,76.88888888833331,62.91481481333332,33.096296295,43.555555556666654,38.74999999999999,42.48703703833333,41.57962962833332,39.89999999833332,41.31373457,17.151896426166665,18.003031833666665,9.214744735833333,13.967119791666667,46.498644774999995,31.242396523333333,27.370327985,34.76522551333333,25.532693588333327,23.1718856,26.51147096033333,25.67860711666666,24.925670406666665,160.0,89.16,115944.86000000108,208088.73999998008
"Pokagon Band of Potawatomi Indians, Michigan and Indiana",0.098,0.099,2.62,2.616e6,0.14,0.155,2.98,1.0894e7,0.902,0.901,0.86,0.845,0.25954208612887264,0.22317233234981873,0.001,0.14092314538707112,0.25954208612887264,0.5653292635166147,0.44421387753498415,0.0009038640534865926,0.5012411223857224,0.5590207990067556,-4.966666667,-4.844444444,1.433333333,7.833333332999999,13.45555556,18.83333333,21.71111111,21.17777778,16.5,9.455555556,3.655555556,-3.566666667,8.389814815,2.734501783,4.148828483,3.1260998059999996,3.3559648389999994,2.530371075,2.665051594,1.572771792,1.956896636,1.647725705,2.406819016,1.739332567,2.53968502,2.53533736,49.377777779999995,44.8,47.033333330000005,67.25555556,89.78888889,105.99999999999999,96.02222222,75.95555556,92.85555556,80.48888889,76.53333333,58.66666666999999,73.73148148,26.107220159999997,19.93157043,23.63133513,21.49861107,50.6077179,45.1221398,20.3983319,33.24594378,28.5241613,36.76072784,32.0049215,29.09029048,30.576914270000003,-0.811111111,-2.055555556,8.255555556,9.466666667,16.08888889,20.87777778,23.07777778,22.42222222,20.23333333,11.72222222,3.933333333,-3.155555556,10.83796296,8.088177243,3.15440609,9.076909043,1.887458609,3.6998123080000003,1.8680054719999997,1.189304185,1.537675013,4.423234111,1.173432761,1.966596044,3.281810137,3.4455684180000006,54.300000000000004,57.54444444,53.8,60.84444444,83.98888889,112.48888890000002,77.26666667,75.65555556,69.61111111,74.9,87.37777778,66.27777778,72.83796296,31.144180839999997,33.71276135,25.65472666,34.24401813,65.36211526,51.75897131,39.34529832,65.16594416,30.31569084,35.69142054,69.41510602,26.67150998,42.37347862,91.97,51.25,115944.86000000108,208088.73999998008
Prairie Island Indian Community in the State of Minnesota,0.08285879474173834,0.13686593756042503,3.031391753350175,1.5057072842813719e6,0.078,0.126,2.94,1.787e6,0.9171412052582617,0.8631340624395749,0.922,0.874,0.6591232352389765,0.5552039719000068,0.0010000008989651556,0.6140340738342709,0.6032245237594006,0.41141266587795633,0.35816602548550946,0.001,0.20911593615487592,0.38152769519799923,-9.200019153645155,-7.620853816873019,1.0420885740107266,8.431007966358182,14.465377002236476,20.046997524301887,22.304895472474644,21.163765988485633,16.3427901572285,8.906546922309856,0.42673462580214555,-8.69519249183504,7.301178230975806,2.6814966943080543,2.8688855542897995,2.2167773120764886,2.3108632986001436,1.4902642743314207,1.6781989060870237,0.9450821154391256,1.4907314139782304,1.7454312505078882,1.9912028747102728,3.2093813331440373,3.96819964564841,2.2163762227580293,19.139063753520396,15.92686940940753,43.45368348529083,58.05576411459234,96.16069434904517,123.59201940189247,95.8980066272062,104.29563373613938,90.07642214279785,51.61067483855273,41.58833769600909,27.675971680632713,63.95609510351276,10.676813035999821,10.031279470184076,26.455516322485483,28.712752067448164,34.080078717873974,46.20916226113519,40.566072476531964,42.770231061845834,52.141984895779885,20.06147288664945,32.00915653487713,20.31426122000653,30.33573174515162,-8.466666667,-4.922222222,1.366666667,9.133333333,14.98888889,20.42222222,22.7,22.02222222,16.13333333,9.677777778,1.277777778,-7.6,8.061111111,2.491485501,4.793166432,2.759075932,2.121320344,1.274209995,1.710100712,0.85732141,1.708638184,1.697056275,2.150452149,2.783782399,4.518296139,2.405408789,28.3,16.43333333,45.36666667,69.93333333,90.53333333,133.1555556,91.91111111,123.4888889,97.83333333,57.5,39.13333333,29.31111111,68.575,30.793099880000003,9.335684228,29.32119541,57.20131117,45.11280306,55.65772882,47.15388225,56.18955518,55.14163581,32.06091858,27.47853708,14.05315307,38.29162538,32005.34999999,17833.099999999973,115944.86000000108,208088.73999998008
"Santee Sioux Nation, Nebraska",0.09434982589844565,0.1447256987310446,3.109071084219602,940713.3622335733,0.12397529083292405,0.18798058565444034,3.0701764940505427,545845.5677057753,0.9056501741015544,0.8552743012689554,0.876024709167076,0.8120194143455597,0.6061648360013554,0.47913415025901873,0.0010000043544325541,0.5161139281042689,0.5799138679291952,0.4428393953457203,0.38454732337955627,0.001385293635017185,0.4121737207743507,0.3800840552122669,-7.210065146565145,-5.37786825914723,2.743764024554071,9.537086499793155,15.102953310983708,21.05885993512377,23.179229099576535,22.16025334605212,17.55959102404559,10.206659427625404,1.8899384727439732,-6.8251900108983685,8.668767643895764,2.6956630279957645,3.007758298770356,2.049086196018892,2.038542952674918,1.4347472294856682,1.5863864520983713,1.0172837159488595,1.438530500269706,1.7640549673185653,1.7776816335996737,3.2821510933661218,3.8530415995162843,2.1620773055146563,18.465939195840384,16.246380745869708,46.208693449182405,64.73268548565794,104.78857039033221,126.25246106641688,97.06604777828984,108.35280854662211,91.24879841734523,48.856293883573294,39.00903004058304,27.19382917148858,65.70179484829313,10.119192903216932,12.452755946342997,27.821297195833864,35.11551499173938,41.82556182359935,62.37666307538437,51.094648012534186,47.83613626358957,55.87834175311397,23.181182014371334,27.776748166622152,22.398589959273608,34.82305267397394,-3.1,-0.6333333330000002,3.6555555560000004,12.01111111,16.82222222,22.0,24.42222222,23.98888889,17.46666667,12.93333333,3.011111111,-3.733333333,10.73703704,7.160830957,6.118006210999999,4.950785572,4.198346235,3.355882067,2.032240143,1.794977561,1.755309406,2.530316186,3.863288754,5.553477389,5.844655678,4.09650968,14.83333333,10.56666667,58.188888889999994,71.31111111,86.07777777999999,112.0111111,66.48888889,105.8111111,51.54444444,39.87777778,30.4,22.08888889,55.76666667,13.48601127,8.656211643,47.62770844,46.20893973,32.07903434,60.60471195,36.74375608,71.08629341,34.23145889,19.0076812,21.49581355,36.39795477,35.63546461,5893.789999989998,3284.020000000002,115944.86000000108,208088.73999998008
Iowa Tribe of Kansas and Nebraska,0.10090559561058078,0.14597094402613373,3.067529881124241,1.1109888059031416e6,0.13287622297396517,0.225280012498916,3.0072448015408804,607920.5320388732,0.8990944043894192,0.8540290559738662,0.8671237770260348,0.774719987501084,0.72393876600647,0.5935346695781114,0.0010000000000000009,0.671277300788185,0.6953480285587273,0.6896579535056878,0.5787390560493417,0.0015824584677697382,0.619868236425538,0.6804875154135415,-6.465435651546283,-4.532683186794242,3.3259792165966413,9.883474553137644,15.367039701175049,21.380383693956826,23.515976551640264,22.5072049013765,17.968867573529966,10.605083932050352,2.2210125233654665,-6.033152145008151,9.145312638751077,2.8382693910791343,3.0830235298896866,1.8965982114748194,1.9730748640647469,1.4966730911467623,1.5483631929865698,1.0604457967678649,1.4126266230872897,1.879191523605275,1.5934239407582722,3.465191510008631,3.9678545596119883,2.1845613528561136,17.457388754690637,15.9757527321199,46.50713562569302,67.28558486417742,110.12823873654666,123.51512920489205,98.07544898077212,98.99372235660906,85.39599253800958,47.592560618450825,36.03859312476257,25.55527844322781,64.37673549835968,10.919833181729489,13.179699804576972,29.10302427170742,37.65413987612467,49.22156521482974,62.61277241215825,50.13523188773139,45.45049159860427,49.09382679240287,20.893413471208618,26.691065656230197,24.289605464494,34.93705580181295,-4.538888889,-2.8277777774999997,5.1333333329999995,11.427777775000001,16.555555555,22.677777775,26.144444444999998,24.805555554999998,19.455555555,12.322222225000003,4.811111111,-3.6111111115000005,11.02962963,4.0175880615,5.851064363,3.2076581809999998,3.1518510090000005,2.5524931720000006,1.74527636,2.1279009915000002,2.0758442574999996,2.8290994605,3.4384425614999996,2.8009377515000002,2.4735940440000004,3.0226458509999996,22.122222225,46.5,61.15555555499999,58.73888888999999,121.80555555000002,122.25555555000001,103.62222225000001,94.122222245,85.894444445,55.172222219999995,48.916666670000005,45.08888889,72.11620371000001,12.272704710000001,44.37224610999999,40.782768004999994,29.515865634999997,69.46719067,42.422479845000005,34.849263335,42.714615585000004,57.396360115,30.069617035,27.322523904999997,58.804075950000005,40.83247591,4703.8099999999995,2620.950000000001,115944.86000000108,208088.73999998008
"Chippewa Cree Indians of the Rocky Boy's Reservation, Montana",0.13490901198570504,0.1866088216873306,3.041628171507166,1.6467936454854866e6,0.12343523303737963,0.19176165781541438,3.171088082593449,895369.5948245387,0.865090988014295,0.8133911783126694,0.8765647669626204,0.8082383421845856,0.3997323706398287,0.37421987302531495,0.0010000000000000026,0.2643937979998277,0.379025778452304,0.14151827746123552,0.13412407215420588,0.0015780191636411013,0.08569734383908499,0.0507085411479157,-7.418896784686258,-7.5611815002807825,-0.6091500823442451,6.11225188438926,12.492285495631476,17.446136124171826,20.22212585978479,19.608715538965015,14.683020347858779,8.09885870722891,1.5863489020564832,-6.222804556749218,6.53647582803005,2.473679606676158,2.8139312778809153,2.4464357195821362,1.8827177680011022,1.412153151542108,1.9359632363120154,1.3076685773230248,1.3785953438335656,1.6892688063909822,1.6970667346640436,2.4048176999091737,3.7461810792018246,2.0990399168633536,42.46780224616043,29.538157983110317,39.28530812821569,61.54378133120194,77.53974758572704,101.9598248857817,84.07166715871479,98.24095952450274,105.03267229597863,71.05606464432346,71.94553378976816,49.96202954754258,69.3869624273072,16.863285699459595,16.994986216443888,22.980034604238313,22.510045867907184,28.25642271477615,47.122404336173624,28.48998264721461,32.83938100646886,41.360401035368895,28.772887463372452,32.29148524391107,20.951760065024892,28.286089742436904,-8.888888889,-4.422222222,-0.544444444,6.955555556000001,11.05555556,16.15555556,20.7,18.7,12.56666667,7.4,-1.822222222,-6.066666667,5.982407409,3.10340315,5.668725115999999,2.245613007,2.762295744,2.148319757,2.357493961,2.063976744,2.404682931,2.054263858,3.081801421,5.548373135,8.905616206,3.528713753,15.1,8.788888889,23.94444444,23.97777778,64.45555556,64.92222222,43.96666667,38.81111111,33.01111111,28.03333333,31.05555556,22.25555556,33.19351852,12.282100800000002,6.181715871,9.699369968,12.341978949999998,62.67190581,49.7332328,32.28432282,22.807095630000003,25.50114921,17.11848416,41.18944377,27.44964076,26.60503671,90651.84999999002,50510.260000000424,115944.86000000108,208088.73999998008
"Minnesota Chippewa Tribe, Minnesota (Mille Lacs Band)",0.13239321062060216,0.1844255641548642,3.0437009686955356,1.7083821381136375e6,0.10608011929540875,0.18022093731619104,3.1389613373660192,1.4406601769316306e6,0.8676067893793978,0.8155744358451358,0.8939198807045913,0.819779062683809,0.40359542039005303,0.377615120743855,0.0009999999999999994,0.2702482210556799,0.3813402658423819,0.4728271038234141,0.44281592523583635,0.0009999999999999903,0.3082995841851287,0.38709214947998727,-7.595667011880403,-7.665062685101366,-0.6200826072421326,6.14628705284001,12.527872402372997,17.489873559684376,20.2541554171484,19.613628491056655,14.671556937163915,8.06652339322084,1.4542733919746984,-6.419794600771761,6.493630311734873,2.481332524412775,2.800560065963829,2.4462364377658754,1.9022326468836022,1.4109272118804528,1.9285839378351604,1.2875208040786243,1.374987343252557,1.7049731667401706,1.711492287618319,2.4552399247556087,3.7754825154989033,2.106630738965992,41.26702302681316,28.76767663456333,39.36890941896147,60.59731380557029,77.77702832871854,102.90066601630612,84.71581213295164,98.72372525315575,104.7743611054441,70.85147749261527,70.6327852944841,48.91807750834815,69.10790466866365,16.63982363335551,16.44509905928404,23.146086545876493,22.476711037928872,28.612771466823542,46.784582304778176,28.604609316496283,33.36232521488079,41.60675967241322,28.60753302548047,32.41855875960064,21.07187791784262,28.314728163544064,-10.631746031714286,-7.911111111000001,-0.550793650857143,6.898412698428573,13.271428572857143,18.428571428571434,21.00634920428572,20.20952380857143,14.574603175714287,7.742857142857144,0.23968253985714288,-9.100000000000001,6.181481481571429,2.4928860430000004,3.5420395787142867,2.8164420848571434,2.3882921137142863,1.5146486575714289,2.193363104714286,1.0073493322857143,1.9168045961428573,1.7883156291428572,2.2218177551428577,4.304854794571429,4.809327475857144,2.5830117638571433,23.47142857,15.641269840000003,38.12698412428572,45.45396825428572,73.11428571428571,115.66507937142859,104.49047617857144,104.22539681428573,82.59365079428572,77.08095238142857,42.75714285714286,31.598412698571433,62.85158730000001,20.68355160714286,9.571970631285716,22.93396112714286,31.942195935714288,31.144342235714294,41.53918991571429,35.11608613857143,58.96117407000002,44.07962768,36.68889363,30.898817570000002,31.932969151428573,32.95773164285714,96538.84999999004,53790.450000000455,115944.86000000108,208088.73999998008
"Upper Sioux Community, Minnesota",0.09434982589844565,0.1447256987310446,3.109071084219602,940713.3622335733,0.09293197285960943,0.14991500287535647,3.1464309408980826,491697.1993300504,0.9056501741015544,0.8552743012689554,0.9070680271403906,0.8500849971246436,0.6061648360013554,0.47913415025901873,0.0010000043544325541,0.5161139281042689,0.5799138679291952,0.7237496003414035,0.5006192006338247,0.0010000000000000002,0.6941590104844781,0.59679983404596,-7.210065146565145,-5.37786825914723,2.743764024554071,9.537086499793155,15.102953310983708,21.05885993512377,23.179229099576535,22.16025334605212,17.55959102404559,10.206659427625404,1.8899384727439732,-6.8251900108983685,8.668767643895764,2.6956630279957645,3.007758298770356,2.049086196018892,2.038542952674918,1.4347472294856682,1.5863864520983713,1.0172837159488595,1.438530500269706,1.7640549673185653,1.7776816335996737,3.2821510933661218,3.8530415995162843,2.1620773055146563,18.465939195840384,16.246380745869708,46.208693449182405,64.73268548565794,104.78857039033221,126.25246106641688,97.06604777828984,108.35280854662211,91.24879841734523,48.856293883573294,39.00903004058304,27.19382917148858,65.70179484829313,10.119192903216932,12.452755946342997,27.821297195833864,35.11551499173938,41.82556182359935,62.37666307538437,51.094648012534186,47.83613626358957,55.87834175311397,23.181182014371334,27.776748166622152,22.398589959273608,34.82305267397394,-9.8833333335,-7.9611111115,0.638888889,8.088888889,14.327777780000002,20.122222225,22.005555554999997,21.094444445,16.577777779999998,8.4555555555,0.044444444499999985,-8.1833333335,7.1106481485,2.7815319119999997,3.0524398099999996,2.131717749,2.8221770090000002,2.0419697329999997,1.5480067585000001,0.9925782135000001,1.4016155345,1.8194232639999997,2.3399014155,3.256786348,5.353988428,2.4618446809999996,24.61111111,14.394444445000001,36.966666665,66.761111115,98.13333333,106.55555555000001,102.03333335,89.33888888999999,86.138888885,56.68333333500001,40.866666665,28.54444444,62.58564814500001,27.76609312,9.667324171499999,25.058937119999996,37.89240455,24.860249924999998,44.735392315,37.040107185,38.596214925000005,65.10211534,26.647706859999996,38.188397315,21.505453499999998,33.088366359999995,5893.789999989998,3284.020000000002,115944.86000000108,208088.73999998008
"Minnesota Chippewa Tribe, Minnesota (Grand Portage Band)",0.13490901198570504,0.1866088216873306,3.041628171507166,1.6467936454854866e6,0.09899999999999999,0.163,3.13,281000.0,0.865090988014295,0.8133911783126694,0.901,0.837,0.3997323706398287,0.37421987302531495,0.0010000000000000026,0.2643937979998277,0.379025778452304,0.3905850151767989,0.364027608883356,0.0009999999999999998,0.27336276216126054,0.3200784671543709,-7.418896784686258,-7.5611815002807825,-0.6091500823442451,6.11225188438926,12.492285495631476,17.446136124171826,20.22212585978479,19.608715538965015,14.683020347858779,8.09885870722891,1.5863489020564832,-6.222804556749218,6.53647582803005,2.473679606676158,2.8139312778809153,2.4464357195821362,1.8827177680011022,1.412153151542108,1.9359632363120154,1.3076685773230248,1.3785953438335656,1.6892688063909822,1.6970667346640436,2.4048176999091737,3.7461810792018246,2.0990399168633536,42.46780224616043,29.538157983110317,39.28530812821569,61.54378133120194,77.53974758572704,101.9598248857817,84.07166715871479,98.24095952450274,105.03267229597863,71.05606464432346,71.94553378976816,49.96202954754258,69.3869624273072,16.863285699459595,16.994986216443888,22.980034604238313,22.510045867907184,28.25642271477615,47.122404336173624,28.48998264721461,32.83938100646886,41.360401035368895,28.772887463372452,32.29148524391107,20.951760065024892,28.286089742436904,-11.955555560000002,-10.133333333500001,-2.1777777775,4.433333333,10.75,16.08888889,18.794444445,18.07777778,13.01111111,5.988888888499999,-1.8944444444999997,-9.199999998500001,4.3152777775,2.526196929,2.3572405825,3.6804762335,2.1913991009999996,1.433333723,3.541258788,1.852747215,1.6419500509999998,3.5356690009999996,1.7288037445,3.9378277329999998,7.6688108249999996,3.0079761605,34.96666667,19.3,26.25,39.366666665,74.07222222,103.25,114.3777778,83.12777777999999,103.483333345,67.82777778,51.58888889,36.85,62.871759265,15.480685339999999,8.363933929,15.785697895000002,16.519890569999998,25.323755140000003,39.1295641,24.757296805,33.512640705,48.671542835,26.747764395,23.83108262,11.321904508,24.120479905,90651.84999999002,50510.260000000424,115944.86000000108,208088.73999998008
Lac Courte Oreilles Band of Lake Superior Chippewa Indians of Wisconsin,0.13252019901245146,0.18451296866835742,3.04361398269883,1.7037627209447657e6,0.11600000000000002,0.224,3.0,965000.0,0.8674798009875485,0.8154870313316426,0.884,0.776,0.40349481548681315,0.3774567359038142,0.000999999999999999,0.27003503823188346,0.3814389487030739,0.433424743723885,0.4041571227320506,0.0009999999999999979,0.24998240144653047,0.4100168293558134,-7.584248418927297,-7.658573056698577,-0.6192845271367788,6.145129508000284,12.526343586977262,17.488309257595336,20.252434087473247,19.61392921888453,14.672328020199076,8.068531738187176,1.4614743875730725,-6.408178541102037,6.496516271780999,2.4813476068228466,2.7998489882276405,2.445279982180764,1.9008806725795282,1.409794589209795,1.9291405385137048,1.2897222913696134,1.375597145524399,1.7050639203809939,1.7106442954341723,2.4528950533600433,3.774157827984051,2.1061977427080545,41.33097331831774,28.808475556184543,39.372443702405214,60.666371847966474,77.7626299899933,102.9069331279621,84.62456442072978,98.72358722180944,104.85927471407197,70.81053318828916,70.70505219157256,48.9798651833843,69.12922537239898,16.648123856369693,16.468952832044508,23.163489970679297,22.478600555933507,28.581636666889878,46.795004514908015,28.585228296538478,33.35455992077942,41.61737721393329,28.59197824701863,32.43294703008935,21.059957107662598,28.31482135171889,-10.3,-7.033333333,-1.133333333,6.2,12.45555556,17.86666667,20.78888889,19.85555556,14.08888889,7.500000000000001,-0.377777778,-8.822222222,5.924074075,2.103568397,5.147329405,2.6,2.202271555,1.354724244,1.639359631,1.115173131,1.632567848,1.543894786,2.094039159,2.699434097,4.617569106,2.395827613,26.5,13.744444439999999,32.27777778,53.1,74.7,112.7333333,88.67777778,111.9666667,111.8444444,77.68888889,46.13333333,36.18888889,65.46296296,20.86953521,7.584871639,16.71143155,24.71360961,17.28351816,40.91112318,43.91178025,53.23523269,60.227238670000006,30.40425317,28.792967890000003,36.33739274,31.74857956,96224.06999999004,53615.060000000456,115944.86000000108,208088.73999998008
The Osage Nation,0.1514845800156647,0.2164045606266986,2.9456746346580864,1.264196245386626e6,0.153990103548466,0.24696571776974643,3.209845170750867,3.9591201444893256e6,0.8485154199843353,0.7835954393733013,0.846009896451534,0.7530342822302536,0.4789039682003089,0.3938957867974117,0.27970217597368957,0.37306980313662375,0.4661448445846137,0.3774161207951463,0.32127760835418484,0.24933042781695985,0.30693447301074434,0.3320218767087474,-0.24400489127855418,1.4878379271505031,8.171242316027206,13.485628593967862,18.09275893939023,23.917625089637095,26.619424615716827,26.00009419008921,21.527030867831613,14.564797740846206,7.770330160687079,0.28652587738667445,13.473274285339075,3.149908425057256,3.540723026845772,1.7359659385310795,1.7085998869892902,1.5382013639129966,1.6495363017544598,1.6332484817171309,2.0239576448539545,1.6968895258762628,1.6094108782378023,2.545614038987655,3.322994216284946,2.179587477487653,54.030238283951434,53.11741522791486,88.3332639339455,77.50758146539106,149.02939552904502,134.7151761411078,101.24739738612867,96.35475907664475,93.454078263364,65.12044418076138,71.48067287388609,54.21600898963111,86.55053594750146,37.99830607173405,32.16616849920282,49.55867575696309,36.460552554439296,78.6035789037328,56.52356329610493,55.04155821734826,56.98941976126556,60.83790632049815,39.40396770657789,52.5404833722843,48.81998720645742,50.41201397226199,1.4092592591666666,2.075925926,8.4555555555,14.522222220000002,19.201851851666667,24.711111111666668,27.312962961666667,27.420370370000004,22.137037038333336,15.635185185000003,8.820370370500003,1.4537037038333334,14.429629630000003,3.7672595333333336,7.605372761833335,4.6927797015,2.9705829261666676,2.479407805666667,2.7016308311666672,2.693006349166667,3.0918469880000004,4.412115398333334,3.165708149833334,2.8488077898333337,3.1960892591666674,3.6353839580000002,40.44444444666667,53.729629630000005,87.29074074166668,87.11481481666668,125.16111110333334,164.7740740666667,89.54814815000002,76.75555555500003,94.00370370166667,71.21481481333333,49.259259258333344,32.60000000000001,80.99135802500003,23.84216639666667,43.871019423333344,54.07718270000001,50.08989102666667,57.997781266666664,69.31045785333333,55.72927590333335,51.15760299500001,53.66359429166667,49.298250886666665,39.52556642333334,22.642688366666672,47.600456461666674,12029.31,6702.619999999993,115944.86000000108,208088.73999998008
Lac Vieux Desert Band of Lake Superior Chippewa Indians of Michigan,0.13252019901245146,0.18451296866835742,3.04361398269883,1.7037627209447657e6,0.146,0.187,3.04,1.158e6,0.8674798009875485,0.8154870313316426,0.854,0.813,0.40349481548681315,0.3774567359038142,0.000999999999999999,0.27003503823188346,0.3814389487030739,0.36173648310414613,0.3509983366945477,0.001,0.20119831853441528,0.3241413337593596,-7.584248418927297,-7.658573056698577,-0.6192845271367788,6.145129508000284,12.526343586977262,17.488309257595336,20.252434087473247,19.61392921888453,14.672328020199076,8.068531738187176,1.4614743875730725,-6.408178541102037,6.496516271780999,2.4813476068228466,2.7998489882276405,2.445279982180764,1.9008806725795282,1.409794589209795,1.9291405385137048,1.2897222913696134,1.375597145524399,1.7050639203809939,1.7106442954341723,2.4528950533600433,3.774157827984051,2.1061977427080545,41.33097331831774,28.808475556184543,39.372443702405214,60.666371847966474,77.7626299899933,102.9069331279621,84.62456442072978,98.72358722180944,104.85927471407197,70.81053318828916,70.70505219157256,48.9798651833843,69.12922537239898,16.648123856369693,16.468952832044508,23.163489970679297,22.478600555933507,28.581636666889878,46.795004514908015,28.585228296538478,33.35455992077942,41.61737721393329,28.59197824701863,32.43294703008935,21.059957107662598,28.31482135171889,-11.14444444,-10.5,-2.422222222,4.377777778,10.8,16.23333333,18.71111111,17.85555556,12.68888889,5.833333333,-1.8555555559999999,-9.611111111,4.247222223,1.753646993,2.060339778,2.731655989,2.358907468,1.54677083,2.675350444,1.9464354889999997,1.64629213,2.916095182,2.034084561,3.143290915,4.76509298,2.46483023,44.17777778,17.97777778,35.0,56.53333333,74.86666667,105.2777778,117.9333333,99.26666667,122.50000000000001,86.87777778,58.42222222,36.76666667,71.3,63.540730589999995,5.733406007,22.605475,40.00181246,40.31169185,34.67213499,34.28593006,41.16132894,59.14207470000001,40.60359522,33.14195897,20.65623393,36.32136439,96224.06999999004,53615.060000000456,115944.86000000108,208088.73999998008
Omaha Tribe of Nebraska,0.11919592172885611,0.1766618115648038,3.0111565380218934,656486.2373144494,0.1621764635154987,0.23459119199236078,2.9437797583017415,601305.687492065,0.8808040782711439,0.8233381884351962,0.8378235364845013,0.7654088080076392,0.6744337609674868,0.5380583251470381,0.0020171485463964427,0.6431528221284899,0.6204802291419147,0.6884328089990006,0.5696985934835094,0.00102286139486395,0.664994943365482,0.6478236030163257,-5.3492431644206775,-3.443332908485162,4.1721308921553515,10.695582176481743,15.93214958414301,21.957765884127728,24.26894496121068,23.19604095036196,18.71430270663186,11.32737493515676,3.0379890403653684,-4.871672118226848,9.969836078128083,3.2470230625044016,3.2288437840572253,1.950100725760419,1.8124421996829378,1.550240767075189,1.4262314576037987,0.9934864124006637,1.3628802963913609,1.6970304593495618,1.3549892319864927,3.682324426825034,4.263572216693268,2.214097086761314,21.3653214947152,18.847335854001567,49.90221315962794,66.84125568196137,104.78796992756223,126.69176045352387,83.79819039269152,83.0337793638016,68.07384704716468,46.66954108441957,41.169517012530946,30.453243276666274,61.80283122811023,22.45494107646299,18.236644912313636,30.408680491344512,37.679079395386815,48.59922008793813,76.79284504349697,45.015985546346414,45.9339569242565,49.46378408716969,25.45401898064233,36.06753540965849,41.943164829396,39.837488065631476,-5.6444444444999995,-2.4000000000000004,3.1722222220000003,10.572222219999999,15.772222225,21.744444445000003,24.633333335,23.172222225000002,17.47777778,10.93888889,3.4944444445,-6.022222222000001,9.742592593000001,3.0516993995,6.291955315000001,2.5412841945,1.6395577175,1.391675904,2.358326615,1.8952790655,2.4226934815,2.3872151914999997,1.4416619055000002,6.405018934,3.2511028670000006,2.923122549,20.816666670000004,32.66111111,47.72222222,75.56111111499999,109.50555555,123.1,85.58888888999999,79.05,75.32777778,56.40555555499999,37.62777778,44.59444444499999,65.66342592500001,18.451979635,53.61136694500001,30.451534700000003,36.613876770000005,45.9514389,62.450629815,60.91731861499999,43.23647978,40.72742219,32.32539399499999,25.972441139999997,58.538697799999994,42.43738169,17316.43,9648.549999999983,115944.86000000108,208088.73999998008
Sac & Fox Nation of Missouri in Kansas and Nebraska,0.10090559561058078,0.14597094402613373,3.067529881124241,1.1109888059031416e6,0.13167106274607682,0.22301318823823046,3.039802176426543,580895.2627959948,0.8990944043894192,0.8540290559738662,0.8683289372539231,0.7769868117617695,0.72393876600647,0.5935346695781114,0.0010000000000000009,0.671277300788185,0.6953480285587273,0.8298846391248865,0.6540761934383941,0.0010000000000000002,0.7247162502712391,0.8123573376512782,-6.465435651546283,-4.532683186794242,3.3259792165966413,9.883474553137644,15.367039701175049,21.380383693956826,23.515976551640264,22.5072049013765,17.968867573529966,10.605083932050352,2.2210125233654665,-6.033152145008151,9.145312638751077,2.8382693910791343,3.0830235298896866,1.8965982114748194,1.9730748640647469,1.4966730911467623,1.5483631929865698,1.0604457967678649,1.4126266230872897,1.879191523605275,1.5934239407582722,3.465191510008631,3.9678545596119883,2.1845613528561136,17.457388754690637,15.9757527321199,46.50713562569302,67.28558486417742,110.12823873654666,123.51512920489205,98.07544898077212,98.99372235660906,85.39599253800958,47.592560618450825,36.03859312476257,25.55527844322781,64.37673549835968,10.919833181729489,13.179699804576972,29.10302427170742,37.65413987612467,49.22156521482974,62.61277241215825,50.13523188773139,45.45049159860427,49.09382679240287,20.893413471208618,26.691065656230197,24.289605464494,34.93705580181295,-0.9638888887499999,0.6249999997500001,6.3722222222500005,13.719444444999999,18.42222222,23.547222222499997,26.3888888875,25.6361111125,19.541666667500003,14.702777777500001,7.12777777775,-2.3250000002499998,12.7328703725,5.15182658425,5.5537162085,3.9037220907499997,2.69708137225,2.1826643832499997,1.9759749305,1.57894661825,1.80047743025,2.878694075,2.39203343475,4.830711392,4.1656058955,3.25928786825,27.633333335000003,43.1527777775,74.3833333325,73.6361111125,105.130555555,130.44444445,104.88333334999999,95.8555555525,85.11944443499999,66.59166666750001,39.75000000000001,39.5499999975,73.84421296500001,18.670806925,49.0123165575,48.885856365,38.507558495,68.42168179500001,40.113190825000004,32.9584095075,42.7401597125,56.68374790749999,47.69232249,19.1471670875,41.242267192499995,42.006290405,4703.8099999999995,2620.950000000001,115944.86000000108,208088.73999998008
St. Croix Chippewa Indians of Wisconsin,0.13490901198570504,0.1866088216873306,3.041628171507166,1.6467936454854866e6,0.09700517515022355,0.18360633140488966,3.1851943387309163,1.5154593112462228e6,0.865090988014295,0.8133911783126694,0.9029948248497764,0.8163936685951103,0.3997323706398287,0.37421987302531495,0.0010000000000000026,0.2643937979998277,0.379025778452304,0.3440545666797694,0.3200673585177242,0.0010000000000000002,0.20776229812067723,0.31170878076418945,-7.418896784686258,-7.5611815002807825,-0.6091500823442451,6.11225188438926,12.492285495631476,17.446136124171826,20.22212585978479,19.608715538965015,14.683020347858779,8.09885870722891,1.5863489020564832,-6.222804556749218,6.53647582803005,2.473679606676158,2.8139312778809153,2.4464357195821362,1.8827177680011022,1.412153151542108,1.9359632363120154,1.3076685773230248,1.3785953438335656,1.6892688063909822,1.6970667346640436,2.4048176999091737,3.7461810792018246,2.0990399168633536,42.46780224616043,29.538157983110317,39.28530812821569,61.54378133120194,77.53974758572704,101.9598248857817,84.07166715871479,98.24095952450274,105.03267229597863,71.05606464432346,71.94553378976816,49.96202954754258,69.3869624273072,16.863285699459595,16.994986216443888,22.980034604238313,22.510045867907184,28.25642271477615,47.122404336173624,28.48998264721461,32.83938100646886,41.360401035368895,28.772887463372452,32.29148524391107,20.951760065024892,28.286089742436904,-9.094444444499999,-6.699999999999999,1.2388888889999998,7.4277777775,13.644444445000001,19.272222225,21.105555555,20.816666665,16.55,8.5555555555,1.0055555555,-6.8944444444999995,7.2439814815,3.164906537,3.1752477585,4.0846758560000005,2.4033727415,1.581793228,2.9028246530000006,1.061957149,2.085062937,3.053257678,1.9790695105000002,3.960436876,8.1078117465,3.1300347225,18.377777775,14.416666665,39.23888889,56.183333335,76.94444444499999,124.9055556,98.62222220000001,122.27222219999999,102.84999998500001,73.177777775,45.78333333,27.011111110000005,66.64861110999999,11.1766149325,8.103534686,20.138685985,36.50125045,23.40675805,40.858084625,50.568267580000004,54.832772545000005,60.219771665,39.2135952,37.300312045,17.5214606925,33.32009237,90651.84999999002,50510.260000000424,115944.86000000108,208088.73999998008
"Shingle Springs Band of Miwok Indians, Shingle Springs Rancheria (Verona Tract), California",0.072,0.08,3.8399999999999994,8.9801e7,0.091,0.134,4.47,1.2877e7,0.928,0.92,0.909,0.866,0.10948222104390869,0.10948222104390869,0.01633181218331556,0.018725613290889703,0.037876022151482835,0.20387329374686058,0.20387329374686058,0.05484589402902934,0.09477740470121128,0.13468151565556197,9.066666667,11.17777778,11.66666667,14.833333329999999,15.622222219999998,18.98888889,20.82222222,21.23333333,19.26666667,16.85555556,11.13333333,8.611111111,14.93981481,1.759971591,2.028409338,1.509966887,1.407124728,1.822620214,2.131574796,3.019841791,2.403122968,1.782554347,1.54686062,1.342572158,1.8691204109999997,1.885311654,141.4777778,102.0444444,99.65555556,53.48888889,26.21111111,7.933333333,1.166666667,0.544444444,4.722222222,21.4,41.55555556,136.1555556,53.02962963,124.21486200000001,67.79633307,65.44211395,45.66698601,21.20963487,9.05331431,1.737095277,0.710828937,5.642645164,31.017898059999997,51.99764685,85.56832228,42.50480673,6.1,7.433333332999999,9.3,11.66666667,15.088888889999998,20.52222222,24.98888889,23.01111111,20.65555556,13.88888889,8.133333333,5.6,13.86574074,1.308625233,2.926602125,1.8947295320000002,1.793739111,1.9029217299999999,1.996733444,2.361908362,1.695910113,1.880898131,3.021772842,3.61835598,3.560196624,2.330199436,206.5,142.9111111,128.6888889,63.88888889,57.16666667,13.37777778,11.5,12.11111111,10.64444444,47.11111111,71.28888889,152.7,76.49074074,157.8440528,132.1674454,119.97364760000002,53.05844524,38.03064554,14.24182026,17.63767275,26.16789275,15.48104576,58.94156947,71.24555152,147.7286617,71.04320423,320.0,178.3,115944.86000000108,208088.73999998008
"Minnesota Chippewa Tribe, Minnesota (Bois Forte Band (Nett Lake))",0.13490901198570504,0.1866088216873306,3.041628171507166,1.6467936454854866e6,0.12190811994435309,0.2112608843887198,3.0200566401158047,2.872892703672036e6,0.865090988014295,0.8133911783126694,0.8780918800556469,0.7887391156112802,0.3997323706398287,0.37421987302531495,0.0010000000000000026,0.2643937979998277,0.379025778452304,0.3459309517446793,0.31887426797732443,0.0010000000000000078,0.2915181991234117,0.30531073504780154,-7.418896784686258,-7.5611815002807825,-0.6091500823442451,6.11225188438926,12.492285495631476,17.446136124171826,20.22212585978479,19.608715538965015,14.683020347858779,8.09885870722891,1.5863489020564832,-6.222804556749218,6.53647582803005,2.473679606676158,2.8139312778809153,2.4464357195821362,1.8827177680011022,1.412153151542108,1.9359632363120154,1.3076685773230248,1.3785953438335656,1.6892688063909822,1.6970667346640436,2.4048176999091737,3.7461810792018246,2.0990399168633536,42.46780224616043,29.538157983110317,39.28530812821569,61.54378133120194,77.53974758572704,101.9598248857817,84.07166715871479,98.24095952450274,105.03267229597863,71.05606464432346,71.94553378976816,49.96202954754258,69.3869624273072,16.863285699459595,16.994986216443888,22.980034604238313,22.510045867907184,28.25642271477615,47.122404336173624,28.48998264721461,32.83938100646886,41.360401035368895,28.772887463372452,32.29148524391107,20.951760065024892,28.286089742436904,-12.48611111,-9.338888888500001,-0.41111111100000003,5.341666666499999,11.830555555,17.3,19.66388889,19.1500000025,14.677777779999998,6.436111111000001,-1.1027777777499999,-10.841666664999998,5.0182870377499995,2.4816605545000003,5.1738276155000005,6.106285776,2.26622421275,1.4380910552500001,3.5374053002499997,1.3974814435,2.9627175397500003,4.765850246,1.8957937685000001,6.11268450675,5.553970123499999,3.6409993455,27.891666665000002,15.397222220000002,30.11111111,42.322222222499995,77.09166666499999,102.19444443999998,96.152777775,92.5972222225,80.305555555,68.3388888875,58.1500000025,33.724999999999994,60.356481484999996,14.012159462500001,5.52637682225,12.4614267095,26.0333065475,44.926880839999995,30.708381314999997,55.816890234999995,39.231464772500004,34.25213603,26.805599152499997,36.15748784,21.977977195,28.9925072425,90651.84999999002,50510.260000000424,115944.86000000108,208088.73999998008
"Cheyenne River Sioux Tribe of the Cheyenne River Reservation, South Dakota",0.08000000000000002,0.142,3.2,568000.0,0.19710670519442608,0.2962190947888648,3.1989131301886653,468842.49680930603,0.9199999999999999,0.858,0.8028932948055739,0.7037809052111352,0.3277156589537885,0.20866062138185446,0.0010000146494796905,0.14926607450980275,0.30699653359999207,0.22395473944512917,0.22183078322109737,0.002095338337502559,0.17034545214190638,0.07480030908239998,-8.786260575107612,-7.166914833620305,1.5113592779461924,8.803869148297462,14.543948109411163,20.378274110588823,22.466418503076138,21.425843201025373,16.693254368538067,9.363293852269033,1.1891370559461927,-8.501737168645683,7.660040421283246,2.3938008279664964,2.8484405252842633,2.3718653308152278,2.177122612321827,1.3036655832284259,1.6668722340761417,0.925920326601015,1.4933625651685274,1.5203395156862942,2.1677093387512687,2.894700059153299,3.61001112053198,2.114484169771573,20.600789622030447,16.819232937411165,45.57696559331979,59.32883248645683,93.4858206422538,132.04671175807104,94.92939650196956,128.16366611634515,103.63773268984768,51.531302876243636,45.29670615173603,30.662233504913694,68.50661590881217,8.424436577634514,10.913996611908626,25.108199781421312,29.741877546111667,26.170062259421314,61.87687833713705,53.125493312243655,52.88595263566496,70.23947240598982,28.023818981370553,30.07486799826395,18.395780488832482,34.5817364084467,-6.7400000001,-2.038888889,1.7933333335,9.637777778199998,14.094444443999999,19.519999998,23.134444445,22.245555556999996,16.316666667,10.9411111113,1.5544444444000003,-4.4422222223,8.8347222216,2.9314981244999996,6.1170497525,2.2189424577,3.9769002231999995,2.7458018552000003,2.1146824118000005,2.4211106135000002,2.1105716522,2.2554338988,3.638960430899999,5.981045642299999,6.89713272,3.617427482,9.903333333,11.7088888881,21.460000001,38.70555555599999,83.37555555599998,89.96000000200002,63.246666666,44.744444445,37.133333333,36.389999999000004,23.867777778,15.944444444199998,39.70333333300001,6.8555150525,8.6967324775,13.5122069913,22.40307133,53.377695998,42.447562938000004,33.882611552,32.610438759000004,35.139738763000004,24.733658809,32.688811031,15.335741634500001,26.806982111999996,1189.9799999900001,663.0699999999999,115944.86000000108,208088.73999998008
"Bad River Band of the Lake Superior Tribe of Chippewa Indians of the Bad River Reservation, Wisconsin",0.13252019901245146,0.18451296866835742,3.04361398269883,1.7037627209447657e6,0.11733307393570981,0.19590405782549802,3.3171450805510583,996785.4358320393,0.8674798009875485,0.8154870313316426,0.8826669260642902,0.804095942174502,0.40349481548681315,0.3774567359038142,0.000999999999999999,0.27003503823188346,0.3814389487030739,0.4340199203515163,0.4095993224489371,0.0010000000000000007,0.3480406513461276,0.38155870838708394,-7.584248418927297,-7.658573056698577,-0.6192845271367788,6.145129508000284,12.526343586977262,17.488309257595336,20.252434087473247,19.61392921888453,14.672328020199076,8.068531738187176,1.4614743875730725,-6.408178541102037,6.496516271780999,2.4813476068228466,2.7998489882276405,2.445279982180764,1.9008806725795282,1.409794589209795,1.9291405385137048,1.2897222913696134,1.375597145524399,1.7050639203809939,1.7106442954341723,2.4528950533600433,3.774157827984051,2.1061977427080545,41.33097331831774,28.808475556184543,39.372443702405214,60.666371847966474,77.7626299899933,102.9069331279621,84.62456442072978,98.72358722180944,104.85927471407197,70.81053318828916,70.70505219157256,48.9798651833843,69.12922537239898,16.648123856369693,16.468952832044508,23.163489970679297,22.478600555933507,28.581636666889878,46.795004514908015,28.585228296538478,33.35455992077942,41.61737721393329,28.59197824701863,32.43294703008935,21.059957107662598,28.31482135171889,-10.111111111333333,-7.777777777666667,-0.2148148146666667,5.725925926,11.89629629333333,17.496296296666664,19.881481479999998,19.674074076666663,15.114814816666668,7.2333333333333325,0.20740740733333332,-6.3999999999999995,6.060493827333333,2.044218238,3.35303555,4.359817924666666,2.080701853333333,1.4620711936666668,3.0577764046666664,1.154680837,2.0986090326666664,3.851867217666667,1.866184913,4.113275782666666,10.188971990999999,3.302600911666667,24.485185186666662,15.562962966666666,30.607407406666663,54.111111109999996,70.91481481666666,102.36666666666666,97.87777777333334,108.15555555666667,118.33333336666668,75.18888888666665,51.922222223333335,35.714814813333334,65.43672839666667,12.024945739333333,7.162015587666667,21.84585987666667,32.088623676666664,30.589575236666665,30.049565219999998,37.333040553333326,46.909630013333334,66.20566041666666,41.20464626333333,42.59105778666666,22.51937754,32.54366649333333,96224.06999999004,53615.060000000456,115944.86000000108,208088.73999998008
"Minnesota Chippewa Tribe, Minnesota (Fond du Lac Band)",0.13490901198570504,0.1866088216873306,3.041628171507166,1.6467936454854866e6,0.09706864746028158,0.15960786132752874,3.2177449707072987,6.0771835199553715e6,0.865090988014295,0.8133911783126694,0.9029313525397185,0.8403921386724713,0.3997323706398287,0.37421987302531495,0.0010000000000000026,0.2643937979998277,0.379025778452304,0.3531916414012067,0.34192197897938076,0.0009999999999999979,0.2125168626753289,0.28162577258558613,-7.418896784686258,-7.5611815002807825,-0.6091500823442451,6.11225188438926,12.492285495631476,17.446136124171826,20.22212585978479,19.608715538965015,14.683020347858779,8.09885870722891,1.5863489020564832,-6.222804556749218,6.53647582803005,2.473679606676158,2.8139312778809153,2.4464357195821362,1.8827177680011022,1.412153151542108,1.9359632363120154,1.3076685773230248,1.3785953438335656,1.6892688063909822,1.6970667346640436,2.4048176999091737,3.7461810792018246,2.0990399168633536,42.46780224616043,29.538157983110317,39.28530812821569,61.54378133120194,77.53974758572704,101.9598248857817,84.07166715871479,98.24095952450274,105.03267229597863,71.05606464432346,71.94553378976816,49.96202954754258,69.3869624273072,16.863285699459595,16.994986216443888,22.980034604238313,22.510045867907184,28.25642271477615,47.122404336173624,28.48998264721461,32.83938100646886,41.360401035368895,28.772887463372452,32.29148524391107,20.951760065024892,28.286089742436904,-10.56666667,-5.661111110999999,-1.3333333334999997,5.6,12.083333335,17.944444445,20.183333335,20.22222222,13.811111110000002,7.066666666500001,1.9277777779999998,-9.1611111115,6.009722222000001,2.3154000485000004,9.271834327999999,3.0027513874999996,2.4058427475,1.3846649274999998,4.2145575375,1.51945652,3.5708645695,1.5242157655000002,2.08349233,9.575960722,4.842509984,3.8092959055000004,29.433333335000004,15.244444445000001,35.83888889,45.23888889,75.16666667000001,99.98333335,92.01666667,102.96111109999998,103.01666668,77.65555555499999,44.444444445,30.466666665,62.622222225,24.374781640000002,7.3772511430000005,20.11278119,35.078878419999995,27.662082050000002,39.15386468,31.96031138,52.140727905,52.284136685,32.315569409999995,30.340615755,21.965546215499995,31.23054554,90651.84999999002,50510.260000000424,115944.86000000108,208088.73999998008
"Assiniboine and Sioux Tribes of the Fort Peck Indian Reservation, Montana",0.08000000000000002,0.142,3.2,568000.0,0.12038010896521915,0.18691685474746025,3.6456561698830257,716284.2290265224,0.9199999999999999,0.858,0.8796198910347809,0.8130831452525398,0.3277156589537885,0.20866062138185446,0.0010000146494796905,0.14926607450980275,0.30699653359999207,0.16566196365638372,0.16502086521633297,0.002532550260128256,0.11131054973845726,0.026499784783389973,-8.786260575107612,-7.166914833620305,1.5113592779461924,8.803869148297462,14.543948109411163,20.378274110588823,22.466418503076138,21.425843201025373,16.693254368538067,9.363293852269033,1.1891370559461927,-8.501737168645683,7.660040421283246,2.3938008279664964,2.8484405252842633,2.3718653308152278,2.177122612321827,1.3036655832284259,1.6668722340761417,0.925920326601015,1.4933625651685274,1.5203395156862942,2.1677093387512687,2.894700059153299,3.61001112053198,2.114484169771573,20.600789622030447,16.819232937411165,45.57696559331979,59.32883248645683,93.4858206422538,132.04671175807104,94.92939650196956,128.16366611634515,103.63773268984768,51.531302876243636,45.29670615173603,30.662233504913694,68.50661590881217,8.424436577634514,10.913996611908626,25.108199781421312,29.741877546111667,26.170062259421314,61.87687833713705,53.125493312243655,52.88595263566496,70.23947240598982,28.023818981370553,30.07486799826395,18.395780488832482,34.5817364084467,-10.545555555499998,-6.2466666666999995,-0.08999999999999998,7.692222222599999,12.39,17.221111111,21.040000001,19.238888886999998,13.676666665999997,8.5066666666,-1.6788888889,-7.954444443999999,6.104166666499999,3.5982702583000004,6.5458023596,2.4961002493,3.6149639456,2.7407492660000004,2.5633089067999997,2.7745352575999997,2.128215807,2.5037883391999998,3.9515421195999996,6.8939741967999995,8.5287058642,4.028329714199999,12.554444444,9.2688888884,23.144444443,24.448888888000003,62.58111111,73.13111111200001,48.167777779,61.093333333,27.974444444999996,24.942222223000005,24.422222222,18.084444445,34.151111111,9.2548621782,12.997987173499999,18.964097881100002,11.966123353099997,57.096225049,43.123123977999995,26.767888274999997,33.68752194099999,19.6044021282,17.555884563999996,21.6616718534,10.451495801799998,23.594273683,1189.9799999900001,663.0699999999999,115944.86000000108,208088.73999998008
Picayune Rancheria of Chukchansi Indians of California,0.1425130832302456,0.2137940553599532,3.306631806335323,2.862638022832415e7,0.132,0.204,3.97,1.3794e7,0.8574869167697544,0.7862059446400468,0.868,0.796,0.09353634363639546,0.09353634363639546,0.03919111545022338,0.019802723707722507,0.004665879058730308,0.34382022968037373,0.34382022968037373,0.1109048274778449,0.20346927180590052,0.2020189525144095,3.1765037897445585,2.5454281570507984,6.393017255478956,10.337235928981132,12.934252540174166,15.316448960856315,18.927689081814226,21.591952912089987,16.634042896516693,9.754136430085634,6.273826801804065,1.6825995806342529,10.46392786084035,4.149341923924528,2.9156723123149497,2.507418288330914,3.722709626069666,3.4851677803454284,2.9987098129840355,2.343756554280116,4.59379782541074,3.244867379015965,1.8567671151175618,3.8618565848287383,5.076957820275761,3.3964185852409288,94.06040961384616,116.81940009156747,74.81748105317854,56.403612322046456,67.18414771908563,72.43275278033093,18.813159168595067,27.755587807843256,43.843638120656024,70.6141267533672,177.89533946772136,146.02964038403482,80.555774605791,86.13037060952105,118.28902120873732,56.29155331821481,50.647500851596526,48.29374893775037,38.506809717851965,12.895836067753267,29.4443143215849,50.644302341776495,57.860731948113205,161.67197598432512,76.50954782844704,65.59880942751813,5.766666667,7.277777778,10.07777778,13.58888889,17.25555556,22.7,25.22222222,25.14444444,20.911111109999997,16.55555556,9.255555556,5.066666667,14.90185185,1.933907961,3.231399765,1.710100712,1.852325865,1.235021367,2.593260496,2.828770836,0.817176711,1.2771496040000003,1.207384685,2.439831506,3.999374951,2.093808705,182.9,121.2444444,107.0111111,59.72222222,38.15555556,10.27777778,9.411111111,8.333333333,5.811111110999999,32.07777778,55.63333333,104.6222222,61.26666666,100.42448660000001,90.39235464,92.01144554,24.21682152,28.64363416,10.737641470000002,18.02646974,15.79659773,4.711274892,37.64660601,50.26335643,79.0787705,45.99578827,1760.0,980.6499999999999,115944.86000000108,208088.73999998008
"Otoe-Missouria Tribe of Indians, Oklahoma",0.11860370745544252,0.1750493678111561,3.035364547911601,4.738666693593236e6,0.14840764218316949,0.23107828978237568,3.1647103844768263,2.8732283440351738e6,0.8813962925445575,0.8249506321888439,0.8515923578168305,0.7689217102176243,0.5835306498621818,0.5299225538241801,0.0015051866027386098,0.527639996008194,0.5491585585961898,0.4570839870368578,0.4166086378022742,0.26255201286712804,0.44358266450267575,0.37881744647288695,-3.8044037992700486,-1.8620671990945559,5.348101680286981,11.37010975648645,16.426637777041055,22.73886327566174,25.24019936452807,24.16119634750592,19.699407956689623,12.414547484247253,4.4967450177731205,-3.339910479379944,11.07411893240618,2.9334413927824117,3.1849054287279936,1.9964754970444467,1.7906479745605828,1.5962323456046437,1.4969746082238693,1.1996439254162952,1.553214831569499,1.7889017852513058,1.425608644931678,3.3747576005266393,3.7693737641658296,2.17584814986985,23.16786167174821,22.684326372456376,51.78358484697994,60.93662610594821,103.36016846106035,113.6383375602222,109.07816241132049,87.91938881040596,69.23400851451295,43.79046599545546,37.32327446532389,28.034310838339586,62.57920967036894,14.909474446848774,18.118880833038613,26.55494923045729,28.181846650652314,55.34055713322967,48.71689073836908,40.766671468719736,42.368783361918304,52.25166631896691,24.60660024914597,28.170700327938953,28.959334128579915,34.07886290765103,3.4296296296666666,5.2185185186666665,11.148148149999999,15.974074076666668,20.351851853333333,26.166666666666664,28.451851853333334,28.496296293333337,24.277777776666667,17.07777778,10.266666669000001,3.4777777779999997,16.19475308666667,2.043340918,2.7680659773333334,1.6151292030000002,1.3604703206666666,1.205923334666667,1.5521968843333331,1.4052631266666666,1.6058335110000002,1.5166312253333334,1.322223026,2.1113904663333334,2.6576586056666662,1.7636772170000001,46.91481481666666,48.73703704,88.02222223333334,89.39999999999999,142.6888889,143.2,98.32962962333333,88.92962963,77.17407407666667,72.83703703666666,46.77407407333333,44.370370369999996,82.28148148666666,24.13099628,36.358565993333336,45.46851216333334,40.648471416666666,81.12755233,69.79083785666667,59.153786266666664,55.61451399333333,49.37269374666666,46.090452903333336,43.75682015333334,36.456938136666665,48.99751177,30073.31,16756.51999999996,115944.86000000108,208088.73999998008
Menominee Indian Tribe of Wisconsin,0.09835432566779857,0.1503381285836733,3.1303794293615836,1.6727321505933048e6,0.17496806735753972,0.29095285570636564,2.799971025069293,379382.7431630321,0.9016456743322014,0.8496618714163267,0.8250319326424602,0.7090471442936344,0.42248632223802124,0.38477373949497357,0.0009946779394667139,0.2684046176553754,0.38118385816984673,0.4392449023985643,0.401358264698485,0.0009999994938260399,0.25717701159867906,0.38758932793151485,-8.334192700475887,-7.963947022434032,-1.0057223740063694,6.105904357306642,12.604044081237491,17.796006470673337,20.365979172347583,19.54477807988171,14.485249216442224,7.986179354916289,1.0673036092229302,-7.382822768261145,6.272396623153776,2.2440038452329394,2.7210667999417657,2.275714746252047,2.0810296151373975,1.680731840344859,1.824441092303913,1.1394292159381259,1.3798876989044584,1.8648984982911738,1.89696596311374,2.7432559705022745,3.8240240934959053,2.139620781676069,30.113011828962698,18.61267819304823,41.324173491929024,53.61309270867151,81.0980891713285,107.23964210236578,87.54414114030938,110.4877767714286,111.45953898939948,71.8655545434486,71.70415529285717,47.755181478362154,69.40141964434942,13.990945403303005,10.88557208446224,26.581436364349404,21.602835993566877,31.680077412629664,50.04953207133759,41.27919122746133,40.74842769059145,38.37681544720655,36.33740630207462,36.40032413132848,25.681582239244772,31.134512197188347,-8.20833333325,-7.8499999997500005,-1.047222222,6.4972222222500005,13.049999999999999,17.933333335,20.466666667499997,19.708333335000003,14.511111112499998,8.11666666675,1.00833333325,-7.352777777750001,6.402777778499999,2.7021043455,2.6038506887499997,2.57811786325,1.9349221232499998,1.6496808322499998,1.7252659775,1.5362494895,1.4985873477500002,2.2496914735,1.7962025049999997,3.4035525105000004,5.2471481495,2.41044777575,27.888888889999997,18.894444445,44.5388888875,58.43055555250001,80.76111110999999,117.64166664999999,88.7583333325,120.563888875,113.7527778,66.96666666750001,58.794444445,51.772222219999996,70.7303240725,20.1738882675,10.767371691500001,27.52799993,21.1796598575,34.1144407225,51.994116867500004,48.406417489999995,52.01330052749999,39.167871347500004,36.34813421,36.158006215,39.438935677500005,34.774178565,2720.0,1515.5700000000002,115944.86000000108,208088.73999998008
Table Mountain Rancheria,0.1425130832302456,0.2137940553599532,3.306631806335323,2.862638022832415e7,0.152,0.22900000000000004,3.07,7.7333e7,0.8574869167697544,0.7862059446400468,0.848,0.7709999999999999,0.09353634363639546,0.09353634363639546,0.03919111545022338,0.019802723707722507,0.004665879058730308,0.17111909986190685,0.17111909986190685,0.057367257125054964,0.09873342441067542,0.09028703310470325,3.1765037897445585,2.5454281570507984,6.393017255478956,10.337235928981132,12.934252540174166,15.316448960856315,18.927689081814226,21.591952912089987,16.634042896516693,9.754136430085634,6.273826801804065,1.6825995806342529,10.46392786084035,4.149341923924528,2.9156723123149497,2.507418288330914,3.722709626069666,3.4851677803454284,2.9987098129840355,2.343756554280116,4.59379782541074,3.244867379015965,1.8567671151175618,3.8618565848287383,5.076957820275761,3.3964185852409288,94.06040961384616,116.81940009156747,74.81748105317854,56.403612322046456,67.18414771908563,72.43275278033093,18.813159168595067,27.755587807843256,43.843638120656024,70.6141267533672,177.89533946772136,146.02964038403482,80.555774605791,86.13037060952105,118.28902120873732,56.29155331821481,50.647500851596526,48.29374893775037,38.506809717851965,12.895836067753267,29.4443143215849,50.644302341776495,57.860731948113205,161.67197598432512,76.50954782844704,65.59880942751813,9.0,10.08888889,12.38888889,15.84444444,19.21111111,23.48888889,26.755555560000005,26.222222219999995,22.47777778,17.68888889,10.93333333,8.533333333,16.88611111,1.443086969,2.804658823,2.130401631,2.876243692,2.609810551,3.797842955,3.9793564530000003,3.021497054,2.724783376,3.42981211,4.192552922,1.790949469,2.900083,58.33333333,50.04444444,49.71111111,25.57777778,17.44444444,3.088888889,6.988888889,6.311111111,6.044444444,12.988888890000002,15.722222220000003,31.67777778,23.66111111,38.12404097,40.63837814,36.39232215,21.95579524,16.93532633,4.878382018,17.05377117,18.05079253,9.241497594,18.97297054,21.72664135,25.63541387,22.46711099,1760.0,980.6499999999999,115944.86000000108,208088.73999998008
Confederated Tribes of Siletz Indians of Oregon,0.131,0.19,3.31,1.5762e7,0.14699509492157176,0.22398957670834,3.6599417521936646,4.368122780244407e6,0.869,0.81,0.8530049050784283,0.77601042329166,0.5077410501072006,0.5060482149960054,0.0009999999999999998,0.3741278652633607,0.31963749275331726,0.2617034438739928,0.23774201099007888,0.0009999999999999998,0.16229224478307563,0.2609944233541183,6.555555556,9.288888889,10.82222222,14.33333333,15.911111109999998,21.04444444,25.77777778,21.34444444,20.92222222,17.22222222,9.155555556,6.6,14.914814809999998,2.842143166,2.128640672,3.224429321,2.262189205,3.9854248340000002,1.988788017,1.599826379,2.734095422,2.63000845,2.140547697,2.628265165,3.03891428,2.600272717,188.4888889,105.7222222,113.2777778,57.788888889999996,46.75555556,13.26666667,2.333333333,3.588888889,7.222222222,42.56666667,58.02222222,174.1666667,67.76666667,169.7131141,78.27195823,63.81198512,40.19149302,27.29634184,11.22107392,4.253527947,7.241623513,11.35206785,31.921896869999998,49.01603762,154.9927982,54.10699319,5.455555556,6.6,7.511111111,9.7,11.788888889999999,14.56666667,18.06666667,17.1,15.33333333,10.83333333,6.8,4.277777778,10.66944444,2.507045627,1.95512148,1.944507935,1.607015868,1.366056774,2.099404678,3.475989068,1.343502884,1.208304597,2.454587542,2.154065923,3.933121463,2.170726987,206.73333329999997,137.4555556,145.9555556,83.92222222,71.52222222,76.21111111,11.5,13.56666667,50.666666670000005,106.2,180.0333333,210.0666667,107.8194444,111.548913,76.63747633,57.8399756,42.26321621,26.71056803,27.75763158,9.404387274000001,9.647927239,25.21105908,42.34760914,92.67906991,124.5413385,53.88243099,160.0,89.15,115944.86000000108,208088.73999998008
Lac du Flambeau Band of Lake Superior Chippewa Indians of the Lac du Flambeau Reservation of Wisconsin,0.13252019901245146,0.18451296866835742,3.04361398269883,1.7037627209447657e6,0.10968495714726743,0.19050520622053005,3.47905967019114,1.2132560286726276e6,0.8674798009875485,0.8154870313316426,0.8903150428527326,0.80949479377947,0.40349481548681315,0.3774567359038142,0.000999999999999999,0.27003503823188346,0.3814389487030739,0.3339864563714868,0.32258080450025856,0.0009999999999999992,0.17468518712754935,0.2520980213224495,-7.584248418927297,-7.658573056698577,-0.6192845271367788,6.145129508000284,12.526343586977262,17.488309257595336,20.252434087473247,19.61392921888453,14.672328020199076,8.068531738187176,1.4614743875730725,-6.408178541102037,6.496516271780999,2.4813476068228466,2.7998489882276405,2.445279982180764,1.9008806725795282,1.409794589209795,1.9291405385137048,1.2897222913696134,1.375597145524399,1.7050639203809939,1.7106442954341723,2.4528950533600433,3.774157827984051,2.1061977427080545,41.33097331831774,28.808475556184543,39.372443702405214,60.666371847966474,77.7626299899933,102.9069331279621,84.62456442072978,98.72358722180944,104.85927471407197,70.81053318828916,70.70505219157256,48.9798651833843,69.12922537239898,16.648123856369693,16.468952832044508,23.163489970679297,22.478600555933507,28.581636666889878,46.795004514908015,28.585228296538478,33.35455992077942,41.61737721393329,28.59197824701863,32.43294703008935,21.059957107662598,28.31482135171889,-11.0694444475,-9.594444444500002,-1.6722222224999999,4.8555555555,11.23888889,16.808333335,19.374999999999996,18.5527777775,13.563888887500003,6.2555555555,-0.93888888875,-9.41111111075,4.83032407425,1.975714236,2.56862996325,3.5888346857499998,2.3437890825,1.47281187275,2.7886072315,1.68843413975,1.90274094425,3.4131852169999997,2.1522604875,4.1313898375,4.78478769325,2.7342654495000005,26.0166666675,18.3,35.0250000025,52.1,80.63888889,108.0805555525,106.5472222075,120.10277780000001,121.3638889,85.89999999999999,55.59444444499999,39.991666665000004,70.80509259499999,12.709557644999999,8.46434325575,19.9473098775,26.597010112499998,41.007527405000005,37.686518344999996,40.609416785,52.681342595,67.69214029,38.546123375,30.245758925,29.199331837499997,33.78219837,96224.06999999004,53615.060000000456,115944.86000000108,208088.73999998008
Turtle Mountain Band of Chippewa Indians of North Dakota,0.13490901198570504,0.1866088216873306,3.041628171507166,1.6467936454854866e6,0.163,0.287,3.0799999999999996,1.245e6,0.865090988014295,0.8133911783126694,0.837,0.7130000000000001,0.3997323706398287,0.37421987302531495,0.0010000000000000026,0.2643937979998277,0.379025778452304,0.47211367059826786,0.4338816922596933,0.0009999999999999983,0.44012508970137065,0.25859287262147046,-7.418896784686258,-7.5611815002807825,-0.6091500823442451,6.11225188438926,12.492285495631476,17.446136124171826,20.22212585978479,19.608715538965015,14.683020347858779,8.09885870722891,1.5863489020564832,-6.222804556749218,6.53647582803005,2.473679606676158,2.8139312778809153,2.4464357195821362,1.8827177680011022,1.412153151542108,1.9359632363120154,1.3076685773230248,1.3785953438335656,1.6892688063909822,1.6970667346640436,2.4048176999091737,3.7461810792018246,2.0990399168633536,42.46780224616043,29.538157983110317,39.28530812821569,61.54378133120194,77.53974758572704,101.9598248857817,84.07166715871479,98.24095952450274,105.03267229597863,71.05606464432346,71.94553378976816,49.96202954754258,69.3869624273072,16.863285699459595,16.994986216443888,22.980034604238313,22.510045867907184,28.25642271477615,47.122404336173624,28.48998264721461,32.83938100646886,41.360401035368895,28.772887463372452,32.29148524391107,20.951760065024892,28.286089742436904,-12.06666667,-8.444444444,-2.4,6.711111111,11.888888890000002,17.32222222,20.37777778,18.2,12.688888890000001,7.444444443999999,-2.666666667,-11.11111111,4.828703704,5.946637705,7.142673013,4.118252056,3.229336017,1.8312867360000002,2.483333333,1.829465617,1.802775638,1.572771792,3.314404589,5.911429607,6.583966214000001,3.813861026,24.42222222,23.17777778,26.93333333,25.86666667,81.63333333,124.5333333,64.55555556,114.49999999999999,44.877777779999995,42.45555556,45.33333333,23.722222220000003,53.50092591999999,13.7255945,18.61597283,17.77427917,18.08272656,30.32329962,58.99898304,24.19447825,55.47571541,33.08964256,19.50756976,27.48463207,14.93425406,27.68392899,90651.84999999002,50510.260000000424,115944.86000000108,208088.73999998008
Iowa Tribe of Oklahoma,0.10090559561058078,0.14597094402613373,3.067529881124241,1.1109888059031416e6,0.13975319508103268,0.1996527236017709,3.0953847869353632,1.6059975356061919e7,0.8990944043894192,0.8540290559738662,0.8602468049189673,0.8003472763982291,0.72393876600647,0.5935346695781114,0.0010000000000000009,0.671277300788185,0.6953480285587273,0.36977362712331197,0.346591050631513,0.22849308807949115,0.3400141395361012,0.3373905152488028,-6.465435651546283,-4.532683186794242,3.3259792165966413,9.883474553137644,15.367039701175049,21.380383693956826,23.515976551640264,22.5072049013765,17.968867573529966,10.605083932050352,2.2210125233654665,-6.033152145008151,9.145312638751077,2.8382693910791343,3.0830235298896866,1.8965982114748194,1.9730748640647469,1.4966730911467623,1.5483631929865698,1.0604457967678649,1.4126266230872897,1.879191523605275,1.5934239407582722,3.465191510008631,3.9678545596119883,2.1845613528561136,17.457388754690637,15.9757527321199,46.50713562569302,67.28558486417742,110.12823873654666,123.51512920489205,98.07544898077212,98.99372235660906,85.39599253800958,47.592560618450825,36.03859312476257,25.55527844322781,64.37673549835968,10.919833181729489,13.179699804576972,29.10302427170742,37.65413987612467,49.22156521482974,62.61277241215825,50.13523188773139,45.45049159860427,49.09382679240287,20.893413471208618,26.691065656230197,24.289605464494,34.93705580181295,4.185185185333333,5.914814815,11.488888886666667,16.30740740666667,20.78888889,26.15555555333333,28.451851849999997,28.655555556666666,24.47037037,17.225925926666665,10.781481483333332,4.1148148146666665,16.545061729999997,2.121187927333333,2.7037127056666663,1.2723781936666667,1.1874893223333334,0.8917007979999999,1.4894532489999999,1.3141346936666667,1.497624087,1.4595135143333333,1.1565946233333333,2.0797091576666666,2.740119569,1.6594681536666667,55.485185183333336,57.744444446666655,106.10000003333333,96.63333333333334,164.0333333333333,149.55555556666667,88.46296297,78.79259259333332,91.41111111000001,82.41111111333332,57.25185185333333,49.97037036999999,89.82098765999999,25.49053576333333,47.18337425,62.761130923333326,46.06262642,81.58725282999998,73.10297097333331,57.802431379999994,58.18912381333333,49.06311094,60.569779579999995,49.0676961,43.26133085666667,54.511780316666666,4703.8099999999995,2620.950000000001,115944.86000000108,208088.73999998008
Lower Sioux Indian Community in the State of Minnesota,0.08285879474173834,0.13686593756042503,3.031391753350175,1.5057072842813719e6,0.08596111683618819,0.15390668040685168,2.97,668455.6357066348,0.9171412052582617,0.8631340624395749,0.9140388831638118,0.8460933195931484,0.6591232352389765,0.5552039719000068,0.0010000008989651556,0.6140340738342709,0.6032245237594006,0.5803819613198582,0.4863029892632946,0.0009999999999999994,0.46303554829287247,0.5458192991992524,-9.200019153645155,-7.620853816873019,1.0420885740107266,8.431007966358182,14.465377002236476,20.046997524301887,22.304895472474644,21.163765988485633,16.3427901572285,8.906546922309856,0.42673462580214555,-8.69519249183504,7.301178230975806,2.6814966943080543,2.8688855542897995,2.2167773120764886,2.3108632986001436,1.4902642743314207,1.6781989060870237,0.9450821154391256,1.4907314139782304,1.7454312505078882,1.9912028747102728,3.2093813331440373,3.96819964564841,2.2163762227580293,19.139063753520396,15.92686940940753,43.45368348529083,58.05576411459234,96.16069434904517,123.59201940189247,95.8980066272062,104.29563373613938,90.07642214279785,51.61067483855273,41.58833769600909,27.675971680632713,63.95609510351276,10.676813035999821,10.031279470184076,26.455516322485483,28.712752067448164,34.080078717873974,46.20916226113519,40.566072476531964,42.770231061845834,52.141984895779885,20.06147288664945,32.00915653487713,20.31426122000653,30.33573174515162,-6.95,-6.7166666665,1.961111111,10.133333332000001,15.894444440000001,21.22222222,24.16666667,22.455555555000004,16.527777775,10.572222224499999,2.6777777780000003,-7.7944444445,8.6791666665,6.3744411415,6.0100261040000005,4.1298857705,4.1001271255,2.9315496289999996,2.4396181425,2.976171996,2.3907553234999996,1.854171108,3.969412613,7.024728618,6.034274777499999,4.186263529500001,17.31111111,16.57222222,48.883333335,73.577777775,107.96666665,119.28333334999999,99.13888887,90.294444445,90.055555555,61.533333330000005,40.877777775,36.07222222,66.79722222,12.73250428,11.777770735,43.121797640000004,63.208130340000004,32.600553305,47.68591859,37.419706700000006,32.273634675,60.147020190000006,48.955865275,33.777788705,39.763959230000005,38.622054139999996,32005.34999999,17833.099999999973,115944.86000000108,208088.73999998008
"Sisseton-Wahpeton Oyate of the Lake Traverse Reservation, South Dakota",0.08285879474173834,0.13686593756042503,3.031391753350175,1.5057072842813719e6,0.11214925497075916,0.19534231111152073,3.2900084327863044,603523.7579688856,0.9171412052582617,0.8631340624395749,0.8878507450292409,0.8046576888884793,0.6591232352389765,0.5552039719000068,0.0010000008989651556,0.6140340738342709,0.6032245237594006,0.5103898714529328,0.4724132621246572,0.0011968059481771097,0.47224784018365284,0.40931289485601785,-9.200019153645155,-7.620853816873019,1.0420885740107266,8.431007966358182,14.465377002236476,20.046997524301887,22.304895472474644,21.163765988485633,16.3427901572285,8.906546922309856,0.42673462580214555,-8.69519249183504,7.301178230975806,2.6814966943080543,2.8688855542897995,2.2167773120764886,2.3108632986001436,1.4902642743314207,1.6781989060870237,0.9450821154391256,1.4907314139782304,1.7454312505078882,1.9912028747102728,3.2093813331440373,3.96819964564841,2.2163762227580293,19.139063753520396,15.92686940940753,43.45368348529083,58.05576411459234,96.16069434904517,123.59201940189247,95.8980066272062,104.29563373613938,90.07642214279785,51.61067483855273,41.58833769600909,27.675971680632713,63.95609510351276,10.676813035999821,10.031279470184076,26.455516322485483,28.712752067448164,34.080078717873974,46.20916226113519,40.566072476531964,42.770231061845834,52.141984895779885,20.06147288664945,32.00915653487713,20.31426122000653,30.33573174515162,-8.781944444,-5.9375,0.25972222224999997,8.799999999874998,14.55694444375,19.79166666625,22.345833331250002,21.45833333375,15.102777777500002,9.116666665875,0.775000000125,-8.625000000125,7.40520833325,5.8082424206250005,6.642718719124999,3.7852824075,3.4279664366250007,2.331449296125,2.7466367932500004,1.9511105431250002,2.4630968531249997,1.960214626875,3.0893825335,7.267888268000001,6.4231473365000005,3.991428019625,22.069444445,22.45138888875,42.73611111,40.1791666675,71.2125,106.65694444999998,81.52916666625002,71.20277777625,70.493055555,51.550000001250005,32.7138888875,38.550000000000004,54.278703705,30.02263383875,35.22965207675,39.6465394,35.779493575000004,33.847985953750005,40.04073055875,44.126906713749996,36.05342494625,39.173957727499996,29.5110065425,29.157018672499998,58.527201622499994,37.59304596875,32005.34999999,17833.099999999973,115944.86000000108,208088.73999998008
Ottawa Tribe of Oklahoma,0.13954376833605045,0.1739830631935155,3.1794210325916645,2.0360226518734978e6,0.17,0.264,2.98,2.716e6,0.8604562316639496,0.8260169368064845,0.83,0.736,0.32968427611214424,0.3089387667759444,0.0010000000000000002,0.2167258510667854,0.31550683285330916,0.4780943928794326,0.3988664893809669,0.40704688497285985,0.40809066348802603,0.4644947640599661,-6.694169988309894,-7.22048489480108,-0.8326112922864483,5.7219256216634955,12.089339157842765,16.973318033542107,19.751697736680807,19.36562856390752,14.53977130885495,8.123689119806278,1.989129792942809,-5.370838533758258,6.536366218902529,2.605904472745564,2.794279858507131,2.4254744163761988,1.902347922437313,1.4411437552899526,2.0618559558623666,1.3735798550114164,1.3387272412729223,1.7583139491310582,1.635729398887429,2.299087682983697,3.6620190151388523,2.1082052937194145,53.231265853850225,35.435622256571534,40.38241870244183,61.97565929816708,73.43250728058908,91.86716928017172,79.10512072050088,85.22748788792744,101.4139060087417,75.65391620037815,81.64201191734031,59.688100414382916,69.92126548644411,18.416528434446807,19.540338294683565,22.673044425582265,26.281355070245848,30.27980268736806,47.579577447613275,23.90262872971018,27.015542374896764,35.79189111491129,29.284566481178324,33.84765239586908,22.441534370849787,28.08787181940215,2.366666667,4.044444444,10.13333333,14.76666667,19.06666667,24.65555556,27.03333333,26.93333333,22.766666670000003,15.62222222,9.455555556,2.6444444439999995,14.957407410000002,2.752271789,2.831126592,1.393735986,1.220655562,0.916515139,1.460403293,1.5337861649999998,1.503329638,1.607793519,1.170232645,2.295163998,3.22765825,1.826056048,70.84444444,67.93333333,110.95555560000001,99.27777778000001,181.7666667,125.4333333,85.38888888999999,83.27777778,101.50000000000001,81.12222222,91.97777778,75.38888889,97.90555556,45.5720888,47.98484136,54.463958520000006,41.91061255000001,82.35030358,47.23314514,55.21570077,62.81589723,51.08125879,60.68959503,80.40044741,74.14164559,58.6549579,35157.65,19589.459999999985,115944.86000000108,208088.73999998008
"Bay Mills Indian Community, Michigan",0.13490901198570504,0.1866088216873306,3.041628171507166,1.6467936454854866e6,0.16199999999999998,0.208,2.99,3.1e6,0.865090988014295,0.8133911783126694,0.8380000000000001,0.792,0.3997323706398287,0.37421987302531495,0.0010000000000000026,0.2643937979998277,0.379025778452304,0.41721857432810644,0.4053321426388563,0.0009999999999999998,0.2547859970801446,0.3191620777042448,-7.418896784686258,-7.5611815002807825,-0.6091500823442451,6.11225188438926,12.492285495631476,17.446136124171826,20.22212585978479,19.608715538965015,14.683020347858779,8.09885870722891,1.5863489020564832,-6.222804556749218,6.53647582803005,2.473679606676158,2.8139312778809153,2.4464357195821362,1.8827177680011022,1.412153151542108,1.9359632363120154,1.3076685773230248,1.3785953438335656,1.6892688063909822,1.6970667346640436,2.4048176999091737,3.7461810792018246,2.0990399168633536,42.46780224616043,29.538157983110317,39.28530812821569,61.54378133120194,77.53974758572704,101.9598248857817,84.07166715871479,98.24095952450274,105.03267229597863,71.05606464432346,71.94553378976816,49.96202954754258,69.3869624273072,16.863285699459595,16.994986216443888,22.980034604238313,22.510045867907184,28.25642271477615,47.122404336173624,28.48998264721461,32.83938100646886,41.360401035368895,28.772887463372452,32.29148524391107,20.951760065024892,28.286089742436904,-7.5166666665,-8.283333333499998,-1.538888889,5.027777778000001,11.52222222,15.85,19.122222224999998,18.955555554999997,14.2,7.972222222,2.0333333335,-5.655555555499999,5.974074074,3.0342484695,3.056993822,2.9335206694999996,1.8240094405000002,1.969411485,2.315657823,2.2045738845,1.3994132989999999,2.329952648,1.769175706,2.9133965434999998,4.6589907915,2.5341120485,63.01666666500001,36.733333335000005,45.916666664999994,61.87777778,67.46666667,98.077777795,63.55555556,78.49444444500001,102.81111112,83.61111111,78.67777777999999,73.21111110999999,71.120833335,23.809351314999997,20.771796065,30.71320093,34.992523170000005,32.677356815,48.795490550000004,24.533962154999998,28.648395760000003,40.633281935,35.312558095,22.95180644,40.11374818,31.99612262,90651.84999999002,50510.260000000424,115944.86000000108,208088.73999998008
"Santa Rosa Indian Community of the Santa Rosa Rancheria, California",0.1425130832302456,0.2137940553599532,3.306631806335323,2.862638022832415e7,0.144,0.211,3.07,1.1253e7,0.8574869167697544,0.7862059446400468,0.856,0.789,0.09353634363639546,0.09353634363639546,0.03919111545022338,0.019802723707722507,0.004665879058730308,0.05659125331072332,0.05659125331072332,0.007363863468565379,0.016205128083011954,0.001,3.1765037897445585,2.5454281570507984,6.393017255478956,10.337235928981132,12.934252540174166,15.316448960856315,18.927689081814226,21.591952912089987,16.634042896516693,9.754136430085634,6.273826801804065,1.6825995806342529,10.46392786084035,4.149341923924528,2.9156723123149497,2.507418288330914,3.722709626069666,3.4851677803454284,2.9987098129840355,2.343756554280116,4.59379782541074,3.244867379015965,1.8567671151175618,3.8618565848287383,5.076957820275761,3.3964185852409288,94.06040961384616,116.81940009156747,74.81748105317854,56.403612322046456,67.18414771908563,72.43275278033093,18.813159168595067,27.755587807843256,43.843638120656024,70.6141267533672,177.89533946772136,146.02964038403482,80.555774605791,86.13037060952105,118.28902120873732,56.29155331821481,50.647500851596526,48.29374893775037,38.506809717851965,12.895836067753267,29.4443143215849,50.644302341776495,57.860731948113205,161.67197598432512,76.50954782844704,65.59880942751813,7.3,7.411111111,10.88888889,14.333333329999999,17.88888889,21.74444444,24.76666667,24.2,20.66666667,16.51111111,9.322222222,6.622222222000001,15.13796296,2.880104165,8.599483189,3.761131626,3.9363688849999994,3.002267661,3.2806672760000004,3.2101401839999997,2.556364606,3.4503623,3.958043849,5.690074204,3.6217322440000004,3.995561682,55.01111111,41.66666667,37.93333333,20.13333333,15.811111109999999,3.333333333,7.588888889,8.6,2.688888889,11.0,14.78888889,29.94444444,20.70833333,33.70621028,24.131255669999998,33.43845092,13.057373399999998,13.909389309999998,5.421485036,18.99331754,24.18553287,4.547923824,11.82729893,16.78536896,25.129917979999995,18.76112706,1760.0,980.6499999999999,115944.86000000108,208088.73999998008
"Sac & Fox Nation, Oklahoma",0.10090559561058078,0.14597094402613373,3.067529881124241,1.1109888059031416e6,0.15553519771414284,0.22809787345611396,3.053165304180015,3.9693318905893113e6,0.8990944043894192,0.8540290559738662,0.8444648022858572,0.771902126543886,0.72393876600647,0.5935346695781114,0.0010000000000000009,0.671277300788185,0.6953480285587273,0.39319529980311285,0.3661602502035588,0.25715685083116135,0.3556197790075648,0.3405914773493788,-6.465435651546283,-4.532683186794242,3.3259792165966413,9.883474553137644,15.367039701175049,21.380383693956826,23.515976551640264,22.5072049013765,17.968867573529966,10.605083932050352,2.2210125233654665,-6.033152145008151,9.145312638751077,2.8382693910791343,3.0830235298896866,1.8965982114748194,1.9730748640647469,1.4966730911467623,1.5483631929865698,1.0604457967678649,1.4126266230872897,1.879191523605275,1.5934239407582722,3.465191510008631,3.9678545596119883,2.1845613528561136,17.457388754690637,15.9757527321199,46.50713562569302,67.28558486417742,110.12823873654666,123.51512920489205,98.07544898077212,98.99372235660906,85.39599253800958,47.592560618450825,36.03859312476257,25.55527844322781,64.37673549835968,10.919833181729489,13.179699804576972,29.10302427170742,37.65413987612467,49.22156521482974,62.61277241215825,50.13523188773139,45.45049159860427,49.09382679240287,20.893413471208618,26.691065656230197,24.289605464494,34.93705580181295,4.362962963,6.088888889,11.674074073333333,16.41851852,20.677777776666662,26.196296293333333,28.500000000000004,28.733333333333327,24.496296296666667,17.281481483333334,10.999999999999998,4.348148148,16.64814815,2.149084097,2.681373451,1.2763990230000002,1.151716427,1.0595884306666667,1.4873687423333333,1.3218946273333332,1.4641091223333333,1.4335329463333333,1.1700262426666665,2.080993908,2.807891405,1.6736648683333333,58.89259259333333,58.03333333666666,101.04814816333332,101.50740740999998,173.31481483333332,141.05925923333334,90.40000000666666,77.64814814666666,97.20740741666665,83.96666666666667,61.31851852,54.48888888666666,91.57376543666666,28.94570754333333,43.32953365333333,54.24677958,50.03438720666666,91.69121505333332,71.05666303666666,57.7591921,58.256499829999996,46.98003915333332,61.222441133333334,51.08909218333333,49.05897917666667,55.30587747,4703.8099999999995,2620.950000000001,115944.86000000108,208088.73999998008
Red Cliff Band of Lake Superior Chippewa Indians of Wisconsin,0.13252019901245146,0.18451296866835742,3.04361398269883,1.7037627209447657e6,0.102,0.2,3.11,799000.0,0.8674798009875485,0.8154870313316426,0.898,0.8,0.40349481548681315,0.3774567359038142,0.000999999999999999,0.27003503823188346,0.3814389487030739,0.3898746888540367,0.3594329541138747,0.0009999999999999992,0.2930919896637415,0.3754110297657588,-7.584248418927297,-7.658573056698577,-0.6192845271367788,6.145129508000284,12.526343586977262,17.488309257595336,20.252434087473247,19.61392921888453,14.672328020199076,8.068531738187176,1.4614743875730725,-6.408178541102037,6.496516271780999,2.4813476068228466,2.7998489882276405,2.445279982180764,1.9008806725795282,1.409794589209795,1.9291405385137048,1.2897222913696134,1.375597145524399,1.7050639203809939,1.7106442954341723,2.4528950533600433,3.774157827984051,2.1061977427080545,41.33097331831774,28.808475556184543,39.372443702405214,60.666371847966474,77.7626299899933,102.9069331279621,84.62456442072978,98.72358722180944,104.85927471407197,70.81053318828916,70.70505219157256,48.9798651833843,69.12922537239898,16.648123856369693,16.468952832044508,23.163489970679297,22.478600555933507,28.581636666889878,46.795004514908015,28.585228296538478,33.35455992077942,41.61737721393329,28.59197824701863,32.43294703008935,21.059957107662598,28.31482135171889,-10.511111109999998,-9.011111111,-1.055555556,5.411111111,11.45555556,17.07777778,19.97777778,19.23333333,14.333333329999999,7.355555556,-0.455555556,-5.866666667,5.662037036999999,1.811383756,2.467004481,2.622551768,2.100859612,1.313498298,2.313426991,1.023203032,1.142365966,2.131900561,2.107789785,2.453625436,11.36914685,2.7380630450000005,45.3,16.61111111,35.88888889,67.92222222,78.35555556,96.96666667,94.4,118.4222222,103.7111111,81.19999999999999,60.15555556,35.45555556,69.53240741,63.599705189999995,7.239724519,23.23657916,48.77324517,44.14261295,28.03952567,36.93599193,65.56301888,73.02301768,36.56025848,33.1377093,15.76539812,39.66806559,96224.06999999004,53615.060000000456,115944.86000000108,208088.73999998008
Yankton Sioux Tribe of South Dakota,0.08666179776282278,0.14705377761317592,3.197702828357648,743503.9134757442,0.13393616590822693,0.2089071323737285,3.250055927815806,686245.2322798002,0.9133382022371772,0.852946222386824,0.866063834091773,0.7910928676262715,0.39857062502669016,0.29129833721871085,0.001000011073215165,0.26291260202332695,0.353008436646678,0.5376297394266497,0.4617725081548185,0.001232740741832453,0.5279810218248919,0.3596819939998333,-8.360735499504713,-6.550358141201259,1.7882424875951255,8.945868273941825,14.579157930636791,20.553668762138358,22.75977463534591,21.772152338765718,17.003074770511002,9.565801886576255,1.2466806430039308,-7.897257162776729,7.950505910860849,2.4844890762460685,3.049037275926887,2.2532595319638364,2.2414143804048736,1.4398461130031444,1.5345424920801884,0.9588888448286164,1.5146261861823895,1.5820685637044025,2.1920673080550315,2.965824938562893,3.3877295350723267,2.133649520361635,18.441107617492133,15.418579663459122,42.59903039636793,58.878895875597465,93.72191649221699,125.32255413608488,86.72845038409592,118.61915619496854,91.57420512789307,47.82088574442609,40.76809923387579,26.412849408349047,63.85881085837263,7.796098565686318,10.400473972197325,25.585637470345908,31.31968944889937,27.49845872880503,61.46222310275157,47.49384138657233,48.42347626800313,62.00845930568395,25.531963951383645,27.48054176548742,15.763780677415095,32.563720385086484,-5.588888888666666,-1.2666666666666666,3.3407407406666665,9.318518518666668,15.285185183333331,21.388888886666667,22.01481481333333,23.111111113333337,17.692592593333334,11.592592596666668,1.2259259256666666,-5.485185184999999,9.385802469666668,2.9738349073333334,5.237998202,2.0878104706666667,2.3179184026666664,2.345048465333333,2.378350342666667,4.138252878333333,3.202735502666666,1.8005771203333334,2.515034196333333,3.5918807759999996,4.286842512,3.0730236483333333,11.133333333333333,12.807407406666666,32.58888889,58.111111109999996,95.30740742,87.10000000000001,49.01111111,73.81481481666667,49.722222223333326,39.944444446666665,28.311111110000002,11.699999998,45.79598765666667,5.360607496333333,10.330376518333333,25.091970223333337,38.735934533333335,42.30118808666666,62.04616256,33.363201983333326,40.22989321666667,39.637478783333336,22.498467446666666,20.851214703333333,6.446260458666667,28.90772966666667,1511.9799999900001,842.48,115944.86000000108,208088.73999998008
"Keweenaw Bay Indian Community, Michigan",0.13490901198570504,0.1866088216873306,3.041628171507166,1.6467936454854866e6,0.14815519240857197,0.19350437532785894,3.281464417528541,694037.6384049678,0.865090988014295,0.8133911783126694,0.851844807591428,0.8064956246721411,0.3997323706398287,0.37421987302531495,0.0010000000000000026,0.2643937979998277,0.379025778452304,0.3080354822853061,0.3010273966300051,0.0010000000000000009,0.17698826921915167,0.2778520819974505,-7.418896784686258,-7.5611815002807825,-0.6091500823442451,6.11225188438926,12.492285495631476,17.446136124171826,20.22212585978479,19.608715538965015,14.683020347858779,8.09885870722891,1.5863489020564832,-6.222804556749218,6.53647582803005,2.473679606676158,2.8139312778809153,2.4464357195821362,1.8827177680011022,1.412153151542108,1.9359632363120154,1.3076685773230248,1.3785953438335656,1.6892688063909822,1.6970667346640436,2.4048176999091737,3.7461810792018246,2.0990399168633536,42.46780224616043,29.538157983110317,39.28530812821569,61.54378133120194,77.53974758572704,101.9598248857817,84.07166715871479,98.24095952450274,105.03267229597863,71.05606464432346,71.94553378976816,49.96202954754258,69.3869624273072,16.863285699459595,16.994986216443888,22.980034604238313,22.510045867907184,28.25642271477615,47.122404336173624,28.48998264721461,32.83938100646886,41.360401035368895,28.772887463372452,32.29148524391107,20.951760065024892,28.286089742436904,-10.75313311811417,-9.937411021344342,-2.879549978121383,4.166432762316812,10.95053524469786,15.44806523751297,18.703982565785022,18.060411353563488,12.539935594371975,6.385231445046881,-1.0276152170924295,-8.853728788220348,4.400263006951593,2.506680883580614,2.765941399948119,2.281161490533703,2.0076373850565865,1.6810891340704839,1.9806895500776087,1.7796305207549035,1.485788987018354,2.415556752487656,1.461979543438165,3.2949389568682816,4.853760250431289,2.3762379047199986,35.58576163736755,30.20059258127496,44.63092261941302,52.431933817294684,71.38305773289046,102.15695114690898,93.88035300707405,90.18707922763582,115.6750559466517,88.14417470345603,62.042219259899134,52.93329358528733,69.93761627377677,16.407084843324828,25.354934532082506,27.855496099768377,30.00023377297153,23.69456030893643,36.88062411008019,25.390481260745887,35.905235220854514,49.971600303144655,31.89544116199768,28.665717609829798,34.29182700569809,30.526103017769962,90651.84999999002,50510.260000000424,115944.86000000108,208088.73999998008
"Hannahville Indian Community, Michigan",0.098,0.099,2.62,2.616e6,0.13101014230691807,0.15301014230691806,3.0995363516837453,1.6010881246422103e6,0.902,0.901,0.8689898576930819,0.8469898576930819,0.25954208612887264,0.22317233234981873,0.001,0.14092314538707112,0.25954208612887264,0.38036039255397597,0.31641468940856204,0.001,0.26531658970703764,0.3324456795434655,-4.966666667,-4.844444444,1.433333333,7.833333332999999,13.45555556,18.83333333,21.71111111,21.17777778,16.5,9.455555556,3.655555556,-3.566666667,8.389814815,2.734501783,4.148828483,3.1260998059999996,3.3559648389999994,2.530371075,2.665051594,1.572771792,1.956896636,1.647725705,2.406819016,1.739332567,2.53968502,2.53533736,49.377777779999995,44.8,47.033333330000005,67.25555556,89.78888889,105.99999999999999,96.02222222,75.95555556,92.85555556,80.48888889,76.53333333,58.66666666999999,73.73148148,26.107220159999997,19.93157043,23.63133513,21.49861107,50.6077179,45.1221398,20.3983319,33.24594378,28.5241613,36.76072784,32.0049215,29.09029048,30.576914270000003,-8.8,-8.155555556,-1.955555556,5.122222222,12.45555556,17.07777778,19.67777778,19.288888890000003,14.1,7.755555556,0.755555556,-6.644444444,5.889814816,2.546566316,3.04594448,2.337793357,1.9829131210000002,1.38122329,1.981021061,1.03413947,1.28398252,1.786756839,1.541193621,1.92490981,3.565848816,2.034357725,38.76666667,21.82222222,44.366666669999994,51.65555556,64.11111111,97.18888889,85.72222222,96.11111111,108.9777778,84.14444444,88.23333332999998,58.92222222,70.00185185,14.46020401,9.949469556,28.23778497,24.45031243,20.79245322,51.77720165,28.18886206,27.70141894,40.34593467,34.95933749,42.94123892,29.948362969999998,29.47938174,91.97,51.25,115944.86000000108,208088.73999998008
Standing Rock Sioux Tribe of North & South Dakota,0.08000000000000002,0.142,3.2,568000.0,0.19660396100492977,0.28873336944568034,3.0119856445221775,421744.5397985314,0.9199999999999999,0.858,0.8033960389950703,0.7112666305543196,0.3277156589537885,0.20866062138185446,0.0010000146494796905,0.14926607450980275,0.30699653359999207,0.24901308240894326,0.24333965906758695,0.0016292554997355965,0.21023987505907726,0.09310798717700283,-8.786260575107612,-7.166914833620305,1.5113592779461924,8.803869148297462,14.543948109411163,20.378274110588823,22.466418503076138,21.425843201025373,16.693254368538067,9.363293852269033,1.1891370559461927,-8.501737168645683,7.660040421283246,2.3938008279664964,2.8484405252842633,2.3718653308152278,2.177122612321827,1.3036655832284259,1.6668722340761417,0.925920326601015,1.4933625651685274,1.5203395156862942,2.1677093387512687,2.894700059153299,3.61001112053198,2.114484169771573,20.600789622030447,16.819232937411165,45.57696559331979,59.32883248645683,93.4858206422538,132.04671175807104,94.92939650196956,128.16366611634515,103.63773268984768,51.531302876243636,45.29670615173603,30.662233504913694,68.50661590881217,8.424436577634514,10.913996611908626,25.108199781421312,29.741877546111667,26.170062259421314,61.87687833713705,53.125493312243655,52.88595263566496,70.23947240598982,28.023818981370553,30.07486799826395,18.395780488832482,34.5817364084467,-7.977777777846156,-3.5589743589230776,1.1299145299230775,7.672649572615386,14.052991454615388,19.577777778461545,21.643589743846164,21.691452992307692,15.820512820769235,10.452136751692313,-0.3794871794615386,-6.279487179538463,7.820441595692309,3.148746153538462,5.101009452230772,2.551595016615385,2.192351214615385,3.1970336226153857,3.6523519967692315,2.7201668636923086,2.3584129533846157,2.0781870788461547,4.879650718153847,4.261939213153848,6.376845542769232,3.543190818846155,8.037606838000002,11.82307692261539,21.929059829230773,31.949572649230774,71.98119658076926,83.56495726384617,55.70683760615386,38.34871794846155,30.78632478615385,36.91709401846155,29.32820512846154,11.872649572615389,36.020441596923085,4.668579175153847,9.807308433461543,16.857629422307696,19.42251924692308,43.30957074615386,37.9590724023077,29.545971496153854,22.03413740461539,22.644222633076932,22.920370564615396,49.15807749538463,6.585355129846156,23.742734513076933,1189.9799999900001,663.0699999999999,115944.86000000108,208088.73999998008
Sac & Fox Tribe of the Mississippi in Iowa,0.10090559561058078,0.14597094402613373,3.067529881124241,1.1109888059031416e6,0.089,0.146,2.86,742000.0,0.8990944043894192,0.8540290559738662,0.911,0.854,0.72393876600647,0.5935346695781114,0.0010000000000000009,0.671277300788185,0.6953480285587273,0.5471746797911756,0.4255116988633711,0.0010000000000000005,0.4407211511876534,0.5382937960365421,-6.465435651546283,-4.532683186794242,3.3259792165966413,9.883474553137644,15.367039701175049,21.380383693956826,23.515976551640264,22.5072049013765,17.968867573529966,10.605083932050352,2.2210125233654665,-6.033152145008151,9.145312638751077,2.8382693910791343,3.0830235298896866,1.8965982114748194,1.9730748640647469,1.4966730911467623,1.5483631929865698,1.0604457967678649,1.4126266230872897,1.879191523605275,1.5934239407582722,3.465191510008631,3.9678545596119883,2.1845613528561136,17.457388754690637,15.9757527321199,46.50713562569302,67.28558486417742,110.12823873654666,123.51512920489205,98.07544898077212,98.99372235660906,85.39599253800958,47.592560618450825,36.03859312476257,25.55527844322781,64.37673549835968,10.919833181729489,13.179699804576972,29.10302427170742,37.65413987612467,49.22156521482974,62.61277241215825,50.13523188773139,45.45049159860427,49.09382679240287,20.893413471208618,26.691065656230197,24.289605464494,34.93705580181295,-6.2944444445,-3.900000000000001,3.5,11.77777778,15.66111111,21.37777778,23.005555555000004,23.21111111,17.4,12.594444445,3.6388888889999995,-5.4444444445,9.710648149,2.8703157630000002,6.7717088604999995,2.253520582,3.1569618415,2.8850721604999996,1.7800995355000002,3.138000564,2.420572832,2.069651141,3.098463133,4.577746697,5.638608305,3.3883934515000003,28.35,42.61666667,53.044444445,66.388888885,97.9388889,136.64444445,116.46666665,85.56666667,76.422222225,47.105555555,46.96111111,31.766666665,69.10601852,10.077731561000002,52.79562521,47.132971135000005,42.737579505,41.319579805000004,54.120409695,55.897962314999994,34.315349485,40.16593805,32.580892215000006,21.917136005,20.972074079499997,37.83610409,4703.8099999999995,2620.950000000001,115944.86000000108,208088.73999998008
Oglala Sioux Tribe,0.08000000000000002,0.142,3.2,568000.0,0.2343782794133746,0.33807302680020096,3.2055426895083468,1.1801196880421687e6,0.9199999999999999,0.858,0.7656217205866254,0.661926973199799,0.3277156589537885,0.20866062138185446,0.0010000146494796905,0.14926607450980275,0.30699653359999207,0.2635445815795166,0.24606164961550378,0.0015801131312891778,0.2341996634159017,0.12385060380846473,-8.786260575107612,-7.166914833620305,1.5113592779461924,8.803869148297462,14.543948109411163,20.378274110588823,22.466418503076138,21.425843201025373,16.693254368538067,9.363293852269033,1.1891370559461927,-8.501737168645683,7.660040421283246,2.3938008279664964,2.8484405252842633,2.3718653308152278,2.177122612321827,1.3036655832284259,1.6668722340761417,0.925920326601015,1.4933625651685274,1.5203395156862942,2.1677093387512687,2.894700059153299,3.61001112053198,2.114484169771573,20.600789622030447,16.819232937411165,45.57696559331979,59.32883248645683,93.4858206422538,132.04671175807104,94.92939650196956,128.16366611634515,103.63773268984768,51.531302876243636,45.29670615173603,30.662233504913694,68.50661590881217,8.424436577634514,10.913996611908626,25.108199781421312,29.741877546111667,26.170062259421314,61.87687833713705,53.125493312243655,52.88595263566496,70.23947240598982,28.023818981370553,30.07486799826395,18.395780488832482,34.5817364084467,-4.287301587357143,-1.9968253968571426,2.7373015873571425,10.40079365142857,14.165079365714284,19.768253969285716,23.093650793571424,22.379365077857138,16.79285714357143,11.993650793142855,3.015079365142857,-3.095238095357143,9.580555555500002,2.466123612142857,7.431384616928571,1.780969235357143,5.133897429214285,3.8240310591428566,2.637888712857142,2.2991002115,2.381338069642857,2.1859548923571426,4.927077857357141,6.495719883999999,5.741572211785714,3.9420881494285713,8.830158729785714,19.018253967142854,30.927777778571425,54.44126984071428,83.76349206214284,84.8642857142857,72.19126984214284,48.51746031714285,38.13888888857143,33.47857142857142,26.603968253571423,14.29047619,42.92215608428571,7.397241985642856,29.82847995292857,24.216496691499998,34.257127035,42.77488848428571,38.59292840285713,47.100911791428565,32.41546249571428,44.040863218571424,21.03255227785714,35.32693366207142,14.476015440928572,30.95499178714285,1189.9799999900001,663.0699999999999,115944.86000000108,208088.73999998008
"Lower Brule Sioux Tribe of the Lower Brule Reservation, South Dakota",0.08000000000000002,0.142,3.2,568000.0,0.12544701429835634,0.2157886662123754,3.325198553503463,271021.0134944686,0.9199999999999999,0.858,0.8745529857016436,0.7842113337876246,0.3277156589537885,0.20866062138185446,0.0010000146494796905,0.14926607450980275,0.30699653359999207,0.2625991491668865,0.25400370052737736,0.0010037010502000107,0.2293245983628374,0.12178972843338298,-8.786260575107612,-7.166914833620305,1.5113592779461924,8.803869148297462,14.543948109411163,20.378274110588823,22.466418503076138,21.425843201025373,16.693254368538067,9.363293852269033,1.1891370559461927,-8.501737168645683,7.660040421283246,2.3938008279664964,2.8484405252842633,2.3718653308152278,2.177122612321827,1.3036655832284259,1.6668722340761417,0.925920326601015,1.4933625651685274,1.5203395156862942,2.1677093387512687,2.894700059153299,3.61001112053198,2.114484169771573,20.600789622030447,16.819232937411165,45.57696559331979,59.32883248645683,93.4858206422538,132.04671175807104,94.92939650196956,128.16366611634515,103.63773268984768,51.531302876243636,45.29670615173603,30.662233504913694,68.50661590881217,8.424436577634514,10.913996611908626,25.108199781421312,29.741877546111667,26.170062259421314,61.87687833713705,53.125493312243655,52.88595263566496,70.23947240598982,28.023818981370553,30.07486799826395,18.395780488832482,34.5817364084467,-6.6511111110000005,-2.5777777778,2.3800000002,9.037777777599999,14.068888888,20.168888886,23.648888890000002,22.937777778,17.726666668,10.437777777600001,1.2511111110000002,-5.1711111112,8.9381481482,2.9040852360000007,4.127870844199999,2.1955847168,2.1101192679999996,2.2482746886,1.3262483081999998,1.7615334176,2.5884845136000005,1.8266165951999995,1.39398377,4.620896083000001,6.0543816453999995,2.7631732571999996,13.102222222,9.573333332999999,28.102222219999998,49.237777775999994,84.777777778,94.20666666399998,60.584444446,59.451111108,41.419999999999995,39.486666666000005,28.448888888,17.844444444,43.852962962,10.7381706596,5.886845276600001,16.644757975999998,33.72325401,48.694043056,42.962219049999995,32.075563247999995,32.934912626,30.4748084,32.842185408,42.19868365799999,21.5473887902,29.226902682,1189.9799999900001,663.0699999999999,115944.86000000108,208088.73999998008
"Minnesota Chippewa Tribe, Minnesota (White Earth Band)",0.13224297503934163,0.1843112249465389,3.04388196050014,1.7072654254563327e6,0.11834742200013683,0.1993088046107159,3.207511621293201,919555.8172685613,0.8677570249606583,0.8156887750534612,0.8816525779998632,0.8006911953892841,0.4036952888064384,0.3776391423898751,0.0009999999999999994,0.2705810329126582,0.3813014847731388,0.5055306152521707,0.45602032210137156,0.000999207007893245,0.4437247194878268,0.41562371204401255,-7.607101762144344,-7.671546158232585,-0.6191722368947638,6.1496924557641455,12.531098698688034,17.4939647630597,20.25727474912904,19.615290172714786,14.672517886492253,8.065536135536812,1.4463905678066786,-6.432488162445013,6.491788092486449,2.481799229111758,2.80009019607377,2.44614205177915,1.9038713714986621,1.4111989929643094,1.927993416738167,1.2854139185509916,1.3749673313598008,1.7052090808029092,1.7123021573794885,2.4579860785866527,3.7766279989003895,2.106966818721303,41.19899990633467,28.72460305295236,39.36335362605102,60.54161872296536,77.7738959562082,102.93791122223767,84.7669054759302,98.72140517287303,104.70487682269535,70.80741597428027,70.54158962939523,48.84104218297402,69.07696814591326,16.626191976788125,16.413694797734326,23.143358578760527,22.463525560091316,28.634335958239664,46.77536779540176,28.633053160878642,33.40128320617785,41.59795861439069,28.579146649310413,32.42298241488529,21.065212538449565,28.31300927157533,-12.719444443750001,-9.461111110500001,-0.16527777775000005,6.290277777749999,12.791666665000001,18.47499999875,20.343055555000003,19.966666667500004,15.605555552500002,6.9680555557499995,-1.161111111,-10.1888888875,5.56203703675,2.74577422325,4.55455111975,5.240869173875,2.6607747827500003,1.63897104,3.0741594869999997,0.8473364478750001,2.32647564075,4.0102699545,1.949229490875,5.5407228365000005,7.124164336749999,3.4761082113749997,27.3375,13.606944446249997,28.788888890000006,46.95833333375,76.87777777625,110.23888888625001,109.94583333374999,94.61111110875,68.92499999750001,62.016666667500004,48.20833333375,29.8805555575,59.78298611249999,32.96237615175,4.400743563125,17.506284631249997,40.588957093750004,53.15299063999999,36.926364843749994,69.27872562124999,34.25627289125,33.912939962500005,24.699866487500007,42.04676240125,30.078967835,34.984271012499995,96858.84999999004,53968.75000000046,115944.86000000108,208088.73999998008
"Red Lake Band of Chippewa Indians, Minnesota",0.13490901198570504,0.1866088216873306,3.041628171507166,1.6467936454854866e6,0.11507606487772835,0.19397422746647938,3.0991888017268265,2.0500151232760958e6,0.865090988014295,0.8133911783126694,0.8849239351222716,0.8060257725335206,0.3997323706398287,0.37421987302531495,0.0010000000000000026,0.2643937979998277,0.379025778452304,0.395259166697987,0.3540487022656854,0.0009995721386098493,0.2911338326121937,0.26578617438860946,-7.418896784686258,-7.5611815002807825,-0.6091500823442451,6.11225188438926,12.492285495631476,17.446136124171826,20.22212585978479,19.608715538965015,14.683020347858779,8.09885870722891,1.5863489020564832,-6.222804556749218,6.53647582803005,2.473679606676158,2.8139312778809153,2.4464357195821362,1.8827177680011022,1.412153151542108,1.9359632363120154,1.3076685773230248,1.3785953438335656,1.6892688063909822,1.6970667346640436,2.4048176999091737,3.7461810792018246,2.0990399168633536,42.46780224616043,29.538157983110317,39.28530812821569,61.54378133120194,77.53974758572704,101.9598248857817,84.07166715871479,98.24095952450274,105.03267229597863,71.05606464432346,71.94553378976816,49.96202954754258,69.3869624273072,16.863285699459595,16.994986216443888,22.980034604238313,22.510045867907184,28.25642271477615,47.122404336173624,28.48998264721461,32.83938100646886,41.360401035368895,28.772887463372452,32.29148524391107,20.951760065024892,28.286089742436904,-13.377083334375003,-10.441666666187503,-1.1722222221875003,5.497916666750001,12.163888888125005,17.589583333750003,19.738888887500003,19.050694444375008,14.422916667500004,6.118055555500002,-2.0027777778125007,-10.886111111187505,4.725173611125001,3.239558577000001,4.740151681437502,5.836849206437501,2.3525969980625003,1.5385293032500005,3.2169396236875016,1.1358766636250002,2.491901402562501,4.436559044,1.8667898656250006,6.085544290312502,8.940832229000003,3.8235107405,34.59791666812501,16.013888888750003,26.490972223125006,45.418055554375,74.53750000000002,112.1305555625,96.08819444000005,109.20972222562506,70.80486111062501,60.79305555625002,54.77152777812503,34.51458333250001,61.28090277937501,44.884765284312515,5.460241235687502,18.683556993937504,40.33953910437502,40.998640076875006,40.98043222687502,47.935730132500005,50.540682818750014,37.25651293500001,29.321915353750008,39.608405002500014,38.32811582325001,36.19487808187501,90651.84999999002,50510.260000000424,115944.86000000108,208088.73999998008
Saginaw Chippewa Indian Tribe of Michigan,0.13490901198570504,0.1866088216873306,3.041628171507166,1.6467936454854866e6,0.13899363584647279,0.1340288262128662,2.770181553006367,4.622436133448231e6,0.865090988014295,0.8133911783126694,0.8610063641535273,0.8659711737871338,0.3997323706398287,0.37421987302531495,0.0010000000000000026,0.2643937979998277,0.379025778452304,0.5336696558646482,0.46853341867930126,0.0009888662243202062,0.4398799739291396,0.5230238268775373,-7.418896784686258,-7.5611815002807825,-0.6091500823442451,6.11225188438926,12.492285495631476,17.446136124171826,20.22212585978479,19.608715538965015,14.683020347858779,8.09885870722891,1.5863489020564832,-6.222804556749218,6.53647582803005,2.473679606676158,2.8139312778809153,2.4464357195821362,1.8827177680011022,1.412153151542108,1.9359632363120154,1.3076685773230248,1.3785953438335656,1.6892688063909822,1.6970667346640436,2.4048176999091737,3.7461810792018246,2.0990399168633536,42.46780224616043,29.538157983110317,39.28530812821569,61.54378133120194,77.53974758572704,101.9598248857817,84.07166715871479,98.24095952450274,105.03267229597863,71.05606464432346,71.94553378976816,49.96202954754258,69.3869624273072,16.863285699459595,16.994986216443888,22.980034604238313,22.510045867907184,28.25642271477615,47.122404336173624,28.48998264721461,32.83938100646886,41.360401035368895,28.772887463372452,32.29148524391107,20.951760065024892,28.286089742436904,-5.844444444,-6.211111111,0.47777777800000004,6.85,13.155555555000001,18.411111110000004,21.027777775,20.56111111,15.86111111,9.161111111,3.1833333335000003,-4.3722222225,7.688425925000001,2.6107389175,3.4453497285,2.806400843,2.316148878,1.6434470475,2.038067056,1.2321024194999999,1.5227663275,1.5710362475,1.8715594384999998,1.8671989985,2.7841852819999997,2.1424167655,44.755555555,36.544444444999996,39.866666665000004,62.16666666500001,79.13888889,83.27222221999999,73.02222222500001,93.594444445,95.05555556,72.71666667000001,86.005555555,47.077777775,67.76805556,21.083716084999995,23.640465085,25.28618533,24.935347065,38.084367895,33.92055921,18.265125245,33.45871754,34.82351091,35.32456457,38.420027479999995,21.01300144,29.021298990000002,90651.84999999002,50510.260000000424,115944.86000000108,208088.73999998008
"Rosebud Sioux Tribe of the Rosebud Indian Reservation, South Dakota",0.08000000000000002,0.142,3.2,568000.0,0.25894456424904105,0.34493884949538584,3.549961086499539,1.577496633617306e6,0.9199999999999999,0.858,0.7410554357509589,0.6550611505046142,0.3277156589537885,0.20866062138185446,0.0010000146494796905,0.14926607450980275,0.30699653359999207,0.31939540546512135,0.3168024862595672,0.0011247043683882982,0.26352988498320323,0.20973753105813772,-8.786260575107612,-7.166914833620305,1.5113592779461924,8.803869148297462,14.543948109411163,20.378274110588823,22.466418503076138,21.425843201025373,16.693254368538067,9.363293852269033,1.1891370559461927,-8.501737168645683,7.660040421283246,2.3938008279664964,2.8484405252842633,2.3718653308152278,2.177122612321827,1.3036655832284259,1.6668722340761417,0.925920326601015,1.4933625651685274,1.5203395156862942,2.1677093387512687,2.894700059153299,3.61001112053198,2.114484169771573,20.600789622030447,16.819232937411165,45.57696559331979,59.32883248645683,93.4858206422538,132.04671175807104,94.92939650196956,128.16366611634515,103.63773268984768,51.531302876243636,45.29670615173603,30.662233504913694,68.50661590881217,8.424436577634514,10.913996611908626,25.108199781421312,29.741877546111667,26.170062259421314,61.87687833713705,53.125493312243655,52.88595263566496,70.23947240598982,28.023818981370553,30.07486799826395,18.395780488832482,34.5817364084467,-5.172222222333333,-1.2074074073333332,2.3833333333333333,8.944444444166667,13.424074073333333,19.714814816666667,23.32037037166667,22.20185185166667,16.97037037,10.416666666666668,1.8611111109999998,-3.9648148148333338,9.074382716166667,2.5847816688333336,3.859076044833333,2.166047912333333,2.2313711763333335,2.206646666833333,1.7154565334999998,2.1295233693333335,2.048883897,1.9439453094999999,2.0263024021666665,4.358471273166666,4.362388104166667,2.63607453,12.400000000666667,13.507407406666667,26.877777778333332,48.755555556666664,98.25740739999999,77.02962962833334,55.299999998333334,49.75000000166666,28.474074074999997,31.55,26.501851851666668,16.301851853333336,40.39212963000001,9.125158039166667,9.1589549715,10.768770737666667,29.170741449999998,69.15030809000001,36.44144978333333,25.921556355000003,29.94496387166667,20.786030219999997,17.751609051666666,28.985143865,14.634489197499999,25.153264636666666,1189.9799999900001,663.0699999999999,115944.86000000108,208088.73999998008
Confederated Tribes of the Grand Ronde Community of Oregon,0.131,0.19,3.31,1.5762e7,0.11133206421880118,0.16516983945299707,3.3808682339829677,6.484871961505077e6,0.869,0.81,0.8886679357811988,0.834830160547003,0.5077410501072006,0.5060482149960054,0.0009999999999999998,0.3741278652633607,0.31963749275331726,0.43307982020641783,0.38514582882159737,0.0010000000000000009,0.30186771556228537,0.42288027800832795,6.555555556,9.288888889,10.82222222,14.33333333,15.911111109999998,21.04444444,25.77777778,21.34444444,20.92222222,17.22222222,9.155555556,6.6,14.914814809999998,2.842143166,2.128640672,3.224429321,2.262189205,3.9854248340000002,1.988788017,1.599826379,2.734095422,2.63000845,2.140547697,2.628265165,3.03891428,2.600272717,188.4888889,105.7222222,113.2777778,57.788888889999996,46.75555556,13.26666667,2.333333333,3.588888889,7.222222222,42.56666667,58.02222222,174.1666667,67.76666667,169.7131141,78.27195823,63.81198512,40.19149302,27.29634184,11.22107392,4.253527947,7.241623513,11.35206785,31.921896869999998,49.01603762,154.9927982,54.10699319,3.688888889,5.122222222,7.155555556,10.26666667,12.01111111,14.988888889999998,17.92222222,17.37777778,15.3,10.51111111,5.977777778,4.222222222,10.3787037,5.599206293,2.986125323,1.406334874,3.506779149,1.7531717289999997,3.335207806,2.81415075,2.347753063,1.385640646,3.286124026,3.124411056,2.673844506,2.851562435,222.56666669999998,144.4222222,142.8222222,89.33333333,70.64444444,66.87777778,18.16666667,20.71111111,46.05555556,120.93333329999999,203.6777778,253.3888889,116.6333333,103.84198329999998,82.00258804,33.72946701,48.28397766999999,33.79508511,24.02299824,22.71508309,16.21476522,25.47101839,55.11887154,99.68117647999999,108.7163447,54.46611323,160.0,89.15,115944.86000000108,208088.73999998008
"Kaw Nation, Oklahoma",0.12433639518233992,0.19714543058976397,3.070962899283949,656672.8192555879,0.1572025342021524,0.2475822789458459,3.078987237184675,3.812518868809298e6,0.87566360481766,0.802854569410236,0.8427974657978476,0.752417721054154,0.5493242568445542,0.5176446486194827,0.18916852717317545,0.5188569007960361,0.4928710213944383,0.4384815857878812,0.39364080066475143,0.3051784800557644,0.41531873052694734,0.3356202459152568,-1.7021482689134915,0.2926451626410278,6.983673795458903,12.50281747146638,17.32189614405484,23.689604979334412,26.480110396342198,25.54222158358203,21.05297784646974,13.871985124809608,6.157965964469742,-1.3153916644904549,12.573196546995302,2.665217670880405,3.04287010405869,1.61045892238496,1.5593042445907725,1.5721725946347895,1.561889844071737,1.371790621761288,1.8378969916683559,1.6801854739799529,1.3600937363905239,2.91508327659087,3.0937601389925202,2.022560301630282,27.979958014585158,28.728452842379426,65.77198299352911,60.89099453301715,115.57879758188915,124.7832635566508,100.61417261612915,99.87657790980342,73.47318819466861,50.833242756598125,39.03709173853835,30.183913558191225,68.14596969218636,15.595227025951832,18.647070887774042,31.039269358072218,29.216209629601995,66.83108687390992,50.758330701856586,45.29222841363575,45.618483884306094,46.96339205906966,31.23775066453816,31.676774947308914,30.97592696387357,36.987645950531245,2.6055555554999996,4.399999999999999,10.584382177196996,15.530817768049246,20.079351044203495,25.977777779999997,28.405555554999996,28.272222219999996,23.832782269493066,16.772222224999997,9.794444444499996,3.02125328770871,15.77303036317959,2.192049267,2.8467459364999996,1.375409552453774,1.3943296068574083,1.102995816433708,1.5461411084999996,1.4531096855,1.7075719259999997,1.517713316756704,1.3516941894999996,2.0105198664999993,2.7782618706972046,1.7730451788460666,43.32777777999999,47.822222225,86.69999999999999,88.02222221999997,141.86111114999997,149.3777778,106.43333329999997,94.77222222499996,76.67222222499998,73.87222221999998,49.67222222,44.81666666999999,83.61250000499999,25.989375079999995,34.83180871999999,47.60368078999999,40.102691695,81.49107882999998,76.73613896999998,58.851854724999995,64.37513860499998,49.79214945,50.7357575,47.12872787,39.522306015,51.43005902499999,23771.110000000004,13244.979999999967,115944.86000000108,208088.73999998008
"Tule River Indian Tribe of the Tule River Reservation, California",0.15000000000000002,0.22800000000000006,3.2500000000000004,2.2131000000000007e7,0.159,0.239,3.1000000000000005,3.8373e7,0.85,0.7719999999999999,0.841,0.761,0.09177616880372391,0.09177616880372391,0.041714424094491456,0.01992161980853061,0.0009999999999999994,0.20277578997696694,0.20277578997696694,0.038104564251400644,0.040199490131231905,0.06665609297435791,2.5525057963274485,1.630925628776886,5.83433208475923,9.860923844764043,12.649491707319424,14.92739432951846,18.72698412656501,21.629944713723916,16.355145353900483,9.001819154685396,5.759015516313002,0.9485999642552166,9.989756851780097,4.402469439130016,3.0096680688234354,2.6130872971396464,3.9680203857367573,3.6612964149823433,3.090573233723917,2.272132757131621,4.825875739678972,3.39978336635634,1.8895983007961477,4.128747069853934,5.416792923024077,3.5565037497062604,89.03706081723917,118.3846441937239,72.18616015839487,56.71239522174961,71.52479044171749,79.26575708775282,20.68261102269663,30.63830925569824,47.988121987929375,75.82782236447832,192.3390404916533,147.07569109951842,83.47186701093098,82.09573749271269,123.63816634060996,55.32215203138041,51.17513163738363,51.16301302839487,41.62708370969503,14.07798196211878,32.48831116810594,55.41173311823435,60.70443505664526,173.29076526661316,75.54987027820225,68.04536509049758,6.683333332999999,6.2333333335,9.394444443000001,11.799999999999999,15.11111111,20.083333335,23.394444445,22.483333330000004,19.35,14.033333335,7.827777777999999,6.338888889,13.561111110000002,2.9480220075,2.933840869,2.4987617639999997,1.80298728,1.3385208955,1.9098264444999997,1.7257281039999997,1.3665049885,1.10766658,2.577456837,4.2946172465,3.30453975,2.3173727305,111.95000001999999,72.516666665,60.205555555,35.60555556,19.238888885,8.805555556000002,6.1,5.422222222499999,6.411111111500001,14.4,25.522222225,59.505555554999994,35.47361111,72.27791619,50.04293539499999,52.02112069499999,24.408174285,17.73524733,13.001056629,11.140103909999999,9.2517943855,8.6974503345,14.843905955,40.757860429999994,56.6284895,30.900504585,1600.0,891.4999999999999,115944.86000000108,208088.73999998008
"Nottawaseppi Huron Band of the Potawatomi, Michigan",0.098,0.099,2.62,2.616e6,0.143,0.163,2.93,9.514e6,0.902,0.901,0.857,0.837,0.25954208612887264,0.22317233234981873,0.001,0.14092314538707112,0.25954208612887264,0.5176310423319573,0.41850082110762143,0.001,0.4082484959065641,0.5080129415944554,-4.966666667,-4.844444444,1.433333333,7.833333332999999,13.45555556,18.83333333,21.71111111,21.17777778,16.5,9.455555556,3.655555556,-3.566666667,8.389814815,2.734501783,4.148828483,3.1260998059999996,3.3559648389999994,2.530371075,2.665051594,1.572771792,1.956896636,1.647725705,2.406819016,1.739332567,2.53968502,2.53533736,49.377777779999995,44.8,47.033333330000005,67.25555556,89.78888889,105.99999999999999,96.02222222,75.95555556,92.85555556,80.48888889,76.53333333,58.66666666999999,73.73148148,26.107220159999997,19.93157043,23.63133513,21.49861107,50.6077179,45.1221398,20.3983319,33.24594378,28.5241613,36.76072784,32.0049215,29.09029048,30.576914270000003,-1.655555556,1.722222222,3.088888889,9.777777777999999,15.2,20.06666667,23.14444444,22.5,17.8,11.94444444,4.777777778000001,-3.2,10.430555559999998,6.019574551,6.374711322,2.489701008,1.923393991,1.497497913,1.783956277,1.271918935,2.316246964,1.207269647,2.101256238,1.810233257,2.718915225,2.626222944,47.32222222,51.04444444,45.43333333,61.87777778,88.65555556,102.1444444,82.4,56.91111111,92.41111111000001,89.63333333,68.82222222,49.477777780000004,69.67777777,29.75860286,29.45306058,24.48499541,30.81703173,57.50884956,47.14154514,51.00762198,51.37147663,50.25677677,71.24006948,45.019073119999995,24.02154126,42.67338704,91.97,51.25,115944.86000000108,208088.73999998008
"Crow Creek Sioux Tribe of the Crow Creek Reservation, South Dakota",0.09434982589844565,0.1447256987310446,3.109071084219602,940713.3622335733,0.16571537551179194,0.24391439539265328,3.2220093056641392,396722.3200806687,0.9056501741015544,0.8552743012689554,0.8342846244882081,0.7560856046073468,0.6061648360013554,0.47913415025901873,0.0010000043544325541,0.5161139281042689,0.5799138679291952,0.3027186178074835,0.28722905703184914,0.0009815805252562783,0.2699282845130425,0.14160428392115101,-7.210065146565145,-5.37786825914723,2.743764024554071,9.537086499793155,15.102953310983708,21.05885993512377,23.179229099576535,22.16025334605212,17.55959102404559,10.206659427625404,1.8899384727439732,-6.8251900108983685,8.668767643895764,2.6956630279957645,3.007758298770356,2.049086196018892,2.038542952674918,1.4347472294856682,1.5863864520983713,1.0172837159488595,1.438530500269706,1.7640549673185653,1.7776816335996737,3.2821510933661218,3.8530415995162843,2.1620773055146563,18.465939195840384,16.246380745869708,46.208693449182405,64.73268548565794,104.78857039033221,126.25246106641688,97.06604777828984,108.35280854662211,91.24879841734523,48.856293883573294,39.00903004058304,27.19382917148858,65.70179484829313,10.119192903216932,12.452755946342997,27.821297195833864,35.11551499173938,41.82556182359935,62.37666307538437,51.094648012534186,47.83613626358957,55.87834175311397,23.181182014371334,27.776748166622152,22.398589959273608,34.82305267397394,-6.566666666666667,-2.4148148149999997,2.285185185,9.555555555333333,14.381481483333333,20.36296296333333,23.95925926,22.570370369999996,17.28148148,10.859259256666665,1.2851851853333331,-5.307407407333333,9.020987653999999,3.3076588689999995,4.948760395666667,2.0054453199999998,2.5729091469999994,2.112042521,1.8636933439999999,1.546672117333333,1.7377205296666667,2.172806468333333,2.1679526549999997,4.673668561666666,6.253856305333333,2.9469321863333335,11.277777780666666,9.674074073666667,29.01851851666666,52.144444443333335,101.8,89.82222222,62.85925925999999,60.28888888666667,46.00000000333333,41.492592593333335,21.15555555333333,12.785185183333331,44.85987654333333,7.359926999999999,5.945773999999999,19.099993723333334,32.433189213333335,62.82647677666666,52.08546109333333,32.61673233,25.142487589999998,32.98299786,33.57728779,21.35205832333333,6.140285981999999,27.630222643333333,5893.789999989998,3284.020000000002,115944.86000000108,208088.73999998008
"Forest County Potawatomi Community, Wisconsin",0.098,0.099,2.62,2.616e6,0.11961210481409663,0.2124109741534982,2.91134563620483,542266.0052449981,0.902,0.901,0.8803878951859033,0.7875890258465018,0.25954208612887264,0.22317233234981873,0.001,0.14092314538707112,0.25954208612887264,0.42304623324351415,0.40664666941360283,0.0009999999999999992,0.23357758096922562,0.3800370771844414,-4.966666667,-4.844444444,1.433333333,7.833333332999999,13.45555556,18.83333333,21.71111111,21.17777778,16.5,9.455555556,3.655555556,-3.566666667,8.389814815,2.734501783,4.148828483,3.1260998059999996,3.3559648389999994,2.530371075,2.665051594,1.572771792,1.956896636,1.647725705,2.406819016,1.739332567,2.53968502,2.53533736,49.377777779999995,44.8,47.033333330000005,67.25555556,89.78888889,105.99999999999999,96.02222222,75.95555556,92.85555556,80.48888889,76.53333333,58.66666666999999,73.73148148,26.107220159999997,19.93157043,23.63133513,21.49861107,50.6077179,45.1221398,20.3983319,33.24594378,28.5241613,36.76072784,32.0049215,29.09029048,30.576914270000003,-9.155555555,-9.061111111,-2.24166666675,5.313888889,12.1527777775,16.919444445000003,19.544444442499998,18.841666664999998,13.391666667500001,7.11111111125,-0.15000000000000002,-8.188888889,5.373148148,2.84075310825,2.948762864500001,2.54412490075,2.1121535355,1.6667907112499998,1.9111733314999997,1.5074899572499998,1.4329059025000002,2.19138964825,1.7898948887500001,3.3140592234999997,4.9272680090000005,2.4322305067499994,28.469444445000004,20.555555554999998,37.788888892500005,55.099999999999994,77.05833333500001,112.411111125,100.21666667749999,110.855555575,120.33888887499998,75.275,60.416666665,50.11944444499999,70.7171296325,21.563096260000002,14.753351956000001,19.45199719,22.7847429475,30.281425592500003,44.9792005475,42.32939140249999,41.75196205500001,45.766332184999996,37.4612077825,37.19859757,36.347233700000004,32.88904493249999,91.97,51.25,115944.86000000108,208088.73999998008
"Sokaogon Chippewa Community, Wisconsin",0.13490901198570504,0.1866088216873306,3.041628171507166,1.6467936454854866e6,0.12,0.213,2.91,531000.0,0.865090988014295,0.8133911783126694,0.88,0.787,0.3997323706398287,0.37421987302531495,0.0010000000000000026,0.2643937979998277,0.379025778452304,0.4513938957380169,0.4228495501203706,0.0009999999999999998,0.2710637216160781,0.3339795733378038,-7.418896784686258,-7.5611815002807825,-0.6091500823442451,6.11225188438926,12.492285495631476,17.446136124171826,20.22212585978479,19.608715538965015,14.683020347858779,8.09885870722891,1.5863489020564832,-6.222804556749218,6.53647582803005,2.473679606676158,2.8139312778809153,2.4464357195821362,1.8827177680011022,1.412153151542108,1.9359632363120154,1.3076685773230248,1.3785953438335656,1.6892688063909822,1.6970667346640436,2.4048176999091737,3.7461810792018246,2.0990399168633536,42.46780224616043,29.538157983110317,39.28530812821569,61.54378133120194,77.53974758572704,101.9598248857817,84.07166715871479,98.24095952450274,105.03267229597863,71.05606464432346,71.94553378976816,49.96202954754258,69.3869624273072,16.863285699459595,16.994986216443888,22.980034604238313,22.510045867907184,28.25642271477615,47.122404336173624,28.48998264721461,32.83938100646886,41.360401035368895,28.772887463372452,32.29148524391107,20.951760065024892,28.286089742436904,-10.5472222225,-9.3166666655,-1.5083333332500002,5.2055555555,11.594444445,17.175000002500003,19.355555555,18.627777777499997,13.619444445,6.375,-0.8305555557500001,-6.8416666665,5.242361111500001,1.789696662,3.213995825,3.871922763,2.1587269934999997,1.3638728980000001,2.74129563825,1.6599574025,1.9718180490000001,3.5846219809999997,2.069961616,3.8881334489999997,11.38863948275,3.30855356325,29.625,17.005555554999997,34.077777774999994,65.3694444425,79.22222222250001,112.38333335,112.975,133.11944445,112.6972222,71.83055555499999,56.1722222225,42.3916666675,72.23912037,32.228197605,11.631409757499998,19.7574174675,40.442780392500005,30.198826025000002,45.393459039999996,43.550655,71.12148568250001,60.83124342,38.45245705,43.5312098025,34.3873473675,39.29387404999999,90651.84999999002,50510.260000000424,115944.86000000108,208088.73999998008
Tuolumne Band of Me-Wuk Indians of the Tuolumne Rancheria of California,0.15000000000000002,0.22800000000000006,3.2500000000000004,2.2131000000000007e7,0.128,0.187,4.06,4.759e6,0.85,0.7719999999999999,0.872,0.813,0.09177616880372391,0.09177616880372391,0.041714424094491456,0.01992161980853061,0.0009999999999999994,0.5377345077081908,0.5377345077081908,0.30949566319423844,0.23041394216671118,0.33987450503981087,2.5525057963274485,1.630925628776886,5.83433208475923,9.860923844764043,12.649491707319424,14.92739432951846,18.72698412656501,21.629944713723916,16.355145353900483,9.001819154685396,5.759015516313002,0.9485999642552166,9.989756851780097,4.402469439130016,3.0096680688234354,2.6130872971396464,3.9680203857367573,3.6612964149823433,3.090573233723917,2.272132757131621,4.825875739678972,3.39978336635634,1.8895983007961477,4.128747069853934,5.416792923024077,3.5565037497062604,89.03706081723917,118.3846441937239,72.18616015839487,56.71239522174961,71.52479044171749,79.26575708775282,20.68261102269663,30.63830925569824,47.988121987929375,75.82782236447832,192.3390404916533,147.07569109951842,83.47186701093098,82.09573749271269,123.63816634060996,55.32215203138041,51.17513163738363,51.16301302839487,41.62708370969503,14.07798196211878,32.48831116810594,55.41173311823435,60.70443505664526,173.29076526661316,75.54987027820225,68.04536509049758,5.477777778,6.977777778,9.733333333,12.75555556,16.37777778,20.42222222,24.55555556,24.11111111,20.56666667,15.322222220000002,8.522222222,4.933333333,14.146296300000001,1.927289403,3.4679885299999995,1.656049516,1.887532193,1.482209312,3.206157271,2.452096609,1.15048299,1.226784415,2.086131454,3.1708743969999995,4.007804885,2.310116748,172.8111111,106.6,95.12222222,63.91111111,38.65555556,6.677777778,13.08888889,8.655555556,6.955555555999999,32.06666667,49.16666667,103.75555559999998,58.12222223,122.77680400000001,90.23666106,90.2227906,38.81244789,24.854381460000003,5.649287074,23.83948639,15.655519080000001,8.300468528,41.77286799,57.22575906,89.42564105,50.73100951999999,1600.0,891.4999999999999,115944.86000000108,208088.73999998008
Shakopee Mdewakanton Sioux Community of Minnesota,0.08285879474173834,0.13686593756042503,3.031391753350175,1.5057072842813719e6,0.049,0.087,3.24,3.888e6,0.9171412052582617,0.8631340624395749,0.951,0.913,0.6591232352389765,0.5552039719000068,0.0010000008989651556,0.6140340738342709,0.6032245237594006,0.717306784900286,0.593178343387606,0.0009999999999999998,0.586161300575571,0.7085450008077256,-9.200019153645155,-7.620853816873019,1.0420885740107266,8.431007966358182,14.465377002236476,20.046997524301887,22.304895472474644,21.163765988485633,16.3427901572285,8.906546922309856,0.42673462580214555,-8.69519249183504,7.301178230975806,2.6814966943080543,2.8688855542897995,2.2167773120764886,2.3108632986001436,1.4902642743314207,1.6781989060870237,0.9450821154391256,1.4907314139782304,1.7454312505078882,1.9912028747102728,3.2093813331440373,3.96819964564841,2.2163762227580293,19.139063753520396,15.92686940940753,43.45368348529083,58.05576411459234,96.16069434904517,123.59201940189247,95.8980066272062,104.29563373613938,90.07642214279785,51.61067483855273,41.58833769600909,27.675971680632713,63.95609510351276,10.676813035999821,10.031279470184076,26.455516322485483,28.712752067448164,34.080078717873974,46.20916226113519,40.566072476531964,42.770231061845834,52.141984895779885,20.06147288664945,32.00915653487713,20.31426122000653,30.33573174515162,-8.955555556,-6.522222222,1.888888889,8.555555556,14.47777778,20.35555556,22.26666667,21.66666667,17.11111111,9.166666667,1.177777778,-6.622222222,7.880555557,2.549073906,3.111180555,2.862885103,3.133732244,2.438635775,2.342066988,1.225765067,1.78465683,1.606583677,2.8974126389999997,2.761239657,6.984407236,2.80813664,37.41111111,13.33333333,44.65555556,66.65555556,80.34444444,123.8333333,111.6111111,109.6333333,95.21111111,63.31111111,52.422222219999995,43.98888889,70.20092592,65.63340317,8.649566462999998,31.52503414,47.82538842,17.88009446,46.58229277,44.60385198,32.75297696,58.49505202,30.89621516,61.19778954,47.09648194,41.09484559,32005.34999999,17833.099999999973,115944.86000000108,208088.73999998008
"Spirit Lake Tribe, North Dakota",0.08000000000000002,0.142,3.2,568000.0,0.13897302415023968,0.24435226395797585,3.1779643009294856,466913.5038488432,0.9199999999999999,0.858,0.8610269758497603,0.7556477360420242,0.3277156589537885,0.20866062138185446,0.0010000146494796905,0.14926607450980275,0.30699653359999207,0.40906575911393095,0.3706741718371754,0.0009997879668801324,0.3683904025703518,0.24344350511391885,-8.786260575107612,-7.166914833620305,1.5113592779461924,8.803869148297462,14.543948109411163,20.378274110588823,22.466418503076138,21.425843201025373,16.693254368538067,9.363293852269033,1.1891370559461927,-8.501737168645683,7.660040421283246,2.3938008279664964,2.8484405252842633,2.3718653308152278,2.177122612321827,1.3036655832284259,1.6668722340761417,0.925920326601015,1.4933625651685274,1.5203395156862942,2.1677093387512687,2.894700059153299,3.61001112053198,2.114484169771573,20.600789622030447,16.819232937411165,45.57696559331979,59.32883248645683,93.4858206422538,132.04671175807104,94.92939650196956,128.16366611634515,103.63773268984768,51.531302876243636,45.29670615173603,30.662233504913694,68.50661590881217,8.424436577634514,10.913996611908626,25.108199781421312,29.741877546111667,26.170062259421314,61.87687833713705,53.125493312243655,52.88595263566496,70.23947240598982,28.023818981370553,30.07486799826395,18.395780488832482,34.5817364084467,-11.005555555,-7.761111110999999,-0.4916666665,6.327777777750001,13.9444444425,19.080555555000004,20.26111111,20.733333335,14.474999997500001,8.8277777775,-2.84166666675,-10.13888889,5.950925925499999,6.38400334725,7.3346823345,5.400375026,2.3215844760000004,3.72580492925,4.357898787000001,1.5491449215000002,4.346046164250001,3.2390202709999993,5.395209492749999,4.559245315999999,8.243921678249999,4.738078062000001,12.5,15.175000000000002,23.533333335,20.222222220000003,83.72222222250001,92.69166666500001,56.586111110000004,77.7222222225,49.066666665,39.316666665,28.305555555,13.67222222,42.70949074,7.733660249499999,9.5925864505,14.896225787499999,12.3300529925,44.660067274999996,59.12785606,34.1531980575,32.971007817499995,35.278865345,20.261639619999997,22.388445895,5.346240526500001,24.894987175,1189.9799999900001,663.0699999999999,115944.86000000108,208088.73999998008
Pawnee Nation of Oklahoma,0.12207673766721076,0.18382734024877576,3.0512590387234746,417131.8805913589,0.14618498391402254,0.22125169480744056,3.1419843362500144,8.110567148906778e6,0.8779232623327893,0.8161726597512242,0.8538150160859774,0.7787483051925594,0.5892783530629508,0.48059270321218545,0.00948274211641037,0.5753613939745953,0.4482034776134824,0.3509756475607116,0.29967939495812224,0.21647949002961017,0.2996911971043153,0.30502359659839334,-3.382189542470589,-1.3210784314264707,4.920588235455882,10.579901962500001,15.466013070147058,22.196241829558826,24.772385616470586,23.901633984705878,19.25898692588235,11.801633985882352,3.735947712367647,-2.9398692810588236,10.749183004852942,2.0780595835147055,3.024282087382353,1.5606100358235295,1.6705329836764706,1.7555818384411765,1.3575699925882352,1.148570680514706,1.5187122065441176,1.7800391800441175,1.52313171,3.311761990970588,2.95822991425,1.9739235171911766,16.722875815882354,15.058496732500002,47.80261438352941,55.38464052455882,112.0539215514706,99.15718953838235,79.98905228808823,62.51715686338236,52.680392159117645,35.14150326352941,25.397058820735293,16.73529411647059,51.553349673235296,8.970901235367648,9.977939394338236,22.35689638014706,33.64325453794118,48.44650886897058,56.55534857102941,33.15316637073529,36.36386840911765,33.572999304117644,20.668435981911767,21.688988401617646,20.60553688,28.833653695000002,3.2555555556666667,4.955555555666667,10.933333333333334,15.811111109999999,20.21111111,25.829629629999996,28.277777776666664,28.30370370333333,23.999999999999996,16.825925926666667,10.248148150666667,3.574074074,16.01882716,2.167480880333333,2.724503491666666,1.3075229226666667,1.2983824066666667,1.0323844679999998,1.6181831973333332,1.473044822,1.6571298746666665,1.5030631786666666,1.2305785623333332,2.084679250666667,2.910918936333333,1.750655999333333,50.80740740999999,56.411111113333334,101.90000001,104.62222221333333,163.87407409999994,160.74814813333333,108.59259259999999,81.70000000333333,93.88888888333332,78.83703703666667,60.44074074,50.074074073333335,92.65802469333332,29.986394790000002,43.82995788666666,50.35319568333333,46.50902601333333,86.67694622333333,80.35836953666666,65.94426095,55.90027846333333,50.77729341333333,55.81000703333333,53.49869219666667,47.462556479999996,55.59224822333333,320.0,178.3,115944.86000000108,208088.73999998008
"Grand Traverse Band of Ottawa and Chippewa Indians, Michigan",0.13490901198570504,0.1866088216873306,3.041628171507166,1.6467936454854866e6,0.091,0.095,6.96,2.32e6,0.865090988014295,0.8133911783126694,0.909,0.905,0.3997323706398287,0.37421987302531495,0.0010000000000000026,0.2643937979998277,0.379025778452304,0.25789386336067727,0.24160597605904527,0.001,0.16259324614054718,0.25268525697318245,-7.418896784686258,-7.5611815002807825,-0.6091500823442451,6.11225188438926,12.492285495631476,17.446136124171826,20.22212585978479,19.608715538965015,14.683020347858779,8.09885870722891,1.5863489020564832,-6.222804556749218,6.53647582803005,2.473679606676158,2.8139312778809153,2.4464357195821362,1.8827177680011022,1.412153151542108,1.9359632363120154,1.3076685773230248,1.3785953438335656,1.6892688063909822,1.6970667346640436,2.4048176999091737,3.7461810792018246,2.0990399168633536,42.46780224616043,29.538157983110317,39.28530812821569,61.54378133120194,77.53974758572704,101.9598248857817,84.07166715871479,98.24095952450274,105.03267229597863,71.05606464432346,71.94553378976816,49.96202954754258,69.3869624273072,16.863285699459595,16.994986216443888,22.980034604238313,22.510045867907184,28.25642271477615,47.122404336173624,28.48998264721461,32.83938100646886,41.360401035368895,28.772887463372452,32.29148524391107,20.951760065024892,28.286089742436904,-6.96667,-7.51111,-0.65556,4.36667,12.23333,17.22222,19.9,19.63333,14.86667,8.57778,2.21111,-5.28889,6.54907,2.74388,2.57226,2.19905,4.1644,1.22656,2.05252,1.37921,1.32162,1.83666,1.52153,2.39372,4.01122,2.28522,50.73333,33.53333,38.51111,58.06667,71.47778,94.66667,85.84444,78.31111,96.12222,69.77778,80.42222,63.7,68.43056,12.52136,17.89792,17.81588,22.62339,18.97968,54.60191,16.71055,16.507,24.53686,26.511,34.27979,21.29136,23.68972,90651.84999999002,50510.260000000424,115944.86000000108,208088.73999998008
"Sault Ste. Marie Tribe of Chippewa Indians, Michigan",0.13490901198570504,0.1866088216873306,3.041628171507166,1.6467936454854866e6,0.162,0.208,2.99,3.1e6,0.865090988014295,0.8133911783126694,0.838,0.792,0.3997323706398287,0.37421987302531495,0.0010000000000000026,0.2643937979998277,0.379025778452304,0.3759572959231426,0.3710199072982709,0.001,0.23574053768295786,0.3020265993972115,-7.418896784686258,-7.5611815002807825,-0.6091500823442451,6.11225188438926,12.492285495631476,17.446136124171826,20.22212585978479,19.608715538965015,14.683020347858779,8.09885870722891,1.5863489020564832,-6.222804556749218,6.53647582803005,2.473679606676158,2.8139312778809153,2.4464357195821362,1.8827177680011022,1.412153151542108,1.9359632363120154,1.3076685773230248,1.3785953438335656,1.6892688063909822,1.6970667346640436,2.4048176999091737,3.7461810792018246,2.0990399168633536,42.46780224616043,29.538157983110317,39.28530812821569,61.54378133120194,77.53974758572704,101.9598248857817,84.07166715871479,98.24095952450274,105.03267229597863,71.05606464432346,71.94553378976816,49.96202954754258,69.3869624273072,16.863285699459595,16.994986216443888,22.980034604238313,22.510045867907184,28.25642271477615,47.122404336173624,28.48998264721461,32.83938100646886,41.360401035368895,28.772887463372452,32.29148524391107,20.951760065024892,28.286089742436904,-8.12222,-9.08889,-2.2,4.53333,10.85556,15.26667,18.66667,18.65556,13.88889,7.44444,1.65556,-6.24444,5.44259,2.59648,3.08561,2.62213,1.84992,1.3175,1.83787,1.48099,0.91179,1.88116,1.73789,2.27015,3.57153,2.09692,63.37778,36.57778,39.41111,62.01111,61.14444,98.53333,64.15556,77.66667,108.62222,83.32222,76.85556,68.22222,69.99167,20.87618,19.03423,21.91572,32.93423,24.43523,48.17309,25.21213,27.50531,41.92872,35.90527,22.54896,31.56559,29.33622,90651.84999999002,50510.260000000424,115944.86000000108,208088.73999998008
