Tribe,Food_Insecurity_Rate_2018_H,Child_Food_Insecurity_Rate_2018_H,Cost_Per_Meal_2018_H,Weighted_Annual_Food_Budget_Shortfall_2018_H,Food_Insecurity_Rate_2018_P,Child_Food_Insecurity_Rate_2018_P,Cost_Per_Meal_2018_P,Weighted_Annual_Food_Budget_Shortfall_2018_P,Food_Security_Rate_2018_H,Child_Food_Security_Rate_2018_H,Food_Security_Rate_2018_P,Child_Food_Security_Rate_2018_P,nccpi3all_H,nccpi3sg_H,nccpi3cot_H,nccpi3soy_H,nccpi3corn_H,nccpi3all_P,nccpi3sg_P,nccpi3cot_P,nccpi3soy_P,nccpi3corn_P,temp_mean_1_H,temp_mean_2_H,temp_mean_3_H,temp_mean_4_H,temp_mean_5_H,temp_mean_6_H,temp_mean_7_H,temp_mean_8_H,temp_mean_9_H,temp_mean_10_H,temp_mean_11_H,temp_mean_12_H,temp_mean_ann_H,temp_std_1_H,temp_std_2_H,temp_std_3_H,temp_std_4_H,temp_std_5_H,temp_std_6_H,temp_std_7_H,temp_std_8_H,temp_std_9_H,temp_std_10_H,temp_std_11_H,temp_std_12_H,temp_std_ann_H,precip_mean_1_H,precip_mean_2_H,precip_mean_3_H,precip_mean_4_H,precip_mean_5_H,precip_mean_6_H,precip_mean_7_H,precip_mean_8_H,precip_mean_9_H,precip_mean_10_H,precip_mean_11_H,precip_mean_12_H,precip_mean_ann_H,precip_std_1_H,precip_std_2_H,precip_std_3_H,precip_std_4_H,precip_std_5_H,precip_std_6_H,precip_std_7_H,precip_std_8_H,precip_std_9_H,precip_std_10_H,precip_std_11_H,precip_std_12_H,precip_std_ann_H,temp_mean_1_P,temp_mean_2_P,temp_mean_3_P,temp_mean_4_P,temp_mean_5_P,temp_mean_6_P,temp_mean_7_P,temp_mean_8_P,temp_mean_9_P,temp_mean_10_P,temp_mean_11_P,temp_mean_12_P,temp_mean_ann_P,temp_std_1_P,temp_std_2_P,temp_std_3_P,temp_std_4_P,temp_std_5_P,temp_std_6_P,temp_std_7_P,temp_std_8_P,temp_std_9_P,temp_std_10_P,temp_std_11_P,temp_std_12_P,temp_std_ann_P,precip_mean_1_P,precip_mean_2_P,precip_mean_3_P,precip_mean_4_P,precip_mean_5_P,precip_mean_6_P,precip_mean_7_P,precip_mean_8_P,precip_mean_9_P,precip_mean_10_P,precip_mean_11_P,precip_mean_12_P,precip_mean_ann_P,precip_std_1_P,precip_std_2_P,precip_std_3_P,precip_std_4_P,precip_std_5_P,precip_std_6_P,precip_std_7_P,precip_std_8_P,precip_std_9_P,precip_std_10_P,precip_std_11_P,precip_std_12_P,precip_std_ann_P,Acres,Endow_Raised_Parcel,Total_Endow,Total_Acres
Chicken Ranch Rancheria of Me-Wuk Indians of California,0.1261219528548257,0.18522465694843096,3.5817207017025012,2.5141038182851363e7,0.128,0.187,4.06,4.759e6,0.8738780471451744,0.8147753430515691,0.872,0.813,0.28511595645340815,0.2828748132664876,0.14725223134173301,0.16647975315764477,0.11608579206429875,0.2568077926642313,0.2568077926642313,0.06874782953009664,0.134914952741341,0.1594615752843868,7.96793258454465,10.031868945260982,11.113672985462157,13.981812086674568,16.720955231704135,20.885718193029366,23.74911975815247,22.90537264172925,20.662215033919583,17.155308808854873,10.39887837538413,7.8003239892093665,15.28109821950177,1.9753630020698534,2.299084593878197,2.398411012740994,2.331191454564737,2.4782126500268413,3.0969953505084487,2.494801027014579,2.4800262481828685,2.327384365215021,2.282549598725643,2.5269825176409166,2.29295873169909,2.4153300460726554,128.50695128497816,89.64666570035234,78.98901923571454,45.667779172521485,25.52914185758953,7.554148562860923,3.750473646390315,4.461656635835467,5.71931597511316,27.123721476370573,44.806451354127624,110.25166876248956,47.66724947224724,98.7363642341682,74.80886203625033,63.300341030551344,31.196244767665824,20.595518789933127,9.181163913716862,6.53156273940383,6.88111580815999,6.812972003251661,30.39647920449744,46.04522441567251,93.84070606683831,40.69387958416093,4.177777778,8.288888889,7.355555556,11.63333333,15.2,19.6,24.21111111,22.96666667,18.15555556,15.24444444,7.155555556,4.588888889,13.21481481,4.248757988,2.190573238,5.430034786,4.92138192,4.55329551,4.7138095,5.032257059,4.097865298,5.343245996,2.533333333,5.556102751,4.606637723,4.435607925,166.4666667,106.6,102.9555556,61.51111111,39.21111111,8.322222222,9.833333333,9.177777778,6.877777778,34.37777778,51.77777778,99.72222222,58.06944445,130.7217943,90.23666106,84.01105747,41.2438615,23.23114528,7.971790542,22.60945599,23.98983002,7.897432776,40.529211,55.91490807,93.40588549,51.81358612,36604.039999999986,32877.999999999905,242203.4700000001,269650.68499999994
"Morongo Band of Mission Indians, California",0.114,0.152,3.4599999999999995,6.72171e8,0.1,0.146,3.15,1.26963e8,0.886,0.848,0.9,0.854,0.161,0.161,0.086,0.122,0.071,0.21381640763785453,0.21381640763785453,0.03561679659212874,0.06542398667425059,0.06108523246624451,9.833333333,10.95555556,10.63333333,13.28888889,14.21111111,17.56666667,18.74444444,19.98888889,17.53333333,16.85555556,11.11111111,9.955555556,14.22314815,2.593260496,2.296252986,3.557386681,1.630524796,2.376680692,2.870975444,2.204603769,2.940427029,1.73781472,2.228290326,1.900950055,2.0396759,2.364736908,145.0444444,121.8222222,86.12222222,37.64444444,17.84444444,5.922222222,2.188888889,0.611111111,2.222222222,12.81111111,24.97777778,62.41111111,43.30185185,142.3638921,114.2495818,81.71318403,25.01779922,13.88426367,9.267790699,2.890261426,1.412837964,3.048679131,14.10243281,37.44582012,93.42462797,44.90176425,6.3944444439999995,6.4444444445,7.288888889000001,10.0888888905,13.105555555,17.294444445,21.672222225,21.333333335,17.88333333,14.405555555,8.7666666665,6.594444444500001,12.606018515,1.2815093290000001,1.2667449815,1.8150614505,1.899541301,2.3843083065,1.6335268455,2.1367565304999996,2.6734370435,1.3546047855,2.38982291,1.8147102625,1.4045884855,1.8378843525,152.90555559999999,123.8277778,75.183333335,39.722222224999996,16.98888889,3.3722222224999996,21.07777778,8.455555555499998,9.105555557,21.916666669999998,33.055555555,38.944444445,45.379629635,149.79689230000002,140.57970685,74.87986280499999,25.924536225,14.217892769999999,4.1398926255,31.678735219999997,11.7264938155,11.845667179999998,29.448482025,62.278660275,70.41149692,52.24402658,160.0,143.71,242203.4700000001,269650.68499999994
"Dry Creek Rancheria Band of Pomo Indians, California",0.1123418734433241,0.15558230138887016,3.7639227297526836,1.9063115880452327e7,0.09,0.118,4.0,3.0681999999999996e7,0.8876581265566759,0.8444176986111298,0.91,0.882,0.34112383913297617,0.33951488909608685,0.11746105078716026,0.10520192216392023,0.1736633744337462,0.1753533463299719,0.17271252871728737,0.0875691808561863,0.044849947050144286,0.11928395921103614,8.20768381816993,10.361941834276507,11.31958538400027,13.571290081753006,16.139832960429523,20.53357196051274,21.9134228195114,22.000262490389236,20.25951379605098,17.151009693310055,10.972718866899587,7.7825115585471085,15.01777877222012,1.920402797077314,2.0983823816059046,2.2553502456971786,2.4827480461253684,1.9349994797438927,2.895573510641611,3.21207055630389,2.959377226779056,3.0975299210354352,2.4426985117675164,1.8885576163613416,2.2986629648335546,2.4571961049124833,150.40688739512473,106.25380462608051,102.58729306577712,47.2565249809342,35.01333631655301,10.336053691658256,2.6411036539248305,1.7525249813744956,5.819677852252077,34.07823415433557,50.08792841198389,134.1617658510684,56.69959458184428,116.21422728875966,94.95598057826044,93.67831512644294,36.94932951708993,30.545677972987914,14.546050665590869,5.2174544453495235,3.142408294723488,7.654257532535028,38.97736414432213,48.19472014568052,131.27206207620662,51.77898731575032,8.433333333,9.111111111,10.9,12.57777778,15.000000000000002,19.5,20.78888889,20.48888889,19.28888889,15.8,10.68888889,7.977777778000001,14.21296296,1.321930407,3.535337482,1.218605761,2.121189394,1.691153453,1.65,1.090234429,0.957136934,1.254436571,2.359025222,1.353185542,1.552238527,1.67537281,237.5777778,151.0666667,137.5666667,59.18888889000001,36.81111111,12.91111111,5.0,6.622222222,8.044444444,38.16666667,57.27777778,181.8444444,77.67314815,201.9105729,116.7436187,126.192264,41.8132588,27.11357798,14.34611833,9.686072475,15.81990659,10.78947532,41.13505196,42.94091225,129.8782229,64.86408768,8001.65,7187.3499999999985,242203.4700000001,269650.68499999994
Redwood Valley or Little River Band of Pomo Indians of the Redwood Valley Rancheria California,0.1123418734433241,0.15558230138887016,3.7639227297526836,1.9063115880452327e7,0.135,0.194,3.53,7.022e6,0.8876581265566759,0.8444176986111298,0.865,0.806,0.34112383913297617,0.33951488909608685,0.11746105078716026,0.10520192216392023,0.1736633744337462,0.4403854479056433,0.44036600254410907,0.21458995852631582,0.23586463244851372,0.2927970301346382,8.20768381816993,10.361941834276507,11.31958538400027,13.571290081753006,16.139832960429523,20.53357196051274,21.9134228195114,22.000262490389236,20.25951379605098,17.151009693310055,10.972718866899587,7.7825115585471085,15.01777877222012,1.920402797077314,2.0983823816059046,2.2553502456971786,2.4827480461253684,1.9349994797438927,2.895573510641611,3.21207055630389,2.959377226779056,3.0975299210354352,2.4426985117675164,1.8885576163613416,2.2986629648335546,2.4571961049124833,150.40688739512473,106.25380462608051,102.58729306577712,47.2565249809342,35.01333631655301,10.336053691658256,2.6411036539248305,1.7525249813744956,5.819677852252077,34.07823415433557,50.08792841198389,134.1617658510684,56.69959458184428,116.21422728875966,94.95598057826044,93.67831512644294,36.94932951708993,30.545677972987914,14.546050665590869,5.2174544453495235,3.142408294723488,7.654257532535028,38.97736414432213,48.19472014568052,131.27206207620662,51.77898731575032,7.933333333,8.677777778,9.655555556,11.64444444,14.5,18.34444444,20.544444440000003,20.57777778,18.58888889,14.78888889,9.6,7.633333333,13.540740740000002,1.393735986,3.097490023,2.13548069,1.387543793,1.70513929,2.78438104,0.719567771,2.6413906270000003,1.90292173,1.923177348,1.523975065,1.68597153,1.908397908,215.8,143.5555556,138.7444444,64.95555556,49.66666667,19.38888889,9.411111111,5.366666667,12.37777778,48.14444444,70.59999999999998,211.6444444,82.47129629,174.60551970000003,111.0239514,140.4865306,45.4295364,37.89930738,20.93504505,18.884282120000005,9.853933225,17.36381135,44.75301976,57.33319283,185.5163814,72.0070426,8001.65,7187.3499999999985,242203.4700000001,269650.68499999994
"Soboba Band of Luiseno Indians, California",0.114,0.152,3.4599999999999995,6.72171e8,0.1,0.146,3.15,1.2696299999999999e8,0.886,0.848,0.9,0.854,0.161,0.161,0.086,0.122,0.071,0.2301737465323704,0.20476498913406158,0.17300630271392772,0.13785809877739427,0.0634504086991562,9.833333333,10.95555556,10.63333333,13.28888889,14.21111111,17.56666667,18.74444444,19.98888889,17.53333333,16.85555556,11.11111111,9.955555556,14.22314815,2.593260496,2.296252986,3.557386681,1.630524796,2.376680692,2.870975444,2.204603769,2.940427029,1.73781472,2.228290326,1.900950055,2.0396759,2.364736908,145.0444444,121.8222222,86.12222222,37.64444444,17.84444444,5.922222222,2.188888889,0.611111111,2.222222222,12.81111111,24.97777778,62.41111111,43.30185185,142.3638921,114.2495818,81.71318403,25.01779922,13.88426367,9.267790699,2.890261426,1.412837964,3.048679131,14.10243281,37.44582012,93.42462797,44.90176425,6.255555556000001,6.011111111,7.822222222000001,9.611111111,12.56666667,17.82222222,22.55555556,20.75555556,18.48888889,13.633333329999997,8.955555556,6.344444444,12.568518519999998,2.013151206,4.925049351,1.6192419349999998,3.1986108100000004,3.1957002360000004,2.255425557,1.785434899,3.35227949,1.941291094,3.715508041,2.566179607,2.87319992,2.786756012,139.4555556,106.4666667,72.33333333,40.76666667,16.23333333,3.822222222,22.84444444,12.97777778,6.0,20.35555556,28.54444444,36.0,42.15000001,138.2598289,125.78024490000001,59.69872277,21.46066169,15.464879570000003,4.820989986,32.87567912,21.12213163,8.959492173,26.50094862,56.97745412,66.07894899,48.16666521,160.0,143.71,242203.4700000001,269650.68499999994
"Minnesota Chippewa Tribe, Minnesota (Leech Lake Band)",0.09357813587902095,0.16020155567979152,3.041645109326191,2.085016424175068e6,0.11101924624786695,0.2023349899336315,3.0734660545446473,2.0462971160739497e6,0.906421864120979,0.8397984443202084,0.888980753752133,0.7976650100663685,0.4535711658787834,0.4112031200093894,0.0017372191156920583,0.33879225764023796,0.39381856344808064,0.4418278154583395,0.41870544742507376,0.000999982210788848,0.3116068499694932,0.36699695299526924,-11.430087815202752,-10.124322530665278,-1.0701898122980729,6.460964753533546,12.800761966813987,17.814386806193664,20.480629488987,19.5321549267002,14.270121913397624,7.291290964895857,-1.1969219625393814,-10.371457239614218,5.371444288316143,2.5384516559819432,2.5395093252710494,2.646593835880366,2.277283152181155,1.4447225142274596,1.9534260859077974,1.0334359170418268,1.3657488454579045,1.9161735993469604,1.9057271447323494,3.36244655636991,4.225583188966192,2.2674251518670583,22.68652905951932,14.751367012387306,33.93499456744572,43.7193312810715,86.1887696912399,110.35376305067501,102.89406723253809,103.54001901814924,88.45148168262641,66.105124028911,43.279588389011444,26.216808497448405,61.843486959122835,12.886165681110826,5.10034671166242,20.163733672146414,19.88049316873169,46.518361339460874,38.638592477118465,49.169153476315905,34.10788121067901,42.483394972444366,24.027651356376975,25.63765656715919,15.000264485544552,27.801141261003558,-12.030158728571427,-9.344444443571426,-0.3507936508571428,6.1460317459999985,12.887301587142854,18.255555555714285,20.371428571428567,19.66507936571428,15.055555555714283,6.985714285714283,-0.9142857142857139,-10.347619047714284,5.531613756999999,2.6246656589999993,3.956737953999999,4.678823400285713,2.3482650485714283,1.398682727142857,2.7852073924285707,0.8661011159999997,2.0922188051428563,3.5560599309999996,1.9463187685714285,5.040366559142856,5.850744431142856,3.0953493161428565,24.807936507142855,15.374603174285712,32.50634920571428,38.530158731428564,76.28095238142855,103.09682537142855,107.71111112285713,94.17142856999996,75.67301587285712,64.60476190428571,52.41269841142856,26.84761904714285,59.33478835857142,19.104469444285712,5.492642019999998,15.16250371428571,29.341785517142853,49.23969661999999,34.28940501571428,65.11939853714286,44.005712215714276,34.122292229999985,27.620300549999996,34.64889197714285,16.59434525714285,31.22845359142856,12408.450000019999,11145.520000000004,242203.4700000001,269650.68499999994
Flandreau Santee Sioux Tribe of South Dakota,0.07840766325237437,0.12180151820206786,2.99897838671617,980216.8447029571,0.107,0.17,3.11,369000.0,0.9215923367476256,0.8781984817979321,0.893,0.83,0.7473053378407842,0.652747818550418,0.0010000000000000013,0.738451486451236,0.7183085549349465,0.6215867611308554,0.5385886535724088,0.001070406582138625,0.5927764869812757,0.5892292125376664,-7.716227761331643,-5.680594282423742,2.3920527625732997,9.088809088093369,14.855752711204055,20.933497628935356,22.951884708390356,21.794784773350223,17.209881239231095,9.56535699203422,0.9135708584795097,-7.36809839009083,8.245055860816215,2.9270617392623577,2.990327658620616,2.048852738005492,2.13204884215885,1.5166729303527662,1.6762114373312207,1.0179290714545834,1.4275544612310944,1.9036330146607514,1.6548697542015205,3.766250863056611,4.096466769632869,2.263156606753695,14.663160120088717,12.066647888103082,42.37305074341782,64.5709993893916,101.98925502749894,113.13421583299532,94.95341032194754,101.93149791998306,87.81413416147018,44.45982725602027,32.85112894876214,22.313406562547524,61.093394513882515,9.863821408053655,10.395190766081956,24.8999978229869,39.22223827772707,32.23631252261513,55.52932439768905,56.42635832241232,46.41656016917616,57.36383894841993,18.79628009140262,28.2298271637051,15.767480926204893,32.928935900997054,-7.6,-6.1,1.377777778,9.3,14.74444444,20.26666667,23.56666667,21.7,16.02222222,9.7,0.955555556,-8.155555556,7.981481482,4.288647806,3.474550331,2.826118264,2.636759375,1.682342943,1.78605711,2.294558781,1.523154621,2.019144483,2.092247595,4.796642344,4.448907481,2.822427595,12.28888889,37.55555556,46.73333333,58.21111111,98.76666667,130.4222222,89.76666667,97.28888889,96.56666667,56.14444444,36.15555556,38.55555556,66.53796296,9.932326571,82.3413795,45.06656188,30.930908669999997,41.1949026,63.74536802,36.47821268,41.42050955,67.67680548,48.38830208,31.08758237,52.37766965,45.88671075,5261.6,4725.97,242203.4700000001,269650.68499999994
Robinson Rancheria,0.11282849759002654,0.15698066293148463,3.7654713596578926,1.5605132128889604e7,0.157,0.231,3.9200000000000004,6.666e6,0.8871715024099734,0.8430193370685154,0.843,0.769,0.3551296032127686,0.35410179873090397,0.14959403786935518,0.1589037927011401,0.17177062289537315,0.4887370136414907,0.4887370136414907,0.15069343763102852,0.27039525671129266,0.26106455988035304,7.926475406279184,9.955903838543895,10.68477147627307,13.24158881915859,16.140639895788276,20.53925857006109,22.483490503272662,21.906869733404175,20.15177461972639,16.859396998176372,10.34026800062624,7.266615014524366,14.791421073096028,2.174205801144773,2.3335316597168267,2.7002853085774987,2.630060704564746,2.5817859064846607,2.9807112970933702,2.989045072897196,3.2215980914161224,3.0167925493952716,2.6080682172528893,2.4911813656095103,2.6631762116662223,2.6992035155437644,150.19225217899316,107.61597822103467,99.70582193201481,44.35065893340948,36.56326648038782,9.031997757165488,3.150397721404567,3.045170525777795,7.677408833835569,34.666842284255516,50.72080842938632,127.73342188306681,56.20450209827066,120.31623853831708,91.7862581424969,90.71098613085127,34.551523831002754,30.171309121872753,12.115234706118867,5.514157990033475,4.446484106230572,9.394216342998675,37.55169507738875,51.53227996760255,118.28072122256471,50.53092543185282,6.500000000000001,6.688888889,7.922222222,9.722222222,12.4,17.66666667,19.55555556,18.87777778,17.05555556,13.15555556,8.077777778,6.0,11.96851852,1.320984481,3.6491247049999997,1.419311257,1.949857545,1.548386257,3.320391543,0.789162707,0.766122996,1.202197063,2.174345368,1.536861882,1.615549442,1.774357937,237.88888890000004,145.7777778,148.3111111,69.4,56.58888889,20.8,5.255555556,10.97777778,18.78888889,45.81111111,72.76666667,204.6111111,86.41481482,194.383657,115.6938177,124.76985260000001,45.25403297,37.49798143,23.91584203,11.21674096,19.53425055,16.30869741,43.2073907,59.441778240000005,129.0186173,68.35355491,13526.459999989998,12149.810000000018,242203.4700000001,269650.68499999994
"Shoshone-Paiute Tribes of the Duck Valley Reservation, Nevada",0.1123404296187763,0.1321787683455216,3.1330876151506653,1.7699263445543934e7,0.11710919903984733,0.17151605868233047,3.314775178447373,1.9057136008471337e6,0.8876595703812237,0.8678212316544784,0.8828908009601527,0.8284839413176696,0.22886239178494158,0.2195813518696917,0.0016002152976968072,0.1644042391504542,0.06330854874647472,0.1153522550083994,0.10965187900846689,0.001909624041894278,0.06582956514998332,0.03374937696730447,-0.47818644138291744,1.1533442310694726,4.537043091879849,8.764532534630154,12.566012805373505,17.871779503216178,21.97099850119328,20.803818734769088,16.787644735476075,10.88355809833387,3.2936248471197347,-0.9274531172705343,9.768893127344086,2.9977848210220657,3.4569420123939487,3.1242830165422943,2.4216243662014696,3.0901596307858576,2.861691933700038,2.480931893607681,2.756647467755617,2.855190335776049,2.5092839067127066,3.542128699655903,2.9009455249525926,2.916467800765833,46.12471961249282,35.626563139178565,49.651155609803794,40.44529355715158,56.73649366626885,29.035571902268057,31.085401625632187,22.130413658661606,23.155083322334665,27.0033555825909,36.08753575835715,44.48540162452793,36.79724908847566,38.17733019925211,26.829884477588855,28.729716773637076,21.35768290988964,30.02343850937432,18.271177267292593,26.503049431758043,21.20639791059132,16.624372482447473,20.384098975398434,31.491501714303208,40.37603963027377,26.664557523105817,-1.9777777777499999,0.5055555554999999,2.5555555555000002,7.49999999975,10.5638888875,15.4027777775,20.13611111,18.838888889999996,14.255555554999999,8.05555555525,1.02777777775,-3.5916666667499997,7.772685185,3.3851167967499998,5.3590630405,2.9502163805,3.39488905925,3.112886586,3.4846335235000003,1.8407405275,2.681721885,2.88078728775,2.7470276114999996,3.3712369825,3.8285571297499996,3.2530730675000004,41.708333332500004,33.1027777775,35.5194444425,31.547222222499997,43.583333335,22.391666667499997,20.4583333325,12.241666663499998,15.5666666675,28.966666665,30.233333335,52.85277777750001,30.68101852,24.898607117500003,22.483980800000005,17.235456442500002,15.876663590000001,22.7310071975,15.8779411025,25.809017839999996,18.60600371675,17.167607139999998,21.638040765,14.955100932499999,44.686319335,21.830478829999997,5755.49,5169.6399999999985,242203.4700000001,269650.68499999994
"Lovelock Paiute Tribe of the Lovelock Indian Colony, Nevada",0.12872239054116968,0.16300563004049481,3.049307059811024,2.801663052511916e6,0.12200000000000001,0.20900000000000002,3.3999999999999995,467000.0,0.8712776094588304,0.8369943699595052,0.878,0.7909999999999999,0.11936048341099093,0.11918454973719801,0.001440303945216023,0.03574960241670074,0.001,0.08221981568189668,0.03070842206386103,0.05251139361803565,0.017759955870638767,0.001,6.911656005605545,11.078417436695096,12.267424783560767,15.131343285820897,17.793532337953096,22.12361999626867,24.437739871918982,23.881615731577824,21.786235491449897,18.116773277611937,10.934683726324094,7.898412698181238,16.030121221727082,3.8061846737249465,1.4549162057249474,1.8006437528848618,1.476979328541578,1.8674950345031984,1.3697895794904054,1.855460804053305,2.4035681102174844,1.621438098206823,1.4453863836631131,2.1772789151513865,2.8561324060000004,2.0112727740874203,90.30229803731346,62.669462212153526,50.6791755497015,35.8841032946482,18.305614782430702,2.286969912430704,0.9142146413901922,1.997251836066098,2.415043828428572,16.52648661462687,29.087799102281455,58.89436152432836,30.830231779360343,66.6927087402772,44.04544675488273,34.60597897588487,21.853667575820896,15.48067122076546,2.8341680604371007,1.9989951063155653,4.007183532125801,3.297186761319829,19.85567945260128,33.47901634914713,41.79892835187635,24.162469242196167,0.48888888899999994,3.722222222,5.311111111,9.566666667,12.61111111,18.64444444,23.68888889,21.25555556,16.58888889,12.64444444,4.6,0.688888889,10.81759259,2.6035766,3.034706649,1.553580095,1.6970562750000002,1.89238239,2.899185709,2.107394389,2.543182608,1.947077582,3.08994786,2.874021573,2.607893999,2.404167144,19.93333333,16.96666667,31.35555556,21.76666667,37.08888889,14.766666669999998,12.98888889,8.266666667,11.53333333,17.65555556,17.18888889,59.71111111,22.43518519,12.74705848,12.78025821,39.02153608,22.74477962,20.27901899,15.89740545,24.19780178,10.08365013,11.34471242,19.13524961,17.04475318,113.38960979999999,26.55548615,1120.0,1006.0000000000001,242203.4700000001,269650.68499999994
"Las Vegas Tribe of Paiute Indians of the Las Vegas Indian Colony, Nevada",0.12872239054116968,0.16300563004049481,3.049307059811024,2.801663052511916e6,0.128,0.193,3.31,1.53292e8,0.8712776094588304,0.8369943699595052,0.872,0.8069999999999999,0.11936048341099093,0.11918454973719801,0.001440303945216023,0.03574960241670074,0.001,0.015267543798205772,0.015265723323194385,0.0031255000101913216,0.007220182977791581,0.001,6.911656005605545,11.078417436695096,12.267424783560767,15.131343285820897,17.793532337953096,22.12361999626867,24.437739871918982,23.881615731577824,21.786235491449897,18.116773277611937,10.934683726324094,7.898412698181238,16.030121221727082,3.8061846737249465,1.4549162057249474,1.8006437528848618,1.476979328541578,1.8674950345031984,1.3697895794904054,1.855460804053305,2.4035681102174844,1.621438098206823,1.4453863836631131,2.1772789151513865,2.8561324060000004,2.0112727740874203,90.30229803731346,62.669462212153526,50.6791755497015,35.8841032946482,18.305614782430702,2.286969912430704,0.9142146413901922,1.997251836066098,2.415043828428572,16.52648661462687,29.087799102281455,58.89436152432836,30.830231779360343,66.6927087402772,44.04544675488273,34.60597897588487,21.853667575820896,15.48067122076546,2.8341680604371007,1.9989951063155653,4.007183532125801,3.297186761319829,19.85567945260128,33.47901634914713,41.79892835187635,24.162469242196167,5.466666667,9.944444444,11.52222222,14.899999999999999,21.099999999999998,26.91111111,27.34444444,29.32222222,24.5,19.42222222,9.522222222,7.033333333,17.24907407,4.224630161,2.119027555,1.435076459,3.861994303,2.262189205,2.452776205,6.668416437,3.551329954,2.235508891,2.889540525,4.226930854,4.563441684,3.3742385189999995,40.8,35.92222222,14.03333333,11.92222222,29.6,5.733333333,17.63333333,9.888888889,9.655555556,15.477777779999998,6.488888889,16.5,17.80462963,35.91416851,34.16605691,12.08242525,14.56208929,59.09496594,11.578860049999998,15.89315891,12.549944669999999,11.376083589999999,16.30673004,10.91357463,28.46489065,21.90857904,1120.0,1006.0000000000001,242203.4700000001,269650.68499999994
Confederated Salish and Kootenai Tribes of the Flathead Reservation,0.11386678701889803,0.17636220489109108,3.2742212314044377,2.509640329256988e6,0.13127708110970598,0.22455450921813946,3.2489747852555713,2.1196834215489314e6,0.8861332129811019,0.8236377951089089,0.8687229188902941,0.7754454907818605,0.1778288981960449,0.1666695194606077,0.0009905500247910106,0.07904463566523824,0.02226979976020544,0.20289262261793264,0.2009288107065241,0.0012815351792991455,0.10865325221967688,0.07131920338200715,-4.409449636502181,-1.9062305296735202,1.6456905503370713,6.091872620289723,10.251789546819314,15.140470750205603,19.81404638325857,17.91577708614954,13.274544825526476,7.863606784256074,-0.6169331948573211,-4.8391069573894105,6.685506519072276,3.215384155563242,2.291783787064797,2.4331979471096576,1.920748752750779,2.0665177323489097,2.0273662219327107,2.7303903292479745,2.395885061836137,2.90247565285919,2.3832050112143297,3.652205089198753,2.967213723090343,2.5821977886760132,49.93010038171339,13.048902734738322,21.810411907651098,27.98437521727726,75.94271374206856,63.36831429547666,27.892675666697816,28.713402560286607,35.67419868385048,30.806209760903442,23.55936310062929,18.589740395570093,34.77670070452959,103.70583847801495,8.98983176681371,10.473124385151403,14.410649350072905,39.90624176780063,39.33730121629907,23.323526733750786,24.124415013277257,24.05275259029906,16.41201731884112,11.255902954486604,14.717944086827416,27.559128804940812,-5.214814814666666,-0.6907407408333333,1.4444444443333333,7.481481480833333,10.529629629666667,14.566666668333331,19.45555555833333,17.17222222166666,12.670370371666666,7.485185185333332,-0.12037037033333332,-4.570370370666666,6.684104938666666,2.685750355833333,4.062826756333333,1.7872202411666662,3.3808578723333333,2.7367723986666657,3.7182051935,3.338343316333333,2.9098020866666663,2.5115704075,4.3927615651666665,5.5444490838333325,4.702636699666666,3.4809329979999992,31.801851851666665,25.86111111,25.866666666666664,33.06296296166666,76.88888888833331,62.91481481333332,33.096296295,43.555555556666654,38.74999999999999,42.48703703833333,41.57962962833332,39.89999999833332,41.31373457,17.151896426166665,18.003031833666665,9.214744735833333,13.967119791666667,46.498644774999995,31.242396523333333,27.370327985,34.76522551333333,25.532693588333327,23.1718856,26.51147096033333,25.67860711666666,24.925670406666665,3360.46,3018.4999999999986,242203.4700000001,269650.68499999994
"Paiute Indian Tribe of Utah (Cedar Band of Paiutes, Kanosh Band of Paiutes, Koosharem Band of Paiutes, Indian Peaks Band of Paiutes, and Shivwits Band of Paiutes)",0.12872239054116968,0.16300563004049481,3.049307059811024,2.801663052511916e6,0.13006257016805794,0.1645254424979167,3.1629031112137342,9.783015272642368e6,0.8712776094588304,0.8369943699595052,0.869937429831942,0.8354745575020833,0.11936048341099093,0.11918454973719801,0.001440303945216023,0.03574960241670074,0.001,0.06589223102259233,0.06521885992669375,0.0070551214307464204,0.028722557426555623,0.007453784027833911,6.911656005605545,11.078417436695096,12.267424783560767,15.131343285820897,17.793532337953096,22.12361999626867,24.437739871918982,23.881615731577824,21.786235491449897,18.116773277611937,10.934683726324094,7.898412698181238,16.030121221727082,3.8061846737249465,1.4549162057249474,1.8006437528848618,1.476979328541578,1.8674950345031984,1.3697895794904054,1.855460804053305,2.4035681102174844,1.621438098206823,1.4453863836631131,2.1772789151513865,2.8561324060000004,2.0112727740874203,90.30229803731346,62.669462212153526,50.6791755497015,35.8841032946482,18.305614782430702,2.286969912430704,0.9142146413901922,1.997251836066098,2.415043828428572,16.52648661462687,29.087799102281455,58.89436152432836,30.830231779360343,66.6927087402772,44.04544675488273,34.60597897588487,21.853667575820896,15.48067122076546,2.8341680604371007,1.9989951063155653,4.007183532125801,3.297186761319829,19.85567945260128,33.47901634914713,41.79892835187635,24.162469242196167,-1.3333333329999997,1.5533333332,2.6666666667999994,6.7644444444,11.302222222000001,16.744444444,21.704444444,20.266666668,15.182222222,9.460000000199999,3.1222222219999995,-1.22,8.8511111116,2.5796658709999996,3.8720265501999998,2.7326724091999997,2.0202079736,3.0284989292,2.4272095034,2.746220545,3.0974607164,3.0166065396,1.7470247155999998,4.001134620599999,3.4485934031999994,2.8931101482000003,37.224444444,43.34888889,38.97777778,37.451111112,35.431111109999996,29.56222222,23.733333333999997,30.933333332000004,28.953333331999996,38.12222222199999,32.273333332,22.188888891999998,33.183333336,24.080867542,38.890910334,23.971239358,28.953573902,28.085154003999996,28.214344501999996,23.957384284,22.113722818,27.209478031999996,25.218003603999996,46.122817374,21.604000278,28.201791336,1120.0,1006.0000000000001,242203.4700000001,269650.68499999994
"Santa Rosa Band of Cahuilla Indians, California",0.114,0.152,3.4599999999999995,6.72171e8,0.1,0.146,3.1500000000000004,1.26963e8,0.886,0.848,0.9,0.854,0.161,0.161,0.086,0.122,0.071,0.23504570702592256,0.23504570702592256,0.022024748475734893,0.08901100225964974,0.08579227657200894,9.833333333,10.95555556,10.63333333,13.28888889,14.21111111,17.56666667,18.74444444,19.98888889,17.53333333,16.85555556,11.11111111,9.955555556,14.22314815,2.593260496,2.296252986,3.557386681,1.630524796,2.376680692,2.870975444,2.204603769,2.940427029,1.73781472,2.228290326,1.900950055,2.0396759,2.364736908,145.0444444,121.8222222,86.12222222,37.64444444,17.84444444,5.922222222,2.188888889,0.611111111,2.222222222,12.81111111,24.97777778,62.41111111,43.30185185,142.3638921,114.2495818,81.71318403,25.01779922,13.88426367,9.267790699,2.890261426,1.412837964,3.048679131,14.10243281,37.44582012,93.42462797,44.90176425,8.733333333000001,8.5555555535,10.661111108999998,12.91666667,15.850000000000003,20.83333333,25.144444445,23.883333330000003,21.300000000000004,16.150000000000002,11.0333333315,8.961111111,15.335185184999998,1.6422880825000001,4.450126623,2.433622416,3.383160453,3.421315142,3.7804780575000003,4.15371646,3.7619175125,3.127823212,3.8497717910000007,3.1851790080000004,2.1993339179999998,3.2823943895000003,92.794444435,71.627777765,41.71111111,20.438888889999998,10.283333334,1.483333333,12.844444445,11.383333334500001,6.8277777775,15.788888885,26.249999999999996,28.544444445,28.33148148,94.44603714,88.28926528000001,39.47905802499999,14.173739152500001,10.530491667000001,2.161967333,21.449760335000004,21.918234379999998,10.396321968999999,22.032053545,45.09713041,49.212610764999994,34.9322225,160.0,143.71,242203.4700000001,269650.68499999994
Prairie Island Indian Community in the State of Minnesota,0.08345227137133034,0.13274358841646375,2.9829693552279792,1.9298025995847522e6,0.078,0.126,2.94,1.787e6,0.9165477286286696,0.8672564115835363,0.922,0.874,0.6628614167572231,0.5792588455416875,0.0010638563755490963,0.6321259125780151,0.6085319684849959,0.41141266587795633,0.35816602548550946,0.001,0.20911593615487592,0.38152769519799923,-8.975468037436631,-7.131348636262758,1.2462813180076373,8.462528451818352,14.366052695825092,20.17754932307359,22.383453019699186,21.285866908198685,16.50277672748661,8.888281637139102,0.13544149643465137,-8.514593359485914,7.402235128722067,2.9442298695233986,2.910530493062065,2.1828465233764485,2.2551821549711293,1.3986773350088473,1.7514339864088004,0.9356209149617518,1.4540705731814219,1.8776139570043866,1.800222309768615,3.6179617391288112,4.089444598025027,2.268152871297456,15.617485155460754,12.948748120727961,39.94872124375545,55.26432416997515,97.5384584396811,109.3907173683258,96.43440421574212,98.93742031466647,86.44102014923517,46.18817664824183,35.827618615809264,22.525379427015682,59.75520615602171,10.716217054819891,8.837898542896745,26.506968478101896,31.222570934722235,37.169865947163096,47.359478410927565,46.76380207656209,41.848273177155534,59.21235985284989,18.214253179179856,29.088469225788103,16.74131001559812,31.140122240935142,-8.466666667,-4.922222222,1.366666667,9.133333333,14.98888889,20.42222222,22.7,22.02222222,16.13333333,9.677777778,1.277777778,-7.6,8.061111111,2.491485501,4.793166432,2.759075932,2.121320344,1.274209995,1.710100712,0.85732141,1.708638184,1.697056275,2.150452149,2.783782399,4.518296139,2.405408789,28.3,16.43333333,45.36666667,69.93333333,90.53333333,133.1555556,91.91111111,123.4888889,97.83333333,57.5,39.13333333,29.31111111,68.575,30.793099880000003,9.335684228,29.32119541,57.20131117,45.11280306,55.65772882,47.15388225,56.18955518,55.14163581,32.06091858,27.47853708,14.05315307,38.29162538,28579.85999995,25670.599999999966,242203.4700000001,269650.68499999994
"Torres Martinez Desert Cahuilla Indians, California",0.114,0.152,3.4599999999999995,6.72171e8,0.1292169134568103,0.19935253595718105,3.0102693847239648,9.168936922032507e7,0.886,0.848,0.8707830865431897,0.800647464042819,0.161,0.161,0.086,0.122,0.071,0.05705526466523769,0.05559038371402051,0.018937143630638986,0.03703884754545667,0.001204670173407835,9.833333333,10.95555556,10.63333333,13.28888889,14.21111111,17.56666667,18.74444444,19.98888889,17.53333333,16.85555556,11.11111111,9.955555556,14.22314815,2.593260496,2.296252986,3.557386681,1.630524796,2.376680692,2.870975444,2.204603769,2.940427029,1.73781472,2.228290326,1.900950055,2.0396759,2.364736908,145.0444444,121.8222222,86.12222222,37.64444444,17.84444444,5.922222222,2.188888889,0.611111111,2.222222222,12.81111111,24.97777778,62.41111111,43.30185185,142.3638921,114.2495818,81.71318403,25.01779922,13.88426367,9.267790699,2.890261426,1.412837964,3.048679131,14.10243281,37.44582012,93.42462797,44.90176425,11.0666666675,11.783333332500002,14.186111109999999,16.8833333325,20.025,24.9750000025,28.091666667499997,27.955555557500002,25.35277778,19.7999999975,14.27777778,11.313888887500001,18.8092592625,1.3088931152499999,4.249098430999999,2.05069632325,3.7367435055,3.832575822,4.287192188750001,5.471271870500001,4.129544911999999,3.43207031375,3.8041961557499997,2.2751524599999997,1.9797160245,3.3797625935,40.3305555575,27.227777777500002,23.700000000000003,15.7027777775,5.794444444499999,0.9222222219999999,5.52222222225,8.188888889,5.627777777749999,8.11388888875,15.205555555,16.38888889,14.393750000999999,37.48228118750001,35.310027865,26.300770910000004,24.93663383,10.858892693000001,1.475657488,9.08467689825,13.626051767500002,9.12431440025,10.93924953775,25.92120089,23.329520505,19.03243983,160.0,143.71,242203.4700000001,269650.68499999994
"Santee Sioux Nation, Nebraska",0.07840766325237437,0.12180151820206786,2.99897838671617,980216.8447029571,0.12397529083292405,0.18798058565444034,3.0701764940505427,545845.5677057753,0.9215923367476256,0.8781984817979321,0.876024709167076,0.8120194143455597,0.7473053378407842,0.652747818550418,0.0010000000000000013,0.738451486451236,0.7183085549349465,0.4428393953457203,0.38454732337955627,0.001385293635017185,0.4121737207743507,0.3800840552122669,-7.716227761331643,-5.680594282423742,2.3920527625732997,9.088809088093369,14.855752711204055,20.933497628935356,22.951884708390356,21.794784773350223,17.209881239231095,9.56535699203422,0.9135708584795097,-7.36809839009083,8.245055860816215,2.9270617392623577,2.990327658620616,2.048852738005492,2.13204884215885,1.5166729303527662,1.6762114373312207,1.0179290714545834,1.4275544612310944,1.9036330146607514,1.6548697542015205,3.766250863056611,4.096466769632869,2.263156606753695,14.663160120088717,12.066647888103082,42.37305074341782,64.5709993893916,101.98925502749894,113.13421583299532,94.95341032194754,101.93149791998306,87.81413416147018,44.45982725602027,32.85112894876214,22.313406562547524,61.093394513882515,9.863821408053655,10.395190766081956,24.8999978229869,39.22223827772707,32.23631252261513,55.52932439768905,56.42635832241232,46.41656016917616,57.36383894841993,18.79628009140262,28.2298271637051,15.767480926204893,32.928935900997054,-3.1,-0.6333333330000002,3.6555555560000004,12.01111111,16.82222222,22.0,24.42222222,23.98888889,17.46666667,12.93333333,3.011111111,-3.733333333,10.73703704,7.160830957,6.118006210999999,4.950785572,4.198346235,3.355882067,2.032240143,1.794977561,1.755309406,2.530316186,3.863288754,5.553477389,5.844655678,4.09650968,14.83333333,10.56666667,58.188888889999994,71.31111111,86.07777777999999,112.0111111,66.48888889,105.8111111,51.54444444,39.87777778,30.4,22.08888889,55.76666667,13.48601127,8.656211643,47.62770844,46.20893973,32.07903434,60.60471195,36.74375608,71.08629341,34.23145889,19.0076812,21.49581355,36.39795477,35.63546461,5261.6,4725.97,242203.4700000001,269650.68499999994
"Fort Independence Indian Community of Paiute Indians of the Fort Independence Reservation, California",0.12872239054116968,0.16300563004049481,3.049307059811024,2.801663052511916e6,0.105,0.144,3.27,1.052e6,0.8712776094588304,0.8369943699595052,0.895,0.856,0.11936048341099093,0.11918454973719801,0.001440303945216023,0.03574960241670074,0.001,0.07335097989329237,0.05127947354966941,0.05536698682536013,0.021847049245886846,0.001,6.911656005605545,11.078417436695096,12.267424783560767,15.131343285820897,17.793532337953096,22.12361999626867,24.437739871918982,23.881615731577824,21.786235491449897,18.116773277611937,10.934683726324094,7.898412698181238,16.030121221727082,3.8061846737249465,1.4549162057249474,1.8006437528848618,1.476979328541578,1.8674950345031984,1.3697895794904054,1.855460804053305,2.4035681102174844,1.621438098206823,1.4453863836631131,2.1772789151513865,2.8561324060000004,2.0112727740874203,90.30229803731346,62.669462212153526,50.6791755497015,35.8841032946482,18.305614782430702,2.286969912430704,0.9142146413901922,1.997251836066098,2.415043828428572,16.52648661462687,29.087799102281455,58.89436152432836,30.830231779360343,66.6927087402772,44.04544675488273,34.60597897588487,21.853667575820896,15.48067122076546,2.8341680604371007,1.9989951063155653,4.007183532125801,3.297186761319829,19.85567945260128,33.47901634914713,41.79892835187635,24.162469242196167,2.988888889,-0.022222222,4.5,6.355555556,10.14444444,16.02222222,19.233333329999997,18.33333333,16.0,8.8,4.877777778,3.333333333,9.213888888,4.544624419,4.103589215,5.728437832,3.9944058099999995,4.10643127,5.202109615,3.125299986,3.701013375,5.553152258,3.025723054,3.695868564,4.104266073,4.240410123,149.3555556,96.67777778,54.96666667,34.28888889,12.94444444,16.07777778,19.62222222,10.15555556,21.97777778,19.91111111,35.67777778,120.8111111,49.37222223,146.6486457,107.6139138,53.85338894,45.24934929,14.93980515,36.64838938,43.59451737,12.85030263,25.06261049,21.16013022,58.35445094,129.6150111,57.96587625,1120.0,1006.0000000000001,242203.4700000001,269650.68499999994
Bishop Paiute Tribe,0.1123404296187763,0.1321787683455216,3.1330876151506653,1.7699263445543934e7,0.105,0.144,3.27,1.052e6,0.8876595703812237,0.8678212316544784,0.895,0.856,0.22886239178494158,0.2195813518696917,0.0016002152976968072,0.1644042391504542,0.06330854874647472,0.08232097809647239,0.08227562353456645,0.001448617710705673,0.04753067629805779,0.001,-0.47818644138291744,1.1533442310694726,4.537043091879849,8.764532534630154,12.566012805373505,17.871779503216178,21.97099850119328,20.803818734769088,16.787644735476075,10.88355809833387,3.2936248471197347,-0.9274531172705343,9.768893127344086,2.9977848210220657,3.4569420123939487,3.1242830165422943,2.4216243662014696,3.0901596307858576,2.861691933700038,2.480931893607681,2.756647467755617,2.855190335776049,2.5092839067127066,3.542128699655903,2.9009455249525926,2.916467800765833,46.12471961249282,35.626563139178565,49.651155609803794,40.44529355715158,56.73649366626885,29.035571902268057,31.085401625632187,22.130413658661606,23.155083322334665,27.0033555825909,36.08753575835715,44.48540162452793,36.79724908847566,38.17733019925211,26.829884477588855,28.729716773637076,21.35768290988964,30.02343850937432,18.271177267292593,26.503049431758043,21.20639791059132,16.624372482447473,20.384098975398434,31.491501714303208,40.37603963027377,26.664557523105817,0.588888889,2.977777778,3.6555555560000004,7.755555556,11.68888889,16.44444444,20.8,20.43333333,14.96666667,10.83333333,4.711111111,0.988888889,9.653703703,1.601908584,1.899853796,1.502590356,1.6546231529999997,1.7716125740000002,1.6470512369999997,3.49821383,2.26715681,2.1,1.5499999999999998,2.270707183,2.923800799,2.057293194,99.00000000000001,62.15555556,41.28888889,28.06666667,15.28888889,14.166666670000001,25.611111109999996,12.68888889,14.911111109999998,17.6,26.07777778,75.91111111,36.06388889,93.87935075999998,60.15725457,27.641338809999997,21.1936901,13.476965950000002,22.40870367,38.75972279,17.1975612,14.63381738,16.25169222,33.48334578,81.21780046,36.69177031,5755.49,5169.6399999999985,242203.4700000001,269650.68499999994
Iowa Tribe of Kansas and Nebraska,0.07840766325237437,0.12180151820206786,2.99897838671617,980216.8447029571,0.13287622297396517,0.225280012498916,3.0072448015408804,607920.5320388732,0.9215923367476256,0.8781984817979321,0.8671237770260348,0.774719987501084,0.7473053378407842,0.652747818550418,0.0010000000000000013,0.738451486451236,0.7183085549349465,0.6896579535056878,0.5787390560493417,0.0015824584677697382,0.619868236425538,0.6804875154135415,-7.716227761331643,-5.680594282423742,2.3920527625732997,9.088809088093369,14.855752711204055,20.933497628935356,22.951884708390356,21.794784773350223,17.209881239231095,9.56535699203422,0.9135708584795097,-7.36809839009083,8.245055860816215,2.9270617392623577,2.990327658620616,2.048852738005492,2.13204884215885,1.5166729303527662,1.6762114373312207,1.0179290714545834,1.4275544612310944,1.9036330146607514,1.6548697542015205,3.766250863056611,4.096466769632869,2.263156606753695,14.663160120088717,12.066647888103082,42.37305074341782,64.5709993893916,101.98925502749894,113.13421583299532,94.95341032194754,101.93149791998306,87.81413416147018,44.45982725602027,32.85112894876214,22.313406562547524,61.093394513882515,9.863821408053655,10.395190766081956,24.8999978229869,39.22223827772707,32.23631252261513,55.52932439768905,56.42635832241232,46.41656016917616,57.36383894841993,18.79628009140262,28.2298271637051,15.767480926204893,32.928935900997054,-4.538888889,-2.8277777774999997,5.1333333329999995,11.427777775000001,16.555555555,22.677777775,26.144444444999998,24.805555554999998,19.455555555,12.322222225000003,4.811111111,-3.6111111115000005,11.02962963,4.0175880615,5.851064363,3.2076581809999998,3.1518510090000005,2.5524931720000006,1.74527636,2.1279009915000002,2.0758442574999996,2.8290994605,3.4384425614999996,2.8009377515000002,2.4735940440000004,3.0226458509999996,22.122222225,46.5,61.15555555499999,58.73888888999999,121.80555555000002,122.25555555000001,103.62222225000001,94.122222245,85.894444445,55.172222219999995,48.916666670000005,45.08888889,72.11620371000001,12.272704710000001,44.37224610999999,40.782768004999994,29.515865634999997,69.46719067,42.422479845000005,34.849263335,42.714615585000004,57.396360115,30.069617035,27.322523904999997,58.804075950000005,40.83247591,5261.6,4725.97,242203.4700000001,269650.68499999994
Te-Moak Tribe of Western Shoshone Indians of Nevada (Elko Band),0.10948059250694665,0.12734759341575372,3.136920129450224,2.071432325997771e7,0.1,0.16899999999999998,3.35,2.969e6,0.8905194074930534,0.8726524065842463,0.9,0.831,0.26023577271033854,0.24867150519867265,0.0028892806023377653,0.19792945240513787,0.07898398679680411,0.101,0.101,0.001,0.024000000000000004,0.001,-2.1091441723516953,-0.98726721068079,2.814176606044725,7.324377484872409,11.31902594756544,16.87947792386064,21.3752301730885,20.036022179854047,15.532736974260828,9.180534630390767,1.521291065042843,-2.891609123273069,8.332904373258001,2.833986875089454,3.886800606516006,3.4204341271746697,2.6353462463601685,3.282964857701978,3.1647226612118646,2.6247804824661007,2.800691269198211,3.160352301646892,2.7126907246417127,3.803484652112993,2.990359784562617,3.109717882451035,38.52749006126176,29.785153798747643,48.95303933880885,40.9700669596657,64.56050952152069,34.62780393397364,36.62935237520245,25.875967776070606,27.08449989571562,29.379399455772123,38.28583385592749,41.07983887733519,37.97991298724104,33.44020099686439,23.15277117844162,27.549677832984926,21.527166397881345,33.20726814278248,21.48122435848398,30.9618087364675,24.35794205219256,19.15979292779519,20.57191087400188,31.308917032711385,39.519445297735395,27.18651048480225,-0.911111111,0.822222222,2.333333333,7.211111111000001,10.35555556,15.56666667,19.88888889,18.75555556,13.92222222,9.788888889,1.311111111,-3.244444444,7.983333334,4.221505787,5.073405606,1.823458253,3.200954719,1.9906726949999998,3.3,2.525096258,1.067837899,1.7718477489999997,4.518695731,2.599252029,3.0883292859999996,2.931754668,46.1,30.28888889,31.27777778,33.02222222,44.75555556,20.27777778,16.61111111,16.62222222,10.6,23.18888889,33.08888889,38.3,28.67777778,25.54941291,23.88165847,16.150215,12.91973082,24.805398160000003,13.71803355,21.32477693,22.0790499,10.79073677,24.26846948,17.28752762,29.77532536,20.21252791,4795.49,4307.36,242203.4700000001,269650.68499999994
Sherwood Valley Rancheria of Pomo Indians of California,0.1123418734433241,0.15558230138887016,3.7639227297526836,1.9063115880452327e7,0.135,0.19399999999999998,3.5299999999999994,7.022000000000001e6,0.8876581265566759,0.8444176986111298,0.865,0.806,0.34112383913297617,0.33951488909608685,0.11746105078716026,0.10520192216392023,0.1736633744337462,0.4572270088750737,0.4369567092524577,0.19619433708823555,0.15342903746594294,0.25973845304020954,8.20768381816993,10.361941834276507,11.31958538400027,13.571290081753006,16.139832960429523,20.53357196051274,21.9134228195114,22.000262490389236,20.25951379605098,17.151009693310055,10.972718866899587,7.7825115585471085,15.01777877222012,1.920402797077314,2.0983823816059046,2.2553502456971786,2.4827480461253684,1.9349994797438927,2.895573510641611,3.21207055630389,2.959377226779056,3.0975299210354352,2.4426985117675164,1.8885576163613416,2.2986629648335546,2.4571961049124833,150.40688739512473,106.25380462608051,102.58729306577712,47.2565249809342,35.01333631655301,10.336053691658256,2.6411036539248305,1.7525249813744956,5.819677852252077,34.07823415433557,50.08792841198389,134.1617658510684,56.69959458184428,116.21422728875966,94.95598057826044,93.67831512644294,36.94932951708993,30.545677972987914,14.546050665590869,5.2174544453495235,3.142408294723488,7.654257532535028,38.97736414432213,48.19472014568052,131.27206207620662,51.77898731575032,7.122222222,8.45,8.2944444445,10.877777779499999,13.72777778,17.255555559999998,19.5,19.822222225,17.16111111,14.37222222,8.188888889000001,6.738888889,12.625925924999999,1.227555952,1.396909033,1.343935383,1.7144473085,1.9464941755000003,2.4355099295,0.788213113,3.037083282,1.187630172,1.8512952620000003,1.479585152,1.6056297985,1.66785738,228.6388889,159.31666664999997,158.0722222,77.80555555499998,61.08888888999999,20.927777775,8.427777778,5.677777777999999,13.783333334999998,55.444444445,91.53333333,248.02222224999997,94.061574075,159.44487460000002,109.1846194,124.06605650000002,47.848231845,41.211467065,23.392362340000002,15.760815359999999,10.7585777835,14.633546574999999,43.33152185000001,63.431675195,189.72258595,70.232194535,8001.65,7187.3499999999985,242203.4700000001,269650.68499999994
"Hopland Band of Pomo Indians, California",0.1123418734433241,0.15558230138887016,3.7639227297526836,1.9063115880452327e7,0.139176003124956,0.20102327798288055,3.604029146306038,6.954424676705258e6,0.8876581265566759,0.8444176986111298,0.860823996875044,0.7989767220171194,0.34112383913297617,0.33951488909608685,0.11746105078716026,0.10520192216392023,0.1736633744337462,0.20546862754912884,0.2049310917370144,0.08496860658843013,0.06752913920435577,0.11706725792353782,8.20768381816993,10.361941834276507,11.31958538400027,13.571290081753006,16.139832960429523,20.53357196051274,21.9134228195114,22.000262490389236,20.25951379605098,17.151009693310055,10.972718866899587,7.7825115585471085,15.01777877222012,1.920402797077314,2.0983823816059046,2.2553502456971786,2.4827480461253684,1.9349994797438927,2.895573510641611,3.21207055630389,2.959377226779056,3.0975299210354352,2.4426985117675164,1.8885576163613416,2.2986629648335546,2.4571961049124833,150.40688739512473,106.25380462608051,102.58729306577712,47.2565249809342,35.01333631655301,10.336053691658256,2.6411036539248305,1.7525249813744956,5.819677852252077,34.07823415433557,50.08792841198389,134.1617658510684,56.69959458184428,116.21422728875966,94.95598057826044,93.67831512644294,36.94932951708993,30.545677972987914,14.546050665590869,5.2174544453495235,3.142408294723488,7.654257532535028,38.97736414432213,48.19472014568052,131.27206207620662,51.77898731575032,8.255555555499999,9.866666668,9.7166666685,12.51111111,15.36666667,18.216666664999998,20.077777775,20.95,18.238888890000002,15.71666667,9.483333333500001,7.827777777499999,13.852314815,1.1018139555000002,1.197663202,1.3041108170000002,2.1796896709999998,2.7246171255,1.8412184544999999,1.1546797095,3.876733482,1.29305583,1.7813535685,1.5207084705,1.6225156775,1.7998466635,249.4388889,160.75,152.46666665,73.8,51.53333333,14.911111110000002,6.500000001499999,6.2222222225,10.872222222,51.583333335,88.57777777499999,241.78333335,92.36990740499999,181.17885415,103.94168645,117.66811895,42.457186265000004,35.136367075,17.07115779,11.792537437499998,12.990271652,13.2080348985,41.061568390000005,58.52862627,174.34111195,67.44796010499999,8001.65,7187.3499999999985,242203.4700000001,269650.68499999994
"Chippewa Cree Indians of the Rocky Boy's Reservation, Montana",0.09921762279442399,0.17241038728071006,2.9655136998856553,796979.588759568,0.12343523303737963,0.19176165781541438,3.171088082593449,895369.5948245387,0.900782377205576,0.8275896127192899,0.8765647669626204,0.8082383421845856,0.427199954108045,0.3836952034622834,0.0009692569532709713,0.2615390142889282,0.3808095296011723,0.14151827746123552,0.13412407215420588,0.0015780191636411013,0.08569734383908499,0.0507085411479157,-10.467047015097085,-9.690902855535352,-1.6059483728860835,5.758922559171158,12.221555060785635,17.2351540057183,19.929392694702585,19.05580495974748,13.688402542446692,6.942972939079125,-0.8433782263989901,-9.398622022746917,5.2355255223069594,2.2737816778675652,2.545103711592032,2.615167123260943,2.155357445343996,1.555110623462963,1.841583744281706,1.296816582090348,1.4037965623961846,2.148465103042649,1.8349910319567904,3.1966625590432103,4.423281482421436,2.2741764708518524,23.29645840951179,16.683532862979803,36.69859084614479,53.40304900529742,80.37015214089229,119.20021820145907,100.48656937048824,128.93158751251406,131.53760443841753,76.8891570037935,53.2175894764366,33.883270985331094,71.2164816886925,11.883518267068464,5.874976357502806,20.170441625252533,20.117531817126828,18.36114728341751,41.16832770511785,38.30835356179575,41.53886350026376,62.93382174090912,32.2435562369697,23.867095669248037,22.354217418622902,28.23515426785634,-8.888888889,-4.422222222,-0.544444444,6.955555556000001,11.05555556,16.15555556,20.7,18.7,12.56666667,7.4,-1.822222222,-6.066666667,5.982407409,3.10340315,5.668725115999999,2.245613007,2.762295744,2.148319757,2.357493961,2.063976744,2.404682931,2.054263858,3.081801421,5.548373135,8.905616206,3.528713753,15.1,8.788888889,23.94444444,23.97777778,64.45555556,64.92222222,43.96666667,38.81111111,33.01111111,28.03333333,31.05555556,22.25555556,33.19351852,12.282100800000002,6.181715871,9.699369968,12.341978949999998,62.67190581,49.7332328,32.28432282,22.807095630000003,25.50114921,17.11848416,41.18944377,27.44964076,26.60503671,816.8999999999999,733.75,242203.4700000001,269650.68499999994
"Minnesota Chippewa Tribe, Minnesota (Mille Lacs Band)",0.09384328671541257,0.16073281633663333,3.046738316732305,2.0906888236614943e6,0.10608011929540875,0.18022093731619104,3.1389613373660192,1.4406601769316306e6,0.9061567132845875,0.8392671836633667,0.8939198807045913,0.819779062683809,0.4527378058807981,0.41013138598613,0.0017533922572164685,0.3376384359449812,0.39274748536883386,0.4728271038234141,0.44281592523583635,0.0009999999999999903,0.3082995841851287,0.38709214947998727,-11.430019412783285,-10.127879460802427,-1.0764697726038557,6.4481989894116785,12.787898257750719,17.797712145930415,20.470385776907957,19.525807295349452,14.258954211073222,7.286072594892551,-1.1936956921991133,-10.365469587825714,5.3651246120588,2.5334116035201086,2.5446935912789805,2.6501752676548818,2.2782225466652832,1.4493613839909887,1.9534238399435686,1.0343790656616763,1.365847546115364,1.9158270846676395,1.9059220363889375,3.362522777665004,4.222314562186776,2.268008442232531,22.765865532010572,14.729266039825303,33.89240925534529,43.760485610090186,86.3578434099349,110.26063967320724,102.87544216234197,103.63172336915845,88.70618105615927,66.32325137323635,43.375990633987826,26.34759967921382,61.91889148266507,12.921579169930688,5.0872931725948485,20.155048081531636,19.959056633319488,46.585865413259825,38.70988541105107,49.3584692077302,34.007380217515276,42.75482285940659,24.144784684975043,25.529595229545237,15.081858538162791,27.857969886082937,-10.631746031714286,-7.911111111000001,-0.550793650857143,6.898412698428573,13.271428572857143,18.428571428571434,21.00634920428572,20.20952380857143,14.574603175714287,7.742857142857144,0.23968253985714288,-9.100000000000001,6.181481481571429,2.4928860430000004,3.5420395787142867,2.8164420848571434,2.3882921137142863,1.5146486575714289,2.193363104714286,1.0073493322857143,1.9168045961428573,1.7883156291428572,2.2218177551428577,4.304854794571429,4.809327475857144,2.5830117638571433,23.47142857,15.641269840000003,38.12698412428572,45.45396825428572,73.11428571428571,115.66507937142859,104.49047617857144,104.22539681428573,82.59365079428572,77.08095238142857,42.75714285714286,31.598412698571433,62.85158730000001,20.68355160714286,9.571970631285716,22.93396112714286,31.942195935714288,31.144342235714294,41.53918991571429,35.11608613857143,58.96117407000002,44.07962768,36.68889363,30.898817570000002,31.932969151428573,32.95773164285714,12091.630000019999,10860.94000000001,242203.4700000001,269650.68499999994
"Elem Indian Colony of Pomo Indians of the Sulphur Bank Rancheria, California",0.1123418734433241,0.15558230138887016,3.7639227297526836,1.9063115880452327e7,0.157,0.231,3.92,6.666e6,0.8876581265566759,0.8444176986111298,0.843,0.769,0.34112383913297617,0.33951488909608685,0.11746105078716026,0.10520192216392023,0.1736633744337462,0.27,0.27,0.07,0.03,0.08,8.20768381816993,10.361941834276507,11.31958538400027,13.571290081753006,16.139832960429523,20.53357196051274,21.9134228195114,22.000262490389236,20.25951379605098,17.151009693310055,10.972718866899587,7.7825115585471085,15.01777877222012,1.920402797077314,2.0983823816059046,2.2553502456971786,2.4827480461253684,1.9349994797438927,2.895573510641611,3.21207055630389,2.959377226779056,3.0975299210354352,2.4426985117675164,1.8885576163613416,2.2986629648335546,2.4571961049124833,150.40688739512473,106.25380462608051,102.58729306577712,47.2565249809342,35.01333631655301,10.336053691658256,2.6411036539248305,1.7525249813744956,5.819677852252077,34.07823415433557,50.08792841198389,134.1617658510684,56.69959458184428,116.21422728875966,94.95598057826044,93.67831512644294,36.94932951708993,30.545677972987914,14.546050665590869,5.2174544453495235,3.142408294723488,7.654257532535028,38.97736414432213,48.19472014568052,131.27206207620662,51.77898731575032,6.800000000000001,7.755555556000001,8.822222222,10.94444444,13.74444444,17.8,20.85555556,20.03333333,18.36666667,14.27777778,8.811111111,6.333333333,12.8787037,1.6725728680000003,2.42234964,2.7976676789999995,2.152969526,2.506048239,2.787023502,2.216478689,2.7106272340000004,3.004579838,2.311264685,1.787767074,1.8398369490000002,2.350765494,226.00000000000003,138.1666667,133.1111111,59.98888889,52.04444444,20.83333333,7.133333333,8.444444444,17.18888889,37.61111111,54.82222222,173.0444444,77.36574074,201.3557052,122.090704,132.7940647,49.32006297,37.54547613,23.88503716,18.62639257,15.45138433,17.72607151,46.66386301,52.09339636,126.1346613,70.30723494,8001.65,7187.3499999999985,242203.4700000001,269650.68499999994
Berry Creek Rancheria of Maidu Indians of California,0.14281619198459072,0.20617830478164567,3.307206011929462,1.4834321580200406e7,0.142,0.203,3.37,1.8433e7,0.8571838080154093,0.7938216952183543,0.858,0.7969999999999999,0.40378217147572554,0.39618068912539023,0.18519113483306382,0.22459473639990532,0.22556750281219598,0.13887696122255078,0.1354123136590905,0.08051472705402221,0.05599977260001963,0.11067016401514174,6.656388621938477,9.297952935447928,10.199725872229415,12.990846949493744,15.93602477892662,20.452461818753594,22.517184663021457,22.5021503065684,20.2264231552387,15.977492967709058,9.981818505255367,6.636583716020505,14.447921190214673,2.7028631259448894,2.797991657130406,2.781144487744632,2.648037713066644,2.7223587007244467,3.0660621385511035,2.212533359624799,2.9658069994636316,2.6018784164126894,2.7764004174581856,2.7014529102630562,2.5220527246616453,2.708215221007689,157.5905265524351,107.49109259628646,99.77265476283878,52.65152906786926,37.61213642292533,12.278913453319118,6.828082167148668,10.444604649484132,8.345729645233256,41.42102602542135,53.19862579718037,147.62847023436066,61.27194928155393,138.49631547363023,97.85390411250876,87.33331496690482,39.366990951925665,27.316976646917638,13.92939893461134,8.930099970681189,13.861186514643377,10.801234701809987,46.29426018124321,50.83605529390578,130.49073636180705,55.4592061769657,2.844444444,5.511111111,5.066666667,9.033333333,12.02222222,16.88888889,21.2,19.6,15.94444444,11.72222222,5.577777778,2.222222222,10.63611111,2.38857233,1.929666062,2.697220792,2.636759375,1.926640715,2.3534254,2.490983741,1.492481156,2.092911316,1.997985096,2.548910443,3.9315320730000005,2.373924042,284.9111111,198.1444444,166.8333333,94.31111111,67.31111111,23.72222222,4.088888889,5.288888889,20.15555556,58.04444444,94.68888889,221.5666667,103.2555556,194.0988179,179.9267567,188.7724291,83.19733236,44.85059767,21.57995469,8.436445407,7.404127978,25.12817697,50.44014054,77.16810294,234.8518895,92.98789765,5290.3,4751.839999999999,242203.4700000001,269650.68499999994
"Ute Indian Tribe of the Uintah & Ouray Reservation, Utah",0.11280624611047145,0.13272809392328058,3.017250246742732,2.3015896085077103e7,0.12914510324878747,0.16133383780632604,3.261240118909931,1.9397597473314728e6,0.8871937538895286,0.8672719060767194,0.8708548967512125,0.838666162193674,0.2198361508231222,0.2170538345154628,0.0010000000000000002,0.15451423799580394,0.05539063069199704,0.05917354911970659,0.058023302918925226,0.002295117006036708,0.029486249940490785,0.010854942943102982,-1.5497719210283831,0.2627639801956411,3.4826941485995953,8.221895590396858,12.350774343086668,17.715492480364926,22.14408402297516,21.166582192230102,16.649794446269638,10.038767810492141,2.441228811183984,-2.3036436335200206,9.218388522507347,2.6879232798626456,3.7331279556725803,2.555466932012671,1.7050473111738467,2.6710335446234157,2.608088217119615,1.88929506374151,2.1252361856568673,2.3194234753015706,2.041121106885454,2.573580242040547,3.0932842805027865,2.5002189662088186,55.65924987440445,45.66296671745565,45.36127724254943,38.3549473464521,63.62527453870248,29.564419666251386,18.944427549962494,20.044714760266597,32.9148561126822,37.72507180339585,33.886630624039526,48.72146195797263,39.20544151655347,33.84736808989356,31.79592687969083,20.70973698715661,24.505157052143947,34.997407450434885,14.522074256902687,19.605739471049166,13.3731327416366,19.361141630200716,25.003202922772427,19.377087450841355,42.360331215433334,24.954858845605678,-4.85625,-2.9215277777500006,0.9979166666250002,5.559027777812502,11.122916665624999,15.90972222125,19.748611110625,19.4284722225,14.277083333437501,8.569444444375,-0.28541666675000005,-4.0361111110625,6.9594907405,5.839467341687499,5.0209662404375,3.1924260244375,2.3114324686874994,3.700746624625,3.992385742000001,2.7370802373750007,4.140669982687499,2.4882719198125005,3.7876950969375,2.7955674796874996,4.6638668152500005,3.7225479979999996,41.6284722213125,39.40902777875,36.13680555625,28.020833333125008,46.048611111875,24.524305554375,26.6777777775,29.122222221875,34.1486111125,33.527777778125,29.063888888999998,26.8000000014375,32.925694445,32.94128657893751,31.258123195625,15.5363898266875,14.9935807971875,31.958833251249995,16.3430289584375,24.977897793125,18.052484034375002,18.385579730625,20.343522340625,24.750726093812496,28.839753959812498,23.19843388125,4055.52,3642.7000000000007,242203.4700000001,269650.68499999994
Cahuilla Band of Indians,0.114,0.152,3.4599999999999995,6.72171e8,0.1,0.146,3.15,1.2696300000000001e8,0.886,0.848,0.9,0.854,0.161,0.161,0.086,0.122,0.071,0.31523242629918397,0.31523242629918397,0.030723481500461246,0.15934489781175143,0.1345824449697337,9.833333333,10.95555556,10.63333333,13.28888889,14.21111111,17.56666667,18.74444444,19.98888889,17.53333333,16.85555556,11.11111111,9.955555556,14.22314815,2.593260496,2.296252986,3.557386681,1.630524796,2.376680692,2.870975444,2.204603769,2.940427029,1.73781472,2.228290326,1.900950055,2.0396759,2.364736908,145.0444444,121.8222222,86.12222222,37.64444444,17.84444444,5.922222222,2.188888889,0.611111111,2.222222222,12.81111111,24.97777778,62.41111111,43.30185185,142.3638921,114.2495818,81.71318403,25.01779922,13.88426367,9.267790699,2.890261426,1.412837964,3.048679131,14.10243281,37.44582012,93.42462797,44.90176425,7.2,6.316666667,9.277777776,10.81666667,13.766666670000001,19.211111109999997,22.627777779999995,21.972222225,19.816666665000003,14.133333335,9.36111111,7.383333333,13.49027778,1.309655401,4.7954474085,1.6518247195000002,2.2690221315000003,2.5716072965000003,2.422311972,2.217544198,2.4325579950000003,2.2629351735,2.72212211,3.458275426,2.192229803,2.525461136,127.41666665000001,102.28333335,68.81111111,38.716666665000005,16.727777775,3.6666666665,12.97777778,9.183333331,5.8,19.483333329999997,35.966666665000005,46.06111111,40.5912037,118.14281867,100.371461065,57.17329292,18.827003445000003,15.191980430000001,4.384228878,12.853364195499998,11.145003490000002,7.151597140499999,21.643370915,51.80272075,61.25008413,39.994743834999994,160.0,143.71,242203.4700000001,269650.68499999994
"Upper Sioux Community, Minnesota",0.07840766325237437,0.12180151820206786,2.99897838671617,980216.8447029571,0.09293197285960943,0.14991500287535647,3.1464309408980826,491697.1993300504,0.9215923367476256,0.8781984817979321,0.9070680271403906,0.8500849971246436,0.7473053378407842,0.652747818550418,0.0010000000000000013,0.738451486451236,0.7183085549349465,0.7237496003414035,0.5006192006338247,0.0010000000000000002,0.6941590104844781,0.59679983404596,-7.716227761331643,-5.680594282423742,2.3920527625732997,9.088809088093369,14.855752711204055,20.933497628935356,22.951884708390356,21.794784773350223,17.209881239231095,9.56535699203422,0.9135708584795097,-7.36809839009083,8.245055860816215,2.9270617392623577,2.990327658620616,2.048852738005492,2.13204884215885,1.5166729303527662,1.6762114373312207,1.0179290714545834,1.4275544612310944,1.9036330146607514,1.6548697542015205,3.766250863056611,4.096466769632869,2.263156606753695,14.663160120088717,12.066647888103082,42.37305074341782,64.5709993893916,101.98925502749894,113.13421583299532,94.95341032194754,101.93149791998306,87.81413416147018,44.45982725602027,32.85112894876214,22.313406562547524,61.093394513882515,9.863821408053655,10.395190766081956,24.8999978229869,39.22223827772707,32.23631252261513,55.52932439768905,56.42635832241232,46.41656016917616,57.36383894841993,18.79628009140262,28.2298271637051,15.767480926204893,32.928935900997054,-9.8833333335,-7.9611111115,0.638888889,8.088888889,14.327777780000002,20.122222225,22.005555554999997,21.094444445,16.577777779999998,8.4555555555,0.044444444499999985,-8.1833333335,7.1106481485,2.7815319119999997,3.0524398099999996,2.131717749,2.8221770090000002,2.0419697329999997,1.5480067585000001,0.9925782135000001,1.4016155345,1.8194232639999997,2.3399014155,3.256786348,5.353988428,2.4618446809999996,24.61111111,14.394444445000001,36.966666665,66.761111115,98.13333333,106.55555555000001,102.03333335,89.33888888999999,86.138888885,56.68333333500001,40.866666665,28.54444444,62.58564814500001,27.76609312,9.667324171499999,25.058937119999996,37.89240455,24.860249924999998,44.735392315,37.040107185,38.596214925000005,65.10211534,26.647706859999996,38.188397315,21.505453499999998,33.088366359999995,5261.6,4725.97,242203.4700000001,269650.68499999994
"Northern Cheyenne Tribe of the Northern Cheyenne Indian Reservation, Montana",0.10002923260058659,0.12890556097135922,3.329941899453379,1.510756556992607e7,0.1466106951571848,0.22974237963042532,3.1799999999999997,895336.9647515771,0.8999707673994134,0.8710944390286408,0.8533893048428152,0.7702576203695747,0.22783375727329383,0.20773339278419065,0.0010690374531874222,0.20130053338745013,0.08972199054478537,0.13861769439877436,0.13684710187397067,0.001605882365546855,0.10574065098006623,0.050354988524354605,-2.3444203248408093,0.03476845145839334,2.8904968644131688,7.351503457230453,11.405221900503607,18.00897652365773,20.227387843588982,20.113643672044127,16.147531758115036,8.968146003916779,2.612940183355281,-2.502367744076337,8.576152382744924,3.687535183099492,3.5297612927293733,2.8826668863057145,2.9860291618133115,3.219578694850939,3.3087960091280726,2.943988208907017,2.8469885175264085,3.4043417969526013,2.6393295118306788,4.231311355616131,4.038071192096235,3.3098664843180146,27.386870879424723,22.47542209415338,34.83454333487334,42.243162083418945,61.337960282818344,40.58538752130968,48.936874899247435,45.498589000864655,34.54333896173658,30.049758803614296,24.847785014457294,16.034575494937762,35.731189031273495,26.0485997660745,19.773070669268073,20.25584377167473,21.75093215985888,33.31859464182704,30.71577905523874,32.20859077451881,25.668657347554245,23.291414281559312,22.13379119832089,22.25518956620476,14.886620697959106,24.358923660564383,-6.003703703499999,-2.011111111166667,1.8148148148333332,8.111111111166666,11.918518518333332,17.67037037,21.677777776666666,20.279629630000002,14.40925926,9.2777777775,0.8092592591666666,-4.957407407333333,7.749691358166667,2.737693016,3.826009050166667,1.9875261488333331,1.9140999056666668,2.279963476,1.8117523756666665,1.8202456373333336,2.198174013666667,2.0852224411666667,2.0191321788333334,5.0784581200000005,4.170058310833334,2.6606945563333335,14.822222220000002,13.16851851833333,19.892592593333337,37.79629629833334,95.82222222666667,59.818518518333335,41.92592592333334,37.41111111,28.953703703333332,30.670370371666667,21.172222221666665,15.538888888333334,34.74938271666667,9.378028884666668,7.7243933965,10.225311522166667,20.128587186666667,63.42937797166667,25.504651941666665,27.839844741666663,31.13559793666667,15.30877473,15.580133726666666,15.286582825000004,16.668398513333333,21.517473616666667,6541.660000010001,5875.900000000003,242203.4700000001,269650.68499999994
"Minnesota Chippewa Tribe, Minnesota (Grand Portage Band)",0.09942762887864053,0.17312791683524173,2.951348408959391,754555.3419839408,0.09899999999999999,0.163,3.13,281000.0,0.9005723711213595,0.8268720831647582,0.901,0.837,0.4378853892669237,0.3933800134302726,0.001000000000000001,0.2642133054211314,0.3919911011859823,0.3905850151767989,0.364027608883356,0.0009999999999999998,0.27336276216126054,0.3200784671543709,-10.370674277180049,-9.647717434004722,-1.6544405092650536,5.671940181309918,12.140135121605667,17.12701035976978,19.85472911157025,18.996943456877215,13.617958807508856,6.894988849317001,-0.8042699721210155,-9.304466745487016,5.210178079028926,2.2054331502762694,2.5477646108435663,2.5703027944716648,2.146775480063164,1.5651219967337662,1.8141544439976387,1.3034355444846517,1.4128099403907912,2.1379926875643447,1.8441691429675324,3.1021949373476976,4.399121306391382,2.2541063366092096,23.76034369468123,16.713846258459267,37.28495342984061,54.98415977596221,80.7126131466529,119.99862911676506,101.59467398402009,130.38200187160567,135.67346844976387,77.92640036918536,54.32384232092681,34.62295028638725,72.33149022626328,12.08375246785124,5.559841890879575,20.32717184838253,20.42840590736718,16.698255609828806,40.75262956958677,37.76325165227863,41.923820036900835,64.72807513524205,32.87098830382527,23.818827460897282,23.075607724421488,28.335885636883116,-11.955555560000002,-10.133333333500001,-2.1777777775,4.433333333,10.75,16.08888889,18.794444445,18.07777778,13.01111111,5.988888888499999,-1.8944444444999997,-9.199999998500001,4.3152777775,2.526196929,2.3572405825,3.6804762335,2.1913991009999996,1.433333723,3.541258788,1.852747215,1.6419500509999998,3.5356690009999996,1.7288037445,3.9378277329999998,7.6688108249999996,3.0079761605,34.96666667,19.3,26.25,39.366666665,74.07222222,103.25,114.3777778,83.12777777999999,103.483333345,67.82777778,51.58888889,36.85,62.871759265,15.480685339999999,8.363933929,15.785697895000002,16.519890569999998,25.323755140000003,39.1295641,24.757296805,33.512640705,48.671542835,26.747764395,23.83108262,11.321904508,24.120479905,640.0,574.86,242203.4700000001,269650.68499999994
"Pyramid Lake Paiute Tribe of the Pyramid Lake Reservation, Nevada",0.12872239054116968,0.16300563004049481,3.049307059811024,2.801663052511916e6,0.1120181721483174,0.1680847302338794,3.4199473242596086,2.930110922290315e7,0.8712776094588304,0.8369943699595052,0.8879818278516826,0.8319152697661206,0.11936048341099093,0.11918454973719801,0.001440303945216023,0.03574960241670074,0.001,0.03370420930364877,0.02852215800010752,0.010327151544202719,0.007683054092331389,0.0010230100217784343,6.911656005605545,11.078417436695096,12.267424783560767,15.131343285820897,17.793532337953096,22.12361999626867,24.437739871918982,23.881615731577824,21.786235491449897,18.116773277611937,10.934683726324094,7.898412698181238,16.030121221727082,3.8061846737249465,1.4549162057249474,1.8006437528848618,1.476979328541578,1.8674950345031984,1.3697895794904054,1.855460804053305,2.4035681102174844,1.621438098206823,1.4453863836631131,2.1772789151513865,2.8561324060000004,2.0112727740874203,90.30229803731346,62.669462212153526,50.6791755497015,35.8841032946482,18.305614782430702,2.286969912430704,0.9142146413901922,1.997251836066098,2.415043828428572,16.52648661462687,29.087799102281455,58.89436152432836,30.830231779360343,66.6927087402772,44.04544675488273,34.60597897588487,21.853667575820896,15.48067122076546,2.8341680604371007,1.9989951063155653,4.007183532125801,3.297186761319829,19.85567945260128,33.47901634914713,41.79892835187635,24.162469242196167,0.4916666667499999,3.45277777775,5.0194444444999995,9.86944444325,13.105555555,18.294444447500002,22.7111111125,22.075000000000006,16.52222222,11.9694444425,3.886111110999999,0.07777777775,10.62291666675,2.232096447,4.233105741,2.05876378875,2.686624663,2.0403954942499998,2.2308115500000003,2.84451424275,1.7797508814999998,1.591870669,3.33557621325,2.14661891175,2.97499362925,2.51292685275,51.369444445,30.71388889,20.04722222,18.4111111075,27.23611111,17.57777778,9.2694444435,15.744444445000001,10.2361111115,20.477777780000004,27.9166666675,45.8194444425,24.568287037500003,51.7214701175,20.011472215,21.838320205,12.638807038000001,18.155403665,19.673733315,8.3685513455,23.888630765000002,11.388925119750002,23.32945573,36.448126895,45.981489535,24.453698829999997,1120.0,1006.0000000000001,242203.4700000001,269650.68499999994
Lac Courte Oreilles Band of Lake Superior Chippewa Indians of Wisconsin,0.0970788374221773,0.16609503329283481,3.0442794073705874,2.326877081844689e6,0.11600000000000002,0.224,3.0,965000.0,0.9029211625778227,0.8339049667071652,0.884,0.776,0.4415274027083097,0.3954963074633502,0.0010000000000000013,0.2940283299084343,0.398857910273618,0.433424743723885,0.4041571227320506,0.0009999999999999979,0.24998240144653047,0.4100168293558134,-10.61156693440532,-9.593902928132591,-1.2713816871102726,6.008522043786677,12.35822120327798,17.356613060607156,20.19008861395799,19.226408486826386,13.9383109060617,7.133818327559567,-0.8691828025277323,-9.638970936868725,5.352248112710864,2.2835695797407283,2.579435053491303,2.6104130149448634,2.1743987920646544,1.5051357639090912,1.8689040155405319,1.1734466760075484,1.404304747890056,2.034353998490318,1.9045049758368886,3.1042216339133573,4.161101377364293,2.2336491359330486,23.502009260246144,16.359818402714147,37.4134522108894,49.71847718837218,82.47882069840169,114.99475255905155,98.88204425735476,118.8539255535018,115.7026328275386,73.64486380117495,50.16881449918936,30.98624877061372,67.72548833621923,12.935596566340664,6.2712598047492625,20.870369672661635,21.540816823285198,27.460097142103713,40.73101205816212,33.79888464122744,42.621042794702994,55.400617446629475,29.988243321749266,26.63144289195602,19.585926202507384,28.152942448749595,-10.3,-7.033333333,-1.133333333,6.2,12.45555556,17.86666667,20.78888889,19.85555556,14.08888889,7.500000000000001,-0.377777778,-8.822222222,5.924074075,2.103568397,5.147329405,2.6,2.202271555,1.354724244,1.639359631,1.115173131,1.632567848,1.543894786,2.094039159,2.699434097,4.617569106,2.395827613,26.5,13.744444439999999,32.27777778,53.1,74.7,112.7333333,88.67777778,111.9666667,111.8444444,77.68888889,46.13333333,36.18888889,65.46296296,20.86953521,7.584871639,16.71143155,24.71360961,17.28351816,40.91112318,43.91178025,53.23523269,60.227238670000006,30.40425317,28.792967890000003,36.33739274,31.74857956,3543.89,3183.2100000000005,242203.4700000001,269650.68499999994
Summit Lake Paiute Tribe of Nevada,0.12872239054116968,0.16300563004049481,3.049307059811024,2.801663052511916e6,0.09900000000000002,0.158,3.2299999999999995,912000.0,0.8712776094588304,0.8369943699595052,0.901,0.842,0.11936048341099093,0.11918454973719801,0.001440303945216023,0.03574960241670074,0.001,0.08668148322320711,0.08668148322320711,0.010609479396703064,0.020693450775411404,0.0054139155814396794,6.911656005605545,11.078417436695096,12.267424783560767,15.131343285820897,17.793532337953096,22.12361999626867,24.437739871918982,23.881615731577824,21.786235491449897,18.116773277611937,10.934683726324094,7.898412698181238,16.030121221727082,3.8061846737249465,1.4549162057249474,1.8006437528848618,1.476979328541578,1.8674950345031984,1.3697895794904054,1.855460804053305,2.4035681102174844,1.621438098206823,1.4453863836631131,2.1772789151513865,2.8561324060000004,2.0112727740874203,90.30229803731346,62.669462212153526,50.6791755497015,35.8841032946482,18.305614782430702,2.286969912430704,0.9142146413901922,1.997251836066098,2.415043828428572,16.52648661462687,29.087799102281455,58.89436152432836,30.830231779360343,66.6927087402772,44.04544675488273,34.60597897588487,21.853667575820896,15.48067122076546,2.8341680604371007,1.9989951063155653,4.007183532125801,3.297186761319829,19.85567945260128,33.47901634914713,41.79892835187635,24.162469242196167,-1.4777777774999998,1.1333333335,2.2111111109999997,6.761111111,9.766666669,14.69444444,19.88333333,18.2,13.444444445000002,7.95,1.2444444444999998,-2.6833333335000003,7.593981480999999,3.0132904565000005,4.071815099,1.823654154,2.354284017,1.6062948680000002,2.0053735355,1.6596442345,1.2545352790000002,2.032638445,2.1143476125,2.780091583,3.4241909630000005,2.3450133535,36.888888885,19.444444445000002,24.38888889,23.644444445,38.305555555,16.633333335,14.638888890000002,11.927777777000001,11.13888889,21.955555555,26.96111111,51.105555554999995,24.752777779999995,30.069420599999997,12.749994065,14.066417529999999,13.90457037,19.44253353,16.399804319999998,23.44685428,15.0275270155,11.0343749195,20.75811518,17.387144090000003,47.897256735,20.182001055,1120.0,1006.0000000000001,242203.4700000001,269650.68499999994
The Osage Nation,0.12175590068605134,0.19024968656642632,3.03557905642138,5.052471660477243e6,0.153990103548466,0.24696571776974643,3.209845170750867,3.9591201444893256e6,0.8782440993139486,0.8097503134335737,0.846009896451534,0.7530342822302536,0.6071692867842163,0.5417707857094822,0.30033331873097674,0.5967288262393927,0.49518605584174413,0.3774161207951463,0.32127760835418484,0.24933042781695985,0.30693447301074434,0.3320218767087474,0.020215565014835908,2.0524203517298125,8.286622285560053,13.54203201688729,18.17135520603422,24.895882072134057,27.46804247842222,26.77157711203991,22.358446663905827,15.025683942690417,7.408302425221963,0.4034585513951494,13.867003223740356,2.3458861642621955,2.884413456257058,1.2769218547851633,1.4443952364544925,1.5660995608795987,1.7398466088450764,1.5245343734453634,1.803181731409413,1.7175038506690419,1.4687546035563472,2.5275441363960036,2.704293543970611,1.9169479267914393,31.920618164216812,33.059540336844485,67.48117926766326,58.0963036913066,119.87638927940071,119.87040419203412,97.69631953876171,90.15786653710121,58.41294341474171,49.2753178009643,37.91734981762335,26.683090823934357,65.87061023926381,16.14256615042224,16.620798754613393,39.791778766559176,26.686570577403668,67.70159033508978,57.26102953282447,60.30898838451352,46.072084574273845,36.3413648484536,37.340100059255306,32.054379354268136,23.5579701106248,38.323268454313805,1.4092592591666666,2.075925926,8.4555555555,14.522222220000002,19.201851851666667,24.711111111666668,27.312962961666667,27.420370370000004,22.137037038333336,15.635185185000003,8.820370370500003,1.4537037038333334,14.429629630000003,3.7672595333333336,7.605372761833335,4.6927797015,2.9705829261666676,2.479407805666667,2.7016308311666672,2.693006349166667,3.0918469880000004,4.412115398333334,3.165708149833334,2.8488077898333337,3.1960892591666674,3.6353839580000002,40.44444444666667,53.729629630000005,87.29074074166668,87.11481481666668,125.16111110333334,164.7740740666667,89.54814815000002,76.75555555500003,94.00370370166667,71.21481481333333,49.259259258333344,32.60000000000001,80.99135802500003,23.84216639666667,43.871019423333344,54.07718270000001,50.08989102666667,57.997781266666664,69.31045785333333,55.72927590333335,51.15760299500001,53.66359429166667,49.298250886666665,39.52556642333334,22.642688366666672,47.600456461666674,8328.42000001,7480.63,242203.4700000001,269650.68499999994
Nez Perce Tribe,0.09300000000000001,0.152,3.23,3.4110000000000005e6,0.13717849971271384,0.1752863925965737,3.137604157438543,1.3213835592277774e6,0.907,0.848,0.8628215002872861,0.8247136074034263,0.16762397357120418,0.16618176949137348,0.001,0.06703736694383478,0.0142630422776976,0.4316690381686286,0.42732045498178295,0.0010494194699924087,0.2857999013589034,0.2689853818746574,-4.561111111,-2.5444444445,2.0333333335,6.594444444500001,10.405555555,15.394444445,19.916666665,18.622222225,13.466666669999999,7.788888889,-1.072222222,-4.672222222,6.78101851875,3.4332718170000005,2.50907045,2.574435729,1.4945813015000002,1.6197419735,1.6981755705000001,2.19285934875,2.3445456955,2.317548767,1.7576027534999998,3.886766934,3.0991458815,2.4106455185,46.56666667,10.008333333,20.51388889,26.11666667,84.64999999999999,77.13888889,26.8611111125,24.52777778,36.366666665000004,27.772222225000004,22.227777780000004,15.69166667,34.8701388875,109.30026908149999,7.5114202655,9.491235534,17.248780985,48.937790985,51.517426744999995,20.413533075,21.344778249999997,23.341742275,19.383567895,9.3266084745,7.871225429,28.807364915,0.501851852,2.444444444333333,5.311111110999999,9.824074074833334,12.788888888333332,16.71851852,21.516666666666662,19.872222224999998,15.742592593333331,9.264814814166668,1.5388888888333332,-1.5740740741666666,9.495833333499998,3.7622205096666668,3.679281216333333,2.854451045833333,3.0288910715,2.5071261236666667,3.227577303166666,2.3305043843333326,2.042143586666666,2.3230487913333335,4.499437176833332,3.892690730333333,4.356619525499999,3.2086659556666657,99.46851851,61.13518518833333,79.67037037,61.45555555500001,76.90185185333331,60.03703703666666,23.59814814833333,29.490740741666663,42.92222222333333,76.14629629166667,101.28333332666666,123.07222223333333,69.59845678666666,71.86350761833332,36.18803963833332,42.20218440666666,29.741475243333337,29.895939625,35.60933365333333,22.676693958333335,23.943912036666667,28.886771208333332,41.17612086833333,56.95900197833333,73.22930139166667,41.031023469999994,320.0,287.43,242203.4700000001,269650.68499999994
Cow Creek Band of Umpqua Tribe of Indians,0.1525387478393069,0.23461582997225516,3.246158299722552,6.660674465189413e6,0.147,0.22599999999999998,3.1600000000000006,8.494e6,0.8474612521606931,0.7653841700277448,0.853,0.774,0.3322554244779314,0.3226575402378646,0.0016640461579630849,0.18559238457399366,0.26777407069453196,0.2963750000349256,0.29238416281162133,0.0014745736872325312,0.13661230614991782,0.19572302112639944,6.876309348925109,8.434605971762114,11.1268722454185,12.172980910969162,15.307293193215857,18.705971609691627,19.607635827048455,23.78634361035242,19.62090063572687,16.76133137325991,10.248751835273126,7.9869309840528615,14.219660630440528,2.8304108437312765,3.1110581472775327,2.370615463224669,1.921337213035242,3.3365065567753303,5.018574756850221,3.2589832264185024,2.4218581250264313,3.4355116904052854,3.156413038718062,2.4384141864581492,1.5258593017533035,2.902128545801762,155.80680373348017,114.65643663436123,102.6810083234361,60.809740577797335,39.94880078555065,14.876651980123345,2.3480665687400877,4.322173274493392,16.460841897356826,45.81067058193832,53.79583945185022,177.1305922682819,65.72063550643172,138.0474311237885,127.61966720837002,98.79965434035239,51.48881674656387,27.709710487841402,17.635973927136565,2.8570723434845813,9.089852000453742,22.397928610792956,33.74153343004406,55.68517089356827,186.34006627753303,64.28440644929515,3.1055555554999996,4.702777777750001,6.3694444445,9.747222222249999,12.461111110000001,16.0416666675,20.41111111,19.405555555000003,16.08888889,11.163888887499999,4.5083333334999995,2.488888889,10.54120370325,2.38856920025,3.7295004652499997,1.6040431245,2.1109329005000004,1.7851975495,2.2897124347499997,2.1977639445,1.52789031425,1.51290047,2.9419912315,3.01142691875,2.573459847,2.3061157,143.41111112500002,79.79166667,91.54722222250001,73.46388889,59.944444444999995,39.58611111250001,23.180555555,13.830555555,29.56111111,69.3138888875,115.08333334750002,174.75555555,76.12245370500001,97.26967463749999,45.27611616,38.27832518,46.1562527425,32.8748682075,22.9986082375,27.0903862275,17.585311599999997,27.763655925000002,30.2744530475,68.36983158,119.161575355,47.758254907499996,516.8299999999999,464.23,242203.4700000001,269650.68499999994
"Pinoleville Pomo Nation, California",0.1123418734433241,0.15558230138887016,3.7639227297526836,1.9063115880452327e7,0.135,0.194,3.53,7.022e6,0.8876581265566759,0.8444176986111298,0.865,0.806,0.34112383913297617,0.33951488909608685,0.11746105078716026,0.10520192216392023,0.1736633744337462,0.5570193653720185,0.5386274236495568,0.39235593272391,0.40992930574618125,0.4613209420304323,8.20768381816993,10.361941834276507,11.31958538400027,13.571290081753006,16.139832960429523,20.53357196051274,21.9134228195114,22.000262490389236,20.25951379605098,17.151009693310055,10.972718866899587,7.7825115585471085,15.01777877222012,1.920402797077314,2.0983823816059046,2.2553502456971786,2.4827480461253684,1.9349994797438927,2.895573510641611,3.21207055630389,2.959377226779056,3.0975299210354352,2.4426985117675164,1.8885576163613416,2.2986629648335546,2.4571961049124833,150.40688739512473,106.25380462608051,102.58729306577712,47.2565249809342,35.01333631655301,10.336053691658256,2.6411036539248305,1.7525249813744956,5.819677852252077,34.07823415433557,50.08792841198389,134.1617658510684,56.69959458184428,116.21422728875966,94.95598057826044,93.67831512644294,36.94932951708993,30.545677972987914,14.546050665590869,5.2174544453495235,3.142408294723488,7.654257532535028,38.97736414432213,48.19472014568052,131.27206207620662,51.77898731575032,7.544444444000001,7.911111111,8.888888889,10.55555556,13.288888890000003,18.07777778,19.96666667,19.34444444,17.72222222,13.84444444,8.866666667,7.2,12.767592589999998,1.170588646,4.060924908,1.287870766,2.114894271,1.8956822279999999,3.078464625,0.8746427839999998,0.585472269,1.210142324,2.374400509,1.670329309,1.679285562,1.833558183,227.68888890000002,151.1666667,153.1,72.73333333,56.22222222,18.84444444,5.444444444,7.888888889,13.62222222,53.57777778,85.13333333,238.68888890000002,90.34259260000002,167.3344663,103.5033937,133.0740771,41.33566862,37.25958862,21.35884542,11.12251221,18.94369581,16.7195079,42.01832272,60.31944131,183.7245795,69.72617493,8001.65,7187.3499999999985,242203.4700000001,269650.68499999994
Lac Vieux Desert Band of Lake Superior Chippewa Indians of Michigan,0.09368365929521391,0.15988047550495696,3.169229630572428,1.752053915551209e6,0.146,0.187,3.04,1.158e6,0.9063163407047861,0.840119524495043,0.854,0.813,0.3160648721691262,0.29019360118884147,0.009301525510183834,0.1971168624992528,0.234563895082553,0.36173648310414613,0.3509983366945477,0.001,0.20119831853441528,0.3241413337593596,-7.865651167765909,-6.252554585571535,0.07453134578585405,6.039458004345098,11.47230239462605,16.29741671054517,19.863333136533043,18.684147909518988,13.732062473595233,7.410659777842515,-0.7848743985989667,-7.359694756234279,5.942594737047391,2.541760396037593,2.4742207261441322,2.4211977705629786,1.8222026363447366,1.4951097506518805,1.6994928015177266,1.7416999244731894,1.639072258396403,2.2948859908255836,1.9007165647192237,3.302683475154465,3.4488325952444354,2.231822907618743,37.970989962335665,15.165767960509529,33.75592968684306,43.959484924386274,80.6463388562071,90.71473760179236,66.41621433725282,78.47434131984684,78.91173070491362,55.64641209901124,38.47850822500269,24.472987311809025,53.71778691601288,64.80006576177698,8.378438112929812,18.902907389525215,21.977765174412987,32.06306199254234,38.457889971933014,25.654275395082145,31.827373024796035,41.280128396579386,24.4004630429432,20.14935240657172,16.989518710916276,28.74010328269733,-11.14444444,-10.5,-2.422222222,4.377777778,10.8,16.23333333,18.71111111,17.85555556,12.68888889,5.833333333,-1.8555555559999999,-9.611111111,4.247222223,1.753646993,2.060339778,2.731655989,2.358907468,1.54677083,2.675350444,1.9464354889999997,1.64629213,2.916095182,2.034084561,3.143290915,4.76509298,2.46483023,44.17777778,17.97777778,35.0,56.53333333,74.86666667,105.2777778,117.9333333,99.26666667,122.50000000000001,86.87777778,58.42222222,36.76666667,71.3,63.540730589999995,5.733406007,22.605475,40.00181246,40.31169185,34.67213499,34.28593006,41.16132894,59.14207470000001,40.60359522,33.14195897,20.65623393,36.32136439,8982.06,8067.909999999997,242203.4700000001,269650.68499999994
Omaha Tribe of Nebraska,0.10131757407739961,0.15155286828344008,2.999200881096881,1.0474869422730589e6,0.1621764635154987,0.23459119199236078,2.9437797583017415,601305.687492065,0.8986824259226004,0.8484471317165599,0.8378235364845013,0.7654088080076392,0.6781228579443435,0.5753750405351722,0.0033469257599890987,0.654291314374356,0.6360589965779647,0.6884328089990006,0.5696985934835094,0.00102286139486395,0.664994943365482,0.6478236030163257,-6.355877128989576,-4.1861947762781435,3.2895208181718005,9.773623497932533,15.132600444768652,21.382438723536957,23.610684837035173,22.55748873579676,17.95740273408886,10.386205994574292,1.8120664834554954,-5.887389459294472,9.122714241978471,2.9072476032455037,3.1068948686574145,1.982372827362445,1.9099523800380296,1.5192268970982685,1.602474824031971,1.0417622232266543,1.4020822241060074,1.8983245537698137,1.5874926895990253,3.7295191899377476,3.649050265076735,2.1947000455719343,13.677512292853798,13.123196289407714,41.619389756831616,64.98232841758885,102.76660495950361,115.47621104072026,81.27198571835106,90.21874100748612,72.51562622827365,40.67007310305572,33.71818385708231,19.772458729122334,57.48435928363286,9.07067371050767,11.167949587313146,23.739869619224336,39.06459273142521,34.83770334978802,60.900149172544225,48.54080840333676,40.26171659441363,45.834092389086365,19.594554932902586,25.378804968973615,18.104137292575313,31.374587729264707,-5.6444444444999995,-2.4000000000000004,3.1722222220000003,10.572222219999999,15.772222225,21.744444445000003,24.633333335,23.172222225000002,17.47777778,10.93888889,3.4944444445,-6.022222222000001,9.742592593000001,3.0516993995,6.291955315000001,2.5412841945,1.6395577175,1.391675904,2.358326615,1.8952790655,2.4226934815,2.3872151914999997,1.4416619055000002,6.405018934,3.2511028670000006,2.923122549,20.816666670000004,32.66111111,47.72222222,75.56111111499999,109.50555555,123.1,85.58888888999999,79.05,75.32777778,56.40555555499999,37.62777778,44.59444444499999,65.66342592500001,18.451979635,53.61136694500001,30.451534700000003,36.613876770000005,45.9514389,62.450629815,60.91731861499999,43.23647978,40.72742219,32.32539399499999,25.972441139999997,58.538697799999994,42.43738169,13419.35000001,12053.30999999998,242203.4700000001,269650.68499999994
"Rincon Band of Luiseno Mission Indians of Rincon Reservation, California",0.114,0.152,3.4599999999999995,6.72171e8,0.096,0.126,3.52,1.88159e8,0.886,0.848,0.904,0.874,0.161,0.161,0.086,0.122,0.071,0.15760970533106658,0.15760970533106658,0.07435762634190232,0.0832615953377016,0.05864297771304655,9.833333333,10.95555556,10.63333333,13.28888889,14.21111111,17.56666667,18.74444444,19.98888889,17.53333333,16.85555556,11.11111111,9.955555556,14.22314815,2.593260496,2.296252986,3.557386681,1.630524796,2.376680692,2.870975444,2.204603769,2.940427029,1.73781472,2.228290326,1.900950055,2.0396759,2.364736908,145.0444444,121.8222222,86.12222222,37.64444444,17.84444444,5.922222222,2.188888889,0.611111111,2.222222222,12.81111111,24.97777778,62.41111111,43.30185185,142.3638921,114.2495818,81.71318403,25.01779922,13.88426367,9.267790699,2.890261426,1.412837964,3.048679131,14.10243281,37.44582012,93.42462797,44.90176425,8.288888889,8.211111111,9.477777778,11.23333333,13.66666667,17.8,21.42222222,21.8,19.22222222,15.08888889,11.01111111,8.644444444,13.82222222,1.027672667,3.0563231360000005,1.2637026719999997,1.467991826,1.553222457,1.7334935819999997,2.709602267,1.538668255,1.488940712,2.394496004,1.59173211,1.510886421,1.778061009,116.3,92.57777778,65.82222222,37.26666667,19.56666667,4.122222222,10.144444440000001,12.1,6.822222222,17.72222222,36.1,43.68888889000001,38.51944444,97.49667943,77.92768728,52.33817386999999,16.54486325,18.77072188,5.417512754,10.33865454,17.68954493,8.749253936,16.65351147,47.2032573,54.76094513,35.32423381,160.0,143.71,242203.4700000001,269650.68499999994
Sac & Fox Nation of Missouri in Kansas and Nebraska,0.07840766325237437,0.12180151820206786,2.99897838671617,980216.8447029571,0.13167106274607682,0.22301318823823046,3.039802176426543,580895.2627959948,0.9215923367476256,0.8781984817979321,0.8683289372539231,0.7769868117617695,0.7473053378407842,0.652747818550418,0.0010000000000000013,0.738451486451236,0.7183085549349465,0.8298846391248865,0.6540761934383941,0.0010000000000000002,0.7247162502712391,0.8123573376512782,-7.716227761331643,-5.680594282423742,2.3920527625732997,9.088809088093369,14.855752711204055,20.933497628935356,22.951884708390356,21.794784773350223,17.209881239231095,9.56535699203422,0.9135708584795097,-7.36809839009083,8.245055860816215,2.9270617392623577,2.990327658620616,2.048852738005492,2.13204884215885,1.5166729303527662,1.6762114373312207,1.0179290714545834,1.4275544612310944,1.9036330146607514,1.6548697542015205,3.766250863056611,4.096466769632869,2.263156606753695,14.663160120088717,12.066647888103082,42.37305074341782,64.5709993893916,101.98925502749894,113.13421583299532,94.95341032194754,101.93149791998306,87.81413416147018,44.45982725602027,32.85112894876214,22.313406562547524,61.093394513882515,9.863821408053655,10.395190766081956,24.8999978229869,39.22223827772707,32.23631252261513,55.52932439768905,56.42635832241232,46.41656016917616,57.36383894841993,18.79628009140262,28.2298271637051,15.767480926204893,32.928935900997054,-0.9638888887499999,0.6249999997500001,6.3722222222500005,13.719444444999999,18.42222222,23.547222222499997,26.3888888875,25.6361111125,19.541666667500003,14.702777777500001,7.12777777775,-2.3250000002499998,12.7328703725,5.15182658425,5.5537162085,3.9037220907499997,2.69708137225,2.1826643832499997,1.9759749305,1.57894661825,1.80047743025,2.878694075,2.39203343475,4.830711392,4.1656058955,3.25928786825,27.633333335000003,43.1527777775,74.3833333325,73.6361111125,105.130555555,130.44444445,104.88333334999999,95.8555555525,85.11944443499999,66.59166666750001,39.75000000000001,39.5499999975,73.84421296500001,18.670806925,49.0123165575,48.885856365,38.507558495,68.42168179500001,40.113190825000004,32.9584095075,42.7401597125,56.68374790749999,47.69232249,19.1471670875,41.242267192499995,42.006290405,5261.6,4725.97,242203.4700000001,269650.68499999994
"Eastern Shoshone Tribe of the Wind River Reservation, Wyoming",0.10829634053705149,0.12456877736855203,3.1537698784471626,2.137691982494628e7,0.14117614446151538,0.19888061353981684,3.372357646417614,2.8927536113836793e6,0.8917036594629485,0.875431222631448,0.8588238555384846,0.8011193864601831,0.26243978924580946,0.25036678181389505,0.0016492501238517588,0.2038545824087684,0.08241468979495292,0.05609539760024144,0.05569457009786642,0.0027993493918918168,0.021838923204164907,0.002574532331752981,-2.230378609046005,-1.199971913237107,2.704106280252778,7.2549095607633936,11.326525110338213,16.863633299352877,21.386113919357925,20.074047859388262,15.60243792832153,9.168503538636495,1.48186720589282,-3.02013818675834,8.284304666138015,2.8061065950778556,3.931638727928714,3.438128726681495,2.645607441359452,3.3800634202987863,3.21543420069919,2.6292362116061665,2.840365475179979,3.1477230958468128,2.7615427228452964,3.8657457618058633,2.911571082479776,3.1310969552209285,35.64985394958036,29.214470285171878,49.40740366247723,41.52678912495447,65.8487698020222,35.37788450754296,38.23923716436299,26.904151219226474,28.072716549150634,29.487507021405445,37.74723064799291,41.06891922159248,38.212077762881684,31.416100403629905,22.747933664620817,27.336406878361966,21.240080883437802,33.47164774009099,21.931418580748215,32.313161402755284,25.284472502856413,19.784357367790687,20.509391572057623,31.020245716455996,40.03866106079372,27.257823146840227,-6.496296296333333,-4.635802469,-0.029629629555555582,5.949382716111111,9.918518518444445,15.38271604888889,20.185185185555557,18.54691358,13.139506173333332,8.029629629777778,-0.3049382717777778,-4.875308642,6.234156378888889,3.1105639564444445,5.878266512666666,2.4648985858888888,4.026717573111111,3.997194629444444,3.950562285333333,3.2757558817777777,3.184990003222223,2.6478310743333333,4.122794151777777,6.587103823111112,4.9054174122222225,4.012674657444445,23.583950617,17.796296296666664,23.271604939,37.43086419777778,69.60740740777777,48.22839506111111,37.371604938888886,31.63950617333333,31.04074073888889,27.196296296666663,26.355555556666665,18.376543208888886,32.65823045333333,17.769103131444446,17.553317302222222,19.267596984999997,25.954731226666667,43.030171653333326,46.96072052111112,53.68980983222222,34.686089348888885,30.19823227,29.595302138999998,25.53437202222222,15.066637324444443,29.942173646666667,4635.49,4163.639999999999,242203.4700000001,269650.68499999994
Ely Shoshone Tribe of Nevada,0.10829634053705149,0.12456877736855203,3.1537698784471626,2.137691982494628e7,0.115,0.193,3.12,591000.0,0.8917036594629485,0.875431222631448,0.885,0.8069999999999999,0.26243978924580946,0.25036678181389505,0.0016492501238517588,0.2038545824087684,0.08241468979495292,0.06412660271286598,0.06412660271286598,0.001,0.014414487339391003,0.0020734551081965633,-2.230378609046005,-1.199971913237107,2.704106280252778,7.2549095607633936,11.326525110338213,16.863633299352877,21.386113919357925,20.074047859388262,15.60243792832153,9.168503538636495,1.48186720589282,-3.02013818675834,8.284304666138015,2.8061065950778556,3.931638727928714,3.438128726681495,2.645607441359452,3.3800634202987863,3.21543420069919,2.6292362116061665,2.840365475179979,3.1477230958468128,2.7615427228452964,3.8657457618058633,2.911571082479776,3.1310969552209285,35.64985394958036,29.214470285171878,49.40740366247723,41.52678912495447,65.8487698020222,35.37788450754296,38.23923716436299,26.904151219226474,28.072716549150634,29.487507021405445,37.74723064799291,41.06891922159248,38.212077762881684,31.416100403629905,22.747933664620817,27.336406878361966,21.240080883437802,33.47164774009099,21.931418580748215,32.313161402755284,25.284472502856413,19.784357367790687,20.509391572057623,31.020245716455996,40.03866106079372,27.257823146840227,-1.9074074073333336,0.588888889,1.3296296293333334,5.396296296333333,9.122222221000001,14.970370370000003,19.811111110000002,17.97407407666667,13.781481483333334,8.848148147333333,1.6888888886666666,-2.396296296,7.433950617333333,4.772760445333334,5.14993696,2.388736221666667,2.399994739333333,2.7072910363333333,2.9505244493333334,2.4219419336666665,1.2961065303333335,2.0208205206666667,4.797516956333333,4.5302561216666675,2.9639628743333333,3.1999873990000003,34.322222223333334,38.92962963,32.86296296333334,34.04444444666667,50.15555555333333,18.081481483333334,15.477777776666665,38.748148150000006,23.085185183333337,27.15555555666667,30.107407406666667,25.000000000000004,30.66419753,21.905745913333334,27.020789710000006,14.878421860000001,20.474755016666666,22.89820372,13.134621665333334,15.48606557666667,49.61178987,19.05757146666667,15.799408000000003,23.89146981333333,24.131234253333332,22.357506406666666,4635.49,4163.639999999999,242203.4700000001,269650.68499999994
Timbisha Shoshone Tribe,0.10829634053705149,0.12456877736855203,3.1537698784471626,2.137691982494628e7,0.1352905976342332,0.2069852739423407,3.338669724014972,1.6747403068893403e6,0.8917036594629485,0.875431222631448,0.8647094023657668,0.7930147260576593,0.26243978924580946,0.25036678181389505,0.0016492501238517588,0.2038545824087684,0.08241468979495292,0.03963632128744971,0.03630652234249261,0.006388627976409937,0.010661776937097857,0.0011899809591822974,-2.230378609046005,-1.199971913237107,2.704106280252778,7.2549095607633936,11.326525110338213,16.863633299352877,21.386113919357925,20.074047859388262,15.60243792832153,9.168503538636495,1.48186720589282,-3.02013818675834,8.284304666138015,2.8061065950778556,3.931638727928714,3.438128726681495,2.645607441359452,3.3800634202987863,3.21543420069919,2.6292362116061665,2.840365475179979,3.1477230958468128,2.7615427228452964,3.8657457618058633,2.911571082479776,3.1310969552209285,35.64985394958036,29.214470285171878,49.40740366247723,41.52678912495447,65.8487698020222,35.37788450754296,38.23923716436299,26.904151219226474,28.072716549150634,29.487507021405445,37.74723064799291,41.06891922159248,38.212077762881684,31.416100403629905,22.747933664620817,27.336406878361966,21.240080883437802,33.47164774009099,21.931418580748215,32.313161402755284,25.284472502856413,19.784357367790687,20.509391572057623,31.020245716455996,40.03866106079372,27.257823146840227,4.51111111125,6.0444444445,7.8888888900000005,11.54722222275,15.702777777500001,21.10277778,25.355555555,24.0999999975,19.619444445,14.65,7.7805555565,4.405555555499999,13.559027777499999,1.48307116575,2.37868779925,2.37346783625,2.7126254395,2.7389140170000004,3.6940497117500004,3.4151210985000002,2.58984891775,3.0462361249999996,1.4882011345,2.35830500625,2.6754785455,2.5795005665,60.9055555475,37.330555555,24.5916666675,20.230555555000002,14.563888888000001,5.25,11.3916666675,11.047222223000002,12.063888888249998,7.725,7.96388888825,25.83055555275,19.90787037,57.153463782500005,39.2192277,22.469067637499997,25.079346015,15.274600317500001,6.73971268375,14.7018569325,14.573919557499998,14.481971359999998,7.63431555675,12.446478672999998,26.39806119,21.34766845,4635.49,4163.639999999999,242203.4700000001,269650.68499999994
St. Croix Chippewa Indians of Wisconsin,0.09942762887864053,0.17312791683524173,2.951348408959391,754555.3419839408,0.09700517515022355,0.18360633140488966,3.1851943387309163,1.5154593112462228e6,0.9005723711213595,0.8268720831647582,0.9029948248497764,0.8163936685951103,0.4378853892669237,0.3933800134302726,0.001000000000000001,0.2642133054211314,0.3919911011859823,0.3440545666797694,0.3200673585177242,0.0010000000000000002,0.20776229812067723,0.31170878076418945,-10.370674277180049,-9.647717434004722,-1.6544405092650536,5.671940181309918,12.140135121605667,17.12701035976978,19.85472911157025,18.996943456877215,13.617958807508856,6.894988849317001,-0.8042699721210155,-9.304466745487016,5.210178079028926,2.2054331502762694,2.5477646108435663,2.5703027944716648,2.146775480063164,1.5651219967337662,1.8141544439976387,1.3034355444846517,1.4128099403907912,2.1379926875643447,1.8441691429675324,3.1021949373476976,4.399121306391382,2.2541063366092096,23.76034369468123,16.713846258459267,37.28495342984061,54.98415977596221,80.7126131466529,119.99862911676506,101.59467398402009,130.38200187160567,135.67346844976387,77.92640036918536,54.32384232092681,34.62295028638725,72.33149022626328,12.08375246785124,5.559841890879575,20.32717184838253,20.42840590736718,16.698255609828806,40.75262956958677,37.76325165227863,41.923820036900835,64.72807513524205,32.87098830382527,23.818827460897282,23.075607724421488,28.335885636883116,-9.094444444499999,-6.699999999999999,1.2388888889999998,7.4277777775,13.644444445000001,19.272222225,21.105555555,20.816666665,16.55,8.5555555555,1.0055555555,-6.8944444444999995,7.2439814815,3.164906537,3.1752477585,4.0846758560000005,2.4033727415,1.581793228,2.9028246530000006,1.061957149,2.085062937,3.053257678,1.9790695105000002,3.960436876,8.1078117465,3.1300347225,18.377777775,14.416666665,39.23888889,56.183333335,76.94444444499999,124.9055556,98.62222220000001,122.27222219999999,102.84999998500001,73.177777775,45.78333333,27.011111110000005,66.64861110999999,11.1766149325,8.103534686,20.138685985,36.50125045,23.40675805,40.858084625,50.568267580000004,54.832772545000005,60.219771665,39.2135952,37.300312045,17.5214606925,33.32009237,640.0,574.86,242203.4700000001,269650.68499999994
"Shingle Springs Band of Miwok Indians, Shingle Springs Rancheria (Verona Tract), California",0.12332253590705454,0.18007189742449412,3.5629009628381283,2.7058212187114306e7,0.091,0.134,4.47,1.2877e7,0.8766774640929454,0.8199281025755059,0.909,0.866,0.27193471937698344,0.26958518973577605,0.13713325079201064,0.14925989427064842,0.10803133185648373,0.20387329374686058,0.20387329374686058,0.05484589402902934,0.09477740470121128,0.13468151565556197,8.077247984425831,10.083168147269316,11.157092726738773,14.03287843037505,16.67037778840318,20.776777674264025,23.465274996206706,22.797725055552338,20.56618608614048,17.097866276344497,10.461612232414701,7.847150755804157,15.252779846220154,1.9802856092767314,2.2983125643741737,2.357360462649939,2.2858257609926844,2.3739365027488115,2.9359551774119637,2.526327640031585,2.3987716015352825,2.320610685511325,2.2349808062480765,2.4791658709791298,2.3298382931207473,2.3767809146188235,131.05184058340566,90.4676205496796,79.699132559687,46.34344305786858,25.529138635891357,7.4899095328262,3.6351666409807875,4.257759461777225,6.0497706225646395,26.715372994784357,44.367856776898854,110.23024701057824,47.98643820238448,107.21617678252906,73.32473692687154,63.207793479846906,32.631007720505124,20.65706145528547,8.897930273557597,6.073301074606739,6.197019752506938,7.117264996060199,30.13090491454716,45.57238558931687,93.6842485526465,41.2258192928875,6.1,7.433333332999999,9.3,11.66666667,15.088888889999998,20.52222222,24.98888889,23.01111111,20.65555556,13.88888889,8.133333333,5.6,13.86574074,1.308625233,2.926602125,1.8947295320000002,1.793739111,1.9029217299999999,1.996733444,2.361908362,1.695910113,1.880898131,3.021772842,3.61835598,3.560196624,2.330199436,206.5,142.9111111,128.6888889,63.88888889,57.16666667,13.37777778,11.5,12.11111111,10.64444444,47.11111111,71.28888889,152.7,76.49074074,157.8440528,132.1674454,119.97364760000002,53.05844524,38.03064554,14.24182026,17.63767275,26.16789275,15.48104576,58.94156947,71.24555152,147.7286617,71.04320423,46497.50000000001,41764.41999999995,242203.4700000001,269650.68499999994
"Minnesota Chippewa Tribe, Minnesota (Bois Forte Band (Nett Lake))",0.09958073868744889,0.17277955890982533,2.96114828702319,1.1967980528105586e6,0.12190811994435309,0.2112608843887198,3.0200566401158047,2.872892703672036e6,0.9004192613125511,0.8272204410901747,0.8780918800556469,0.7887391156112802,0.42667219068816276,0.383417234741507,0.0010000000000000009,0.2577248259476073,0.38215747465465627,0.3459309517446793,0.31887426797732443,0.0010000000000000078,0.2915181991234117,0.30531073504780154,-10.489746964116687,-9.746780658626832,-1.6955781037514097,5.622598021070464,12.104378057384443,17.067167727987602,19.808668422435176,18.936953522857948,13.558524362976327,6.845233621241826,-0.8882562943252539,-9.406983590335402,5.143014843604848,2.2401410892942506,2.5566406436803835,2.6024212484751974,2.150619967140361,1.5566869160467869,1.8339844818782411,1.3007092646431795,1.42163793829876,2.1432439784971815,1.834423339925028,3.1600403665992105,4.424313855099775,2.2687385910913194,24.17350619864149,16.762326196747463,37.04662407562007,54.4782976291319,80.89342979032132,119.03063381634726,101.28876359511277,129.04547165868095,133.7315357625141,77.55742828669673,54.52933107996054,34.80079544461105,71.94484529542842,12.110204102220969,5.602225609351747,19.932844442367532,20.478647629695605,17.65751426237317,40.7982588367982,37.458427121848935,41.47218883343292,63.583265113810604,32.32331435461106,23.92861590020293,23.077922250941377,28.201952374114995,-12.48611111,-9.338888888500001,-0.41111111100000003,5.341666666499999,11.830555555,17.3,19.66388889,19.1500000025,14.677777779999998,6.436111111000001,-1.1027777777499999,-10.841666664999998,5.0182870377499995,2.4816605545000003,5.1738276155000005,6.106285776,2.26622421275,1.4380910552500001,3.5374053002499997,1.3974814435,2.9627175397500003,4.765850246,1.8957937685000001,6.11268450675,5.553970123499999,3.6409993455,27.891666665000002,15.397222220000002,30.11111111,42.322222222499995,77.09166666499999,102.19444443999998,96.152777775,92.5972222225,80.305555555,68.3388888875,58.1500000025,33.724999999999994,60.356481484999996,14.012159462500001,5.52637682225,12.4614267095,26.0333065475,44.926880839999995,30.708381314999997,55.816890234999995,39.231464772500004,34.25213603,26.805599152499997,36.15748784,21.977977195,28.9925072425,800.0,718.5799999999999,242203.4700000001,269650.68499999994
"Kaibab Band of Paiute Indians of the Kaibab Indian Reservation, Arizona",0.12872239054116968,0.16300563004049481,3.049307059811024,2.801663052511916e6,0.16523390399099266,0.25124652030126465,3.147703014457647,1.7502445555188935e7,0.8712776094588304,0.8369943699595052,0.8347660960090073,0.7487534796987354,0.11936048341099093,0.11918454973719801,0.001440303945216023,0.03574960241670074,0.001,0.094748634745588,0.09438883956205457,0.005164941693630471,0.04880871577669733,0.013013931253738344,6.911656005605545,11.078417436695096,12.267424783560767,15.131343285820897,17.793532337953096,22.12361999626867,24.437739871918982,23.881615731577824,21.786235491449897,18.116773277611937,10.934683726324094,7.898412698181238,16.030121221727082,3.8061846737249465,1.4549162057249474,1.8006437528848618,1.476979328541578,1.8674950345031984,1.3697895794904054,1.855460804053305,2.4035681102174844,1.621438098206823,1.4453863836631131,2.1772789151513865,2.8561324060000004,2.0112727740874203,90.30229803731346,62.669462212153526,50.6791755497015,35.8841032946482,18.305614782430702,2.286969912430704,0.9142146413901922,1.997251836066098,2.415043828428572,16.52648661462687,29.087799102281455,58.89436152432836,30.830231779360343,66.6927087402772,44.04544675488273,34.60597897588487,21.853667575820896,15.48067122076546,2.8341680604371007,1.9989951063155653,4.007183532125801,3.297186761319829,19.85567945260128,33.47901634914713,41.79892835187635,24.162469242196167,2.077777778,3.4444444444999998,5.922222222499999,8.7444444445,13.955555555,18.22222222,22.455555555,22.1,18.894444444999998,11.86111111,4.4944444445,1.6777777779999998,11.154166665000002,3.9780588124999996,3.5047283475,3.063724416,1.9445916964999999,3.2946735465000003,2.3976761399999997,2.406884689,1.3550941425,2.5662778470000003,1.681992982,2.426124073,3.7204755095,2.6950251834999994,77.82222222,68.86666667,45.077777775,37.2,34.733333335000005,19.961111110000004,25.211111109999997,29.222222220000003,20.488888884999998,39.63888889,39.311111115,26.983333334999998,38.70972222,65.17840699,42.078065465,28.871499645,30.52030869,41.167093105,23.66754155,14.34320134,16.787715929999997,15.119705869999999,35.678438465,50.84174513000001,30.39980368,32.887793825,1120.0,1006.0000000000001,242203.4700000001,269650.68499999994
Big Pine Paiute Tribe of the Owens Valley,0.1123404296187763,0.1321787683455216,3.1330876151506653,1.7699263445543934e7,0.105,0.144,3.27,1.052e6,0.8876595703812237,0.8678212316544784,0.895,0.856,0.22886239178494158,0.2195813518696917,0.0016002152976968072,0.1644042391504542,0.06330854874647472,0.08661750513103256,0.0853060941517156,0.00880319009656081,0.04104376282758139,0.001,-0.47818644138291744,1.1533442310694726,4.537043091879849,8.764532534630154,12.566012805373505,17.871779503216178,21.97099850119328,20.803818734769088,16.787644735476075,10.88355809833387,3.2936248471197347,-0.9274531172705343,9.768893127344086,2.9977848210220657,3.4569420123939487,3.1242830165422943,2.4216243662014696,3.0901596307858576,2.861691933700038,2.480931893607681,2.756647467755617,2.855190335776049,2.5092839067127066,3.542128699655903,2.9009455249525926,2.916467800765833,46.12471961249282,35.626563139178565,49.651155609803794,40.44529355715158,56.73649366626885,29.035571902268057,31.085401625632187,22.130413658661606,23.155083322334665,27.0033555825909,36.08753575835715,44.48540162452793,36.79724908847566,38.17733019925211,26.829884477588855,28.729716773637076,21.35768290988964,30.02343850937432,18.271177267292593,26.503049431758043,21.20639791059132,16.624372482447473,20.384098975398434,31.491501714303208,40.37603963027377,26.664557523105817,2.855555556,2.144444444,5.266666667,7.311111111,10.84444444,16.51111111,21.23333333,18.8,16.04444444,11.05555556,6.1,3.255555556,10.11851852,3.116532974,3.622192399,2.868797658,2.552177719,2.657118322,1.887752926,2.724885319,1.717556404,1.592255563,4.503362941,2.946183973,3.121742747,2.775879912,99.57777778,58.72222222,42.46666667,31.28888889,14.26666667,10.36666667,29.57777778,10.866666670000003,16.94444444,16.08888889,20.74444444,79.63333333,35.8787037,93.26466075,62.05910042,29.26734528,26.91600102,13.716413529999999,22.61559197,39.7270304,15.92921844,15.3134019,15.79053866,33.13001325,78.21724554,37.16221343,5755.49,5169.6399999999985,242203.4700000001,269650.68499999994
Ute Mountain Ute Tribe,0.13,0.174,3.43,487999.99999999994,0.14137320487560204,0.21698516619508287,3.143615047559393,3.4097666605083635e6,0.87,0.8260000000000001,0.858626795124398,0.7830148338049171,0.05839243759135019,0.05839243759135019,0.001,0.015117383863855239,0.001,0.06693688418335556,0.06528732581384349,0.0017571582834139505,0.04230134049718806,0.01372167253850739,-3.1796296297499995,-2.3685185186666664,1.612037037,4.825925925666666,9.814814815499998,16.898148147499995,19.700000001666666,18.391666665,14.640740741666665,8.383333333749999,1.4629629629999996,-2.7500000001666662,7.285956790166666,4.8749264339166665,5.997466146166665,5.322176954333333,4.834937965499999,4.6181223854999995,4.677897222083333,4.778097174666666,5.456184229,4.593325711666666,4.377906896499999,4.538573042333333,4.058114122666666,4.843977357166667,26.525000002499997,25.77222222333333,43.746296295833325,33.46203703916665,33.172222221666665,22.579629629999996,50.7361111125,42.19166666666667,42.28055555666666,34.55277777833333,22.864814814166667,17.607407409166665,32.95756172916666,19.63768717833333,11.205160568333332,27.41386858333333,19.295620384499998,29.67441261166666,19.809011486666666,28.2778177675,18.499816414166666,21.8322014325,34.16124493666666,15.321302594999997,13.187082444166666,21.526268867499997,-1.0347222221249999,3.197222222125,5.431944444625,8.883333333875,14.4875,19.662499998749997,23.411111109999997,22.454166666249993,18.069444444999995,11.418055554874998,4.0847222221249995,-0.147222222125,10.826504630499999,2.0227411746249997,3.0243625868749997,1.831206416375,2.6265536772499996,2.1833845726249996,2.8779275095,2.161988346125,2.1495740959999994,1.7207746112499995,1.7741743127499998,2.5574430811249997,3.6205194345,2.3792208181249994,43.91111111124999,40.36944444625,33.7722222225,27.101388889999992,24.095833333749997,15.091666667999998,25.506944444999995,30.358333334999998,31.694444443749997,32.74999999874999,33.77361111125,15.099999998749999,29.460416667499995,25.221212101249996,38.54973661375,21.417154033749995,19.302306532499998,29.962588529999994,25.517954878624995,21.904859753749996,18.850175455,19.74526815,22.200175671249994,56.59570746124998,16.2261661495,26.291108778749994,482.46000000000004,433.36,242203.4700000001,269650.68499999994
"Bad River Band of the Lake Superior Tribe of Chippewa Indians of the Bad River Reservation, Wisconsin",0.0970788374221773,0.16609503329283481,3.0442794073705874,2.326877081844689e6,0.11733307393570981,0.19590405782549802,3.3171450805510583,996785.4358320393,0.9029211625778227,0.8339049667071652,0.8826669260642902,0.804095942174502,0.4415274027083097,0.3954963074633502,0.0010000000000000013,0.2940283299084343,0.398857910273618,0.4340199203515163,0.4095993224489371,0.0010000000000000007,0.3480406513461276,0.38155870838708394,-10.61156693440532,-9.593902928132591,-1.2713816871102726,6.008522043786677,12.35822120327798,17.356613060607156,20.19008861395799,19.226408486826386,13.9383109060617,7.133818327559567,-0.8691828025277323,-9.638970936868725,5.352248112710864,2.2835695797407283,2.579435053491303,2.6104130149448634,2.1743987920646544,1.5051357639090912,1.8689040155405319,1.1734466760075484,1.404304747890056,2.034353998490318,1.9045049758368886,3.1042216339133573,4.161101377364293,2.2336491359330486,23.502009260246144,16.359818402714147,37.4134522108894,49.71847718837218,82.47882069840169,114.99475255905155,98.88204425735476,118.8539255535018,115.7026328275386,73.64486380117495,50.16881449918936,30.98624877061372,67.72548833621923,12.935596566340664,6.2712598047492625,20.870369672661635,21.540816823285198,27.460097142103713,40.73101205816212,33.79888464122744,42.621042794702994,55.400617446629475,29.988243321749266,26.63144289195602,19.585926202507384,28.152942448749595,-10.111111111333333,-7.777777777666667,-0.2148148146666667,5.725925926,11.89629629333333,17.496296296666664,19.881481479999998,19.674074076666663,15.114814816666668,7.2333333333333325,0.20740740733333332,-6.3999999999999995,6.060493827333333,2.044218238,3.35303555,4.359817924666666,2.080701853333333,1.4620711936666668,3.0577764046666664,1.154680837,2.0986090326666664,3.851867217666667,1.866184913,4.113275782666666,10.188971990999999,3.302600911666667,24.485185186666662,15.562962966666666,30.607407406666663,54.111111109999996,70.91481481666666,102.36666666666666,97.87777777333334,108.15555555666667,118.33333336666668,75.18888888666665,51.922222223333335,35.714814813333334,65.43672839666667,12.024945739333333,7.162015587666667,21.84585987666667,32.088623676666664,30.589575236666665,30.049565219999998,37.333040553333326,46.909630013333334,66.20566041666666,41.20464626333333,42.59105778666666,22.51937754,32.54366649333333,3543.89,3183.2100000000005,242203.4700000001,269650.68499999994
"Minnesota Chippewa Tribe, Minnesota (Fond du Lac Band)",0.09942762887864053,0.17312791683524173,2.951348408959391,754555.3419839408,0.09706864746028158,0.15960786132752874,3.2177449707072987,6.0771835199553715e6,0.9005723711213595,0.8268720831647582,0.9029313525397185,0.8403921386724713,0.4378853892669237,0.3933800134302726,0.001000000000000001,0.2642133054211314,0.3919911011859823,0.3531916414012067,0.34192197897938076,0.0009999999999999979,0.2125168626753289,0.28162577258558613,-10.370674277180049,-9.647717434004722,-1.6544405092650536,5.671940181309918,12.140135121605667,17.12701035976978,19.85472911157025,18.996943456877215,13.617958807508856,6.894988849317001,-0.8042699721210155,-9.304466745487016,5.210178079028926,2.2054331502762694,2.5477646108435663,2.5703027944716648,2.146775480063164,1.5651219967337662,1.8141544439976387,1.3034355444846517,1.4128099403907912,2.1379926875643447,1.8441691429675324,3.1021949373476976,4.399121306391382,2.2541063366092096,23.76034369468123,16.713846258459267,37.28495342984061,54.98415977596221,80.7126131466529,119.99862911676506,101.59467398402009,130.38200187160567,135.67346844976387,77.92640036918536,54.32384232092681,34.62295028638725,72.33149022626328,12.08375246785124,5.559841890879575,20.32717184838253,20.42840590736718,16.698255609828806,40.75262956958677,37.76325165227863,41.923820036900835,64.72807513524205,32.87098830382527,23.818827460897282,23.075607724421488,28.335885636883116,-10.56666667,-5.661111110999999,-1.3333333334999997,5.6,12.083333335,17.944444445,20.183333335,20.22222222,13.811111110000002,7.066666666500001,1.9277777779999998,-9.1611111115,6.009722222000001,2.3154000485000004,9.271834327999999,3.0027513874999996,2.4058427475,1.3846649274999998,4.2145575375,1.51945652,3.5708645695,1.5242157655000002,2.08349233,9.575960722,4.842509984,3.8092959055000004,29.433333335000004,15.244444445000001,35.83888889,45.23888889,75.16666667000001,99.98333335,92.01666667,102.96111109999998,103.01666668,77.65555555499999,44.444444445,30.466666665,62.622222225,24.374781640000002,7.3772511430000005,20.11278119,35.078878419999995,27.662082050000002,39.15386468,31.96031138,52.140727905,52.284136685,32.315569409999995,30.340615755,21.965546215499995,31.23054554,640.0,574.86,242203.4700000001,269650.68499999994
Picayune Rancheria of Chukchansi Indians of California,0.1311640047852074,0.19411960605063197,3.3615909577686214,2.5950561477900643e7,0.132,0.204,3.97,1.3794e7,0.8688359952147926,0.8058803939493681,0.868,0.796,0.2501372108424199,0.24676666848302917,0.14352752053359788,0.1430427077522401,0.09120973791556576,0.34382022968037373,0.34382022968037373,0.1109048274778449,0.20346927180590052,0.2020189525144095,8.265411092676638,10.187639152819356,11.341725830439113,14.200547854430805,16.859345628743508,21.057184747906096,23.7484671312104,22.90052584978219,20.799342125582598,17.318327518284423,10.869556372380638,7.9859246385991565,15.461166495452694,2.005077967581983,2.2183062904313173,2.227894566241041,2.186587754329308,2.4107956892565197,2.736902543218614,2.654222060931578,2.6168496500298697,2.3933233370898868,2.1100302699305677,2.2156527568004725,2.197372201890678,2.3310845906658892,119.95043985416972,89.27100190008578,73.59005105862718,42.75046006308108,24.014149455902913,6.873106198249787,2.691807784048463,3.367880478013146,5.916859089081483,25.478413647505526,40.42418821011234,101.7004319978916,44.66906581164981,98.67900320201966,76.52510632234825,60.49397431936555,30.097955293265244,19.938950386903663,8.671475108810037,4.885453712040744,4.596847780731766,6.502343084864613,29.709307055207624,41.82340691003569,92.35955505434309,39.52361485249283,5.766666667,7.277777778,10.07777778,13.58888889,17.25555556,22.7,25.22222222,25.14444444,20.911111109999997,16.55555556,9.255555556,5.066666667,14.90185185,1.933907961,3.231399765,1.710100712,1.852325865,1.235021367,2.593260496,2.828770836,0.817176711,1.2771496040000003,1.207384685,2.439831506,3.999374951,2.093808705,182.9,121.2444444,107.0111111,59.72222222,38.15555556,10.27777778,9.411111111,8.333333333,5.811111110999999,32.07777778,55.63333333,104.6222222,61.26666666,100.42448660000001,90.39235464,92.01144554,24.21682152,28.64363416,10.737641470000002,18.02646974,15.79659773,4.711274892,37.64660601,50.26335643,79.0787705,45.99578827,49057.57999999,44063.989999999976,242203.4700000001,269650.68499999994
Lone Pine Paiute-Shoshone Tribe,0.1123404296187763,0.1321787683455216,3.1330876151506653,1.7699263445543934e7,0.105,0.144,3.27,1.052e6,0.8876595703812237,0.8678212316544784,0.895,0.856,0.22886239178494158,0.2195813518696917,0.0016002152976968072,0.1644042391504542,0.06330854874647472,0.0919460413227742,0.0918365258793649,0.02074070502277858,0.055850196320263536,0.001,-0.47818644138291744,1.1533442310694726,4.537043091879849,8.764532534630154,12.566012805373505,17.871779503216178,21.97099850119328,20.803818734769088,16.787644735476075,10.88355809833387,3.2936248471197347,-0.9274531172705343,9.768893127344086,2.9977848210220657,3.4569420123939487,3.1242830165422943,2.4216243662014696,3.0901596307858576,2.861691933700038,2.480931893607681,2.756647467755617,2.855190335776049,2.5092839067127066,3.542128699655903,2.9009455249525926,2.916467800765833,46.12471961249282,35.626563139178565,49.651155609803794,40.44529355715158,56.73649366626885,29.035571902268057,31.085401625632187,22.130413658661606,23.155083322334665,27.0033555825909,36.08753575835715,44.48540162452793,36.79724908847566,38.17733019925211,26.829884477588855,28.729716773637076,21.35768290988964,30.02343850937432,18.271177267292593,26.503049431758043,21.20639791059132,16.624372482447473,20.384098975398434,31.491501714303208,40.37603963027377,26.664557523105817,2.722222222,1.077777778,3.722222222,5.344444444,8.8,15.7,19.1,16.88888889,14.6,9.455555556,4.966666667,3.1,8.789814815,4.019570182,3.8512263560000006,4.280706068,2.8147429330000002,2.731300057,5.786838515,3.636275567,1.49117776,2.883574171,3.909639085,3.307567082,3.694252292,3.533905839,150.8444444,90.37777778,59.92222222,39.51111111,9.711111111,15.88888889,19.64444444,11.98888889,21.53333333,17.78888889,26.27777778,117.2333333,48.39351851,145.001501,110.8757951,52.36283935,47.00998416,12.44793602,36.72320263,43.74317407,17.24640864,25.45329055,21.53871192,58.515741,130.0971368,58.41797677,5755.49,5169.6399999999985,242203.4700000001,269650.68499999994
"Utu Utu Gwaitu Paiute Tribe of the Benton Paiute Reservation, California",0.12872239054116968,0.16300563004049481,3.049307059811024,2.801663052511916e6,0.085,0.12,3.25,665000.0,0.8712776094588304,0.8369943699595052,0.915,0.88,0.11936048341099093,0.11918454973719801,0.001440303945216023,0.03574960241670074,0.001,0.08362143945762583,0.07929725525945212,0.03991765778356334,0.02086483683963474,0.0010000000000000002,6.911656005605545,11.078417436695096,12.267424783560767,15.131343285820897,17.793532337953096,22.12361999626867,24.437739871918982,23.881615731577824,21.786235491449897,18.116773277611937,10.934683726324094,7.898412698181238,16.030121221727082,3.8061846737249465,1.4549162057249474,1.8006437528848618,1.476979328541578,1.8674950345031984,1.3697895794904054,1.855460804053305,2.4035681102174844,1.621438098206823,1.4453863836631131,2.1772789151513865,2.8561324060000004,2.0112727740874203,90.30229803731346,62.669462212153526,50.6791755497015,35.8841032946482,18.305614782430702,2.286969912430704,0.9142146413901922,1.997251836066098,2.415043828428572,16.52648661462687,29.087799102281455,58.89436152432836,30.830231779360343,66.6927087402772,44.04544675488273,34.60597897588487,21.853667575820896,15.48067122076546,2.8341680604371007,1.9989951063155653,4.007183532125801,3.297186761319829,19.85567945260128,33.47901634914713,41.79892835187635,24.162469242196167,-0.022222222,0.788888889,1.911111111,5.266666667,9.044444444,13.97777778,18.2,17.4,12.96666667,8.1,1.9666666669999997,0.322222222,7.493518519,1.696892585,1.919273589,2.275106835,2.304343724,2.584623334,2.448355457,1.456021978,2.098809186,1.61322658,1.958953802,3.3845236,2.19361447,2.161145428,150.6333333,89.98888889,62.46666667,42.66666667,36.08888889,14.35555556,29.22222222,14.85555556,15.711111109999997,31.98888889,37.07777778,100.1666667,52.10185185,113.6596344,74.72727823,50.87536241,24.58256496,29.12170344,16.80655461,37.03112805,23.13925837,13.72447125,34.0901175,40.60682756,97.65812818,46.33525241,1120.0,1006.0000000000001,242203.4700000001,269650.68499999994
"Big Valley Band of Pomo Indians of the Big Valley Rancheria, California",0.11282849759002654,0.15698066293148463,3.7654713596578926,1.5605132128889604e7,0.157,0.231,3.92,6.666e6,0.8871715024099734,0.8430193370685154,0.843,0.769,0.3551296032127686,0.35410179873090397,0.14959403786935518,0.1589037927011401,0.17177062289537315,0.633862104878806,0.4135093826394491,0.39747884877122197,0.5886316534397237,0.39831899619632677,7.926475406279184,9.955903838543895,10.68477147627307,13.24158881915859,16.140639895788276,20.53925857006109,22.483490503272662,21.906869733404175,20.15177461972639,16.859396998176372,10.34026800062624,7.266615014524366,14.791421073096028,2.174205801144773,2.3335316597168267,2.7002853085774987,2.630060704564746,2.5817859064846607,2.9807112970933702,2.989045072897196,3.2215980914161224,3.0167925493952716,2.6080682172528893,2.4911813656095103,2.6631762116662223,2.6992035155437644,150.19225217899316,107.61597822103467,99.70582193201481,44.35065893340948,36.56326648038782,9.031997757165488,3.150397721404567,3.045170525777795,7.677408833835569,34.666842284255516,50.72080842938632,127.73342188306681,56.20450209827066,120.31623853831708,91.7862581424969,90.71098613085127,34.551523831002754,30.171309121872753,12.115234706118867,5.514157990033475,4.446484106230572,9.394216342998675,37.55169507738875,51.53227996760255,118.28072122256471,50.53092543185282,6.666666667000001,7.544444444,8.255555556,10.666666670000001,13.4,17.41111111,19.56666667,19.7,17.3,13.92222222,8.4,6.188888889000001,12.41851852,1.49582753,2.064044035,1.836512395,1.485765796,1.6650825809999998,2.370360966,0.796868873,2.386943652,1.336974196,1.245770623,1.480709289,1.719334497,1.657016203,241.1555556,145.8444444,147.8111111,68.83333333,52.34444443999999,21.28888889,4.077777778,6.077777778,18.74444444,45.3,73.34444444,193.7444444,84.88055555,193.5780664,115.6561403,125.5278201,45.37336774,36.57068878,23.5144341,9.692107327,11.13460572,16.29325866,43.18315644,59.28239855,122.1350698,66.82842616,13526.459999989998,12149.810000000018,242203.4700000001,269650.68499999994
"Walker River Paiute Tribe of the Walker River Reservation, Nevada",0.12872239054116968,0.16300563004049481,3.049307059811024,2.801663052511916e6,0.16015266622604163,0.2812594420590853,3.360778074052918,1.1125906564324491e6,0.8712776094588304,0.8369943699595052,0.8398473337739584,0.7187405579409147,0.11936048341099093,0.11918454973719801,0.001440303945216023,0.03574960241670074,0.001,0.035334175392728706,0.02647209915989125,0.01578090209824353,0.010796425000684628,0.001012427278962062,6.911656005605545,11.078417436695096,12.267424783560767,15.131343285820897,17.793532337953096,22.12361999626867,24.437739871918982,23.881615731577824,21.786235491449897,18.116773277611937,10.934683726324094,7.898412698181238,16.030121221727082,3.8061846737249465,1.4549162057249474,1.8006437528848618,1.476979328541578,1.8674950345031984,1.3697895794904054,1.855460804053305,2.4035681102174844,1.621438098206823,1.4453863836631131,2.1772789151513865,2.8561324060000004,2.0112727740874203,90.30229803731346,62.669462212153526,50.6791755497015,35.8841032946482,18.305614782430702,2.286969912430704,0.9142146413901922,1.997251836066098,2.415043828428572,16.52648661462687,29.087799102281455,58.89436152432836,30.830231779360343,66.6927087402772,44.04544675488273,34.60597897588487,21.853667575820896,15.48067122076546,2.8341680604371007,1.9989951063155653,4.007183532125801,3.297186761319829,19.85567945260128,33.47901634914713,41.79892835187635,24.162469242196167,1.0066666666,4.3133333334,4.9355555556,9.5911111108,13.262222221999998,18.939999997999998,23.68,22.657777778000003,17.031111111999998,12.835555556,4.5177777778,1.0644444443999999,11.152962964,2.0980350473999994,3.5380944714,3.2469995292,3.4183305582000005,3.1620254338000002,3.5436736808,3.9445170216,3.0653931173999993,3.0853559554,2.5484428146,2.9997523526,3.1296328476,3.1483544026000003,33.56,26.515555553999995,24.10222222,21.431111112,30.551111111999997,10.211111109800001,11.928888889000001,11.977777775799998,10.1244444444,17.135555556,19.479999999999997,28.606666668000003,20.468703704000003,22.889333163000003,17.6110920084,20.908251464,16.970204889999998,18.108966665999997,13.026841678,13.317400613999999,20.410550947999997,12.596261239999999,17.32123398,17.838397355999998,23.811192741199996,17.900810562,1120.0,1006.0000000000001,242203.4700000001,269650.68499999994
"Otoe-Missouria Tribe of Indians, Oklahoma",0.08092334979992016,0.12469994848899961,3.000171868751666,1.4481789069979887e6,0.14840764218316949,0.23107828978237568,3.1647103844768263,2.8732283440351738e6,0.9190766502000798,0.8753000515110004,0.8515923578168305,0.7689217102176243,0.734097131730571,0.642935594642271,0.001000000000000001,0.724572057116115,0.7022209946887168,0.4570839870368578,0.4166086378022742,0.26255201286712804,0.44358266450267575,0.37881744647288695,-7.440504854353784,-5.397846817643494,2.5920474650120386,9.234049622686214,14.948988134236892,21.053346277700964,23.10910032115727,21.955456311681548,17.382442288524267,9.758243797341745,1.1429083062955336,-7.088461704570094,8.43748076263378,2.9174078054900967,3.000804654637669,2.0312210619778637,2.098825194597669,1.5284422288201929,1.6479977893988345,1.03244454093631,1.4430002396726211,1.885238281474951,1.6453017306741742,3.727431679443106,4.03133343435534,2.249120720219027,15.07165480211262,12.606127290446599,42.79266882381358,64.01532686038443,102.14960517033397,112.6209924428349,94.794701191631,99.81185761311063,85.23432146881161,44.15438187865241,33.01321682828349,22.255184466042707,60.71000323612035,10.097546518933202,10.54965367205281,24.52216776001941,38.59857611165047,33.50479546079223,56.057637060089306,55.35282740711842,45.670084714683476,56.07711861396891,18.559983862730096,28.221167552932027,16.21298359849203,32.78537852758059,3.4296296296666666,5.2185185186666665,11.148148149999999,15.974074076666668,20.351851853333333,26.166666666666664,28.451851853333334,28.496296293333337,24.277777776666667,17.07777778,10.266666669000001,3.4777777779999997,16.19475308666667,2.043340918,2.7680659773333334,1.6151292030000002,1.3604703206666666,1.205923334666667,1.5521968843333331,1.4052631266666666,1.6058335110000002,1.5166312253333334,1.322223026,2.1113904663333334,2.6576586056666662,1.7636772170000001,46.91481481666666,48.73703704,88.02222223333334,89.39999999999999,142.6888889,143.2,98.32962962333333,88.92962963,77.17407407666667,72.83703703666666,46.77407407333333,44.370370369999996,82.28148148666666,24.13099628,36.358565993333336,45.46851216333334,40.648471416666666,81.12755233,69.79083785666667,59.153786266666664,55.61451399333333,49.37269374666666,46.090452903333336,43.75682015333334,36.456938136666665,48.99751177,5741.6,5157.1,242203.4700000001,269650.68499999994
Klamath Tribes,0.141,0.196,3.32,1.0777e7,0.16,0.238,3.3400000000000003,5.978e6,0.859,0.804,0.84,0.762,0.5136579152037877,0.5136005616798966,0.0014345982903241762,0.15660629033988827,0.2272515648846198,0.11377150679848863,0.11377142009398283,0.0009580515546647907,0.039155449126795076,0.006345533814686733,6.370870870735967,10.13557403516424,10.92097482033264,14.480757682370063,15.764333563721415,22.105174403284824,23.390413489937632,22.238346039480252,19.73287133282744,16.638253639854472,9.125410025403328,7.154100254432432,14.838090012640334,2.5656971876029107,2.1338066755696468,1.3186479702099791,2.1526907381538467,3.2027728401995836,1.9686346625717255,3.6228756863118496,3.1159699350103955,3.3148162542453226,2.735994002072766,2.2720329331850313,2.055243943085239,2.5382652355343036,177.3824902116424,134.53180872349273,119.02226841871104,56.63328712964657,25.285285285904372,9.279510279557176,4.032340032386695,0.46671286677338886,7.277847077494801,35.77643797505198,54.88235158155925,133.84703166985446,63.20144760253638,144.5612852326404,130.33121526257798,79.37950551095635,54.71625870205821,22.60053649316008,13.602869596444911,7.5153236975405395,0.7339990721621623,9.563042318787943,43.98090282058212,43.12776188629938,97.61120508486486,53.976992140145526,1.1444444443333333,2.6407407406666668,4.351851851666666,7.892592592666668,11.074074073333335,15.48888889,19.818518516666664,18.93703703666667,15.155555553333336,9.418518517333334,2.3518518516666664,0.7222222223333334,9.08302469,3.8753553893333335,3.56244428,3.3212572553333333,2.7543027196666663,2.763536126,3.6657515286666666,2.529293802666667,2.8560695469999997,2.7427252663333337,1.643163647,3.402775562333333,3.909134,3.085484093666666,80.76296296,37.07407407666666,61.388888890000004,47.37037037333333,39.20370370333334,21.544444446666667,12.2,14.333333333333332,16.54074074,34.00370370333333,63.770370369999995,126.1111111,46.19197531,68.3451403,20.12580243,42.643613599999995,26.59277717333333,26.87439224666667,17.531732833333333,10.166010634666666,18.989040963333334,16.003255346666666,25.197119886666666,54.70405484666666,136.03444090000002,38.60061509666667,1120.0,1006.0000000000001,242203.4700000001,269650.68499999994
Suquamish Indian Tribe of the Port Madison Reservation,0.093,0.132,3.51,4.3331e7,0.112,0.165,3.44,1.7064e7,0.907,0.868,0.888,0.835,0.38,0.38,0.001,0.261,0.352,0.4410687913401502,0.42276957601933035,0.0010000000000000005,0.2602812584803902,0.38607727142601245,-0.7777777780000001,1.1,4.944444444,8.066666667,11.34444444,14.46666667,19.91111111,17.6,13.611111110000001,8.566666667,1.3,-1.344444444,8.232407407,3.2375831179999994,3.063086678,3.055368681,2.478406746,1.570120307,2.398958107,2.01769946,1.137980668,1.427799395,1.9052558880000001,3.6694686260000005,2.821396423,2.398593675,75.34444444,23.42222222,39.12222222,34.06666667,41.74444444,37.14444444,10.43333333,9.644444444,10.87777778,29.133333329999996,63.255555560000005,71.24444444,37.11944444,73.79077027,21.51968737,25.97054956,22.06161825,21.28850107,42.42906171,8.174044287,12.32985311,11.13516701,32.87267102,99.52681939,58.43935128,35.79484119,4.588888889,4.4222222225,7.6333333334999995,11.799999999999999,12.933333335,14.755555555,17.66111111,17.833333330000002,15.21666667,10.611111110000001,7.050000000000001,4.544444444499999,10.754166670000002,2.9118778250000004,3.911670854,1.5291672459999999,3.780104535,1.3324989625,1.584988119,1.8363795550000002,1.7020551750000001,1.402893371,2.2111362615,4.4623307585,2.4367485525,2.4251542680000004,123.44444445,91.805555555,101.77222224500001,63.83888889000001,59.805555555,52.37777778,23.966666670000002,25.911111110000004,41.505555555,108.505555555,128.5833333,131.75555555,79.43935185000001,51.90659634,45.122882395000005,39.50680331,27.169911,24.140439055,24.737857085,23.240555609999998,17.912365175,34.694305944999996,56.507702515000005,84.23475580000002,62.46784304,40.970168105000006,160.0,143.71,242203.4700000001,269650.68499999994
"La Jolla Band of Luiseno Indians, California",0.114,0.152,3.4599999999999995,6.72171e8,0.096,0.126,3.52,1.88159e8,0.886,0.848,0.904,0.874,0.161,0.161,0.086,0.122,0.071,0.20607848567495116,0.20607848567495116,0.04114198033157699,0.06553705818895647,0.09221305305858225,9.833333333,10.95555556,10.63333333,13.28888889,14.21111111,17.56666667,18.74444444,19.98888889,17.53333333,16.85555556,11.11111111,9.955555556,14.22314815,2.593260496,2.296252986,3.557386681,1.630524796,2.376680692,2.870975444,2.204603769,2.940427029,1.73781472,2.228290326,1.900950055,2.0396759,2.364736908,145.0444444,121.8222222,86.12222222,37.64444444,17.84444444,5.922222222,2.188888889,0.611111111,2.222222222,12.81111111,24.97777778,62.41111111,43.30185185,142.3638921,114.2495818,81.71318403,25.01779922,13.88426367,9.267790699,2.890261426,1.412837964,3.048679131,14.10243281,37.44582012,93.42462797,44.90176425,8.288888889,8.311111111,9.477777777999998,11.34444444,13.76666667,17.8,21.42222222,21.866666669999997,19.22222222,15.17777778,11.011111109999998,8.644444444,13.861111110000001,1.027672667,2.798412248,1.263702672,1.267981773,1.496662955,1.733493582,2.7096022670000006,1.54677083,1.488940712,2.14637938,1.59173211,1.510886421,1.715186468,113.9222222,94.12222222,67.95555556,40.51111111,19.02222222,4.255555556,11.08888889,13.61111111,6.977777778,17.51111111,34.44444444,39.22222222,38.5537037,99.45550233,76.46014939,52.2744467,20.64905836,19.16929692,5.376130372,10.16592893,21.77684805,8.652713126,16.76532466,47.57357752000001,54.04562373,36.03038334,160.0,143.71,242203.4700000001,269650.68499999994
Table Mountain Rancheria,0.13066675889493265,0.19307854663864227,3.348298603627362,2.625303457905881e7,0.152,0.22900000000000004,3.07,7.7333e7,0.8693332411050674,0.8069214533613578,0.848,0.7709999999999999,0.25377451603232404,0.25055956993055184,0.14386275423986802,0.1471344190789408,0.0950306294616618,0.17111909986190685,0.17111909986190685,0.057367257125054964,0.09873342441067542,0.09028703310470325,8.229180901910793,10.153232832263726,11.260238962987913,14.128429754006293,16.753760012303573,20.97715284881109,23.633151121981097,22.811610294514878,20.725409975655552,17.261906863572396,10.814592585789898,7.965734730272121,15.392866740516151,2.0308364081459693,2.224626108709262,2.2427027739526846,2.194927148216308,2.4515487424410254,2.730294509929796,2.660088836952258,2.614264768646955,2.4081094775312213,2.107328777733944,2.228604742249704,2.2052001775301107,2.3415443726960676,121.01292895659086,90.34557472627023,74.59753397529734,43.39414502926739,24.441700830807395,6.982941388476319,2.7763793987236554,3.5082702236310754,6.092475230473834,26.08200043621623,41.38374995231168,103.51262337382869,45.344193627082774,98.45075349096571,77.0697807499694,61.172298802565024,30.577169327000853,20.20373194398178,8.603779871798325,4.982532823850024,4.748915453455035,6.678083923215628,30.292762817488576,42.62163079200601,93.65883626944783,39.92168968873933,9.0,10.08888889,12.38888889,15.84444444,19.21111111,23.48888889,26.755555560000005,26.222222219999995,22.47777778,17.68888889,10.93333333,8.533333333,16.88611111,1.443086969,2.804658823,2.130401631,2.876243692,2.609810551,3.797842955,3.9793564530000003,3.021497054,2.724783376,3.42981211,4.192552922,1.790949469,2.900083,58.33333333,50.04444444,49.71111111,25.57777778,17.44444444,3.088888889,6.988888889,6.311111111,6.044444444,12.988888890000002,15.722222220000003,31.67777778,23.66111111,38.12404097,40.63837814,36.39232215,21.95579524,16.93532633,4.878382018,17.05377117,18.05079253,9.241497594,18.97297054,21.72664135,25.63541387,22.46711099,46166.659999999996,41467.36999999998,242203.4700000001,269650.68499999994
Confederated Tribes of Siletz Indians of Oregon,0.1433459986124891,0.21469199722497811,3.3050616005550046,1.0701622088712972e7,0.14699509492157176,0.22398957670834,3.6599417521936646,4.368122780244407e6,0.8566540013875109,0.7853080027750219,0.8530049050784283,0.77601042329166,0.2578277499008651,0.25072597401233,0.001,0.14734596417652762,0.18943060857457703,0.2617034438739928,0.23774201099007888,0.0009999999999999998,0.16229224478307563,0.2609944233541183,6.6987409505297455,8.97444129690935,10.695247088895183,12.758514322124649,15.609852060821531,19.277935157620398,22.511646205269127,22.25892350985836,20.093389991444763,16.37727415824363,9.423638652328613,7.1221907461189815,14.31681617878187,2.8526668198781873,2.3381123116260625,2.8715546369150147,2.1257746570113314,3.610649032849859,3.7619815055212475,2.9542758842832866,2.067739342725212,2.972451681546743,2.582737673351275,2.5617185210226636,2.4344795084702553,2.761178464526912,167.81938938555245,112.11743785439094,114.71611583767705,62.66499842864024,44.448662263116155,15.160528801444759,2.606106389407932,3.8473087817592075,13.183569402611901,50.49175322609065,58.71728045393768,190.05706641813032,69.65251810328614,155.7783018189802,97.95343924320115,90.24451530866855,48.108688665439104,27.772054314504253,14.117537615127482,3.747900116065156,7.967990104478755,18.182335670566573,41.2323780652408,57.83299962549576,184.93961330396604,62.32314615521248,5.455555556,6.6,7.511111111,9.7,11.788888889999999,14.56666667,18.06666667,17.1,15.33333333,10.83333333,6.8,4.277777778,10.66944444,2.507045627,1.95512148,1.944507935,1.607015868,1.366056774,2.099404678,3.475989068,1.343502884,1.208304597,2.454587542,2.154065923,3.933121463,2.170726987,206.73333329999997,137.4555556,145.9555556,83.92222222,71.52222222,76.21111111,11.5,13.56666667,50.666666670000005,106.2,180.0333333,210.0666667,107.8194444,111.548913,76.63747633,57.8399756,42.26321621,26.71056803,27.75763158,9.404387274000001,9.647927239,25.21105908,42.34760914,92.67906991,124.5413385,53.88243099,641.72999999,576.4100000000001,242203.4700000001,269650.68499999994
"Duckwater Shoshone Tribe of the Duckwater Reservation, Nevada",0.10829634053705149,0.12456877736855203,3.1537698784471626,2.137691982494628e7,0.162,0.259,3.15,3.775e6,0.8917036594629485,0.875431222631448,0.838,0.741,0.26243978924580946,0.25036678181389505,0.0016492501238517588,0.2038545824087684,0.08241468979495292,0.04528048488180902,0.03588607561510605,0.01113316554500958,0.020082657065596754,0.001,-2.230378609046005,-1.199971913237107,2.704106280252778,7.2549095607633936,11.326525110338213,16.863633299352877,21.386113919357925,20.074047859388262,15.60243792832153,9.168503538636495,1.48186720589282,-3.02013818675834,8.284304666138015,2.8061065950778556,3.931638727928714,3.438128726681495,2.645607441359452,3.3800634202987863,3.21543420069919,2.6292362116061665,2.840365475179979,3.1477230958468128,2.7615427228452964,3.8657457618058633,2.911571082479776,3.1310969552209285,35.64985394958036,29.214470285171878,49.40740366247723,41.52678912495447,65.8487698020222,35.37788450754296,38.23923716436299,26.904151219226474,28.072716549150634,29.487507021405445,37.74723064799291,41.06891922159248,38.212077762881684,31.416100403629905,22.747933664620817,27.336406878361966,21.240080883437802,33.47164774009099,21.931418580748215,32.313161402755284,25.284472502856413,19.784357367790687,20.509391572057623,31.020245716455996,40.03866106079372,27.257823146840227,-0.7,2.788888889,2.855555556,7.377777778,11.222222219999999,16.12222222,22.64444444,20.62222222,15.28888889,11.41111111,3.044444444,-0.5,9.348148147000002,1.646966909,3.8063908250000003,1.747220014,2.605176471,2.477285701,2.744438821,4.316859713,2.216854629,2.343311996,2.544329207,2.649108865,2.4464259649999995,2.628697426,36.2,33.78888889,27.11111111,24.000000000000004,30.63333333,12.17777778,21.97777778,19.76666667,13.8,18.85555556,24.52222222,26.45555556,24.107407410000004,18.9563314,15.11782428,18.67909556,10.62544117,12.86914916,8.003558236,19.04795119,17.02542217,12.71436196,8.035718871,19.23816375,25.7234383,15.503038,4635.49,4163.639999999999,242203.4700000001,269650.68499999994
Lac du Flambeau Band of Lake Superior Chippewa Indians of the Lac du Flambeau Reservation of Wisconsin,0.0970788374221773,0.16609503329283481,3.0442794073705874,2.326877081844689e6,0.10968495714726743,0.19050520622053005,3.47905967019114,1.2132560286726276e6,0.9029211625778227,0.8339049667071652,0.8903150428527326,0.80949479377947,0.4415274027083097,0.3954963074633502,0.0010000000000000013,0.2940283299084343,0.398857910273618,0.3339864563714868,0.32258080450025856,0.0009999999999999992,0.17468518712754935,0.2520980213224495,-10.61156693440532,-9.593902928132591,-1.2713816871102726,6.008522043786677,12.35822120327798,17.356613060607156,20.19008861395799,19.226408486826386,13.9383109060617,7.133818327559567,-0.8691828025277323,-9.638970936868725,5.352248112710864,2.2835695797407283,2.579435053491303,2.6104130149448634,2.1743987920646544,1.5051357639090912,1.8689040155405319,1.1734466760075484,1.404304747890056,2.034353998490318,1.9045049758368886,3.1042216339133573,4.161101377364293,2.2336491359330486,23.502009260246144,16.359818402714147,37.4134522108894,49.71847718837218,82.47882069840169,114.99475255905155,98.88204425735476,118.8539255535018,115.7026328275386,73.64486380117495,50.16881449918936,30.98624877061372,67.72548833621923,12.935596566340664,6.2712598047492625,20.870369672661635,21.540816823285198,27.460097142103713,40.73101205816212,33.79888464122744,42.621042794702994,55.400617446629475,29.988243321749266,26.63144289195602,19.585926202507384,28.152942448749595,-11.0694444475,-9.594444444500002,-1.6722222224999999,4.8555555555,11.23888889,16.808333335,19.374999999999996,18.5527777775,13.563888887500003,6.2555555555,-0.93888888875,-9.41111111075,4.83032407425,1.975714236,2.56862996325,3.5888346857499998,2.3437890825,1.47281187275,2.7886072315,1.68843413975,1.90274094425,3.4131852169999997,2.1522604875,4.1313898375,4.78478769325,2.7342654495000005,26.0166666675,18.3,35.0250000025,52.1,80.63888889,108.0805555525,106.5472222075,120.10277780000001,121.3638889,85.89999999999999,55.59444444499999,39.991666665000004,70.80509259499999,12.709557644999999,8.46434325575,19.9473098775,26.597010112499998,41.007527405000005,37.686518344999996,40.609416785,52.681342595,67.69214029,38.546123375,30.245758925,29.199331837499997,33.78219837,3543.89,3183.2100000000005,242203.4700000001,269650.68499999994
Turtle Mountain Band of Chippewa Indians of North Dakota,0.09921762279442399,0.17241038728071006,2.9655136998856553,796979.588759568,0.163,0.287,3.0799999999999996,1.245e6,0.900782377205576,0.8275896127192899,0.837,0.7130000000000001,0.427199954108045,0.3836952034622834,0.0009692569532709713,0.2615390142889282,0.3808095296011723,0.47211367059826786,0.4338816922596933,0.0009999999999999983,0.44012508970137065,0.25859287262147046,-10.467047015097085,-9.690902855535352,-1.6059483728860835,5.758922559171158,12.221555060785635,17.2351540057183,19.929392694702585,19.05580495974748,13.688402542446692,6.942972939079125,-0.8433782263989901,-9.398622022746917,5.2355255223069594,2.2737816778675652,2.545103711592032,2.615167123260943,2.155357445343996,1.555110623462963,1.841583744281706,1.296816582090348,1.4037965623961846,2.148465103042649,1.8349910319567904,3.1966625590432103,4.423281482421436,2.2741764708518524,23.29645840951179,16.683532862979803,36.69859084614479,53.40304900529742,80.37015214089229,119.20021820145907,100.48656937048824,128.93158751251406,131.53760443841753,76.8891570037935,53.2175894764366,33.883270985331094,71.2164816886925,11.883518267068464,5.874976357502806,20.170441625252533,20.117531817126828,18.36114728341751,41.16832770511785,38.30835356179575,41.53886350026376,62.93382174090912,32.2435562369697,23.867095669248037,22.354217418622902,28.23515426785634,-12.06666667,-8.444444444,-2.4,6.711111111,11.888888890000002,17.32222222,20.37777778,18.2,12.688888890000001,7.444444443999999,-2.666666667,-11.11111111,4.828703704,5.946637705,7.142673013,4.118252056,3.229336017,1.8312867360000002,2.483333333,1.829465617,1.802775638,1.572771792,3.314404589,5.911429607,6.583966214000001,3.813861026,24.42222222,23.17777778,26.93333333,25.86666667,81.63333333,124.5333333,64.55555556,114.49999999999999,44.877777779999995,42.45555556,45.33333333,23.722222220000003,53.50092591999999,13.7255945,18.61597283,17.77427917,18.08272656,30.32329962,58.99898304,24.19447825,55.47571541,33.08964256,19.50756976,27.48463207,14.93425406,27.68392899,816.8999999999999,733.75,242203.4700000001,269650.68499999994
Iowa Tribe of Oklahoma,0.07840766325237437,0.12180151820206786,2.99897838671617,980216.8447029571,0.13975319508103268,0.1996527236017709,3.0953847869353632,1.6059975356061919e7,0.9215923367476256,0.8781984817979321,0.8602468049189673,0.8003472763982291,0.7473053378407842,0.652747818550418,0.0010000000000000013,0.738451486451236,0.7183085549349465,0.36977362712331197,0.346591050631513,0.22849308807949115,0.3400141395361012,0.3373905152488028,-7.716227761331643,-5.680594282423742,2.3920527625732997,9.088809088093369,14.855752711204055,20.933497628935356,22.951884708390356,21.794784773350223,17.209881239231095,9.56535699203422,0.9135708584795097,-7.36809839009083,8.245055860816215,2.9270617392623577,2.990327658620616,2.048852738005492,2.13204884215885,1.5166729303527662,1.6762114373312207,1.0179290714545834,1.4275544612310944,1.9036330146607514,1.6548697542015205,3.766250863056611,4.096466769632869,2.263156606753695,14.663160120088717,12.066647888103082,42.37305074341782,64.5709993893916,101.98925502749894,113.13421583299532,94.95341032194754,101.93149791998306,87.81413416147018,44.45982725602027,32.85112894876214,22.313406562547524,61.093394513882515,9.863821408053655,10.395190766081956,24.8999978229869,39.22223827772707,32.23631252261513,55.52932439768905,56.42635832241232,46.41656016917616,57.36383894841993,18.79628009140262,28.2298271637051,15.767480926204893,32.928935900997054,4.185185185333333,5.914814815,11.488888886666667,16.30740740666667,20.78888889,26.15555555333333,28.451851849999997,28.655555556666666,24.47037037,17.225925926666665,10.781481483333332,4.1148148146666665,16.545061729999997,2.121187927333333,2.7037127056666663,1.2723781936666667,1.1874893223333334,0.8917007979999999,1.4894532489999999,1.3141346936666667,1.497624087,1.4595135143333333,1.1565946233333333,2.0797091576666666,2.740119569,1.6594681536666667,55.485185183333336,57.744444446666655,106.10000003333333,96.63333333333334,164.0333333333333,149.55555556666667,88.46296297,78.79259259333332,91.41111111000001,82.41111111333332,57.25185185333333,49.97037036999999,89.82098765999999,25.49053576333333,47.18337425,62.761130923333326,46.06262642,81.58725282999998,73.10297097333331,57.802431379999994,58.18912381333333,49.06311094,60.569779579999995,49.0676961,43.26133085666667,54.511780316666666,5261.6,4725.97,242203.4700000001,269650.68499999994
Lower Sioux Indian Community in the State of Minnesota,0.08345227137133034,0.13274358841646375,2.9829693552279792,1.9298025995847522e6,0.08596111683618819,0.15390668040685168,2.97,668455.6357066348,0.9165477286286696,0.8672564115835363,0.9140388831638118,0.8460933195931484,0.6628614167572231,0.5792588455416875,0.0010638563755490963,0.6321259125780151,0.6085319684849959,0.5803819613198582,0.4863029892632946,0.0009999999999999994,0.46303554829287247,0.5458192991992524,-8.975468037436631,-7.131348636262758,1.2462813180076373,8.462528451818352,14.366052695825092,20.17754932307359,22.383453019699186,21.285866908198685,16.50277672748661,8.888281637139102,0.13544149643465137,-8.514593359485914,7.402235128722067,2.9442298695233986,2.910530493062065,2.1828465233764485,2.2551821549711293,1.3986773350088473,1.7514339864088004,0.9356209149617518,1.4540705731814219,1.8776139570043866,1.800222309768615,3.6179617391288112,4.089444598025027,2.268152871297456,15.617485155460754,12.948748120727961,39.94872124375545,55.26432416997515,97.5384584396811,109.3907173683258,96.43440421574212,98.93742031466647,86.44102014923517,46.18817664824183,35.827618615809264,22.525379427015682,59.75520615602171,10.716217054819891,8.837898542896745,26.506968478101896,31.222570934722235,37.169865947163096,47.359478410927565,46.76380207656209,41.848273177155534,59.21235985284989,18.214253179179856,29.088469225788103,16.74131001559812,31.140122240935142,-6.95,-6.7166666665,1.961111111,10.133333332000001,15.894444440000001,21.22222222,24.16666667,22.455555555000004,16.527777775,10.572222224499999,2.6777777780000003,-7.7944444445,8.6791666665,6.3744411415,6.0100261040000005,4.1298857705,4.1001271255,2.9315496289999996,2.4396181425,2.976171996,2.3907553234999996,1.854171108,3.969412613,7.024728618,6.034274777499999,4.186263529500001,17.31111111,16.57222222,48.883333335,73.577777775,107.96666665,119.28333334999999,99.13888887,90.294444445,90.055555555,61.533333330000005,40.877777775,36.07222222,66.79722222,12.73250428,11.777770735,43.121797640000004,63.208130340000004,32.600553305,47.68591859,37.419706700000006,32.273634675,60.147020190000006,48.955865275,33.777788705,39.763959230000005,38.622054139999996,28579.85999995,25670.599999999966,242203.4700000001,269650.68499999994
Confederated Tribes of the Chehalis Reservation,0.144,0.217,3.2899999999999996,6.155e6,0.14406253748754144,0.2228553341869206,3.4317435197040562,8.388289913219665e6,0.856,0.783,0.8559374625124585,0.7771446658130794,0.7909756231889684,0.7746619096356563,0.001,0.5650664519692726,0.6871867746453301,0.6052040180248901,0.5553752937114971,0.0013071107612196346,0.42212069432045174,0.5786997806999316,5.3500000000000005,8.0555555555,8.504843305038463,12.941595439615387,15.474643874615387,20.338461537051284,24.70099715346154,21.05555556,18.722222225,13.38561253923077,7.1666666665,4.395156695461538,13.3409425474359,3.0799474320000004,3.0614438425,3.9778730020641024,3.5680255983589744,2.7738517887948717,3.7572189698333336,2.1121032900000003,2.509537363,2.8686265459999998,3.5842434082435903,4.099795513,4.041861178051283,3.2862106606538464,119.84373220512819,153.3888889,146.4333333,72.98803418551283,57.800000000000004,20.36794871628205,5.099430199820513,1.1660968656794872,15.51467236076923,51.277920226282056,64.64444444307692,170.7333333,73.27148622371794,86.07779040038461,155.1592766,177.6953502,57.121261831538455,47.52070601,19.416973402051287,9.24527160474359,1.6063863181153846,28.502110370897434,47.38541322179487,53.79220235666666,147.394564,69.2431088574359,3.644444444,4.077777778,6.388888889,10.37777778,11.43333333,13.78888889,16.65555556,16.78888889,14.51111111,9.833333333,4.733333333,3.155555556,9.615740741,2.549564233,4.382002333,1.370624351,4.617298392,1.177921899,0.888037787,1.371232211,2.009629596,1.390543459,4.347700542,4.04103947,2.633491556,2.564923819,235.3,149.7111111,135.6444444,103.4444444,78.67777778,71.47777778,24.37777778,34.21111111,65.28888889,166.1555556,220.8333333,212.7222222,124.8203704,125.7456162,83.32702809,48.80320459,48.57720945,39.6765919,20.31063624,18.04790693,16.56007582,40.27379559,81.92225142,136.6263426,106.0438209,63.82620664,160.0,143.72,242203.4700000001,269650.68499999994
Burns Paiute Tribe,0.12872239054116968,0.16300563004049481,3.049307059811024,2.801663052511916e6,0.151,0.24,3.28,606000.0,0.8712776094588304,0.8369943699595052,0.849,0.76,0.11936048341099093,0.11918454973719801,0.001440303945216023,0.03574960241670074,0.001,0.06519192660490764,0.06513721492330583,0.001,0.005269118286321526,0.001,6.911656005605545,11.078417436695096,12.267424783560767,15.131343285820897,17.793532337953096,22.12361999626867,24.437739871918982,23.881615731577824,21.786235491449897,18.116773277611937,10.934683726324094,7.898412698181238,16.030121221727082,3.8061846737249465,1.4549162057249474,1.8006437528848618,1.476979328541578,1.8674950345031984,1.3697895794904054,1.855460804053305,2.4035681102174844,1.621438098206823,1.4453863836631131,2.1772789151513865,2.8561324060000004,2.0112727740874203,90.30229803731346,62.669462212153526,50.6791755497015,35.8841032946482,18.305614782430702,2.286969912430704,0.9142146413901922,1.997251836066098,2.415043828428572,16.52648661462687,29.087799102281455,58.89436152432836,30.830231779360343,66.6927087402772,44.04544675488273,34.60597897588487,21.853667575820896,15.48067122076546,2.8341680604371007,1.9989951063155653,4.007183532125801,3.297186761319829,19.85567945260128,33.47901634914713,41.79892835187635,24.162469242196167,-1.1388888885,1.7833333335000001,3.8555555555,7.85,10.805555555,15.044444445,20.11111111,18.09444444,13.93888889,8.6111111115,1.738888889,-2.3111111109999998,8.198611111,4.3099393605000005,4.466078888,3.264517020499999,3.075296587,2.6463140624999997,2.9858414235,2.2483830680000003,1.9697561775,1.9985708969999998,3.5971473145000004,3.6749571435,4.588365743,3.2354306405,56.277777779999994,20.422222225000002,46.644444445000005,28.277777774999997,49.06666666499999,28.95,20.905555555,6.966666666499999,22.05,36.666666665,69.43888888999999,78.961111115,38.718981485,95.33472671,16.30546166,60.484306965,13.83350094,27.925440495,20.31851383,22.14004578,8.4468365025,21.370373185,27.509710179999995,109.55516475,87.73851002999999,42.580215915000004,1120.0,1006.0000000000001,242203.4700000001,269650.68499999994
Pechanga Band of Indians,0.114,0.152,3.4599999999999995,6.72171e8,0.09999660224025875,0.14598301120129376,3.150314292776065,1.2701498232628132e8,0.886,0.848,0.9000033977597413,0.8540169887987062,0.161,0.161,0.086,0.122,0.071,0.18492062792383177,0.1834416713681825,0.08414054346724076,0.07387068514672342,0.038841401359541526,9.833333333,10.95555556,10.63333333,13.28888889,14.21111111,17.56666667,18.74444444,19.98888889,17.53333333,16.85555556,11.11111111,9.955555556,14.22314815,2.593260496,2.296252986,3.557386681,1.630524796,2.376680692,2.870975444,2.204603769,2.940427029,1.73781472,2.228290326,1.900950055,2.0396759,2.364736908,145.0444444,121.8222222,86.12222222,37.64444444,17.84444444,5.922222222,2.188888889,0.611111111,2.222222222,12.81111111,24.97777778,62.41111111,43.30185185,142.3638921,114.2495818,81.71318403,25.01779922,13.88426367,9.267790699,2.890261426,1.412837964,3.048679131,14.10243281,37.44582012,93.42462797,44.90176425,12.266666669999998,12.02222222,13.14444444,14.53333333,16.51111111,18.85555556,21.27777778,22.64444444,20.63333333,17.83333333,14.422222219999998,12.34444444,16.37407407,1.102270384,3.322189706,1.260070545,1.011187421,0.902003942,1.897439796,2.625727412,1.627967376,0.874642784,1.809005252,1.091762082,0.7731609,1.524785633,130.9888889,102.4777778,63.78888889,33.45555556,17.47777778,3.233333333,5.811111111,3.966666667,5.522222222,12.4,26.48888889,36.91111111,36.87685186,119.4774188,82.84269397,53.85855188,21.34649334,16.09905104,4.848195541,8.543629856,9.675872054,10.14085521,14.20026408,41.08136574,56.30347335,36.53482207,160.0,143.71,242203.4700000001,269650.68499999994
Te-Moak Tribe of Western Shoshone Indians of Nevada (Wells Band),0.10948059250694665,0.12734759341575372,3.136920129450224,2.071432325997771e7,0.1,0.169,3.35,2.969e6,0.8905194074930534,0.8726524065842463,0.9,0.831,0.26023577271033854,0.24867150519867265,0.0028892806023377653,0.19792945240513787,0.07898398679680411,0.07593724961763115,0.07593724961763115,0.001,0.020954363358277214,0.006965772518707908,-2.1091441723516953,-0.98726721068079,2.814176606044725,7.324377484872409,11.31902594756544,16.87947792386064,21.3752301730885,20.036022179854047,15.532736974260828,9.180534630390767,1.521291065042843,-2.891609123273069,8.332904373258001,2.833986875089454,3.886800606516006,3.4204341271746697,2.6353462463601685,3.282964857701978,3.1647226612118646,2.6247804824661007,2.800691269198211,3.160352301646892,2.7126907246417127,3.803484652112993,2.990359784562617,3.109717882451035,38.52749006126176,29.785153798747643,48.95303933880885,40.9700669596657,64.56050952152069,34.62780393397364,36.62935237520245,25.875967776070606,27.08449989571562,29.379399455772123,38.28583385592749,41.07983887733519,37.97991298724104,33.44020099686439,23.15277117844162,27.549677832984926,21.527166397881345,33.20726814278248,21.48122435848398,30.9618087364675,24.35794205219256,19.15979292779519,20.57191087400188,31.308917032711385,39.519445297735395,27.18651048480225,-1.477777778,1.422222222,1.233333333,6.544444444,9.966666667,15.611111110000001,20.16666667,18.02222222,13.55555556,9.733333333,2.1,-2.411111111,7.872222223,5.876814141,6.162340825,1.359227722,1.728518955,2.242208732,2.663383395,1.860107524,0.9310985149999998,1.614087289,5.521095906,5.389805191,4.399842169,3.31237753,30.4,35.3,28.67777778,34.16666667,47.21111111,24.27777778,10.24444444,32.74444444,18.58888889,23.2,27.12222222,24.84444444,28.06481481,24.39087944,38.54289818,13.38345787,18.44302036,31.23617472,19.29208243,7.867355195999999,66.45071691,14.360313749999998,19.73094017,9.525069262,16.01023978,23.26942901,4795.49,4307.36,242203.4700000001,269650.68499999994
Northwestern Band of the Shoshone Nation,0.14300000000000002,0.20600000000000004,2.6600000000000006,1.9600000000000002e6,0.11599999999999999,0.146,3.08,3.186e6,0.857,0.7939999999999999,0.884,0.854,0.21013583794628443,0.21013583794628443,0.031076658091461207,0.06324415314670563,0.0009999999999999998,0.2426722573137036,0.2388804626364128,0.001,0.18580748425123708,0.08059436102680982,-0.46666666700000015,1.8944444445,4.305403348623288,8.265525114239725,11.217427701232877,17.09414002849315,21.227777775,19.52085235712329,14.58843226787671,9.343531202239726,2.0554033485958905,-1.1503044138630139,8.991330542321917,3.211707381,3.2793361945,3.180708662623288,2.4963281387671232,1.9674788521095885,2.4776855029520544,2.5644145082260277,2.2631873004863015,3.3314520898150684,2.05084652980137,2.9599745495616436,4.0577848031917805,2.820075376020548,77.51354642363013,37.51674277034247,42.79733637842465,33.427625569657536,47.10722983089042,24.46575342356164,14.818721464520547,11.946194827013699,13.696194823835617,27.914764080273976,45.58280060452055,41.227777775,34.83455732821918,60.862604924383554,28.63748763280822,30.439061040136988,25.416585216849313,29.625467845,15.382017703424658,12.653756860321918,11.805358275390411,10.698228117445206,21.418918951027397,35.21982020773287,32.48513859,26.220370447054794,-0.8666666670000001,1.233333333,3.177777778,8.711111111,12.23333333,17.01111111,23.588888889999996,21.42222222,16.04444444,10.05555556,2.222222222,-2.044444444,9.399074074,4.37407133,4.78826691,2.091517259,2.538426897,1.550806242,1.651093913,2.094304446,3.366295359,2.353779467,2.489031494,3.277490571,3.966771707,2.878487966,44.16666667,33.18888889,39.22222222,64.78888889,57.98888889,45.9,20.22222222,24.82222222,27.7,33.43333333,54.66666667,36.73333333,40.23611111,35.86683705,25.34395611,23.71311756,67.38016111,32.74944444,35.33468551,37.35230173,25.64116699,24.4419721,20.49475543,69.24214757,23.240159210000005,35.0667254,160.0,143.72,242203.4700000001,269650.68499999994
"Sisseton-Wahpeton Oyate of the Lake Traverse Reservation, South Dakota",0.08381507721872812,0.13324403391532255,2.9964750657022377,1.8659208626099105e6,0.11214925497075916,0.19534231111152073,3.2900084327863044,603523.7579688856,0.9161849227812718,0.8667559660846774,0.8878507450292409,0.8046576888884793,0.6607743921690203,0.5771058204148364,0.0010615643493466981,0.6271472146170265,0.6006801835642809,0.5103898714529328,0.4724132621246572,0.0011968059481771097,0.47224784018365284,0.40931289485601785,-9.036496291519521,-7.201219502219003,1.2073654391255202,8.439796453698703,14.349483063521479,20.15238694751657,22.366837768114372,21.269632696174938,16.477350830546992,8.864996812014905,0.10366819210975536,-8.565946748438018,7.368987971736707,2.9531132519359375,2.8995664031449895,2.2037597198838568,2.2551853264667017,1.3948711622813288,1.7558851587201292,0.9316080649652808,1.4508343332507467,1.8837473846704464,1.8032473315899629,3.6331564099021616,4.095360910359635,2.2716946215262626,15.62930195464592,12.926480391889323,39.56904594716068,54.41030483534329,96.99700814573707,109.12226016022684,96.15402048627747,98.22933746621946,85.66321961523084,46.42114799423632,35.69725026845941,22.307276659596173,59.427221160682166,10.630818636542346,8.713421984187555,26.304898691698284,30.50520292597956,37.26757550544933,46.70341888341258,46.58469730086075,41.39926195861122,58.26571049389568,18.554919292872835,29.07109311192642,16.528607628947675,30.87746886756164,-8.781944444,-5.9375,0.25972222224999997,8.799999999874998,14.55694444375,19.79166666625,22.345833331250002,21.45833333375,15.102777777500002,9.116666665875,0.775000000125,-8.625000000125,7.40520833325,5.8082424206250005,6.642718719124999,3.7852824075,3.4279664366250007,2.331449296125,2.7466367932500004,1.9511105431250002,2.4630968531249997,1.960214626875,3.0893825335,7.267888268000001,6.4231473365000005,3.991428019625,22.069444445,22.45138888875,42.73611111,40.1791666675,71.2125,106.65694444999998,81.52916666625002,71.20277777625,70.493055555,51.550000001250005,32.7138888875,38.550000000000004,54.278703705,30.02263383875,35.22965207675,39.6465394,35.779493575000004,33.847985953750005,40.04073055875,44.126906713749996,36.05342494625,39.173957727499996,29.5110065425,29.157018672499998,58.527201622499994,37.59304596875,29329.35999995,26343.849999999973,242203.4700000001,269650.68499999994
"Bay Mills Indian Community, Michigan",0.09942762887864053,0.17312791683524173,2.951348408959391,754555.3419839408,0.16199999999999998,0.208,2.99,3.1e6,0.9005723711213595,0.8268720831647582,0.8380000000000001,0.792,0.4378853892669237,0.3933800134302726,0.001000000000000001,0.2642133054211314,0.3919911011859823,0.41721857432810644,0.4053321426388563,0.0009999999999999998,0.2547859970801446,0.3191620777042448,-10.370674277180049,-9.647717434004722,-1.6544405092650536,5.671940181309918,12.140135121605667,17.12701035976978,19.85472911157025,18.996943456877215,13.617958807508856,6.894988849317001,-0.8042699721210155,-9.304466745487016,5.210178079028926,2.2054331502762694,2.5477646108435663,2.5703027944716648,2.146775480063164,1.5651219967337662,1.8141544439976387,1.3034355444846517,1.4128099403907912,2.1379926875643447,1.8441691429675324,3.1021949373476976,4.399121306391382,2.2541063366092096,23.76034369468123,16.713846258459267,37.28495342984061,54.98415977596221,80.7126131466529,119.99862911676506,101.59467398402009,130.38200187160567,135.67346844976387,77.92640036918536,54.32384232092681,34.62295028638725,72.33149022626328,12.08375246785124,5.559841890879575,20.32717184838253,20.42840590736718,16.698255609828806,40.75262956958677,37.76325165227863,41.923820036900835,64.72807513524205,32.87098830382527,23.818827460897282,23.075607724421488,28.335885636883116,-7.5166666665,-8.283333333499998,-1.538888889,5.027777778000001,11.52222222,15.85,19.122222224999998,18.955555554999997,14.2,7.972222222,2.0333333335,-5.655555555499999,5.974074074,3.0342484695,3.056993822,2.9335206694999996,1.8240094405000002,1.969411485,2.315657823,2.2045738845,1.3994132989999999,2.329952648,1.769175706,2.9133965434999998,4.6589907915,2.5341120485,63.01666666500001,36.733333335000005,45.916666664999994,61.87777778,67.46666667,98.077777795,63.55555556,78.49444444500001,102.81111112,83.61111111,78.67777777999999,73.21111110999999,71.120833335,23.809351314999997,20.771796065,30.71320093,34.992523170000005,32.677356815,48.795490550000004,24.533962154999998,28.648395760000003,40.633281935,35.312558095,22.95180644,40.11374818,31.99612262,640.0,574.86,242203.4700000001,269650.68499999994
"Santa Rosa Indian Community of the Santa Rosa Rancheria, California",0.13066675889493265,0.19307854663864227,3.348298603627362,2.625303457905881e7,0.144,0.211,3.07,1.1253e7,0.8693332411050674,0.8069214533613578,0.856,0.789,0.25377451603232404,0.25055956993055184,0.14386275423986802,0.1471344190789408,0.0950306294616618,0.05659125331072332,0.05659125331072332,0.007363863468565379,0.016205128083011954,0.001,8.229180901910793,10.153232832263726,11.260238962987913,14.128429754006293,16.753760012303573,20.97715284881109,23.633151121981097,22.811610294514878,20.725409975655552,17.261906863572396,10.814592585789898,7.965734730272121,15.392866740516151,2.0308364081459693,2.224626108709262,2.2427027739526846,2.194927148216308,2.4515487424410254,2.730294509929796,2.660088836952258,2.614264768646955,2.4081094775312213,2.107328777733944,2.228604742249704,2.2052001775301107,2.3415443726960676,121.01292895659086,90.34557472627023,74.59753397529734,43.39414502926739,24.441700830807395,6.982941388476319,2.7763793987236554,3.5082702236310754,6.092475230473834,26.08200043621623,41.38374995231168,103.51262337382869,45.344193627082774,98.45075349096571,77.0697807499694,61.172298802565024,30.577169327000853,20.20373194398178,8.603779871798325,4.982532823850024,4.748915453455035,6.678083923215628,30.292762817488576,42.62163079200601,93.65883626944783,39.92168968873933,7.3,7.411111111,10.88888889,14.333333329999999,17.88888889,21.74444444,24.76666667,24.2,20.66666667,16.51111111,9.322222222,6.622222222000001,15.13796296,2.880104165,8.599483189,3.761131626,3.9363688849999994,3.002267661,3.2806672760000004,3.2101401839999997,2.556364606,3.4503623,3.958043849,5.690074204,3.6217322440000004,3.995561682,55.01111111,41.66666667,37.93333333,20.13333333,15.811111109999999,3.333333333,7.588888889,8.6,2.688888889,11.0,14.78888889,29.94444444,20.70833333,33.70621028,24.131255669999998,33.43845092,13.057373399999998,13.909389309999998,5.421485036,18.99331754,24.18553287,4.547923824,11.82729893,16.78536896,25.129917979999995,18.76112706,46166.659999999996,41467.36999999998,242203.4700000001,269650.68499999994
"Northern Arapaho Tribe of the Wind River Reservation, Wyoming",0.10002923260058659,0.12890556097135922,3.329941899453379,1.510756556992607e7,0.14117614446151538,0.19888061353981684,3.372357646417614,2.8927536113836793e6,0.8999707673994134,0.8710944390286408,0.8588238555384846,0.8011193864601831,0.22783375727329383,0.20773339278419065,0.0010690374531874222,0.20130053338745013,0.08972199054478537,0.056095397600241424,0.055694570097866346,0.002799349391891822,0.021838923204164896,0.002574532331752992,-2.3444203248408093,0.03476845145839334,2.8904968644131688,7.351503457230453,11.405221900503607,18.00897652365773,20.227387843588982,20.113643672044127,16.147531758115036,8.968146003916779,2.612940183355281,-2.502367744076337,8.576152382744924,3.687535183099492,3.5297612927293733,2.8826668863057145,2.9860291618133115,3.219578694850939,3.3087960091280726,2.943988208907017,2.8469885175264085,3.4043417969526013,2.6393295118306788,4.231311355616131,4.038071192096235,3.3098664843180146,27.386870879424723,22.47542209415338,34.83454333487334,42.243162083418945,61.337960282818344,40.58538752130968,48.936874899247435,45.498589000864655,34.54333896173658,30.049758803614296,24.847785014457294,16.034575494937762,35.731189031273495,26.0485997660745,19.773070669268073,20.25584377167473,21.75093215985888,33.31859464182704,30.71577905523874,32.20859077451881,25.668657347554245,23.291414281559312,22.13379119832089,22.25518956620476,14.886620697959106,24.358923660564383,-6.7382716049999996,-4.803703703666667,-0.113580246888889,5.569135802555555,9.717283949777777,15.2,20.386419753333332,18.667901233333332,13.122222223333333,7.654320987777777,-0.6098765432222222,-5.095061728333333,6.079732510333333,2.8162391983333332,5.124800153111111,2.4241015083333335,3.230387511,3.686265503111111,3.350102642222222,3.3508274756666663,3.195357493777778,3.017943330333333,3.381468016888889,5.974280982333332,4.491546278777778,3.6702766745555553,23.144444443666664,25.62098765311111,23.483950615555553,37.81728395111112,66.58024691333334,48.67037037111111,38.63950617444444,33.07530864111111,30.495061727777784,29.144444444444446,30.01728395222222,18.85061728188889,33.79495884777777,17.13534423088889,38.518264818888895,20.191571845666665,25.848987507777775,41.14505730333334,42.55738461666667,53.033745974444436,38.139686564444446,28.008764771111107,29.66603994222222,34.52096190955555,16.533450746888885,32.10827168777778,6541.660000010001,5875.900000000003,242203.4700000001,269650.68499999994
"Sac & Fox Nation, Oklahoma",0.07840766325237437,0.12180151820206786,2.99897838671617,980216.8447029571,0.15553519771414284,0.22809787345611396,3.053165304180015,3.9693318905893113e6,0.9215923367476256,0.8781984817979321,0.8444648022858572,0.771902126543886,0.7473053378407842,0.652747818550418,0.0010000000000000013,0.738451486451236,0.7183085549349465,0.39319529980311285,0.3661602502035588,0.25715685083116135,0.3556197790075648,0.3405914773493788,-7.716227761331643,-5.680594282423742,2.3920527625732997,9.088809088093369,14.855752711204055,20.933497628935356,22.951884708390356,21.794784773350223,17.209881239231095,9.56535699203422,0.9135708584795097,-7.36809839009083,8.245055860816215,2.9270617392623577,2.990327658620616,2.048852738005492,2.13204884215885,1.5166729303527662,1.6762114373312207,1.0179290714545834,1.4275544612310944,1.9036330146607514,1.6548697542015205,3.766250863056611,4.096466769632869,2.263156606753695,14.663160120088717,12.066647888103082,42.37305074341782,64.5709993893916,101.98925502749894,113.13421583299532,94.95341032194754,101.93149791998306,87.81413416147018,44.45982725602027,32.85112894876214,22.313406562547524,61.093394513882515,9.863821408053655,10.395190766081956,24.8999978229869,39.22223827772707,32.23631252261513,55.52932439768905,56.42635832241232,46.41656016917616,57.36383894841993,18.79628009140262,28.2298271637051,15.767480926204893,32.928935900997054,4.362962963,6.088888889,11.674074073333333,16.41851852,20.677777776666662,26.196296293333333,28.500000000000004,28.733333333333327,24.496296296666667,17.281481483333334,10.999999999999998,4.348148148,16.64814815,2.149084097,2.681373451,1.2763990230000002,1.151716427,1.0595884306666667,1.4873687423333333,1.3218946273333332,1.4641091223333333,1.4335329463333333,1.1700262426666665,2.080993908,2.807891405,1.6736648683333333,58.89259259333333,58.03333333666666,101.04814816333332,101.50740740999998,173.31481483333332,141.05925923333334,90.40000000666666,77.64814814666666,97.20740741666665,83.96666666666667,61.31851852,54.48888888666666,91.57376543666666,28.94570754333333,43.32953365333333,54.24677958,50.03438720666666,91.69121505333332,71.05666303666666,57.7591921,58.256499829999996,46.98003915333332,61.222441133333334,51.08909218333333,49.05897917666667,55.30587747,5261.6,4725.97,242203.4700000001,269650.68499999994
Shoshone-Bannock Tribes of the Fort Hall Reservation,0.10829634053705144,0.124568777368552,3.1537698784471644,2.1376919824946277e7,0.10277626189145306,0.11767605794722659,3.011174416503097,2.2402585807060134e6,0.8917036594629486,0.875431222631448,0.8972237381085469,0.8823239420527734,0.2624397892458093,0.2503667818138949,0.0016492501238517582,0.2038545824087683,0.08241468979495276,0.1479410898275719,0.1479305193854391,0.0009999999999999842,0.06542990642649153,0.021345649656414098,-2.2303786090460065,-1.199971913237108,2.7041062802527827,7.254909560763397,11.32652511033822,16.863633299352877,21.386113919357932,20.074047859388276,15.60243792832153,9.168503538636502,1.4818672058928217,-3.02013818675834,8.284304666138024,2.806106595077857,3.931638727928716,3.438128726681495,2.645607441359454,3.3800634202987854,3.215434200699189,2.629236211606167,2.8403654751799787,3.147723095846814,2.7615427228452987,3.865745761805863,2.911571082479778,3.131096955220931,35.6498539495804,29.214470285171892,49.40740366247724,41.52678912495454,65.84876980202226,35.37788450754297,38.23923716436299,26.904151219226506,28.072716549150663,29.48750702140545,37.74723064799292,41.06891922159251,38.212077762881705,31.41610040362994,22.747933664620813,27.336406878361963,21.240080883437823,33.471647740091015,21.931418580748236,32.313161402755306,25.284472502856428,19.784357367790694,20.509391572057638,31.020245716456007,40.03866106079369,27.257823146840234,-4.462962962833333,-0.9203703703333335,1.2,7.033333333333333,11.155555555500001,16.305555556666665,19.122222221666668,18.970370371666668,13.985185185,9.307407407333335,0.42222222216666666,-3.8111111110000007,7.358950617500001,2.5714141953333334,4.859185274833333,2.5543382995000004,1.3379136891666668,3.246135246833333,4.2711790569999994,2.223885998,2.1758714905,1.9560021716666667,4.858128823333334,3.3849975955,5.5854849085,3.252044729333334,33.12777777666667,23.622222224999998,37.753703701666666,28.74444444166667,59.770370369999995,36.44259259166667,19.148148148333334,20.838888888333333,24.94814814833333,28.901851851666667,31.059259259999997,30.78148148,31.26157407666667,19.740244320000002,13.343015789999999,31.808152043333333,18.990204253333335,34.844520896666666,23.895005284999996,19.12194775,20.189850765,14.44831285,14.318603198333335,20.746821621666665,22.16923757166667,21.134659693333333,9270.98,8327.28,242203.4700000001,269650.68499999994
"Fort McDermitt Paiute and Shoshone Tribes of the Fort McDermitt Indian Reservation, Nevada and Oregon",0.1123404296187763,0.1321787683455216,3.1330876151506653,1.7699263445543934e7,0.1219792792936167,0.18306830468394544,2.932313881878147,1.4593246522661431e6,0.8876595703812237,0.8678212316544784,0.8780207207063833,0.8169316953160546,0.22886239178494158,0.2195813518696917,0.0016002152976968072,0.1644042391504542,0.06330854874647472,0.07748912025172243,0.07496504539727834,0.007473004265262795,0.020395902718537612,0.004645870793633382,-0.47818644138291744,1.1533442310694726,4.537043091879849,8.764532534630154,12.566012805373505,17.871779503216178,21.97099850119328,20.803818734769088,16.787644735476075,10.88355809833387,3.2936248471197347,-0.9274531172705343,9.768893127344086,2.9977848210220657,3.4569420123939487,3.1242830165422943,2.4216243662014696,3.0901596307858576,2.861691933700038,2.480931893607681,2.756647467755617,2.855190335776049,2.5092839067127066,3.542128699655903,2.9009455249525926,2.916467800765833,46.12471961249282,35.626563139178565,49.651155609803794,40.44529355715158,56.73649366626885,29.035571902268057,31.085401625632187,22.130413658661606,23.155083322334665,27.0033555825909,36.08753575835715,44.48540162452793,36.79724908847566,38.17733019925211,26.829884477588855,28.729716773637076,21.35768290988964,30.02343850937432,18.271177267292593,26.503049431758043,21.20639791059132,16.624372482447473,20.384098975398434,31.491501714303208,40.37603963027377,26.664557523105817,-1.4844444446,1.6155555555999999,3.3844444441999997,7.9866666668000015,11.104444444,16.153333334,21.346666667999997,19.486666665999998,14.377777778,8.626666666599998,1.4777777779999999,-2.297777778,8.481481481600001,2.970978584,4.583973895200001,1.6079369238,2.1952990348,1.7068022530000002,2.2178630561999997,1.6572415428,1.122653925,1.79658836,1.9174611268000001,2.56624475,3.0643573648000006,2.2839500679999998,32.675555554000006,22.94666667,25.955555556000004,21.32,38.457777778,17.157777778000003,12.682222222399998,10.726666665600002,11.72888889,23.57111111,28.128888888000002,44.18444444400001,24.127962961999998,27.751194870000003,18.969477538000003,17.993738418000003,13.213021573799999,16.845375978,12.789272246,19.232642658,14.9347157608,10.6822257752,20.787321878000004,22.997529472,35.232518052,19.285752852,5755.49,5169.6399999999985,242203.4700000001,269650.68499999994
Middletown Rancheria of Pomo Indians of California,0.12248924679693866,0.17750641318708357,3.631934292901986,2.253515859777484e7,0.157,0.231,3.92,6.666e6,0.8775107532030614,0.8224935868129164,0.843,0.769,0.30414520954629215,0.3022338439152425,0.1478887191004965,0.1644206564583403,0.1312205663313913,0.6837663560783396,0.6819606590617445,0.29732075949592074,0.46285388267586997,0.6030375229685146,7.956880957764209,10.011618218055224,10.99933670876762,13.78448386442031,16.566255158620223,20.793359219077335,23.4117291601286,22.63919240603269,20.52614217060977,17.07642483680527,10.383254060985829,7.658048208647714,15.150560414194695,2.0283703821015537,2.3082674695889644,2.4788844600855824,2.4108638188054443,2.5058231392762518,3.0659964255301593,2.6265562733216408,2.6777139728475072,2.511166336630711,2.3693261337570437,2.5174386705409533,2.391651059237694,2.491004845196267,134.28780425495492,94.43691298173967,84.51169060562748,45.316662142451314,28.470611399955825,7.948112610020198,3.590505808723726,4.084050718524131,6.241303056277391,29.13456156285453,46.38309669703126,114.91194278595856,49.943104552137314,104.48911265451814,79.33468490506516,70.60745241957389,32.090692810291124,23.14822655501387,9.963326537942189,6.26034366359712,6.232093321744733,7.501078388336673,32.30391185354327,47.50796000503926,100.35590891736676,43.31623266943074,8.055555556,9.633333333,10.31111111,13.377777779999999,15.91111111,19.72222222,20.61111111,21.51111111,18.75555556,16.26666667,10.05555556,7.544444444,14.31296296,1.2787798,1.312440475,1.2702799339999997,1.965183056,2.35979048,3.011136736,1.337389663,3.301304456,1.481646981,1.044030651,2.047627353,1.650084173,1.838307813,226.1333333,143.8222222,137.9777778,58.52222222,43.36666667,11.7,9.677777778,4.222222222,8.644444444,43.6,56.73333333,208.8888889,79.44074074,210.37688800000004,123.6031025,124.3515559,42.76116164,29.60886692,15.18584868,16.84063373,9.807876653,10.78808499,39.70865775,52.00240379,134.238877,67.43949646,50130.49999999,45027.81,242203.4700000001,269650.68499999994
Red Cliff Band of Lake Superior Chippewa Indians of Wisconsin,0.0970788374221773,0.16609503329283481,3.0442794073705874,2.326877081844689e6,0.102,0.2,3.11,799000.0,0.9029211625778227,0.8339049667071652,0.898,0.8,0.4415274027083097,0.3954963074633502,0.0010000000000000013,0.2940283299084343,0.398857910273618,0.3898746888540367,0.3594329541138747,0.0009999999999999992,0.2930919896637415,0.3754110297657588,-10.61156693440532,-9.593902928132591,-1.2713816871102726,6.008522043786677,12.35822120327798,17.356613060607156,20.19008861395799,19.226408486826386,13.9383109060617,7.133818327559567,-0.8691828025277323,-9.638970936868725,5.352248112710864,2.2835695797407283,2.579435053491303,2.6104130149448634,2.1743987920646544,1.5051357639090912,1.8689040155405319,1.1734466760075484,1.404304747890056,2.034353998490318,1.9045049758368886,3.1042216339133573,4.161101377364293,2.2336491359330486,23.502009260246144,16.359818402714147,37.4134522108894,49.71847718837218,82.47882069840169,114.99475255905155,98.88204425735476,118.8539255535018,115.7026328275386,73.64486380117495,50.16881449918936,30.98624877061372,67.72548833621923,12.935596566340664,6.2712598047492625,20.870369672661635,21.540816823285198,27.460097142103713,40.73101205816212,33.79888464122744,42.621042794702994,55.400617446629475,29.988243321749266,26.63144289195602,19.585926202507384,28.152942448749595,-10.511111109999998,-9.011111111,-1.055555556,5.411111111,11.45555556,17.07777778,19.97777778,19.23333333,14.333333329999999,7.355555556,-0.455555556,-5.866666667,5.662037036999999,1.811383756,2.467004481,2.622551768,2.100859612,1.313498298,2.313426991,1.023203032,1.142365966,2.131900561,2.107789785,2.453625436,11.36914685,2.7380630450000005,45.3,16.61111111,35.88888889,67.92222222,78.35555556,96.96666667,94.4,118.4222222,103.7111111,81.19999999999999,60.15555556,35.45555556,69.53240741,63.599705189999995,7.239724519,23.23657916,48.77324517,44.14261295,28.03952567,36.93599193,65.56301888,73.02301768,36.56025848,33.1377093,15.76539812,39.66806559,3543.89,3183.2100000000005,242203.4700000001,269650.68499999994
Yankton Sioux Tribe of South Dakota,0.10138443333068362,0.15389746372104735,3.1335130779790408,1.388490800378635e6,0.13393616590822693,0.2089071323737285,3.250055927815806,686245.2322798002,0.8986155666693164,0.8461025362789527,0.866063834091773,0.7910928676262715,0.5301296505361173,0.4633858954023448,0.001978995395713197,0.5159039927716423,0.4300288061761563,0.5376297394266497,0.4617725081548185,0.001232740741832453,0.5279810218248919,0.3596819939998333,-6.756103455315997,-4.31868645172269,3.0930410025123383,9.840673003400852,15.091530309177239,21.353842354781392,23.72357027331802,22.79083352837608,18.095508492361944,10.379337157970568,1.4684310238029716,-6.188376269220589,9.047800080832689,2.813956551753782,3.459023807955025,1.80217405111846,2.2087588105183733,1.5982405801033452,1.303560924946111,1.0407185879490972,1.5899351295425408,1.8356587777816957,1.8961499295372022,3.44905349484614,3.3257284423692255,2.193579924051903,11.917302414199323,10.94214877010078,37.59646634524114,63.87960175830563,97.41918142663675,98.50870254012992,65.313819916051,90.6939992104722,65.01886814375133,40.646919341647425,31.908354678106733,14.90680729275676,52.39601432050549,8.45293984669127,9.679125989122932,29.8114383980398,39.89598669555328,39.31066618392176,55.80149705458059,46.99372309151189,39.15091605322545,43.11612592823875,22.240584584164797,25.680732311183895,13.167814274661904,31.108462534338084,-5.588888888666666,-1.2666666666666666,3.3407407406666665,9.318518518666668,15.285185183333331,21.388888886666667,22.01481481333333,23.111111113333337,17.692592593333334,11.592592596666668,1.2259259256666666,-5.485185184999999,9.385802469666668,2.9738349073333334,5.237998202,2.0878104706666667,2.3179184026666664,2.345048465333333,2.378350342666667,4.138252878333333,3.202735502666666,1.8005771203333334,2.515034196333333,3.5918807759999996,4.286842512,3.0730236483333333,11.133333333333333,12.807407406666666,32.58888889,58.111111109999996,95.30740742,87.10000000000001,49.01111111,73.81481481666667,49.722222223333326,39.944444446666665,28.311111110000002,11.699999998,45.79598765666667,5.360607496333333,10.330376518333333,25.091970223333337,38.735934533333335,42.30118808666666,62.04616256,33.363201983333326,40.22989321666667,39.637478783333336,22.498467446666666,20.851214703333333,6.446260458666667,28.90772966666667,52672.115000019985,47310.68999999997,242203.4700000001,269650.68499999994
"Keweenaw Bay Indian Community, Michigan",0.09355067229611252,0.16072319213036923,3.1715451613394423,946818.4160625052,0.14815519240857197,0.19350437532785894,3.281464417528541,694037.6384049678,0.9064493277038874,0.8392768078696308,0.851844807591428,0.8064956246721411,0.2738447798856523,0.25514955517841803,0.0119946894951664,0.1532517551240659,0.17840225161167514,0.3080354822853061,0.3010273966300051,0.0010000000000000009,0.17698826921915167,0.2778520819974505,-6.897741263164327,-5.212723004694135,0.34967657789342754,5.915440792983576,11.104207096396252,15.869707875603297,19.626197183950712,18.420675533502354,13.539167970291105,7.403615023403529,-0.732284819907747,-6.5027673448260614,6.073597635092024,2.592692100952351,2.4282102297248853,2.3451520102037575,1.699358671739203,1.5157791127335698,1.6239155370185456,1.9738707668145565,1.7170178541267624,2.4188446116990634,1.875520644267842,3.364910152904932,3.3172612566443687,2.239377745890143,42.66914710361741,14.927310904014096,32.54318205535685,44.224308814105676,79.361995305702,84.99307249653297,57.18356806379584,70.23372719184985,75.16818727114327,51.63256651055637,36.41785863369956,23.85048252635307,51.1004505733357,80.9337753670785,8.764792644590148,18.06202626665847,21.674189359274678,29.24551548713617,37.744529850262936,24.64394239195683,28.121990266485934,40.50446915709395,23.772083531772328,16.972160160811512,17.55256593204298,28.999336702657306,-10.75313311811417,-9.937411021344342,-2.879549978121383,4.166432762316812,10.95053524469786,15.44806523751297,18.703982565785022,18.060411353563488,12.539935594371975,6.385231445046881,-1.0276152170924295,-8.853728788220348,4.400263006951593,2.506680883580614,2.765941399948119,2.281161490533703,2.0076373850565865,1.6810891340704839,1.9806895500776087,1.7796305207549035,1.485788987018354,2.415556752487656,1.461979543438165,3.2949389568682816,4.853760250431289,2.3762379047199986,35.58576163736755,30.20059258127496,44.63092261941302,52.431933817294684,71.38305773289046,102.15695114690898,93.88035300707405,90.18707922763582,115.6750559466517,88.14417470345603,62.042219259899134,52.93329358528733,69.93761627377677,16.407084843324828,25.354934532082506,27.855496099768377,30.00023377297153,23.69456030893643,36.88062411008019,25.390481260745887,35.905235220854514,49.971600303144655,31.89544116199768,28.665717609829798,34.29182700569809,30.526103017769962,6078.17,5459.56,242203.4700000001,269650.68499999994
Pala Band of Mission Indians,0.114,0.152,3.4599999999999995,6.72171e8,0.096,0.126,3.5200000000000005,1.88159e8,0.886,0.848,0.904,0.874,0.161,0.161,0.086,0.122,0.071,0.1510246660490926,0.1510246660490926,0.05379842009024991,0.05402160314505566,0.04436310875907828,9.833333333,10.95555556,10.63333333,13.28888889,14.21111111,17.56666667,18.74444444,19.98888889,17.53333333,16.85555556,11.11111111,9.955555556,14.22314815,2.593260496,2.296252986,3.557386681,1.630524796,2.376680692,2.870975444,2.204603769,2.940427029,1.73781472,2.228290326,1.900950055,2.0396759,2.364736908,145.0444444,121.8222222,86.12222222,37.64444444,17.84444444,5.922222222,2.188888889,0.611111111,2.222222222,12.81111111,24.97777778,62.41111111,43.30185185,142.3638921,114.2495818,81.71318403,25.01779922,13.88426367,9.267790699,2.890261426,1.412837964,3.048679131,14.10243281,37.44582012,93.42462797,44.90176425,10.322222222999999,10.305555553999998,12.27222222,13.41111111,15.872222220000001,20.88888889,24.161111114999997,23.327777774999998,21.97777778,17.005555554999997,13.149999999999999,10.4722222215,16.09722222,1.5780382245,3.8974225380000003,2.5306205705,2.6841708049999995,3.0702047619999995,3.8357855585,3.351976011,3.1157073935,3.8651993005,3.3688169199999995,1.68748694,1.7039164195,2.890778787,118.86666665000001,94.4,57.6,30.800000000000004,15.33888889,3.6722222225,6.25,11.1944444445,3.9055555555,13.377777774999998,25.43888889,31.205555555000004,34.337499995,113.25834290000002,83.87757212,56.48737995500001,17.05426811,16.442705095,5.19887175,5.462320551000001,21.58153997,4.9573689045,16.443657815,46.213552575,57.7911307,37.064059199999996,160.0,143.71,242203.4700000001,269650.68499999994
Bridgeport Indian Colony,0.12872239054116968,0.16300563004049481,3.049307059811024,2.801663052511916e6,0.085,0.12000000000000001,3.25,665000.0,0.8712776094588304,0.8369943699595052,0.915,0.88,0.11936048341099093,0.11918454973719801,0.001440303945216023,0.03574960241670074,0.001,0.0130622601030926,0.0130622601030926,0.001,0.003,0.001,6.911656005605545,11.078417436695096,12.267424783560767,15.131343285820897,17.793532337953096,22.12361999626867,24.437739871918982,23.881615731577824,21.786235491449897,18.116773277611937,10.934683726324094,7.898412698181238,16.030121221727082,3.8061846737249465,1.4549162057249474,1.8006437528848618,1.476979328541578,1.8674950345031984,1.3697895794904054,1.855460804053305,2.4035681102174844,1.621438098206823,1.4453863836631131,2.1772789151513865,2.8561324060000004,2.0112727740874203,90.30229803731346,62.669462212153526,50.6791755497015,35.8841032946482,18.305614782430702,2.286969912430704,0.9142146413901922,1.997251836066098,2.415043828428572,16.52648661462687,29.087799102281455,58.89436152432836,30.830231779360343,66.6927087402772,44.04544675488273,34.60597897588487,21.853667575820896,15.48067122076546,2.8341680604371007,1.9989951063155653,4.007183532125801,3.297186761319829,19.85567945260128,33.47901634914713,41.79892835187635,24.162469242196167,0.166666667,1.044444444,2.466666667,5.688888889,9.355555556,15.03333333,19.65555556,18.26666667,13.93333333,9.0,2.488888889,0.044444444,8.095370371,3.035621847,2.980398929,4.299127819,3.122676914,3.570403027,4.891574389,3.6421529040000005,3.45,4.016528352,2.278705773,1.9877402020000001,3.148853407,3.36864863,165.0444444,112.74444439999999,93.67777778,44.67777778,45.77777778,13.43333333,28.73333333,13.73333333,17.17777778,35.0,52.8,98.77777778,60.13148147,99.7513297,60.9154765,53.92700571,30.54168372,30.68488137,18.00909492,29.51325973,15.0109127,21.56877244,36.74870746,36.6005806,78.79441252,42.67217645,1120.0,1006.0000000000001,242203.4700000001,269650.68499999994
Te-Moak Tribe of Western Shoshone Indians of Nevada (South Fork Band),0.10948059250694665,0.12734759341575372,3.136920129450224,2.071432325997771e7,0.1,0.169,3.35,2.969e6,0.8905194074930534,0.8726524065842463,0.9,0.831,0.26023577271033854,0.24867150519867265,0.0028892806023377653,0.19792945240513787,0.07898398679680411,0.13243735579197538,0.13188436024351574,0.0011059744624978525,0.047199715001221595,0.019613209515739614,-2.1091441723516953,-0.98726721068079,2.814176606044725,7.324377484872409,11.31902594756544,16.87947792386064,21.3752301730885,20.036022179854047,15.532736974260828,9.180534630390767,1.521291065042843,-2.891609123273069,8.332904373258001,2.833986875089454,3.886800606516006,3.4204341271746697,2.6353462463601685,3.282964857701978,3.1647226612118646,2.6247804824661007,2.800691269198211,3.160352301646892,2.7126907246417127,3.803484652112993,2.990359784562617,3.109717882451035,38.52749006126176,29.785153798747643,48.95303933880885,40.9700669596657,64.56050952152069,34.62780393397364,36.62935237520245,25.875967776070606,27.08449989571562,29.379399455772123,38.28583385592749,41.07983887733519,37.97991298724104,33.44020099686439,23.15277117844162,27.549677832984926,21.527166397881345,33.20726814278248,21.48122435848398,30.9618087364675,24.35794205219256,19.15979292779519,20.57191087400188,31.308917032711385,39.519445297735395,27.18651048480225,-1.9,1.822222222,2.8,7.844444444,10.7,15.822222220000002,21.15555556,19.68888889,14.45555556,8.811111111,0.7,-2.766666667,8.261111112,2.253885534,5.150674174,2.151162476,3.39452173,2.74271763,2.279132389,2.56861398,2.345977645,1.926208135,4.361606483,2.46221445,3.451086785,2.923983451,46.56666667,29.85555556,35.63333333,30.24444444,47.62222222,21.73333333,12.77777778,15.011111110000002,11.9,23.64444444,34.06666667,43.01111111,29.33888889,25.27602619,24.18434985,17.3223122,14.51353774,29.59661204,14.13665448,10.73799071,24.21804309,10.10816502,24.80761532,17.828839,27.92250188,20.05438729,4795.49,4307.36,242203.4700000001,269650.68499999994
"Cheyenne and Arapaho Tribes, Oklahoma",0.10002923260058662,0.12890556097135925,3.3299418994533787,1.510756556992608e7,0.13677236586555203,0.20217334217071342,3.156578760838335,1.5272433055836668e6,0.8999707673994134,0.8710944390286408,0.863227634134448,0.7978266578292865,0.22783375727329414,0.20773339278419134,0.001069037453187424,0.20130053338744996,0.0897219905447855,0.39498500458260405,0.34494755924720977,0.2599588677240644,0.38308808163069863,0.3156539787317898,-2.3444203248408075,0.034768451458393704,2.890496864413163,7.351503457230459,11.405221900503609,18.008976523657726,20.22738784358899,20.11364367204413,16.147531758115036,8.968146003916784,2.6129401833552777,-2.5023677440763357,8.576152382744922,3.687535183099491,3.529761292729375,2.882666886305712,2.9860291618133123,3.2195786948509353,3.3087960091280735,2.9439882089070166,2.8469885175264085,3.4043417969526026,2.639329511830676,4.231311355616133,4.038071192096231,3.309866484318014,27.386870879424734,22.475422094153387,34.83454333487334,42.24316208341892,61.3379602828183,40.58538752130967,48.93687489924741,45.49858900086465,34.54333896173659,30.049758803614296,24.84778501445729,16.03457549493775,35.731189031273466,26.048599766074513,19.77307066926807,20.255843771674737,21.750932159858884,33.318594641827005,30.71577905523876,32.20859077451877,25.66865734755425,23.291414281559305,22.133791198320896,22.25518956620476,14.886620697959115,24.358923660564372,3.7216049382777783,5.654938271722221,10.530246913500003,15.441358023333335,20.147530865000004,26.02283950611111,28.190123457777776,27.978395062222223,23.793209877777777,16.544444445555555,9.688888888666664,3.683950617222223,15.949794238333332,1.7780730636666668,2.691535571,1.1515593669444446,1.2440872374444445,1.4254032939444445,1.6058676677777775,1.3382674735,1.3812999814444444,1.5759166818333337,1.2395499622222221,1.9788032957777772,2.218851296333334,1.635767907722222,37.012962963888896,31.822222221666674,66.03580246888889,66.7555555561111,123.81049383666668,109.18765432333336,71.29814814777778,66.23950617333335,57.67716049333333,64.45925925888888,33.97654320888889,27.883950617222222,63.0132716061111,18.416155467777777,25.44570710222222,40.020803395,29.728565123888888,87.35408192944443,59.314357512777775,46.90013063777777,51.08409871388889,43.92051316944444,43.661192018333324,32.540366688333336,22.33534570388889,41.72677645611112,13083.320000020001,11751.799999999965,242203.4700000001,269650.68499999994
Jackson Band of Miwuk Indians,0.1261219528548257,0.18522465694843096,3.5817207017025012,2.5141038182851363e7,0.109,0.175,4.2,2.919e6,0.8738780471451744,0.8147753430515691,0.891,0.825,0.28511595645340815,0.2828748132664876,0.14725223134173301,0.16647975315764477,0.11608579206429875,0.3139065766335078,0.3139065766335078,0.04253848337588654,0.06788229831573926,0.10093728003132255,7.96793258454465,10.031868945260982,11.113672985462157,13.981812086674568,16.720955231704135,20.885718193029366,23.74911975815247,22.90537264172925,20.662215033919583,17.155308808854873,10.39887837538413,7.8003239892093665,15.28109821950177,1.9753630020698534,2.299084593878197,2.398411012740994,2.331191454564737,2.4782126500268413,3.0969953505084487,2.494801027014579,2.4800262481828685,2.327384365215021,2.282549598725643,2.5269825176409166,2.29295873169909,2.4153300460726554,128.50695128497816,89.64666570035234,78.98901923571454,45.667779172521485,25.52914185758953,7.554148562860923,3.750473646390315,4.461656635835467,5.71931597511316,27.123721476370573,44.806451354127624,110.25166876248956,47.66724947224724,98.7363642341682,74.80886203625033,63.300341030551344,31.196244767665824,20.595518789933127,9.181163913716862,6.53156273940383,6.88111580815999,6.812972003251661,30.39647920449744,46.04522441567251,93.84070606683831,40.69387958416093,5.322222222,8.1,8.244444444,11.96666667,14.98888889,20.6,23.96666667,22.65555556,19.32222222,15.56666667,8.188888889,4.688888889,13.63425926,3.119606457,2.426417112,4.209249075,3.646230931,3.383210178,3.55,3.282910294,2.662288072,3.845704675,2.82931087,4.434648928,5.461328695,3.570908774,168.1111111,117.4444444,116.1666667,59.31111111,40.95555556,9.222222222,5.488888889,4.111111111,6.633333333,37.94444444,56.41111111,116.7222222,61.54351851,113.4942669,101.6663798,100.0820788,42.32282022,27.77535378,9.170302309,9.683419391,7.042095648,8.769549589,46.13166242,59.55846801,121.4112616,53.92563821,36604.039999999986,32877.999999999905,242203.4700000001,269650.68499999994
Sac & Fox Tribe of the Mississippi in Iowa,0.07840766325237437,0.12180151820206786,2.99897838671617,980216.8447029571,0.089,0.146,2.86,742000.0,0.9215923367476256,0.8781984817979321,0.911,0.854,0.7473053378407842,0.652747818550418,0.0010000000000000013,0.738451486451236,0.7183085549349465,0.5471746797911756,0.4255116988633711,0.0010000000000000005,0.4407211511876534,0.5382937960365421,-7.716227761331643,-5.680594282423742,2.3920527625732997,9.088809088093369,14.855752711204055,20.933497628935356,22.951884708390356,21.794784773350223,17.209881239231095,9.56535699203422,0.9135708584795097,-7.36809839009083,8.245055860816215,2.9270617392623577,2.990327658620616,2.048852738005492,2.13204884215885,1.5166729303527662,1.6762114373312207,1.0179290714545834,1.4275544612310944,1.9036330146607514,1.6548697542015205,3.766250863056611,4.096466769632869,2.263156606753695,14.663160120088717,12.066647888103082,42.37305074341782,64.5709993893916,101.98925502749894,113.13421583299532,94.95341032194754,101.93149791998306,87.81413416147018,44.45982725602027,32.85112894876214,22.313406562547524,61.093394513882515,9.863821408053655,10.395190766081956,24.8999978229869,39.22223827772707,32.23631252261513,55.52932439768905,56.42635832241232,46.41656016917616,57.36383894841993,18.79628009140262,28.2298271637051,15.767480926204893,32.928935900997054,-6.2944444445,-3.900000000000001,3.5,11.77777778,15.66111111,21.37777778,23.005555555000004,23.21111111,17.4,12.594444445,3.6388888889999995,-5.4444444445,9.710648149,2.8703157630000002,6.7717088604999995,2.253520582,3.1569618415,2.8850721604999996,1.7800995355000002,3.138000564,2.420572832,2.069651141,3.098463133,4.577746697,5.638608305,3.3883934515000003,28.35,42.61666667,53.044444445,66.388888885,97.9388889,136.64444445,116.46666665,85.56666667,76.422222225,47.105555555,46.96111111,31.766666665,69.10601852,10.077731561000002,52.79562521,47.132971135000005,42.737579505,41.319579805000004,54.120409695,55.897962314999994,34.315349485,40.16593805,32.580892215000006,21.917136005,20.972074079499997,37.83610409,5261.6,4725.97,242203.4700000001,269650.68499999994
"Minnesota Chippewa Tribe, Minnesota (White Earth Band)",0.09359442445990832,0.1601763351138884,3.0440319798013293,2.0800215103231624e6,0.11834742200013683,0.1993088046107159,3.207511621293201,919555.8172685613,0.9064055755400917,0.8398236648861116,0.8816525779998632,0.8006911953892841,0.45078374623081113,0.4086359175482575,0.0017213678140422753,0.3372951327146539,0.39106678171979975,0.5055306152521707,0.45602032210137156,0.000999207007893245,0.4437247194878268,0.41562371204401255,-11.44062295041775,-10.129021292428758,-1.0654932307502694,6.472447366924992,12.812430669073832,17.832130076429163,20.491092622632884,19.539910239202936,14.279265818703717,7.298085524985116,-1.2016371442310796,-10.381372636902723,5.375601255238334,2.550863283419623,2.5389705092034367,2.656421348260737,2.277794207868763,1.443750276880705,1.9583406200755527,1.0350415230842742,1.3641492127106827,1.9212973143423262,1.9028054461311086,3.381963351778854,4.233409918437338,2.27206725109917,22.588280550356988,14.767292898446069,33.834336791780764,43.47426492495578,86.0422094002859,110.27673406016784,102.61374127612594,103.51015537123605,88.0201109321284,65.99668396460824,43.14547027000003,26.139196039443107,61.70070637318043,12.828807963912523,5.1811310910630795,20.128184732518275,19.812623964785317,46.56386639288645,38.76296302752822,49.16481266072871,34.10812410767582,42.31701981216859,23.982043426725717,25.627720574932937,14.923119112502157,27.783368073332014,-12.719444443750001,-9.461111110500001,-0.16527777775000005,6.290277777749999,12.791666665000001,18.47499999875,20.343055555000003,19.966666667500004,15.605555552500002,6.9680555557499995,-1.161111111,-10.1888888875,5.56203703675,2.74577422325,4.55455111975,5.240869173875,2.6607747827500003,1.63897104,3.0741594869999997,0.8473364478750001,2.32647564075,4.0102699545,1.949229490875,5.5407228365000005,7.124164336749999,3.4761082113749997,27.3375,13.606944446249997,28.788888890000006,46.95833333375,76.87777777625,110.23888888625001,109.94583333374999,94.61111110875,68.92499999750001,62.016666667500004,48.20833333375,29.8805555575,59.78298611249999,32.96237615175,4.400743563125,17.506284631249997,40.588957093750004,53.15299063999999,36.926364843749994,69.27872562124999,34.25627289125,33.912939962500005,24.699866487500007,42.04676240125,30.078967835,34.984271012499995,12585.350000019998,11304.410000000002,242203.4700000001,269650.68499999994
"Red Lake Band of Chippewa Indians, Minnesota",0.09921762279442399,0.17241038728071006,2.9655136998856553,796979.588759568,0.11507606487772835,0.19397422746647938,3.0991888017268265,2.0500151232760958e6,0.900782377205576,0.8275896127192899,0.8849239351222716,0.8060257725335206,0.427199954108045,0.3836952034622834,0.0009692569532709713,0.2615390142889282,0.3808095296011723,0.395259166697987,0.3540487022656854,0.0009995721386098493,0.2911338326121937,0.26578617438860946,-10.467047015097085,-9.690902855535352,-1.6059483728860835,5.758922559171158,12.221555060785635,17.2351540057183,19.929392694702585,19.05580495974748,13.688402542446692,6.942972939079125,-0.8433782263989901,-9.398622022746917,5.2355255223069594,2.2737816778675652,2.545103711592032,2.615167123260943,2.155357445343996,1.555110623462963,1.841583744281706,1.296816582090348,1.4037965623961846,2.148465103042649,1.8349910319567904,3.1966625590432103,4.423281482421436,2.2741764708518524,23.29645840951179,16.683532862979803,36.69859084614479,53.40304900529742,80.37015214089229,119.20021820145907,100.48656937048824,128.93158751251406,131.53760443841753,76.8891570037935,53.2175894764366,33.883270985331094,71.2164816886925,11.883518267068464,5.874976357502806,20.170441625252533,20.117531817126828,18.36114728341751,41.16832770511785,38.30835356179575,41.53886350026376,62.93382174090912,32.2435562369697,23.867095669248037,22.354217418622902,28.23515426785634,-13.377083334375003,-10.441666666187503,-1.1722222221875003,5.497916666750001,12.163888888125005,17.589583333750003,19.738888887500003,19.050694444375008,14.422916667500004,6.118055555500002,-2.0027777778125007,-10.886111111187505,4.725173611125001,3.239558577000001,4.740151681437502,5.836849206437501,2.3525969980625003,1.5385293032500005,3.2169396236875016,1.1358766636250002,2.491901402562501,4.436559044,1.8667898656250006,6.085544290312502,8.940832229000003,3.8235107405,34.59791666812501,16.013888888750003,26.490972223125006,45.418055554375,74.53750000000002,112.1305555625,96.08819444000005,109.20972222562506,70.80486111062501,60.79305555625002,54.77152777812503,34.51458333250001,61.28090277937501,44.884765284312515,5.460241235687502,18.683556993937504,40.33953910437502,40.998640076875006,40.98043222687502,47.935730132500005,50.540682818750014,37.25651293500001,29.321915353750008,39.608405002500014,38.32811582325001,36.19487808187501,816.8999999999999,733.75,242203.4700000001,269650.68499999994
Coyote Valley Band of Pomo Indians of California,0.1123418734433241,0.15558230138887016,3.7639227297526836,1.9063115880452327e7,0.135,0.19400000000000003,3.53,7.022e6,0.8876581265566759,0.8444176986111298,0.865,0.8059999999999999,0.34112383913297617,0.33951488909608685,0.11746105078716026,0.10520192216392023,0.1736633744337462,0.6672183321578524,0.6672183321578524,0.4571537900777639,0.4645744995183756,0.5061626625970759,8.20768381816993,10.361941834276507,11.31958538400027,13.571290081753006,16.139832960429523,20.53357196051274,21.9134228195114,22.000262490389236,20.25951379605098,17.151009693310055,10.972718866899587,7.7825115585471085,15.01777877222012,1.920402797077314,2.0983823816059046,2.2553502456971786,2.4827480461253684,1.9349994797438927,2.895573510641611,3.21207055630389,2.959377226779056,3.0975299210354352,2.4426985117675164,1.8885576163613416,2.2986629648335546,2.4571961049124833,150.40688739512473,106.25380462608051,102.58729306577712,47.2565249809342,35.01333631655301,10.336053691658256,2.6411036539248305,1.7525249813744956,5.819677852252077,34.07823415433557,50.08792841198389,134.1617658510684,56.69959458184428,116.21422728875966,94.95598057826044,93.67831512644294,36.94932951708993,30.545677972987914,14.546050665590869,5.2174544453495235,3.142408294723488,7.654257532535028,38.97736414432213,48.19472014568052,131.27206207620662,51.77898731575032,7.4,8.177777778,8.911111111,10.86666667,13.688888889999998,17.73333333,20.48888889,19.71111111,18.14444444,14.22222222,8.844444444,7.044444443999999,12.93611111,1.2,3.23565209,1.328010207,1.532155345,1.501203221,1.637833935,0.633333333,1.057644133,1.335207017,1.8191878529999999,1.694189416,1.7826322609999998,1.563087401,219.0222222,147.1222222,138.8333333,65.76666667,51.67777778,18.94444444,5.155555556,7.1222222219999995,12.06666667,45.37777778,69.15555556,207.1222222,82.28055555,171.935764,106.960025,140.7269253,44.58158252,37.25710596,21.26470733,10.01550187,16.01903382,17.54985755,47.11127195,56.634024909999994,188.2531393,71.52574496,8001.65,7187.3499999999985,242203.4700000001,269650.68499999994
Saginaw Chippewa Indian Tribe of Michigan,0.09942762887864053,0.17312791683524173,2.951348408959391,754555.3419839408,0.13899363584647279,0.1340288262128662,2.770181553006367,4.622436133448231e6,0.9005723711213595,0.8268720831647582,0.8610063641535273,0.8659711737871338,0.4378853892669237,0.3933800134302726,0.001000000000000001,0.2642133054211314,0.3919911011859823,0.5336696558646482,0.46853341867930126,0.0009888662243202062,0.4398799739291396,0.5230238268775373,-10.370674277180049,-9.647717434004722,-1.6544405092650536,5.671940181309918,12.140135121605667,17.12701035976978,19.85472911157025,18.996943456877215,13.617958807508856,6.894988849317001,-0.8042699721210155,-9.304466745487016,5.210178079028926,2.2054331502762694,2.5477646108435663,2.5703027944716648,2.146775480063164,1.5651219967337662,1.8141544439976387,1.3034355444846517,1.4128099403907912,2.1379926875643447,1.8441691429675324,3.1021949373476976,4.399121306391382,2.2541063366092096,23.76034369468123,16.713846258459267,37.28495342984061,54.98415977596221,80.7126131466529,119.99862911676506,101.59467398402009,130.38200187160567,135.67346844976387,77.92640036918536,54.32384232092681,34.62295028638725,72.33149022626328,12.08375246785124,5.559841890879575,20.32717184838253,20.42840590736718,16.698255609828806,40.75262956958677,37.76325165227863,41.923820036900835,64.72807513524205,32.87098830382527,23.818827460897282,23.075607724421488,28.335885636883116,-5.844444444,-6.211111111,0.47777777800000004,6.85,13.155555555000001,18.411111110000004,21.027777775,20.56111111,15.86111111,9.161111111,3.1833333335000003,-4.3722222225,7.688425925000001,2.6107389175,3.4453497285,2.806400843,2.316148878,1.6434470475,2.038067056,1.2321024194999999,1.5227663275,1.5710362475,1.8715594384999998,1.8671989985,2.7841852819999997,2.1424167655,44.755555555,36.544444444999996,39.866666665000004,62.16666666500001,79.13888889,83.27222221999999,73.02222222500001,93.594444445,95.05555556,72.71666667000001,86.005555555,47.077777775,67.76805556,21.083716084999995,23.640465085,25.28618533,24.935347065,38.084367895,33.92055921,18.265125245,33.45871754,34.82351091,35.32456457,38.420027479999995,21.01300144,29.021298990000002,640.0,574.86,242203.4700000001,269650.68499999994
Confederated Tribes of the Grand Ronde Community of Oregon,0.1442077199317528,0.21735875786246317,3.270851795864723,1.0180999675918173e7,0.11133206421880118,0.16516983945299707,3.3808682339829677,6.484871961505077e6,0.8557922800682471,0.7826412421375368,0.8886679357811988,0.834830160547003,0.3190461670697746,0.31334658705433366,0.0013943352635424604,0.17558802671603946,0.23617854726062804,0.43307982020641783,0.38514582882159737,0.0010000000000000009,0.30186771556228537,0.42288027800832795,6.676212121193181,8.884015151611363,10.900505050204545,12.584090909909092,15.508156564613635,19.242752524181817,22.060252523545454,22.48411615915909,19.978333333386363,16.546969696568183,9.563560605924998,7.315530303136363,14.312041245886363,2.9122484457090905,2.412270951718182,2.842826157143181,2.087409742040909,3.608203789031818,3.9413860284636373,2.95515843985,2.1864698195863634,3.066933720563636,2.6412970913000002,2.535697811297727,2.258315461677273,2.787351454809091,162.96805557863638,111.02353537181817,108.91525253004544,61.111616163340905,43.24388889227273,14.29090909135909,2.441338383625,3.877550504979546,13.444368684822727,48.61502525206818,57.372954546204554,186.52148990181817,67.81883207475,149.80256947772727,103.89392013329545,83.67724837459092,47.05626966788636,27.50960248331818,14.331625577954549,3.4991971955727266,8.211628216554544,17.997307669227272,38.89978499875,56.86835551513636,184.6339212009091,61.36511921022728,3.688888889,5.122222222,7.155555556,10.26666667,12.01111111,14.988888889999998,17.92222222,17.37777778,15.3,10.51111111,5.977777778,4.222222222,10.3787037,5.599206293,2.986125323,1.406334874,3.506779149,1.7531717289999997,3.335207806,2.81415075,2.347753063,1.385640646,3.286124026,3.124411056,2.673844506,2.851562435,222.56666669999998,144.4222222,142.8222222,89.33333333,70.64444444,66.87777778,18.16666667,20.71111111,46.05555556,120.93333329999999,203.6777778,253.3888889,116.6333333,103.84198329999998,82.00258804,33.72946701,48.28397766999999,33.79508511,24.02299824,22.71508309,16.21476522,25.47101839,55.11887154,99.68117647999999,108.7163447,54.46611323,836.8299999999999,751.6500000000001,242203.4700000001,269650.68499999994
"Paiute-Shoshone Tribe of the Fallon Reservation and Colony, Nevada",0.1123404296187763,0.1321787683455216,3.1330876151506653,1.7699263445543934e7,0.126,0.181,3.4,1.736e6,0.8876595703812237,0.8678212316544784,0.874,0.819,0.22886239178494158,0.2195813518696917,0.0016002152976968072,0.1644042391504542,0.06330854874647472,0.0341735986017964,0.029825658187605547,0.0009999999999999998,0.018394364525715624,0.0009999999999999998,-0.47818644138291744,1.1533442310694726,4.537043091879849,8.764532534630154,12.566012805373505,17.871779503216178,21.97099850119328,20.803818734769088,16.787644735476075,10.88355809833387,3.2936248471197347,-0.9274531172705343,9.768893127344086,2.9977848210220657,3.4569420123939487,3.1242830165422943,2.4216243662014696,3.0901596307858576,2.861691933700038,2.480931893607681,2.756647467755617,2.855190335776049,2.5092839067127066,3.542128699655903,2.9009455249525926,2.916467800765833,46.12471961249282,35.626563139178565,49.651155609803794,40.44529355715158,56.73649366626885,29.035571902268057,31.085401625632187,22.130413658661606,23.155083322334665,27.0033555825909,36.08753575835715,44.48540162452793,36.79724908847566,38.17733019925211,26.829884477588855,28.729716773637076,21.35768290988964,30.02343850937432,18.271177267292593,26.503049431758043,21.20639791059132,16.624372482447473,20.384098975398434,31.491501714303208,40.37603963027377,26.664557523105817,2.5425298360376223,4.329558363867892,7.88071031990494,11.369867256585298,15.347721615933374,20.834635268744975,26.14563150224871,24.60400472216255,19.981131535246988,12.802106069304996,5.491339587831705,2.8517646307458357,12.84841672607984,2.8609480766657094,2.343262846905227,3.2105515562978177,1.8721701153012638,2.1934517078506603,2.122858057722286,1.5839349819494544,1.5236708710112006,2.2884590053294085,2.360364362020678,3.9723907829035046,3.1892260537762787,2.4601073681453194,17.801183865129236,17.496509031677196,14.966424148645892,20.854805667225737,25.55081690071798,8.316609228246698,12.48251004935382,9.448519369554855,6.569730040042218,11.446445207504308,12.724181508219415,17.24853532784032,14.575522531861,11.475660580255601,10.14096069607984,19.234158519035034,17.554546398380243,16.841534220893166,12.475342052946583,19.468453853446295,17.471598345901782,7.547168664542792,13.364846498391731,12.447381511137278,16.139133074562032,14.513398699767375,5755.49,5169.6399999999985,242203.4700000001,269650.68499999994
Confederated Tribes and Bands of the Yakama Nation,0.125,0.186,3.0,1.5824e7,0.12638435985128255,0.18768455930661845,3.224196953549439,1.4525583987426024e7,0.875,0.8140000000000001,0.8736156401487174,0.8123154406933816,0.15059049329745594,0.15059049329745594,0.0009999999999999998,0.0491880405702676,0.0075341184224859544,0.21641675647726477,0.21390457930755205,0.0009992883164407905,0.10708694974608136,0.09265315891796039,-0.911111111,3.777777778,4.533333333,7.5,11.27777778,17.82222222,20.76666667,19.78888889,14.25555556,11.36666667,2.522222222,0.666666667,9.447222223,4.284111473,2.928215232,4.405678154,1.868154169,2.254316847,2.24987654,2.318943725,2.453795246,2.448015069,3.233032632,2.790061728,4.313061558,2.962271864,106.7,88.54444444,73.72222222,57.711111110000004,38.86666667,24.88888889,12.06666667,2.377777778,15.76666667,28.06666667,53.51111111,48.92222222,45.9287037,88.36151594,158.0960872,52.29970787999999,55.712329079999996,24.77195995,17.4438703,12.73214436,2.64186382,17.00999706,24.65501977,46.57876245,37.9761036,44.85661345,-0.033333333272727264,2.406060606181818,5.1616161616363625,9.216161616090906,11.75959595963636,15.076767678181815,20.278787879090906,17.958585858181817,14.98282828272727,8.692929292454545,2.379797979818181,-1.4808080806363633,8.866582491272725,3.488500793090908,3.0519680353636356,2.0623032357272724,2.6521587429999993,1.7802341918181814,1.5959926714545452,2.285282186909091,2.066095564090909,1.9827431945454541,2.452882321818181,2.8353597889999995,3.302925661090909,2.4630371991818176,115.02121212818179,65.33838384272727,66.86868686763634,42.78888888727271,46.57676767727271,35.5989898990909,15.814141414999996,15.180808079909085,30.060606060909087,59.4606060581818,97.76060605999997,130.4606060563636,60.077525250909076,78.85084529636362,36.98304857545454,41.56465003818181,23.96719232545454,31.02710425090908,21.712563344999996,22.310388643909086,16.867986749272724,21.360930137090907,33.61907614263636,71.77863131118181,111.2354953381818,42.606492679999995,160.0,143.71,242203.4700000001,269650.68499999994
"Kaw Nation, Oklahoma",0.12592311974843012,0.2034900318232,3.124781488296144,1.1000836907205146e6,0.1572025342021524,0.2475822789458459,3.078987237184675,3.812518868809298e6,0.8740768802515699,0.7965099681768,0.8427974657978476,0.752417721054154,0.6416478119377773,0.5492917183744752,0.14890371576053263,0.6380947931670657,0.5046632942797499,0.4384815857878812,0.39364080066475143,0.3051784800557644,0.41531873052694734,0.3356202459152568,-2.102357128155086,0.027343678864357374,6.672083591982955,12.01549182668009,16.89760645668382,23.643735154180302,26.506362094543814,25.629225739842102,21.026028553471896,13.588101800633904,5.606136975032483,-1.6027047382969843,12.325587834373945,2.3582059619254405,3.2334297867197823,1.4541273836936324,1.6046490021740067,1.737402080615572,1.5765820567112865,1.4981363979949385,1.9710211499051802,1.7465307443651412,1.613781988812218,2.811651874013411,2.7970084615833155,2.033543907327151,22.49661824911882,20.38207407331845,62.699656527827266,53.84415476927009,115.00280654657733,102.63513924890367,91.23768673590695,87.97450858748387,55.47200993194495,40.39477508816095,31.302396027833165,21.155295676020874,58.71642678865848,11.976821021106309,14.928331747811471,34.30230017296243,23.40288515570878,66.90551690461461,44.23840009566113,46.294827092276414,42.12737711389428,32.465492727063,26.80880154914121,23.505003130524422,21.30297714429425,32.35489448812218,2.6055555554999996,4.399999999999999,10.584382177196996,15.530817768049246,20.079351044203495,25.977777779999997,28.405555554999996,28.272222219999996,23.832782269493066,16.772222224999997,9.794444444499996,3.02125328770871,15.77303036317959,2.192049267,2.8467459364999996,1.375409552453774,1.3943296068574083,1.102995816433708,1.5461411084999996,1.4531096855,1.7075719259999997,1.517713316756704,1.3516941894999996,2.0105198664999993,2.7782618706972046,1.7730451788460666,43.32777777999999,47.822222225,86.69999999999999,88.02222221999997,141.86111114999997,149.3777778,106.43333329999997,94.77222222499996,76.67222222499998,73.87222221999998,49.67222222,44.81666666999999,83.61250000499999,25.989375079999995,34.83180871999999,47.60368078999999,40.102691695,81.49107882999998,76.73613896999998,58.851854724999995,64.37513860499998,49.79214945,50.7357575,47.12872787,39.522306015,51.43005902499999,27634.630000010005,24821.579999999914,242203.4700000001,269650.68499999994
Quapaw Nation,0.134,0.20300000000000004,3.1400000000000006,8.992000000000002e6,0.1457554589727914,0.21181380233662359,2.864576473087522,2.4870018109975327e6,0.866,0.7969999999999999,0.8542445410272086,0.7881861976633764,0.45299999999999996,0.363,0.45299999999999996,0.3340000000000001,0.297,0.44931690071197544,0.3877984213366738,0.3990737959707061,0.38030171611103697,0.43664698538061997,0.7333333329999999,1.3055555555,2.7444444445,7.438888888999999,12.38888889,17.105555555000002,20.28888889,19.71111111,17.655555555,10.98888889,1.333333333,-1.2055555555,9.2074074075,4.4619436695,5.5067941845,1.024430953,4.56844479,4.087317781,4.338890542500001,2.125114376,1.4260473435,6.004377998000001,4.056613256,2.941938137,2.0469719645,3.5490737495,36.861111109999996,53.92777777999999,30.377777780000002,25.97777778,42.17777777999999,23.56111111,22.46111111,62.50555555500001,23.85555556,23.966666665,29.294444445000003,35.355555555,34.193518514999994,21.01353294,50.489087360000006,21.673942915,16.36312759,26.881550279999995,16.18476379,21.0585265,104.65281304999999,25.83394623,21.616973435,33.008161195,50.668828225,34.120437795,2.366666667,4.044444444,10.13333333,14.76666667,19.06666667,24.655555559999996,27.03333333,26.93333333,22.766666670000003,15.62222222,9.455555556,2.644444444,14.95740741,2.752271789,2.831126592,1.3937359860000003,1.220655562,0.9165151389999999,1.4604032929999997,1.533786165,1.503329638,1.607793519,1.170232645,2.295163998,3.22765825,1.826056048,70.84444444,67.93333333,110.95555560000001,99.27777778,181.7666667,125.4333333,85.38888889,83.27777778,101.5,81.12222222,91.97777778,75.38888889,97.90555556,45.5720888,47.98484136,54.46395852,41.91061255,82.35030358,47.23314514,55.21570077,62.81589723,51.08125879,60.68959503,80.40044741,74.14164559,58.6549579,325.59000000000003,292.45,242203.4700000001,269650.68499999994
"Moapa Band of Paiute Indians of the Moapa River Indian Reservation, Nevada",0.12872239054116968,0.16300563004049481,3.049307059811024,2.801663052511916e6,0.128,0.193,3.31,1.53292e8,0.8712776094588304,0.8369943699595052,0.872,0.8069999999999999,0.11936048341099093,0.11918454973719801,0.001440303945216023,0.03574960241670074,0.001,0.04384992114807813,0.02785907901946148,0.027968929147709924,0.012151047392407362,0.0013076223985035325,6.911656005605545,11.078417436695096,12.267424783560767,15.131343285820897,17.793532337953096,22.12361999626867,24.437739871918982,23.881615731577824,21.786235491449897,18.116773277611937,10.934683726324094,7.898412698181238,16.030121221727082,3.8061846737249465,1.4549162057249474,1.8006437528848618,1.476979328541578,1.8674950345031984,1.3697895794904054,1.855460804053305,2.4035681102174844,1.621438098206823,1.4453863836631131,2.1772789151513865,2.8561324060000004,2.0112727740874203,90.30229803731346,62.669462212153526,50.6791755497015,35.8841032946482,18.305614782430702,2.286969912430704,0.9142146413901922,1.997251836066098,2.415043828428572,16.52648661462687,29.087799102281455,58.89436152432836,30.830231779360343,66.6927087402772,44.04544675488273,34.60597897588487,21.853667575820896,15.48067122076546,2.8341680604371007,1.9989951063155653,4.007183532125801,3.297186761319829,19.85567945260128,33.47901634914713,41.79892835187635,24.162469242196167,4.833333333500001,8.5777777775,9.7111111105,14.07777778,19.749999999999996,25.994444444999996,27.66111111,27.005555555,22.733333329999997,17.677777775000003,10.65,6.5,16.264351855,4.7765262185,3.0679914040000003,4.3779993919999995,5.564739464500001,4.333569431,4.1681959795,6.614044380999999,5.763870188,5.475535214000001,3.8200734499999998,4.347764513,4.759230838500001,4.755795039500001,39.066666670000004,39.83888889,15.577777775,10.7111111135,12.794444445,7.300000000000001,26.383333334999996,14.777777780000001,9.855555555499999,16.52222222,15.533333333499998,9.394444444000001,18.146296295,25.49746454,40.96130471,12.21044985,13.003269415,24.763606995,12.962201932,39.0131248,12.48503673,10.2502519765,14.228328145,31.502566769999998,12.95346549,20.819255945000002,1120.0,1006.0000000000001,242203.4700000001,269650.68499999994
"Confederated Tribes of the Coos, Lower Umpqua and Siuslaw Indians",0.1525387478393069,0.23461582997225516,3.246158299722552,6.660674465189413e6,0.15052103830208086,0.21869448894458618,3.4409310397131705,3.677172407329867e6,0.8474612521606931,0.7653841700277448,0.8494789616979191,0.7813055110554138,0.3322554244779314,0.3226575402378646,0.0016640461579630849,0.18559238457399366,0.26777407069453196,0.36410164749946383,0.3344476104547499,0.009678306165172788,0.27414436820918253,0.363938023255845,6.876309348925109,8.434605971762114,11.1268722454185,12.172980910969162,15.307293193215857,18.705971609691627,19.607635827048455,23.78634361035242,19.62090063572687,16.76133137325991,10.248751835273126,7.9869309840528615,14.219660630440528,2.8304108437312765,3.1110581472775327,2.370615463224669,1.921337213035242,3.3365065567753303,5.018574756850221,3.2589832264185024,2.4218581250264313,3.4355116904052854,3.156413038718062,2.4384141864581492,1.5258593017533035,2.902128545801762,155.80680373348017,114.65643663436123,102.6810083234361,60.809740577797335,39.94880078555065,14.876651980123345,2.3480665687400877,4.322173274493392,16.460841897356826,45.81067058193832,53.79583945185022,177.1305922682819,65.72063550643172,138.0474311237885,127.61966720837002,98.79965434035239,51.48881674656387,27.709710487841402,17.635973927136565,2.8570723434845813,9.089852000453742,22.397928610792956,33.74153343004406,55.68517089356827,186.34006627753303,64.28440644929515,6.0925925926666675,7.303703703666668,7.862962963000001,10.337037036666667,12.32962963,15.118518516666668,18.33333333,17.144444443333335,15.444444443333335,11.366666663333335,6.937037037333334,5.859259259333334,11.177469133333334,3.174116080333333,2.7816783926666666,1.7994002596666665,2.1413567383333336,1.4915599563333335,1.5363296773333333,2.9746129636666665,1.344051392666667,1.667207101666667,4.067148433333334,3.125364775333334,2.814123319666667,2.4097457576666668,220.01851853333335,133.00370373333337,133.83333333333331,93.57407407333334,71.83333333333334,60.91851851999999,21.68518518666667,23.27777777666667,44.4,121.85925928666667,175.92962963333335,233.67777776666668,111.16759261333334,144.85628673333335,69.11931129333333,57.914937300000005,58.967199576666665,30.218017016666668,27.454292413333334,20.857042196666672,20.09591186666667,33.68364604,63.071200440000005,89.54131367000001,122.35625580000001,61.51128453,516.8299999999999,464.23,242203.4700000001,269650.68499999994
"Comanche Nation, Oklahoma",0.14990941439102828,0.2614165658864734,3.238712730819875,753716.2891211866,0.15417272847713565,0.22468347597770927,3.0477013602700693,2.171014247603054e6,0.8500905856089718,0.7385834341135267,0.8458272715228643,0.7753165240222908,0.3471923431068736,0.30511127106074515,0.04346417808464931,0.3466521841969687,0.13257108969879283,0.4091458790155211,0.3455394784186893,0.28799756205236104,0.4008642539774979,0.3140104672172517,0.35555555550000006,1.6166666665000002,5.150000000000001,9.216666666500002,13.85,19.916666665000005,21.933333335,21.350000000000005,17.755555555000004,11.594444445000002,5.0333333335,0.4444444445000001,10.684722225000002,2.0445605845000006,2.4304818695000003,2.3395323525,1.9964630355000001,2.0056350000000003,2.3082793290000003,1.8005209695000002,1.8182312830000003,2.040243894,1.6225743240000003,2.45079808,3.295566785000001,2.1794072920000005,17.311111110000002,15.455555555000002,34.022222225,34.75555555500001,59.53333333500001,34.46111111000001,88.04444444500001,59.75000000000001,37.81111111,32.294444445,12.383333335,7.0722222220000015,36.07453704000001,11.149054840000002,15.348086600000004,24.892108495000002,19.848187405000004,40.694919125000006,23.557516455000005,52.33081052000001,27.467385540000006,21.487756415000007,33.05166342000001,12.483945980000001,4.465283599000001,23.898059870000008,5.119513446008077,6.917289677559289,11.840198214299724,16.54598447478544,21.422527828608118,26.845436365285085,29.0559302645536,29.016353127500196,24.700267833346604,17.612949016665517,10.985242274454107,5.113181653310217,17.09790618020887,1.918527267683623,2.5818562735499504,1.2613704462050825,0.9835182581551035,1.1828036796633048,1.5466154426005447,1.3846478292670636,1.227753422768372,1.4909444910446021,1.046063416051657,1.9304049382446276,2.2995255821592893,1.571169253940441,41.1515981804283,39.4490962709865,70.924488033773,69.84315847740811,129.8581591578833,107.29316037804918,77.91130895743512,60.14271127912834,73.1575303764218,72.6041071784039,39.22157025516392,32.80231731716672,67.86326715496513,18.99351000798135,25.640381913599832,46.55934404479202,39.916669821523875,102.22792725944804,57.72053016891323,51.72800678683402,52.51356331086574,47.001865512579585,55.7749726312224,40.34453887556456,23.79046945743085,46.85098165132752,320.0,287.44,242203.4700000001,269650.68499999994
"Agua Caliente Band of Cahuilla Indians of the Agua Caliente Indian Reservation, California",0.114,0.152,3.4599999999999995,6.72171e8,0.1,0.146,3.15,1.26963e8,0.886,0.848,0.9,0.854,0.161,0.161,0.086,0.122,0.071,0.032189206990478246,0.027513679391934425,0.011900729538034775,0.018900619002625598,0.0027039200041031803,9.833333333,10.95555556,10.63333333,13.28888889,14.21111111,17.56666667,18.74444444,19.98888889,17.53333333,16.85555556,11.11111111,9.955555556,14.22314815,2.593260496,2.296252986,3.557386681,1.630524796,2.376680692,2.870975444,2.204603769,2.940427029,1.73781472,2.228290326,1.900950055,2.0396759,2.364736908,145.0444444,121.8222222,86.12222222,37.64444444,17.84444444,5.922222222,2.188888889,0.611111111,2.222222222,12.81111111,24.97777778,62.41111111,43.30185185,142.3638921,114.2495818,81.71318403,25.01779922,13.88426367,9.267790699,2.890261426,1.412837964,3.048679131,14.10243281,37.44582012,93.42462797,44.90176425,9.172222222,9.338888887,11.405555554000001,13.68888889,16.76666667,21.572222225000004,25.394444445000005,24.994444444999996,22.47222222,16.238888890000002,11.0444444465,9.361111111000001,15.95416667,0.8384270014999999,4.1063181835,1.317072312,2.0329989074999997,1.9684879149999999,2.3559641335,2.4302985905,1.9358716395,1.417287319,3.028219901,3.6607816580000003,1.4878854225,2.2149677490000004,93.55555558,68.850000015,45.0,24.033333335000002,10.7444444435,1.3611111115,15.311111115000001,4.7055555555,6.95,14.705555558,22.161111115,26.238888890000002,27.801388890000002,93.75435748,87.34097877500001,42.61166339,22.424751825,13.141054024999999,1.7320787055,26.457179655000004,6.5406278185,11.226741525,21.621841965,43.039232254999995,42.536305635,34.368901085000005,160.0,143.71,242203.4700000001,269650.68499999994
"Tule River Indian Tribe of the Tule River Reservation, California",0.13295012833646916,0.19721667572690468,3.330226795283548,2.5224143389002047e7,0.159,0.239,3.1000000000000005,3.8373e7,0.8670498716635309,0.8027833242730953,0.841,0.761,0.2579737052207817,0.2547007625573416,0.14975724867701254,0.1554109857492803,0.09735057295875482,0.20277578997696694,0.20277578997696694,0.038104564251400644,0.040199490131231905,0.06665609297435791,8.193908154656134,10.136524350849166,11.251632383686875,14.115055125697198,16.789482628724443,21.05672005510412,23.795743350812312,22.86698785222303,20.793349686209407,17.31123295903113,10.82790790830176,7.957380062933176,15.424660376685855,2.0347665896759635,2.2157072959274173,2.248675748531239,2.2060494429490167,2.5132927752701604,2.7845503812500576,2.66127213794305,2.6819490521829636,2.4225310700348714,2.1149081827091982,2.2207895359855194,2.1710923101322197,2.3562987102421245,118.47771845761515,89.92120843023177,73.5996820210668,42.68519605203595,24.304406286474872,6.95093389750191,2.7253918629678706,3.5152133135058996,5.933251566970709,26.20545107627907,41.22547202541142,102.67515057492894,44.85158963072864,93.11985768490884,78.28193138214036,60.961406659559856,29.603134134585577,20.115838752109006,8.707733794481747,5.07309842454586,4.906864040025539,6.471051416711122,30.445493802830086,42.484622489453145,93.73356683705343,39.49204995163331,6.683333332999999,6.2333333335,9.394444443000001,11.799999999999999,15.11111111,20.083333335,23.394444445,22.483333330000004,19.35,14.033333335,7.827777777999999,6.338888889,13.561111110000002,2.9480220075,2.933840869,2.4987617639999997,1.80298728,1.3385208955,1.9098264444999997,1.7257281039999997,1.3665049885,1.10766658,2.577456837,4.2946172465,3.30453975,2.3173727305,111.95000001999999,72.516666665,60.205555555,35.60555556,19.238888885,8.805555556000002,6.1,5.422222222499999,6.411111111500001,14.4,25.522222225,59.505555554999994,35.47361111,72.27791619,50.04293539499999,52.02112069499999,24.408174285,17.73524733,13.001056629,11.140103909999999,9.2517943855,8.6974503345,14.843905955,40.757860429999994,56.6284895,30.900504585,41219.92999999999,37024.15999999995,242203.4700000001,269650.68499999994
Te-Moak Tribe of Western Shoshone Indians of Nevada (Battle Mountain Band),0.10889874495707072,0.1259823034692542,3.1451987605347576,2.1039870692182742e7,0.098,0.188,3.41,323000.0,0.8911012550429293,0.8740176965307458,0.902,0.812,0.2613140626941524,0.24950089997161046,0.002282609816045374,0.20082825476568616,0.08066241915917924,0.011608455990506743,0.0029131580877763156,0.001,0.011608455990506743,0.003013589963581764,-2.1676038787830336,-1.089834227174306,2.7611002763478822,7.290879787678938,11.322642072373966,16.871837585665528,21.38047835693077,20.054358307137996,15.566347039383226,9.174733192192347,1.5022807302308645,-2.953586326484641,8.309469409658952,2.8205428980385188,3.9084217191816193,3.4289665303498293,2.640294233612386,3.3297861538542173,3.189175958409799,2.6269290520026813,2.8198223222045344,3.1542624505809367,2.7362473439607524,3.8335071959873233,2.952367572783034,3.1200269526457842,37.13988298449295,29.509968038178943,49.172135543639705,41.238520504995186,65.18171352806195,34.98949563912238,37.405644942964415,26.3717617425656,27.561021724212594,29.431529335056062,38.02611734074112,41.074573377808406,38.091863724982964,32.46417199310583,22.95755698967088,27.44683776759141,21.3887326710239,33.33475299004635,21.698309724558765,31.613436131376652,24.804718559119223,19.46096027599391,20.541763828842043,31.169718626189425,39.76981311327155,27.22089772164066,-0.9888888889999999,2.433333333,3.966666667,9.033333333,12.16666667,17.72222222,21.91111111,21.14444444,15.522222219999998,11.14444444,2.444444444,-1.455555556,9.587037036,2.580912845,4.294182111,1.299038106,2.970269348,2.153485547,3.286250819,1.645785864,1.663663962,1.65058912,3.572852891,2.22323588,2.946655354,2.523910154,35.05555556,22.53333333,29.866666670000004,23.12222222,50.57777778,20.35555556,13.16666667,18.46666667,10.35555556,19.32222222,25.47777778,37.15555556,25.45462963,19.90302183,14.8118196,16.47482929,18.2109018,22.81840144,14.471187850000002,19.89830395,32.36155126,8.578186159,17.57140986,14.3530291,23.21223336,18.55540629,9430.98,8471.000000000002,242203.4700000001,269650.68499999994
Kiowa Indian Tribe of Oklahoma,0.14990941439102828,0.2614165658864734,3.238712730819875,753716.2891211866,0.15417272847713565,0.22468347597770927,3.0477013602700693,2.171014247603054e6,0.8500905856089718,0.7385834341135267,0.8458272715228643,0.7753165240222908,0.3471923431068736,0.30511127106074515,0.04346417808464931,0.3466521841969687,0.13257108969879283,0.40719452731501765,0.34272610285526245,0.2879520983298383,0.39880402378087426,0.31005005039948613,0.35555555550000006,1.6166666665000002,5.150000000000001,9.216666666500002,13.85,19.916666665000005,21.933333335,21.350000000000005,17.755555555000004,11.594444445000002,5.0333333335,0.4444444445000001,10.684722225000002,2.0445605845000006,2.4304818695000003,2.3395323525,1.9964630355000001,2.0056350000000003,2.3082793290000003,1.8005209695000002,1.8182312830000003,2.040243894,1.6225743240000003,2.45079808,3.295566785000001,2.1794072920000005,17.311111110000002,15.455555555000002,34.022222225,34.75555555500001,59.53333333500001,34.46111111000001,88.04444444500001,59.75000000000001,37.81111111,32.294444445,12.383333335,7.0722222220000015,36.07453704000001,11.149054840000002,15.348086600000004,24.892108495000002,19.848187405000004,40.694919125000006,23.557516455000005,52.33081052000001,27.467385540000006,21.487756415000007,33.05166342000001,12.483945980000001,4.465283599000001,23.898059870000008,5.119513446008077,6.917289677559289,11.840198214299724,16.54598447478544,21.42208788300491,26.845436365285085,29.0559302645536,29.016353127500196,24.700267833346604,17.612949016665517,10.985242274454107,5.113181653310217,17.097869518089784,1.918527267683623,2.5818562735499504,1.2613704462050825,0.9835182581551035,1.182999615215764,1.5466154426005447,1.3846478292670636,1.227753422768372,1.4909444910446021,1.046063416051657,1.9304049382446276,2.2995255821592893,1.57118558190275,41.15159818044415,39.4490962709865,70.92448803378885,69.84315847740811,129.84177558441115,107.2931603778908,77.91130895745094,60.14271127912834,73.1575303764218,72.6041071784039,39.22157025516392,32.802317317182556,67.86190185716522,18.993149791630962,25.640478933542955,46.559582411348046,39.918334568183354,102.24389982671224,57.72040744048771,51.72840927665808,52.512775646330205,47.00251181713491,55.7754539388992,40.3446519204851,23.7930550632882,46.85272588832298,320.0,287.44,242203.4700000001,269650.68499999994
"Pauma Band of Luiseno Mission Indians of the Pauma & Yuima Reservation, California",0.114,0.152,3.4599999999999995,6.72171e8,0.096,0.126,3.52,1.88159e8,0.886,0.848,0.904,0.874,0.161,0.161,0.086,0.122,0.071,0.18907442069423352,0.18907442069423352,0.041000070323556854,0.05728466971947103,0.08737621288222253,9.833333333,10.95555556,10.63333333,13.28888889,14.21111111,17.56666667,18.74444444,19.98888889,17.53333333,16.85555556,11.11111111,9.955555556,14.22314815,2.593260496,2.296252986,3.557386681,1.630524796,2.376680692,2.870975444,2.204603769,2.940427029,1.73781472,2.228290326,1.900950055,2.0396759,2.364736908,145.0444444,121.8222222,86.12222222,37.64444444,17.84444444,5.922222222,2.188888889,0.611111111,2.222222222,12.81111111,24.97777778,62.41111111,43.30185185,142.3638921,114.2495818,81.71318403,25.01779922,13.88426367,9.267790699,2.890261426,1.412837964,3.048679131,14.10243281,37.44582012,93.42462797,44.90176425,8.322222222,9.1,9.522222222,11.42222222,13.25555556,17.31111111,20.78888889,20.91111111,18.84444444,15.66666667,11.08888889,8.711111111,13.74537037,1.05921879,1.58981131,1.275517324,1.171300322,2.046406064,2.566341971,3.9186874220000005,2.803321443,1.898756903,0.8351646539999998,1.543894786,1.497034105,1.8504545910000003,111.8222222,91.87777778,64.63333333,39.97777778,18.28888889,4.055555556,10.03333333,7.466666667000001,7.555555556,17.13333333,31.366666669999997,38.54444444,36.89629629,101.571413,78.67372144,53.550863670000005,21.44048611,18.40885958,5.450484178,9.56477914,8.448964434,9.617056607,16.97836859,48.31627573,54.13340261,35.51288959,160.0,143.71,242203.4700000001,269650.68499999994
"Crow Creek Sioux Tribe of the Crow Creek Reservation, South Dakota",0.07840766325237437,0.12180151820206786,2.99897838671617,980216.8447029571,0.16571537551179194,0.24391439539265328,3.2220093056641392,396722.3200806687,0.9215923367476256,0.8781984817979321,0.8342846244882081,0.7560856046073468,0.7473053378407842,0.652747818550418,0.0010000000000000013,0.738451486451236,0.7183085549349465,0.3027186178074835,0.28722905703184914,0.0009815805252562783,0.2699282845130425,0.14160428392115101,-7.716227761331643,-5.680594282423742,2.3920527625732997,9.088809088093369,14.855752711204055,20.933497628935356,22.951884708390356,21.794784773350223,17.209881239231095,9.56535699203422,0.9135708584795097,-7.36809839009083,8.245055860816215,2.9270617392623577,2.990327658620616,2.048852738005492,2.13204884215885,1.5166729303527662,1.6762114373312207,1.0179290714545834,1.4275544612310944,1.9036330146607514,1.6548697542015205,3.766250863056611,4.096466769632869,2.263156606753695,14.663160120088717,12.066647888103082,42.37305074341782,64.5709993893916,101.98925502749894,113.13421583299532,94.95341032194754,101.93149791998306,87.81413416147018,44.45982725602027,32.85112894876214,22.313406562547524,61.093394513882515,9.863821408053655,10.395190766081956,24.8999978229869,39.22223827772707,32.23631252261513,55.52932439768905,56.42635832241232,46.41656016917616,57.36383894841993,18.79628009140262,28.2298271637051,15.767480926204893,32.928935900997054,-6.566666666666667,-2.4148148149999997,2.285185185,9.555555555333333,14.381481483333333,20.36296296333333,23.95925926,22.570370369999996,17.28148148,10.859259256666665,1.2851851853333331,-5.307407407333333,9.020987653999999,3.3076588689999995,4.948760395666667,2.0054453199999998,2.5729091469999994,2.112042521,1.8636933439999999,1.546672117333333,1.7377205296666667,2.172806468333333,2.1679526549999997,4.673668561666666,6.253856305333333,2.9469321863333335,11.277777780666666,9.674074073666667,29.01851851666666,52.144444443333335,101.8,89.82222222,62.85925925999999,60.28888888666667,46.00000000333333,41.492592593333335,21.15555555333333,12.785185183333331,44.85987654333333,7.359926999999999,5.945773999999999,19.099993723333334,32.433189213333335,62.82647677666666,52.08546109333333,32.61673233,25.142487589999998,32.98299786,33.57728779,21.35205832333333,6.140285981999999,27.630222643333333,5261.6,4725.97,242203.4700000001,269650.68499999994
"Manchester Band of Pomo Indians of the Manchester Rancheria, California",0.1123418734433241,0.15558230138887016,3.7639227297526836,1.9063115880452327e7,0.135,0.19400000000000003,3.53,7.022e6,0.8876581265566759,0.8444176986111298,0.865,0.8059999999999999,0.34112383913297617,0.33951488909608685,0.11746105078716026,0.10520192216392023,0.1736633744337462,0.5617350952767542,0.5617029079487761,0.004385178101309611,0.3824637808217352,0.41115917521548867,8.20768381816993,10.361941834276507,11.31958538400027,13.571290081753006,16.139832960429523,20.53357196051274,21.9134228195114,22.000262490389236,20.25951379605098,17.151009693310055,10.972718866899587,7.7825115585471085,15.01777877222012,1.920402797077314,2.0983823816059046,2.2553502456971786,2.4827480461253684,1.9349994797438927,2.895573510641611,3.21207055630389,2.959377226779056,3.0975299210354352,2.4426985117675164,1.8885576163613416,2.2986629648335546,2.4571961049124833,150.40688739512473,106.25380462608051,102.58729306577712,47.2565249809342,35.01333631655301,10.336053691658256,2.6411036539248305,1.7525249813744956,5.819677852252077,34.07823415433557,50.08792841198389,134.1617658510684,56.69959458184428,116.21422728875966,94.95598057826044,93.67831512644294,36.94932951708993,30.545677972987914,14.546050665590869,5.2174544453495235,3.142408294723488,7.654257532535028,38.97736414432213,48.19472014568052,131.27206207620662,51.77898731575032,8.711111111,9.544444444,10.02222222,11.66666667,13.82222222,16.38888889,17.98888889,18.1,17.1,14.211111110000001,9.5,8.244444444,12.941666670000002,1.44087165,2.395365896,1.21426704,0.543139025,1.146492235,1.303307758,1.8764623929999997,3.091116303,1.5612495,1.128543801,1.6552945359999998,2.031077984,1.6155990100000002,236.59999999999997,163.2333333,145.7,77.26666667,59.36666667000001,13.466666670000002,12.04444444,10.12222222,7.588888889000001,55.36666667,83.72222222,221.9222222,90.53333333,178.2517181,105.59235289999998,109.12205319999998,56.88055467,45.39887113,15.74444346,23.79638161,21.70511332,10.36755087,56.23088564,57.671565300000005,165.2347556,70.49968715,8001.65,7187.3499999999985,242203.4700000001,269650.68499999994
Mooretown Rancheria of Maidu Indians of California,0.14281619198459072,0.20617830478164567,3.307206011929462,1.4834321580200406e7,0.142,0.203,3.37,1.8433e7,0.8571838080154093,0.7938216952183543,0.858,0.7969999999999999,0.40378217147572554,0.39618068912539023,0.18519113483306382,0.22459473639990532,0.22556750281219598,0.4389774704739537,0.4389774704739537,0.26897061040146214,0.3964033204854944,0.3416721100826077,6.656388621938477,9.297952935447928,10.199725872229415,12.990846949493744,15.93602477892662,20.452461818753594,22.517184663021457,22.5021503065684,20.2264231552387,15.977492967709058,9.981818505255367,6.636583716020505,14.447921190214673,2.7028631259448894,2.797991657130406,2.781144487744632,2.648037713066644,2.7223587007244467,3.0660621385511035,2.212533359624799,2.9658069994636316,2.6018784164126894,2.7764004174581856,2.7014529102630562,2.5220527246616453,2.708215221007689,157.5905265524351,107.49109259628646,99.77265476283878,52.65152906786926,37.61213642292533,12.278913453319118,6.828082167148668,10.444604649484132,8.345729645233256,41.42102602542135,53.19862579718037,147.62847023436066,61.27194928155393,138.49631547363023,97.85390411250876,87.33331496690482,39.366990951925665,27.316976646917638,13.92939893461134,8.930099970681189,13.861186514643377,10.801234701809987,46.29426018124321,50.83605529390578,130.49073636180705,55.4592061769657,7.877777778,9.300000000000002,11.17777778,14.01111111,17.17777778,21.9,23.62222222,23.75555556,20.87777778,16.81111111,10.55555556,7.6,15.38888889,1.174497528,2.285278976,1.227576655,1.863762622,1.194547799,2.508983858,3.012796781,1.703754025,1.710100712,1.676636845,2.113120389,1.716828471,1.848990388,158.6111111,102.7222222,90.38888889,43.07777778,30.155555560000003,6.266666667,3.6333333330000004,3.555555556,6.188888889,28.28888889,47.84444444,109.3666667,52.50833333,93.29652250000001,78.18309884,77.28865448,32.1743212,23.92170098,7.635279956,9.766012492,8.49869271,6.080181832,31.979190279999997,42.86193273,76.94887913,40.71953893,5290.3,4751.839999999999,242203.4700000001,269650.68499999994
Blackfeet Tribe of the Blackfeet Indian Reservation of Montana,0.08986382327909656,0.1525144439726685,3.311818224806066,1.2055056040829392e6,0.17950383835116168,0.26195321077613354,3.194675277337018,1.2755289413522887e6,0.9101361767209034,0.8474855560273316,0.8204961616488383,0.7380467892238665,0.1573209410099274,0.15699331165478048,0.018673533523734038,0.07353495084999122,0.025069394165832738,0.18566467751003676,0.17953115914966009,0.001760571449829211,0.12322367742974344,0.033911655547780084,-4.602494081136297,-2.2997428361994854,1.693403543184055,6.105894358674875,10.41947097767377,15.060004898618669,19.500620458622333,18.073593763361497,13.485978447479802,7.742232018971348,-0.7069679157479796,-4.654257490351212,6.651478011955182,2.8818717843280686,2.3584413365389407,2.2181728888159444,1.4091788983894198,1.4910294289654669,1.5097788201928728,2.4036574991469513,1.942301670850845,2.587823674047025,1.8882738596399713,3.558315455257898,2.631479874280676,2.240027099251286,54.660155930617194,13.533574169440856,28.902796147138137,36.490297166836896,78.82451628650256,62.75770675175239,27.8071107848604,30.18181484219693,35.28979508483101,33.901498081069086,24.461066209254234,16.678794187231453,36.95742713650625,125.40736530489639,10.687518759817044,16.161144573148054,22.19586219584498,38.182713580385744,36.66181529884644,16.236869011930946,19.1442001468479,24.44562495408524,17.85799347916606,12.27305638806723,13.560529960417709,29.401224471410732,-6.485714285714287,-2.9507936507142865,-0.8603174602857143,4.4682539682857145,8.860317460857145,13.28730158714286,16.874603175714288,15.195238095714288,10.850793652285715,6.849206349000001,-1.8619047620000007,-5.733333333428572,4.874470899714286,2.925335754571429,4.7792076240000005,2.479287670571429,2.4201086554285722,3.8412780722857147,5.227756565285715,3.183212205285715,3.3714378840000006,3.222619491714286,4.283425667714287,5.249413353428572,4.911048779285714,3.824510976857143,18.21428571357143,16.907936508428573,21.603174602857145,35.27619047571428,68.13809523857144,82.35079365142859,32.103174602857145,39.312698412857145,43.55714285857143,32.56031746,36.78888888714286,20.36190476371429,37.26455026428572,11.04103887357143,12.37328417157143,16.556767179,23.478581082857147,36.80904616000001,59.52308715,26.006705904285717,25.40730010571429,41.14558029857143,17.358124914285717,46.85434863571429,14.159266057000002,27.559427544285718,5758.17,5172.129999999999,242203.4700000001,269650.68499999994
"Hoopa Valley Tribe, California",0.141,0.196,3.32,1.0777e7,0.141,0.196,3.3200000000000003,1.0777e7,0.859,0.804,0.859,0.804,0.5136579152037877,0.5136005616798966,0.0014345982903241762,0.15660629033988827,0.2272515648846198,0.2653125706872784,0.2609301131835473,0.022041917885106364,0.09263873442663445,0.1802544020612384,6.370870870735967,10.13557403516424,10.92097482033264,14.480757682370063,15.764333563721415,22.105174403284824,23.390413489937632,22.238346039480252,19.73287133282744,16.638253639854472,9.125410025403328,7.154100254432432,14.838090012640334,2.5656971876029107,2.1338066755696468,1.3186479702099791,2.1526907381538467,3.2027728401995836,1.9686346625717255,3.6228756863118496,3.1159699350103955,3.3148162542453226,2.735994002072766,2.2720329331850313,2.055243943085239,2.5382652355343036,177.3824902116424,134.53180872349273,119.02226841871104,56.63328712964657,25.285285285904372,9.279510279557176,4.032340032386695,0.46671286677338886,7.277847077494801,35.77643797505198,54.88235158155925,133.84703166985446,63.20144760253638,144.5612852326404,130.33121526257798,79.37950551095635,54.71625870205821,22.60053649316008,13.602869596444911,7.5153236975405395,0.7339990721621623,9.563042318787943,43.98090282058212,43.12776188629938,97.61120508486486,53.976992140145526,6.7055555555,6.3277777775,7.3944444444999995,8.577777778000002,11.08333333,15.305555555000002,16.527777775,16.23888889,14.749999999999998,11.10555556,7.1777777775,6.15,10.612037039999999,1.705705461,3.6968563125000005,1.2537193755,1.924741778,1.5084786675,3.492881373500001,1.2591574125,0.8481822865,1.4962176499999997,1.844528777,1.3634213899999998,1.6344519845000003,1.8356952060000002,243.22777775,154.86111115000003,167.58333335,103.00555555,72.66666666500001,33.472222220000006,10.483333335000001,11.1555555565,15.961111114999998,76.294444445,138.36111110000002,298.40555555000003,110.45648150000001,119.79866914999998,80.7425943,77.5218859,72.38454866000001,49.151256675,26.473699684999996,12.16155968,12.9525593545,10.897566854999999,42.55641173,70.97148410500002,188.28619905,63.65820293,1120.0,1006.0000000000001,242203.4700000001,269650.68499999994
Coquille Indian Tribe,0.15599999999999997,0.23999999999999994,3.3,5.515e6,0.156,0.24,3.3,5.515e6,0.8440000000000001,0.76,0.844,0.76,0.2148894240654544,0.20051085617359654,0.0009999999999999998,0.1333954095138954,0.18886379364494302,0.1877850777085418,0.16815576835546686,0.001,0.11008646625728041,0.1877617852605661,7.057460317271429,8.3833333335,10.75,12.357301586714286,15.438888885,18.461111109999997,19.221666663142855,24.027777775,19.68888889,16.466666665,10.321746030514285,7.916666667000001,14.174292328785715,2.6293238059428568,3.3583187620000006,2.1496070560000002,1.9148693913285713,3.1738316414999996,5.235614919500001,3.445563328678572,2.2687647267499997,3.426326859,3.3288674165,2.4435687234000003,1.5148751775,2.907460983992857,163.5888889,119.67222225000002,113.433333335,64.53888888999998,40.938888889999994,17.433333329999996,2.7055555554999997,4.522222222,17.677777775,48.8,54.962539682000006,180.20952381214283,69.04026455378572,145.80983455,127.385026075,124.75604395999996,56.896927475,28.495816864999995,19.149582895,3.0851242635,9.021289255,25.599135085000004,36.41751533,57.38218738557143,188.17109437785714,68.51413145914286,4.797222221999999,6.56944444425,7.416666666749999,10.17222222225,12.12777778,15.019444445,18.6944444425,17.3194444425,15.619444442499999,11.100000000000001,6.191666666500001,4.122222222,10.762500000000001,3.68324692025,2.0867143974999998,1.6880789155,2.068871499,1.3114880045,1.1578933605,2.0403428179999996,1.3224060195,1.6983965005,2.1276172645,2.9026088404999997,3.8820117105,2.16413968775,212.63055552499998,127.852777775,140.675,97.3888889075,71.03611111,55.2527777775,16.3166666675,14.922222222499999,35.588888887500005,105.3055555575,144.4472222,219.13333335,103.37916667,136.33274057500003,64.7024190025,77.74262764999999,66.3148008,35.787758735000004,25.80723965,11.776990638250002,19.5435687125,28.797993292500003,62.26614803500001,75.4737860475,119.3129743,60.321587287499995,321.72999999,288.99,242203.4700000001,269650.68499999994
"Kashia Band of Pomo Indians of the Stewarts Point Rancheria, California",0.1123418734433241,0.15558230138887016,3.7639227297526836,1.9063115880452327e7,0.09,0.118,4.0,3.0682e7,0.8876581265566759,0.8444176986111298,0.91,0.882,0.34112383913297617,0.33951488909608685,0.11746105078716026,0.10520192216392023,0.1736633744337462,0.6978316968964758,0.6978316968964758,0.001,0.25589567982858746,0.3110899084069139,8.20768381816993,10.361941834276507,11.31958538400027,13.571290081753006,16.139832960429523,20.53357196051274,21.9134228195114,22.000262490389236,20.25951379605098,17.151009693310055,10.972718866899587,7.7825115585471085,15.01777877222012,1.920402797077314,2.0983823816059046,2.2553502456971786,2.4827480461253684,1.9349994797438927,2.895573510641611,3.21207055630389,2.959377226779056,3.0975299210354352,2.4426985117675164,1.8885576163613416,2.2986629648335546,2.4571961049124833,150.40688739512473,106.25380462608051,102.58729306577712,47.2565249809342,35.01333631655301,10.336053691658256,2.6411036539248305,1.7525249813744956,5.819677852252077,34.07823415433557,50.08792841198389,134.1617658510684,56.69959458184428,116.21422728875966,94.95598057826044,93.67831512644294,36.94932951708993,30.545677972987914,14.546050665590869,5.2174544453495235,3.142408294723488,7.654257532535028,38.97736414432213,48.19472014568052,131.27206207620662,51.77898731575032,9.033333333,8.633333333,11.18888889,12.36666667,15.5,19.2,21.52222222,20.64444444,20.01111111,14.88888889,10.55555556,8.555555556,14.341666670000002,0.988685997,6.982120022,1.6366463,2.329699551,2.029778313,1.7392527129999997,1.859286004,2.094702312,2.091318032,4.6033804,1.029697906,1.479113849,2.405306783,256.0333333,162.6555556,137.1333333,66.02222222,46.54444444,10.52222222,9.977777778,8.422222222,6.566666667,41.9,73.5,224.17777780000003,86.95462963,204.6327076,113.3368553,111.6280207,48.97626409,34.03531663,13.04509273,14.69623913,15.48303731,10.32206375,44.66906088,56.42650087,174.8872121,70.17819759,8001.65,7187.3499999999985,242203.4700000001,269650.68499999994
"Yomba Shoshone Tribe of the Yomba Reservation, Nevada",0.10829634053705149,0.12456877736855203,3.1537698784471626,2.137691982494628e7,0.162,0.259,3.15,3.775e6,0.8917036594629485,0.875431222631448,0.838,0.741,0.26243978924580946,0.25036678181389505,0.0016492501238517588,0.2038545824087684,0.08241468979495292,0.08348620791794929,0.08178094878378717,0.013835814089295309,0.03178344043605192,0.001,-2.230378609046005,-1.199971913237107,2.704106280252778,7.2549095607633936,11.326525110338213,16.863633299352877,21.386113919357925,20.074047859388262,15.60243792832153,9.168503538636495,1.48186720589282,-3.02013818675834,8.284304666138015,2.8061065950778556,3.931638727928714,3.438128726681495,2.645607441359452,3.3800634202987863,3.21543420069919,2.6292362116061665,2.840365475179979,3.1477230958468128,2.7615427228452964,3.8657457618058633,2.911571082479776,3.1310969552209285,35.64985394958036,29.214470285171878,49.40740366247723,41.52678912495447,65.8487698020222,35.37788450754296,38.23923716436299,26.904151219226474,28.072716549150634,29.487507021405445,37.74723064799291,41.06891922159248,38.212077762881684,31.416100403629905,22.747933664620817,27.336406878361966,21.240080883437802,33.47164774009099,21.931418580748215,32.313161402755284,25.284472502856413,19.784357367790687,20.509391572057623,31.020245716455996,40.03866106079372,27.257823146840227,1.3944444445,2.2666666665,5.0666666665,8.227777778,12.149999999999999,18.005555555,23.099999999999998,21.65,17.766666665,10.711111109,4.3055555555,0.7055555555,10.445833330999998,3.4479391909999997,2.3433110275,4.310707704,2.8644839280000003,3.306696355,3.1815174894999996,2.0178347690000003,2.1694428325,3.6324252159999997,1.2138298850000002,3.3081479340000004,3.5365433475,2.94440664,45.77222222,24.677777775,38.333333335,23.266666665,40.594444445,10.149999998,18.849999999999998,12.716666665,10.405555554,18.51111111,26.444444445000002,46.87222222,26.382870370000003,42.76774298499999,18.759103749999998,31.781874254999998,19.854111965,26.01146239,8.744383047499998,17.492800975,13.79819528,11.494438441,14.15923521,29.063594049999995,49.379571915,23.60887619,4635.49,4163.639999999999,242203.4700000001,269650.68499999994
Quinault Indian Nation,0.144,0.217,3.2899999999999996,6.155e6,0.15036638086198895,0.23592959787355433,3.485553073855064,6.225054158347681e6,0.856,0.783,0.849633619138011,0.7640704021264457,0.7909756231889684,0.7746619096356563,0.001,0.5650664519692726,0.6871867746453301,0.2243017946210981,0.19402298723479264,0.0010000000000000002,0.14264292508111748,0.2184293943287658,5.3500000000000005,8.0555555555,8.504843305038463,12.941595439615387,15.474643874615387,20.338461537051284,24.70099715346154,21.05555556,18.722222225,13.38561253923077,7.1666666665,4.395156695461538,13.3409425474359,3.0799474320000004,3.0614438425,3.9778730020641024,3.5680255983589744,2.7738517887948717,3.7572189698333336,2.1121032900000003,2.509537363,2.8686265459999998,3.5842434082435903,4.099795513,4.041861178051283,3.2862106606538464,119.84373220512819,153.3888889,146.4333333,72.98803418551283,57.800000000000004,20.36794871628205,5.099430199820513,1.1660968656794872,15.51467236076923,51.277920226282056,64.64444444307692,170.7333333,73.27148622371794,86.07779040038461,155.1592766,177.6953502,57.121261831538455,47.52070601,19.416973402051287,9.24527160474359,1.6063863181153846,28.502110370897434,47.38541322179487,53.79220235666666,147.394564,69.2431088574359,4.0194444444999995,6.0027777780000005,6.1444444445,8.26666666675,10.9916666675,13.1638888875,16.541666667500003,15.02777778,13.9611111125,10.458333333250001,5.099999999999999,3.3972222222499995,9.422916667,2.8801060682500004,2.2736354675,2.0884998085,1.82234345325,1.8994027512500002,2.1382402295,3.4910304932500003,1.95483026775,1.9869189274999999,2.7243078755,3.0423970437500003,3.07960778025,2.4484433469999995,352.749999975,259.15000002499994,240.85,170.847222225,116.51666667500001,88.62777778,49.4250000025,59.3249999975,101.02222224,271.3138889,366.09444442499995,378.402777775,204.52708335,193.97525025,153.978789975,80.62501190249998,88.28195736,63.473796295,42.592395090000004,30.6903722175,43.375008655,68.591235815,178.910929875,250.85867365000001,195.377249825,115.894222575,160.0,143.72,242203.4700000001,269650.68499999994
Enterprise Rancheria of Maidu Indians of California,0.14281619198459072,0.20617830478164567,3.307206011929462,1.4834321580200406e7,0.142,0.203,3.3699999999999997,1.8433e7,0.8571838080154093,0.7938216952183543,0.858,0.7969999999999999,0.40378217147572554,0.39618068912539023,0.18519113483306382,0.22459473639990532,0.22556750281219598,0.23708592844598703,0.23708592844598703,0.07245737648653135,0.03255971038854934,0.09275744462843631,6.656388621938477,9.297952935447928,10.199725872229415,12.990846949493744,15.93602477892662,20.452461818753594,22.517184663021457,22.5021503065684,20.2264231552387,15.977492967709058,9.981818505255367,6.636583716020505,14.447921190214673,2.7028631259448894,2.797991657130406,2.781144487744632,2.648037713066644,2.7223587007244467,3.0660621385511035,2.212533359624799,2.9658069994636316,2.6018784164126894,2.7764004174581856,2.7014529102630562,2.5220527246616453,2.708215221007689,157.5905265524351,107.49109259628646,99.77265476283878,52.65152906786926,37.61213642292533,12.278913453319118,6.828082167148668,10.444604649484132,8.345729645233256,41.42102602542135,53.19862579718037,147.62847023436066,61.27194928155393,138.49631547363023,97.85390411250876,87.33331496690482,39.366990951925665,27.316976646917638,13.92939893461134,8.930099970681189,13.861186514643377,10.801234701809987,46.29426018124321,50.83605529390578,130.49073636180705,55.4592061769657,2.8,3.411111111,5.677777778,9.722222222,12.65555556,17.52222222,21.37777778,20.13333333,16.52222222,12.03333333,5.966666667,2.2,10.83518518,2.617728023,7.657585201,1.886648999,2.158574633,1.304905275,1.939573263,1.635372876,1.071214264,1.272573945,2.355313143,2.137171027,4.160228359,2.516407417,273.7888889,197.4666667,165.3777778,95.81111111,65.02222222,23.88888889,10.86666667,4.655555556,16.22222222,56.83333333,89.07777778,211.5,100.8759259,206.2260922,180.6919893,189.8937912,81.80894579,45.84244152,21.78184132,28.39784323,7.274288815999999,24.71784668,51.6183107,77.78707762,242.3994946,96.53666358,5290.3,4751.839999999999,242203.4700000001,269650.68499999994
"Sokaogon Chippewa Community, Wisconsin",0.09942762887864053,0.17312791683524173,2.951348408959391,754555.3419839408,0.12,0.213,2.91,531000.0,0.9005723711213595,0.8268720831647582,0.88,0.787,0.4378853892669237,0.3933800134302726,0.001000000000000001,0.2642133054211314,0.3919911011859823,0.4513938957380169,0.4228495501203706,0.0009999999999999998,0.2710637216160781,0.3339795733378038,-10.370674277180049,-9.647717434004722,-1.6544405092650536,5.671940181309918,12.140135121605667,17.12701035976978,19.85472911157025,18.996943456877215,13.617958807508856,6.894988849317001,-0.8042699721210155,-9.304466745487016,5.210178079028926,2.2054331502762694,2.5477646108435663,2.5703027944716648,2.146775480063164,1.5651219967337662,1.8141544439976387,1.3034355444846517,1.4128099403907912,2.1379926875643447,1.8441691429675324,3.1021949373476976,4.399121306391382,2.2541063366092096,23.76034369468123,16.713846258459267,37.28495342984061,54.98415977596221,80.7126131466529,119.99862911676506,101.59467398402009,130.38200187160567,135.67346844976387,77.92640036918536,54.32384232092681,34.62295028638725,72.33149022626328,12.08375246785124,5.559841890879575,20.32717184838253,20.42840590736718,16.698255609828806,40.75262956958677,37.76325165227863,41.923820036900835,64.72807513524205,32.87098830382527,23.818827460897282,23.075607724421488,28.335885636883116,-10.5472222225,-9.3166666655,-1.5083333332500002,5.2055555555,11.594444445,17.175000002500003,19.355555555,18.627777777499997,13.619444445,6.375,-0.8305555557500001,-6.8416666665,5.242361111500001,1.789696662,3.213995825,3.871922763,2.1587269934999997,1.3638728980000001,2.74129563825,1.6599574025,1.9718180490000001,3.5846219809999997,2.069961616,3.8881334489999997,11.38863948275,3.30855356325,29.625,17.005555554999997,34.077777774999994,65.3694444425,79.22222222250001,112.38333335,112.975,133.11944445,112.6972222,71.83055555499999,56.1722222225,42.3916666675,72.23912037,32.228197605,11.631409757499998,19.7574174675,40.442780392500005,30.198826025000002,45.393459039999996,43.550655,71.12148568250001,60.83124342,38.45245705,43.5312098025,34.3873473675,39.29387404999999,640.0,574.86,242203.4700000001,269650.68499999994
"Yerington Paiute Tribe of the Yerington Colony & Campbell Ranch, Nevada",0.12872239054116968,0.16300563004049481,3.049307059811024,2.801663052511916e6,0.13099999999999998,0.211,3.3799999999999994,3.9909999999999995e6,0.8712776094588304,0.8369943699595052,0.869,0.789,0.11936048341099093,0.11918454973719801,0.001440303945216023,0.03574960241670074,0.001,0.05880355923227595,0.05716093777567248,0.001,0.02450130893533595,0.001,6.911656005605545,11.078417436695096,12.267424783560767,15.131343285820897,17.793532337953096,22.12361999626867,24.437739871918982,23.881615731577824,21.786235491449897,18.116773277611937,10.934683726324094,7.898412698181238,16.030121221727082,3.8061846737249465,1.4549162057249474,1.8006437528848618,1.476979328541578,1.8674950345031984,1.3697895794904054,1.855460804053305,2.4035681102174844,1.621438098206823,1.4453863836631131,2.1772789151513865,2.8561324060000004,2.0112727740874203,90.30229803731346,62.669462212153526,50.6791755497015,35.8841032946482,18.305614782430702,2.286969912430704,0.9142146413901922,1.997251836066098,2.415043828428572,16.52648661462687,29.087799102281455,58.89436152432836,30.830231779360343,66.6927087402772,44.04544675488273,34.60597897588487,21.853667575820896,15.48067122076546,2.8341680604371007,1.9989951063155653,4.007183532125801,3.297186761319829,19.85567945260128,33.47901634914713,41.79892835187635,24.162469242196167,1.623921938492918,3.7627006611133145,5.852880075651559,9.65476864978187,13.438369533201135,19.741170917082155,24.62212779575071,22.79077745974504,18.058451369178474,11.622411075240793,4.920018885303116,1.0073654388725213,11.424580313569406,1.9592093351274789,2.8445463183739377,2.0718361059546746,1.4007123220849858,1.6805108336912185,2.8782539554872524,1.8241625325637394,1.5557966166288952,1.6597233010906516,1.296776395184136,2.1679482446798866,3.0304312126458925,2.030825598283286,38.69974818631728,36.28325464492918,22.683034305750706,17.800849860566572,24.364117093767703,8.942146679379604,16.676613160311618,12.276487251031163,9.05435945811898,12.753729932776203,14.57976078283286,31.82149826390935,20.49463330144476,20.918709188413597,24.921415781444757,23.685975840424927,13.501128237337111,14.286328093937678,12.38019760674221,17.60866785535411,15.429139588158641,15.318381699830029,14.4573333788102,8.24453968931728,23.392638754532573,17.012037979433426,1120.0,1006.0000000000001,242203.4700000001,269650.68499999994
"Los Coyotes Band of Cahuilla and Cupeno Indians, California",0.114,0.152,3.4599999999999995,6.72171e8,0.09599999999999999,0.126,3.52,1.88159e8,0.886,0.848,0.904,0.874,0.161,0.161,0.086,0.122,0.071,0.13252233140793884,0.13252233140793884,0.022676831178546072,0.03857264589785918,0.05347733223427017,9.833333333,10.95555556,10.63333333,13.28888889,14.21111111,17.56666667,18.74444444,19.98888889,17.53333333,16.85555556,11.11111111,9.955555556,14.22314815,2.593260496,2.296252986,3.557386681,1.630524796,2.376680692,2.870975444,2.204603769,2.940427029,1.73781472,2.228290326,1.900950055,2.0396759,2.364736908,145.0444444,121.8222222,86.12222222,37.64444444,17.84444444,5.922222222,2.188888889,0.611111111,2.222222222,12.81111111,24.97777778,62.41111111,43.30185185,142.3638921,114.2495818,81.71318403,25.01779922,13.88426367,9.267790699,2.890261426,1.412837964,3.048679131,14.10243281,37.44582012,93.42462797,44.90176425,8.322222222,7.955555556,9.522222222,10.82222222,13.13333333,17.31111111,20.78888889,21.16666667,18.84444444,14.85555556,11.08888889,8.711111111,13.54351852,1.05921879,4.014695229,1.275517324,2.420112486,2.290196498,2.566341971,3.918687422,2.431049156,1.898756903,2.831568078,1.543894786,1.497034105,2.312256062,111.8222222,91.87777778,64.63333333,39.97777778,18.28888889,4.055555556,10.78888889,8.766666667,7.555555556000001,17.13333333,31.366666669999997,38.54444444,37.06759259,101.571413,78.67372144,53.55086367,21.44048611,18.40885958,5.450484178,9.49242388,8.96953176,9.617056607,16.97836859,48.31627573,54.13340261,35.5502406,160.0,143.71,242203.4700000001,269650.68499999994
Tuolumne Band of Me-Wuk Indians of the Tuolumne Rancheria of California,0.1270730833216996,0.18675763579262197,3.4991879904530347,2.937469578340155e7,0.128,0.187,4.06,4.759e6,0.8729269166783005,0.813242364207378,0.872,0.813,0.25671549528278886,0.25471105486962275,0.13339596194820666,0.1429014067944992,0.09766928237564376,0.5377345077081908,0.5377345077081908,0.30949566319423844,0.23041394216671118,0.33987450503981087,8.034633029314104,10.264847639239838,11.387904933846514,14.275714911398742,16.976264331470436,21.26037333982032,24.05252045682566,23.232711229987036,20.99621423448446,17.410721905772917,10.666555688230831,7.876509343301162,15.536247587020354,2.115443524037598,2.1404348648683307,2.3743741117825867,2.234201817652638,2.557559514722942,2.899286867110472,2.548498044476052,2.4526392863243696,2.2579340380990396,2.120601514331966,2.338534486368719,2.245197457057434,2.3570587939353285,118.28632427674907,84.89822903683944,73.4350511517129,43.17776605484423,24.063399450867312,6.923044398982465,3.310499167673672,3.594662884021456,5.294500324216756,25.25797245814239,40.71756269904594,100.26061757355461,44.10163579001416,91.47925303728502,70.26061907189221,58.58413277242748,29.033955113303822,19.682499721089414,8.480344274086407,6.040677283813648,5.51380932581576,6.141176426652218,29.04662699464486,42.575169946187046,86.9572548182927,37.81629323212568,5.477777778,6.977777778,9.733333333,12.75555556,16.37777778,20.42222222,24.55555556,24.11111111,20.56666667,15.322222220000002,8.522222222,4.933333333,14.146296300000001,1.927289403,3.4679885299999995,1.656049516,1.887532193,1.482209312,3.206157271,2.452096609,1.15048299,1.226784415,2.086131454,3.1708743969999995,4.007804885,2.310116748,172.8111111,106.6,95.12222222,63.91111111,38.65555556,6.677777778,13.08888889,8.655555556,6.955555555999999,32.06666667,49.16666667,103.75555559999998,58.12222223,122.77680400000001,90.23666106,90.2227906,38.81244789,24.854381460000003,5.649287074,23.83948639,15.655519080000001,8.300468528,41.77286799,57.22575906,89.42564105,50.73100951999999,49652.76999999998,44598.559999999954,242203.4700000001,269650.68499999994
"Ramona Band of Cahuilla, California",0.114,0.152,3.4599999999999995,6.72171e8,0.1,0.146,3.15,1.26963e8,0.886,0.848,0.9,0.854,0.161,0.161,0.086,0.122,0.071,0.38471393571988594,0.38471393571988594,0.05194267830312912,0.2735431440586961,0.23999524503283798,9.833333333,10.95555556,10.63333333,13.28888889,14.21111111,17.56666667,18.74444444,19.98888889,17.53333333,16.85555556,11.11111111,9.955555556,14.22314815,2.593260496,2.296252986,3.557386681,1.630524796,2.376680692,2.870975444,2.204603769,2.940427029,1.73781472,2.228290326,1.900950055,2.0396759,2.364736908,145.0444444,121.8222222,86.12222222,37.64444444,17.84444444,5.922222222,2.188888889,0.611111111,2.222222222,12.81111111,24.97777778,62.41111111,43.30185185,142.3638921,114.2495818,81.71318403,25.01779922,13.88426367,9.267790699,2.890261426,1.412837964,3.048679131,14.10243281,37.44582012,93.42462797,44.90176425,7.811111110999999,6.711111111,9.911111111,11.67777778,14.75555556,19.53333333,22.93333333,22.94444444,20.599999999999998,13.73333333,8.955555556,7.855555556,13.95185185,1.3023483059999998,2.888963674,3.387271928,2.060811598,2.894007218,2.188035649,2.390606618,2.112528764,2.96605799,2.222611077,4.435682335,1.3519533190000002,2.516739873,140.6333333,105.8,64.68888889,37.84444444,14.06666667,2.344444444,9.711111111,10.14444444,4.988888889000001,20.16666667,34.32222222,42.55555556,40.60555555,137.0920038,126.3408881,62.27753296,20.89516159,12.03058602,2.833333333,9.158799654,21.565777930000003,8.292533456,26.6859982,55.84117607,66.24934172,45.77192774,160.0,143.71,242203.4700000001,269650.68499999994
Shakopee Mdewakanton Sioux Community of Minnesota,0.08345227137133034,0.13274358841646375,2.9829693552279792,1.9298025995847522e6,0.049,0.087,3.24,3.888e6,0.9165477286286696,0.8672564115835363,0.951,0.913,0.6628614167572231,0.5792588455416875,0.0010638563755490963,0.6321259125780151,0.6085319684849959,0.717306784900286,0.593178343387606,0.0009999999999999998,0.586161300575571,0.7085450008077256,-8.975468037436631,-7.131348636262758,1.2462813180076373,8.462528451818352,14.366052695825092,20.17754932307359,22.383453019699186,21.285866908198685,16.50277672748661,8.888281637139102,0.13544149643465137,-8.514593359485914,7.402235128722067,2.9442298695233986,2.910530493062065,2.1828465233764485,2.2551821549711293,1.3986773350088473,1.7514339864088004,0.9356209149617518,1.4540705731814219,1.8776139570043866,1.800222309768615,3.6179617391288112,4.089444598025027,2.268152871297456,15.617485155460754,12.948748120727961,39.94872124375545,55.26432416997515,97.5384584396811,109.3907173683258,96.43440421574212,98.93742031466647,86.44102014923517,46.18817664824183,35.827618615809264,22.525379427015682,59.75520615602171,10.716217054819891,8.837898542896745,26.506968478101896,31.222570934722235,37.169865947163096,47.359478410927565,46.76380207656209,41.848273177155534,59.21235985284989,18.214253179179856,29.088469225788103,16.74131001559812,31.140122240935142,-8.955555556,-6.522222222,1.888888889,8.555555556,14.47777778,20.35555556,22.26666667,21.66666667,17.11111111,9.166666667,1.177777778,-6.622222222,7.880555557,2.549073906,3.111180555,2.862885103,3.133732244,2.438635775,2.342066988,1.225765067,1.78465683,1.606583677,2.8974126389999997,2.761239657,6.984407236,2.80813664,37.41111111,13.33333333,44.65555556,66.65555556,80.34444444,123.8333333,111.6111111,109.6333333,95.21111111,63.31111111,52.422222219999995,43.98888889,70.20092592,65.63340317,8.649566462999998,31.52503414,47.82538842,17.88009446,46.58229277,44.60385198,32.75297696,58.49505202,30.89621516,61.19778954,47.09648194,41.09484559,28579.85999995,25670.599999999966,242203.4700000001,269650.68499999994
Pawnee Nation of Oklahoma,0.12798351473784286,0.18764932837001294,3.1190345727353495,457674.02829694987,0.14618498391402254,0.22125169480744056,3.1419843362500144,8.110567148906778e6,0.8720164852621571,0.8123506716299871,0.8538150160859774,0.7787483051925594,0.5318418815358793,0.44579187179726654,0.012502102152076219,0.5212648111257746,0.40169304588201643,0.3509756475607116,0.29967939495812224,0.21647949002961017,0.2996911971043153,0.30502359659839334,-3.0583775218738323,-0.8666727617185951,5.3461662706080615,10.814259156460777,15.672097274163466,22.463247395551278,25.223529592281942,24.29188760774546,19.589065643837074,11.987237155521111,3.8036965931061424,-2.387383434022489,11.073229413490122,2.2747808315584193,2.872217379082829,1.909299829401809,1.5890483053379039,1.6536603878115737,1.5028952189928682,1.0449520977550737,1.4920623539701037,1.8668204359185399,1.4780207062907287,3.553408612863959,2.8645359805795376,2.0084751783609427,13.648912048110251,12.853876395924019,51.45444627265769,52.80135917798129,111.20184066999717,100.80350460017003,77.18992198424841,77.25239227130002,48.48836167487382,32.61804412829127,23.680474797594613,13.281715121352978,51.27290409498078,7.763655974720241,11.049752823796485,26.552199495628074,29.851613496061425,55.726158210191954,50.68187689519744,40.37303132022215,37.15756342328851,29.29330031998079,17.554877391360385,17.414959487987648,14.548006318784969,28.163916263675247,3.2555555556666667,4.955555555666667,10.933333333333334,15.811111109999999,20.21111111,25.829629629999996,28.277777776666664,28.30370370333333,23.999999999999996,16.825925926666667,10.248148150666667,3.574074074,16.01882716,2.167480880333333,2.724503491666666,1.3075229226666667,1.2983824066666667,1.0323844679999998,1.6181831973333332,1.473044822,1.6571298746666665,1.5030631786666666,1.2305785623333332,2.084679250666667,2.910918936333333,1.750655999333333,50.80740740999999,56.411111113333334,101.90000001,104.62222221333333,163.87407409999994,160.74814813333333,108.59259259999999,81.70000000333333,93.88888888333332,78.83703703666667,60.44074074,50.074074073333335,92.65802469333332,29.986394790000002,43.82995788666666,50.35319568333333,46.50902601333333,86.67694622333333,80.35836953666666,65.94426095,55.90027846333333,50.77729341333333,55.81000703333333,53.49869219666667,47.462556479999996,55.59224822333333,4970.05,4464.17,242203.4700000001,269650.68499999994
"Washoe Tribe of Nevada & California (Carson Colony, Dresslerville Colony, Woodfords Community, Stewart Community, & Washoe Ranches)",0.09101056136448979,0.13308664453711763,4.38483999442927,1.376438338292416e7,0.11999974112878743,0.19570689067848185,3.6718415504998516,3.2218564055717173e6,0.9089894386355102,0.8669133554628824,0.8800002588712126,0.8042931093215182,0.1151250826479577,0.10241595145875154,0.0009999999999999998,0.03417029806607582,0.0009999999999999998,0.09032807662092156,0.0868986806157957,0.015992444088003075,0.024384093206110014,0.003868201385853939,3.474476418694964,4.563037569991367,6.1621982412625895,8.52239808178849,11.513117505984173,15.392070344705035,19.377066347978417,18.35379696442446,16.344748201856117,10.83493205442446,5.030783373510071,2.991231015104317,10.213321342723022,2.67114740647482,2.8586228663345326,2.626648179915108,1.8336243729294963,2.724550561643165,3.063015038445324,4.055710652738129,2.0148308907517984,3.4074319190539573,1.805423529897122,3.2552569868460446,3.0674142964215827,2.7819730583244606,155.61740207553956,85.00772182373382,122.55063947251078,76.181534767,56.550471623697845,34.0303677055036,15.965683452323743,12.485835332951076,32.00992805628057,66.14018384743164,102.2767146441151,182.65330134379857,78.4558153306187,162.85770129517985,71.21580798872662,69.45557106766906,41.80477403880575,38.07688202068345,23.751531106863307,23.72995603799641,15.253644647794962,30.861418940158273,59.759810833,58.48190116659712,113.22801608620864,59.03975126912951,-0.500559642851726,1.9979626488075835,2.175501478092247,6.357938753756084,9.797038295990378,15.091303530090551,20.52354901589134,19.145783810684776,13.718675723537071,9.552424070643465,2.369905048974533,-0.46279947156762874,8.313893605250708,1.744129695695529,3.0076668584816075,2.5337027186932657,2.8406855543842675,2.6478524124533105,3.323404840136955,2.863780108186757,2.0707775678053197,1.9636758441148838,1.861088796451613,2.2473651315574426,2.5972838662093944,2.475117782827957,135.37116891929827,85.95847323775892,52.55366283075835,41.488190908556874,26.859781173718165,13.939872981284664,15.286480539377477,12.271049485942278,10.562711436622525,29.248965600181094,35.92903226058856,103.34477142124504,46.90118006348614,103.89780925488398,60.83800303636106,43.319966905149975,27.406758587487264,20.26426330830787,16.94331397126769,15.49893210409734,13.379561519895303,12.439786734221844,37.182799541607245,23.495032924934918,100.85318377594794,39.62661763820034,658.77999999,591.74,242203.4700000001,269650.68499999994
Confederated Tribes of the Umatilla Indian Reservation,0.13350301951735088,0.19550503252891818,3.23008052046269,3.711428917479692e6,0.132024246659284,0.19304041109880668,3.1906465775809063,5.460324284286797e6,0.8664969804826491,0.8044949674710818,0.867975753340716,0.8069595889011933,0.3935914505671793,0.39306252129996055,0.010304551465526023,0.3218952862670194,0.1651273784749774,0.3276315351426433,0.32321384186426205,0.005686861318583142,0.23271657156044115,0.15651755704478007,-0.038433111534368035,2.9873367825210626,4.944469081075386,8.493323478578713,12.364153733281588,16.943286523237248,20.6240699682705,20.720275930687347,15.49556541002217,12.21736881084256,3.617418083274944,2.479526977070952,10.070696805556535,2.816393768019955,3.512732899323723,3.035425572886916,2.9061474267028804,2.8694537036407968,3.35859706673614,2.962038309370288,2.4221745302860302,2.910577478587582,3.5071584264545432,3.439361129161861,3.710607062121948,3.1208889479911295,113.39958116310416,85.01219512434585,87.67649667452328,47.115792066740575,40.42091648208423,19.875412662572042,7.2082286278802625,4.085760039159644,11.184552845691787,36.42532643685143,45.33436807159642,84.63274205501105,48.53094768975606,101.28693232017733,118.63587540419064,106.62749571844783,37.719848836452314,25.500402284900204,17.00255884352549,7.192831577485584,4.607090969707315,14.970586095809312,43.673485602971155,43.796438136962266,77.18079179026603,49.8495281304656,-0.961111111,2.72777777775,3.97222222225,8.955555555750001,11.3333333325,15.166666665,20.88888889,18.6638888875,14.5583333325,8.886111112250001,1.661111111,-2.4555555554999997,8.61643518425,3.0699816172500003,2.985573897,1.7471426407500004,3.4712406869999994,1.485781379,2.14054938925,2.11262945325,1.6186336554999998,2.3997392865,2.46301746025,2.58813179075,3.13888262125,2.4351086564999997,62.230555555,33.8111111125,53.16111110999999,38.633333334999996,63.719444445,40.5472222225,20.963888890000003,11.886111110999998,31.166666667499996,43.888888890000004,55.280555555,82.2111111075,44.7916666675,54.5773524525,23.762805972499997,27.5767132475,22.524875204999997,22.472365265,20.31524407,24.106451300000003,11.036947447750002,21.6662136975,17.72316802525,34.940557725,89.55240101250001,30.854591287500003,1918.02,1722.8000000000002,242203.4700000001,269650.68499999994
"Grand Traverse Band of Ottawa and Chippewa Indians, Michigan",0.09942762887864053,0.17312791683524173,2.951348408959391,754555.3419839408,0.091,0.095,6.96,2.32e6,0.9005723711213595,0.8268720831647582,0.909,0.905,0.4378853892669237,0.3933800134302726,0.001000000000000001,0.2642133054211314,0.3919911011859823,0.25789386336067727,0.24160597605904527,0.001,0.16259324614054718,0.25268525697318245,-10.370674277180049,-9.647717434004722,-1.6544405092650536,5.671940181309918,12.140135121605667,17.12701035976978,19.85472911157025,18.996943456877215,13.617958807508856,6.894988849317001,-0.8042699721210155,-9.304466745487016,5.210178079028926,2.2054331502762694,2.5477646108435663,2.5703027944716648,2.146775480063164,1.5651219967337662,1.8141544439976387,1.3034355444846517,1.4128099403907912,2.1379926875643447,1.8441691429675324,3.1021949373476976,4.399121306391382,2.2541063366092096,23.76034369468123,16.713846258459267,37.28495342984061,54.98415977596221,80.7126131466529,119.99862911676506,101.59467398402009,130.38200187160567,135.67346844976387,77.92640036918536,54.32384232092681,34.62295028638725,72.33149022626328,12.08375246785124,5.559841890879575,20.32717184838253,20.42840590736718,16.698255609828806,40.75262956958677,37.76325165227863,41.923820036900835,64.72807513524205,32.87098830382527,23.818827460897282,23.075607724421488,28.335885636883116,-6.96667,-7.51111,-0.65556,4.36667,12.23333,17.22222,19.9,19.63333,14.86667,8.57778,2.21111,-5.28889,6.54907,2.74388,2.57226,2.19905,4.1644,1.22656,2.05252,1.37921,1.32162,1.83666,1.52153,2.39372,4.01122,2.28522,50.73333,33.53333,38.51111,58.06667,71.47778,94.66667,85.84444,78.31111,96.12222,69.77778,80.42222,63.7,68.43056,12.52136,17.89792,17.81588,22.62339,18.97968,54.60191,16.71055,16.507,24.53686,26.511,34.27979,21.29136,23.68972,640.0,574.86,242203.4700000001,269650.68499999994
Shoalwater Bay Indian Tribe of the Shoalwater Bay Indian Reservation,0.144,0.217,3.2899999999999996,6.155e6,0.166,0.27,4.87,2.909e6,0.856,0.783,0.834,0.73,0.7909756231889684,0.7746619096356563,0.001,0.5650664519692726,0.6871867746453301,0.20617756487886899,0.18796923099339619,0.001,0.13322610810689248,0.16570839547069557,5.3500000000000005,8.0555555555,8.504843305038463,12.941595439615387,15.474643874615387,20.338461537051284,24.70099715346154,21.05555556,18.722222225,13.38561253923077,7.1666666665,4.395156695461538,13.3409425474359,3.0799474320000004,3.0614438425,3.9778730020641024,3.5680255983589744,2.7738517887948717,3.7572189698333336,2.1121032900000003,2.509537363,2.8686265459999998,3.5842434082435903,4.099795513,4.041861178051283,3.2862106606538464,119.84373220512819,153.3888889,146.4333333,72.98803418551283,57.800000000000004,20.36794871628205,5.099430199820513,1.1660968656794872,15.51467236076923,51.277920226282056,64.64444444307692,170.7333333,73.27148622371794,86.07779040038461,155.1592766,177.6953502,57.121261831538455,47.52070601,19.416973402051287,9.24527160474359,1.6063863181153846,28.502110370897434,47.38541322179487,53.79220235666666,147.394564,69.2431088574359,6.28889,6.45556,7.43333,8.97778,11.36667,13.55556,15.71111,15.5,14.54444,11.3556,6.92222,5.92222,10.33611,1.48357,1.33592,1.25875,0.55533,0.91409,0.78756,0.69032,0.81921,1.16057,0.93821,1.64234,1.3571,1.07858,306.8444,202.7778,189.9778,154.1778,100.8111,80.85556,27.72222,41.82222,72.5,230.8778,318.5111,284.0556,167.57778,135.96386,81.46624,20.07059,53.48896,46.2322,37.71404,15.03904,14.76503,27.17213,70.67655,109.22943,113.02838,60.40387,160.0,143.72,242203.4700000001,269650.68499999994
"Sault Ste. Marie Tribe of Chippewa Indians, Michigan",0.09942762887864053,0.17312791683524173,2.951348408959391,754555.3419839408,0.162,0.208,2.99,3.1e6,0.9005723711213595,0.8268720831647582,0.838,0.792,0.4378853892669237,0.3933800134302726,0.001000000000000001,0.2642133054211314,0.3919911011859823,0.3759572959231426,0.3710199072982709,0.001,0.23574053768295786,0.3020265993972115,-10.370674277180049,-9.647717434004722,-1.6544405092650536,5.671940181309918,12.140135121605667,17.12701035976978,19.85472911157025,18.996943456877215,13.617958807508856,6.894988849317001,-0.8042699721210155,-9.304466745487016,5.210178079028926,2.2054331502762694,2.5477646108435663,2.5703027944716648,2.146775480063164,1.5651219967337662,1.8141544439976387,1.3034355444846517,1.4128099403907912,2.1379926875643447,1.8441691429675324,3.1021949373476976,4.399121306391382,2.2541063366092096,23.76034369468123,16.713846258459267,37.28495342984061,54.98415977596221,80.7126131466529,119.99862911676506,101.59467398402009,130.38200187160567,135.67346844976387,77.92640036918536,54.32384232092681,34.62295028638725,72.33149022626328,12.08375246785124,5.559841890879575,20.32717184838253,20.42840590736718,16.698255609828806,40.75262956958677,37.76325165227863,41.923820036900835,64.72807513524205,32.87098830382527,23.818827460897282,23.075607724421488,28.335885636883116,-8.12222,-9.08889,-2.2,4.53333,10.85556,15.26667,18.66667,18.65556,13.88889,7.44444,1.65556,-6.24444,5.44259,2.59648,3.08561,2.62213,1.84992,1.3175,1.83787,1.48099,0.91179,1.88116,1.73789,2.27015,3.57153,2.09692,63.37778,36.57778,39.41111,62.01111,61.14444,98.53333,64.15556,77.66667,108.62222,83.32222,76.85556,68.22222,69.99167,20.87618,19.03423,21.91572,32.93423,24.43523,48.17309,25.21213,27.50531,41.92872,35.90527,22.54896,31.56559,29.33622,640.0,574.86,242203.4700000001,269650.68499999994
