Tribe,Food_Insecurity_Rate_2018_H,Child_Food_Insecurity_Rate_2018_H,Cost_Per_Meal_2018_H,Weighted_Annual_Food_Budget_Shortfall_2018_H,Food_Insecurity_Rate_2018_P,Child_Food_Insecurity_Rate_2018_P,Cost_Per_Meal_2018_P,Weighted_Annual_Food_Budget_Shortfall_2018_P,Food_Security_Rate_2018_H,Child_Food_Security_Rate_2018_H,Food_Security_Rate_2018_P,Child_Food_Security_Rate_2018_P,nccpi3all_H,nccpi3sg_H,nccpi3cot_H,nccpi3soy_H,nccpi3corn_H,nccpi3all_P,nccpi3sg_P,nccpi3cot_P,nccpi3soy_P,nccpi3corn_P,temp_mean_1_H,temp_mean_2_H,temp_mean_3_H,temp_mean_4_H,temp_mean_5_H,temp_mean_6_H,temp_mean_7_H,temp_mean_8_H,temp_mean_9_H,temp_mean_10_H,temp_mean_11_H,temp_mean_12_H,temp_mean_ann_H,temp_std_1_H,temp_std_2_H,temp_std_3_H,temp_std_4_H,temp_std_5_H,temp_std_6_H,temp_std_7_H,temp_std_8_H,temp_std_9_H,temp_std_10_H,temp_std_11_H,temp_std_12_H,temp_std_ann_H,precip_mean_1_H,precip_mean_2_H,precip_mean_3_H,precip_mean_4_H,precip_mean_5_H,precip_mean_6_H,precip_mean_7_H,precip_mean_8_H,precip_mean_9_H,precip_mean_10_H,precip_mean_11_H,precip_mean_12_H,precip_mean_ann_H,precip_std_1_H,precip_std_2_H,precip_std_3_H,precip_std_4_H,precip_std_5_H,precip_std_6_H,precip_std_7_H,precip_std_8_H,precip_std_9_H,precip_std_10_H,precip_std_11_H,precip_std_12_H,precip_std_ann_H,temp_mean_1_P,temp_mean_2_P,temp_mean_3_P,temp_mean_4_P,temp_mean_5_P,temp_mean_6_P,temp_mean_7_P,temp_mean_8_P,temp_mean_9_P,temp_mean_10_P,temp_mean_11_P,temp_mean_12_P,temp_mean_ann_P,temp_std_1_P,temp_std_2_P,temp_std_3_P,temp_std_4_P,temp_std_5_P,temp_std_6_P,temp_std_7_P,temp_std_8_P,temp_std_9_P,temp_std_10_P,temp_std_11_P,temp_std_12_P,temp_std_ann_P,precip_mean_1_P,precip_mean_2_P,precip_mean_3_P,precip_mean_4_P,precip_mean_5_P,precip_mean_6_P,precip_mean_7_P,precip_mean_8_P,precip_mean_9_P,precip_mean_10_P,precip_mean_11_P,precip_mean_12_P,precip_mean_ann_P,precip_std_1_P,precip_std_2_P,precip_std_3_P,precip_std_4_P,precip_std_5_P,precip_std_6_P,precip_std_7_P,precip_std_8_P,precip_std_9_P,precip_std_10_P,precip_std_11_P,precip_std_12_P,precip_std_ann_P,Acres,Endow_Raised_Parcel,Total_Endow,Total_Acres
Chicken Ranch Rancheria of Me-Wuk Indians of California,0.148514623553466,0.2231495466790322,3.098629877953672,7.23735582720426e7,0.128,0.187,4.06,4.759e6,0.851485376446534,0.7768504533209678,0.872,0.813,0.1654215733348903,0.1599976675507973,0.11901581461148147,0.04388922157249718,0.00821828665952059,0.2568077926642313,0.2568077926642313,0.06874782953009664,0.134914952741341,0.1594615752843868,9.106944444375001,11.575000000000003,13.302777778750002,16.197222223750003,19.676388886250006,24.5847222225,26.754166668750006,26.51111111,23.187500001250008,19.304166663750003,11.952777776250004,8.472222222375,17.552083332500004,1.3861436356250003,1.5315880342500006,1.6697083123750003,2.3391197355000006,1.734495452375,1.7688499581250008,2.0658503096250005,1.5767185761250002,2.394606935125,1.4167613577500002,1.6644402500000004,1.9340240687500003,1.7901922188750006,72.90000000625001,54.35138888500001,52.311111110000006,29.402777780000005,17.831944444999998,2.36944444425,1.1138888888750003,0.09861111100000006,2.393055555500001,14.354166667500005,22.693055556250002,48.665277780000004,26.54039352125001,51.85444817125001,38.413231651250015,40.8987137325,19.359931860000007,14.974310047500005,3.6891032853750008,2.991113113250001,0.19750464075000013,2.7570570237500007,17.819211481250004,28.444976685,43.84058446125001,22.103348846250004,4.177777778,8.288888889,7.355555556,11.63333333,15.2,19.6,24.21111111,22.96666667,18.15555556,15.24444444,7.155555556,4.588888889,13.21481481,4.248757988,2.190573238,5.430034786,4.92138192,4.55329551,4.7138095,5.032257059,4.097865298,5.343245996,2.533333333,5.556102751,4.606637723,4.435607925,166.4666667,106.6,102.9555556,61.51111111,39.21111111,8.322222222,9.833333333,9.177777778,6.877777778,34.37777778,51.77777778,99.72222222,58.06944445,130.7217943,90.23666106,84.01105747,41.2438615,23.23114528,7.971790542,22.60945599,23.98983002,7.897432776,40.529211,55.91490807,93.40588549,51.81358612,1280.22,710.4399999999999,340910.510000002,614325.2949999999
Winnebago Tribe of Nebraska,0.08879889015481009,0.15923458821235656,3.0720785032219995,1.7038366979950287e6,0.18168822537634446,0.2639529990877823,2.9312489217259365,673735.9381010209,0.9112011098451899,0.8407654117876434,0.8183117746236556,0.7360470009122178,0.3837559254049602,0.3771977365272042,0.0009999999999999987,0.22751196534270537,0.29244050843848585,0.6661190966561259,0.5511637068921532,0.0010000000000000156,0.6443356287163982,0.6252081663992922,-8.544404145117099,-7.490690846164243,1.0605123776849739,8.237967760813989,14.071577434735744,19.573609671310884,21.906073689704655,20.965849166139893,16.05747840946632,8.892648244112431,1.2500402992963726,-8.222797927552328,7.313155344563728,2.2789841079098436,2.9422671763974093,2.301710926496372,1.949849128374093,1.2508696946813471,1.7850775948062172,1.034504474243523,1.4386481433341964,1.6748210051813468,1.982035448459067,2.415926907418134,3.321391850704145,2.031340538198445,24.206712720761644,15.46663788380311,40.49461715692745,53.665106505533664,93.47564766934195,127.1379677669948,99.01181924391707,131.48036845036265,103.53115141011399,53.99221646613989,50.57605641888082,31.200805985968902,68.68659230768394,8.387812979673573,9.369274927171503,22.169354259103628,13.670525764544042,23.31846488793264,55.37191986701553,54.73111333692227,60.09096142087046,50.055414254321235,28.897667607321246,29.593183541497407,16.499611392989628,31.012942019979263,-4.722222222,-2.0500000000000003,3.433333333,11.0444444455,16.261111115,21.594444445,24.377777775,23.211111109999997,17.544444445,11.494444445,2.8777777775,-5.1388888889999995,9.993981482,4.8784472805,4.860292237,3.324876811,2.780595613,2.116959385,1.7810175970000002,1.8046202415,1.656368933,2.2135799874999997,2.5755346250000004,4.734951826,4.584256024,3.1092917135,23.094444445,28.849999999999998,53.16111111,68.80555556,91.105555555,120.16666665,85.144444445,68.37222222,68.083333335,56.077777775,38.85,44.20000000000001,62.159259255,27.69630635,45.356593995500006,42.38246035,44.78560599000001,41.983345220000004,59.89209473,59.61920113499999,39.989509410000004,37.735143029999996,25.793557485000004,27.545016699999998,74.953095405,43.977660820000004,4031.04,2236.9699999999993,340910.510000002,614325.2949999999
"Dry Creek Rancheria Band of Pomo Indians, California",0.12076454965311906,0.16995790608082328,3.678681370289645,1.4506683449048957e7,0.09,0.118,4.0,3.0681999999999996e7,0.8792354503468809,0.8300420939191767,0.91,0.882,0.4317193290564522,0.43170064382358253,0.044105589067243885,0.16856323088842437,0.21034304380846114,0.1753533463299719,0.17271252871728737,0.0875691808561863,0.044849947050144286,0.11928395921103614,8.457420924615576,10.336550418403899,11.404785076082728,13.874398486569348,16.426601783187355,21.000973234476888,22.131738309683712,22.286347660559617,20.141605837883223,17.40297377790755,9.991943768423361,8.035414977048664,15.124229521532849,1.593916046126521,2.290879721145987,2.3011991068588813,2.781366763540147,2.431242316963505,2.380014837148419,4.245936199326034,3.071352267279806,2.824381665618006,2.1588605363479325,2.09960382857421,2.104795597737227,2.5236290739391736,174.3636928856448,121.39878344554751,102.92803461858885,45.44033522700732,24.298945661532855,8.646769397408761,1.9221951879659374,0.9364693159294409,5.144147066708031,33.38969991934308,56.21321979046232,131.9915382734307,58.889485899416066,153.7383100092458,117.13746945924579,65.4108350028954,35.52218136017033,19.501324613795628,14.016306248265208,5.217647713445256,1.8861963803211683,5.765885659299271,43.28138581688566,54.12610994355233,115.1025402423358,52.55884937102192,8.433333333,9.111111111,10.9,12.57777778,15.000000000000002,19.5,20.78888889,20.48888889,19.28888889,15.8,10.68888889,7.977777778000001,14.21296296,1.321930407,3.535337482,1.218605761,2.121189394,1.691153453,1.65,1.090234429,0.957136934,1.254436571,2.359025222,1.353185542,1.552238527,1.67537281,237.5777778,151.0666667,137.5666667,59.18888889000001,36.81111111,12.91111111,5.0,6.622222222,8.044444444,38.16666667,57.27777778,181.8444444,77.67314815,201.9105729,116.7436187,126.192264,41.8132588,27.11357798,14.34611833,9.686072475,15.81990659,10.78947532,41.13505196,42.94091225,129.8782229,64.86408768,800.14,444.01,340910.510000002,614325.2949999999
Redwood Valley or Little River Band of Pomo Indians of the Redwood Valley Rancheria California,0.12076454965311906,0.16995790608082328,3.678681370289645,1.4506683449048957e7,0.135,0.194,3.53,7.022e6,0.8792354503468809,0.8300420939191767,0.865,0.806,0.4317193290564522,0.43170064382358253,0.044105589067243885,0.16856323088842437,0.21034304380846114,0.4403854479056433,0.44036600254410907,0.21458995852631582,0.23586463244851372,0.2927970301346382,8.457420924615576,10.336550418403899,11.404785076082728,13.874398486569348,16.426601783187355,21.000973234476888,22.131738309683712,22.286347660559617,20.141605837883223,17.40297377790755,9.991943768423361,8.035414977048664,15.124229521532849,1.593916046126521,2.290879721145987,2.3011991068588813,2.781366763540147,2.431242316963505,2.380014837148419,4.245936199326034,3.071352267279806,2.824381665618006,2.1588605363479325,2.09960382857421,2.104795597737227,2.5236290739391736,174.3636928856448,121.39878344554751,102.92803461858885,45.44033522700732,24.298945661532855,8.646769397408761,1.9221951879659374,0.9364693159294409,5.144147066708031,33.38969991934308,56.21321979046232,131.9915382734307,58.889485899416066,153.7383100092458,117.13746945924579,65.4108350028954,35.52218136017033,19.501324613795628,14.016306248265208,5.217647713445256,1.8861963803211683,5.765885659299271,43.28138581688566,54.12610994355233,115.1025402423358,52.55884937102192,7.933333333,8.677777778,9.655555556,11.64444444,14.5,18.34444444,20.544444440000003,20.57777778,18.58888889,14.78888889,9.6,7.633333333,13.540740740000002,1.393735986,3.097490023,2.13548069,1.387543793,1.70513929,2.78438104,0.719567771,2.6413906270000003,1.90292173,1.923177348,1.523975065,1.68597153,1.908397908,215.8,143.5555556,138.7444444,64.95555556,49.66666667,19.38888889,9.411111111,5.366666667,12.37777778,48.14444444,70.59999999999998,211.6444444,82.47129629,174.60551970000003,111.0239514,140.4865306,45.4295364,37.89930738,20.93504505,18.884282120000005,9.853933225,17.36381135,44.75301976,57.33319283,185.5163814,72.0070426,800.14,444.01,340910.510000002,614325.2949999999
Prairie Band Potawatomi Nation,0.142,0.17,2.7699999999999996,2.7429999999999995e6,0.122,0.189,3.08,845000.0,0.858,0.83,0.878,0.8109999999999999,0.5724600145707257,0.47316626355898794,0.001,0.5203850014134863,0.5605883267298798,0.5351284296583351,0.5005861278034512,0.01601332915139986,0.4698663067169111,0.4963650617965824,-5.723143881281106,-7.133538146737327,-0.7054275476221198,5.775832053511521,12.24848950516129,17.21961085658986,19.793036355069123,19.24475166299539,14.496825397188939,8.29349718389401,2.4643625192396312,-5.297747055811059,6.723045741986175,3.128041235502304,2.823347724543779,2.8002808146359444,1.8081370717926266,1.328019595262673,2.005867557912442,1.4381880042857142,1.2949330820092166,1.6180390343502302,1.8248449749400921,2.536548809658986,3.7443471888617514,2.1958829247004608,52.314951355023034,39.43707116884792,39.8757296459447,72.19487967267281,80.61684588258063,95.5488991262212,83.48709677529955,76.13640552921659,96.35729644396314,68.78356374585253,78.1309267789401,57.79769585142856,70.05678016576036,19.396884639585252,28.147964449677417,21.642056727557602,27.54904384709677,31.32988025354839,51.1279696570046,23.93526047387097,25.711769353502305,27.88551578986175,25.992751245576038,32.7911725781106,20.575100794700457,28.007114149447006,1.188888889,0.444444444,7.955555556000001,15.03333333,19.4,23.93333333,27.17777778,26.4,20.5,15.888888889999999,7.266666667,0.033333333,13.76851852,6.536712561,7.80434352,3.836049762,3.716853508,3.178836265,2.242208732,1.763361688,2.425901894,2.25,3.378403634,4.567274899,5.178561576,3.906542337,24.98888889,32.44444444,74.3,58.95555556,113.7888889,151.2777778,96.28888889,116.2666667,97.1,69.18888889,33.26666667,25.12222222,74.41574075,11.58063518,18.5921429,56.20673892,29.86013694,58.16610792,59.32378903,41.7211111,62.99666658000001,60.93166254,45.41911614,19.54366905,25.77342516,40.84293346,480.0,266.37,340910.510000002,614325.2949999999
"Minnesota Chippewa Tribe, Minnesota (Leech Lake Band)",0.12670285504888046,0.19343638445735153,2.9986947786375886,2.3205598405985273e6,0.11101924624786695,0.2023349899336315,3.0734660545446473,2.0462971160739497e6,0.8732971449511195,0.8065636155426484,0.888980753752133,0.7976650100663685,0.41212201270125215,0.38349557282384966,0.0009976621140909718,0.26400428491694716,0.3785100011504737,0.4418278154583395,0.41870544742507376,0.000999982210788848,0.3116068499694932,0.36699695299526924,-8.657060759318059,-8.28964584818847,-0.8133626864855767,6.080069587509391,12.393292594596668,17.39095810670778,20.209930958590878,19.42201404558647,14.383932653892195,7.731527267682032,0.6635235016447303,-7.529327736354157,6.082154307165293,2.3749555062340644,2.800626586479162,2.5168668912990944,1.9902376668682378,1.4026445692943972,1.8997610147915445,1.220728231007856,1.3739795111801802,1.7688915780278625,1.803723039902734,2.6610082787231355,3.8175083116595894,2.135910932175944,34.615626723124635,23.672203123201392,38.67918744522039,55.152803739318706,79.27663175040063,104.32389495642455,89.4237184668073,104.51481616972642,106.68927616153033,72.45942416090683,63.05154580539626,42.02108189629938,67.82335086690075,15.819426288249002,12.819114313220602,22.341217412538562,22.057726810078183,30.027582914800302,42.43024487314338,32.335742135641155,35.75736845149214,44.05721899431987,29.19768561237642,32.126589012844654,21.286160876047862,28.354673141638315,-12.030158728571427,-9.344444443571426,-0.3507936508571428,6.1460317459999985,12.887301587142854,18.255555555714285,20.371428571428567,19.66507936571428,15.055555555714283,6.985714285714283,-0.9142857142857139,-10.347619047714284,5.531613756999999,2.6246656589999993,3.956737953999999,4.678823400285713,2.3482650485714283,1.398682727142857,2.7852073924285707,0.8661011159999997,2.0922188051428563,3.5560599309999996,1.9463187685714285,5.040366559142856,5.850744431142856,3.0953493161428565,24.807936507142855,15.374603174285712,32.50634920571428,38.530158731428564,76.28095238142855,103.09682537142855,107.71111112285713,94.17142856999996,75.67301587285712,64.60476190428571,52.41269841142856,26.84761904714285,59.33478835857142,19.104469444285712,5.492642019999998,15.16250371428571,29.341785517142853,49.23969661999999,34.28940501571428,65.11939853714286,44.005712215714276,34.122292229999985,27.620300549999996,34.64889197714285,16.59434525714285,31.22845359142856,267920.7199999801,148678.38999999827,340910.510000002,614325.2949999999
Flandreau Santee Sioux Tribe of South Dakota,0.0847913802004261,0.12962310592223472,3.0168214052349884,1.9716009886740688e6,0.107,0.17,3.11,369000.0,0.9152086197995739,0.8703768940777653,0.893,0.83,0.7263110128450423,0.6296194733159626,0.0010000000000000035,0.6852163995695003,0.7093479277150964,0.6215867611308554,0.5385886535724088,0.001070406582138625,0.5927764869812757,0.5892292125376664,-7.434907282172162,-5.510475189122727,2.491485988023135,9.273389748496925,14.97778946103951,20.98883714694608,23.04626374803066,21.94678784163438,17.367818337470343,9.789428004100651,1.2027222805289175,-7.069939746003306,8.422433361511798,2.6827003133865115,2.992655671363981,1.8396866311460127,2.0496110910582845,1.5315305431155184,1.5360278609179818,0.9591508414592164,1.389934652172901,1.8304239757010667,1.655025302439538,3.4753070329412687,3.817462045961247,2.1466263302179667,15.490442809251924,13.19301320184618,43.07332799207301,64.59747133198441,102.20214644334237,116.56257407589015,91.37394388789103,101.33586701730209,83.00783636379158,45.17294410206102,31.555785891321914,21.81024485462221,60.781299831030495,8.781741802372247,10.996142781328528,25.225749314664267,39.51691613062253,37.53488442652399,59.55183919391323,54.70602431048676,45.896177427145886,49.86338785491663,17.1628905940634,27.50826229319665,17.657299819101702,32.86677632938262,-7.6,-6.1,1.377777778,9.3,14.74444444,20.26666667,23.56666667,21.7,16.02222222,9.7,0.955555556,-8.155555556,7.981481482,4.288647806,3.474550331,2.826118264,2.636759375,1.682342943,1.78605711,2.294558781,1.523154621,2.019144483,2.092247595,4.796642344,4.448907481,2.822427595,12.28888889,37.55555556,46.73333333,58.21111111,98.76666667,130.4222222,89.76666667,97.28888889,96.56666667,56.14444444,36.15555556,38.55555556,66.53796296,9.932326571,82.3413795,45.06656188,30.930908669999997,41.1949026,63.74536802,36.47821268,41.42050955,67.67680548,48.38830208,31.08758237,52.37766965,45.88671075,14363.64,7970.909999999997,340910.510000002,614325.2949999999
Miccosukee Tribe of Indians,0.164,0.26,2.99,1.833e6,0.11596650951115811,0.16301434926465944,3.57091153686575,1.343220238280798e8,0.836,0.74,0.8840334904888418,0.8369856507353406,0.2153518061639509,0.21358078121304036,0.1454466712621609,0.14929711793826075,0.1784237127972016,0.24200193483913107,0.241260134137266,0.023469402050923904,0.04670625994226817,0.030391912180992253,0.811111111,1.5,2.633333333,7.188888889,12.04444444,17.25555556,19.94444444,19.57777778,17.11111111,11.38888889,1.577777778,-0.511111111,9.210185185,5.86524604,6.140846847,1.16511802,4.75248473,4.888535341,4.206872684,1.969207398,1.501480751,4.319272058,4.914886683,3.027696227,2.381934321,3.761131758,31.02222222,63.94444444,33.7,30.24444444,54.47777778,48.32222222,22.42222222,50.68888889,17.73333333,25.83333333,29.4,45.26666667,37.75462963,20.36852828,44.83640014,19.44492222,21.25024183,34.09665591,77.85372146,25.82449311,68.15228251,18.88981207,18.38062839,23.83039026,54.80339862,35.64428957,16.625925926666664,15.970370373333331,20.640740740000002,21.05925926,24.407407403333334,26.151851849999996,26.299999996666667,26.855555556666662,26.892592589999996,24.07777777666666,18.851851849999996,15.248148149999999,21.923456786666666,5.991307910999999,7.760478322666667,4.216188638999999,5.711783892999999,5.5038910073333325,3.490512808333333,3.895429009333333,4.051155967666666,2.763166286333333,5.812447284666667,9.137361146666665,8.431772226,5.563791208666667,29.618518516666665,38.70000000333332,65.95555555666667,86.72222223333333,92.27037037,205.07407406666667,150.32222223333332,178.15925926666665,173.14444443333332,130.48518516666664,42.88148148,39.71111111,102.75370371999999,25.09210394666666,32.82332354,38.74209175,53.85846242333333,58.38134920333333,145.70575586666664,85.03977045333332,138.03084116666665,88.82203429999998,98.45348723333332,35.29360049,29.795050083333336,69.16982253666666,160.19,88.89,340910.510000002,614325.2949999999
Match-e-be-nash-she-wish Band of Pottawatomi Indians of Michigan,0.142,0.17,2.7699999999999996,2.7429999999999995e6,0.097,0.094,2.86,5.43e6,0.858,0.83,0.903,0.906,0.5724600145707257,0.47316626355898794,0.001,0.5203850014134863,0.5605883267298798,0.5030101555007082,0.46987021052394545,0.0010000000000000005,0.36848943725137695,0.4811848622728486,-5.723143881281106,-7.133538146737327,-0.7054275476221198,5.775832053511521,12.24848950516129,17.21961085658986,19.793036355069123,19.24475166299539,14.496825397188939,8.29349718389401,2.4643625192396312,-5.297747055811059,6.723045741986175,3.128041235502304,2.823347724543779,2.8002808146359444,1.8081370717926266,1.328019595262673,2.005867557912442,1.4381880042857142,1.2949330820092166,1.6180390343502302,1.8248449749400921,2.536548809658986,3.7443471888617514,2.1958829247004608,52.314951355023034,39.43707116884792,39.8757296459447,72.19487967267281,80.61684588258063,95.5488991262212,83.48709677529955,76.13640552921659,96.35729644396314,68.78356374585253,78.1309267789401,57.79769585142856,70.05678016576036,19.396884639585252,28.147964449677417,21.642056727557602,27.54904384709677,31.32988025354839,51.1279696570046,23.93526047387097,25.711769353502305,27.88551578986175,25.992751245576038,32.7911725781106,20.575100794700457,28.007114149447006,-4.977777778,-4.6,1.433333333,8.122222222,14.26666667,18.86666667,21.71111111,21.15555556,16.43333333,9.822222222,3.8666666669999996,-3.188888889,8.575925926,3.251068201,4.796613389,3.6342124320000004,2.896885301,1.747855829,2.122498528,1.457261511,1.993182826,1.570827807,2.131183813,1.755704987,2.49321301,2.487542303,60.52222222,46.43333333,59.63333333,69.55555556,103.6444444,102.8444444,104.3666667,86.1,92.82222222,78.84444444,96.06666667,79.56666667,81.7,33.57349318,20.86701943,33.08190593,29.63414885,55.77466071,35.2430529,27.69178579,27.59066871,38.97662049,41.59877135,41.98803401,40.19564653,35.51798399,480.0,266.37,340910.510000002,614325.2949999999
Robinson Rancheria,0.12922917892865585,0.18421738651454186,3.7350535891588534,1.2675093720545715e7,0.157,0.231,3.9200000000000004,6.666e6,0.8707708210713442,0.8157826134854581,0.843,0.769,0.4350013235411264,0.43498748826463923,0.060481398307214926,0.1741178941570603,0.20410953374935054,0.4887370136414907,0.4887370136414907,0.15069343763102852,0.27039525671129266,0.26106455988035304,7.98522633746667,9.56207818880556,10.814938270903705,13.296358024925924,16.159855965722222,20.952962961796292,22.46864197705556,22.70633744675926,19.93191357935186,17.132777778166666,9.608641975151857,7.1799176954481485,14.816637516685189,2.0956568754592597,2.9740320876925934,2.9698836358759264,2.9733028008777787,2.7283635977722227,2.7038584275351853,3.543033601362963,2.6716816502351857,3.032500898811112,2.3168409529296303,2.5507342989351853,2.9299279948555554,2.7908180685796298,150.64804526446298,115.89825101833335,92.26460906553709,42.07265432092593,22.62438271616667,7.696131687464815,2.5618930041740744,1.594465020518519,8.545432098216667,34.32810699672223,49.57888888979632,112.89041153694444,53.39193930159259,126.99838047470375,114.266398325463,56.337981491148156,33.81217538446297,19.75753706583334,12.456518115662961,5.823484526177778,3.784175229711112,9.442742167040741,42.83743685075927,47.73576877320371,99.2840504600556,47.71138740524075,6.500000000000001,6.688888889,7.922222222,9.722222222,12.4,17.66666667,19.55555556,18.87777778,17.05555556,13.15555556,8.077777778,6.0,11.96851852,1.320984481,3.6491247049999997,1.419311257,1.949857545,1.548386257,3.320391543,0.789162707,0.766122996,1.202197063,2.174345368,1.536861882,1.615549442,1.774357937,237.88888890000004,145.7777778,148.3111111,69.4,56.58888889,20.8,5.255555556,10.97777778,18.78888889,45.81111111,72.76666667,204.6111111,86.41481482,194.383657,115.6938177,124.76985260000001,45.25403297,37.49798143,23.91584203,11.21674096,19.53425055,16.30869741,43.2073907,59.441778240000005,129.0186173,68.35355491,1120.14,621.5899999999999,340910.510000002,614325.2949999999
"Citizen Potawatomi Nation, Oklahoma",0.142,0.17,2.7699999999999996,2.7429999999999995e6,0.1421748006607749,0.2087522595401262,3.014256144651789,1.2483986717781419e7,0.858,0.83,0.8578251993392251,0.7912477404598738,0.5724600145707257,0.47316626355898794,0.001,0.5203850014134863,0.5605883267298798,0.3925058235224002,0.3544004035729066,0.24700249917134348,0.37146334593373687,0.3427926583839122,-5.723143881281106,-7.133538146737327,-0.7054275476221198,5.775832053511521,12.24848950516129,17.21961085658986,19.793036355069123,19.24475166299539,14.496825397188939,8.29349718389401,2.4643625192396312,-5.297747055811059,6.723045741986175,3.128041235502304,2.823347724543779,2.8002808146359444,1.8081370717926266,1.328019595262673,2.005867557912442,1.4381880042857142,1.2949330820092166,1.6180390343502302,1.8248449749400921,2.536548809658986,3.7443471888617514,2.1958829247004608,52.314951355023034,39.43707116884792,39.8757296459447,72.19487967267281,80.61684588258063,95.5488991262212,83.48709677529955,76.13640552921659,96.35729644396314,68.78356374585253,78.1309267789401,57.79769585142856,70.05678016576036,19.396884639585252,28.147964449677417,21.642056727557602,27.54904384709677,31.32988025354839,51.1279696570046,23.93526047387097,25.711769353502305,27.88551578986175,25.992751245576038,32.7911725781106,20.575100794700457,28.007114149447006,4.9155555556,6.671111111,12.048888889999999,16.508888889999998,21.073333334,26.26888889,28.493333334000003,28.82,24.62888889,17.511111112,11.293333334,4.8466666666,16.923333332000002,2.260850818,2.6470933796000002,1.3044560762,1.021678284,0.9177624378,1.4630155448,1.230204403,1.3017814736000002,1.3893157237999998,1.1258270404,2.0179717056,2.6667628666,1.6122266464,65.275555556,52.83111111200001,99.913333328,95.22444443599998,167.08666668,128.19555556000003,85.78888888799999,62.44444444399999,100.04666666600001,89.30444444800001,61.086666668,53.171111112,88.364074074,26.601387186,34.237215002,66.833273582,61.378323206,95.27023752800001,62.326650097999995,57.92225945199999,51.43910103,54.546235134,73.791014862,52.067929766,35.058359076,55.955998828000006,480.0,266.37,340910.510000002,614325.2949999999
"Pokagon Band of Potawatomi Indians, Michigan and Indiana",0.142,0.17,2.7699999999999996,2.7429999999999995e6,0.14,0.155,2.98,1.0894e7,0.858,0.83,0.86,0.845,0.5724600145707257,0.47316626355898794,0.001,0.5203850014134863,0.5605883267298798,0.5653292635166147,0.44421387753498415,0.0009038640534865926,0.5012411223857224,0.5590207990067556,-5.723143881281106,-7.133538146737327,-0.7054275476221198,5.775832053511521,12.24848950516129,17.21961085658986,19.793036355069123,19.24475166299539,14.496825397188939,8.29349718389401,2.4643625192396312,-5.297747055811059,6.723045741986175,3.128041235502304,2.823347724543779,2.8002808146359444,1.8081370717926266,1.328019595262673,2.005867557912442,1.4381880042857142,1.2949330820092166,1.6180390343502302,1.8248449749400921,2.536548809658986,3.7443471888617514,2.1958829247004608,52.314951355023034,39.43707116884792,39.8757296459447,72.19487967267281,80.61684588258063,95.5488991262212,83.48709677529955,76.13640552921659,96.35729644396314,68.78356374585253,78.1309267789401,57.79769585142856,70.05678016576036,19.396884639585252,28.147964449677417,21.642056727557602,27.54904384709677,31.32988025354839,51.1279696570046,23.93526047387097,25.711769353502305,27.88551578986175,25.992751245576038,32.7911725781106,20.575100794700457,28.007114149447006,-0.811111111,-2.055555556,8.255555556,9.466666667,16.08888889,20.87777778,23.07777778,22.42222222,20.23333333,11.72222222,3.933333333,-3.155555556,10.83796296,8.088177243,3.15440609,9.076909043,1.887458609,3.6998123080000003,1.8680054719999997,1.189304185,1.537675013,4.423234111,1.173432761,1.966596044,3.281810137,3.4455684180000006,54.300000000000004,57.54444444,53.8,60.84444444,83.98888889,112.48888890000002,77.26666667,75.65555556,69.61111111,74.9,87.37777778,66.27777778,72.83796296,31.144180839999997,33.71276135,25.65472666,34.24401813,65.36211526,51.75897131,39.34529832,65.16594416,30.31569084,35.69142054,69.41510602,26.67150998,42.37347862,480.0,266.37,340910.510000002,614325.2949999999
Prairie Island Indian Community in the State of Minnesota,0.08336410003167626,0.13466898580582998,3.027781381002627,3.348808372332872e6,0.078,0.126,2.94,1.787e6,0.9166358999683237,0.86533101419417,0.922,0.874,0.6599783760121178,0.5751619655335183,0.001008371935597166,0.6135438365384102,0.5917364314220208,0.41141266587795633,0.35816602548550946,0.001,0.20911593615487592,0.38152769519799923,-9.727192607262001,-8.137925476102078,0.6703508772751682,8.07630379372319,14.18145486510726,19.718624981012134,21.98519305751517,20.837918353447662,15.91965399647638,8.499340605826037,-0.11341655425384578,-9.150293897190162,6.896667666318847,2.713914572721856,2.70282221104956,2.2294525728286403,2.2735118413988187,1.424598758472367,1.7384860136941287,0.8739855927143718,1.3962719509771904,1.8306341219719262,1.8986151051385258,3.383949343735389,4.031319812178973,2.208130158151483,18.604248012993576,15.442269830704793,40.73822649509636,51.88655607955493,90.78090455807438,120.4322664567448,93.28422927086936,101.61433311593393,85.18755548064661,52.49091767886305,38.19160593865478,24.030604287779948,61.056976434292764,11.052294822002985,8.64899805212233,25.25386800224757,26.456287351780475,36.26946798660184,45.86812139592741,35.58432226031197,43.22954455680894,47.07637825227024,18.302915373823833,31.558493536341057,17.01424705126225,28.859578219467235,-8.466666667,-4.922222222,1.366666667,9.133333333,14.98888889,20.42222222,22.7,22.02222222,16.13333333,9.677777778,1.277777778,-7.6,8.061111111,2.491485501,4.793166432,2.759075932,2.121320344,1.274209995,1.710100712,0.85732141,1.708638184,1.697056275,2.150452149,2.783782399,4.518296139,2.405408789,28.3,16.43333333,45.36666667,69.93333333,90.53333333,133.1555556,91.91111111,123.4888889,97.83333333,57.5,39.13333333,29.31111111,68.575,30.793099880000003,9.335684228,29.32119541,57.20131117,45.11280306,55.65772882,47.15388225,56.18955518,55.14163581,32.06091858,27.47853708,14.05315307,38.29162538,61643.510000020004,34208.110000000204,340910.510000002,614325.2949999999
"Santee Sioux Nation, Nebraska",0.0847913802004261,0.12962310592223472,3.0168214052349884,1.9716009886740688e6,0.12397529083292405,0.18798058565444034,3.0701764940505427,545845.5677057753,0.9152086197995739,0.8703768940777653,0.876024709167076,0.8120194143455597,0.7263110128450423,0.6296194733159626,0.0010000000000000035,0.6852163995695003,0.7093479277150964,0.4428393953457203,0.38454732337955627,0.001385293635017185,0.4121737207743507,0.3800840552122669,-7.434907282172162,-5.510475189122727,2.491485988023135,9.273389748496925,14.97778946103951,20.98883714694608,23.04626374803066,21.94678784163438,17.367818337470343,9.789428004100651,1.2027222805289175,-7.069939746003306,8.422433361511798,2.6827003133865115,2.992655671363981,1.8396866311460127,2.0496110910582845,1.5315305431155184,1.5360278609179818,0.9591508414592164,1.389934652172901,1.8304239757010667,1.655025302439538,3.4753070329412687,3.817462045961247,2.1466263302179667,15.490442809251924,13.19301320184618,43.07332799207301,64.59747133198441,102.20214644334237,116.56257407589015,91.37394388789103,101.33586701730209,83.00783636379158,45.17294410206102,31.555785891321914,21.81024485462221,60.781299831030495,8.781741802372247,10.996142781328528,25.225749314664267,39.51691613062253,37.53488442652399,59.55183919391323,54.70602431048676,45.896177427145886,49.86338785491663,17.1628905940634,27.50826229319665,17.657299819101702,32.86677632938262,-3.1,-0.6333333330000002,3.6555555560000004,12.01111111,16.82222222,22.0,24.42222222,23.98888889,17.46666667,12.93333333,3.011111111,-3.733333333,10.73703704,7.160830957,6.118006210999999,4.950785572,4.198346235,3.355882067,2.032240143,1.794977561,1.755309406,2.530316186,3.863288754,5.553477389,5.844655678,4.09650968,14.83333333,10.56666667,58.188888889999994,71.31111111,86.07777777999999,112.0111111,66.48888889,105.8111111,51.54444444,39.87777778,30.4,22.08888889,55.76666667,13.48601127,8.656211643,47.62770844,46.20893973,32.07903434,60.60471195,36.74375608,71.08629341,34.23145889,19.0076812,21.49581355,36.39795477,35.63546461,14363.64,7970.909999999997,340910.510000002,614325.2949999999
Iowa Tribe of Kansas and Nebraska,0.08504722983657252,0.12958656702287716,3.014879504069302,1.878299733629481e6,0.13287622297396517,0.225280012498916,3.0072448015408804,607920.5320388732,0.9149527701634275,0.8704134329771228,0.8671237770260348,0.774719987501084,0.7310265214948618,0.6334377969088133,0.0010000000000000035,0.6928505446520931,0.7141607356061812,0.6896579535056878,0.5787390560493417,0.0015824584677697382,0.619868236425538,0.6804875154135415,-7.394394947894635,-5.457182113093241,2.5329015190404007,9.300361836527347,14.996292882302614,21.025425840380958,23.073722477104468,21.97247823787865,17.4051681183656,9.81585594827297,1.2173476701382493,-7.036871479810139,8.454258832370204,2.686344452266361,2.995977557339635,1.8260399876374818,2.0482519750980033,1.5384297595254999,1.5308472310471588,0.9568686213970818,1.3870396055141325,1.8293675658645163,1.6470366960884801,3.490490307687101,3.809856881728575,2.1455458868425508,15.360457416402465,13.128759173238096,43.05188769395853,64.83258917758374,102.58739375077269,116.18127497173587,91.03718040823203,100.95179383196313,82.39649428296167,44.7951681172504,31.17362178019508,21.60721966170662,60.59198668891706,8.75154556590354,11.050862290550999,25.231048248325656,40.03513615967746,37.81256761242706,59.663012287457825,54.86119368423201,45.81303335199082,49.69912631668049,16.852617958195093,27.43998111892168,17.59518346551152,32.9004423386851,-4.538888889,-2.8277777774999997,5.1333333329999995,11.427777775000001,16.555555555,22.677777775,26.144444444999998,24.805555554999998,19.455555555,12.322222225000003,4.811111111,-3.6111111115000005,11.02962963,4.0175880615,5.851064363,3.2076581809999998,3.1518510090000005,2.5524931720000006,1.74527636,2.1279009915000002,2.0758442574999996,2.8290994605,3.4384425614999996,2.8009377515000002,2.4735940440000004,3.0226458509999996,22.122222225,46.5,61.15555555499999,58.73888888999999,121.80555555000002,122.25555555000001,103.62222225000001,94.122222245,85.894444445,55.172222219999995,48.916666670000005,45.08888889,72.11620371000001,12.272704710000001,44.37224610999999,40.782768004999994,29.515865634999997,69.46719067,42.422479845000005,34.849263335,42.714615585000004,57.396360115,30.069617035,27.322523904999997,58.804075950000005,40.83247591,14043.64,7793.329999999997,340910.510000002,614325.2949999999
Sherwood Valley Rancheria of Pomo Indians of California,0.12076454965311906,0.16995790608082328,3.678681370289645,1.4506683449048957e7,0.135,0.19399999999999998,3.5299999999999994,7.022000000000001e6,0.8792354503468809,0.8300420939191767,0.865,0.806,0.4317193290564522,0.43170064382358253,0.044105589067243885,0.16856323088842437,0.21034304380846114,0.4572270088750737,0.4369567092524577,0.19619433708823555,0.15342903746594294,0.25973845304020954,8.457420924615576,10.336550418403899,11.404785076082728,13.874398486569348,16.426601783187355,21.000973234476888,22.131738309683712,22.286347660559617,20.141605837883223,17.40297377790755,9.991943768423361,8.035414977048664,15.124229521532849,1.593916046126521,2.290879721145987,2.3011991068588813,2.781366763540147,2.431242316963505,2.380014837148419,4.245936199326034,3.071352267279806,2.824381665618006,2.1588605363479325,2.09960382857421,2.104795597737227,2.5236290739391736,174.3636928856448,121.39878344554751,102.92803461858885,45.44033522700732,24.298945661532855,8.646769397408761,1.9221951879659374,0.9364693159294409,5.144147066708031,33.38969991934308,56.21321979046232,131.9915382734307,58.889485899416066,153.7383100092458,117.13746945924579,65.4108350028954,35.52218136017033,19.501324613795628,14.016306248265208,5.217647713445256,1.8861963803211683,5.765885659299271,43.28138581688566,54.12610994355233,115.1025402423358,52.55884937102192,7.122222222,8.45,8.2944444445,10.877777779499999,13.72777778,17.255555559999998,19.5,19.822222225,17.16111111,14.37222222,8.188888889000001,6.738888889,12.625925924999999,1.227555952,1.396909033,1.343935383,1.7144473085,1.9464941755000003,2.4355099295,0.788213113,3.037083282,1.187630172,1.8512952620000003,1.479585152,1.6056297985,1.66785738,228.6388889,159.31666664999997,158.0722222,77.80555555499998,61.08888888999999,20.927777775,8.427777778,5.677777777999999,13.783333334999998,55.444444445,91.53333333,248.02222224999997,94.061574075,159.44487460000002,109.1846194,124.06605650000002,47.848231845,41.211467065,23.392362340000002,15.760815359999999,10.7585777835,14.633546574999999,43.33152185000001,63.431675195,189.72258595,70.232194535,800.14,444.01,340910.510000002,614325.2949999999
"Hopland Band of Pomo Indians, California",0.12076454965311906,0.16995790608082328,3.678681370289645,1.4506683449048957e7,0.139176003124956,0.20102327798288055,3.604029146306038,6.954424676705258e6,0.8792354503468809,0.8300420939191767,0.860823996875044,0.7989767220171194,0.4317193290564522,0.43170064382358253,0.044105589067243885,0.16856323088842437,0.21034304380846114,0.20546862754912884,0.2049310917370144,0.08496860658843013,0.06752913920435577,0.11706725792353782,8.457420924615576,10.336550418403899,11.404785076082728,13.874398486569348,16.426601783187355,21.000973234476888,22.131738309683712,22.286347660559617,20.141605837883223,17.40297377790755,9.991943768423361,8.035414977048664,15.124229521532849,1.593916046126521,2.290879721145987,2.3011991068588813,2.781366763540147,2.431242316963505,2.380014837148419,4.245936199326034,3.071352267279806,2.824381665618006,2.1588605363479325,2.09960382857421,2.104795597737227,2.5236290739391736,174.3636928856448,121.39878344554751,102.92803461858885,45.44033522700732,24.298945661532855,8.646769397408761,1.9221951879659374,0.9364693159294409,5.144147066708031,33.38969991934308,56.21321979046232,131.9915382734307,58.889485899416066,153.7383100092458,117.13746945924579,65.4108350028954,35.52218136017033,19.501324613795628,14.016306248265208,5.217647713445256,1.8861963803211683,5.765885659299271,43.28138581688566,54.12610994355233,115.1025402423358,52.55884937102192,8.255555555499999,9.866666668,9.7166666685,12.51111111,15.36666667,18.216666664999998,20.077777775,20.95,18.238888890000002,15.71666667,9.483333333500001,7.827777777499999,13.852314815,1.1018139555000002,1.197663202,1.3041108170000002,2.1796896709999998,2.7246171255,1.8412184544999999,1.1546797095,3.876733482,1.29305583,1.7813535685,1.5207084705,1.6225156775,1.7998466635,249.4388889,160.75,152.46666665,73.8,51.53333333,14.911111110000002,6.500000001499999,6.2222222225,10.872222222,51.583333335,88.57777777499999,241.78333335,92.36990740499999,181.17885415,103.94168645,117.66811895,42.457186265000004,35.136367075,17.07115779,11.792537437499998,12.990271652,13.2080348985,41.061568390000005,58.52862627,174.34111195,67.44796010499999,800.14,444.01,340910.510000002,614325.2949999999
"Chippewa Cree Indians of the Rocky Boy's Reservation, Montana",0.13522312966909014,0.20109098223277985,2.9697391451978836,1.3692946544890725e6,0.12343523303737963,0.19176165781541438,3.171088082593449,895369.5948245387,0.8647768703309099,0.7989090177672201,0.8765647669626204,0.8082383421845856,0.4162984356123183,0.38937547388418,0.0010000000000000145,0.2653597098629737,0.38595483060358393,0.14151827746123552,0.13412407215420588,0.0015780191636411013,0.08569734383908499,0.0507085411479157,-7.992702279097731,-7.82538786017192,-0.6572910084258154,6.1843090003614085,12.509528784076984,17.517659796260205,20.292325961255827,19.572019164671616,14.603647496023417,7.948231204471656,1.1848596172396808,-6.810002564723735,6.377266442666523,2.398355417324758,2.8237695382286017,2.472573744815431,1.94261525932113,1.3967032535055537,1.9131030256851378,1.263786822307188,1.3878174256689846,1.7040755541801913,1.7570141690771346,2.519298618695226,3.764935687392548,2.112004043092869,37.86759065579394,26.091149528853936,38.79281513125152,58.899746356523394,78.93940288895283,104.15208180643884,87.24931137232659,103.50621056383152,107.97494697993193,72.16764686362264,66.34477481487865,44.78081604808407,68.89720775141106,16.070231263646733,14.499727080914477,22.16431236129088,21.57411958165833,27.183100831992125,43.19874999014313,30.045381109860298,34.115260900385756,44.4662581084024,29.208858259648547,32.29638169592045,21.192735080290312,28.00125968920141,-8.888888889,-4.422222222,-0.544444444,6.955555556000001,11.05555556,16.15555556,20.7,18.7,12.56666667,7.4,-1.822222222,-6.066666667,5.982407409,3.10340315,5.668725115999999,2.245613007,2.762295744,2.148319757,2.357493961,2.063976744,2.404682931,2.054263858,3.081801421,5.548373135,8.905616206,3.528713753,15.1,8.788888889,23.94444444,23.97777778,64.45555556,64.92222222,43.96666667,38.81111111,33.01111111,28.03333333,31.05555556,22.25555556,33.19351852,12.282100800000002,6.181715871,9.699369968,12.341978949999998,62.67190581,49.7332328,32.28432282,22.807095630000003,25.50114921,17.11848416,41.18944377,27.44964076,26.60503671,199345.34999999005,110623.539999998,340910.510000002,614325.2949999999
"Minnesota Chippewa Tribe, Minnesota (Mille Lacs Band)",0.1271600538989529,0.19376750980618884,2.994565697613049,2.335254657978654e6,0.10608011929540875,0.18022093731619104,3.1389613373660192,1.4406601769316306e6,0.8728399461010471,0.8062324901938112,0.8939198807045913,0.819779062683809,0.41165088860034776,0.383506784666436,0.0009976270432054785,0.2637109400875906,0.3781286633159205,0.4728271038234141,0.44281592523583635,0.0009999999999999903,0.3082995841851287,0.38709214947998727,-8.619672948076497,-8.268741614713472,-0.8173688556948033,6.064888647539392,12.37831468080326,17.372274672568008,20.195296916980357,19.412592531374493,14.37663585782337,7.731975081734563,0.6884598629150075,-7.48698315392964,6.085639306617867,2.374529118417775,2.80420415531723,2.5168041559099414,1.9841184267051801,1.4013051764961666,1.9007305373833745,1.2275017431147763,1.3744558499916184,1.7691310146906378,1.7998507246555107,2.6545290272220248,3.8150472934042345,2.13518393533082,34.849698400625705,23.79542826966884,38.719341465468105,55.34222781095505,79.22851857054253,104.09946524251585,89.20513880430055,104.56000890845506,107.0661611733013,72.65356757050009,63.42850658512704,42.33903359201609,67.94059136650228,15.877405171721415,12.928410267260807,22.349583620047866,22.112572620367313,29.772984180049136,42.44015441254877,32.312717685183436,35.69820501450872,44.13688258663108,29.298782874059814,32.16465753394829,21.403481384117697,28.37465311293779,-10.631746031714286,-7.911111111000001,-0.550793650857143,6.898412698428573,13.271428572857143,18.428571428571434,21.00634920428572,20.20952380857143,14.574603175714287,7.742857142857144,0.23968253985714288,-9.100000000000001,6.181481481571429,2.4928860430000004,3.5420395787142867,2.8164420848571434,2.3882921137142863,1.5146486575714289,2.193363104714286,1.0073493322857143,1.9168045961428573,1.7883156291428572,2.2218177551428577,4.304854794571429,4.809327475857144,2.5830117638571433,23.47142857,15.641269840000003,38.12698412428572,45.45396825428572,73.11428571428571,115.66507937142859,104.49047617857144,104.22539681428573,82.59365079428572,77.08095238142857,42.75714285714286,31.598412698571433,62.85158730000001,20.68355160714286,9.571970631285716,22.93396112714286,31.942195935714288,31.144342235714294,41.53918991571429,35.11608613857143,58.96117407000002,44.07962768,36.68889363,30.898817570000002,31.932969151428573,32.95773164285714,263841.4899999801,146414.68999999805,340910.510000002,614325.2949999999
"Elem Indian Colony of Pomo Indians of the Sulphur Bank Rancheria, California",0.12076454965311906,0.16995790608082328,3.678681370289645,1.4506683449048957e7,0.157,0.231,3.92,6.666e6,0.8792354503468809,0.8300420939191767,0.843,0.769,0.4317193290564522,0.43170064382358253,0.044105589067243885,0.16856323088842437,0.21034304380846114,0.27,0.27,0.07,0.03,0.08,8.457420924615576,10.336550418403899,11.404785076082728,13.874398486569348,16.426601783187355,21.000973234476888,22.131738309683712,22.286347660559617,20.141605837883223,17.40297377790755,9.991943768423361,8.035414977048664,15.124229521532849,1.593916046126521,2.290879721145987,2.3011991068588813,2.781366763540147,2.431242316963505,2.380014837148419,4.245936199326034,3.071352267279806,2.824381665618006,2.1588605363479325,2.09960382857421,2.104795597737227,2.5236290739391736,174.3636928856448,121.39878344554751,102.92803461858885,45.44033522700732,24.298945661532855,8.646769397408761,1.9221951879659374,0.9364693159294409,5.144147066708031,33.38969991934308,56.21321979046232,131.9915382734307,58.889485899416066,153.7383100092458,117.13746945924579,65.4108350028954,35.52218136017033,19.501324613795628,14.016306248265208,5.217647713445256,1.8861963803211683,5.765885659299271,43.28138581688566,54.12610994355233,115.1025402423358,52.55884937102192,6.800000000000001,7.755555556000001,8.822222222,10.94444444,13.74444444,17.8,20.85555556,20.03333333,18.36666667,14.27777778,8.811111111,6.333333333,12.8787037,1.6725728680000003,2.42234964,2.7976676789999995,2.152969526,2.506048239,2.787023502,2.216478689,2.7106272340000004,3.004579838,2.311264685,1.787767074,1.8398369490000002,2.350765494,226.00000000000003,138.1666667,133.1111111,59.98888889,52.04444444,20.83333333,7.133333333,8.444444444,17.18888889,37.61111111,54.82222222,173.0444444,77.36574074,201.3557052,122.090704,132.7940647,49.32006297,37.54547613,23.88503716,18.62639257,15.45138433,17.72607151,46.66386301,52.09339636,126.1346613,70.30723494,800.14,444.01,340910.510000002,614325.2949999999
"Upper Sioux Community, Minnesota",0.0847913802004261,0.12962310592223472,3.0168214052349884,1.9716009886740688e6,0.09293197285960943,0.14991500287535647,3.1464309408980826,491697.1993300504,0.9152086197995739,0.8703768940777653,0.9070680271403906,0.8500849971246436,0.7263110128450423,0.6296194733159626,0.0010000000000000035,0.6852163995695003,0.7093479277150964,0.7237496003414035,0.5006192006338247,0.0010000000000000002,0.6941590104844781,0.59679983404596,-7.434907282172162,-5.510475189122727,2.491485988023135,9.273389748496925,14.97778946103951,20.98883714694608,23.04626374803066,21.94678784163438,17.367818337470343,9.789428004100651,1.2027222805289175,-7.069939746003306,8.422433361511798,2.6827003133865115,2.992655671363981,1.8396866311460127,2.0496110910582845,1.5315305431155184,1.5360278609179818,0.9591508414592164,1.389934652172901,1.8304239757010667,1.655025302439538,3.4753070329412687,3.817462045961247,2.1466263302179667,15.490442809251924,13.19301320184618,43.07332799207301,64.59747133198441,102.20214644334237,116.56257407589015,91.37394388789103,101.33586701730209,83.00783636379158,45.17294410206102,31.555785891321914,21.81024485462221,60.781299831030495,8.781741802372247,10.996142781328528,25.225749314664267,39.51691613062253,37.53488442652399,59.55183919391323,54.70602431048676,45.896177427145886,49.86338785491663,17.1628905940634,27.50826229319665,17.657299819101702,32.86677632938262,-9.8833333335,-7.9611111115,0.638888889,8.088888889,14.327777780000002,20.122222225,22.005555554999997,21.094444445,16.577777779999998,8.4555555555,0.044444444499999985,-8.1833333335,7.1106481485,2.7815319119999997,3.0524398099999996,2.131717749,2.8221770090000002,2.0419697329999997,1.5480067585000001,0.9925782135000001,1.4016155345,1.8194232639999997,2.3399014155,3.256786348,5.353988428,2.4618446809999996,24.61111111,14.394444445000001,36.966666665,66.761111115,98.13333333,106.55555555000001,102.03333335,89.33888888999999,86.138888885,56.68333333500001,40.866666665,28.54444444,62.58564814500001,27.76609312,9.667324171499999,25.058937119999996,37.89240455,24.860249924999998,44.735392315,37.040107185,38.596214925000005,65.10211534,26.647706859999996,38.188397315,21.505453499999998,33.088366359999995,14363.64,7970.909999999997,340910.510000002,614325.2949999999
"Northern Cheyenne Tribe of the Northern Cheyenne Indian Reservation, Montana",0.11483211390802069,0.1494689966920293,3.2552614306900276,7.359393180514204e6,0.1466106951571848,0.22974237963042532,3.1799999999999997,895336.9647515771,0.8851678860919793,0.8505310033079707,0.8533893048428152,0.7702576203695747,0.23800150462857536,0.20943799560889106,0.005935558445135115,0.22349261009063184,0.08392366669948637,0.13861769439877436,0.13684710187397067,0.001605882365546855,0.10574065098006623,0.050354988524354605,-2.4448060487573966,-0.925312294535503,2.842044707298817,7.7153846155414225,11.60144641575148,17.7816568054142,20.016173572396447,20.0376725856213,15.220775804171598,9.75927021727219,1.947041420106509,-1.9169296514260357,8.469534845795858,3.8429467480946746,3.585832722887574,3.5368812427100593,3.302171939440829,2.860604592588758,3.5027315572011832,3.196480028671598,3.9092163544644976,2.9132434324437875,3.0970103147071004,4.474303471863905,4.126213624899409,3.5289696691301775,25.96712688946745,23.01015779257397,33.13264299887574,33.613839578846154,64.61932938745562,38.686686390739645,49.200723208372786,48.317192635000005,33.68063773751479,31.79575936810652,21.32669296485207,13.010979619319528,34.69681404739646,20.91227183085799,23.458029080887577,17.113638635041422,18.102642327988168,43.04989096784024,33.40265502946746,28.367011782810653,30.770068894171605,20.57203730168639,27.531072422988167,19.547305668639055,11.136924608431952,24.49696238150888,-6.003703703499999,-2.011111111166667,1.8148148148333332,8.111111111166666,11.918518518333332,17.67037037,21.677777776666666,20.279629630000002,14.40925926,9.2777777775,0.8092592591666666,-4.957407407333333,7.749691358166667,2.737693016,3.826009050166667,1.9875261488333331,1.9140999056666668,2.279963476,1.8117523756666665,1.8202456373333336,2.198174013666667,2.0852224411666667,2.0191321788333334,5.0784581200000005,4.170058310833334,2.6606945563333335,14.822222220000002,13.16851851833333,19.892592593333337,37.79629629833334,95.82222222666667,59.818518518333335,41.92592592333334,37.41111111,28.953703703333332,30.670370371666667,21.172222221666665,15.538888888333334,34.74938271666667,9.378028884666668,7.7243933965,10.225311522166667,20.128587186666667,63.42937797166667,25.504651941666665,27.839844741666663,31.13559793666667,15.30877473,15.580133726666666,15.286582825000004,16.668398513333333,21.517473616666667,801.24,444.62,340910.510000002,614325.2949999999
Jena Band of Choctaw Indians,0.175,0.216,3.06,6.219e6,0.16350629121142427,0.24114837413090082,3.077409990067438,1.8236013413534467e6,0.825,0.784,0.8364937087885758,0.7588516258690992,0.5447309511442293,0.39524780174395435,0.5447309511442293,0.2830039520989546,0.4788129061812473,0.5866029851579736,0.45235563163036524,0.5838422417159095,0.34034961449552964,0.47564380458515704,-0.344444444,0.711111111,2.944444444,7.711111111,12.85555556,16.98888889,20.63333333,20.41111111,17.1,11.04444444,3.122222222,-1.177777778,9.333333333,4.882138648,5.732461174,4.009086901,4.827122446,3.720924318,4.347253284,2.518432052,2.064245894,4.984225115,4.575781658,3.674839377,2.367370787,3.9753234710000003,40.67777778,68.28888889,33.62222222,25.44444444,53.48888889,27.37777778,23.74444444,34.43333333,28.04444444,22.87777778,36.15555556,27.53333333,35.14074074,38.0842086,70.87666126,22.19407453,21.78532253,40.17547276,19.7302292,20.82517173,40.50666612,32.94105004,23.0268744,34.39389885,34.73773165,33.27311347,9.681481481333334,10.28888889,13.774074073333336,19.114814813333336,23.714814813333334,27.181481480000002,28.177777776666666,28.518518520000004,23.722222223333336,19.770370370000002,15.177777780000003,7.718518518333334,18.90339506,2.275679022666667,4.908985583333334,5.546553891666667,1.1572632096666668,1.0885198420000002,1.408219166,1.1096039390000003,1.2985985863333334,5.0483371723333335,1.1499854096666668,4.168453484333333,4.273347142333334,2.7861288710000003,130.97777776666666,108.41111113333335,153.44814813333335,122.21111113333332,112.71481483333335,89.31111111,110.38888891,76.35185185,69.63333333333334,107.66666666666667,123.8111111,104.78148146666666,109.14228396666668,96.96834532666668,71.68436802666668,81.11656497666668,90.10272606000001,46.517342760000005,43.387793380000005,43.065206460000006,52.39151025,41.873114720000004,116.52650336666667,78.93753869666666,64.98815487333333,68.96326407666668,160.15,88.87,340910.510000002,614325.2949999999
"Minnesota Chippewa Tribe, Minnesota (Grand Portage Band)",0.13522312966909014,0.20109098223277985,2.9697391451978836,1.3692946544890725e6,0.09899999999999999,0.163,3.13,281000.0,0.8647768703309099,0.7989090177672201,0.901,0.837,0.4162984356123183,0.38937547388418,0.0010000000000000145,0.2653597098629737,0.38595483060358393,0.3905850151767989,0.364027608883356,0.0009999999999999998,0.27336276216126054,0.3200784671543709,-7.992702279097731,-7.82538786017192,-0.6572910084258154,6.1843090003614085,12.509528784076984,17.517659796260205,20.292325961255827,19.572019164671616,14.603647496023417,7.948231204471656,1.1848596172396808,-6.810002564723735,6.377266442666523,2.398355417324758,2.8237695382286017,2.472573744815431,1.94261525932113,1.3967032535055537,1.9131030256851378,1.263786822307188,1.3878174256689846,1.7040755541801913,1.7570141690771346,2.519298618695226,3.764935687392548,2.112004043092869,37.86759065579394,26.091149528853936,38.79281513125152,58.899746356523394,78.93940288895283,104.15208180643884,87.24931137232659,103.50621056383152,107.97494697993193,72.16764686362264,66.34477481487865,44.78081604808407,68.89720775141106,16.070231263646733,14.499727080914477,22.16431236129088,21.57411958165833,27.183100831992125,43.19874999014313,30.045381109860298,34.115260900385756,44.4662581084024,29.208858259648547,32.29638169592045,21.192735080290312,28.00125968920141,-11.955555560000002,-10.133333333500001,-2.1777777775,4.433333333,10.75,16.08888889,18.794444445,18.07777778,13.01111111,5.988888888499999,-1.8944444444999997,-9.199999998500001,4.3152777775,2.526196929,2.3572405825,3.6804762335,2.1913991009999996,1.433333723,3.541258788,1.852747215,1.6419500509999998,3.5356690009999996,1.7288037445,3.9378277329999998,7.6688108249999996,3.0079761605,34.96666667,19.3,26.25,39.366666665,74.07222222,103.25,114.3777778,83.12777777999999,103.483333345,67.82777778,51.58888889,36.85,62.871759265,15.480685339999999,8.363933929,15.785697895000002,16.519890569999998,25.323755140000003,39.1295641,24.757296805,33.512640705,48.671542835,26.747764395,23.83108262,11.321904508,24.120479905,199345.34999999005,110623.539999998,340910.510000002,614325.2949999999
Lac Courte Oreilles Band of Lake Superior Chippewa Indians of Wisconsin,0.1277257290395909,0.19402738474470296,2.9909228357351516,2.3346677363480874e6,0.11600000000000002,0.224,3.0,965000.0,0.8722742709604091,0.8059726152552971,0.884,0.776,0.4118891145758371,0.38343641131817063,0.000997575037315765,0.26364228868411493,0.3790048032142742,0.433424743723885,0.4041571227320506,0.0009999999999999979,0.24998240144653047,0.4100168293558134,-8.558350010010528,-8.233214459877972,-0.8166037212632746,6.052567065003703,12.36228619125875,17.35670455231716,20.18095083539606,19.406993153623326,14.37283658459369,7.739183409090546,0.7244557061192417,-7.427035072750577,6.096731186132557,2.370838270427615,2.799717645722663,2.5127656838498456,1.9735590654715056,1.3932175299051686,1.9024997453219363,1.2407314173841144,1.3780739528193564,1.770259622419414,1.7947322540094772,2.6405661172519195,3.80586095533603,2.131901855047323,35.14643756069671,23.969162838907224,38.739104103488636,55.71448733588657,79.15002447607012,104.1461345391354,88.66789293830513,104.76303967272027,107.64147176086739,72.57529741655839,63.70901814522517,42.64349785367242,68.07213072050689,15.923055301277694,13.02953047747208,22.43846861719101,22.200935452660584,29.449595429120542,42.38507321034721,31.941110551348352,35.79222191991679,44.34860640240542,29.356029135174214,32.19006275700473,21.39501717385433,28.370808869417413,-10.3,-7.033333333,-1.133333333,6.2,12.45555556,17.86666667,20.78888889,19.85555556,14.08888889,7.500000000000001,-0.377777778,-8.822222222,5.924074075,2.103568397,5.147329405,2.6,2.202271555,1.354724244,1.639359631,1.115173131,1.632567848,1.543894786,2.094039159,2.699434097,4.617569106,2.395827613,26.5,13.744444439999999,32.27777778,53.1,74.7,112.7333333,88.67777778,111.9666667,111.8444444,77.68888889,46.13333333,36.18888889,65.46296296,20.86953521,7.584871639,16.71143155,24.71360961,17.28351816,40.91112318,43.91178025,53.23523269,60.227238670000006,30.40425317,28.792967890000003,36.33739274,31.74857956,257826.54999998005,143076.79999999772,340910.510000002,614325.2949999999
The Osage Nation,0.1354031336633718,0.20584374685929835,3.0436093445804846,2.32256372934658e6,0.153990103548466,0.24696571776974643,3.209845170750867,3.9591201444893256e6,0.8645968663366281,0.7941562531407016,0.846009896451534,0.7530342822302536,0.46804353765093976,0.4327058538622512,0.31508433735126584,0.4166721913955728,0.40076433122895555,0.3774161207951463,0.32127760835418484,0.24933042781695985,0.30693447301074434,0.3320218767087474,0.2596758945624365,2.121389180552163,8.544640801436021,13.845455180664874,18.383255049502736,24.3849524196164,27.00420939321107,26.49912469499053,22.14191869826836,15.061553701259061,8.06234955928547,0.7737648794539866,13.923524120032226,2.67181668695829,3.1551811046902927,1.3807176008123387,1.5406348187484544,1.4015070314007776,1.6736929283878705,1.5865316493305293,1.942690455774221,1.551863609555987,1.466882800506985,2.2374155346980165,2.8242951783974473,1.9527691166817114,43.36378374572198,47.90829885761647,80.0098097528299,66.66411100882888,143.88610354463316,150.66662535120085,111.18810388364759,93.79045192310294,78.6449710810546,65.30525951097533,57.44801221063283,41.85894013841519,81.72787258602645,27.831973547781995,27.9782017385619,36.77608603138267,32.07008807049631,65.26985443031303,74.31835604939953,65.96472029076838,49.91740955450877,42.92786734127195,39.01973453632053,40.08069994729437,35.50852247644365,44.805292834038255,1.4092592591666666,2.075925926,8.4555555555,14.522222220000002,19.201851851666667,24.711111111666668,27.312962961666667,27.420370370000004,22.137037038333336,15.635185185000003,8.820370370500003,1.4537037038333334,14.429629630000003,3.7672595333333336,7.605372761833335,4.6927797015,2.9705829261666676,2.479407805666667,2.7016308311666672,2.693006349166667,3.0918469880000004,4.412115398333334,3.165708149833334,2.8488077898333337,3.1960892591666674,3.6353839580000002,40.44444444666667,53.729629630000005,87.29074074166668,87.11481481666668,125.16111110333334,164.7740740666667,89.54814815000002,76.75555555500003,94.00370370166667,71.21481481333333,49.259259258333344,32.60000000000001,80.99135802500003,23.84216639666667,43.871019423333344,54.07718270000001,50.08989102666667,57.997781266666664,69.31045785333333,55.72927590333335,51.15760299500001,53.66359429166667,49.298250886666665,39.52556642333334,22.642688366666672,47.600456461666674,112670.38,62525.00000000048,340910.510000002,614325.2949999999
Cow Creek Band of Umpqua Tribe of Indians,0.146,0.201,3.56,1.987e6,0.147,0.22599999999999998,3.1600000000000006,8.494e6,0.854,0.7989999999999999,0.853,0.774,0.2024971551110201,0.17952075119036587,0.012655636973632112,0.11486380869486416,0.2024971551110201,0.2963750000349256,0.29238416281162133,0.0014745736872325312,0.13661230614991782,0.19572302112639944,6.977777778,8.944444444,10.246415768387095,13.911111109999998,15.909139788064515,21.044444439999996,25.32222222,20.68530466096774,20.88888889,16.011111110000005,8.722222221999997,6.599999999999999,14.605256869193546,2.3546644019999996,1.69640142,3.365757255354838,2.5394115680000002,3.9312152137258067,1.988788017,2.5405598679999994,2.161899261612904,2.521628662,1.9643347759999998,2.650838442,3.0389142799999997,2.562867763564516,179.09999999999997,103.24283151612903,116.7,57.788888889999996,46.75555556,13.866666669999999,2.6,3.5888888889999997,7.222222222,49.91111110999999,63.918279573225796,194.6444444,69.94490740370966,165.2699837,79.72776233854837,69.43532962,40.19149302,27.296341839999997,10.604598059999999,4.177618938999999,7.241623513000001,11.352067849999997,42.55277441999999,61.94764906467742,169.5118883,57.44242755467742,3.1055555554999996,4.702777777750001,6.3694444445,9.747222222249999,12.461111110000001,16.0416666675,20.41111111,19.405555555000003,16.08888889,11.163888887499999,4.5083333334999995,2.488888889,10.54120370325,2.38856920025,3.7295004652499997,1.6040431245,2.1109329005000004,1.7851975495,2.2897124347499997,2.1977639445,1.52789031425,1.51290047,2.9419912315,3.01142691875,2.573459847,2.3061157,143.41111112500002,79.79166667,91.54722222250001,73.46388889,59.944444444999995,39.58611111250001,23.180555555,13.830555555,29.56111111,69.3138888875,115.08333334750002,174.75555555,76.12245370500001,97.26967463749999,45.27611616,38.27832518,46.1562527425,32.8748682075,22.9986082375,27.0903862275,17.585311599999997,27.763655925000002,30.2744530475,68.36983158,119.161575355,47.758254907499996,144.32,80.09,340910.510000002,614325.2949999999
"Pinoleville Pomo Nation, California",0.12076454965311906,0.16995790608082328,3.678681370289645,1.4506683449048957e7,0.135,0.194,3.53,7.022e6,0.8792354503468809,0.8300420939191767,0.865,0.806,0.4317193290564522,0.43170064382358253,0.044105589067243885,0.16856323088842437,0.21034304380846114,0.5570193653720185,0.5386274236495568,0.39235593272391,0.40992930574618125,0.4613209420304323,8.457420924615576,10.336550418403899,11.404785076082728,13.874398486569348,16.426601783187355,21.000973234476888,22.131738309683712,22.286347660559617,20.141605837883223,17.40297377790755,9.991943768423361,8.035414977048664,15.124229521532849,1.593916046126521,2.290879721145987,2.3011991068588813,2.781366763540147,2.431242316963505,2.380014837148419,4.245936199326034,3.071352267279806,2.824381665618006,2.1588605363479325,2.09960382857421,2.104795597737227,2.5236290739391736,174.3636928856448,121.39878344554751,102.92803461858885,45.44033522700732,24.298945661532855,8.646769397408761,1.9221951879659374,0.9364693159294409,5.144147066708031,33.38969991934308,56.21321979046232,131.9915382734307,58.889485899416066,153.7383100092458,117.13746945924579,65.4108350028954,35.52218136017033,19.501324613795628,14.016306248265208,5.217647713445256,1.8861963803211683,5.765885659299271,43.28138581688566,54.12610994355233,115.1025402423358,52.55884937102192,7.544444444000001,7.911111111,8.888888889,10.55555556,13.288888890000003,18.07777778,19.96666667,19.34444444,17.72222222,13.84444444,8.866666667,7.2,12.767592589999998,1.170588646,4.060924908,1.287870766,2.114894271,1.8956822279999999,3.078464625,0.8746427839999998,0.585472269,1.210142324,2.374400509,1.670329309,1.679285562,1.833558183,227.68888890000002,151.1666667,153.1,72.73333333,56.22222222,18.84444444,5.444444444,7.888888889,13.62222222,53.57777778,85.13333333,238.68888890000002,90.34259260000002,167.3344663,103.5033937,133.0740771,41.33566862,37.25958862,21.35884542,11.12251221,18.94369581,16.7195079,42.01832272,60.31944131,183.7245795,69.72617493,800.14,444.01,340910.510000002,614325.2949999999
Mississippi Band of Choctaw Indians,0.175,0.216,3.06,6.219e6,0.1972161834736489,0.24557510467795243,2.971578059209473,2.560867063239762e6,0.825,0.784,0.8027838165263511,0.7544248953220476,0.5447309511442293,0.39524780174395435,0.5447309511442293,0.2830039520989546,0.4788129061812473,0.5151935785264556,0.3767264635660659,0.5139194712013128,0.2761428548707277,0.3793785455499145,-0.344444444,0.711111111,2.944444444,7.711111111,12.85555556,16.98888889,20.63333333,20.41111111,17.1,11.04444444,3.122222222,-1.177777778,9.333333333,4.882138648,5.732461174,4.009086901,4.827122446,3.720924318,4.347253284,2.518432052,2.064245894,4.984225115,4.575781658,3.674839377,2.367370787,3.9753234710000003,40.67777778,68.28888889,33.62222222,25.44444444,53.48888889,27.37777778,23.74444444,34.43333333,28.04444444,22.87777778,36.15555556,27.53333333,35.14074074,38.0842086,70.87666126,22.19407453,21.78532253,40.17547276,19.7302292,20.82517173,40.50666612,32.94105004,23.0268744,34.39389885,34.73773165,33.27311347,5.636666666800001,5.353333333300001,11.448888888000004,16.105555555000002,21.121111110000005,25.144444445000005,27.002222222000004,27.030000000000005,22.792222222000003,16.946666666000006,11.835555556000005,5.236666666600002,16.304444445000005,5.119469746400001,9.266141514000001,5.7286403533,3.069047335300001,2.971652069900001,2.2932249046000006,1.8800235989000007,2.0851863926000007,4.390633501600001,3.3210064252000016,3.591478148,4.869906047900001,4.0488675032,118.78555555000003,109.44333333900002,134.84777777000002,134.67888889000002,106.05444444600003,86.52333333100002,118.54444444000002,105.46000001200002,65.28555555500003,77.24222222200002,103.54444444100004,88.338888889,104.06240741,68.40726621200001,71.32228694700002,93.096696691,73.872940622,48.23824163700002,31.58510595300001,49.746684004000016,58.82159918500002,37.67902248200001,68.99700541600002,59.69275676900001,69.188673722,60.887356638000014,160.15,88.87,340910.510000002,614325.2949999999
Lac Vieux Desert Band of Lake Superior Chippewa Indians of Michigan,0.1277257290395909,0.19402738474470296,2.9909228357351516,2.3346677363480874e6,0.146,0.187,3.04,1.158e6,0.8722742709604091,0.8059726152552971,0.854,0.813,0.4118891145758371,0.38343641131817063,0.000997575037315765,0.26364228868411493,0.3790048032142742,0.36173648310414613,0.3509983366945477,0.001,0.20119831853441528,0.3241413337593596,-8.558350010010528,-8.233214459877972,-0.8166037212632746,6.052567065003703,12.36228619125875,17.35670455231716,20.18095083539606,19.406993153623326,14.37283658459369,7.739183409090546,0.7244557061192417,-7.427035072750577,6.096731186132557,2.370838270427615,2.799717645722663,2.5127656838498456,1.9735590654715056,1.3932175299051686,1.9024997453219363,1.2407314173841144,1.3780739528193564,1.770259622419414,1.7947322540094772,2.6405661172519195,3.80586095533603,2.131901855047323,35.14643756069671,23.969162838907224,38.739104103488636,55.71448733588657,79.15002447607012,104.1461345391354,88.66789293830513,104.76303967272027,107.64147176086739,72.57529741655839,63.70901814522517,42.64349785367242,68.07213072050689,15.923055301277694,13.02953047747208,22.43846861719101,22.200935452660584,29.449595429120542,42.38507321034721,31.941110551348352,35.79222191991679,44.34860640240542,29.356029135174214,32.19006275700473,21.39501717385433,28.370808869417413,-11.14444444,-10.5,-2.422222222,4.377777778,10.8,16.23333333,18.71111111,17.85555556,12.68888889,5.833333333,-1.8555555559999999,-9.611111111,4.247222223,1.753646993,2.060339778,2.731655989,2.358907468,1.54677083,2.675350444,1.9464354889999997,1.64629213,2.916095182,2.034084561,3.143290915,4.76509298,2.46483023,44.17777778,17.97777778,35.0,56.53333333,74.86666667,105.2777778,117.9333333,99.26666667,122.50000000000001,86.87777778,58.42222222,36.76666667,71.3,63.540730589999995,5.733406007,22.605475,40.00181246,40.31169185,34.67213499,34.28593006,41.16132894,59.14207470000001,40.60359522,33.14195897,20.65623393,36.32136439,257826.54999998005,143076.79999999772,340910.510000002,614325.2949999999
Omaha Tribe of Nebraska,0.10988649815769316,0.16351126847472214,3.0030298034091567,847093.5567597895,0.1621764635154987,0.23459119199236078,2.9437797583017415,601305.687492065,0.8901135018423069,0.8364887315252778,0.8378235364845013,0.7654088080076392,0.7028482880739804,0.5633576625225071,0.00250255272768453,0.6693941543595693,0.656312769278923,0.6884328089990006,0.5696985934835094,0.00102286139486395,0.664994943365482,0.6478236030163257,-5.625566708283558,-3.6684783200156525,3.893057595688748,10.403046624348201,15.704380429347925,21.812214152501948,24.08352510702046,22.991364271679732,18.48629064398887,11.012820756698066,2.6434225558843103,-5.2078332698866285,9.7106869864009,3.10216107676031,3.2063819014790558,1.935653366726819,1.8164094882770878,1.5518135422784347,1.4804637659098214,1.018111033308015,1.369030982148478,1.7708364325048478,1.4573862782715818,3.6718939653913765,3.987246480022143,2.1972823595017053,19.332674590538964,17.231744736291787,47.212771792418295,64.85172279388715,102.30587019261303,124.21593175818046,82.59449522185665,82.65522369524443,66.2329212230413,44.631767858105356,38.55128846848843,26.061096149789016,59.656459039687995,18.023220861743365,16.01988194165398,27.27123140542102,37.993678743220414,42.903523849316464,71.50012072066932,47.53392010872102,43.41299539447558,46.871663672781054,21.478419437353086,33.294316919085524,31.727704020487028,36.502556422464394,-5.6444444444999995,-2.4000000000000004,3.1722222220000003,10.572222219999999,15.772222225,21.744444445000003,24.633333335,23.172222225000002,17.47777778,10.93888889,3.4944444445,-6.022222222000001,9.742592593000001,3.0516993995,6.291955315000001,2.5412841945,1.6395577175,1.391675904,2.358326615,1.8952790655,2.4226934815,2.3872151914999997,1.4416619055000002,6.405018934,3.2511028670000006,2.923122549,20.816666670000004,32.66111111,47.72222222,75.56111111499999,109.50555555,123.1,85.58888888999999,79.05,75.32777778,56.40555555499999,37.62777778,44.59444444499999,65.66342592500001,18.451979635,53.61136694500001,30.451534700000003,36.613876770000005,45.9514389,62.450629815,60.91731861499999,43.23647978,40.72742219,32.32539399499999,25.972441139999997,58.538697799999994,42.43738169,52029.11000000001,28872.84000000018,340910.510000002,614325.2949999999
Sac & Fox Nation of Missouri in Kansas and Nebraska,0.0850798292450177,0.12974936521620578,3.0120581648312315,1.849665386840408e6,0.13167106274607682,0.22301318823823046,3.039802176426543,580895.2627959948,0.9149201707549823,0.8702506347837942,0.8683289372539231,0.7769868117617695,0.7326909984502898,0.6347541159684522,0.0010000000000000033,0.695287357464756,0.7149754265879047,0.8298846391248865,0.6540761934383941,0.0010000000000000002,0.7247162502712391,0.8123573376512782,-7.380019712951597,-5.441480813343406,2.55199218162938,9.321325113971286,15.009348635611188,21.032195659610586,23.079466745757042,21.984371605931443,17.421552315466855,9.83706877841633,1.2463990376307326,-7.023246295496918,8.469914437625023,2.686374660170652,3.0032762397813895,1.8240841169087358,2.0485496270796872,1.537305832020599,1.5256334574853412,0.9599254588625774,1.3886801235856263,1.8230511204118178,1.6526661851264477,3.4792219116283305,3.811574441266279,2.145028597938957,15.545934613552857,13.280033077123743,43.25707579455421,64.81033261354084,102.68822900257557,117.01274997174872,91.50970280285529,100.94754340365056,82.463484188489,44.70027230640357,31.457511821175753,21.950911307967232,60.801981742034286,8.742415950966176,11.103534965549088,25.418940244076087,39.87737423088711,37.74675042222225,59.760673742912395,54.91198588570294,45.88647086548341,49.43263012079236,16.917349027857476,27.325864504679007,17.8503910700842,32.91453175297549,-0.9638888887499999,0.6249999997500001,6.3722222222500005,13.719444444999999,18.42222222,23.547222222499997,26.3888888875,25.6361111125,19.541666667500003,14.702777777500001,7.12777777775,-2.3250000002499998,12.7328703725,5.15182658425,5.5537162085,3.9037220907499997,2.69708137225,2.1826643832499997,1.9759749305,1.57894661825,1.80047743025,2.878694075,2.39203343475,4.830711392,4.1656058955,3.25928786825,27.633333335000003,43.1527777775,74.3833333325,73.6361111125,105.130555555,130.44444445,104.88333334999999,95.8555555525,85.11944443499999,66.59166666750001,39.75000000000001,39.5499999975,73.84421296500001,18.670806925,49.0123165575,48.885856365,38.507558495,68.42168179500001,40.113190825000004,32.9584095075,42.7401597125,56.68374790749999,47.69232249,19.1471670875,41.242267192499995,42.006290405,14363.64,7970.909999999997,340910.510000002,614325.2949999999
St. Croix Chippewa Indians of Wisconsin,0.13522312966909014,0.20109098223277985,2.9697391451978836,1.3692946544890725e6,0.09700517515022355,0.18360633140488966,3.1851943387309163,1.5154593112462228e6,0.8647768703309099,0.7989090177672201,0.9029948248497764,0.8163936685951103,0.4162984356123183,0.38937547388418,0.0010000000000000145,0.2653597098629737,0.38595483060358393,0.3440545666797694,0.3200673585177242,0.0010000000000000002,0.20776229812067723,0.31170878076418945,-7.992702279097731,-7.82538786017192,-0.6572910084258154,6.1843090003614085,12.509528784076984,17.517659796260205,20.292325961255827,19.572019164671616,14.603647496023417,7.948231204471656,1.1848596172396808,-6.810002564723735,6.377266442666523,2.398355417324758,2.8237695382286017,2.472573744815431,1.94261525932113,1.3967032535055537,1.9131030256851378,1.263786822307188,1.3878174256689846,1.7040755541801913,1.7570141690771346,2.519298618695226,3.764935687392548,2.112004043092869,37.86759065579394,26.091149528853936,38.79281513125152,58.899746356523394,78.93940288895283,104.15208180643884,87.24931137232659,103.50621056383152,107.97494697993193,72.16764686362264,66.34477481487865,44.78081604808407,68.89720775141106,16.070231263646733,14.499727080914477,22.16431236129088,21.57411958165833,27.183100831992125,43.19874999014313,30.045381109860298,34.115260900385756,44.4662581084024,29.208858259648547,32.29638169592045,21.192735080290312,28.00125968920141,-9.094444444499999,-6.699999999999999,1.2388888889999998,7.4277777775,13.644444445000001,19.272222225,21.105555555,20.816666665,16.55,8.5555555555,1.0055555555,-6.8944444444999995,7.2439814815,3.164906537,3.1752477585,4.0846758560000005,2.4033727415,1.581793228,2.9028246530000006,1.061957149,2.085062937,3.053257678,1.9790695105000002,3.960436876,8.1078117465,3.1300347225,18.377777775,14.416666665,39.23888889,56.183333335,76.94444444499999,124.9055556,98.62222220000001,122.27222219999999,102.84999998500001,73.177777775,45.78333333,27.011111110000005,66.64861110999999,11.1766149325,8.103534686,20.138685985,36.50125045,23.40675805,40.858084625,50.568267580000004,54.832772545000005,60.219771665,39.2135952,37.300312045,17.5214606925,33.32009237,199345.34999999005,110623.539999998,340910.510000002,614325.2949999999
"Shingle Springs Band of Miwok Indians, Shingle Springs Rancheria (Verona Tract), California",0.1378319876845026,0.20580514554481863,3.2706214431004965,3.674712103285834e7,0.091,0.134,4.47,1.2877e7,0.8621680123154973,0.7941948544551813,0.909,0.866,0.18040284463510248,0.17942455450491904,0.06921126268927368,0.0684647229502193,0.03821635238365696,0.20387329374686058,0.20387329374686058,0.05484589402902934,0.09477740470121128,0.13468151565556197,7.208195592263767,8.118549129079886,10.458065503588834,13.541184573691456,16.763383838099152,21.70844811677685,24.396518212444903,22.901622282782377,20.01196051511018,15.933945513895297,8.684404653625336,5.667584940294075,14.616155238801646,2.767304530471763,3.045889914118454,2.1221141714201095,2.5839830899703835,2.8975044334758935,2.957968362247242,2.710632239479338,1.5914119664958668,3.3745494685668,2.3711671662761695,3.1148633524497233,3.4903709877203855,2.7523133068546826,101.79515611583325,88.83536118679058,70.26028466334705,44.0863024190289,35.47810682482092,20.828971533645984,13.382292622829873,13.697474747980705,19.519658708179055,39.762373735247905,69.65094888321617,71.48520048814046,49.06517766008952,87.68528690997931,66.32346736105363,55.2930489654201,32.936048230736915,30.32524306922174,19.40019667958746,12.95696561384296,12.270944907389806,17.111467781776835,44.23487374234158,66.68964483140499,69.95400925112256,42.93176644422175,6.1,7.433333332999999,9.3,11.66666667,15.088888889999998,20.52222222,24.98888889,23.01111111,20.65555556,13.88888889,8.133333333,5.6,13.86574074,1.308625233,2.926602125,1.8947295320000002,1.793739111,1.9029217299999999,1.996733444,2.361908362,1.695910113,1.880898131,3.021772842,3.61835598,3.560196624,2.330199436,206.5,142.9111111,128.6888889,63.88888889,57.16666667,13.37777778,11.5,12.11111111,10.64444444,47.11111111,71.28888889,152.7,76.49074074,157.8440528,132.1674454,119.97364760000002,53.05844524,38.03064554,14.24182026,17.63767275,26.16789275,15.48104576,58.94156947,71.24555152,147.7286617,71.04320423,7053.72,3914.3799999999997,340910.510000002,614325.2949999999
"Minnesota Chippewa Tribe, Minnesota (Bois Forte Band (Nett Lake))",0.13519859625744365,0.20106350399174816,2.969899229465209,1.3766826704944188e6,0.12190811994435309,0.2112608843887198,3.0200566401158047,2.872892703672036e6,0.8648014037425563,0.7989364960082519,0.8780918800556469,0.7887391156112802,0.41619346717832406,0.38927166681070297,0.0010000000000000148,0.2653290430552422,0.3858686933668653,0.3459309517446793,0.31887426797732443,0.0010000000000000078,0.2915181991234117,0.30531073504780154,-7.996593511260205,-7.8285042029716365,-0.6588318305510792,6.183063309511359,12.508668464753615,17.516336552706612,20.29119467059322,19.57054177031059,14.601861267055316,7.946565483993926,1.181752559553489,-6.8136994576804994,6.375196256339537,2.398802606050891,2.823708143573514,2.4731631317686396,1.9428396667453836,1.3966518529628096,1.913369605297833,1.263770689095582,1.387988595981282,1.7045023022100663,1.7569176084751847,2.5205527060812147,3.765860598080605,2.1123439589362363,37.863756058541895,26.084712025512204,38.78754803931001,58.88801229332177,78.94388683861276,104.14772507594498,87.25517472848927,103.50406911348658,107.96303399031902,72.16576793276532,66.33880404322055,44.77599764871941,68.89320731622477,16.067594998968392,14.493523927598938,22.156107670578287,21.574095076583433,27.19146476073896,43.19763785259268,30.04612423478503,34.11355010515559,44.46228473406812,29.202280969371447,32.29195398498461,21.19423484064825,27.999237763524597,-12.48611111,-9.338888888500001,-0.41111111100000003,5.341666666499999,11.830555555,17.3,19.66388889,19.1500000025,14.677777779999998,6.436111111000001,-1.1027777777499999,-10.841666664999998,5.0182870377499995,2.4816605545000003,5.1738276155000005,6.106285776,2.26622421275,1.4380910552500001,3.5374053002499997,1.3974814435,2.9627175397500003,4.765850246,1.8957937685000001,6.11268450675,5.553970123499999,3.6409993455,27.891666665000002,15.397222220000002,30.11111111,42.322222222499995,77.09166666499999,102.19444443999998,96.152777775,92.5972222225,80.305555555,68.3388888875,58.1500000025,33.724999999999994,60.356481484999996,14.012159462500001,5.52637682225,12.4614267095,26.0333065475,44.926880839999995,30.708381314999997,55.816890234999995,39.231464772500004,34.25213603,26.805599152499997,36.15748784,21.977977195,28.9925072425,199505.34999999005,110712.329999998,340910.510000002,614325.2949999999
"Cheyenne River Sioux Tribe of the Cheyenne River Reservation, South Dakota",0.07314910536319054,0.13128578527944854,3.1051863817039878,6.217215210562124e6,0.19710670519442608,0.2962190947888648,3.1989131301886653,468842.49680930603,0.9268508946368095,0.8687142147205514,0.8028932948055739,0.7037809052111352,0.5131029756819873,0.45697695711224073,0.0009999999999999998,0.34004449779810236,0.49174058142375693,0.22395473944512917,0.22183078322109737,0.002095338337502559,0.17034545214190638,0.07480030908239998,-9.229024943034013,-7.870597127571429,0.6573696144013604,8.078911564292515,14.158352233673469,19.36848072340136,21.830234317619045,20.80907029367347,15.713756612108845,8.619047619326532,0.5550264549727891,-8.534391534557823,7.013019652068028,2.5213170201360544,2.845543578156463,2.4440379865238095,2.109800512156463,1.225993816387755,1.765455755197279,1.0602205870680272,1.5181438613469387,1.8772078398911562,2.0088064408435375,2.8029048656258504,4.1542621762653065,2.194474536843537,21.24693877829932,16.038548754489796,44.02282690857143,54.18510959829931,85.14119425714286,133.44867725986396,106.28775512993197,118.34482236802721,110.0815570862585,61.90302342938775,48.48019652693878,30.801360540884353,69.16516755319728,10.119003703129252,8.572850230047619,24.991082252517003,16.567171986761906,25.23748619367347,54.62845933693878,47.83423775891156,49.5782721840136,57.13782740537415,30.90353589680272,30.532142868231293,20.40816690666667,31.375853060272107,-6.7400000001,-2.038888889,1.7933333335,9.637777778199998,14.094444443999999,19.519999998,23.134444445,22.245555556999996,16.316666667,10.9411111113,1.5544444444000003,-4.4422222223,8.8347222216,2.9314981244999996,6.1170497525,2.2189424577,3.9769002231999995,2.7458018552000003,2.1146824118000005,2.4211106135000002,2.1105716522,2.2554338988,3.638960430899999,5.981045642299999,6.89713272,3.617427482,9.903333333,11.7088888881,21.460000001,38.70555555599999,83.37555555599998,89.96000000200002,63.246666666,44.744444445,37.133333333,36.389999999000004,23.867777778,15.944444444199998,39.70333333300001,6.8555150525,8.6967324775,13.5122069913,22.40307133,53.377695998,42.447562938000004,33.882611552,32.610438759000004,35.139738763000004,24.733658809,32.688811031,15.335741634500001,26.806982111999996,320.0,177.58,340910.510000002,614325.2949999999
Ute Mountain Ute Tribe,0.13297596463314043,0.17747195873866378,3.4299999999999997,689373.6068425016,0.14137320487560204,0.21698516619508287,3.143615047559393,3.4097666605083635e6,0.8670240353668596,0.8225280412613363,0.858626795124398,0.7830148338049171,0.055225447986804094,0.055225447986804094,0.001,0.01923243406929047,0.0017329713546866937,0.06693688418335556,0.06528732581384349,0.0017571582834139505,0.04230134049718806,0.01372167253850739,-3.1527572014074075,-4.437037037148149,1.9283950616444445,5.033251028733333,10.700740741407408,16.700000002074074,19.438600824444446,18.212181068296296,15.654567902074076,7.454897119703703,0.1716049383259259,-3.3813168722074076,7.026927297955556,4.817373916325927,5.793858298414815,5.348649249407407,3.4307858237555555,5.254018054948148,3.1194355872666666,4.04740891834074,5.768630069577778,4.898877785200001,3.960158000748148,5.206352551088889,4.6898707335851855,4.694618249177778,22.21390946614815,25.000658433999998,47.182880658962965,36.05300411244445,30.9457613182963,25.355061730888888,57.74987654548148,47.318271604962966,43.07259259385185,41.15604938422222,22.277201644,13.851851852666666,34.34809328103704,16.526696664962962,10.480859131903703,23.704376095851853,18.53434907940741,24.741962092518516,24.683554016888888,29.672192569555556,19.93376324711111,22.32897359348148,35.136601488888886,14.24842128688889,10.204316747244444,20.849672169851853,-1.0347222221249999,3.197222222125,5.431944444625,8.883333333875,14.4875,19.662499998749997,23.411111109999997,22.454166666249993,18.069444444999995,11.418055554874998,4.0847222221249995,-0.147222222125,10.826504630499999,2.0227411746249997,3.0243625868749997,1.831206416375,2.6265536772499996,2.1833845726249996,2.8779275095,2.161988346125,2.1495740959999994,1.7207746112499995,1.7741743127499998,2.5574430811249997,3.6205194345,2.3792208181249994,43.91111111124999,40.36944444625,33.7722222225,27.101388889999992,24.095833333749997,15.091666667999998,25.506944444999995,30.358333334999998,31.694444443749997,32.74999999874999,33.77361111125,15.099999998749999,29.460416667499995,25.221212101249996,38.54973661375,21.417154033749995,19.302306532499998,29.962588529999994,25.517954878624995,21.904859753749996,18.850175455,19.74526815,22.200175671249994,56.59570746124998,16.2261661495,26.291108778749994,320.0,177.57999999999998,340910.510000002,614325.2949999999
"Bad River Band of the Lake Superior Tribe of Chippewa Indians of the Bad River Reservation, Wisconsin",0.1277257290395909,0.19402738474470296,2.9909228357351516,2.3346677363480874e6,0.11733307393570981,0.19590405782549802,3.3171450805510583,996785.4358320393,0.8722742709604091,0.8059726152552971,0.8826669260642902,0.804095942174502,0.4118891145758371,0.38343641131817063,0.000997575037315765,0.26364228868411493,0.3790048032142742,0.4340199203515163,0.4095993224489371,0.0010000000000000007,0.3480406513461276,0.38155870838708394,-8.558350010010528,-8.233214459877972,-0.8166037212632746,6.052567065003703,12.36228619125875,17.35670455231716,20.18095083539606,19.406993153623326,14.37283658459369,7.739183409090546,0.7244557061192417,-7.427035072750577,6.096731186132557,2.370838270427615,2.799717645722663,2.5127656838498456,1.9735590654715056,1.3932175299051686,1.9024997453219363,1.2407314173841144,1.3780739528193564,1.770259622419414,1.7947322540094772,2.6405661172519195,3.80586095533603,2.131901855047323,35.14643756069671,23.969162838907224,38.739104103488636,55.71448733588657,79.15002447607012,104.1461345391354,88.66789293830513,104.76303967272027,107.64147176086739,72.57529741655839,63.70901814522517,42.64349785367242,68.07213072050689,15.923055301277694,13.02953047747208,22.43846861719101,22.200935452660584,29.449595429120542,42.38507321034721,31.941110551348352,35.79222191991679,44.34860640240542,29.356029135174214,32.19006275700473,21.39501717385433,28.370808869417413,-10.111111111333333,-7.777777777666667,-0.2148148146666667,5.725925926,11.89629629333333,17.496296296666664,19.881481479999998,19.674074076666663,15.114814816666668,7.2333333333333325,0.20740740733333332,-6.3999999999999995,6.060493827333333,2.044218238,3.35303555,4.359817924666666,2.080701853333333,1.4620711936666668,3.0577764046666664,1.154680837,2.0986090326666664,3.851867217666667,1.866184913,4.113275782666666,10.188971990999999,3.302600911666667,24.485185186666662,15.562962966666666,30.607407406666663,54.111111109999996,70.91481481666666,102.36666666666666,97.87777777333334,108.15555555666667,118.33333336666668,75.18888888666665,51.922222223333335,35.714814813333334,65.43672839666667,12.024945739333333,7.162015587666667,21.84585987666667,32.088623676666664,30.589575236666665,30.049565219999998,37.333040553333326,46.909630013333334,66.20566041666666,41.20464626333333,42.59105778666666,22.51937754,32.54366649333333,257826.54999998005,143076.79999999772,340910.510000002,614325.2949999999
"Minnesota Chippewa Tribe, Minnesota (Fond du Lac Band)",0.13522312966909014,0.20109098223277985,2.9697391451978836,1.3692946544890725e6,0.09706864746028158,0.15960786132752874,3.2177449707072987,6.0771835199553715e6,0.8647768703309099,0.7989090177672201,0.9029313525397185,0.8403921386724713,0.4162984356123183,0.38937547388418,0.0010000000000000145,0.2653597098629737,0.38595483060358393,0.3531916414012067,0.34192197897938076,0.0009999999999999979,0.2125168626753289,0.28162577258558613,-7.992702279097731,-7.82538786017192,-0.6572910084258154,6.1843090003614085,12.509528784076984,17.517659796260205,20.292325961255827,19.572019164671616,14.603647496023417,7.948231204471656,1.1848596172396808,-6.810002564723735,6.377266442666523,2.398355417324758,2.8237695382286017,2.472573744815431,1.94261525932113,1.3967032535055537,1.9131030256851378,1.263786822307188,1.3878174256689846,1.7040755541801913,1.7570141690771346,2.519298618695226,3.764935687392548,2.112004043092869,37.86759065579394,26.091149528853936,38.79281513125152,58.899746356523394,78.93940288895283,104.15208180643884,87.24931137232659,103.50621056383152,107.97494697993193,72.16764686362264,66.34477481487865,44.78081604808407,68.89720775141106,16.070231263646733,14.499727080914477,22.16431236129088,21.57411958165833,27.183100831992125,43.19874999014313,30.045381109860298,34.115260900385756,44.4662581084024,29.208858259648547,32.29638169592045,21.192735080290312,28.00125968920141,-10.56666667,-5.661111110999999,-1.3333333334999997,5.6,12.083333335,17.944444445,20.183333335,20.22222222,13.811111110000002,7.066666666500001,1.9277777779999998,-9.1611111115,6.009722222000001,2.3154000485000004,9.271834327999999,3.0027513874999996,2.4058427475,1.3846649274999998,4.2145575375,1.51945652,3.5708645695,1.5242157655000002,2.08349233,9.575960722,4.842509984,3.8092959055000004,29.433333335000004,15.244444445000001,35.83888889,45.23888889,75.16666667000001,99.98333335,92.01666667,102.96111109999998,103.01666668,77.65555555499999,44.444444445,30.466666665,62.622222225,24.374781640000002,7.3772511430000005,20.11278119,35.078878419999995,27.662082050000002,39.15386468,31.96031138,52.140727905,52.284136685,32.315569409999995,30.340615755,21.965546215499995,31.23054554,199345.34999999005,110623.539999998,340910.510000002,614325.2949999999
"Assiniboine and Sioux Tribes of the Fort Peck Indian Reservation, Montana",0.07314910536319054,0.13128578527944854,3.1051863817039878,6.217215210562124e6,0.12038010896521915,0.18691685474746025,3.6456561698830257,716284.2290265224,0.9268508946368095,0.8687142147205514,0.8796198910347809,0.8130831452525398,0.5131029756819873,0.45697695711224073,0.0009999999999999998,0.34004449779810236,0.49174058142375693,0.16566196365638372,0.16502086521633297,0.002532550260128256,0.11131054973845726,0.026499784783389973,-9.229024943034013,-7.870597127571429,0.6573696144013604,8.078911564292515,14.158352233673469,19.36848072340136,21.830234317619045,20.80907029367347,15.713756612108845,8.619047619326532,0.5550264549727891,-8.534391534557823,7.013019652068028,2.5213170201360544,2.845543578156463,2.4440379865238095,2.109800512156463,1.225993816387755,1.765455755197279,1.0602205870680272,1.5181438613469387,1.8772078398911562,2.0088064408435375,2.8029048656258504,4.1542621762653065,2.194474536843537,21.24693877829932,16.038548754489796,44.02282690857143,54.18510959829931,85.14119425714286,133.44867725986396,106.28775512993197,118.34482236802721,110.0815570862585,61.90302342938775,48.48019652693878,30.801360540884353,69.16516755319728,10.119003703129252,8.572850230047619,24.991082252517003,16.567171986761906,25.23748619367347,54.62845933693878,47.83423775891156,49.5782721840136,57.13782740537415,30.90353589680272,30.532142868231293,20.40816690666667,31.375853060272107,-10.545555555499998,-6.2466666666999995,-0.08999999999999998,7.692222222599999,12.39,17.221111111,21.040000001,19.238888886999998,13.676666665999997,8.5066666666,-1.6788888889,-7.954444443999999,6.104166666499999,3.5982702583000004,6.5458023596,2.4961002493,3.6149639456,2.7407492660000004,2.5633089067999997,2.7745352575999997,2.128215807,2.5037883391999998,3.9515421195999996,6.8939741967999995,8.5287058642,4.028329714199999,12.554444444,9.2688888884,23.144444443,24.448888888000003,62.58111111,73.13111111200001,48.167777779,61.093333333,27.974444444999996,24.942222223000005,24.422222222,18.084444445,34.151111111,9.2548621782,12.997987173499999,18.964097881100002,11.966123353099997,57.096225049,43.123123977999995,26.767888274999997,33.68752194099999,19.6044021282,17.555884563999996,21.6616718534,10.451495801799998,23.594273683,320.0,177.58,340910.510000002,614325.2949999999
Picayune Rancheria of Chukchansi Indians of California,0.14499473434521157,0.21813114540386214,3.210158484184826,4.40564597850471e7,0.132,0.204,3.97,1.3794e7,0.8550052656547884,0.7818688545961379,0.868,0.796,0.15687604564984214,0.15384383129402293,0.08636398692376653,0.05455051577707499,0.021850912503976538,0.34382022968037373,0.34382022968037373,0.1109048274778449,0.20346927180590052,0.2020189525144095,6.738319370934189,8.038106261604822,10.411658583508919,13.762360376948408,16.88980746511572,21.308568489239406,23.99391534475527,23.64495884687169,20.051914315777097,15.445138887236094,9.051851851743372,5.544598765486767,14.57343321277116,2.77435641639517,2.6462156259414646,2.0359092172605813,2.384184037123344,2.633941991450725,2.8168992924093876,2.3313999682463615,2.248293330998676,2.7107501545770485,2.148044911945765,3.103208122987431,3.386746330373345,2.6016624500148793,88.80455614904423,81.61438859241065,63.80534611914344,42.789587008455676,40.1532885069907,24.372277336903444,10.195870076494701,13.158454585794967,20.365332892183194,38.2374301869444,65.17081128366397,77.72419532999993,47.199294838700396,69.23260968923601,63.11824068360771,51.30342085067459,29.974468586240047,29.52136350520831,19.136577804057524,9.578109038318118,12.667551341990064,17.036231094664004,38.87051022032403,62.7043266241501,62.674644041418595,38.81817112286706,5.766666667,7.277777778,10.07777778,13.58888889,17.25555556,22.7,25.22222222,25.14444444,20.911111109999997,16.55555556,9.255555556,5.066666667,14.90185185,1.933907961,3.231399765,1.710100712,1.852325865,1.235021367,2.593260496,2.828770836,0.817176711,1.2771496040000003,1.207384685,2.439831506,3.999374951,2.093808705,182.9,121.2444444,107.0111111,59.72222222,38.15555556,10.27777778,9.411111111,8.333333333,5.811111110999999,32.07777778,55.63333333,104.6222222,61.26666666,100.42448660000001,90.39235464,92.01144554,24.21682152,28.64363416,10.737641470000002,18.02646974,15.79659773,4.711274892,37.64660601,50.26335643,79.0787705,45.99578827,7388.43,4100.119999999999,340910.510000002,614325.2949999999
"Big Valley Band of Pomo Indians of the Big Valley Rancheria, California",0.12922917892865585,0.18421738651454186,3.7350535891588534,1.2675093720545715e7,0.157,0.231,3.92,6.666e6,0.8707708210713442,0.8157826134854581,0.843,0.769,0.4350013235411264,0.43498748826463923,0.060481398307214926,0.1741178941570603,0.20410953374935054,0.633862104878806,0.4135093826394491,0.39747884877122197,0.5886316534397237,0.39831899619632677,7.98522633746667,9.56207818880556,10.814938270903705,13.296358024925924,16.159855965722222,20.952962961796292,22.46864197705556,22.70633744675926,19.93191357935186,17.132777778166666,9.608641975151857,7.1799176954481485,14.816637516685189,2.0956568754592597,2.9740320876925934,2.9698836358759264,2.9733028008777787,2.7283635977722227,2.7038584275351853,3.543033601362963,2.6716816502351857,3.032500898811112,2.3168409529296303,2.5507342989351853,2.9299279948555554,2.7908180685796298,150.64804526446298,115.89825101833335,92.26460906553709,42.07265432092593,22.62438271616667,7.696131687464815,2.5618930041740744,1.594465020518519,8.545432098216667,34.32810699672223,49.57888888979632,112.89041153694444,53.39193930159259,126.99838047470375,114.266398325463,56.337981491148156,33.81217538446297,19.75753706583334,12.456518115662961,5.823484526177778,3.784175229711112,9.442742167040741,42.83743685075927,47.73576877320371,99.2840504600556,47.71138740524075,6.666666667000001,7.544444444,8.255555556,10.666666670000001,13.4,17.41111111,19.56666667,19.7,17.3,13.92222222,8.4,6.188888889000001,12.41851852,1.49582753,2.064044035,1.836512395,1.485765796,1.6650825809999998,2.370360966,0.796868873,2.386943652,1.336974196,1.245770623,1.480709289,1.719334497,1.657016203,241.1555556,145.8444444,147.8111111,68.83333333,52.34444443999999,21.28888889,4.077777778,6.077777778,18.74444444,45.3,73.34444444,193.7444444,84.88055555,193.5780664,115.6561403,125.5278201,45.37336774,36.57068878,23.5144341,9.692107327,11.13460572,16.29325866,43.18315644,59.28239855,122.1350698,66.82842616,1120.14,621.5899999999999,340910.510000002,614325.2949999999
"Otoe-Missouria Tribe of Indians, Oklahoma",0.10628004438322537,0.16249531433485437,3.0504842806445125,1.6385166726291466e6,0.14840764218316949,0.23107828978237568,3.1647103844768263,2.8732283440351738e6,0.8937199556167746,0.8375046856651456,0.8515923578168305,0.7689217102176243,0.6427398783628933,0.5797070050380969,0.0012923586838348012,0.5932857863075388,0.6145498956978119,0.4570839870368578,0.4166086378022742,0.26255201286712804,0.44358266450267575,0.37881744647288695,-5.128320443599429,-3.1878694777514114,4.287746465571406,10.562513095263961,15.861255900108619,22.138880648309097,24.474658921686586,23.39040682322334,18.87670833751239,11.440118421057177,3.265845604972886,-4.666639003557472,10.109608775495296,2.827063196154995,3.0911288593317137,1.8594922742813367,1.8602112867857818,1.6075935903524239,1.4867731075224617,1.1225347175147797,1.4846251859535953,1.7717685207011895,1.514500026411429,3.384346787179523,3.6374091390679086,2.1372872243435728,20.293420913295947,19.511032830177477,47.7753816905626,60.56943944156164,105.54783581733531,114.02330108777956,103.64749856213284,86.37666243313616,70.86369024463761,43.20424009192612,35.2841055438071,24.740703464733556,60.986442676522515,12.495213278584284,16.23080049527004,24.975303871113987,32.7058659471422,48.441184047756785,55.84263011963925,46.395114339684284,42.65979159070357,52.07488812587713,20.473303325137692,27.244559499206524,23.080299023224395,33.551579473082455,3.4296296296666666,5.2185185186666665,11.148148149999999,15.974074076666668,20.351851853333333,26.166666666666664,28.451851853333334,28.496296293333337,24.277777776666667,17.07777778,10.266666669000001,3.4777777779999997,16.19475308666667,2.043340918,2.7680659773333334,1.6151292030000002,1.3604703206666666,1.205923334666667,1.5521968843333331,1.4052631266666666,1.6058335110000002,1.5166312253333334,1.322223026,2.1113904663333334,2.6576586056666662,1.7636772170000001,46.91481481666666,48.73703704,88.02222223333334,89.39999999999999,142.6888889,143.2,98.32962962333333,88.92962963,77.17407407666667,72.83703703666666,46.77407407333333,44.370370369999996,82.28148148666666,24.13099628,36.358565993333336,45.46851216333334,40.648471416666666,81.12755233,69.79083785666667,59.153786266666664,55.61451399333333,49.37269374666666,46.090452903333336,43.75682015333334,36.456938136666665,48.99751177,41709.659999999996,23146.190000000133,340910.510000002,614325.2949999999
Klamath Tribes,0.141,0.196,3.32,1.0777e7,0.16,0.238,3.3400000000000003,5.978e6,0.859,0.804,0.84,0.762,0.47263512054833445,0.47261919047093653,0.0010000000000000002,0.1701136768735859,0.24350077672833265,0.11377150679848863,0.11377142009398283,0.0009580515546647907,0.039155449126795076,0.006345533814686733,7.083682539634285,10.462730157514287,11.416412698828571,14.417333334085715,15.895650792985716,22.659333334371432,23.300000000000008,22.28355555625715,20.326571428800005,17.570809525185716,8.992095238150002,7.281507936515715,15.140806878800005,2.163315501665714,2.2818366617485712,1.4974793968542859,2.0491381777628574,3.150986719045715,1.7688135362800006,3.830796262,3.0249403675371433,3.167284005917143,2.413862714367143,2.780032964862857,2.026676971468572,2.5129302733742866,173.05730160828574,135.55346030985717,109.26739682542858,54.20163491887145,23.420349206400005,9.330412698580004,1.553238095002857,0.663571428407143,5.453968253888572,33.72628571420001,54.994507935371445,142.99717460057147,62.01827513122858,120.63570994000001,131.36062103528573,53.615754621385726,52.53072403002858,20.142942885228575,13.549553758285718,3.7675641113857146,1.09658281325,5.509250841902857,45.042342727628586,42.81294445302858,121.73721768200004,50.98343407261429,1.1444444443333333,2.6407407406666668,4.351851851666666,7.892592592666668,11.074074073333335,15.48888889,19.818518516666664,18.93703703666667,15.155555553333336,9.418518517333334,2.3518518516666664,0.7222222223333334,9.08302469,3.8753553893333335,3.56244428,3.3212572553333333,2.7543027196666663,2.763536126,3.6657515286666666,2.529293802666667,2.8560695469999997,2.7427252663333337,1.643163647,3.402775562333333,3.909134,3.085484093666666,80.76296296,37.07407407666666,61.388888890000004,47.37037037333333,39.20370370333334,21.544444446666667,12.2,14.333333333333332,16.54074074,34.00370370333333,63.770370369999995,126.1111111,46.19197531,68.3451403,20.12580243,42.643613599999995,26.59277717333333,26.87439224666667,17.531732833333333,10.166010634666666,18.989040963333334,16.003255346666666,25.197119886666666,54.70405484666666,136.03444090000002,38.60061509666667,1600.0,887.8999999999999,340910.510000002,614325.2949999999
Menominee Indian Tribe of Wisconsin,0.10703705546548653,0.1557198170170346,3.0261619776236373,2.908646035045963e6,0.17496806735753972,0.29095285570636564,2.799971025069293,379382.7431630321,0.8929629445345135,0.8442801829829654,0.8250319326424602,0.7090471442936344,0.37412967993739626,0.34064928864748034,0.0010000000000000035,0.2318092435297286,0.324686349063582,0.4392449023985643,0.401358264698485,0.0009999994938260399,0.25717701159867906,0.38758932793151485,-8.67147709423558,-8.460416932091137,-1.3136904003028282,5.87761007100115,12.536736295454727,17.65600560508789,20.107544686213235,19.232027766889566,14.073515051587703,7.650912834908296,0.6265337748496368,-7.6458986117040535,5.972450253911542,2.3715888057799,2.5723548675855965,2.3016522729272073,2.040143550417081,1.5655331617588844,1.8059198488404666,1.172604943799771,1.3184438989317924,1.9488557180592294,1.8607819441062283,2.909069552533055,4.034880811722776,2.158485781417272,29.464267820993495,19.32556999337218,40.62932959710164,50.23423342996179,79.72250456238827,108.8040249689607,89.79648028084833,111.39368869604515,119.21000295804168,76.49421941821171,71.49532968229082,48.35227784141766,70.41016077055791,14.097052703483,11.17313323351529,28.59578735559612,22.293807953830722,33.11183223716661,44.340270715187245,39.58077162422814,38.62801017200423,42.69346021050632,37.626403522860166,35.84133276076234,29.702298157241124,31.473680054256786,-8.20833333325,-7.8499999997500005,-1.047222222,6.4972222222500005,13.049999999999999,17.933333335,20.466666667499997,19.708333335000003,14.511111112499998,8.11666666675,1.00833333325,-7.352777777750001,6.402777778499999,2.7021043455,2.6038506887499997,2.57811786325,1.9349221232499998,1.6496808322499998,1.7252659775,1.5362494895,1.4985873477500002,2.2496914735,1.7962025049999997,3.4035525105000004,5.2471481495,2.41044777575,27.888888889999997,18.894444445,44.5388888875,58.43055555250001,80.76111110999999,117.64166664999999,88.7583333325,120.563888875,113.7527778,66.96666666750001,58.794444445,51.772222219999996,70.7303240725,20.1738882675,10.767371691500001,27.52799993,21.1796598575,34.1144407225,51.994116867500004,48.406417489999995,52.01330052749999,39.167871347500004,36.34813421,36.158006215,39.438935677500005,34.774178565,9464.66000001,5252.21,340910.510000002,614325.2949999999
Seminole Tribe of Florida,0.164,0.26,2.99,1.833e6,0.1486503144204293,0.21613292273153203,3.3124970321376606,1.7309629703593377e7,0.836,0.74,0.8513496855795707,0.7838670772684679,0.2153518061639509,0.21358078121304036,0.1454466712621609,0.14929711793826075,0.1784237127972016,0.19825286537585124,0.1923538590044941,0.04521395945385341,0.14347569085422712,0.14046743372313938,0.811111111,1.5,2.633333333,7.188888889,12.04444444,17.25555556,19.94444444,19.57777778,17.11111111,11.38888889,1.577777778,-0.511111111,9.210185185,5.86524604,6.140846847,1.16511802,4.75248473,4.888535341,4.206872684,1.969207398,1.501480751,4.319272058,4.914886683,3.027696227,2.381934321,3.761131758,31.02222222,63.94444444,33.7,30.24444444,54.47777778,48.32222222,22.42222222,50.68888889,17.73333333,25.83333333,29.4,45.26666667,37.75462963,20.36852828,44.83640014,19.44492222,21.25024183,34.09665591,77.85372146,25.82449311,68.15228251,18.88981207,18.38062839,23.83039026,54.80339862,35.64428957,15.814950549456876,14.911873410014586,20.375205486083605,19.616486604648856,24.6073308998348,25.874302656392004,26.96093872993475,26.65537744846819,27.463707427814683,22.400723328897282,17.735659345986804,14.094346658425946,21.375908545909603,5.864955534463426,7.233447704023725,4.217913466572402,6.802102962461039,4.510663801208637,3.9723613642616913,2.7583017467568265,4.570905928141375,1.7698708131031808,7.139122051218644,9.227135136889753,7.780319073595988,5.487258298650477,34.316598912517726,46.21740284401107,64.90413223182009,65.10146019940207,92.01781869966446,182.82962617507292,158.45563950757355,144.019342079125,160.3512250973285,109.48083787269711,39.698647361051925,24.25042159115577,93.47026271725157,22.962035279410106,28.092113413188713,48.71104079469763,34.09326594838924,52.10097588461101,109.42240901319424,90.34103041012534,105.57822306469235,69.41726767999346,69.46504974704752,34.1152428471662,13.69185826044526,56.499209362850515,160.19,88.89,340910.510000002,614325.2949999999
Table Mountain Rancheria,0.14372990479885958,0.21616872897233086,3.235464675370839,3.804824348914207e7,0.152,0.22900000000000004,3.07,7.7333e7,0.8562700952011404,0.7838312710276691,0.848,0.7709999999999999,0.15664894338839722,0.15415508893092464,0.07946833431573488,0.05734940610172096,0.02523565981182768,0.17111909986190685,0.17111909986190685,0.057367257125054964,0.09873342441067542,0.09028703310470325,6.290116228629584,7.381772053884851,9.863904068240037,13.218310348271654,16.357576545312238,20.678107381350493,23.446109810577656,23.098629542185794,19.414385463305997,14.724238874442609,8.516211293533168,4.991048659939886,13.998367522029657,3.0385746668996862,2.8490791508091307,2.107397345267759,2.4903770271291936,2.777079518297812,2.998165716757217,2.403312544337626,2.3610060883473833,2.8355227158661185,2.2882789657743934,3.36263591855191,3.6526773849746283,2.7636755869402796,93.76582531655339,87.26868765502336,66.62343221360258,45.700147454804814,44.394019429422286,28.380002602218575,11.826663197227939,15.529287015676024,23.617291178497258,42.722894438571394,73.24795732039026,84.07524070133483,51.429287376217765,75.00697786816151,68.38253735371967,54.0421718561358,32.09511726240044,32.30165593574939,21.93123652541451,10.732289080548783,14.945852950168609,19.639801645315362,42.84910225963307,69.36076955981653,66.88592389387584,42.34778634858313,9.0,10.08888889,12.38888889,15.84444444,19.21111111,23.48888889,26.755555560000005,26.222222219999995,22.47777778,17.68888889,10.93333333,8.533333333,16.88611111,1.443086969,2.804658823,2.130401631,2.876243692,2.609810551,3.797842955,3.9793564530000003,3.021497054,2.724783376,3.42981211,4.192552922,1.790949469,2.900083,58.33333333,50.04444444,49.71111111,25.57777778,17.44444444,3.088888889,6.988888889,6.311111111,6.044444444,12.988888890000002,15.722222220000003,31.67777778,23.66111111,38.12404097,40.63837814,36.39232215,21.95579524,16.93532633,4.878382018,17.05377117,18.05079253,9.241497594,18.97297054,21.72664135,25.63541387,22.46711099,6268.43,3478.5899999999992,340910.510000002,614325.2949999999
Confederated Tribes of Siletz Indians of Oregon,0.146,0.201,3.56,1.987e6,0.14699509492157176,0.22398957670834,3.6599417521936646,4.368122780244407e6,0.854,0.7989999999999999,0.8530049050784283,0.77601042329166,0.2024971551110201,0.17952075119036587,0.012655636973632112,0.11486380869486416,0.2024971551110201,0.2617034438739928,0.23774201099007888,0.0009999999999999998,0.16229224478307563,0.2609944233541183,6.977777778,8.944444444,10.246415768387095,13.911111109999998,15.909139788064515,21.044444439999996,25.32222222,20.68530466096774,20.88888889,16.011111110000005,8.722222221999997,6.599999999999999,14.605256869193546,2.3546644019999996,1.69640142,3.365757255354838,2.5394115680000002,3.9312152137258067,1.988788017,2.5405598679999994,2.161899261612904,2.521628662,1.9643347759999998,2.650838442,3.0389142799999997,2.562867763564516,179.09999999999997,103.24283151612903,116.7,57.788888889999996,46.75555556,13.866666669999999,2.6,3.5888888889999997,7.222222222,49.91111110999999,63.918279573225796,194.6444444,69.94490740370966,165.2699837,79.72776233854837,69.43532962,40.19149302,27.296341839999997,10.604598059999999,4.177618938999999,7.241623513000001,11.352067849999997,42.55277441999999,61.94764906467742,169.5118883,57.44242755467742,5.455555556,6.6,7.511111111,9.7,11.788888889999999,14.56666667,18.06666667,17.1,15.33333333,10.83333333,6.8,4.277777778,10.66944444,2.507045627,1.95512148,1.944507935,1.607015868,1.366056774,2.099404678,3.475989068,1.343502884,1.208304597,2.454587542,2.154065923,3.933121463,2.170726987,206.73333329999997,137.4555556,145.9555556,83.92222222,71.52222222,76.21111111,11.5,13.56666667,50.666666670000005,106.2,180.0333333,210.0666667,107.8194444,111.548913,76.63747633,57.8399756,42.26321621,26.71056803,27.75763158,9.404387274000001,9.647927239,25.21105908,42.34760914,92.67906991,124.5413385,53.88243099,144.32,80.09,340910.510000002,614325.2949999999
Lac du Flambeau Band of Lake Superior Chippewa Indians of the Lac du Flambeau Reservation of Wisconsin,0.1277257290395909,0.19402738474470296,2.9909228357351516,2.3346677363480874e6,0.10968495714726743,0.19050520622053005,3.47905967019114,1.2132560286726276e6,0.8722742709604091,0.8059726152552971,0.8903150428527326,0.80949479377947,0.4118891145758371,0.38343641131817063,0.000997575037315765,0.26364228868411493,0.3790048032142742,0.3339864563714868,0.32258080450025856,0.0009999999999999992,0.17468518712754935,0.2520980213224495,-8.558350010010528,-8.233214459877972,-0.8166037212632746,6.052567065003703,12.36228619125875,17.35670455231716,20.18095083539606,19.406993153623326,14.37283658459369,7.739183409090546,0.7244557061192417,-7.427035072750577,6.096731186132557,2.370838270427615,2.799717645722663,2.5127656838498456,1.9735590654715056,1.3932175299051686,1.9024997453219363,1.2407314173841144,1.3780739528193564,1.770259622419414,1.7947322540094772,2.6405661172519195,3.80586095533603,2.131901855047323,35.14643756069671,23.969162838907224,38.739104103488636,55.71448733588657,79.15002447607012,104.1461345391354,88.66789293830513,104.76303967272027,107.64147176086739,72.57529741655839,63.70901814522517,42.64349785367242,68.07213072050689,15.923055301277694,13.02953047747208,22.43846861719101,22.200935452660584,29.449595429120542,42.38507321034721,31.941110551348352,35.79222191991679,44.34860640240542,29.356029135174214,32.19006275700473,21.39501717385433,28.370808869417413,-11.0694444475,-9.594444444500002,-1.6722222224999999,4.8555555555,11.23888889,16.808333335,19.374999999999996,18.5527777775,13.563888887500003,6.2555555555,-0.93888888875,-9.41111111075,4.83032407425,1.975714236,2.56862996325,3.5888346857499998,2.3437890825,1.47281187275,2.7886072315,1.68843413975,1.90274094425,3.4131852169999997,2.1522604875,4.1313898375,4.78478769325,2.7342654495000005,26.0166666675,18.3,35.0250000025,52.1,80.63888889,108.0805555525,106.5472222075,120.10277780000001,121.3638889,85.89999999999999,55.59444444499999,39.991666665000004,70.80509259499999,12.709557644999999,8.46434325575,19.9473098775,26.597010112499998,41.007527405000005,37.686518344999996,40.609416785,52.681342595,67.69214029,38.546123375,30.245758925,29.199331837499997,33.78219837,257826.54999998005,143076.79999999772,340910.510000002,614325.2949999999
Turtle Mountain Band of Chippewa Indians of North Dakota,0.13522312966909014,0.20109098223277985,2.9697391451978836,1.3692946544890725e6,0.163,0.287,3.0799999999999996,1.245e6,0.8647768703309099,0.7989090177672201,0.837,0.7130000000000001,0.4162984356123183,0.38937547388418,0.0010000000000000145,0.2653597098629737,0.38595483060358393,0.47211367059826786,0.4338816922596933,0.0009999999999999983,0.44012508970137065,0.25859287262147046,-7.992702279097731,-7.82538786017192,-0.6572910084258154,6.1843090003614085,12.509528784076984,17.517659796260205,20.292325961255827,19.572019164671616,14.603647496023417,7.948231204471656,1.1848596172396808,-6.810002564723735,6.377266442666523,2.398355417324758,2.8237695382286017,2.472573744815431,1.94261525932113,1.3967032535055537,1.9131030256851378,1.263786822307188,1.3878174256689846,1.7040755541801913,1.7570141690771346,2.519298618695226,3.764935687392548,2.112004043092869,37.86759065579394,26.091149528853936,38.79281513125152,58.899746356523394,78.93940288895283,104.15208180643884,87.24931137232659,103.50621056383152,107.97494697993193,72.16764686362264,66.34477481487865,44.78081604808407,68.89720775141106,16.070231263646733,14.499727080914477,22.16431236129088,21.57411958165833,27.183100831992125,43.19874999014313,30.045381109860298,34.115260900385756,44.4662581084024,29.208858259648547,32.29638169592045,21.192735080290312,28.00125968920141,-12.06666667,-8.444444444,-2.4,6.711111111,11.888888890000002,17.32222222,20.37777778,18.2,12.688888890000001,7.444444443999999,-2.666666667,-11.11111111,4.828703704,5.946637705,7.142673013,4.118252056,3.229336017,1.8312867360000002,2.483333333,1.829465617,1.802775638,1.572771792,3.314404589,5.911429607,6.583966214000001,3.813861026,24.42222222,23.17777778,26.93333333,25.86666667,81.63333333,124.5333333,64.55555556,114.49999999999999,44.877777779999995,42.45555556,45.33333333,23.722222220000003,53.50092591999999,13.7255945,18.61597283,17.77427917,18.08272656,30.32329962,58.99898304,24.19447825,55.47571541,33.08964256,19.50756976,27.48463207,14.93425406,27.68392899,199345.34999999005,110623.539999998,340910.510000002,614325.2949999999
Iowa Tribe of Oklahoma,0.08504722983657252,0.12958656702287716,3.014879504069302,1.878299733629481e6,0.13975319508103268,0.1996527236017709,3.0953847869353632,1.6059975356061919e7,0.9149527701634275,0.8704134329771228,0.8602468049189673,0.8003472763982291,0.7310265214948618,0.6334377969088133,0.0010000000000000035,0.6928505446520931,0.7141607356061812,0.36977362712331197,0.346591050631513,0.22849308807949115,0.3400141395361012,0.3373905152488028,-7.394394947894635,-5.457182113093241,2.5329015190404007,9.300361836527347,14.996292882302614,21.025425840380958,23.073722477104468,21.97247823787865,17.4051681183656,9.81585594827297,1.2173476701382493,-7.036871479810139,8.454258832370204,2.686344452266361,2.995977557339635,1.8260399876374818,2.0482519750980033,1.5384297595254999,1.5308472310471588,0.9568686213970818,1.3870396055141325,1.8293675658645163,1.6470366960884801,3.490490307687101,3.809856881728575,2.1455458868425508,15.360457416402465,13.128759173238096,43.05188769395853,64.83258917758374,102.58739375077269,116.18127497173587,91.03718040823203,100.95179383196313,82.39649428296167,44.7951681172504,31.17362178019508,21.60721966170662,60.59198668891706,8.75154556590354,11.050862290550999,25.231048248325656,40.03513615967746,37.81256761242706,59.663012287457825,54.86119368423201,45.81303335199082,49.69912631668049,16.852617958195093,27.43998111892168,17.59518346551152,32.9004423386851,4.185185185333333,5.914814815,11.488888886666667,16.30740740666667,20.78888889,26.15555555333333,28.451851849999997,28.655555556666666,24.47037037,17.225925926666665,10.781481483333332,4.1148148146666665,16.545061729999997,2.121187927333333,2.7037127056666663,1.2723781936666667,1.1874893223333334,0.8917007979999999,1.4894532489999999,1.3141346936666667,1.497624087,1.4595135143333333,1.1565946233333333,2.0797091576666666,2.740119569,1.6594681536666667,55.485185183333336,57.744444446666655,106.10000003333333,96.63333333333334,164.0333333333333,149.55555556666667,88.46296297,78.79259259333332,91.41111111000001,82.41111111333332,57.25185185333333,49.97037036999999,89.82098765999999,25.49053576333333,47.18337425,62.761130923333326,46.06262642,81.58725282999998,73.10297097333331,57.802431379999994,58.18912381333333,49.06311094,60.569779579999995,49.0676961,43.26133085666667,54.511780316666666,14043.64,7793.329999999997,340910.510000002,614325.2949999999
Lower Sioux Indian Community in the State of Minnesota,0.08336410003167626,0.13466898580582998,3.027781381002627,3.348808372332872e6,0.08596111683618819,0.15390668040685168,2.97,668455.6357066348,0.9166358999683237,0.86533101419417,0.9140388831638118,0.8460933195931484,0.6599783760121178,0.5751619655335183,0.001008371935597166,0.6135438365384102,0.5917364314220208,0.5803819613198582,0.4863029892632946,0.0009999999999999994,0.46303554829287247,0.5458192991992524,-9.727192607262001,-8.137925476102078,0.6703508772751682,8.07630379372319,14.18145486510726,19.718624981012134,21.98519305751517,20.837918353447662,15.91965399647638,8.499340605826037,-0.11341655425384578,-9.150293897190162,6.896667666318847,2.713914572721856,2.70282221104956,2.2294525728286403,2.2735118413988187,1.424598758472367,1.7384860136941287,0.8739855927143718,1.3962719509771904,1.8306341219719262,1.8986151051385258,3.383949343735389,4.031319812178973,2.208130158151483,18.604248012993576,15.442269830704793,40.73822649509636,51.88655607955493,90.78090455807438,120.4322664567448,93.28422927086936,101.61433311593393,85.18755548064661,52.49091767886305,38.19160593865478,24.030604287779948,61.056976434292764,11.052294822002985,8.64899805212233,25.25386800224757,26.456287351780475,36.26946798660184,45.86812139592741,35.58432226031197,43.22954455680894,47.07637825227024,18.302915373823833,31.558493536341057,17.01424705126225,28.859578219467235,-6.95,-6.7166666665,1.961111111,10.133333332000001,15.894444440000001,21.22222222,24.16666667,22.455555555000004,16.527777775,10.572222224499999,2.6777777780000003,-7.7944444445,8.6791666665,6.3744411415,6.0100261040000005,4.1298857705,4.1001271255,2.9315496289999996,2.4396181425,2.976171996,2.3907553234999996,1.854171108,3.969412613,7.024728618,6.034274777499999,4.186263529500001,17.31111111,16.57222222,48.883333335,73.577777775,107.96666665,119.28333334999999,99.13888887,90.294444445,90.055555555,61.533333330000005,40.877777775,36.07222222,66.79722222,12.73250428,11.777770735,43.121797640000004,63.208130340000004,32.600553305,47.68591859,37.419706700000006,32.273634675,60.147020190000006,48.955865275,33.777788705,39.763959230000005,38.622054139999996,61643.510000020004,34208.110000000204,340910.510000002,614325.2949999999
Confederated Tribes of the Chehalis Reservation,0.13415067011028298,0.20148730542369567,3.294924664944859,1.132712935833766e7,0.14406253748754144,0.2228553341869206,3.4317435197040562,8.388289913219665e6,0.865849329889717,0.7985126945763044,0.8559374625124585,0.7771446658130794,0.7246918736080926,0.7030704455943549,0.0010000000000000005,0.5741530489071364,0.6750584414689664,0.6052040180248901,0.5553752937114971,0.0013071107612196346,0.42212069432045174,0.5786997806999316,5.764553733645902,8.449653915878686,8.464808743137702,12.082295082524588,14.82382513632787,19.708269580459014,24.84156648481967,20.90950819534426,19.318724956131145,14.58240437019672,7.091293260390163,5.1259016394295065,13.430233757573768,3.16723965704918,2.8027411544426224,3.658820603816393,3.349748152609835,3.5305687935540977,3.1575721643278682,2.4602121457344257,2.623760837501639,2.5501133323967213,3.134229981488524,3.84118840832459,3.5695103232524583,3.153808795960655,147.48429874163932,138.98061931344262,147.59500912655736,54.86451730580327,57.55063752327868,16.580655737377047,2.266775956281967,1.9302732238229505,16.403315114977048,43.370601089278686,67.18240437183606,188.7683788429508,73.58145719895082,104.20857319842622,127.11059499967212,153.5185536297049,33.326571915540974,44.24539072993442,18.35212468642623,3.007494196875409,3.358175498944262,24.39581980704918,42.60134745075409,55.595189256721305,173.85486282131146,65.29789151501639,3.644444444,4.077777778,6.388888889,10.37777778,11.43333333,13.78888889,16.65555556,16.78888889,14.51111111,9.833333333,4.733333333,3.155555556,9.615740741,2.549564233,4.382002333,1.370624351,4.617298392,1.177921899,0.888037787,1.371232211,2.009629596,1.390543459,4.347700542,4.04103947,2.633491556,2.564923819,235.3,149.7111111,135.6444444,103.4444444,78.67777778,71.47777778,24.37777778,34.21111111,65.28888889,166.1555556,220.8333333,212.7222222,124.8203704,125.7456162,83.32702809,48.80320459,48.57720945,39.6765919,20.31063624,18.04790693,16.56007582,40.27379559,81.92225142,136.6263426,106.0438209,63.82620664,648.54,359.9,340910.510000002,614325.2949999999
"Sisseton-Wahpeton Oyate of the Lake Traverse Reservation, South Dakota",0.08336410003167626,0.13466898580582998,3.027781381002627,3.348808372332872e6,0.11214925497075916,0.19534231111152073,3.2900084327863044,603523.7579688856,0.9166358999683237,0.86533101419417,0.8878507450292409,0.8046576888884793,0.6599783760121178,0.5751619655335183,0.001008371935597166,0.6135438365384102,0.5917364314220208,0.5103898714529328,0.4724132621246572,0.0011968059481771097,0.47224784018365284,0.40931289485601785,-9.727192607262001,-8.137925476102078,0.6703508772751682,8.07630379372319,14.18145486510726,19.718624981012134,21.98519305751517,20.837918353447662,15.91965399647638,8.499340605826037,-0.11341655425384578,-9.150293897190162,6.896667666318847,2.713914572721856,2.70282221104956,2.2294525728286403,2.2735118413988187,1.424598758472367,1.7384860136941287,0.8739855927143718,1.3962719509771904,1.8306341219719262,1.8986151051385258,3.383949343735389,4.031319812178973,2.208130158151483,18.604248012993576,15.442269830704793,40.73822649509636,51.88655607955493,90.78090455807438,120.4322664567448,93.28422927086936,101.61433311593393,85.18755548064661,52.49091767886305,38.19160593865478,24.030604287779948,61.056976434292764,11.052294822002985,8.64899805212233,25.25386800224757,26.456287351780475,36.26946798660184,45.86812139592741,35.58432226031197,43.22954455680894,47.07637825227024,18.302915373823833,31.558493536341057,17.01424705126225,28.859578219467235,-8.781944444,-5.9375,0.25972222224999997,8.799999999874998,14.55694444375,19.79166666625,22.345833331250002,21.45833333375,15.102777777500002,9.116666665875,0.775000000125,-8.625000000125,7.40520833325,5.8082424206250005,6.642718719124999,3.7852824075,3.4279664366250007,2.331449296125,2.7466367932500004,1.9511105431250002,2.4630968531249997,1.960214626875,3.0893825335,7.267888268000001,6.4231473365000005,3.991428019625,22.069444445,22.45138888875,42.73611111,40.1791666675,71.2125,106.65694444999998,81.52916666625002,71.20277777625,70.493055555,51.550000001250005,32.7138888875,38.550000000000004,54.278703705,30.02263383875,35.22965207675,39.6465394,35.779493575000004,33.847985953750005,40.04073055875,44.126906713749996,36.05342494625,39.173957727499996,29.5110065425,29.157018672499998,58.527201622499994,37.59304596875,61643.510000020004,34208.110000000204,340910.510000002,614325.2949999999
Ottawa Tribe of Oklahoma,0.15603055429801926,0.20566219722714035,2.940994197924833,1.8135458769222866e6,0.17,0.264,2.98,2.716e6,0.8439694457019807,0.7943378027728596,0.83,0.736,0.3679130743612422,0.3407924506105215,0.0010000000000000044,0.24283847816867724,0.3545860533433965,0.4780943928794326,0.3988664893809669,0.40704688497285985,0.40809066348802603,0.4644947640599661,-6.4236454439855395,-6.894669816242494,-0.7017422143041957,5.919212097613248,12.156446812689332,17.062522862002503,19.831606928797825,19.405768526835086,14.598233605494666,8.17114248332438,2.1728450174401264,-5.116691466688844,6.68175244949588,2.5386887961392532,2.844130619024243,2.447981343668941,1.8665619722289497,1.3712271900287667,2.1513877382763282,1.3810505127662305,1.3747431545805495,1.6179354704346318,1.680909851832884,2.270898583840947,3.553894831989687,2.091617505495205,52.24041627218728,34.62767857736886,40.49897482069633,63.33698330363141,76.3049857704047,88.47845017392036,79.36856512253361,87.47633657607514,99.21899571386922,74.69310306328784,79.26666604603618,56.5548016289831,69.33882975676032,18.763145715986926,19.65136483676671,22.684679798209412,26.25122873462562,30.73518971361589,43.63438821995093,21.07010609752691,26.148421913759588,31.609250165175027,27.80411750215644,35.959946762143616,23.498383970269842,27.317518619098575,2.366666667,4.044444444,10.13333333,14.76666667,19.06666667,24.65555556,27.03333333,26.93333333,22.766666670000003,15.62222222,9.455555556,2.6444444439999995,14.957407410000002,2.752271789,2.831126592,1.393735986,1.220655562,0.916515139,1.460403293,1.5337861649999998,1.503329638,1.607793519,1.170232645,2.295163998,3.22765825,1.826056048,70.84444444,67.93333333,110.95555560000001,99.27777778000001,181.7666667,125.4333333,85.38888888999999,83.27777778,101.50000000000001,81.12222222,91.97777778,75.38888889,97.90555556,45.5720888,47.98484136,54.463958520000006,41.91061255000001,82.35030358,47.23314514,55.21570077,62.81589723,51.08125879,60.68959503,80.40044741,74.14164559,58.6549579,74042.79,41088.94000000028,340910.510000002,614325.2949999999
"Bay Mills Indian Community, Michigan",0.13522312966909014,0.20109098223277985,2.9697391451978836,1.3692946544890725e6,0.16199999999999998,0.208,2.99,3.1e6,0.8647768703309099,0.7989090177672201,0.8380000000000001,0.792,0.4162984356123183,0.38937547388418,0.0010000000000000145,0.2653597098629737,0.38595483060358393,0.41721857432810644,0.4053321426388563,0.0009999999999999998,0.2547859970801446,0.3191620777042448,-7.992702279097731,-7.82538786017192,-0.6572910084258154,6.1843090003614085,12.509528784076984,17.517659796260205,20.292325961255827,19.572019164671616,14.603647496023417,7.948231204471656,1.1848596172396808,-6.810002564723735,6.377266442666523,2.398355417324758,2.8237695382286017,2.472573744815431,1.94261525932113,1.3967032535055537,1.9131030256851378,1.263786822307188,1.3878174256689846,1.7040755541801913,1.7570141690771346,2.519298618695226,3.764935687392548,2.112004043092869,37.86759065579394,26.091149528853936,38.79281513125152,58.899746356523394,78.93940288895283,104.15208180643884,87.24931137232659,103.50621056383152,107.97494697993193,72.16764686362264,66.34477481487865,44.78081604808407,68.89720775141106,16.070231263646733,14.499727080914477,22.16431236129088,21.57411958165833,27.183100831992125,43.19874999014313,30.045381109860298,34.115260900385756,44.4662581084024,29.208858259648547,32.29638169592045,21.192735080290312,28.00125968920141,-7.5166666665,-8.283333333499998,-1.538888889,5.027777778000001,11.52222222,15.85,19.122222224999998,18.955555554999997,14.2,7.972222222,2.0333333335,-5.655555555499999,5.974074074,3.0342484695,3.056993822,2.9335206694999996,1.8240094405000002,1.969411485,2.315657823,2.2045738845,1.3994132989999999,2.329952648,1.769175706,2.9133965434999998,4.6589907915,2.5341120485,63.01666666500001,36.733333335000005,45.916666664999994,61.87777778,67.46666667,98.077777795,63.55555556,78.49444444500001,102.81111112,83.61111111,78.67777777999999,73.21111110999999,71.120833335,23.809351314999997,20.771796065,30.71320093,34.992523170000005,32.677356815,48.795490550000004,24.533962154999998,28.648395760000003,40.633281935,35.312558095,22.95180644,40.11374818,31.99612262,199345.34999999005,110623.539999998,340910.510000002,614325.2949999999
"Santa Rosa Indian Community of the Santa Rosa Rancheria, California",0.14372990479885958,0.21616872897233086,3.235464675370839,3.804824348914207e7,0.144,0.211,3.07,1.1253e7,0.8562700952011404,0.7838312710276691,0.856,0.789,0.15664894338839722,0.15415508893092464,0.07946833431573488,0.05734940610172096,0.02523565981182768,0.05659125331072332,0.05659125331072332,0.007363863468565379,0.016205128083011954,0.001,6.290116228629584,7.381772053884851,9.863904068240037,13.218310348271654,16.357576545312238,20.678107381350493,23.446109810577656,23.098629542185794,19.414385463305997,14.724238874442609,8.516211293533168,4.991048659939886,13.998367522029657,3.0385746668996862,2.8490791508091307,2.107397345267759,2.4903770271291936,2.777079518297812,2.998165716757217,2.403312544337626,2.3610060883473833,2.8355227158661185,2.2882789657743934,3.36263591855191,3.6526773849746283,2.7636755869402796,93.76582531655339,87.26868765502336,66.62343221360258,45.700147454804814,44.394019429422286,28.380002602218575,11.826663197227939,15.529287015676024,23.617291178497258,42.722894438571394,73.24795732039026,84.07524070133483,51.429287376217765,75.00697786816151,68.38253735371967,54.0421718561358,32.09511726240044,32.30165593574939,21.93123652541451,10.732289080548783,14.945852950168609,19.639801645315362,42.84910225963307,69.36076955981653,66.88592389387584,42.34778634858313,7.3,7.411111111,10.88888889,14.333333329999999,17.88888889,21.74444444,24.76666667,24.2,20.66666667,16.51111111,9.322222222,6.622222222000001,15.13796296,2.880104165,8.599483189,3.761131626,3.9363688849999994,3.002267661,3.2806672760000004,3.2101401839999997,2.556364606,3.4503623,3.958043849,5.690074204,3.6217322440000004,3.995561682,55.01111111,41.66666667,37.93333333,20.13333333,15.811111109999999,3.333333333,7.588888889,8.6,2.688888889,11.0,14.78888889,29.94444444,20.70833333,33.70621028,24.131255669999998,33.43845092,13.057373399999998,13.909389309999998,5.421485036,18.99331754,24.18553287,4.547923824,11.82729893,16.78536896,25.129917979999995,18.76112706,6268.43,3478.5899999999992,340910.510000002,614325.2949999999
"Northern Arapaho Tribe of the Wind River Reservation, Wyoming",0.11483211390802069,0.1494689966920293,3.2552614306900276,7.359393180514204e6,0.14117614446151538,0.19888061353981684,3.372357646417614,2.8927536113836793e6,0.8851678860919793,0.8505310033079707,0.8588238555384846,0.8011193864601831,0.23800150462857536,0.20943799560889106,0.005935558445135115,0.22349261009063184,0.08392366669948637,0.056095397600241424,0.055694570097866346,0.002799349391891822,0.021838923204164896,0.002574532331752992,-2.4448060487573966,-0.925312294535503,2.842044707298817,7.7153846155414225,11.60144641575148,17.7816568054142,20.016173572396447,20.0376725856213,15.220775804171598,9.75927021727219,1.947041420106509,-1.9169296514260357,8.469534845795858,3.8429467480946746,3.585832722887574,3.5368812427100593,3.302171939440829,2.860604592588758,3.5027315572011832,3.196480028671598,3.9092163544644976,2.9132434324437875,3.0970103147071004,4.474303471863905,4.126213624899409,3.5289696691301775,25.96712688946745,23.01015779257397,33.13264299887574,33.613839578846154,64.61932938745562,38.686686390739645,49.200723208372786,48.317192635000005,33.68063773751479,31.79575936810652,21.32669296485207,13.010979619319528,34.69681404739646,20.91227183085799,23.458029080887577,17.113638635041422,18.102642327988168,43.04989096784024,33.40265502946746,28.367011782810653,30.770068894171605,20.57203730168639,27.531072422988167,19.547305668639055,11.136924608431952,24.49696238150888,-6.7382716049999996,-4.803703703666667,-0.113580246888889,5.569135802555555,9.717283949777777,15.2,20.386419753333332,18.667901233333332,13.122222223333333,7.654320987777777,-0.6098765432222222,-5.095061728333333,6.079732510333333,2.8162391983333332,5.124800153111111,2.4241015083333335,3.230387511,3.686265503111111,3.350102642222222,3.3508274756666663,3.195357493777778,3.017943330333333,3.381468016888889,5.974280982333332,4.491546278777778,3.6702766745555553,23.144444443666664,25.62098765311111,23.483950615555553,37.81728395111112,66.58024691333334,48.67037037111111,38.63950617444444,33.07530864111111,30.495061727777784,29.144444444444446,30.01728395222222,18.85061728188889,33.79495884777777,17.13534423088889,38.518264818888895,20.191571845666665,25.848987507777775,41.14505730333334,42.55738461666667,53.033745974444436,38.139686564444446,28.008764771111107,29.66603994222222,34.52096190955555,16.533450746888885,32.10827168777778,801.24,444.62,340910.510000002,614325.2949999999
"Sac & Fox Nation, Oklahoma",0.0850798292450177,0.12974936521620578,3.0120581648312315,1.849665386840408e6,0.15553519771414284,0.22809787345611396,3.053165304180015,3.9693318905893113e6,0.9149201707549823,0.8702506347837942,0.8444648022858572,0.771902126543886,0.7326909984502898,0.6347541159684522,0.0010000000000000033,0.695287357464756,0.7149754265879047,0.39319529980311285,0.3661602502035588,0.25715685083116135,0.3556197790075648,0.3405914773493788,-7.380019712951597,-5.441480813343406,2.55199218162938,9.321325113971286,15.009348635611188,21.032195659610586,23.079466745757042,21.984371605931443,17.421552315466855,9.83706877841633,1.2463990376307326,-7.023246295496918,8.469914437625023,2.686374660170652,3.0032762397813895,1.8240841169087358,2.0485496270796872,1.537305832020599,1.5256334574853412,0.9599254588625774,1.3886801235856263,1.8230511204118178,1.6526661851264477,3.4792219116283305,3.811574441266279,2.145028597938957,15.545934613552857,13.280033077123743,43.25707579455421,64.81033261354084,102.68822900257557,117.01274997174872,91.50970280285529,100.94754340365056,82.463484188489,44.70027230640357,31.457511821175753,21.950911307967232,60.801981742034286,8.742415950966176,11.103534965549088,25.418940244076087,39.87737423088711,37.74675042222225,59.760673742912395,54.91198588570294,45.88647086548341,49.43263012079236,16.917349027857476,27.325864504679007,17.8503910700842,32.91453175297549,4.362962963,6.088888889,11.674074073333333,16.41851852,20.677777776666662,26.196296293333333,28.500000000000004,28.733333333333327,24.496296296666667,17.281481483333334,10.999999999999998,4.348148148,16.64814815,2.149084097,2.681373451,1.2763990230000002,1.151716427,1.0595884306666667,1.4873687423333333,1.3218946273333332,1.4641091223333333,1.4335329463333333,1.1700262426666665,2.080993908,2.807891405,1.6736648683333333,58.89259259333333,58.03333333666666,101.04814816333332,101.50740740999998,173.31481483333332,141.05925923333334,90.40000000666666,77.64814814666666,97.20740741666665,83.96666666666667,61.31851852,54.48888888666666,91.57376543666666,28.94570754333333,43.32953365333333,54.24677958,50.03438720666666,91.69121505333332,71.05666303666666,57.7591921,58.256499829999996,46.98003915333332,61.222441133333334,51.08909218333333,49.05897917666667,55.30587747,14363.64,7970.909999999997,340910.510000002,614325.2949999999
Ho-Chunk Nation of Wisconsin,0.08879889015481009,0.15923458821235656,3.0720785032219995,1.7038366979950287e6,0.0865251173034973,0.15172301064200192,2.963600683002306,2.3528851624885243e6,0.9112011098451899,0.8407654117876434,0.9134748826965027,0.8482769893579981,0.3837559254049602,0.3771977365272042,0.0009999999999999987,0.22751196534270537,0.29244050843848585,0.7143819917122308,0.6378411741715733,0.0010000000000000005,0.6446997473495178,0.7083400548795111,-8.544404145117099,-7.490690846164243,1.0605123776849739,8.237967760813989,14.071577434735744,19.573609671310884,21.906073689704655,20.965849166139893,16.05747840946632,8.892648244112431,1.2500402992963726,-8.222797927552328,7.313155344563728,2.2789841079098436,2.9422671763974093,2.301710926496372,1.949849128374093,1.2508696946813471,1.7850775948062172,1.034504474243523,1.4386481433341964,1.6748210051813468,1.982035448459067,2.415926907418134,3.321391850704145,2.031340538198445,24.206712720761644,15.46663788380311,40.49461715692745,53.665106505533664,93.47564766934195,127.1379677669948,99.01181924391707,131.48036845036265,103.53115141011399,53.99221646613989,50.57605641888082,31.200805985968902,68.68659230768394,8.387812979673573,9.369274927171503,22.169354259103628,13.670525764544042,23.31846488793264,55.37191986701553,54.73111333692227,60.09096142087046,50.055414254321235,28.897667607321246,29.593183541497407,16.499611392989628,31.012942019979263,-6.641269841428571,-4.2095238095714285,1.4015873015714286,9.23333333242857,14.677777778571427,20.158730158571426,22.647619047142857,21.738095239999996,15.547619047142858,9.992063490857143,3.398412698714285,-6.7095238095714285,8.436243386,4.5711126885714295,6.162109383714285,3.622754360285714,3.2093801138571427,2.270578236714286,2.8328304005714293,2.276464111142857,2.502447867,1.740129088714286,3.127234869857143,6.481429833142857,5.667043017285714,3.7052928308571427,33.15714285714286,25.907936507142857,46.25238095142857,64.49523809428571,96.63333333714287,126.54444444285714,103.13650794000002,139.43492062857143,97.56666664999997,61.64126984000001,56.88412698428572,50.14285714285714,75.14973545,25.937141732,27.690858543,30.399341857142858,29.468063681428575,40.15863171714285,60.874928065714286,50.807804701428566,70.82571838,45.02420882714286,39.38223468571429,34.89032129142857,49.44033072285714,42.07496535000001,4031.04,2236.9699999999993,340910.510000002,614325.2949999999
Middletown Rancheria of Pomo Indians of California,0.13871172723587005,0.2033601180743342,3.422127509269779,4.202850428427318e7,0.157,0.231,3.92,6.666e6,0.86128827276413,0.7966398819256658,0.843,0.769,0.29796241259728895,0.2951984072137203,0.0902369443262807,0.10791709290623505,0.1045296389535302,0.6837663560783396,0.6819606590617445,0.29732075949592074,0.46285388267586997,0.6030375229685146,8.539783603803372,10.557230544901678,12.044881398378273,14.730493134456923,17.898366623061793,22.74843945023408,24.587328341488753,24.587349145440058,21.54141697894194,18.20627340699438,10.767540573447564,7.818809821119849,16.168992751470032,1.7448862849794005,2.2609136792490627,2.327100329875467,2.6597740943988755,2.237013053980337,2.2416070493998124,2.812740738031835,2.1303515911245325,2.7171375909213475,1.8718577822790257,2.11256645451779,2.4375709976797753,2.29612663726498,112.21080940647,85.47058884005615,72.5123179414513,35.80889513215354,20.255087391095515,5.062713275088948,1.8460258011048685,0.8549417394082394,5.50380774001966,24.453349980028086,36.287016230514965,81.13866001665727,40.11701779220973,89.84857124602995,76.76595637416665,48.70508507114229,26.66724600158239,17.392795618567412,8.122065840014976,4.423211018662919,2.0109897699999997,6.137459624290261,30.468875993923216,38.19874796555242,71.87379760671348,35.051233510908226,8.055555556,9.633333333,10.31111111,13.377777779999999,15.91111111,19.72222222,20.61111111,21.51111111,18.75555556,16.26666667,10.05555556,7.544444444,14.31296296,1.2787798,1.312440475,1.2702799339999997,1.965183056,2.35979048,3.011136736,1.337389663,3.301304456,1.481646981,1.044030651,2.047627353,1.650084173,1.838307813,226.1333333,143.8222222,137.9777778,58.52222222,43.36666667,11.7,9.677777778,4.222222222,8.644444444,43.6,56.73333333,208.8888889,79.44074074,210.37688800000004,123.6031025,124.3515559,42.76116164,29.60886692,15.18584868,16.84063373,9.807876653,10.78808499,39.70865775,52.00240379,134.238877,67.43949646,2400.3599999999997,1332.0300000000004,340910.510000002,614325.2949999999
Red Cliff Band of Lake Superior Chippewa Indians of Wisconsin,0.1277257290395909,0.19402738474470296,2.9909228357351516,2.3346677363480874e6,0.102,0.2,3.11,799000.0,0.8722742709604091,0.8059726152552971,0.898,0.8,0.4118891145758371,0.38343641131817063,0.000997575037315765,0.26364228868411493,0.3790048032142742,0.3898746888540367,0.3594329541138747,0.0009999999999999992,0.2930919896637415,0.3754110297657588,-8.558350010010528,-8.233214459877972,-0.8166037212632746,6.052567065003703,12.36228619125875,17.35670455231716,20.18095083539606,19.406993153623326,14.37283658459369,7.739183409090546,0.7244557061192417,-7.427035072750577,6.096731186132557,2.370838270427615,2.799717645722663,2.5127656838498456,1.9735590654715056,1.3932175299051686,1.9024997453219363,1.2407314173841144,1.3780739528193564,1.770259622419414,1.7947322540094772,2.6405661172519195,3.80586095533603,2.131901855047323,35.14643756069671,23.969162838907224,38.739104103488636,55.71448733588657,79.15002447607012,104.1461345391354,88.66789293830513,104.76303967272027,107.64147176086739,72.57529741655839,63.70901814522517,42.64349785367242,68.07213072050689,15.923055301277694,13.02953047747208,22.43846861719101,22.200935452660584,29.449595429120542,42.38507321034721,31.941110551348352,35.79222191991679,44.34860640240542,29.356029135174214,32.19006275700473,21.39501717385433,28.370808869417413,-10.511111109999998,-9.011111111,-1.055555556,5.411111111,11.45555556,17.07777778,19.97777778,19.23333333,14.333333329999999,7.355555556,-0.455555556,-5.866666667,5.662037036999999,1.811383756,2.467004481,2.622551768,2.100859612,1.313498298,2.313426991,1.023203032,1.142365966,2.131900561,2.107789785,2.453625436,11.36914685,2.7380630450000005,45.3,16.61111111,35.88888889,67.92222222,78.35555556,96.96666667,94.4,118.4222222,103.7111111,81.19999999999999,60.15555556,35.45555556,69.53240741,63.599705189999995,7.239724519,23.23657916,48.77324517,44.14261295,28.03952567,36.93599193,65.56301888,73.02301768,36.56025848,33.1377093,15.76539812,39.66806559,257826.54999998005,143076.79999999772,340910.510000002,614325.2949999999
Yankton Sioux Tribe of South Dakota,0.08934519851216499,0.1399328789129929,3.0866127907336933,3.624183192641158e6,0.13393616590822693,0.2089071323737285,3.250055927815806,686245.2322798002,0.9106548014878351,0.8600671210870071,0.866063834091773,0.7910928676262715,0.5813736060813147,0.5216903350462219,0.0016019729309885867,0.5535184778654496,0.5063501431083742,0.5376297394266497,0.4617725081548185,0.001232740741832453,0.5279810218248919,0.3596819939998333,-7.3362998920271805,-5.036467098022328,2.565620280531553,9.504978425342236,14.872011865305824,20.893144552354364,23.21381337575242,22.229503776611647,17.5675997849369,9.855221144400002,1.0215533980548546,-6.99500539381359,8.529639518336408,2.8258945277223297,3.055627243463105,1.784505351834466,2.0730175795354375,1.3216712692499994,1.5037484791864073,0.9692050057781556,1.4945762992014555,1.8044253214553392,1.6513343156529123,3.560633204225729,3.838805739562137,2.156953694812622,13.295663431397088,11.708991371369901,38.22269687153882,61.0362189862961,96.16039373417475,103.65562027580579,77.1763915882524,93.61735706733008,79.7849244876262,45.26410463570871,35.908716289097086,18.975226536841745,56.23385877363593,9.562277258992232,9.1809765072534,28.221601354009703,35.7592590205262,38.05677715452427,55.41497114820387,48.405265732500006,40.018539948941736,53.807378235305805,21.261129590509704,28.59065323197571,17.441974181007765,32.14340028145145,-5.588888888666666,-1.2666666666666666,3.3407407406666665,9.318518518666668,15.285185183333331,21.388888886666667,22.01481481333333,23.111111113333337,17.692592593333334,11.592592596666668,1.2259259256666666,-5.485185184999999,9.385802469666668,2.9738349073333334,5.237998202,2.0878104706666667,2.3179184026666664,2.345048465333333,2.378350342666667,4.138252878333333,3.202735502666666,1.8005771203333334,2.515034196333333,3.5918807759999996,4.286842512,3.0730236483333333,11.133333333333333,12.807407406666666,32.58888889,58.111111109999996,95.30740742,87.10000000000001,49.01111111,73.81481481666667,49.722222223333326,39.944444446666665,28.311111110000002,11.699999998,45.79598765666667,5.360607496333333,10.330376518333333,25.091970223333337,38.735934533333335,42.30118808666666,62.04616256,33.363201983333326,40.22989321666667,39.637478783333336,22.498467446666666,20.851214703333333,6.446260458666667,28.90772966666667,4520.62499999,2508.6000000000004,340910.510000002,614325.2949999999
"Keweenaw Bay Indian Community, Michigan",0.13522312966909014,0.20109098223277985,2.9697391451978836,1.3692946544890725e6,0.14815519240857197,0.19350437532785894,3.281464417528541,694037.6384049678,0.8647768703309099,0.7989090177672201,0.851844807591428,0.8064956246721411,0.4162984356123183,0.38937547388418,0.0010000000000000145,0.2653597098629737,0.38595483060358393,0.3080354822853061,0.3010273966300051,0.0010000000000000009,0.17698826921915167,0.2778520819974505,-7.992702279097731,-7.82538786017192,-0.6572910084258154,6.1843090003614085,12.509528784076984,17.517659796260205,20.292325961255827,19.572019164671616,14.603647496023417,7.948231204471656,1.1848596172396808,-6.810002564723735,6.377266442666523,2.398355417324758,2.8237695382286017,2.472573744815431,1.94261525932113,1.3967032535055537,1.9131030256851378,1.263786822307188,1.3878174256689846,1.7040755541801913,1.7570141690771346,2.519298618695226,3.764935687392548,2.112004043092869,37.86759065579394,26.091149528853936,38.79281513125152,58.899746356523394,78.93940288895283,104.15208180643884,87.24931137232659,103.50621056383152,107.97494697993193,72.16764686362264,66.34477481487865,44.78081604808407,68.89720775141106,16.070231263646733,14.499727080914477,22.16431236129088,21.57411958165833,27.183100831992125,43.19874999014313,30.045381109860298,34.115260900385756,44.4662581084024,29.208858259648547,32.29638169592045,21.192735080290312,28.00125968920141,-10.75313311811417,-9.937411021344342,-2.879549978121383,4.166432762316812,10.95053524469786,15.44806523751297,18.703982565785022,18.060411353563488,12.539935594371975,6.385231445046881,-1.0276152170924295,-8.853728788220348,4.400263006951593,2.506680883580614,2.765941399948119,2.281161490533703,2.0076373850565865,1.6810891340704839,1.9806895500776087,1.7796305207549035,1.485788987018354,2.415556752487656,1.461979543438165,3.2949389568682816,4.853760250431289,2.3762379047199986,35.58576163736755,30.20059258127496,44.63092261941302,52.431933817294684,71.38305773289046,102.15695114690898,93.88035300707405,90.18707922763582,115.6750559466517,88.14417470345603,62.042219259899134,52.93329358528733,69.93761627377677,16.407084843324828,25.354934532082506,27.855496099768377,30.00023377297153,23.69456030893643,36.88062411008019,25.390481260745887,35.905235220854514,49.971600303144655,31.89544116199768,28.665717609829798,34.29182700569809,30.526103017769962,199345.34999999005,110623.539999998,340910.510000002,614325.2949999999
"Cheyenne and Arapaho Tribes, Oklahoma",0.11483211390802073,0.1494689966920293,3.255261430690026,7.359393180514204e6,0.13677236586555203,0.20217334217071342,3.156578760838335,1.5272433055836668e6,0.8851678860919793,0.8505310033079707,0.863227634134448,0.7978266578292865,0.23800150462857544,0.2094379956088911,0.005935558445135117,0.22349261009063193,0.08392366669948631,0.39498500458260405,0.34494755924720977,0.2599588677240644,0.38308808163069863,0.3156539787317898,-2.4448060487573953,-0.925312294535503,2.8420447072988178,7.71538461554142,11.601446415751482,17.781656805414205,20.01617357239645,20.03767258562131,15.220775804171604,9.759270217272189,1.9470414201065092,-1.9169296514260357,8.46953484579586,3.8429467480946746,3.585832722887575,3.536881242710059,3.302171939440828,2.860604592588758,3.502731557201184,3.1964800286715986,3.909216354464499,2.913243432443787,3.097010314707101,4.474303471863906,4.12621362489941,3.528969669130179,25.96712688946747,23.010157792573974,33.13264299887576,33.61383957884617,64.61932938745564,38.68668639073965,49.20072320837279,48.31719263500001,33.6806377375148,31.795759368106513,21.32669296485207,13.010979619319528,34.69681404739646,20.912271830857996,23.458029080887574,17.113638635041422,18.102642327988168,43.04989096784025,33.40265502946747,28.367011782810653,30.770068894171605,20.572037301686397,27.53107242298817,19.547305668639055,11.136924608431958,24.49696238150888,3.7216049382777783,5.654938271722221,10.530246913500003,15.441358023333335,20.147530865000004,26.02283950611111,28.190123457777776,27.978395062222223,23.793209877777777,16.544444445555555,9.688888888666664,3.683950617222223,15.949794238333332,1.7780730636666668,2.691535571,1.1515593669444446,1.2440872374444445,1.4254032939444445,1.6058676677777775,1.3382674735,1.3812999814444444,1.5759166818333337,1.2395499622222221,1.9788032957777772,2.218851296333334,1.635767907722222,37.012962963888896,31.822222221666674,66.03580246888889,66.7555555561111,123.81049383666668,109.18765432333336,71.29814814777778,66.23950617333335,57.67716049333333,64.45925925888888,33.97654320888889,27.883950617222222,63.0132716061111,18.416155467777777,25.44570710222222,40.020803395,29.728565123888888,87.35408192944443,59.314357512777775,46.90013063777777,51.08409871388889,43.92051316944444,43.661192018333324,32.540366688333336,22.33534570388889,41.72677645611112,1602.4799999999996,889.2399999999999,340910.510000002,614325.2949999999
"Hannahville Indian Community, Michigan",0.142,0.17,2.7699999999999996,2.7429999999999995e6,0.13101014230691807,0.15301014230691806,3.0995363516837453,1.6010881246422103e6,0.858,0.83,0.8689898576930819,0.8469898576930819,0.5724600145707257,0.47316626355898794,0.001,0.5203850014134863,0.5605883267298798,0.38036039255397597,0.31641468940856204,0.001,0.26531658970703764,0.3324456795434655,-5.723143881281106,-7.133538146737327,-0.7054275476221198,5.775832053511521,12.24848950516129,17.21961085658986,19.793036355069123,19.24475166299539,14.496825397188939,8.29349718389401,2.4643625192396312,-5.297747055811059,6.723045741986175,3.128041235502304,2.823347724543779,2.8002808146359444,1.8081370717926266,1.328019595262673,2.005867557912442,1.4381880042857142,1.2949330820092166,1.6180390343502302,1.8248449749400921,2.536548809658986,3.7443471888617514,2.1958829247004608,52.314951355023034,39.43707116884792,39.8757296459447,72.19487967267281,80.61684588258063,95.5488991262212,83.48709677529955,76.13640552921659,96.35729644396314,68.78356374585253,78.1309267789401,57.79769585142856,70.05678016576036,19.396884639585252,28.147964449677417,21.642056727557602,27.54904384709677,31.32988025354839,51.1279696570046,23.93526047387097,25.711769353502305,27.88551578986175,25.992751245576038,32.7911725781106,20.575100794700457,28.007114149447006,-8.8,-8.155555556,-1.955555556,5.122222222,12.45555556,17.07777778,19.67777778,19.288888890000003,14.1,7.755555556,0.755555556,-6.644444444,5.889814816,2.546566316,3.04594448,2.337793357,1.9829131210000002,1.38122329,1.981021061,1.03413947,1.28398252,1.786756839,1.541193621,1.92490981,3.565848816,2.034357725,38.76666667,21.82222222,44.366666669999994,51.65555556,64.11111111,97.18888889,85.72222222,96.11111111,108.9777778,84.14444444,88.23333332999998,58.92222222,70.00185185,14.46020401,9.949469556,28.23778497,24.45031243,20.79245322,51.77720165,28.18886206,27.70141894,40.34593467,34.95933749,42.94123892,29.948362969999998,29.47938174,480.0,266.37,340910.510000002,614325.2949999999
Standing Rock Sioux Tribe of North & South Dakota,0.07314910536319054,0.13128578527944854,3.1051863817039878,6.217215210562124e6,0.19660396100492977,0.28873336944568034,3.0119856445221775,421744.5397985314,0.9268508946368095,0.8687142147205514,0.8033960389950703,0.7112666305543196,0.5131029756819873,0.45697695711224073,0.0009999999999999998,0.34004449779810236,0.49174058142375693,0.24901308240894326,0.24333965906758695,0.0016292554997355965,0.21023987505907726,0.09310798717700283,-9.229024943034013,-7.870597127571429,0.6573696144013604,8.078911564292515,14.158352233673469,19.36848072340136,21.830234317619045,20.80907029367347,15.713756612108845,8.619047619326532,0.5550264549727891,-8.534391534557823,7.013019652068028,2.5213170201360544,2.845543578156463,2.4440379865238095,2.109800512156463,1.225993816387755,1.765455755197279,1.0602205870680272,1.5181438613469387,1.8772078398911562,2.0088064408435375,2.8029048656258504,4.1542621762653065,2.194474536843537,21.24693877829932,16.038548754489796,44.02282690857143,54.18510959829931,85.14119425714286,133.44867725986396,106.28775512993197,118.34482236802721,110.0815570862585,61.90302342938775,48.48019652693878,30.801360540884353,69.16516755319728,10.119003703129252,8.572850230047619,24.991082252517003,16.567171986761906,25.23748619367347,54.62845933693878,47.83423775891156,49.5782721840136,57.13782740537415,30.90353589680272,30.532142868231293,20.40816690666667,31.375853060272107,-7.977777777846156,-3.5589743589230776,1.1299145299230775,7.672649572615386,14.052991454615388,19.577777778461545,21.643589743846164,21.691452992307692,15.820512820769235,10.452136751692313,-0.3794871794615386,-6.279487179538463,7.820441595692309,3.148746153538462,5.101009452230772,2.551595016615385,2.192351214615385,3.1970336226153857,3.6523519967692315,2.7201668636923086,2.3584129533846157,2.0781870788461547,4.879650718153847,4.261939213153848,6.376845542769232,3.543190818846155,8.037606838000002,11.82307692261539,21.929059829230773,31.949572649230774,71.98119658076926,83.56495726384617,55.70683760615386,38.34871794846155,30.78632478615385,36.91709401846155,29.32820512846154,11.872649572615389,36.020441596923085,4.668579175153847,9.807308433461543,16.857629422307696,19.42251924692308,43.30957074615386,37.9590724023077,29.545971496153854,22.03413740461539,22.644222633076932,22.920370564615396,49.15807749538463,6.585355129846156,23.742734513076933,320.0,177.58,340910.510000002,614325.2949999999
Jackson Band of Miwuk Indians,0.148514623553466,0.2231495466790322,3.098629877953672,7.23735582720426e7,0.109,0.175,4.2,2.919e6,0.851485376446534,0.7768504533209678,0.891,0.825,0.1654215733348903,0.1599976675507973,0.11901581461148147,0.04388922157249718,0.00821828665952059,0.3139065766335078,0.3139065766335078,0.04253848337588654,0.06788229831573926,0.10093728003132255,9.106944444375001,11.575000000000003,13.302777778750002,16.197222223750003,19.676388886250006,24.5847222225,26.754166668750006,26.51111111,23.187500001250008,19.304166663750003,11.952777776250004,8.472222222375,17.552083332500004,1.3861436356250003,1.5315880342500006,1.6697083123750003,2.3391197355000006,1.734495452375,1.7688499581250008,2.0658503096250005,1.5767185761250002,2.394606935125,1.4167613577500002,1.6644402500000004,1.9340240687500003,1.7901922188750006,72.90000000625001,54.35138888500001,52.311111110000006,29.402777780000005,17.831944444999998,2.36944444425,1.1138888888750003,0.09861111100000006,2.393055555500001,14.354166667500005,22.693055556250002,48.665277780000004,26.54039352125001,51.85444817125001,38.413231651250015,40.8987137325,19.359931860000007,14.974310047500005,3.6891032853750008,2.991113113250001,0.19750464075000013,2.7570570237500007,17.819211481250004,28.444976685,43.84058446125001,22.103348846250004,5.322222222,8.1,8.244444444,11.96666667,14.98888889,20.6,23.96666667,22.65555556,19.32222222,15.56666667,8.188888889,4.688888889,13.63425926,3.119606457,2.426417112,4.209249075,3.646230931,3.383210178,3.55,3.282910294,2.662288072,3.845704675,2.82931087,4.434648928,5.461328695,3.570908774,168.1111111,117.4444444,116.1666667,59.31111111,40.95555556,9.222222222,5.488888889,4.111111111,6.633333333,37.94444444,56.41111111,116.7222222,61.54351851,113.4942669,101.6663798,100.0820788,42.32282022,27.77535378,9.170302309,9.683419391,7.042095648,8.769549589,46.13166242,59.55846801,121.4112616,53.92563821,1280.22,710.4399999999999,340910.510000002,614325.2949999999
Sac & Fox Tribe of the Mississippi in Iowa,0.0850798292450177,0.12974936521620578,3.0120581648312315,1.849665386840408e6,0.089,0.146,2.86,742000.0,0.9149201707549823,0.8702506347837942,0.911,0.854,0.7326909984502898,0.6347541159684522,0.0010000000000000033,0.695287357464756,0.7149754265879047,0.5471746797911756,0.4255116988633711,0.0010000000000000005,0.4407211511876534,0.5382937960365421,-7.380019712951597,-5.441480813343406,2.55199218162938,9.321325113971286,15.009348635611188,21.032195659610586,23.079466745757042,21.984371605931443,17.421552315466855,9.83706877841633,1.2463990376307326,-7.023246295496918,8.469914437625023,2.686374660170652,3.0032762397813895,1.8240841169087358,2.0485496270796872,1.537305832020599,1.5256334574853412,0.9599254588625774,1.3886801235856263,1.8230511204118178,1.6526661851264477,3.4792219116283305,3.811574441266279,2.145028597938957,15.545934613552857,13.280033077123743,43.25707579455421,64.81033261354084,102.68822900257557,117.01274997174872,91.50970280285529,100.94754340365056,82.463484188489,44.70027230640357,31.457511821175753,21.950911307967232,60.801981742034286,8.742415950966176,11.103534965549088,25.418940244076087,39.87737423088711,37.74675042222225,59.760673742912395,54.91198588570294,45.88647086548341,49.43263012079236,16.917349027857476,27.325864504679007,17.8503910700842,32.91453175297549,-6.2944444445,-3.900000000000001,3.5,11.77777778,15.66111111,21.37777778,23.005555555000004,23.21111111,17.4,12.594444445,3.6388888889999995,-5.4444444445,9.710648149,2.8703157630000002,6.7717088604999995,2.253520582,3.1569618415,2.8850721604999996,1.7800995355000002,3.138000564,2.420572832,2.069651141,3.098463133,4.577746697,5.638608305,3.3883934515000003,28.35,42.61666667,53.044444445,66.388888885,97.9388889,136.64444445,116.46666665,85.56666667,76.422222225,47.105555555,46.96111111,31.766666665,69.10601852,10.077731561000002,52.79562521,47.132971135000005,42.737579505,41.319579805000004,54.120409695,55.897962314999994,34.315349485,40.16593805,32.580892215000006,21.917136005,20.972074079499997,37.83610409,14363.64,7970.909999999997,340910.510000002,614325.2949999999
Oglala Sioux Tribe,0.07314910536319054,0.13128578527944854,3.1051863817039878,6.217215210562124e6,0.2343782794133746,0.33807302680020096,3.2055426895083468,1.1801196880421687e6,0.9268508946368095,0.8687142147205514,0.7656217205866254,0.661926973199799,0.5131029756819873,0.45697695711224073,0.0009999999999999998,0.34004449779810236,0.49174058142375693,0.2635445815795166,0.24606164961550378,0.0015801131312891778,0.2341996634159017,0.12385060380846473,-9.229024943034013,-7.870597127571429,0.6573696144013604,8.078911564292515,14.158352233673469,19.36848072340136,21.830234317619045,20.80907029367347,15.713756612108845,8.619047619326532,0.5550264549727891,-8.534391534557823,7.013019652068028,2.5213170201360544,2.845543578156463,2.4440379865238095,2.109800512156463,1.225993816387755,1.765455755197279,1.0602205870680272,1.5181438613469387,1.8772078398911562,2.0088064408435375,2.8029048656258504,4.1542621762653065,2.194474536843537,21.24693877829932,16.038548754489796,44.02282690857143,54.18510959829931,85.14119425714286,133.44867725986396,106.28775512993197,118.34482236802721,110.0815570862585,61.90302342938775,48.48019652693878,30.801360540884353,69.16516755319728,10.119003703129252,8.572850230047619,24.991082252517003,16.567171986761906,25.23748619367347,54.62845933693878,47.83423775891156,49.5782721840136,57.13782740537415,30.90353589680272,30.532142868231293,20.40816690666667,31.375853060272107,-4.287301587357143,-1.9968253968571426,2.7373015873571425,10.40079365142857,14.165079365714284,19.768253969285716,23.093650793571424,22.379365077857138,16.79285714357143,11.993650793142855,3.015079365142857,-3.095238095357143,9.580555555500002,2.466123612142857,7.431384616928571,1.780969235357143,5.133897429214285,3.8240310591428566,2.637888712857142,2.2991002115,2.381338069642857,2.1859548923571426,4.927077857357141,6.495719883999999,5.741572211785714,3.9420881494285713,8.830158729785714,19.018253967142854,30.927777778571425,54.44126984071428,83.76349206214284,84.8642857142857,72.19126984214284,48.51746031714285,38.13888888857143,33.47857142857142,26.603968253571423,14.29047619,42.92215608428571,7.397241985642856,29.82847995292857,24.216496691499998,34.257127035,42.77488848428571,38.59292840285713,47.100911791428565,32.41546249571428,44.040863218571424,21.03255227785714,35.32693366207142,14.476015440928572,30.95499178714285,320.0,177.58,340910.510000002,614325.2949999999
Wyandotte Nation,0.142,0.17,2.7699999999999996,2.7429999999999995e6,0.143500682755871,0.1957783534778806,2.7713883536100483,2.9725359435335896e6,0.858,0.83,0.856499317244129,0.8042216465221194,0.5724600145707257,0.47316626355898794,0.001,0.5203850014134863,0.5605883267298798,0.3430635706119382,0.2911012576411127,0.29897882334202874,0.2597234685215731,0.33739808696489226,-5.723143881281106,-7.133538146737327,-0.7054275476221198,5.775832053511521,12.24848950516129,17.21961085658986,19.793036355069123,19.24475166299539,14.496825397188939,8.29349718389401,2.4643625192396312,-5.297747055811059,6.723045741986175,3.128041235502304,2.823347724543779,2.8002808146359444,1.8081370717926266,1.328019595262673,2.005867557912442,1.4381880042857142,1.2949330820092166,1.6180390343502302,1.8248449749400921,2.536548809658986,3.7443471888617514,2.1958829247004608,52.314951355023034,39.43707116884792,39.8757296459447,72.19487967267281,80.61684588258063,95.5488991262212,83.48709677529955,76.13640552921659,96.35729644396314,68.78356374585253,78.1309267789401,57.79769585142856,70.05678016576036,19.396884639585252,28.147964449677417,21.642056727557602,27.54904384709677,31.32988025354839,51.1279696570046,23.93526047387097,25.711769353502305,27.88551578986175,25.992751245576038,32.7911725781106,20.575100794700457,28.007114149447006,2.366666667,4.044444444,10.13333333,14.76666667,19.06666667,24.65555556,27.03333333,26.93333333,22.76666667,15.62222222,9.455555556,2.644444444,14.95740741,2.752271789,2.831126592,1.393735986,1.220655562,0.916515139,1.460403293,1.533786165,1.503329638,1.607793519,1.170232645,2.295163998,3.22765825,1.8260560479999999,70.84444444,67.93333333,110.9555556,99.27777778,181.7666667,125.43333329999999,85.38888889,83.27777778,101.5,81.12222222,91.97777778,75.38888889,97.90555556,45.5720888,47.98484136,54.46395852,41.91061255,82.35030358,47.23314514,55.21570077,62.81589723,51.08125879,60.68959502999999,80.40044741,74.14164559,58.65495790000001,480.0,266.37,340910.510000002,614325.2949999999
"Lower Brule Sioux Tribe of the Lower Brule Reservation, South Dakota",0.07314910536319054,0.13128578527944854,3.1051863817039878,6.217215210562124e6,0.12544701429835634,0.2157886662123754,3.325198553503463,271021.0134944686,0.9268508946368095,0.8687142147205514,0.8745529857016436,0.7842113337876246,0.5131029756819873,0.45697695711224073,0.0009999999999999998,0.34004449779810236,0.49174058142375693,0.2625991491668865,0.25400370052737736,0.0010037010502000107,0.2293245983628374,0.12178972843338298,-9.229024943034013,-7.870597127571429,0.6573696144013604,8.078911564292515,14.158352233673469,19.36848072340136,21.830234317619045,20.80907029367347,15.713756612108845,8.619047619326532,0.5550264549727891,-8.534391534557823,7.013019652068028,2.5213170201360544,2.845543578156463,2.4440379865238095,2.109800512156463,1.225993816387755,1.765455755197279,1.0602205870680272,1.5181438613469387,1.8772078398911562,2.0088064408435375,2.8029048656258504,4.1542621762653065,2.194474536843537,21.24693877829932,16.038548754489796,44.02282690857143,54.18510959829931,85.14119425714286,133.44867725986396,106.28775512993197,118.34482236802721,110.0815570862585,61.90302342938775,48.48019652693878,30.801360540884353,69.16516755319728,10.119003703129252,8.572850230047619,24.991082252517003,16.567171986761906,25.23748619367347,54.62845933693878,47.83423775891156,49.5782721840136,57.13782740537415,30.90353589680272,30.532142868231293,20.40816690666667,31.375853060272107,-6.6511111110000005,-2.5777777778,2.3800000002,9.037777777599999,14.068888888,20.168888886,23.648888890000002,22.937777778,17.726666668,10.437777777600001,1.2511111110000002,-5.1711111112,8.9381481482,2.9040852360000007,4.127870844199999,2.1955847168,2.1101192679999996,2.2482746886,1.3262483081999998,1.7615334176,2.5884845136000005,1.8266165951999995,1.39398377,4.620896083000001,6.0543816453999995,2.7631732571999996,13.102222222,9.573333332999999,28.102222219999998,49.237777775999994,84.777777778,94.20666666399998,60.584444446,59.451111108,41.419999999999995,39.486666666000005,28.448888888,17.844444444,43.852962962,10.7381706596,5.886845276600001,16.644757975999998,33.72325401,48.694043056,42.962219049999995,32.075563247999995,32.934912626,30.4748084,32.842185408,42.19868365799999,21.5473887902,29.226902682,320.0,177.58,340910.510000002,614325.2949999999
"Minnesota Chippewa Tribe, Minnesota (White Earth Band)",0.12670285504888046,0.19343638445735153,2.9986947786375886,2.3205598405985273e6,0.11834742200013683,0.1993088046107159,3.207511621293201,919555.8172685613,0.8732971449511195,0.8065636155426484,0.8816525779998632,0.8006911953892841,0.41212201270125215,0.38349557282384966,0.0009976621140909718,0.26400428491694716,0.3785100011504737,0.5055306152521707,0.45602032210137156,0.000999207007893245,0.4437247194878268,0.41562371204401255,-8.657060759318059,-8.28964584818847,-0.8133626864855767,6.080069587509391,12.393292594596668,17.39095810670778,20.209930958590878,19.42201404558647,14.383932653892195,7.731527267682032,0.6635235016447303,-7.529327736354157,6.082154307165293,2.3749555062340644,2.800626586479162,2.5168668912990944,1.9902376668682378,1.4026445692943972,1.8997610147915445,1.220728231007856,1.3739795111801802,1.7688915780278625,1.803723039902734,2.6610082787231355,3.8175083116595894,2.135910932175944,34.615626723124635,23.672203123201392,38.67918744522039,55.152803739318706,79.27663175040063,104.32389495642455,89.4237184668073,104.51481616972642,106.68927616153033,72.45942416090683,63.05154580539626,42.02108189629938,67.82335086690075,15.819426288249002,12.819114313220602,22.341217412538562,22.057726810078183,30.027582914800302,42.43024487314338,32.335742135641155,35.75736845149214,44.05721899431987,29.19768561237642,32.126589012844654,21.286160876047862,28.354673141638315,-12.719444443750001,-9.461111110500001,-0.16527777775000005,6.290277777749999,12.791666665000001,18.47499999875,20.343055555000003,19.966666667500004,15.605555552500002,6.9680555557499995,-1.161111111,-10.1888888875,5.56203703675,2.74577422325,4.55455111975,5.240869173875,2.6607747827500003,1.63897104,3.0741594869999997,0.8473364478750001,2.32647564075,4.0102699545,1.949229490875,5.5407228365000005,7.124164336749999,3.4761082113749997,27.3375,13.606944446249997,28.788888890000006,46.95833333375,76.87777777625,110.23888888625001,109.94583333374999,94.61111110875,68.92499999750001,62.016666667500004,48.20833333375,29.8805555575,59.78298611249999,32.96237615175,4.400743563125,17.506284631249997,40.588957093750004,53.15299063999999,36.926364843749994,69.27872562124999,34.25627289125,33.912939962500005,24.699866487500007,42.04676240125,30.078967835,34.984271012499995,267920.7199999801,148678.38999999827,340910.510000002,614325.2949999999
"Red Lake Band of Chippewa Indians, Minnesota",0.13522312966909014,0.20109098223277985,2.9697391451978836,1.3692946544890725e6,0.11507606487772835,0.19397422746647938,3.0991888017268265,2.0500151232760958e6,0.8647768703309099,0.7989090177672201,0.8849239351222716,0.8060257725335206,0.4162984356123183,0.38937547388418,0.0010000000000000145,0.2653597098629737,0.38595483060358393,0.395259166697987,0.3540487022656854,0.0009995721386098493,0.2911338326121937,0.26578617438860946,-7.992702279097731,-7.82538786017192,-0.6572910084258154,6.1843090003614085,12.509528784076984,17.517659796260205,20.292325961255827,19.572019164671616,14.603647496023417,7.948231204471656,1.1848596172396808,-6.810002564723735,6.377266442666523,2.398355417324758,2.8237695382286017,2.472573744815431,1.94261525932113,1.3967032535055537,1.9131030256851378,1.263786822307188,1.3878174256689846,1.7040755541801913,1.7570141690771346,2.519298618695226,3.764935687392548,2.112004043092869,37.86759065579394,26.091149528853936,38.79281513125152,58.899746356523394,78.93940288895283,104.15208180643884,87.24931137232659,103.50621056383152,107.97494697993193,72.16764686362264,66.34477481487865,44.78081604808407,68.89720775141106,16.070231263646733,14.499727080914477,22.16431236129088,21.57411958165833,27.183100831992125,43.19874999014313,30.045381109860298,34.115260900385756,44.4662581084024,29.208858259648547,32.29638169592045,21.192735080290312,28.00125968920141,-13.377083334375003,-10.441666666187503,-1.1722222221875003,5.497916666750001,12.163888888125005,17.589583333750003,19.738888887500003,19.050694444375008,14.422916667500004,6.118055555500002,-2.0027777778125007,-10.886111111187505,4.725173611125001,3.239558577000001,4.740151681437502,5.836849206437501,2.3525969980625003,1.5385293032500005,3.2169396236875016,1.1358766636250002,2.491901402562501,4.436559044,1.8667898656250006,6.085544290312502,8.940832229000003,3.8235107405,34.59791666812501,16.013888888750003,26.490972223125006,45.418055554375,74.53750000000002,112.1305555625,96.08819444000005,109.20972222562506,70.80486111062501,60.79305555625002,54.77152777812503,34.51458333250001,61.28090277937501,44.884765284312515,5.460241235687502,18.683556993937504,40.33953910437502,40.998640076875006,40.98043222687502,47.935730132500005,50.540682818750014,37.25651293500001,29.321915353750008,39.608405002500014,38.32811582325001,36.19487808187501,199345.34999999005,110623.539999998,340910.510000002,614325.2949999999
Coyote Valley Band of Pomo Indians of California,0.12076454965311906,0.16995790608082328,3.678681370289645,1.4506683449048957e7,0.135,0.19400000000000003,3.53,7.022e6,0.8792354503468809,0.8300420939191767,0.865,0.8059999999999999,0.4317193290564522,0.43170064382358253,0.044105589067243885,0.16856323088842437,0.21034304380846114,0.6672183321578524,0.6672183321578524,0.4571537900777639,0.4645744995183756,0.5061626625970759,8.457420924615576,10.336550418403899,11.404785076082728,13.874398486569348,16.426601783187355,21.000973234476888,22.131738309683712,22.286347660559617,20.141605837883223,17.40297377790755,9.991943768423361,8.035414977048664,15.124229521532849,1.593916046126521,2.290879721145987,2.3011991068588813,2.781366763540147,2.431242316963505,2.380014837148419,4.245936199326034,3.071352267279806,2.824381665618006,2.1588605363479325,2.09960382857421,2.104795597737227,2.5236290739391736,174.3636928856448,121.39878344554751,102.92803461858885,45.44033522700732,24.298945661532855,8.646769397408761,1.9221951879659374,0.9364693159294409,5.144147066708031,33.38969991934308,56.21321979046232,131.9915382734307,58.889485899416066,153.7383100092458,117.13746945924579,65.4108350028954,35.52218136017033,19.501324613795628,14.016306248265208,5.217647713445256,1.8861963803211683,5.765885659299271,43.28138581688566,54.12610994355233,115.1025402423358,52.55884937102192,7.4,8.177777778,8.911111111,10.86666667,13.688888889999998,17.73333333,20.48888889,19.71111111,18.14444444,14.22222222,8.844444444,7.044444443999999,12.93611111,1.2,3.23565209,1.328010207,1.532155345,1.501203221,1.637833935,0.633333333,1.057644133,1.335207017,1.8191878529999999,1.694189416,1.7826322609999998,1.563087401,219.0222222,147.1222222,138.8333333,65.76666667,51.67777778,18.94444444,5.155555556,7.1222222219999995,12.06666667,45.37777778,69.15555556,207.1222222,82.28055555,171.935764,106.960025,140.7269253,44.58158252,37.25710596,21.26470733,10.01550187,16.01903382,17.54985755,47.11127195,56.634024909999994,188.2531393,71.52574496,800.14,444.01,340910.510000002,614325.2949999999
Saginaw Chippewa Indian Tribe of Michigan,0.13522312966909014,0.20109098223277985,2.9697391451978836,1.3692946544890725e6,0.13899363584647279,0.1340288262128662,2.770181553006367,4.622436133448231e6,0.8647768703309099,0.7989090177672201,0.8610063641535273,0.8659711737871338,0.4162984356123183,0.38937547388418,0.0010000000000000145,0.2653597098629737,0.38595483060358393,0.5336696558646482,0.46853341867930126,0.0009888662243202062,0.4398799739291396,0.5230238268775373,-7.992702279097731,-7.82538786017192,-0.6572910084258154,6.1843090003614085,12.509528784076984,17.517659796260205,20.292325961255827,19.572019164671616,14.603647496023417,7.948231204471656,1.1848596172396808,-6.810002564723735,6.377266442666523,2.398355417324758,2.8237695382286017,2.472573744815431,1.94261525932113,1.3967032535055537,1.9131030256851378,1.263786822307188,1.3878174256689846,1.7040755541801913,1.7570141690771346,2.519298618695226,3.764935687392548,2.112004043092869,37.86759065579394,26.091149528853936,38.79281513125152,58.899746356523394,78.93940288895283,104.15208180643884,87.24931137232659,103.50621056383152,107.97494697993193,72.16764686362264,66.34477481487865,44.78081604808407,68.89720775141106,16.070231263646733,14.499727080914477,22.16431236129088,21.57411958165833,27.183100831992125,43.19874999014313,30.045381109860298,34.115260900385756,44.4662581084024,29.208858259648547,32.29638169592045,21.192735080290312,28.00125968920141,-5.844444444,-6.211111111,0.47777777800000004,6.85,13.155555555000001,18.411111110000004,21.027777775,20.56111111,15.86111111,9.161111111,3.1833333335000003,-4.3722222225,7.688425925000001,2.6107389175,3.4453497285,2.806400843,2.316148878,1.6434470475,2.038067056,1.2321024194999999,1.5227663275,1.5710362475,1.8715594384999998,1.8671989985,2.7841852819999997,2.1424167655,44.755555555,36.544444444999996,39.866666665000004,62.16666666500001,79.13888889,83.27222221999999,73.02222222500001,93.594444445,95.05555556,72.71666667000001,86.005555555,47.077777775,67.76805556,21.083716084999995,23.640465085,25.28618533,24.935347065,38.084367895,33.92055921,18.265125245,33.45871754,34.82351091,35.32456457,38.420027479999995,21.01300144,29.021298990000002,199345.34999999005,110623.539999998,340910.510000002,614325.2949999999
"Rosebud Sioux Tribe of the Rosebud Indian Reservation, South Dakota",0.07314910536319054,0.13128578527944854,3.1051863817039878,6.217215210562124e6,0.25894456424904105,0.34493884949538584,3.549961086499539,1.577496633617306e6,0.9268508946368095,0.8687142147205514,0.7410554357509589,0.6550611505046142,0.5131029756819873,0.45697695711224073,0.0009999999999999998,0.34004449779810236,0.49174058142375693,0.31939540546512135,0.3168024862595672,0.0011247043683882982,0.26352988498320323,0.20973753105813772,-9.229024943034013,-7.870597127571429,0.6573696144013604,8.078911564292515,14.158352233673469,19.36848072340136,21.830234317619045,20.80907029367347,15.713756612108845,8.619047619326532,0.5550264549727891,-8.534391534557823,7.013019652068028,2.5213170201360544,2.845543578156463,2.4440379865238095,2.109800512156463,1.225993816387755,1.765455755197279,1.0602205870680272,1.5181438613469387,1.8772078398911562,2.0088064408435375,2.8029048656258504,4.1542621762653065,2.194474536843537,21.24693877829932,16.038548754489796,44.02282690857143,54.18510959829931,85.14119425714286,133.44867725986396,106.28775512993197,118.34482236802721,110.0815570862585,61.90302342938775,48.48019652693878,30.801360540884353,69.16516755319728,10.119003703129252,8.572850230047619,24.991082252517003,16.567171986761906,25.23748619367347,54.62845933693878,47.83423775891156,49.5782721840136,57.13782740537415,30.90353589680272,30.532142868231293,20.40816690666667,31.375853060272107,-5.172222222333333,-1.2074074073333332,2.3833333333333333,8.944444444166667,13.424074073333333,19.714814816666667,23.32037037166667,22.20185185166667,16.97037037,10.416666666666668,1.8611111109999998,-3.9648148148333338,9.074382716166667,2.5847816688333336,3.859076044833333,2.166047912333333,2.2313711763333335,2.206646666833333,1.7154565334999998,2.1295233693333335,2.048883897,1.9439453094999999,2.0263024021666665,4.358471273166666,4.362388104166667,2.63607453,12.400000000666667,13.507407406666667,26.877777778333332,48.755555556666664,98.25740739999999,77.02962962833334,55.299999998333334,49.75000000166666,28.474074074999997,31.55,26.501851851666668,16.301851853333336,40.39212963000001,9.125158039166667,9.1589549715,10.768770737666667,29.170741449999998,69.15030809000001,36.44144978333333,25.921556355000003,29.94496387166667,20.786030219999997,17.751609051666666,28.985143865,14.634489197499999,25.153264636666666,320.0,177.58,340910.510000002,614325.2949999999
Confederated Tribes of the Grand Ronde Community of Oregon,0.146,0.201,3.56,1.987e6,0.11133206421880118,0.16516983945299707,3.3808682339829677,6.484871961505077e6,0.854,0.7989999999999999,0.8886679357811988,0.834830160547003,0.2024971551110201,0.17952075119036587,0.012655636973632112,0.11486380869486416,0.2024971551110201,0.43307982020641783,0.38514582882159737,0.0010000000000000009,0.30186771556228537,0.42288027800832795,6.977777778,8.944444444,10.246415768387095,13.911111109999998,15.909139788064515,21.044444439999996,25.32222222,20.68530466096774,20.88888889,16.011111110000005,8.722222221999997,6.599999999999999,14.605256869193546,2.3546644019999996,1.69640142,3.365757255354838,2.5394115680000002,3.9312152137258067,1.988788017,2.5405598679999994,2.161899261612904,2.521628662,1.9643347759999998,2.650838442,3.0389142799999997,2.562867763564516,179.09999999999997,103.24283151612903,116.7,57.788888889999996,46.75555556,13.866666669999999,2.6,3.5888888889999997,7.222222222,49.91111110999999,63.918279573225796,194.6444444,69.94490740370966,165.2699837,79.72776233854837,69.43532962,40.19149302,27.296341839999997,10.604598059999999,4.177618938999999,7.241623513000001,11.352067849999997,42.55277441999999,61.94764906467742,169.5118883,57.44242755467742,3.688888889,5.122222222,7.155555556,10.26666667,12.01111111,14.988888889999998,17.92222222,17.37777778,15.3,10.51111111,5.977777778,4.222222222,10.3787037,5.599206293,2.986125323,1.406334874,3.506779149,1.7531717289999997,3.335207806,2.81415075,2.347753063,1.385640646,3.286124026,3.124411056,2.673844506,2.851562435,222.56666669999998,144.4222222,142.8222222,89.33333333,70.64444444,66.87777778,18.16666667,20.71111111,46.05555556,120.93333329999999,203.6777778,253.3888889,116.6333333,103.84198329999998,82.00258804,33.72946701,48.28397766999999,33.79508511,24.02299824,22.71508309,16.21476522,25.47101839,55.11887154,99.68117647999999,108.7163447,54.46611323,144.32,80.09,340910.510000002,614325.2949999999
"Kaw Nation, Oklahoma",0.12381192849003035,0.19046927275453693,3.0431546123561266,774000.7928311464,0.1572025342021524,0.2475822789458459,3.078987237184675,3.812518868809298e6,0.8761880715099697,0.809530727245463,0.8427974657978476,0.752417721054154,0.5699281681101628,0.5345260905122383,0.025111202306090305,0.5231137867592057,0.5291859181392776,0.4384815857878812,0.39364080066475143,0.3051784800557644,0.41531873052694734,0.3356202459152568,-2.8171720604593498,-0.8063941040191506,6.1874725515192655,11.90188261482312,16.83014623014057,23.083616394238323,25.845365336911563,24.850468681026285,20.361742767768824,13.10061655842556,5.32975886580082,-2.300043917262342,11.79728832854961,2.5616424266760607,3.1596156071845085,1.6926301500596037,1.6046292978100387,1.6061227696008622,1.4929175205757843,1.27965164019393,1.805373373321893,1.7744231132234494,1.3628118437190933,3.0992904368256764,3.1405104566517563,2.0483015530127644,23.85667030593173,23.08582805098117,54.691722934991965,56.98176431328798,111.18322527433074,119.02749781509704,100.34260952741643,97.30886617609568,78.2523180153747,45.52740482355938,34.50372852201256,27.456896067410607,64.35154432047636,11.426640449585475,18.229922347222182,26.242128510994803,23.43146732366762,68.92216534512997,40.071355320190385,34.34616054812314,45.638958131629046,59.42618487405177,32.14096550452924,24.040192019163637,28.243524905085025,34.34663877391562,2.6055555554999996,4.399999999999999,10.584382177196996,15.530817768049246,20.079351044203495,25.977777779999997,28.405555554999996,28.272222219999996,23.832782269493066,16.772222224999997,9.794444444499996,3.02125328770871,15.77303036317959,2.192049267,2.8467459364999996,1.375409552453774,1.3943296068574083,1.102995816433708,1.5461411084999996,1.4531096855,1.7075719259999997,1.517713316756704,1.3516941894999996,2.0105198664999993,2.7782618706972046,1.7730451788460666,43.32777777999999,47.822222225,86.69999999999999,88.02222221999997,141.86111114999997,149.3777778,106.43333329999997,94.77222222499996,76.67222222499998,73.87222221999998,49.67222222,44.81666666999999,83.61250000499999,25.989375079999995,34.83180871999999,47.60368078999999,40.102691695,81.49107882999998,76.73613896999998,58.851854724999995,64.37513860499998,49.79214945,50.7357575,47.12872787,39.522306015,51.43005902499999,75273.54999999996,41771.88000000029,340910.510000002,614325.2949999999
"Confederated Tribes of the Coos, Lower Umpqua and Siuslaw Indians",0.146,0.201,3.56,1.987e6,0.15052103830208086,0.21869448894458618,3.4409310397131705,3.677172407329867e6,0.854,0.7989999999999999,0.8494789616979191,0.7813055110554138,0.2024971551110201,0.17952075119036587,0.012655636973632112,0.11486380869486416,0.2024971551110201,0.36410164749946383,0.3344476104547499,0.009678306165172788,0.27414436820918253,0.363938023255845,6.977777778,8.944444444,10.246415768387095,13.911111109999998,15.909139788064515,21.044444439999996,25.32222222,20.68530466096774,20.88888889,16.011111110000005,8.722222221999997,6.599999999999999,14.605256869193546,2.3546644019999996,1.69640142,3.365757255354838,2.5394115680000002,3.9312152137258067,1.988788017,2.5405598679999994,2.161899261612904,2.521628662,1.9643347759999998,2.650838442,3.0389142799999997,2.562867763564516,179.09999999999997,103.24283151612903,116.7,57.788888889999996,46.75555556,13.866666669999999,2.6,3.5888888889999997,7.222222222,49.91111110999999,63.918279573225796,194.6444444,69.94490740370966,165.2699837,79.72776233854837,69.43532962,40.19149302,27.296341839999997,10.604598059999999,4.177618938999999,7.241623513000001,11.352067849999997,42.55277441999999,61.94764906467742,169.5118883,57.44242755467742,6.0925925926666675,7.303703703666668,7.862962963000001,10.337037036666667,12.32962963,15.118518516666668,18.33333333,17.144444443333335,15.444444443333335,11.366666663333335,6.937037037333334,5.859259259333334,11.177469133333334,3.174116080333333,2.7816783926666666,1.7994002596666665,2.1413567383333336,1.4915599563333335,1.5363296773333333,2.9746129636666665,1.344051392666667,1.667207101666667,4.067148433333334,3.125364775333334,2.814123319666667,2.4097457576666668,220.01851853333335,133.00370373333337,133.83333333333331,93.57407407333334,71.83333333333334,60.91851851999999,21.68518518666667,23.27777777666667,44.4,121.85925928666667,175.92962963333335,233.67777776666668,111.16759261333334,144.85628673333335,69.11931129333333,57.914937300000005,58.967199576666665,30.218017016666668,27.454292413333334,20.857042196666672,20.09591186666667,33.68364604,63.071200440000005,89.54131367000001,122.35625580000001,61.51128453,144.32,80.09,340910.510000002,614325.2949999999
"Tule River Indian Tribe of the Tule River Reservation, California",0.1508651524253016,0.22843257621265078,3.172136281722852,4.601007209075055e7,0.159,0.239,3.1000000000000005,3.8373e7,0.8491348475746984,0.7715674237873492,0.841,0.761,0.133685356912977,0.12907444185414338,0.09747961747477547,0.04332256441276693,0.008612295891704466,0.20277578997696694,0.20277578997696694,0.038104564251400644,0.040199490131231905,0.06665609297435791,5.861143457858079,7.408854924766372,9.896757238144103,13.449474365605523,16.566407890931583,20.33989163915575,23.077357271310035,23.962493934148466,19.507852175676845,14.32584505777001,8.998770822342065,4.944978166059678,14.028318911557491,3.0077467526615713,2.38795332613901,2.0077476100007274,2.3623945466084413,2.4494964249628817,2.804444609384279,2.0137068476055315,3.0235961623660823,2.1811787485902467,2.033232156715428,3.2981833053660834,3.493976084632458,2.588638048013828,81.2715267703566,79.28835516345704,60.030155264272196,44.27423580836972,48.712445416317294,31.362032993676838,8.124373282104802,14.50024260072635,23.869521267602625,40.40071971489081,67.33555716394464,90.57633835659387,49.14545864994903,57.160418502292565,64.80020323719793,50.1949036557569,28.759512668326053,31.060995213551653,21.100921154796215,6.893933344224162,14.938867887889376,19.067819250675388,36.57542587070595,64.32198046716881,59.21574227165211,37.8408936269796,6.683333332999999,6.2333333335,9.394444443000001,11.799999999999999,15.11111111,20.083333335,23.394444445,22.483333330000004,19.35,14.033333335,7.827777777999999,6.338888889,13.561111110000002,2.9480220075,2.933840869,2.4987617639999997,1.80298728,1.3385208955,1.9098264444999997,1.7257281039999997,1.3665049885,1.10766658,2.577456837,4.2946172465,3.30453975,2.3173727305,111.95000001999999,72.516666665,60.205555555,35.60555556,19.238888885,8.805555556000002,6.1,5.422222222499999,6.411111111500001,14.4,25.522222225,59.505555554999994,35.47361111,72.27791619,50.04293539499999,52.02112069499999,24.408174285,17.73524733,13.001056629,11.140103909999999,9.2517943855,8.6974503345,14.843905955,40.757860429999994,56.6284895,30.900504585,3381.68,1876.6199999999994,340910.510000002,614325.2949999999
"Nottawaseppi Huron Band of the Potawatomi, Michigan",0.142,0.17,2.7699999999999996,2.7429999999999995e6,0.143,0.163,2.93,9.514e6,0.858,0.83,0.857,0.837,0.5724600145707257,0.47316626355898794,0.001,0.5203850014134863,0.5605883267298798,0.5176310423319573,0.41850082110762143,0.001,0.4082484959065641,0.5080129415944554,-5.723143881281106,-7.133538146737327,-0.7054275476221198,5.775832053511521,12.24848950516129,17.21961085658986,19.793036355069123,19.24475166299539,14.496825397188939,8.29349718389401,2.4643625192396312,-5.297747055811059,6.723045741986175,3.128041235502304,2.823347724543779,2.8002808146359444,1.8081370717926266,1.328019595262673,2.005867557912442,1.4381880042857142,1.2949330820092166,1.6180390343502302,1.8248449749400921,2.536548809658986,3.7443471888617514,2.1958829247004608,52.314951355023034,39.43707116884792,39.8757296459447,72.19487967267281,80.61684588258063,95.5488991262212,83.48709677529955,76.13640552921659,96.35729644396314,68.78356374585253,78.1309267789401,57.79769585142856,70.05678016576036,19.396884639585252,28.147964449677417,21.642056727557602,27.54904384709677,31.32988025354839,51.1279696570046,23.93526047387097,25.711769353502305,27.88551578986175,25.992751245576038,32.7911725781106,20.575100794700457,28.007114149447006,-1.655555556,1.722222222,3.088888889,9.777777777999999,15.2,20.06666667,23.14444444,22.5,17.8,11.94444444,4.777777778000001,-3.2,10.430555559999998,6.019574551,6.374711322,2.489701008,1.923393991,1.497497913,1.783956277,1.271918935,2.316246964,1.207269647,2.101256238,1.810233257,2.718915225,2.626222944,47.32222222,51.04444444,45.43333333,61.87777778,88.65555556,102.1444444,82.4,56.91111111,92.41111111000001,89.63333333,68.82222222,49.477777780000004,69.67777777,29.75860286,29.45306058,24.48499541,30.81703173,57.50884956,47.14154514,51.00762198,51.37147663,50.25677677,71.24006948,45.019073119999995,24.02154126,42.67338704,480.0,266.37,340910.510000002,614325.2949999999
"Crow Creek Sioux Tribe of the Crow Creek Reservation, South Dakota",0.08493557620014242,0.12984555661407396,3.019366971773717,1.9728935282476675e6,0.16571537551179194,0.24391439539265328,3.2220093056641392,396722.3200806687,0.9150644237998575,0.8701544433859261,0.8342846244882081,0.7560856046073468,0.7243280349021788,0.6284472433237098,0.0010000000000000037,0.6836493121807282,0.7060797717521695,0.3027186178074835,0.28722905703184914,0.0009815805252562783,0.2699282845130425,0.14160428392115101,-7.457214053446618,-5.529796854724788,2.4727692790105467,9.25976863544275,14.964369522914009,20.974163737243437,23.036711387292456,21.937605821304032,17.352002575294826,9.773493737476018,1.1811195272605086,-7.091223988029111,8.406147443853266,2.696478582070698,2.995542158708157,1.8517668302865002,2.0525475920046046,1.5297039865771582,1.5407400082232297,0.9600954159141547,1.3885568497286505,1.8350909445023025,1.6558112920415868,3.4891503274359166,3.831753581073522,2.1522697974580436,15.461453537785545,13.177790979077681,42.97304321979355,64.31518226832915,102.04246414612955,116.43293728442013,91.19815007599742,101.1292737364117,82.70260409040257,45.150423288088554,31.557664572590223,21.782662507669695,60.66030414231547,8.765405446112588,10.937166265601665,25.19258794779148,39.27730546918078,37.55824009357051,59.47847447010848,54.420764405268145,45.7831730911793,49.6755478238497,17.26481020844795,27.534016479757927,17.646404538577162,32.79449135364623,-6.566666666666667,-2.4148148149999997,2.285185185,9.555555555333333,14.381481483333333,20.36296296333333,23.95925926,22.570370369999996,17.28148148,10.859259256666665,1.2851851853333331,-5.307407407333333,9.020987653999999,3.3076588689999995,4.948760395666667,2.0054453199999998,2.5729091469999994,2.112042521,1.8636933439999999,1.546672117333333,1.7377205296666667,2.172806468333333,2.1679526549999997,4.673668561666666,6.253856305333333,2.9469321863333335,11.277777780666666,9.674074073666667,29.01851851666666,52.144444443333335,101.8,89.82222222,62.85925925999999,60.28888888666667,46.00000000333333,41.492592593333335,21.15555555333333,12.785185183333331,44.85987654333333,7.359926999999999,5.945773999999999,19.099993723333334,32.433189213333335,62.82647677666666,52.08546109333333,32.61673233,25.142487589999998,32.98299786,33.57728779,21.35205832333333,6.140285981999999,27.630222643333333,14529.73,8063.079999999997,340910.510000002,614325.2949999999
"Manchester Band of Pomo Indians of the Manchester Rancheria, California",0.12076454965311906,0.16995790608082328,3.678681370289645,1.4506683449048957e7,0.135,0.19400000000000003,3.53,7.022e6,0.8792354503468809,0.8300420939191767,0.865,0.8059999999999999,0.4317193290564522,0.43170064382358253,0.044105589067243885,0.16856323088842437,0.21034304380846114,0.5617350952767542,0.5617029079487761,0.004385178101309611,0.3824637808217352,0.41115917521548867,8.457420924615576,10.336550418403899,11.404785076082728,13.874398486569348,16.426601783187355,21.000973234476888,22.131738309683712,22.286347660559617,20.141605837883223,17.40297377790755,9.991943768423361,8.035414977048664,15.124229521532849,1.593916046126521,2.290879721145987,2.3011991068588813,2.781366763540147,2.431242316963505,2.380014837148419,4.245936199326034,3.071352267279806,2.824381665618006,2.1588605363479325,2.09960382857421,2.104795597737227,2.5236290739391736,174.3636928856448,121.39878344554751,102.92803461858885,45.44033522700732,24.298945661532855,8.646769397408761,1.9221951879659374,0.9364693159294409,5.144147066708031,33.38969991934308,56.21321979046232,131.9915382734307,58.889485899416066,153.7383100092458,117.13746945924579,65.4108350028954,35.52218136017033,19.501324613795628,14.016306248265208,5.217647713445256,1.8861963803211683,5.765885659299271,43.28138581688566,54.12610994355233,115.1025402423358,52.55884937102192,8.711111111,9.544444444,10.02222222,11.66666667,13.82222222,16.38888889,17.98888889,18.1,17.1,14.211111110000001,9.5,8.244444444,12.941666670000002,1.44087165,2.395365896,1.21426704,0.543139025,1.146492235,1.303307758,1.8764623929999997,3.091116303,1.5612495,1.128543801,1.6552945359999998,2.031077984,1.6155990100000002,236.59999999999997,163.2333333,145.7,77.26666667,59.36666667000001,13.466666670000002,12.04444444,10.12222222,7.588888889000001,55.36666667,83.72222222,221.9222222,90.53333333,178.2517181,105.59235289999998,109.12205319999998,56.88055467,45.39887113,15.74444346,23.79638161,21.70511332,10.36755087,56.23088564,57.671565300000005,165.2347556,70.49968715,800.14,444.01,340910.510000002,614325.2949999999
"Hoopa Valley Tribe, California",0.141,0.196,3.32,1.0777e7,0.141,0.196,3.3200000000000003,1.0777e7,0.859,0.804,0.859,0.804,0.47263512054833445,0.47261919047093653,0.0010000000000000002,0.1701136768735859,0.24350077672833265,0.2653125706872784,0.2609301131835473,0.022041917885106364,0.09263873442663445,0.1802544020612384,7.083682539634285,10.462730157514287,11.416412698828571,14.417333334085715,15.895650792985716,22.659333334371432,23.300000000000008,22.28355555625715,20.326571428800005,17.570809525185716,8.992095238150002,7.281507936515715,15.140806878800005,2.163315501665714,2.2818366617485712,1.4974793968542859,2.0491381777628574,3.150986719045715,1.7688135362800006,3.830796262,3.0249403675371433,3.167284005917143,2.413862714367143,2.780032964862857,2.026676971468572,2.5129302733742866,173.05730160828574,135.55346030985717,109.26739682542858,54.20163491887145,23.420349206400005,9.330412698580004,1.553238095002857,0.663571428407143,5.453968253888572,33.72628571420001,54.994507935371445,142.99717460057147,62.01827513122858,120.63570994000001,131.36062103528573,53.615754621385726,52.53072403002858,20.142942885228575,13.549553758285718,3.7675641113857146,1.09658281325,5.509250841902857,45.042342727628586,42.81294445302858,121.73721768200004,50.98343407261429,6.7055555555,6.3277777775,7.3944444444999995,8.577777778000002,11.08333333,15.305555555000002,16.527777775,16.23888889,14.749999999999998,11.10555556,7.1777777775,6.15,10.612037039999999,1.705705461,3.6968563125000005,1.2537193755,1.924741778,1.5084786675,3.492881373500001,1.2591574125,0.8481822865,1.4962176499999997,1.844528777,1.3634213899999998,1.6344519845000003,1.8356952060000002,243.22777775,154.86111115000003,167.58333335,103.00555555,72.66666666500001,33.472222220000006,10.483333335000001,11.1555555565,15.961111114999998,76.294444445,138.36111110000002,298.40555555000003,110.45648150000001,119.79866914999998,80.7425943,77.5218859,72.38454866000001,49.151256675,26.473699684999996,12.16155968,12.9525593545,10.897566854999999,42.55641173,70.97148410500002,188.28619905,63.65820293,1600.0,887.8999999999999,340910.510000002,614325.2949999999
Coquille Indian Tribe,0.146,0.201,3.56,1.987e6,0.156,0.24,3.3,5.515e6,0.854,0.7989999999999999,0.844,0.76,0.2024971551110201,0.17952075119036587,0.012655636973632112,0.11486380869486416,0.2024971551110201,0.1877850777085418,0.16815576835546686,0.001,0.11008646625728041,0.1877617852605661,6.977777778,8.944444444,10.246415768387095,13.911111109999998,15.909139788064515,21.044444439999996,25.32222222,20.68530466096774,20.88888889,16.011111110000005,8.722222221999997,6.599999999999999,14.605256869193546,2.3546644019999996,1.69640142,3.365757255354838,2.5394115680000002,3.9312152137258067,1.988788017,2.5405598679999994,2.161899261612904,2.521628662,1.9643347759999998,2.650838442,3.0389142799999997,2.562867763564516,179.09999999999997,103.24283151612903,116.7,57.788888889999996,46.75555556,13.866666669999999,2.6,3.5888888889999997,7.222222222,49.91111110999999,63.918279573225796,194.6444444,69.94490740370966,165.2699837,79.72776233854837,69.43532962,40.19149302,27.296341839999997,10.604598059999999,4.177618938999999,7.241623513000001,11.352067849999997,42.55277441999999,61.94764906467742,169.5118883,57.44242755467742,4.797222221999999,6.56944444425,7.416666666749999,10.17222222225,12.12777778,15.019444445,18.6944444425,17.3194444425,15.619444442499999,11.100000000000001,6.191666666500001,4.122222222,10.762500000000001,3.68324692025,2.0867143974999998,1.6880789155,2.068871499,1.3114880045,1.1578933605,2.0403428179999996,1.3224060195,1.6983965005,2.1276172645,2.9026088404999997,3.8820117105,2.16413968775,212.63055552499998,127.852777775,140.675,97.3888889075,71.03611111,55.2527777775,16.3166666675,14.922222222499999,35.588888887500005,105.3055555575,144.4472222,219.13333335,103.37916667,136.33274057500003,64.7024190025,77.74262764999999,66.3148008,35.787758735000004,25.80723965,11.776990638250002,19.5435687125,28.797993292500003,62.26614803500001,75.4737860475,119.3129743,60.321587287499995,144.32,80.09,340910.510000002,614325.2949999999
"Kashia Band of Pomo Indians of the Stewarts Point Rancheria, California",0.12076454965311906,0.16995790608082328,3.678681370289645,1.4506683449048957e7,0.09,0.118,4.0,3.0682e7,0.8792354503468809,0.8300420939191767,0.91,0.882,0.4317193290564522,0.43170064382358253,0.044105589067243885,0.16856323088842437,0.21034304380846114,0.6978316968964758,0.6978316968964758,0.001,0.25589567982858746,0.3110899084069139,8.457420924615576,10.336550418403899,11.404785076082728,13.874398486569348,16.426601783187355,21.000973234476888,22.131738309683712,22.286347660559617,20.141605837883223,17.40297377790755,9.991943768423361,8.035414977048664,15.124229521532849,1.593916046126521,2.290879721145987,2.3011991068588813,2.781366763540147,2.431242316963505,2.380014837148419,4.245936199326034,3.071352267279806,2.824381665618006,2.1588605363479325,2.09960382857421,2.104795597737227,2.5236290739391736,174.3636928856448,121.39878344554751,102.92803461858885,45.44033522700732,24.298945661532855,8.646769397408761,1.9221951879659374,0.9364693159294409,5.144147066708031,33.38969991934308,56.21321979046232,131.9915382734307,58.889485899416066,153.7383100092458,117.13746945924579,65.4108350028954,35.52218136017033,19.501324613795628,14.016306248265208,5.217647713445256,1.8861963803211683,5.765885659299271,43.28138581688566,54.12610994355233,115.1025402423358,52.55884937102192,9.033333333,8.633333333,11.18888889,12.36666667,15.5,19.2,21.52222222,20.64444444,20.01111111,14.88888889,10.55555556,8.555555556,14.341666670000002,0.988685997,6.982120022,1.6366463,2.329699551,2.029778313,1.7392527129999997,1.859286004,2.094702312,2.091318032,4.6033804,1.029697906,1.479113849,2.405306783,256.0333333,162.6555556,137.1333333,66.02222222,46.54444444,10.52222222,9.977777778,8.422222222,6.566666667,41.9,73.5,224.17777780000003,86.95462963,204.6327076,113.3368553,111.6280207,48.97626409,34.03531663,13.04509273,14.69623913,15.48303731,10.32206375,44.66906088,56.42650087,174.8872121,70.17819759,800.14,444.01,340910.510000002,614325.2949999999
The Choctaw Nation of Oklahoma,0.175,0.216,3.06,6.219e6,0.1776656587601073,0.26389820821005405,2.9788105237430096,2.8900017417028975e6,0.825,0.784,0.8223343412398927,0.736101791789946,0.5447309511442293,0.39524780174395435,0.5447309511442293,0.2830039520989546,0.4788129061812473,0.44900197090949234,0.3583919655440433,0.4096816941955881,0.32160164015122233,0.36739919889051265,-0.344444444,0.711111111,2.944444444,7.711111111,12.85555556,16.98888889,20.63333333,20.41111111,17.1,11.04444444,3.122222222,-1.177777778,9.333333333,4.882138648,5.732461174,4.009086901,4.827122446,3.720924318,4.347253284,2.518432052,2.064245894,4.984225115,4.575781658,3.674839377,2.367370787,3.9753234710000003,40.67777778,68.28888889,33.62222222,25.44444444,53.48888889,27.37777778,23.74444444,34.43333333,28.04444444,22.87777778,36.15555556,27.53333333,35.14074074,38.0842086,70.87666126,22.19407453,21.78532253,40.17547276,19.7302292,20.82517173,40.50666612,32.94105004,23.0268744,34.39389885,34.73773165,33.27311347,5.483333333350002,6.942222222100003,12.272777778000004,16.55555555500001,21.10388888900001,26.07333333300001,28.243888888500013,28.82611111150001,24.585555555500008,17.569444445000006,11.736111111500003,5.457222222200003,17.070787036500008,2.2132455776500004,2.7177266635500015,1.5622113335500012,1.0644291025500006,0.9627479133000003,1.383176233700001,0.9575545625000005,1.2571836952500006,1.414995840650001,1.2893853326500004,1.9352923905500006,2.565086612850002,1.610252938200001,94.44388888500005,71.67833333250005,114.33611111500007,117.54833331500005,188.17777777500012,103.09722221950008,89.78388889100003,58.34388888850002,118.19888889500005,93.94388889150004,101.29666667100007,89.61277777800004,103.37180554850006,46.742153248500024,37.55694673200002,58.80207943600003,54.05486015650002,117.72763551200005,61.39623764400004,49.06955505300003,59.59185217200003,55.16197229350003,65.43739917400003,80.86371034100003,58.35388528750003,62.06319058850003,160.15,88.87,340910.510000002,614325.2949999999
Quinault Indian Nation,0.13415067011028298,0.20148730542369567,3.294924664944859,1.132712935833766e7,0.15036638086198895,0.23592959787355433,3.485553073855064,6.225054158347681e6,0.865849329889717,0.7985126945763044,0.849633619138011,0.7640704021264457,0.7246918736080926,0.7030704455943549,0.0010000000000000005,0.5741530489071364,0.6750584414689664,0.2243017946210981,0.19402298723479264,0.0010000000000000002,0.14264292508111748,0.2184293943287658,5.764553733645902,8.449653915878686,8.464808743137702,12.082295082524588,14.82382513632787,19.708269580459014,24.84156648481967,20.90950819534426,19.318724956131145,14.58240437019672,7.091293260390163,5.1259016394295065,13.430233757573768,3.16723965704918,2.8027411544426224,3.658820603816393,3.349748152609835,3.5305687935540977,3.1575721643278682,2.4602121457344257,2.623760837501639,2.5501133323967213,3.134229981488524,3.84118840832459,3.5695103232524583,3.153808795960655,147.48429874163932,138.98061931344262,147.59500912655736,54.86451730580327,57.55063752327868,16.580655737377047,2.266775956281967,1.9302732238229505,16.403315114977048,43.370601089278686,67.18240437183606,188.7683788429508,73.58145719895082,104.20857319842622,127.11059499967212,153.5185536297049,33.326571915540974,44.24539072993442,18.35212468642623,3.007494196875409,3.358175498944262,24.39581980704918,42.60134745075409,55.595189256721305,173.85486282131146,65.29789151501639,4.0194444444999995,6.0027777780000005,6.1444444445,8.26666666675,10.9916666675,13.1638888875,16.541666667500003,15.02777778,13.9611111125,10.458333333250001,5.099999999999999,3.3972222222499995,9.422916667,2.8801060682500004,2.2736354675,2.0884998085,1.82234345325,1.8994027512500002,2.1382402295,3.4910304932500003,1.95483026775,1.9869189274999999,2.7243078755,3.0423970437500003,3.07960778025,2.4484433469999995,352.749999975,259.15000002499994,240.85,170.847222225,116.51666667500001,88.62777778,49.4250000025,59.3249999975,101.02222224,271.3138889,366.09444442499995,378.402777775,204.52708335,193.97525025,153.978789975,80.62501190249998,88.28195736,63.473796295,42.592395090000004,30.6903722175,43.375008655,68.591235815,178.910929875,250.85867365000001,195.377249825,115.894222575,648.54,359.9,340910.510000002,614325.2949999999
"Forest County Potawatomi Community, Wisconsin",0.142,0.17,2.7699999999999996,2.7429999999999995e6,0.11961210481409663,0.2124109741534982,2.91134563620483,542266.0052449981,0.858,0.83,0.8803878951859033,0.7875890258465018,0.5724600145707257,0.47316626355898794,0.001,0.5203850014134863,0.5605883267298798,0.42304623324351415,0.40664666941360283,0.0009999999999999992,0.23357758096922562,0.3800370771844414,-5.723143881281106,-7.133538146737327,-0.7054275476221198,5.775832053511521,12.24848950516129,17.21961085658986,19.793036355069123,19.24475166299539,14.496825397188939,8.29349718389401,2.4643625192396312,-5.297747055811059,6.723045741986175,3.128041235502304,2.823347724543779,2.8002808146359444,1.8081370717926266,1.328019595262673,2.005867557912442,1.4381880042857142,1.2949330820092166,1.6180390343502302,1.8248449749400921,2.536548809658986,3.7443471888617514,2.1958829247004608,52.314951355023034,39.43707116884792,39.8757296459447,72.19487967267281,80.61684588258063,95.5488991262212,83.48709677529955,76.13640552921659,96.35729644396314,68.78356374585253,78.1309267789401,57.79769585142856,70.05678016576036,19.396884639585252,28.147964449677417,21.642056727557602,27.54904384709677,31.32988025354839,51.1279696570046,23.93526047387097,25.711769353502305,27.88551578986175,25.992751245576038,32.7911725781106,20.575100794700457,28.007114149447006,-9.155555555,-9.061111111,-2.24166666675,5.313888889,12.1527777775,16.919444445000003,19.544444442499998,18.841666664999998,13.391666667500001,7.11111111125,-0.15000000000000002,-8.188888889,5.373148148,2.84075310825,2.948762864500001,2.54412490075,2.1121535355,1.6667907112499998,1.9111733314999997,1.5074899572499998,1.4329059025000002,2.19138964825,1.7898948887500001,3.3140592234999997,4.9272680090000005,2.4322305067499994,28.469444445000004,20.555555554999998,37.788888892500005,55.099999999999994,77.05833333500001,112.411111125,100.21666667749999,110.855555575,120.33888887499998,75.275,60.416666665,50.11944444499999,70.7171296325,21.563096260000002,14.753351956000001,19.45199719,22.7847429475,30.281425592500003,44.9792005475,42.32939140249999,41.75196205500001,45.766332184999996,37.4612077825,37.19859757,36.347233700000004,32.88904493249999,480.0,266.37,340910.510000002,614325.2949999999
"Sokaogon Chippewa Community, Wisconsin",0.13522312966909014,0.20109098223277985,2.9697391451978836,1.3692946544890725e6,0.12,0.213,2.91,531000.0,0.8647768703309099,0.7989090177672201,0.88,0.787,0.4162984356123183,0.38937547388418,0.0010000000000000145,0.2653597098629737,0.38595483060358393,0.4513938957380169,0.4228495501203706,0.0009999999999999998,0.2710637216160781,0.3339795733378038,-7.992702279097731,-7.82538786017192,-0.6572910084258154,6.1843090003614085,12.509528784076984,17.517659796260205,20.292325961255827,19.572019164671616,14.603647496023417,7.948231204471656,1.1848596172396808,-6.810002564723735,6.377266442666523,2.398355417324758,2.8237695382286017,2.472573744815431,1.94261525932113,1.3967032535055537,1.9131030256851378,1.263786822307188,1.3878174256689846,1.7040755541801913,1.7570141690771346,2.519298618695226,3.764935687392548,2.112004043092869,37.86759065579394,26.091149528853936,38.79281513125152,58.899746356523394,78.93940288895283,104.15208180643884,87.24931137232659,103.50621056383152,107.97494697993193,72.16764686362264,66.34477481487865,44.78081604808407,68.89720775141106,16.070231263646733,14.499727080914477,22.16431236129088,21.57411958165833,27.183100831992125,43.19874999014313,30.045381109860298,34.115260900385756,44.4662581084024,29.208858259648547,32.29638169592045,21.192735080290312,28.00125968920141,-10.5472222225,-9.3166666655,-1.5083333332500002,5.2055555555,11.594444445,17.175000002500003,19.355555555,18.627777777499997,13.619444445,6.375,-0.8305555557500001,-6.8416666665,5.242361111500001,1.789696662,3.213995825,3.871922763,2.1587269934999997,1.3638728980000001,2.74129563825,1.6599574025,1.9718180490000001,3.5846219809999997,2.069961616,3.8881334489999997,11.38863948275,3.30855356325,29.625,17.005555554999997,34.077777774999994,65.3694444425,79.22222222250001,112.38333335,112.975,133.11944445,112.6972222,71.83055555499999,56.1722222225,42.3916666675,72.23912037,32.228197605,11.631409757499998,19.7574174675,40.442780392500005,30.198826025000002,45.393459039999996,43.550655,71.12148568250001,60.83124342,38.45245705,43.5312098025,34.3873473675,39.29387404999999,199345.34999999005,110623.539999998,340910.510000002,614325.2949999999
Tuolumne Band of Me-Wuk Indians of the Tuolumne Rancheria of California,0.14963960385447658,0.2263143906719075,3.177969235681726,4.562144460558722e7,0.128,0.187,4.06,4.759e6,0.8503603961455234,0.7736856093280925,0.872,0.813,0.1371214485923597,0.13266030707936724,0.0965862913237399,0.0448402140511995,0.010169186095857612,0.5377345077081908,0.5377345077081908,0.30949566319423844,0.23041394216671118,0.33987450503981087,5.972415123452082,7.566828703881245,10.005887346312498,13.388641975598604,16.656049381013887,20.46385030919444,23.156820988916657,24.026851851208328,19.54823302508332,14.50952160358055,9.11188271535972,5.061064814940275,14.122337319486103,2.958126646656249,2.3520215859201383,2.0019539796215273,2.5358046823805545,2.3828186322812495,2.7432338731041663,2.0588440324361112,2.9423521532576364,2.3115227728590266,2.0198568588951376,3.223264009020138,3.42953222627847,2.579944287800694,84.61204475838193,79.45847221846525,61.002476851493036,44.476064815402765,47.680625001402746,30.104374999974983,7.790709877024998,13.868240740780559,22.904853394679172,39.524760802083314,66.03175153472218,90.63191358937497,49.00719071520136,61.61529809343748,65.03067113386803,51.30334591440972,28.696188784611106,30.603112775097202,20.318978402784722,6.655204882813888,14.315893700298613,18.3711935722236,36.04038603567359,63.528997744715234,59.96102216086806,38.03669109986804,5.477777778,6.977777778,9.733333333,12.75555556,16.37777778,20.42222222,24.55555556,24.11111111,20.56666667,15.322222220000002,8.522222222,4.933333333,14.146296300000001,1.927289403,3.4679885299999995,1.656049516,1.887532193,1.482209312,3.206157271,2.452096609,1.15048299,1.226784415,2.086131454,3.1708743969999995,4.007804885,2.310116748,172.8111111,106.6,95.12222222,63.91111111,38.65555556,6.677777778,13.08888889,8.655555556,6.955555555999999,32.06666667,49.16666667,103.75555559999998,58.12222223,122.77680400000001,90.23666106,90.2227906,38.81244789,24.854381460000003,5.649287074,23.83948639,15.655519080000001,8.300468528,41.77286799,57.22575906,89.42564105,50.73100951999999,3541.9,1965.5299999999995,340910.510000002,614325.2949999999
Shakopee Mdewakanton Sioux Community of Minnesota,0.08336410003167626,0.13466898580582998,3.027781381002627,3.348808372332872e6,0.049,0.087,3.24,3.888e6,0.9166358999683237,0.86533101419417,0.951,0.913,0.6599783760121178,0.5751619655335183,0.001008371935597166,0.6135438365384102,0.5917364314220208,0.717306784900286,0.593178343387606,0.0009999999999999998,0.586161300575571,0.7085450008077256,-9.727192607262001,-8.137925476102078,0.6703508772751682,8.07630379372319,14.18145486510726,19.718624981012134,21.98519305751517,20.837918353447662,15.91965399647638,8.499340605826037,-0.11341655425384578,-9.150293897190162,6.896667666318847,2.713914572721856,2.70282221104956,2.2294525728286403,2.2735118413988187,1.424598758472367,1.7384860136941287,0.8739855927143718,1.3962719509771904,1.8306341219719262,1.8986151051385258,3.383949343735389,4.031319812178973,2.208130158151483,18.604248012993576,15.442269830704793,40.73822649509636,51.88655607955493,90.78090455807438,120.4322664567448,93.28422927086936,101.61433311593393,85.18755548064661,52.49091767886305,38.19160593865478,24.030604287779948,61.056976434292764,11.052294822002985,8.64899805212233,25.25386800224757,26.456287351780475,36.26946798660184,45.86812139592741,35.58432226031197,43.22954455680894,47.07637825227024,18.302915373823833,31.558493536341057,17.01424705126225,28.859578219467235,-8.955555556,-6.522222222,1.888888889,8.555555556,14.47777778,20.35555556,22.26666667,21.66666667,17.11111111,9.166666667,1.177777778,-6.622222222,7.880555557,2.549073906,3.111180555,2.862885103,3.133732244,2.438635775,2.342066988,1.225765067,1.78465683,1.606583677,2.8974126389999997,2.761239657,6.984407236,2.80813664,37.41111111,13.33333333,44.65555556,66.65555556,80.34444444,123.8333333,111.6111111,109.6333333,95.21111111,63.31111111,52.422222219999995,43.98888889,70.20092592,65.63340317,8.649566462999998,31.52503414,47.82538842,17.88009446,46.58229277,44.60385198,32.75297696,58.49505202,30.89621516,61.19778954,47.09648194,41.09484559,61643.510000020004,34208.110000000204,340910.510000002,614325.2949999999
"Spirit Lake Tribe, North Dakota",0.07314910536319054,0.13128578527944854,3.1051863817039878,6.217215210562124e6,0.13897302415023968,0.24435226395797585,3.1779643009294856,466913.5038488432,0.9268508946368095,0.8687142147205514,0.8610269758497603,0.7556477360420242,0.5131029756819873,0.45697695711224073,0.0009999999999999998,0.34004449779810236,0.49174058142375693,0.40906575911393095,0.3706741718371754,0.0009997879668801324,0.3683904025703518,0.24344350511391885,-9.229024943034013,-7.870597127571429,0.6573696144013604,8.078911564292515,14.158352233673469,19.36848072340136,21.830234317619045,20.80907029367347,15.713756612108845,8.619047619326532,0.5550264549727891,-8.534391534557823,7.013019652068028,2.5213170201360544,2.845543578156463,2.4440379865238095,2.109800512156463,1.225993816387755,1.765455755197279,1.0602205870680272,1.5181438613469387,1.8772078398911562,2.0088064408435375,2.8029048656258504,4.1542621762653065,2.194474536843537,21.24693877829932,16.038548754489796,44.02282690857143,54.18510959829931,85.14119425714286,133.44867725986396,106.28775512993197,118.34482236802721,110.0815570862585,61.90302342938775,48.48019652693878,30.801360540884353,69.16516755319728,10.119003703129252,8.572850230047619,24.991082252517003,16.567171986761906,25.23748619367347,54.62845933693878,47.83423775891156,49.5782721840136,57.13782740537415,30.90353589680272,30.532142868231293,20.40816690666667,31.375853060272107,-11.005555555,-7.761111110999999,-0.4916666665,6.327777777750001,13.9444444425,19.080555555000004,20.26111111,20.733333335,14.474999997500001,8.8277777775,-2.84166666675,-10.13888889,5.950925925499999,6.38400334725,7.3346823345,5.400375026,2.3215844760000004,3.72580492925,4.357898787000001,1.5491449215000002,4.346046164250001,3.2390202709999993,5.395209492749999,4.559245315999999,8.243921678249999,4.738078062000001,12.5,15.175000000000002,23.533333335,20.222222220000003,83.72222222250001,92.69166666500001,56.586111110000004,77.7222222225,49.066666665,39.316666665,28.305555555,13.67222222,42.70949074,7.733660249499999,9.5925864505,14.896225787499999,12.3300529925,44.660067274999996,59.12785606,34.1531980575,32.971007817499995,35.278865345,20.261639619999997,22.388445895,5.346240526500001,24.894987175,320.0,177.58,340910.510000002,614325.2949999999
Pawnee Nation of Oklahoma,0.1304765689867722,0.2026287796200933,3.161406339005907,294676.0021348602,0.14618498391402254,0.22125169480744056,3.1419843362500144,8.110567148906778e6,0.8695234310132278,0.7973712203799067,0.8538150160859774,0.7787483051925594,0.61161869209605,0.5063967919637538,0.018219127235135413,0.5616537067042743,0.4264570592714563,0.3509756475607116,0.29967939495812224,0.21647949002961017,0.2996911971043153,0.30502359659839334,-2.7419302516094888,-0.6162206001094891,5.4708029199270065,10.920884022700731,15.738280614671533,22.60227088569343,25.234914842372262,24.352960258394162,19.676480128941606,12.127412815948905,4.126966747908759,-2.168329278408759,11.227041091970802,2.0277768730875914,2.8715290152043798,1.7283788462372263,1.6426080512956205,1.7481887121751827,1.4197825003540148,1.0517183042810219,1.4402438392481751,1.8405482840948908,1.4767138464854015,3.4411239275656933,2.8700989986532845,1.963225933332117,16.154744524416056,13.925871859233578,52.28527980478102,52.09440389456204,113.35223035182482,95.17960257989051,81.50255474510948,72.90871857233576,49.35600162014599,33.8646796439781,23.757218167919707,15.078345497919708,51.621637607043795,8.971384287175182,11.116293569361313,25.56512985478102,28.966646481350367,56.93000336529197,51.11746774474452,35.16690750069343,37.37423453872263,29.5671709360584,20.399537725109486,19.826802133430654,18.515650624708027,28.62643572857664,3.2555555556666667,4.955555555666667,10.933333333333334,15.811111109999999,20.21111111,25.829629629999996,28.277777776666664,28.30370370333333,23.999999999999996,16.825925926666667,10.248148150666667,3.574074074,16.01882716,2.167480880333333,2.724503491666666,1.3075229226666667,1.2983824066666667,1.0323844679999998,1.6181831973333332,1.473044822,1.6571298746666665,1.5030631786666666,1.2305785623333332,2.084679250666667,2.910918936333333,1.750655999333333,50.80740740999999,56.411111113333334,101.90000001,104.62222221333333,163.87407409999994,160.74814813333333,108.59259259999999,81.70000000333333,93.88888888333332,78.83703703666667,60.44074074,50.074074073333335,92.65802469333332,29.986394790000002,43.82995788666666,50.35319568333333,46.50902601333333,86.67694622333333,80.35836953666666,65.94426095,55.90027846333333,50.77729341333333,55.81000703333333,53.49869219666667,47.462556479999996,55.59224822333333,640.0,355.15000000000003,340910.510000002,614325.2949999999
"Washoe Tribe of Nevada & California (Carson Colony, Dresslerville Colony, Woodfords Community, Stewart Community, & Washoe Ranches)",0.083,0.11599999999999999,3.8,2.0284999999999996e7,0.11999974112878743,0.19570689067848185,3.6718415504998516,3.2218564055717173e6,0.917,0.884,0.8800002588712126,0.8042931093215182,0.15942905857202372,0.15733449846036923,0.0010000000000000002,0.020678771335311666,0.0010000000000000002,0.09032807662092156,0.0868986806157957,0.015992444088003075,0.024384093206110014,0.003868201385853939,4.227529021835821,6.697346600388061,9.196019900492537,9.421890547044775,12.69784411328358,15.139303483134329,18.312106135373135,16.67976782477612,17.188888890000005,11.593200664179104,6.7509121061343285,6.312769485985075,11.184798233283582,3.0032211090149254,2.530475489402985,2.3566502616119402,1.818997044835821,3.2290552373731343,2.145439864477612,4.944099127447761,1.6020434363432834,2.474087935,1.6480466656567163,3.753492723238806,3.061583245358209,2.7139326783731343,240.3615257492537,142.72669983432834,231.41509117462684,92.06550580567165,83.92189054731342,61.93515754447761,20.405472637313434,17.431011605820895,49.3021558841791,89.08756219238805,179.6426202268657,268.3532338089552,123.05399392686564,145.71606143432837,50.11537470044776,100.87676346447762,45.025291095820904,48.379374642686564,32.825005371044774,25.869849687462686,24.784867920895525,34.93611986522388,70.07303905761192,65.53842520208956,146.80008807164177,65.91168837656716,-0.500559642851726,1.9979626488075835,2.175501478092247,6.357938753756084,9.797038295990378,15.091303530090551,20.52354901589134,19.145783810684776,13.718675723537071,9.552424070643465,2.369905048974533,-0.46279947156762874,8.313893605250708,1.744129695695529,3.0076668584816075,2.5337027186932657,2.8406855543842675,2.6478524124533105,3.323404840136955,2.863780108186757,2.0707775678053197,1.9636758441148838,1.861088796451613,2.2473651315574426,2.5972838662093944,2.475117782827957,135.37116891929827,85.95847323775892,52.55366283075835,41.488190908556874,26.859781173718165,13.939872981284664,15.286480539377477,12.271049485942278,10.562711436622525,29.248965600181094,35.92903226058856,103.34477142124504,46.90118006348614,103.89780925488398,60.83800303636106,43.319966905149975,27.406758587487264,20.26426330830787,16.94331397126769,15.49893210409734,13.379561519895303,12.439786734221844,37.182799541607245,23.495032924934918,100.85318377594794,39.62661763820034,320.0,177.57,340910.510000002,614325.2949999999
"Grand Traverse Band of Ottawa and Chippewa Indians, Michigan",0.13522312966909014,0.20109098223277985,2.9697391451978836,1.3692946544890725e6,0.091,0.095,6.96,2.32e6,0.8647768703309099,0.7989090177672201,0.909,0.905,0.4162984356123183,0.38937547388418,0.0010000000000000145,0.2653597098629737,0.38595483060358393,0.25789386336067727,0.24160597605904527,0.001,0.16259324614054718,0.25268525697318245,-7.992702279097731,-7.82538786017192,-0.6572910084258154,6.1843090003614085,12.509528784076984,17.517659796260205,20.292325961255827,19.572019164671616,14.603647496023417,7.948231204471656,1.1848596172396808,-6.810002564723735,6.377266442666523,2.398355417324758,2.8237695382286017,2.472573744815431,1.94261525932113,1.3967032535055537,1.9131030256851378,1.263786822307188,1.3878174256689846,1.7040755541801913,1.7570141690771346,2.519298618695226,3.764935687392548,2.112004043092869,37.86759065579394,26.091149528853936,38.79281513125152,58.899746356523394,78.93940288895283,104.15208180643884,87.24931137232659,103.50621056383152,107.97494697993193,72.16764686362264,66.34477481487865,44.78081604808407,68.89720775141106,16.070231263646733,14.499727080914477,22.16431236129088,21.57411958165833,27.183100831992125,43.19874999014313,30.045381109860298,34.115260900385756,44.4662581084024,29.208858259648547,32.29638169592045,21.192735080290312,28.00125968920141,-6.96667,-7.51111,-0.65556,4.36667,12.23333,17.22222,19.9,19.63333,14.86667,8.57778,2.21111,-5.28889,6.54907,2.74388,2.57226,2.19905,4.1644,1.22656,2.05252,1.37921,1.32162,1.83666,1.52153,2.39372,4.01122,2.28522,50.73333,33.53333,38.51111,58.06667,71.47778,94.66667,85.84444,78.31111,96.12222,69.77778,80.42222,63.7,68.43056,12.52136,17.89792,17.81588,22.62339,18.97968,54.60191,16.71055,16.507,24.53686,26.511,34.27979,21.29136,23.68972,199345.34999999005,110623.539999998,340910.510000002,614325.2949999999
Shoalwater Bay Indian Tribe of the Shoalwater Bay Indian Reservation,0.13415067011028298,0.20148730542369567,3.294924664944859,1.132712935833766e7,0.166,0.27,4.87,2.909e6,0.865849329889717,0.7985126945763044,0.834,0.73,0.7246918736080926,0.7030704455943549,0.0010000000000000005,0.5741530489071364,0.6750584414689664,0.20617756487886899,0.18796923099339619,0.001,0.13322610810689248,0.16570839547069557,5.764553733645902,8.449653915878686,8.464808743137702,12.082295082524588,14.82382513632787,19.708269580459014,24.84156648481967,20.90950819534426,19.318724956131145,14.58240437019672,7.091293260390163,5.1259016394295065,13.430233757573768,3.16723965704918,2.8027411544426224,3.658820603816393,3.349748152609835,3.5305687935540977,3.1575721643278682,2.4602121457344257,2.623760837501639,2.5501133323967213,3.134229981488524,3.84118840832459,3.5695103232524583,3.153808795960655,147.48429874163932,138.98061931344262,147.59500912655736,54.86451730580327,57.55063752327868,16.580655737377047,2.266775956281967,1.9302732238229505,16.403315114977048,43.370601089278686,67.18240437183606,188.7683788429508,73.58145719895082,104.20857319842622,127.11059499967212,153.5185536297049,33.326571915540974,44.24539072993442,18.35212468642623,3.007494196875409,3.358175498944262,24.39581980704918,42.60134745075409,55.595189256721305,173.85486282131146,65.29789151501639,6.28889,6.45556,7.43333,8.97778,11.36667,13.55556,15.71111,15.5,14.54444,11.3556,6.92222,5.92222,10.33611,1.48357,1.33592,1.25875,0.55533,0.91409,0.78756,0.69032,0.81921,1.16057,0.93821,1.64234,1.3571,1.07858,306.8444,202.7778,189.9778,154.1778,100.8111,80.85556,27.72222,41.82222,72.5,230.8778,318.5111,284.0556,167.57778,135.96386,81.46624,20.07059,53.48896,46.2322,37.71404,15.03904,14.76503,27.17213,70.67655,109.22943,113.02838,60.40387,648.54,359.9,340910.510000002,614325.2949999999
"Sault Ste. Marie Tribe of Chippewa Indians, Michigan",0.13522312966909014,0.20109098223277985,2.9697391451978836,1.3692946544890725e6,0.162,0.208,2.99,3.1e6,0.8647768703309099,0.7989090177672201,0.838,0.792,0.4162984356123183,0.38937547388418,0.0010000000000000145,0.2653597098629737,0.38595483060358393,0.3759572959231426,0.3710199072982709,0.001,0.23574053768295786,0.3020265993972115,-7.992702279097731,-7.82538786017192,-0.6572910084258154,6.1843090003614085,12.509528784076984,17.517659796260205,20.292325961255827,19.572019164671616,14.603647496023417,7.948231204471656,1.1848596172396808,-6.810002564723735,6.377266442666523,2.398355417324758,2.8237695382286017,2.472573744815431,1.94261525932113,1.3967032535055537,1.9131030256851378,1.263786822307188,1.3878174256689846,1.7040755541801913,1.7570141690771346,2.519298618695226,3.764935687392548,2.112004043092869,37.86759065579394,26.091149528853936,38.79281513125152,58.899746356523394,78.93940288895283,104.15208180643884,87.24931137232659,103.50621056383152,107.97494697993193,72.16764686362264,66.34477481487865,44.78081604808407,68.89720775141106,16.070231263646733,14.499727080914477,22.16431236129088,21.57411958165833,27.183100831992125,43.19874999014313,30.045381109860298,34.115260900385756,44.4662581084024,29.208858259648547,32.29638169592045,21.192735080290312,28.00125968920141,-8.12222,-9.08889,-2.2,4.53333,10.85556,15.26667,18.66667,18.65556,13.88889,7.44444,1.65556,-6.24444,5.44259,2.59648,3.08561,2.62213,1.84992,1.3175,1.83787,1.48099,0.91179,1.88116,1.73789,2.27015,3.57153,2.09692,63.37778,36.57778,39.41111,62.01111,61.14444,98.53333,64.15556,77.66667,108.62222,83.32222,76.85556,68.22222,69.99167,20.87618,19.03423,21.91572,32.93423,24.43523,48.17309,25.21213,27.50531,41.92872,35.90527,22.54896,31.56559,29.33622,199345.34999999005,110623.539999998,340910.510000002,614325.2949999999
