Tribe,Food_Insecurity_Rate_2018_H,Child_Food_Insecurity_Rate_2018_H,Cost_Per_Meal_2018_H,Weighted_Annual_Food_Budget_Shortfall_2018_H,Food_Insecurity_Rate_2018_P,Child_Food_Insecurity_Rate_2018_P,Cost_Per_Meal_2018_P,Weighted_Annual_Food_Budget_Shortfall_2018_P,Food_Security_Rate_2018_H,Child_Food_Security_Rate_2018_H,Food_Security_Rate_2018_P,Child_Food_Security_Rate_2018_P,nccpi3all_H,nccpi3sg_H,nccpi3cot_H,nccpi3soy_H,nccpi3corn_H,nccpi3all_P,nccpi3sg_P,nccpi3cot_P,nccpi3soy_P,nccpi3corn_P,temp_mean_1_H,temp_mean_2_H,temp_mean_3_H,temp_mean_4_H,temp_mean_5_H,temp_mean_6_H,temp_mean_7_H,temp_mean_8_H,temp_mean_9_H,temp_mean_10_H,temp_mean_11_H,temp_mean_12_H,temp_mean_ann_H,temp_std_1_H,temp_std_2_H,temp_std_3_H,temp_std_4_H,temp_std_5_H,temp_std_6_H,temp_std_7_H,temp_std_8_H,temp_std_9_H,temp_std_10_H,temp_std_11_H,temp_std_12_H,temp_std_ann_H,precip_mean_1_H,precip_mean_2_H,precip_mean_3_H,precip_mean_4_H,precip_mean_5_H,precip_mean_6_H,precip_mean_7_H,precip_mean_8_H,precip_mean_9_H,precip_mean_10_H,precip_mean_11_H,precip_mean_12_H,precip_mean_ann_H,precip_std_1_H,precip_std_2_H,precip_std_3_H,precip_std_4_H,precip_std_5_H,precip_std_6_H,precip_std_7_H,precip_std_8_H,precip_std_9_H,precip_std_10_H,precip_std_11_H,precip_std_12_H,precip_std_ann_H,temp_mean_1_P,temp_mean_2_P,temp_mean_3_P,temp_mean_4_P,temp_mean_5_P,temp_mean_6_P,temp_mean_7_P,temp_mean_8_P,temp_mean_9_P,temp_mean_10_P,temp_mean_11_P,temp_mean_12_P,temp_mean_ann_P,temp_std_1_P,temp_std_2_P,temp_std_3_P,temp_std_4_P,temp_std_5_P,temp_std_6_P,temp_std_7_P,temp_std_8_P,temp_std_9_P,temp_std_10_P,temp_std_11_P,temp_std_12_P,temp_std_ann_P,precip_mean_1_P,precip_mean_2_P,precip_mean_3_P,precip_mean_4_P,precip_mean_5_P,precip_mean_6_P,precip_mean_7_P,precip_mean_8_P,precip_mean_9_P,precip_mean_10_P,precip_mean_11_P,precip_mean_12_P,precip_mean_ann_P,precip_std_1_P,precip_std_2_P,precip_std_3_P,precip_std_4_P,precip_std_5_P,precip_std_6_P,precip_std_7_P,precip_std_8_P,precip_std_9_P,precip_std_10_P,precip_std_11_P,precip_std_12_P,precip_std_ann_P,Acres,Endow_Raised_Parcel,Total_Endow,Total_Acres
Chicken Ranch Rancheria of Me-Wuk Indians of California,0.12064060003686844,0.17657671648401402,3.5707708685320756,3.2578769938536327e7,0.128,0.187,4.06,4.759e6,0.8793593999631315,0.823423283515986,0.872,0.813,0.2816141037945464,0.278736169938635,0.14703833493476837,0.15650676054820092,0.09574898058146011,0.2568077926642313,0.2568077926642313,0.06874782953009664,0.134914952741341,0.1594615752843868,8.00940054149328,9.891239655952628,10.955165869395133,13.805976871118197,17.15781269723297,21.17144917500114,23.932402134725574,23.430871227381015,20.695672966620357,17.10194842990207,10.40747741537235,7.611480553769984,15.347574794730123,2.3475780515267592,2.846511918887723,2.6760514240011384,2.6525432081179683,1.957233273540424,2.5157971736110225,2.4696975380879063,1.8121462345882486,2.656838999274424,2.218161406634024,2.848775042194488,2.6051364714748337,2.467205895125711,113.4710847933272,72.9033401651628,73.04380930894558,41.894936611865184,23.09418001466864,6.473754396705984,3.541982337070826,4.158685695749714,5.6160176117970835,21.939181153712134,37.006553810006835,85.81970444686857,40.74693586176042,85.31322907330444,58.019728848075594,61.935262787959445,25.862941800097925,19.412166769325662,7.765455854327259,6.368308826436574,6.307106020355724,7.002082945961968,25.50170027025278,39.77681681302435,73.2813847756889,34.71218206643589,4.177777778,8.288888889,7.355555556,11.63333333,15.2,19.6,24.21111111,22.96666667,18.15555556,15.24444444,7.155555556,4.588888889,13.21481481,4.248757988,2.190573238,5.430034786,4.92138192,4.55329551,4.7138095,5.032257059,4.097865298,5.343245996,2.533333333,5.556102751,4.606637723,4.435607925,166.4666667,106.6,102.9555556,61.51111111,39.21111111,8.322222222,9.833333333,9.177777778,6.877777778,34.37777778,51.77777778,99.72222222,58.06944445,130.7217943,90.23666106,84.01105747,41.2438615,23.23114528,7.971790542,22.60945599,23.98983002,7.897432776,40.529211,55.91490807,93.40588549,51.81358612,7359.960000000001,6755.579999999995,82999.78000000017,90425.35333330999
"Dry Creek Rancheria Band of Pomo Indians, California",0.09463213751131967,0.12582316557467324,3.9516198971039946,2.8246525032937266e7,0.09,0.118,4.0,3.0681999999999996e7,0.9053678624886803,0.8741768344253268,0.91,0.882,0.35000237674562185,0.3492893269439228,0.11632008322735743,0.09737519649706367,0.15848072095922483,0.1753533463299719,0.17271252871728737,0.0875691808561863,0.044849947050144286,0.11928395921103614,8.286262951109325,10.26770274989389,11.47404430201286,13.104537335209002,15.632422294308677,20.37241872172026,22.56343337014469,22.0690067883119,19.92974276585209,17.400267953810292,10.88365487579421,7.647677741977493,14.969264321768488,2.2874450928488748,2.829859740855305,2.030975393752411,2.5914412253633436,1.6446671010016078,2.743357234892283,3.061565113691319,3.203831643819935,3.433744261948554,2.151906758930868,1.665814215482315,2.7356902142250794,2.5316914996189706,148.10091102411573,108.65351911475881,94.25962844586815,46.9890675251447,35.349553411623795,9.31691675568328,1.7410325114163985,1.8049660590819934,7.353269024487137,32.9406216511897,52.867541979437284,119.20148267405146,54.88154251598069,97.43673265987137,98.97052751774918,67.11173021551444,40.228492176913164,31.28946638294212,15.76856435477492,3.6424408857700956,3.7128521231189717,7.310523045123793,38.81351507678456,48.05323143536977,114.40897235749196,47.228920685691314,8.433333333,9.111111111,10.9,12.57777778,15.000000000000002,19.5,20.78888889,20.48888889,19.28888889,15.8,10.68888889,7.977777778000001,14.21296296,1.321930407,3.535337482,1.218605761,2.121189394,1.691153453,1.65,1.090234429,0.957136934,1.254436571,2.359025222,1.353185542,1.552238527,1.67537281,237.5777778,151.0666667,137.5666667,59.18888889000001,36.81111111,12.91111111,5.0,6.622222222,8.044444444,38.16666667,57.27777778,181.8444444,77.67314815,201.9105729,116.7436187,126.192264,41.8132588,27.11357798,14.34611833,9.686072475,15.81990659,10.78947532,41.13505196,42.94091225,129.8782229,64.86408768,1455.15,1335.7000000000007,82999.78000000017,90425.35333330999
Redwood Valley or Little River Band of Pomo Indians of the Redwood Valley Rancheria California,0.09463213751131967,0.12582316557467324,3.9516198971039946,2.8246525032937266e7,0.135,0.194,3.53,7.022e6,0.9053678624886803,0.8741768344253268,0.865,0.806,0.35000237674562185,0.3492893269439228,0.11632008322735743,0.09737519649706367,0.15848072095922483,0.4403854479056433,0.44036600254410907,0.21458995852631582,0.23586463244851372,0.2927970301346382,8.286262951109325,10.26770274989389,11.47404430201286,13.104537335209002,15.632422294308677,20.37241872172026,22.56343337014469,22.0690067883119,19.92974276585209,17.400267953810292,10.88365487579421,7.647677741977493,14.969264321768488,2.2874450928488748,2.829859740855305,2.030975393752411,2.5914412253633436,1.6446671010016078,2.743357234892283,3.061565113691319,3.203831643819935,3.433744261948554,2.151906758930868,1.665814215482315,2.7356902142250794,2.5316914996189706,148.10091102411573,108.65351911475881,94.25962844586815,46.9890675251447,35.349553411623795,9.31691675568328,1.7410325114163985,1.8049660590819934,7.353269024487137,32.9406216511897,52.867541979437284,119.20148267405146,54.88154251598069,97.43673265987137,98.97052751774918,67.11173021551444,40.228492176913164,31.28946638294212,15.76856435477492,3.6424408857700956,3.7128521231189717,7.310523045123793,38.81351507678456,48.05323143536977,114.40897235749196,47.228920685691314,7.933333333,8.677777778,9.655555556,11.64444444,14.5,18.34444444,20.544444440000003,20.57777778,18.58888889,14.78888889,9.6,7.633333333,13.540740740000002,1.393735986,3.097490023,2.13548069,1.387543793,1.70513929,2.78438104,0.719567771,2.6413906270000003,1.90292173,1.923177348,1.523975065,1.68597153,1.908397908,215.8,143.5555556,138.7444444,64.95555556,49.66666667,19.38888889,9.411111111,5.366666667,12.37777778,48.14444444,70.59999999999998,211.6444444,82.47129629,174.60551970000003,111.0239514,140.4865306,45.4295364,37.89930738,20.93504505,18.884282120000005,9.853933225,17.36381135,44.75301976,57.33319283,185.5163814,72.0070426,1455.15,1335.7000000000007,82999.78000000017,90425.35333330999
"Minnesota Chippewa Tribe, Minnesota (Leech Lake Band)",0.09413746151071094,0.16409591902913243,3.0420519503833305,1.2571183640490586e6,0.11101924624786695,0.2023349899336315,3.0734660545446473,2.0462971160739497e6,0.9058625384892891,0.8359040809708675,0.888980753752133,0.7976650100663685,0.428239098711117,0.39388649046408586,0.000999999999999999,0.32418567696770767,0.38391263539890874,0.4418278154583395,0.41870544742507376,0.000999982210788848,0.3116068499694932,0.36699695299526924,-11.116757931828037,-9.723472755756031,-1.0401724340723526,6.169210454679834,12.35514777070255,17.269117248224404,20.200058254330663,19.20598469668298,14.07486892635792,7.321282379934638,-0.9625150490594202,-9.933333333739256,5.318284852177909,2.577156934155541,2.706379714721077,2.6874351242852157,2.159898724396715,1.439056803263195,1.8123098864910872,0.9647322703096821,1.353715386969941,1.877642997048585,1.9423028387462433,3.176619407026565,4.1187638552796235,2.2346678285379253,24.529523477458934,16.821010524306192,37.58425958321218,43.341046253352005,81.93749271874522,110.66081012410345,101.49583673748688,102.54826207409648,89.22712338666206,70.82766709517304,49.28946755267039,30.540106412289425,63.23355049584065,14.514941826476761,7.607453502973785,21.94302259681649,21.239116825047198,38.80667181675288,42.03526395444601,41.328967036256564,38.23032543920659,40.23145973914716,28.828305427990223,30.426034575319832,17.814658323701504,28.58385175435513,-12.030158728571427,-9.344444443571426,-0.3507936508571428,6.1460317459999985,12.887301587142854,18.255555555714285,20.371428571428567,19.66507936571428,15.055555555714283,6.985714285714283,-0.9142857142857139,-10.347619047714284,5.531613756999999,2.6246656589999993,3.956737953999999,4.678823400285713,2.3482650485714283,1.398682727142857,2.7852073924285707,0.8661011159999997,2.0922188051428563,3.5560599309999996,1.9463187685714285,5.040366559142856,5.850744431142856,3.0953493161428565,24.807936507142855,15.374603174285712,32.50634920571428,38.530158731428564,76.28095238142855,103.09682537142855,107.71111112285713,94.17142856999996,75.67301587285712,64.60476190428571,52.41269841142856,26.84761904714285,59.33478835857142,19.104469444285712,5.492642019999998,15.16250371428571,29.341785517142853,49.23969661999999,34.28940501571428,65.11939853714286,44.005712215714276,34.122292229999985,27.620300549999996,34.64889197714285,16.59434525714285,31.22845359142856,5602.41999999,5142.36,82999.78000000017,90425.35333330999
Flandreau Santee Sioux Tribe of South Dakota,0.08360965851181365,0.12811343520618604,2.979691399205886,635228.2829444016,0.107,0.17,3.11,369000.0,0.9163903414881863,0.871886564793814,0.893,0.83,0.7660429387222784,0.6702441088134893,0.001000000000000005,0.7589210252921147,0.733666788104787,0.6215867611308554,0.5385886535724088,0.001070406582138625,0.5927764869812757,0.5892292125376664,-7.7073226238469825,-5.757014725448361,2.3930789824674705,9.075882577996557,14.853956780894991,20.89005545821686,22.841635110926003,21.770457067709106,17.179642378464703,9.646618857005684,1.0202467011178993,-7.340730541212211,8.238875502236144,2.7655145916640254,3.0380664125621335,1.9007723377595516,2.091119720621688,1.527899755302408,1.530539697034251,0.9385826854800335,1.3801377878452656,1.818458200373667,1.6848873685366612,3.5713335827581774,3.908536530968156,2.179654056000688,14.572241346901887,12.515635874321864,41.6796366438657,66.33708165863334,102.03024096741656,119.49059668268497,94.1333926167848,102.65929622444573,85.95988716811176,45.02649263974182,30.77947791283646,21.381426658280553,61.38045053314968,8.107657998662992,11.259525979070897,25.62406752666781,38.50017836168162,36.05660474829601,61.44960929322032,55.21308305593633,45.53524353286401,52.51828676092075,18.094356297278832,27.117020284313234,16.256168081185876,32.97765015910325,-7.6,-6.1,1.377777778,9.3,14.74444444,20.26666667,23.56666667,21.7,16.02222222,9.7,0.955555556,-8.155555556,7.981481482,4.288647806,3.474550331,2.826118264,2.636759375,1.682342943,1.78605711,2.294558781,1.523154621,2.019144483,2.092247595,4.796642344,4.448907481,2.822427595,12.28888889,37.55555556,46.73333333,58.21111111,98.76666667,130.4222222,89.76666667,97.28888889,96.56666667,56.14444444,36.15555556,38.55555556,66.53796296,9.932326571,82.3413795,45.06656188,30.930908669999997,41.1949026,63.74536802,36.47821268,41.42050955,67.67680548,48.38830208,31.08758237,52.37766965,45.88671075,11680.0,10720.780000000004,82999.78000000017,90425.35333330999
Robinson Rancheria,0.09772379605591738,0.13320171868897523,3.930617502355803,1.857863025080286e7,0.157,0.231,3.9200000000000004,6.666e6,0.9022762039440826,0.8667982813110248,0.843,0.769,0.28433338240758776,0.2840592308117587,0.11490813501958286,0.13886531468352611,0.1323957173178432,0.4887370136414907,0.4887370136414907,0.15069343763102852,0.27039525671129266,0.26106455988035304,8.432803400933965,10.422985090688684,11.429559748449162,13.637339856138894,16.35392499480085,20.23865595153563,21.95955043114781,22.033770091740042,19.7739051947065,17.04291870490566,11.13104472329088,7.870894479357444,15.02727938999476,2.316608219299791,2.377653763825473,2.3690314842154097,2.2438832257279877,2.1352507153894127,3.1303235167568135,3.052582353017819,3.1571716010539843,2.8099314048176125,2.635373824874739,2.008219527757862,2.791484082872118,2.5856261433265204,149.02780107311327,111.12941415342246,87.07415560439206,40.04064756614781,30.24400186379455,7.156353365970651,2.1388655950953885,2.7196133237961226,6.607657815140988,27.65040764099057,43.57128464952307,123.63131843588579,52.58262675803461,138.45091904995812,92.86901087729566,68.33108414297173,30.149841065623697,26.938896006121606,10.53541920799162,3.8824743187903574,4.185517412118451,7.6724271559145745,32.13816234592244,43.69511387944447,121.29791897652518,48.34556536971174,6.500000000000001,6.688888889,7.922222222,9.722222222,12.4,17.66666667,19.55555556,18.87777778,17.05555556,13.15555556,8.077777778,6.0,11.96851852,1.320984481,3.6491247049999997,1.419311257,1.949857545,1.548386257,3.320391543,0.789162707,0.766122996,1.202197063,2.174345368,1.536861882,1.615549442,1.774357937,237.88888890000004,145.7777778,148.3111111,69.4,56.58888889,20.8,5.255555556,10.97777778,18.78888889,45.81111111,72.76666667,204.6111111,86.41481482,194.383657,115.6938177,124.76985260000001,45.25403297,37.49798143,23.91584203,11.21674096,19.53425055,16.30869741,43.2073907,59.441778240000005,129.0186173,68.35355491,3711.0899999899993,3406.4199999999973,82999.78000000017,90425.35333330999
"Shoshone-Paiute Tribes of the Duck Valley Reservation, Nevada",0.11325127186031299,0.13211339375858658,3.0238895138044337,3.864273474441691e7,0.11710919903984733,0.17151605868233047,3.314775178447373,1.9057136008471337e6,0.886748728139687,0.8678866062414134,0.8828908009601527,0.8284839413176696,0.3210541789410675,0.3152692129975769,0.01031004126145824,0.2706937041809506,0.10738768505678134,0.1153522550083994,0.10965187900846689,0.001909624041894278,0.06582956514998332,0.03374937696730447,-1.692346499316722,-1.100196874679956,3.1923341947530464,7.816106804492804,11.587449244296788,17.06259382310078,21.794142979822816,20.34097452914729,15.390402361461799,9.6167958654474,1.508785529817276,-2.853451458147287,8.555299208287929,3.406743108599115,3.9852187203654497,3.6883713795160586,2.5815567377906987,3.731518332848285,3.1563583595016613,3.355564565406424,2.5838990257763017,3.2878858079191593,2.6000932121971214,4.232261931500554,2.7341185571594684,3.2786324781517178,35.95239325703213,28.55669988953489,46.116808169302345,41.839842499534875,64.03195521057587,36.0325581388483,36.88507444301219,25.172006890376537,28.574357081018835,29.573077397198233,36.98727697764121,42.933111849368785,37.72126348488373,30.575585371306765,23.423136605260247,25.11110137810632,23.52355857182724,34.14742874004431,22.4352550038206,31.41587387753047,22.414130285215954,19.130442552912523,18.54253365310078,29.164614336888157,38.36899147965671,26.521054321517173,-1.9777777777499999,0.5055555554999999,2.5555555555000002,7.49999999975,10.5638888875,15.4027777775,20.13611111,18.838888889999996,14.255555554999999,8.05555555525,1.02777777775,-3.5916666667499997,7.772685185,3.3851167967499998,5.3590630405,2.9502163805,3.39488905925,3.112886586,3.4846335235000003,1.8407405275,2.681721885,2.88078728775,2.7470276114999996,3.3712369825,3.8285571297499996,3.2530730675000004,41.708333332500004,33.1027777775,35.5194444425,31.547222222499997,43.583333335,22.391666667499997,20.4583333325,12.241666663499998,15.5666666675,28.966666665,30.233333335,52.85277777750001,30.68101852,24.898607117500003,22.483980800000005,17.235456442500002,15.876663590000001,22.7310071975,15.8779411025,25.809017839999996,18.60600371675,17.167607139999998,21.638040765,14.955100932499999,44.686319335,21.830478829999997,1955.60000001,1795.030000000001,82999.78000000017,90425.35333330999
Confederated Salish and Kootenai Tribes of the Flathead Reservation,0.144,0.219,3.33,739000.0000000001,0.13127708110970598,0.22455450921813946,3.2489747852555713,2.1196834215489314e6,0.856,0.781,0.8687229188902941,0.7754454907818605,0.12517076890616732,0.07931669110171426,0.001,0.0861819137349165,0.026209222235428438,0.20289262261793264,0.2009288107065241,0.0012815351792991455,0.10865325221967688,0.07131920338200715,-4.70277777775,-2.111111111,1.2888888887499999,5.555555556,9.836111111249998,14.11111111,19.111111115,17.511111115000002,12.65694444375,7.466666666499999,-1.1416666665,-4.958333333375,6.2186342598749995,2.9113002837499997,2.25911733,2.200447206875,1.524886152,1.4368592125,1.145037602,2.9383475970000004,1.5516138255,2.8657406505,1.825363648,3.48415252675,1.682087135625,2.1520794309999998,51.644444445000005,8.872222222125,21.809722225,26.383333335,80.89999999999999,56.666666665,21.60555555875,24.761111109999998,34.76527777625,28.7125,20.3222222225,12.195833332500003,32.386574072500004,116.19217288750002,5.464952605375,13.07710942925,15.803549610000001,44.983934992500004,29.539043905,16.4888072875,21.369766445000003,24.062439129999998,12.711311303750001,7.967116997125001,8.938962269500001,26.383263905,-5.214814814666666,-0.6907407408333333,1.4444444443333333,7.481481480833333,10.529629629666667,14.566666668333331,19.45555555833333,17.17222222166666,12.670370371666666,7.485185185333332,-0.12037037033333332,-4.570370370666666,6.684104938666666,2.685750355833333,4.062826756333333,1.7872202411666662,3.3808578723333333,2.7367723986666657,3.7182051935,3.338343316333333,2.9098020866666663,2.5115704075,4.3927615651666665,5.5444490838333325,4.702636699666666,3.4809329979999992,31.801851851666665,25.86111111,25.866666666666664,33.06296296166666,76.88888888833331,62.91481481333332,33.096296295,43.555555556666654,38.74999999999999,42.48703703833333,41.57962962833332,39.89999999833332,41.31373457,17.151896426166665,18.003031833666665,9.214744735833333,13.967119791666667,46.498644774999995,31.242396523333333,27.370327985,34.76522551333333,25.532693588333327,23.1718856,26.51147096033333,25.67860711666666,24.925670406666665,320.0,293.73,82999.78000000017,90425.35333330999
Prairie Island Indian Community in the State of Minnesota,0.07965831433721147,0.1266933625904176,2.9935147541145586,913396.2683907322,0.078,0.126,2.94,1.787e6,0.9203416856627885,0.8733066374095824,0.922,0.874,0.6922120449048228,0.5966480808339817,0.0010281198007340681,0.6790344928710966,0.6106525760542902,0.41141266587795633,0.35816602548550946,0.001,0.20911593615487592,0.38152769519799923,-9.297376811160149,-7.442480748853184,1.2662989959742583,8.517380796357578,14.505625618931512,20.25533508055882,22.45096995650525,21.33518261453378,16.520648693381354,8.926982657949214,0.17070975874268188,-8.716603031028168,7.37438946535665,2.8510913950525874,2.8927853846443985,2.168967464703577,2.2417998233747563,1.5194541398450778,1.7029673694225407,0.909684198129238,1.3848722349982652,1.8181199333099654,1.8018037688672297,3.6118220847883893,3.9175894320936555,2.2350797691460187,15.876030057618925,13.378407703440352,36.419066168436366,53.628889144951465,95.6937810943012,114.08788423094768,92.22232056738646,94.29420789802799,81.20820188535112,46.8019636966812,32.88677478327263,21.693509198499957,58.18258637003701,9.804983670433831,9.333546796435913,24.40085480151456,31.20679839811527,37.034169403762654,49.93769939568618,46.23625641588514,39.71689338746268,50.16984071045532,17.42842146884066,27.237276528806007,14.809411693085755,29.776346056213725,-8.466666667,-4.922222222,1.366666667,9.133333333,14.98888889,20.42222222,22.7,22.02222222,16.13333333,9.677777778,1.277777778,-7.6,8.061111111,2.491485501,4.793166432,2.759075932,2.121320344,1.274209995,1.710100712,0.85732141,1.708638184,1.697056275,2.150452149,2.783782399,4.518296139,2.405408789,28.3,16.43333333,45.36666667,69.93333333,90.53333333,133.1555556,91.91111111,123.4888889,97.83333333,57.5,39.13333333,29.31111111,68.575,30.793099880000003,9.335684228,29.32119541,57.20131117,45.11280306,55.65772882,47.15388225,56.18955518,55.14163581,32.06091858,27.47853708,14.05315307,38.29162538,35329.97000000001,32428.520000000073,82999.78000000017,90425.35333330999
"Santee Sioux Nation, Nebraska",0.08360965851181365,0.12811343520618604,2.979691399205886,635228.2829444016,0.12397529083292405,0.18798058565444034,3.0701764940505427,545845.5677057753,0.9163903414881863,0.871886564793814,0.876024709167076,0.8120194143455597,0.7660429387222784,0.6702441088134893,0.001000000000000005,0.7589210252921147,0.733666788104787,0.4428393953457203,0.38454732337955627,0.001385293635017185,0.4121737207743507,0.3800840552122669,-7.7073226238469825,-5.757014725448361,2.3930789824674705,9.075882577996557,14.853956780894991,20.89005545821686,22.841635110926003,21.770457067709106,17.179642378464703,9.646618857005684,1.0202467011178993,-7.340730541212211,8.238875502236144,2.7655145916640254,3.0380664125621335,1.9007723377595516,2.091119720621688,1.527899755302408,1.530539697034251,0.9385826854800335,1.3801377878452656,1.818458200373667,1.6848873685366612,3.5713335827581774,3.908536530968156,2.179654056000688,14.572241346901887,12.515635874321864,41.6796366438657,66.33708165863334,102.03024096741656,119.49059668268497,94.1333926167848,102.65929622444573,85.95988716811176,45.02649263974182,30.77947791283646,21.381426658280553,61.38045053314968,8.107657998662992,11.259525979070897,25.62406752666781,38.50017836168162,36.05660474829601,61.44960929322032,55.21308305593633,45.53524353286401,52.51828676092075,18.094356297278832,27.117020284313234,16.256168081185876,32.97765015910325,-3.1,-0.6333333330000002,3.6555555560000004,12.01111111,16.82222222,22.0,24.42222222,23.98888889,17.46666667,12.93333333,3.011111111,-3.733333333,10.73703704,7.160830957,6.118006210999999,4.950785572,4.198346235,3.355882067,2.032240143,1.794977561,1.755309406,2.530316186,3.863288754,5.553477389,5.844655678,4.09650968,14.83333333,10.56666667,58.188888889999994,71.31111111,86.07777777999999,112.0111111,66.48888889,105.8111111,51.54444444,39.87777778,30.4,22.08888889,55.76666667,13.48601127,8.656211643,47.62770844,46.20893973,32.07903434,60.60471195,36.74375608,71.08629341,34.23145889,19.0076812,21.49581355,36.39795477,35.63546461,11680.0,10720.780000000004,82999.78000000017,90425.35333330999
Bishop Paiute Tribe,0.11325127186031299,0.13211339375858658,3.0238895138044337,3.864273474441691e7,0.105,0.144,3.27,1.052e6,0.886748728139687,0.8678866062414134,0.895,0.856,0.3210541789410675,0.3152692129975769,0.01031004126145824,0.2706937041809506,0.10738768505678134,0.08232097809647239,0.08227562353456645,0.001448617710705673,0.04753067629805779,0.001,-1.692346499316722,-1.100196874679956,3.1923341947530464,7.816106804492804,11.587449244296788,17.06259382310078,21.794142979822816,20.34097452914729,15.390402361461799,9.6167958654474,1.508785529817276,-2.853451458147287,8.555299208287929,3.406743108599115,3.9852187203654497,3.6883713795160586,2.5815567377906987,3.731518332848285,3.1563583595016613,3.355564565406424,2.5838990257763017,3.2878858079191593,2.6000932121971214,4.232261931500554,2.7341185571594684,3.2786324781517178,35.95239325703213,28.55669988953489,46.116808169302345,41.839842499534875,64.03195521057587,36.0325581388483,36.88507444301219,25.172006890376537,28.574357081018835,29.573077397198233,36.98727697764121,42.933111849368785,37.72126348488373,30.575585371306765,23.423136605260247,25.11110137810632,23.52355857182724,34.14742874004431,22.4352550038206,31.41587387753047,22.414130285215954,19.130442552912523,18.54253365310078,29.164614336888157,38.36899147965671,26.521054321517173,0.588888889,2.977777778,3.6555555560000004,7.755555556,11.68888889,16.44444444,20.8,20.43333333,14.96666667,10.83333333,4.711111111,0.988888889,9.653703703,1.601908584,1.899853796,1.502590356,1.6546231529999997,1.7716125740000002,1.6470512369999997,3.49821383,2.26715681,2.1,1.5499999999999998,2.270707183,2.923800799,2.057293194,99.00000000000001,62.15555556,41.28888889,28.06666667,15.28888889,14.166666670000001,25.611111109999996,12.68888889,14.911111109999998,17.6,26.07777778,75.91111111,36.06388889,93.87935075999998,60.15725457,27.641338809999997,21.1936901,13.476965950000002,22.40870367,38.75972279,17.1975612,14.63381738,16.25169222,33.48334578,81.21780046,36.69177031,1955.60000001,1795.030000000001,82999.78000000017,90425.35333330999
Iowa Tribe of Kansas and Nebraska,0.08360965851181365,0.12811343520618604,2.979691399205886,635228.2829444016,0.13287622297396517,0.225280012498916,3.0072448015408804,607920.5320388732,0.9163903414881863,0.871886564793814,0.8671237770260348,0.774719987501084,0.7660429387222784,0.6702441088134893,0.001000000000000005,0.7589210252921147,0.733666788104787,0.6896579535056878,0.5787390560493417,0.0015824584677697382,0.619868236425538,0.6804875154135415,-7.7073226238469825,-5.757014725448361,2.3930789824674705,9.075882577996557,14.853956780894991,20.89005545821686,22.841635110926003,21.770457067709106,17.179642378464703,9.646618857005684,1.0202467011178993,-7.340730541212211,8.238875502236144,2.7655145916640254,3.0380664125621335,1.9007723377595516,2.091119720621688,1.527899755302408,1.530539697034251,0.9385826854800335,1.3801377878452656,1.818458200373667,1.6848873685366612,3.5713335827581774,3.908536530968156,2.179654056000688,14.572241346901887,12.515635874321864,41.6796366438657,66.33708165863334,102.03024096741656,119.49059668268497,94.1333926167848,102.65929622444573,85.95988716811176,45.02649263974182,30.77947791283646,21.381426658280553,61.38045053314968,8.107657998662992,11.259525979070897,25.62406752666781,38.50017836168162,36.05660474829601,61.44960929322032,55.21308305593633,45.53524353286401,52.51828676092075,18.094356297278832,27.117020284313234,16.256168081185876,32.97765015910325,-4.538888889,-2.8277777774999997,5.1333333329999995,11.427777775000001,16.555555555,22.677777775,26.144444444999998,24.805555554999998,19.455555555,12.322222225000003,4.811111111,-3.6111111115000005,11.02962963,4.0175880615,5.851064363,3.2076581809999998,3.1518510090000005,2.5524931720000006,1.74527636,2.1279009915000002,2.0758442574999996,2.8290994605,3.4384425614999996,2.8009377515000002,2.4735940440000004,3.0226458509999996,22.122222225,46.5,61.15555555499999,58.73888888999999,121.80555555000002,122.25555555000001,103.62222225000001,94.122222245,85.894444445,55.172222219999995,48.916666670000005,45.08888889,72.11620371000001,12.272704710000001,44.37224610999999,40.782768004999994,29.515865634999997,69.46719067,42.422479845000005,34.849263335,42.714615585000004,57.396360115,30.069617035,27.322523904999997,58.804075950000005,40.83247591,11680.0,10720.780000000004,82999.78000000017,90425.35333330999
Te-Moak Tribe of Western Shoshone Indians of Nevada (Elko Band),0.11325127186031299,0.13211339375858658,3.0238895138044337,3.864273474441691e7,0.1,0.16899999999999998,3.35,2.969e6,0.886748728139687,0.8678866062414134,0.9,0.831,0.3210541789410675,0.3152692129975769,0.01031004126145824,0.2706937041809506,0.10738768505678134,0.101,0.101,0.001,0.024000000000000004,0.001,-1.692346499316722,-1.100196874679956,3.1923341947530464,7.816106804492804,11.587449244296788,17.06259382310078,21.794142979822816,20.34097452914729,15.390402361461799,9.6167958654474,1.508785529817276,-2.853451458147287,8.555299208287929,3.406743108599115,3.9852187203654497,3.6883713795160586,2.5815567377906987,3.731518332848285,3.1563583595016613,3.355564565406424,2.5838990257763017,3.2878858079191593,2.6000932121971214,4.232261931500554,2.7341185571594684,3.2786324781517178,35.95239325703213,28.55669988953489,46.116808169302345,41.839842499534875,64.03195521057587,36.0325581388483,36.88507444301219,25.172006890376537,28.574357081018835,29.573077397198233,36.98727697764121,42.933111849368785,37.72126348488373,30.575585371306765,23.423136605260247,25.11110137810632,23.52355857182724,34.14742874004431,22.4352550038206,31.41587387753047,22.414130285215954,19.130442552912523,18.54253365310078,29.164614336888157,38.36899147965671,26.521054321517173,-0.911111111,0.822222222,2.333333333,7.211111111000001,10.35555556,15.56666667,19.88888889,18.75555556,13.92222222,9.788888889,1.311111111,-3.244444444,7.983333334,4.221505787,5.073405606,1.823458253,3.200954719,1.9906726949999998,3.3,2.525096258,1.067837899,1.7718477489999997,4.518695731,2.599252029,3.0883292859999996,2.931754668,46.1,30.28888889,31.27777778,33.02222222,44.75555556,20.27777778,16.61111111,16.62222222,10.6,23.18888889,33.08888889,38.3,28.67777778,25.54941291,23.88165847,16.150215,12.91973082,24.805398160000003,13.71803355,21.32477693,22.0790499,10.79073677,24.26846948,17.28752762,29.77532536,20.21252791,1955.60000001,1795.030000000001,82999.78000000017,90425.35333330999
Sherwood Valley Rancheria of Pomo Indians of California,0.09463213751131967,0.12582316557467324,3.9516198971039946,2.8246525032937266e7,0.135,0.19399999999999998,3.5299999999999994,7.022000000000001e6,0.9053678624886803,0.8741768344253268,0.865,0.806,0.35000237674562185,0.3492893269439228,0.11632008322735743,0.09737519649706367,0.15848072095922483,0.4572270088750737,0.4369567092524577,0.19619433708823555,0.15342903746594294,0.25973845304020954,8.286262951109325,10.26770274989389,11.47404430201286,13.104537335209002,15.632422294308677,20.37241872172026,22.56343337014469,22.0690067883119,19.92974276585209,17.400267953810292,10.88365487579421,7.647677741977493,14.969264321768488,2.2874450928488748,2.829859740855305,2.030975393752411,2.5914412253633436,1.6446671010016078,2.743357234892283,3.061565113691319,3.203831643819935,3.433744261948554,2.151906758930868,1.665814215482315,2.7356902142250794,2.5316914996189706,148.10091102411573,108.65351911475881,94.25962844586815,46.9890675251447,35.349553411623795,9.31691675568328,1.7410325114163985,1.8049660590819934,7.353269024487137,32.9406216511897,52.867541979437284,119.20148267405146,54.88154251598069,97.43673265987137,98.97052751774918,67.11173021551444,40.228492176913164,31.28946638294212,15.76856435477492,3.6424408857700956,3.7128521231189717,7.310523045123793,38.81351507678456,48.05323143536977,114.40897235749196,47.228920685691314,7.122222222,8.45,8.2944444445,10.877777779499999,13.72777778,17.255555559999998,19.5,19.822222225,17.16111111,14.37222222,8.188888889000001,6.738888889,12.625925924999999,1.227555952,1.396909033,1.343935383,1.7144473085,1.9464941755000003,2.4355099295,0.788213113,3.037083282,1.187630172,1.8512952620000003,1.479585152,1.6056297985,1.66785738,228.6388889,159.31666664999997,158.0722222,77.80555555499998,61.08888888999999,20.927777775,8.427777778,5.677777777999999,13.783333334999998,55.444444445,91.53333333,248.02222224999997,94.061574075,159.44487460000002,109.1846194,124.06605650000002,47.848231845,41.211467065,23.392362340000002,15.760815359999999,10.7585777835,14.633546574999999,43.33152185000001,63.431675195,189.72258595,70.232194535,1455.15,1335.7000000000007,82999.78000000017,90425.35333330999
"Hopland Band of Pomo Indians, California",0.09463213751131967,0.12582316557467324,3.9516198971039946,2.8246525032937266e7,0.139176003124956,0.20102327798288055,3.604029146306038,6.954424676705258e6,0.9053678624886803,0.8741768344253268,0.860823996875044,0.7989767220171194,0.35000237674562185,0.3492893269439228,0.11632008322735743,0.09737519649706367,0.15848072095922483,0.20546862754912884,0.2049310917370144,0.08496860658843013,0.06752913920435577,0.11706725792353782,8.286262951109325,10.26770274989389,11.47404430201286,13.104537335209002,15.632422294308677,20.37241872172026,22.56343337014469,22.0690067883119,19.92974276585209,17.400267953810292,10.88365487579421,7.647677741977493,14.969264321768488,2.2874450928488748,2.829859740855305,2.030975393752411,2.5914412253633436,1.6446671010016078,2.743357234892283,3.061565113691319,3.203831643819935,3.433744261948554,2.151906758930868,1.665814215482315,2.7356902142250794,2.5316914996189706,148.10091102411573,108.65351911475881,94.25962844586815,46.9890675251447,35.349553411623795,9.31691675568328,1.7410325114163985,1.8049660590819934,7.353269024487137,32.9406216511897,52.867541979437284,119.20148267405146,54.88154251598069,97.43673265987137,98.97052751774918,67.11173021551444,40.228492176913164,31.28946638294212,15.76856435477492,3.6424408857700956,3.7128521231189717,7.310523045123793,38.81351507678456,48.05323143536977,114.40897235749196,47.228920685691314,8.255555555499999,9.866666668,9.7166666685,12.51111111,15.36666667,18.216666664999998,20.077777775,20.95,18.238888890000002,15.71666667,9.483333333500001,7.827777777499999,13.852314815,1.1018139555000002,1.197663202,1.3041108170000002,2.1796896709999998,2.7246171255,1.8412184544999999,1.1546797095,3.876733482,1.29305583,1.7813535685,1.5207084705,1.6225156775,1.7998466635,249.4388889,160.75,152.46666665,73.8,51.53333333,14.911111110000002,6.500000001499999,6.2222222225,10.872222222,51.583333335,88.57777777499999,241.78333335,92.36990740499999,181.17885415,103.94168645,117.66811895,42.457186265000004,35.136367075,17.07115779,11.792537437499998,12.990271652,13.2080348985,41.061568390000005,58.52862627,174.34111195,67.44796010499999,1455.15,1335.7000000000007,82999.78000000017,90425.35333330999
"Chippewa Cree Indians of the Rocky Boy's Reservation, Montana",0.0974357308360452,0.17266533298569486,3.1151858093632,1.2704829856406425e6,0.12343523303737963,0.19176165781541438,3.171088082593449,895369.5948245387,0.9025642691639548,0.8273346670143051,0.8765647669626204,0.8082383421845856,0.5074834305343798,0.47844648018079095,0.0009999999999999992,0.36555532226385934,0.46706743765164266,0.14151827746123552,0.13412407215420588,0.0015780191636411013,0.08569734383908499,0.0507085411479157,-10.130355093166422,-8.404254622873344,0.2646702663122239,7.805432826113404,13.796514479116349,19.09664539726068,21.62009491328424,20.457175582665684,15.350973653446246,8.226296841835053,-0.014203894468335771,-9.17466863014433,6.57452680972607,2.673112521452136,2.7251090426701032,2.5870637486362296,2.144336215699558,1.3285032094167895,1.9417717751885128,1.0461451137879234,1.609705852217968,1.8936897082474227,2.2363265383873343,2.906850034870398,3.688485227951399,2.2317582490162007,20.32307315011782,16.59276713863034,42.09859270415317,45.370577644521354,80.14601538382917,128.17592862857146,107.01502211104567,104.96972674329898,83.0328096830044,68.76777941861562,42.8073801333137,22.200507284050076,63.45834833553756,13.757734798483064,9.64435539746392,25.69665432270987,23.018645865213553,32.88393375699559,46.29944627717231,40.93311780253315,43.923641329838006,49.67093309640648,38.835117742665695,33.8303338070545,14.797979298586158,31.10765779019146,-8.888888889,-4.422222222,-0.544444444,6.955555556000001,11.05555556,16.15555556,20.7,18.7,12.56666667,7.4,-1.822222222,-6.066666667,5.982407409,3.10340315,5.668725115999999,2.245613007,2.762295744,2.148319757,2.357493961,2.063976744,2.404682931,2.054263858,3.081801421,5.548373135,8.905616206,3.528713753,15.1,8.788888889,23.94444444,23.97777778,64.45555556,64.92222222,43.96666667,38.81111111,33.01111111,28.03333333,31.05555556,22.25555556,33.19351852,12.282100800000002,6.181715871,9.699369968,12.341978949999998,62.67190581,49.7332328,32.28432282,22.807095630000003,25.50114921,17.11848416,41.18944377,27.44964076,26.60503671,1440.29,1322.0100000000002,82999.78000000017,90425.35333330999
"Minnesota Chippewa Tribe, Minnesota (Mille Lacs Band)",0.09461784748613287,0.16505460723567,3.038772073727069,1.2497291783100788e6,0.10608011929540875,0.18022093731619104,3.1389613373660192,1.4406601769316306e6,0.9053821525138671,0.83494539276433,0.8939198807045913,0.819779062683809,0.41987099476332856,0.3874412023092852,0.000999999999999999,0.3150041388464131,0.37542743593093814,0.4728271038234141,0.44281592523583635,0.0009999999999999903,0.3082995841851287,0.38709214947998727,-11.101404081735199,-9.711115301926823,-1.0786244186876655,6.094538748375332,12.271092667378348,17.15542562684648,20.133928496288203,19.146778991388157,14.011270379505852,7.300108973586194,-0.9426254242942289,-9.886344775872503,5.282752490030932,2.560309045781593,2.7232889990467752,2.7098682742946067,2.144311804982272,1.4386323038132782,1.8125565119743494,0.980113439957375,1.3505411291188234,1.878287761058469,1.943731209844965,3.1612084412516044,4.109087947915128,2.2343280724089034,24.834238653036596,16.923571817400994,37.77069449705396,43.430013830339526,82.10342009359113,110.6952722180913,101.63306928737457,102.8949662660732,90.310855445779,72.08883440344778,50.080988306929456,31.139913659966066,63.65881987391177,14.728552855586576,7.67295860927386,21.896428986534136,21.57747530201435,38.47951646607695,42.407094874288966,41.37076356087139,37.91047350143344,40.97424030801586,29.679120301908725,30.351910306804985,18.157901685937382,28.767203062229356,-10.631746031714286,-7.911111111000001,-0.550793650857143,6.898412698428573,13.271428572857143,18.428571428571434,21.00634920428572,20.20952380857143,14.574603175714287,7.742857142857144,0.23968253985714288,-9.100000000000001,6.181481481571429,2.4928860430000004,3.5420395787142867,2.8164420848571434,2.3882921137142863,1.5146486575714289,2.193363104714286,1.0073493322857143,1.9168045961428573,1.7883156291428572,2.2218177551428577,4.304854794571429,4.809327475857144,2.5830117638571433,23.47142857,15.641269840000003,38.12698412428572,45.45396825428572,73.11428571428571,115.66507937142859,104.49047617857144,104.22539681428573,82.59365079428572,77.08095238142857,42.75714285714286,31.598412698571433,62.85158730000001,20.68355160714286,9.571970631285716,22.93396112714286,31.942195935714288,31.144342235714294,41.53918991571429,35.11608613857143,58.96117407000002,44.07962768,36.68889363,30.898817570000002,31.932969151428573,32.95773164285714,5266.11999999,4833.670000000001,82999.78000000017,90425.35333330999
"Elem Indian Colony of Pomo Indians of the Sulphur Bank Rancheria, California",0.09463213751131967,0.12582316557467324,3.9516198971039946,2.8246525032937266e7,0.157,0.231,3.92,6.666e6,0.9053678624886803,0.8741768344253268,0.843,0.769,0.35000237674562185,0.3492893269439228,0.11632008322735743,0.09737519649706367,0.15848072095922483,0.27,0.27,0.07,0.03,0.08,8.286262951109325,10.26770274989389,11.47404430201286,13.104537335209002,15.632422294308677,20.37241872172026,22.56343337014469,22.0690067883119,19.92974276585209,17.400267953810292,10.88365487579421,7.647677741977493,14.969264321768488,2.2874450928488748,2.829859740855305,2.030975393752411,2.5914412253633436,1.6446671010016078,2.743357234892283,3.061565113691319,3.203831643819935,3.433744261948554,2.151906758930868,1.665814215482315,2.7356902142250794,2.5316914996189706,148.10091102411573,108.65351911475881,94.25962844586815,46.9890675251447,35.349553411623795,9.31691675568328,1.7410325114163985,1.8049660590819934,7.353269024487137,32.9406216511897,52.867541979437284,119.20148267405146,54.88154251598069,97.43673265987137,98.97052751774918,67.11173021551444,40.228492176913164,31.28946638294212,15.76856435477492,3.6424408857700956,3.7128521231189717,7.310523045123793,38.81351507678456,48.05323143536977,114.40897235749196,47.228920685691314,6.800000000000001,7.755555556000001,8.822222222,10.94444444,13.74444444,17.8,20.85555556,20.03333333,18.36666667,14.27777778,8.811111111,6.333333333,12.8787037,1.6725728680000003,2.42234964,2.7976676789999995,2.152969526,2.506048239,2.787023502,2.216478689,2.7106272340000004,3.004579838,2.311264685,1.787767074,1.8398369490000002,2.350765494,226.00000000000003,138.1666667,133.1111111,59.98888889,52.04444444,20.83333333,7.133333333,8.444444444,17.18888889,37.61111111,54.82222222,173.0444444,77.36574074,201.3557052,122.090704,132.7940647,49.32006297,37.54547613,23.88503716,18.62639257,15.45138433,17.72607151,46.66386301,52.09339636,126.1346613,70.30723494,1455.15,1335.7000000000007,82999.78000000017,90425.35333330999
Berry Creek Rancheria of Maidu Indians of California,0.1437524842735376,0.21176242136768808,3.142177044440109,7.301219894489059e6,0.142,0.203,3.37,1.8433e7,0.8562475157264624,0.7882375786323119,0.858,0.7969999999999999,0.25595552773873437,0.23590635080417377,0.10154334321616598,0.11584204493216928,0.19136284639131296,0.13887696122255078,0.1354123136590905,0.08051472705402221,0.05599977260001963,0.11067016401514174,7.551328502701865,9.410489992908385,11.027467216728262,12.690424432189447,15.55722912414597,19.6141821961646,22.499982745232924,20.54425465987578,19.02508627051243,16.016545892111804,9.978881988413045,8.347135955720498,14.355250748742234,1.7754402887577643,2.2361338682173924,1.4314047694720498,1.3482450600201865,2.268635306487578,2.7182903770295037,2.8871674784192547,2.276291091291926,2.374897316015528,2.183491284816771,2.995841394863355,1.776013187257764,2.189320952135094,173.7468426327795,150.8636990824845,120.31647687984476,63.668305729316806,37.14233954664597,8.234920634534163,2.8923913040139757,4.417374051245343,7.5448240164813685,47.383971703835414,56.28493788919255,170.0329192523292,70.21075022447206,140.72805323291928,112.50687082267085,71.93429035807453,47.082252256506216,24.505826408695658,8.558089058413046,4.43840391356056,11.889324476538821,6.065961555288822,53.16787697131988,47.8322647318323,126.25034026200314,54.57996283801243,2.844444444,5.511111111,5.066666667,9.033333333,12.02222222,16.88888889,21.2,19.6,15.94444444,11.72222222,5.577777778,2.222222222,10.63611111,2.38857233,1.929666062,2.697220792,2.636759375,1.926640715,2.3534254,2.490983741,1.492481156,2.092911316,1.997985096,2.548910443,3.9315320730000005,2.373924042,284.9111111,198.1444444,166.8333333,94.31111111,67.31111111,23.72222222,4.088888889,5.288888889,20.15555556,58.04444444,94.68888889,221.5666667,103.2555556,194.0988179,179.9267567,188.7724291,83.19733236,44.85059767,21.57995469,8.436445407,7.404127978,25.12817697,50.44014054,77.16810294,234.8518895,92.98789765,325.28999999999996,298.59999999999997,82999.78000000017,90425.35333330999
"Ute Indian Tribe of the Uintah & Ouray Reservation, Utah",0.11527438595046793,0.13422385962229758,2.9670666667646817,2.201434738394358e7,0.12914510324878747,0.16133383780632604,3.261240118909931,1.9397597473314728e6,0.8847256140495321,0.8657761403777025,0.8708548967512125,0.838666162193674,0.2002034228881881,0.199756281286407,0.0030830829037200753,0.13304489776320924,0.039829656618072785,0.05917354911970659,0.058023302918925226,0.002295117006036708,0.029486249940490785,0.010854942943102982,-2.1916666670192306,0.15940170932692302,2.9439102562788464,8.393803418894228,12.087393163124998,17.40598290432692,22.076816238365385,21.318589742115382,15.946901711249998,9.872329059509614,1.6907051282403847,-2.4541666664423074,8.937499999942307,2.815997963740385,3.5676341176730766,2.5165299732403845,1.560690452903846,2.789021514076923,2.2739395859326916,1.9206714226057693,1.7151403470673072,2.1765056491249997,1.9388290783653845,2.7206939323076917,3.1434632259038455,2.4282597718269225,53.081944445576916,43.433547010769225,44.261645300288464,39.0344017114423,63.03173076884614,30.10544871942307,18.34027777759615,19.999358971923073,33.314903846346155,34.607478634711526,33.81180555778846,49.369017094038455,38.532629985432685,32.87352740625,29.76178404567308,18.15558256259615,24.410534611730764,37.579062912019225,16.81294760701923,19.01728828798077,12.740658080576923,19.88348964370192,22.617462621442304,20.610354369278845,41.825086872596145,24.690648252548073,-4.85625,-2.9215277777500006,0.9979166666250002,5.559027777812502,11.122916665624999,15.90972222125,19.748611110625,19.4284722225,14.277083333437501,8.569444444375,-0.28541666675000005,-4.0361111110625,6.9594907405,5.839467341687499,5.0209662404375,3.1924260244375,2.3114324686874994,3.700746624625,3.992385742000001,2.7370802373750007,4.140669982687499,2.4882719198125005,3.7876950969375,2.7955674796874996,4.6638668152500005,3.7225479979999996,41.6284722213125,39.40902777875,36.13680555625,28.020833333125008,46.048611111875,24.524305554375,26.6777777775,29.122222221875,34.1486111125,33.527777778125,29.063888888999998,26.8000000014375,32.925694445,32.94128657893751,31.258123195625,15.5363898266875,14.9935807971875,31.958833251249995,16.3430289584375,24.977897793125,18.052484034375002,18.385579730625,20.343522340625,24.750726093812496,28.839753959812498,23.19843388125,480.0,440.58000000000004,82999.78000000017,90425.35333330999
"Upper Sioux Community, Minnesota",0.08360965851181365,0.12811343520618604,2.979691399205886,635228.2829444016,0.09293197285960943,0.14991500287535647,3.1464309408980826,491697.1993300504,0.9163903414881863,0.871886564793814,0.9070680271403906,0.8500849971246436,0.7660429387222784,0.6702441088134893,0.001000000000000005,0.7589210252921147,0.733666788104787,0.7237496003414035,0.5006192006338247,0.0010000000000000002,0.6941590104844781,0.59679983404596,-7.7073226238469825,-5.757014725448361,2.3930789824674705,9.075882577996557,14.853956780894991,20.89005545821686,22.841635110926003,21.770457067709106,17.179642378464703,9.646618857005684,1.0202467011178993,-7.340730541212211,8.238875502236144,2.7655145916640254,3.0380664125621335,1.9007723377595516,2.091119720621688,1.527899755302408,1.530539697034251,0.9385826854800335,1.3801377878452656,1.818458200373667,1.6848873685366612,3.5713335827581774,3.908536530968156,2.179654056000688,14.572241346901887,12.515635874321864,41.6796366438657,66.33708165863334,102.03024096741656,119.49059668268497,94.1333926167848,102.65929622444573,85.95988716811176,45.02649263974182,30.77947791283646,21.381426658280553,61.38045053314968,8.107657998662992,11.259525979070897,25.62406752666781,38.50017836168162,36.05660474829601,61.44960929322032,55.21308305593633,45.53524353286401,52.51828676092075,18.094356297278832,27.117020284313234,16.256168081185876,32.97765015910325,-9.8833333335,-7.9611111115,0.638888889,8.088888889,14.327777780000002,20.122222225,22.005555554999997,21.094444445,16.577777779999998,8.4555555555,0.044444444499999985,-8.1833333335,7.1106481485,2.7815319119999997,3.0524398099999996,2.131717749,2.8221770090000002,2.0419697329999997,1.5480067585000001,0.9925782135000001,1.4016155345,1.8194232639999997,2.3399014155,3.256786348,5.353988428,2.4618446809999996,24.61111111,14.394444445000001,36.966666665,66.761111115,98.13333333,106.55555555000001,102.03333335,89.33888888999999,86.138888885,56.68333333500001,40.866666665,28.54444444,62.58564814500001,27.76609312,9.667324171499999,25.058937119999996,37.89240455,24.860249924999998,44.735392315,37.040107185,38.596214925000005,65.10211534,26.647706859999996,38.188397315,21.505453499999998,33.088366359999995,11680.0,10720.780000000004,82999.78000000017,90425.35333330999
"Northern Cheyenne Tribe of the Northern Cheyenne Indian Reservation, Montana",0.09253940410300515,0.11785110460984007,3.4463329796240045,2.5079697216914117e7,0.1466106951571848,0.22974237963042532,3.1799999999999997,895336.9647515771,0.9074605958969948,0.88214889539016,0.8533893048428152,0.7702576203695747,0.24020568655329735,0.22838480092206187,0.004887717408097395,0.2055158635849724,0.10915436197096348,0.13861769439877436,0.13684710187397067,0.001605882365546855,0.10574065098006623,0.050354988524354605,-2.3489275361733326,-0.9652560385791302,2.310241545879999,6.8798969403999966,11.332972624651012,16.86814170684058,19.98536553935652,20.103413848249268,15.568579711710136,8.25323027373565,2.521294685871304,-2.8249404187605798,8.140334406864923,3.3655130901640575,3.2422860296852174,3.218312653124057,2.8195848058260857,2.797805339304927,3.4680168839281165,2.579411952879419,3.027379808591883,3.0223468717895643,2.830880284504348,4.854668791573913,4.153991832682898,3.281683195368115,32.119078904162315,23.362879226939125,34.62049597475362,44.37924637661448,65.04849597258547,42.582776166359416,46.07118840591883,43.59808695704925,36.37350724699709,34.92101771227826,25.895272142220286,20.10262801932695,37.42288942644638,35.035199085036524,21.935759628861447,19.175602131357675,23.73025132829565,37.153562373733315,33.01853634941448,30.12986443165217,24.240095874400005,24.153747160185503,24.598557754299712,22.018332744263187,16.490532905928113,25.97333681421449,-6.003703703499999,-2.011111111166667,1.8148148148333332,8.111111111166666,11.918518518333332,17.67037037,21.677777776666666,20.279629630000002,14.40925926,9.2777777775,0.8092592591666666,-4.957407407333333,7.749691358166667,2.737693016,3.826009050166667,1.9875261488333331,1.9140999056666668,2.279963476,1.8117523756666665,1.8202456373333336,2.198174013666667,2.0852224411666667,2.0191321788333334,5.0784581200000005,4.170058310833334,2.6606945563333335,14.822222220000002,13.16851851833333,19.892592593333337,37.79629629833334,95.82222222666667,59.818518518333335,41.92592592333334,37.41111111,28.953703703333332,30.670370371666667,21.172222221666665,15.538888888333334,34.74938271666667,9.378028884666668,7.7243933965,10.225311522166667,20.128587186666667,63.42937797166667,25.504651941666665,27.839844741666663,31.13559793666667,15.30877473,15.580133726666666,15.286582825000004,16.668398513333333,21.517473616666667,4089.1400000000003,3753.3500000000017,82999.78000000017,90425.35333330999
"Minnesota Chippewa Tribe, Minnesota (Grand Portage Band)",0.0974357308360452,0.17266533298569486,3.1151858093632,1.2704829856406425e6,0.09899999999999999,0.163,3.13,281000.0,0.9025642691639548,0.8273346670143051,0.901,0.837,0.5074834305343798,0.47844648018079095,0.0009999999999999992,0.36555532226385934,0.46706743765164266,0.3905850151767989,0.364027608883356,0.0009999999999999998,0.27336276216126054,0.3200784671543709,-10.130355093166422,-8.404254622873344,0.2646702663122239,7.805432826113404,13.796514479116349,19.09664539726068,21.62009491328424,20.457175582665684,15.350973653446246,8.226296841835053,-0.014203894468335771,-9.17466863014433,6.57452680972607,2.673112521452136,2.7251090426701032,2.5870637486362296,2.144336215699558,1.3285032094167895,1.9417717751885128,1.0461451137879234,1.609705852217968,1.8936897082474227,2.2363265383873343,2.906850034870398,3.688485227951399,2.2317582490162007,20.32307315011782,16.59276713863034,42.09859270415317,45.370577644521354,80.14601538382917,128.17592862857146,107.01502211104567,104.96972674329898,83.0328096830044,68.76777941861562,42.8073801333137,22.200507284050076,63.45834833553756,13.757734798483064,9.64435539746392,25.69665432270987,23.018645865213553,32.88393375699559,46.29944627717231,40.93311780253315,43.923641329838006,49.67093309640648,38.835117742665695,33.8303338070545,14.797979298586158,31.10765779019146,-11.955555560000002,-10.133333333500001,-2.1777777775,4.433333333,10.75,16.08888889,18.794444445,18.07777778,13.01111111,5.988888888499999,-1.8944444444999997,-9.199999998500001,4.3152777775,2.526196929,2.3572405825,3.6804762335,2.1913991009999996,1.433333723,3.541258788,1.852747215,1.6419500509999998,3.5356690009999996,1.7288037445,3.9378277329999998,7.6688108249999996,3.0079761605,34.96666667,19.3,26.25,39.366666665,74.07222222,103.25,114.3777778,83.12777777999999,103.483333345,67.82777778,51.58888889,36.85,62.871759265,15.480685339999999,8.363933929,15.785697895000002,16.519890569999998,25.323755140000003,39.1295641,24.757296805,33.512640705,48.671542835,26.747764395,23.83108262,11.321904508,24.120479905,1440.29,1322.0100000000002,82999.78000000017,90425.35333330999
Lac Courte Oreilles Band of Lake Superior Chippewa Indians of Wisconsin,0.09329633379448886,0.16335853961107386,3.115513427020139,831866.8831641267,0.11600000000000002,0.224,3.0,965000.0,0.9067036662055111,0.8366414603889262,0.884,0.776,0.41491569151344276,0.3802681666143262,0.000999999999999998,0.3085778596693139,0.3634078114824454,0.433424743723885,0.4041571227320506,0.0009999999999999979,0.24998240144653047,0.4100168293558134,-10.927808268144899,-9.545279911186611,-1.140187828066411,5.876234906644347,11.957604583627882,16.75724478846323,19.900719600071355,18.96838028780461,13.83110745201427,7.295761678305158,-0.840523234440176,-9.617331382032932,5.209660222618002,2.56804522203348,2.7120257094560922,2.7387664589829863,2.0508036152184412,1.378172316989572,1.8080470965389674,1.082427009902305,1.3748882905422612,1.9277068099522505,1.93806505278595,3.081483915532932,4.047577375817784,2.225667406222832,25.93894377428101,17.77567386163557,38.84303573661362,44.44160873125688,82.68962068596598,113.77271008174534,98.50026223407794,105.72884498906694,96.0653921264819,73.63805952115807,51.915367728046085,33.08831564956093,65.19981959351263,15.349840613386393,8.251043439380352,23.561874089571894,22.774456778529093,35.89814750604281,44.30853755079583,38.6878476212404,39.39613243549396,43.97011215408892,31.797676622288698,30.678249807799123,18.04167926586718,29.39296648972558,-10.3,-7.033333333,-1.133333333,6.2,12.45555556,17.86666667,20.78888889,19.85555556,14.08888889,7.500000000000001,-0.377777778,-8.822222222,5.924074075,2.103568397,5.147329405,2.6,2.202271555,1.354724244,1.639359631,1.115173131,1.632567848,1.543894786,2.094039159,2.699434097,4.617569106,2.395827613,26.5,13.744444439999999,32.27777778,53.1,74.7,112.7333333,88.67777778,111.9666667,111.8444444,77.68888889,46.13333333,36.18888889,65.46296296,20.86953521,7.584871639,16.71143155,24.71360961,17.28351816,40.91112318,43.91178025,53.23523269,60.227238670000006,30.40425317,28.792967890000003,36.33739274,31.74857956,3669.93,3368.5500000000015,82999.78000000017,90425.35333330999
The Osage Nation,0.1147242175508762,0.18082808465542877,3.0618562500575734,2.266497778961297e6,0.153990103548466,0.24696571776974643,3.209845170750867,3.9591201444893256e6,0.8852757824491237,0.8191719153445712,0.846009896451534,0.7530342822302536,0.48133755556092034,0.46241802748071914,0.27816515647650286,0.44857402194515256,0.38017903512903395,0.3774161207951463,0.32127760835418484,0.24933042781695985,0.30693447301074434,0.3320218767087474,-0.08582174309063267,1.88548197293663,8.289163161618216,13.633282163201624,18.22009763518374,24.475162976518337,27.165501007097717,26.535799740293818,22.172875664983895,15.079062151919493,7.645847532891865,0.39043730096868356,13.78390746345951,2.6424334976895993,3.0465108593240293,1.4138585391951735,1.549940922766418,1.514321677644745,1.6958223105292431,1.6017743778802607,2.0240249329849838,1.5730367948047328,1.4629625749194064,2.4540113868560374,2.8808359789553237,1.9882944877716682,34.08377902388596,36.175662398133895,74.74894947335906,60.40929865942983,134.62847010448542,149.5320029031039,107.68730057437216,95.002688487083,71.74717079740442,59.34189718820119,44.53659595098184,33.495192040668684,75.115750635192,20.540533813994088,20.903370828698524,34.74997706937916,32.32736927877865,71.85150516893795,68.26492156202349,63.69445172509073,44.07501491658745,38.391515377693665,36.559437807601554,37.75536208234314,34.32920719614534,41.95355556871601,1.4092592591666666,2.075925926,8.4555555555,14.522222220000002,19.201851851666667,24.711111111666668,27.312962961666667,27.420370370000004,22.137037038333336,15.635185185000003,8.820370370500003,1.4537037038333334,14.429629630000003,3.7672595333333336,7.605372761833335,4.6927797015,2.9705829261666676,2.479407805666667,2.7016308311666672,2.693006349166667,3.0918469880000004,4.412115398333334,3.165708149833334,2.8488077898333337,3.1960892591666674,3.6353839580000002,40.44444444666667,53.729629630000005,87.29074074166668,87.11481481666668,125.16111110333334,164.7740740666667,89.54814815000002,76.75555555500003,94.00370370166667,71.21481481333333,49.259259258333344,32.60000000000001,80.99135802500003,23.84216639666667,43.871019423333344,54.07718270000001,50.08989102666667,57.997781266666664,69.31045785333333,55.72927590333335,51.15760299500001,53.66359429166667,49.298250886666665,39.52556642333334,22.642688366666672,47.600456461666674,13853.69,12716.05000000001,82999.78000000017,90425.35333330999
Cow Creek Band of Umpqua Tribe of Indians,0.14699999999999996,0.22599999999999995,3.1599999999999997,8.493999999999998e6,0.147,0.22599999999999998,3.1600000000000006,8.494e6,0.853,0.774,0.853,0.774,0.4559930663880266,0.4559930663880266,0.001,0.21629116047677008,0.27437344069006764,0.2963750000349256,0.29238416281162133,0.0014745736872325312,0.13661230614991782,0.19572302112639944,7.175602175723776,9.274242424017482,10.361149960793705,11.489743589335662,14.911577310979022,18.42801087870629,18.733372184125876,24.031390830629373,18.514801861748253,16.581740484230764,10.2201631695979,7.7711732711468535,13.957747344545455,2.607989412961539,3.0663689221818182,2.3145587230979014,2.9887413609615385,3.279846784800699,4.372147713108392,3.3179533727027977,2.375154206384615,4.284671076255245,3.2207166555209787,2.2635894870874127,1.827402371297203,2.9932616739335662,177.75897437587412,108.27296037986012,113.0217948729021,73.79541569821677,49.23360528493008,14.890132090174825,2.828166278129371,2.804467754143357,15.100427352797203,49.94564879349651,65.92059052073425,164.46383063286711,69.83633450237761,114.97885048888114,101.10423903954543,126.68234415346154,61.24786952506992,34.56471702087413,15.745992005209787,3.917059428125874,4.646733773475525,16.763205460489512,41.84059375367133,71.47549986982517,122.98109696328673,59.66235012174825,3.1055555554999996,4.702777777750001,6.3694444445,9.747222222249999,12.461111110000001,16.0416666675,20.41111111,19.405555555000003,16.08888889,11.163888887499999,4.5083333334999995,2.488888889,10.54120370325,2.38856920025,3.7295004652499997,1.6040431245,2.1109329005000004,1.7851975495,2.2897124347499997,2.1977639445,1.52789031425,1.51290047,2.9419912315,3.01142691875,2.573459847,2.3061157,143.41111112500002,79.79166667,91.54722222250001,73.46388889,59.944444444999995,39.58611111250001,23.180555555,13.830555555,29.56111111,69.3138888875,115.08333334750002,174.75555555,76.12245370500001,97.26967463749999,45.27611616,38.27832518,46.1562527425,32.8748682075,22.9986082375,27.0903862275,17.585311599999997,27.763655925000002,30.2744530475,68.36983158,119.161575355,47.758254907499996,640.0,587.48,82999.78000000017,90425.35333330999
"Pinoleville Pomo Nation, California",0.09463213751131967,0.12582316557467324,3.9516198971039946,2.8246525032937266e7,0.135,0.194,3.53,7.022e6,0.9053678624886803,0.8741768344253268,0.865,0.806,0.35000237674562185,0.3492893269439228,0.11632008322735743,0.09737519649706367,0.15848072095922483,0.5570193653720185,0.5386274236495568,0.39235593272391,0.40992930574618125,0.4613209420304323,8.286262951109325,10.26770274989389,11.47404430201286,13.104537335209002,15.632422294308677,20.37241872172026,22.56343337014469,22.0690067883119,19.92974276585209,17.400267953810292,10.88365487579421,7.647677741977493,14.969264321768488,2.2874450928488748,2.829859740855305,2.030975393752411,2.5914412253633436,1.6446671010016078,2.743357234892283,3.061565113691319,3.203831643819935,3.433744261948554,2.151906758930868,1.665814215482315,2.7356902142250794,2.5316914996189706,148.10091102411573,108.65351911475881,94.25962844586815,46.9890675251447,35.349553411623795,9.31691675568328,1.7410325114163985,1.8049660590819934,7.353269024487137,32.9406216511897,52.867541979437284,119.20148267405146,54.88154251598069,97.43673265987137,98.97052751774918,67.11173021551444,40.228492176913164,31.28946638294212,15.76856435477492,3.6424408857700956,3.7128521231189717,7.310523045123793,38.81351507678456,48.05323143536977,114.40897235749196,47.228920685691314,7.544444444000001,7.911111111,8.888888889,10.55555556,13.288888890000003,18.07777778,19.96666667,19.34444444,17.72222222,13.84444444,8.866666667,7.2,12.767592589999998,1.170588646,4.060924908,1.287870766,2.114894271,1.8956822279999999,3.078464625,0.8746427839999998,0.585472269,1.210142324,2.374400509,1.670329309,1.679285562,1.833558183,227.68888890000002,151.1666667,153.1,72.73333333,56.22222222,18.84444444,5.444444444,7.888888889,13.62222222,53.57777778,85.13333333,238.68888890000002,90.34259260000002,167.3344663,103.5033937,133.0740771,41.33566862,37.25958862,21.35884542,11.12251221,18.94369581,16.7195079,42.01832272,60.31944131,183.7245795,69.72617493,1455.15,1335.7000000000007,82999.78000000017,90425.35333330999
Lac Vieux Desert Band of Lake Superior Chippewa Indians of Michigan,0.094252338382338,0.16004529913658286,3.1750737802916342,741573.2121604348,0.146,0.187,3.04,1.158e6,0.905747661617662,0.8399547008634172,0.854,0.813,0.3447157288749796,0.31885342432177893,0.004957038329794006,0.24258143584222328,0.2733144914448285,0.36173648310414613,0.3509983366945477,0.001,0.20119831853441528,0.3241413337593596,-9.233324153548116,-7.641084950406031,-0.5405342147249075,5.95782275455349,11.590586991684425,16.236330260549366,19.736288953221806,18.770489695270545,13.805310018901277,7.630666850303179,-0.742457203095415,-8.295153517940106,5.606245123610078,2.532484220985955,2.589177773574556,2.5552522275563825,1.845148006372574,1.3398435573680294,1.6862886252395701,1.4365595721106978,1.4532566804543583,2.1936610911594383,1.9829746368488228,3.172630744391574,3.7046697337116887,2.207662239226353,36.0100463541553,16.086314194696826,35.43823030054936,42.00102804089632,80.89342328779426,100.08932947437835,79.89207398816605,86.62059755524155,80.01762357591493,62.70099132748864,44.09585111796776,28.26807104630317,57.676131688909535,54.549882993139185,8.395771212928954,21.41225946263527,22.569794157364715,36.757256646608845,41.358837734469226,32.53400067856672,34.67211695905823,38.92434724790996,28.13385551522925,26.014009318690615,16.394776397662945,30.14307569306072,-11.14444444,-10.5,-2.422222222,4.377777778,10.8,16.23333333,18.71111111,17.85555556,12.68888889,5.833333333,-1.8555555559999999,-9.611111111,4.247222223,1.753646993,2.060339778,2.731655989,2.358907468,1.54677083,2.675350444,1.9464354889999997,1.64629213,2.916095182,2.034084561,3.143290915,4.76509298,2.46483023,44.17777778,17.97777778,35.0,56.53333333,74.86666667,105.2777778,117.9333333,99.26666667,122.50000000000001,86.87777778,58.42222222,36.76666667,71.3,63.540730589999995,5.733406007,22.605475,40.00181246,40.31169185,34.67213499,34.28593006,41.16132894,59.14207470000001,40.60359522,33.14195897,20.65623393,36.32136439,4949.93,4543.450000000002,82999.78000000017,90425.35333330999
Omaha Tribe of Nebraska,0.08478426284538129,0.12968585036600674,2.9803616127085095,653282.979508108,0.1621764635154987,0.23459119199236078,2.9437797583017415,601305.687492065,0.9152157371546187,0.8703141496339932,0.8378235364845013,0.7654088080076392,0.7617609058617113,0.6656416462114044,0.001000000000000005,0.7543296597055223,0.7278432825039945,0.6884328089990006,0.5696985934835094,0.00102286139486395,0.664994943365482,0.6478236030163257,-7.640910703961839,-5.68919519608707,2.441633514371156,9.114504772160027,14.875975422082687,20.91862684512859,22.87871911158011,21.810108142818947,17.21934965676247,9.687480622952267,1.0694962739159515,-7.267460450869213,8.284860667692385,2.7712270567913917,3.039396547613716,1.9028789120954777,2.0811335299709213,1.5266798229981493,1.5358959226374178,0.9446773516342234,1.379796109505294,1.8229598487639949,1.682076497440915,3.575510469737269,3.9018804658211446,2.1803427113415697,14.587176183289625,12.597754989080524,41.650931064188896,66.15898096661283,101.98427000230127,119.7322201778954,93.81301619188261,102.01747258318368,85.28341084438382,44.880827779233485,30.905166135474843,21.38005640463944,61.249273610487414,8.134184929356193,11.274359437473846,25.463927754693227,38.4501918057052,36.25919494643803,61.92248965256851,54.95460912948901,45.5159137418356,52.376638657463374,18.158395928862,27.056095267992927,16.445547514760456,33.00096239634726,-5.6444444444999995,-2.4000000000000004,3.1722222220000003,10.572222219999999,15.772222225,21.744444445000003,24.633333335,23.172222225000002,17.47777778,10.93888889,3.4944444445,-6.022222222000001,9.742592593000001,3.0516993995,6.291955315000001,2.5412841945,1.6395577175,1.391675904,2.358326615,1.8952790655,2.4226934815,2.3872151914999997,1.4416619055000002,6.405018934,3.2511028670000006,2.923122549,20.816666670000004,32.66111111,47.72222222,75.56111111499999,109.50555555,123.1,85.58888888999999,79.05,75.32777778,56.40555555499999,37.62777778,44.59444444499999,65.66342592500001,18.451979635,53.61136694500001,30.451534700000003,36.613876770000005,45.9514389,62.450629815,60.91731861499999,43.23647978,40.72742219,32.32539399499999,25.972441139999997,58.538697799999994,42.43738169,12000.0,11014.500000000005,82999.78000000017,90425.35333330999
Sac & Fox Nation of Missouri in Kansas and Nebraska,0.08360965851181365,0.12811343520618604,2.979691399205886,635228.2829444016,0.13167106274607682,0.22301318823823046,3.039802176426543,580895.2627959948,0.9163903414881863,0.871886564793814,0.8683289372539231,0.7769868117617695,0.7660429387222784,0.6702441088134893,0.001000000000000005,0.7589210252921147,0.733666788104787,0.8298846391248865,0.6540761934383941,0.0010000000000000002,0.7247162502712391,0.8123573376512782,-7.7073226238469825,-5.757014725448361,2.3930789824674705,9.075882577996557,14.853956780894991,20.89005545821686,22.841635110926003,21.770457067709106,17.179642378464703,9.646618857005684,1.0202467011178993,-7.340730541212211,8.238875502236144,2.7655145916640254,3.0380664125621335,1.9007723377595516,2.091119720621688,1.527899755302408,1.530539697034251,0.9385826854800335,1.3801377878452656,1.818458200373667,1.6848873685366612,3.5713335827581774,3.908536530968156,2.179654056000688,14.572241346901887,12.515635874321864,41.6796366438657,66.33708165863334,102.03024096741656,119.49059668268497,94.1333926167848,102.65929622444573,85.95988716811176,45.02649263974182,30.77947791283646,21.381426658280553,61.38045053314968,8.107657998662992,11.259525979070897,25.62406752666781,38.50017836168162,36.05660474829601,61.44960929322032,55.21308305593633,45.53524353286401,52.51828676092075,18.094356297278832,27.117020284313234,16.256168081185876,32.97765015910325,-0.9638888887499999,0.6249999997500001,6.3722222222500005,13.719444444999999,18.42222222,23.547222222499997,26.3888888875,25.6361111125,19.541666667500003,14.702777777500001,7.12777777775,-2.3250000002499998,12.7328703725,5.15182658425,5.5537162085,3.9037220907499997,2.69708137225,2.1826643832499997,1.9759749305,1.57894661825,1.80047743025,2.878694075,2.39203343475,4.830711392,4.1656058955,3.25928786825,27.633333335000003,43.1527777775,74.3833333325,73.6361111125,105.130555555,130.44444445,104.88333334999999,95.8555555525,85.11944443499999,66.59166666750001,39.75000000000001,39.5499999975,73.84421296500001,18.670806925,49.0123165575,48.885856365,38.507558495,68.42168179500001,40.113190825000004,32.9584095075,42.7401597125,56.68374790749999,47.69232249,19.1471670875,41.242267192499995,42.006290405,11680.0,10720.780000000004,82999.78000000017,90425.35333330999
"Eastern Shoshone Tribe of the Wind River Reservation, Wyoming",0.11325127186031299,0.13211339375858658,3.0238895138044337,3.864273474441691e7,0.14117614446151538,0.19888061353981684,3.372357646417614,2.8927536113836793e6,0.886748728139687,0.8678866062414134,0.8588238555384846,0.8011193864601831,0.3210541789410675,0.3152692129975769,0.01031004126145824,0.2706937041809506,0.10738768505678134,0.05609539760024144,0.05569457009786642,0.0027993493918918168,0.021838923204164907,0.002574532331752981,-1.692346499316722,-1.100196874679956,3.1923341947530464,7.816106804492804,11.587449244296788,17.06259382310078,21.794142979822816,20.34097452914729,15.390402361461799,9.6167958654474,1.508785529817276,-2.853451458147287,8.555299208287929,3.406743108599115,3.9852187203654497,3.6883713795160586,2.5815567377906987,3.731518332848285,3.1563583595016613,3.355564565406424,2.5838990257763017,3.2878858079191593,2.6000932121971214,4.232261931500554,2.7341185571594684,3.2786324781517178,35.95239325703213,28.55669988953489,46.116808169302345,41.839842499534875,64.03195521057587,36.0325581388483,36.88507444301219,25.172006890376537,28.574357081018835,29.573077397198233,36.98727697764121,42.933111849368785,37.72126348488373,30.575585371306765,23.423136605260247,25.11110137810632,23.52355857182724,34.14742874004431,22.4352550038206,31.41587387753047,22.414130285215954,19.130442552912523,18.54253365310078,29.164614336888157,38.36899147965671,26.521054321517173,-6.496296296333333,-4.635802469,-0.029629629555555582,5.949382716111111,9.918518518444445,15.38271604888889,20.185185185555557,18.54691358,13.139506173333332,8.029629629777778,-0.3049382717777778,-4.875308642,6.234156378888889,3.1105639564444445,5.878266512666666,2.4648985858888888,4.026717573111111,3.997194629444444,3.950562285333333,3.2757558817777777,3.184990003222223,2.6478310743333333,4.122794151777777,6.587103823111112,4.9054174122222225,4.012674657444445,23.583950617,17.796296296666664,23.271604939,37.43086419777778,69.60740740777777,48.22839506111111,37.371604938888886,31.63950617333333,31.04074073888889,27.196296296666663,26.355555556666665,18.376543208888886,32.65823045333333,17.769103131444446,17.553317302222222,19.267596984999997,25.954731226666667,43.030171653333326,46.96072052111112,53.68980983222222,34.686089348888885,30.19823227,29.595302138999998,25.53437202222222,15.066637324444443,29.942173646666667,1955.60000001,1795.030000000001,82999.78000000017,90425.35333330999
Ely Shoshone Tribe of Nevada,0.11325127186031299,0.13211339375858658,3.0238895138044337,3.864273474441691e7,0.115,0.193,3.12,591000.0,0.886748728139687,0.8678866062414134,0.885,0.8069999999999999,0.3210541789410675,0.3152692129975769,0.01031004126145824,0.2706937041809506,0.10738768505678134,0.06412660271286598,0.06412660271286598,0.001,0.014414487339391003,0.0020734551081965633,-1.692346499316722,-1.100196874679956,3.1923341947530464,7.816106804492804,11.587449244296788,17.06259382310078,21.794142979822816,20.34097452914729,15.390402361461799,9.6167958654474,1.508785529817276,-2.853451458147287,8.555299208287929,3.406743108599115,3.9852187203654497,3.6883713795160586,2.5815567377906987,3.731518332848285,3.1563583595016613,3.355564565406424,2.5838990257763017,3.2878858079191593,2.6000932121971214,4.232261931500554,2.7341185571594684,3.2786324781517178,35.95239325703213,28.55669988953489,46.116808169302345,41.839842499534875,64.03195521057587,36.0325581388483,36.88507444301219,25.172006890376537,28.574357081018835,29.573077397198233,36.98727697764121,42.933111849368785,37.72126348488373,30.575585371306765,23.423136605260247,25.11110137810632,23.52355857182724,34.14742874004431,22.4352550038206,31.41587387753047,22.414130285215954,19.130442552912523,18.54253365310078,29.164614336888157,38.36899147965671,26.521054321517173,-1.9074074073333336,0.588888889,1.3296296293333334,5.396296296333333,9.122222221000001,14.970370370000003,19.811111110000002,17.97407407666667,13.781481483333334,8.848148147333333,1.6888888886666666,-2.396296296,7.433950617333333,4.772760445333334,5.14993696,2.388736221666667,2.399994739333333,2.7072910363333333,2.9505244493333334,2.4219419336666665,1.2961065303333335,2.0208205206666667,4.797516956333333,4.5302561216666675,2.9639628743333333,3.1999873990000003,34.322222223333334,38.92962963,32.86296296333334,34.04444444666667,50.15555555333333,18.081481483333334,15.477777776666665,38.748148150000006,23.085185183333337,27.15555555666667,30.107407406666667,25.000000000000004,30.66419753,21.905745913333334,27.020789710000006,14.878421860000001,20.474755016666666,22.89820372,13.134621665333334,15.48606557666667,49.61178987,19.05757146666667,15.799408000000003,23.89146981333333,24.131234253333332,22.357506406666666,1955.60000001,1795.030000000001,82999.78000000017,90425.35333330999
Timbisha Shoshone Tribe,0.11325127186031299,0.13211339375858658,3.0238895138044337,3.864273474441691e7,0.1352905976342332,0.2069852739423407,3.338669724014972,1.6747403068893403e6,0.886748728139687,0.8678866062414134,0.8647094023657668,0.7930147260576593,0.3210541789410675,0.3152692129975769,0.01031004126145824,0.2706937041809506,0.10738768505678134,0.03963632128744971,0.03630652234249261,0.006388627976409937,0.010661776937097857,0.0011899809591822974,-1.692346499316722,-1.100196874679956,3.1923341947530464,7.816106804492804,11.587449244296788,17.06259382310078,21.794142979822816,20.34097452914729,15.390402361461799,9.6167958654474,1.508785529817276,-2.853451458147287,8.555299208287929,3.406743108599115,3.9852187203654497,3.6883713795160586,2.5815567377906987,3.731518332848285,3.1563583595016613,3.355564565406424,2.5838990257763017,3.2878858079191593,2.6000932121971214,4.232261931500554,2.7341185571594684,3.2786324781517178,35.95239325703213,28.55669988953489,46.116808169302345,41.839842499534875,64.03195521057587,36.0325581388483,36.88507444301219,25.172006890376537,28.574357081018835,29.573077397198233,36.98727697764121,42.933111849368785,37.72126348488373,30.575585371306765,23.423136605260247,25.11110137810632,23.52355857182724,34.14742874004431,22.4352550038206,31.41587387753047,22.414130285215954,19.130442552912523,18.54253365310078,29.164614336888157,38.36899147965671,26.521054321517173,4.51111111125,6.0444444445,7.8888888900000005,11.54722222275,15.702777777500001,21.10277778,25.355555555,24.0999999975,19.619444445,14.65,7.7805555565,4.405555555499999,13.559027777499999,1.48307116575,2.37868779925,2.37346783625,2.7126254395,2.7389140170000004,3.6940497117500004,3.4151210985000002,2.58984891775,3.0462361249999996,1.4882011345,2.35830500625,2.6754785455,2.5795005665,60.9055555475,37.330555555,24.5916666675,20.230555555000002,14.563888888000001,5.25,11.3916666675,11.047222223000002,12.063888888249998,7.725,7.96388888825,25.83055555275,19.90787037,57.153463782500005,39.2192277,22.469067637499997,25.079346015,15.274600317500001,6.73971268375,14.7018569325,14.573919557499998,14.481971359999998,7.63431555675,12.446478672999998,26.39806119,21.34766845,1955.60000001,1795.030000000001,82999.78000000017,90425.35333330999
St. Croix Chippewa Indians of Wisconsin,0.0974357308360452,0.17266533298569486,3.1151858093632,1.2704829856406425e6,0.09700517515022355,0.18360633140488966,3.1851943387309163,1.5154593112462228e6,0.9025642691639548,0.8273346670143051,0.9029948248497764,0.8163936685951103,0.5074834305343798,0.47844648018079095,0.0009999999999999992,0.36555532226385934,0.46706743765164266,0.3440545666797694,0.3200673585177242,0.0010000000000000002,0.20776229812067723,0.31170878076418945,-10.130355093166422,-8.404254622873344,0.2646702663122239,7.805432826113404,13.796514479116349,19.09664539726068,21.62009491328424,20.457175582665684,15.350973653446246,8.226296841835053,-0.014203894468335771,-9.17466863014433,6.57452680972607,2.673112521452136,2.7251090426701032,2.5870637486362296,2.144336215699558,1.3285032094167895,1.9417717751885128,1.0461451137879234,1.609705852217968,1.8936897082474227,2.2363265383873343,2.906850034870398,3.688485227951399,2.2317582490162007,20.32307315011782,16.59276713863034,42.09859270415317,45.370577644521354,80.14601538382917,128.17592862857146,107.01502211104567,104.96972674329898,83.0328096830044,68.76777941861562,42.8073801333137,22.200507284050076,63.45834833553756,13.757734798483064,9.64435539746392,25.69665432270987,23.018645865213553,32.88393375699559,46.29944627717231,40.93311780253315,43.923641329838006,49.67093309640648,38.835117742665695,33.8303338070545,14.797979298586158,31.10765779019146,-9.094444444499999,-6.699999999999999,1.2388888889999998,7.4277777775,13.644444445000001,19.272222225,21.105555555,20.816666665,16.55,8.5555555555,1.0055555555,-6.8944444444999995,7.2439814815,3.164906537,3.1752477585,4.0846758560000005,2.4033727415,1.581793228,2.9028246530000006,1.061957149,2.085062937,3.053257678,1.9790695105000002,3.960436876,8.1078117465,3.1300347225,18.377777775,14.416666665,39.23888889,56.183333335,76.94444444499999,124.9055556,98.62222220000001,122.27222219999999,102.84999998500001,73.177777775,45.78333333,27.011111110000005,66.64861110999999,11.1766149325,8.103534686,20.138685985,36.50125045,23.40675805,40.858084625,50.568267580000004,54.832772545000005,60.219771665,39.2135952,37.300312045,17.5214606925,33.32009237,1440.29,1322.0100000000002,82999.78000000017,90425.35333330999
"Shingle Springs Band of Miwok Indians, Shingle Springs Rancheria (Verona Tract), California",0.12528557006098417,0.18477327329862686,3.4734879441132995,3.1673885476451203e7,0.091,0.134,4.47,1.2877e7,0.8747144299390158,0.8152267267013731,0.909,0.866,0.24878332360217348,0.24465050559361512,0.13801219751326324,0.1230741610166533,0.07083869702824158,0.20387329374686058,0.20387329374686058,0.05484589402902934,0.09477740470121128,0.13468151565556197,7.740268594028748,9.055312931831146,10.413197327740114,13.300736412261415,16.612062808246943,20.306509815191433,22.933900592295842,22.548461394637847,20.001959778875886,16.1676508277441,9.91001930693033,6.901612930803006,14.65764105957864,2.429932466997383,2.9207894654310294,2.459824391938334,2.5701781068688283,2.306066276045515,2.901568254944791,2.774751535015222,2.2140244232940156,2.71084352166938,2.1833418042374277,2.8956595223979673,2.7536911956866055,2.5933892470347506,116.25690023338754,78.12848941437329,74.6337399849023,44.943602097567215,30.323001349655502,11.812614690604022,6.300384437362436,7.1065405711316245,10.20423394357142,32.968751176759945,48.580289440042996,93.39797529313232,46.22137688549435,96.58258945450712,61.32240104840226,60.903765364707,31.234656499672425,24.076529719235563,10.687496107150078,7.862648924495306,8.27849011572935,9.907899178197592,40.77360153864675,45.64226857608025,79.81732331769179,39.757472488023964,6.1,7.433333332999999,9.3,11.66666667,15.088888889999998,20.52222222,24.98888889,23.01111111,20.65555556,13.88888889,8.133333333,5.6,13.86574074,1.308625233,2.926602125,1.8947295320000002,1.793739111,1.9029217299999999,1.996733444,2.361908362,1.695910113,1.880898131,3.021772842,3.61835598,3.560196624,2.330199436,206.5,142.9111111,128.6888889,63.88888889,57.16666667,13.37777778,11.5,12.11111111,10.64444444,47.11111111,71.28888889,152.7,76.49074074,157.8440528,132.1674454,119.97364760000002,53.05844524,38.03064554,14.24182026,17.63767275,26.16789275,15.48104576,58.94156947,71.24555152,147.7286617,71.04320423,12424.82,11404.540000000017,82999.78000000017,90425.35333330999
"Minnesota Chippewa Tribe, Minnesota (Bois Forte Band (Nett Lake))",0.0974357308360452,0.17266533298569486,3.1151858093632,1.2704829856406425e6,0.12190811994435309,0.2112608843887198,3.0200566401158047,2.872892703672036e6,0.9025642691639548,0.8273346670143051,0.8780918800556469,0.7887391156112802,0.5074834305343798,0.47844648018079095,0.0009999999999999992,0.36555532226385934,0.46706743765164266,0.3459309517446793,0.31887426797732443,0.0010000000000000078,0.2915181991234117,0.30531073504780154,-10.130355093166422,-8.404254622873344,0.2646702663122239,7.805432826113404,13.796514479116349,19.09664539726068,21.62009491328424,20.457175582665684,15.350973653446246,8.226296841835053,-0.014203894468335771,-9.17466863014433,6.57452680972607,2.673112521452136,2.7251090426701032,2.5870637486362296,2.144336215699558,1.3285032094167895,1.9417717751885128,1.0461451137879234,1.609705852217968,1.8936897082474227,2.2363265383873343,2.906850034870398,3.688485227951399,2.2317582490162007,20.32307315011782,16.59276713863034,42.09859270415317,45.370577644521354,80.14601538382917,128.17592862857146,107.01502211104567,104.96972674329898,83.0328096830044,68.76777941861562,42.8073801333137,22.200507284050076,63.45834833553756,13.757734798483064,9.64435539746392,25.69665432270987,23.018645865213553,32.88393375699559,46.29944627717231,40.93311780253315,43.923641329838006,49.67093309640648,38.835117742665695,33.8303338070545,14.797979298586158,31.10765779019146,-12.48611111,-9.338888888500001,-0.41111111100000003,5.341666666499999,11.830555555,17.3,19.66388889,19.1500000025,14.677777779999998,6.436111111000001,-1.1027777777499999,-10.841666664999998,5.0182870377499995,2.4816605545000003,5.1738276155000005,6.106285776,2.26622421275,1.4380910552500001,3.5374053002499997,1.3974814435,2.9627175397500003,4.765850246,1.8957937685000001,6.11268450675,5.553970123499999,3.6409993455,27.891666665000002,15.397222220000002,30.11111111,42.322222222499995,77.09166666499999,102.19444443999998,96.152777775,92.5972222225,80.305555555,68.3388888875,58.1500000025,33.724999999999994,60.356481484999996,14.012159462500001,5.52637682225,12.4614267095,26.0333065475,44.926880839999995,30.708381314999997,55.816890234999995,39.231464772500004,34.25213603,26.805599152499997,36.15748784,21.977977195,28.9925072425,1440.29,1322.0100000000002,82999.78000000017,90425.35333330999
Big Pine Paiute Tribe of the Owens Valley,0.11325127186031299,0.13211339375858658,3.0238895138044337,3.864273474441691e7,0.105,0.144,3.27,1.052e6,0.886748728139687,0.8678866062414134,0.895,0.856,0.3210541789410675,0.3152692129975769,0.01031004126145824,0.2706937041809506,0.10738768505678134,0.08661750513103256,0.0853060941517156,0.00880319009656081,0.04104376282758139,0.001,-1.692346499316722,-1.100196874679956,3.1923341947530464,7.816106804492804,11.587449244296788,17.06259382310078,21.794142979822816,20.34097452914729,15.390402361461799,9.6167958654474,1.508785529817276,-2.853451458147287,8.555299208287929,3.406743108599115,3.9852187203654497,3.6883713795160586,2.5815567377906987,3.731518332848285,3.1563583595016613,3.355564565406424,2.5838990257763017,3.2878858079191593,2.6000932121971214,4.232261931500554,2.7341185571594684,3.2786324781517178,35.95239325703213,28.55669988953489,46.116808169302345,41.839842499534875,64.03195521057587,36.0325581388483,36.88507444301219,25.172006890376537,28.574357081018835,29.573077397198233,36.98727697764121,42.933111849368785,37.72126348488373,30.575585371306765,23.423136605260247,25.11110137810632,23.52355857182724,34.14742874004431,22.4352550038206,31.41587387753047,22.414130285215954,19.130442552912523,18.54253365310078,29.164614336888157,38.36899147965671,26.521054321517173,2.855555556,2.144444444,5.266666667,7.311111111,10.84444444,16.51111111,21.23333333,18.8,16.04444444,11.05555556,6.1,3.255555556,10.11851852,3.116532974,3.622192399,2.868797658,2.552177719,2.657118322,1.887752926,2.724885319,1.717556404,1.592255563,4.503362941,2.946183973,3.121742747,2.775879912,99.57777778,58.72222222,42.46666667,31.28888889,14.26666667,10.36666667,29.57777778,10.866666670000003,16.94444444,16.08888889,20.74444444,79.63333333,35.8787037,93.26466075,62.05910042,29.26734528,26.91600102,13.716413529999999,22.61559197,39.7270304,15.92921844,15.3134019,15.79053866,33.13001325,78.21724554,37.16221343,1955.60000001,1795.030000000001,82999.78000000017,90425.35333330999
"Bad River Band of the Lake Superior Tribe of Chippewa Indians of the Bad River Reservation, Wisconsin",0.09329633379448886,0.16335853961107386,3.115513427020139,831866.8831641267,0.11733307393570981,0.19590405782549802,3.3171450805510583,996785.4358320393,0.9067036662055111,0.8366414603889262,0.8826669260642902,0.804095942174502,0.41491569151344276,0.3802681666143262,0.000999999999999998,0.3085778596693139,0.3634078114824454,0.4340199203515163,0.4095993224489371,0.0010000000000000007,0.3480406513461276,0.38155870838708394,-10.927808268144899,-9.545279911186611,-1.140187828066411,5.876234906644347,11.957604583627882,16.75724478846323,19.900719600071355,18.96838028780461,13.83110745201427,7.295761678305158,-0.840523234440176,-9.617331382032932,5.209660222618002,2.56804522203348,2.7120257094560922,2.7387664589829863,2.0508036152184412,1.378172316989572,1.8080470965389674,1.082427009902305,1.3748882905422612,1.9277068099522505,1.93806505278595,3.081483915532932,4.047577375817784,2.225667406222832,25.93894377428101,17.77567386163557,38.84303573661362,44.44160873125688,82.68962068596598,113.77271008174534,98.50026223407794,105.72884498906694,96.0653921264819,73.63805952115807,51.915367728046085,33.08831564956093,65.19981959351263,15.349840613386393,8.251043439380352,23.561874089571894,22.774456778529093,35.89814750604281,44.30853755079583,38.6878476212404,39.39613243549396,43.97011215408892,31.797676622288698,30.678249807799123,18.04167926586718,29.39296648972558,-10.111111111333333,-7.777777777666667,-0.2148148146666667,5.725925926,11.89629629333333,17.496296296666664,19.881481479999998,19.674074076666663,15.114814816666668,7.2333333333333325,0.20740740733333332,-6.3999999999999995,6.060493827333333,2.044218238,3.35303555,4.359817924666666,2.080701853333333,1.4620711936666668,3.0577764046666664,1.154680837,2.0986090326666664,3.851867217666667,1.866184913,4.113275782666666,10.188971990999999,3.302600911666667,24.485185186666662,15.562962966666666,30.607407406666663,54.111111109999996,70.91481481666666,102.36666666666666,97.87777777333334,108.15555555666667,118.33333336666668,75.18888888666665,51.922222223333335,35.714814813333334,65.43672839666667,12.024945739333333,7.162015587666667,21.84585987666667,32.088623676666664,30.589575236666665,30.049565219999998,37.333040553333326,46.909630013333334,66.20566041666666,41.20464626333333,42.59105778666666,22.51937754,32.54366649333333,3669.93,3368.5500000000015,82999.78000000017,90425.35333330999
"Minnesota Chippewa Tribe, Minnesota (Fond du Lac Band)",0.0974357308360452,0.17266533298569486,3.1151858093632,1.2704829856406425e6,0.09706864746028158,0.15960786132752874,3.2177449707072987,6.0771835199553715e6,0.9025642691639548,0.8273346670143051,0.9029313525397185,0.8403921386724713,0.5074834305343798,0.47844648018079095,0.0009999999999999992,0.36555532226385934,0.46706743765164266,0.3531916414012067,0.34192197897938076,0.0009999999999999979,0.2125168626753289,0.28162577258558613,-10.130355093166422,-8.404254622873344,0.2646702663122239,7.805432826113404,13.796514479116349,19.09664539726068,21.62009491328424,20.457175582665684,15.350973653446246,8.226296841835053,-0.014203894468335771,-9.17466863014433,6.57452680972607,2.673112521452136,2.7251090426701032,2.5870637486362296,2.144336215699558,1.3285032094167895,1.9417717751885128,1.0461451137879234,1.609705852217968,1.8936897082474227,2.2363265383873343,2.906850034870398,3.688485227951399,2.2317582490162007,20.32307315011782,16.59276713863034,42.09859270415317,45.370577644521354,80.14601538382917,128.17592862857146,107.01502211104567,104.96972674329898,83.0328096830044,68.76777941861562,42.8073801333137,22.200507284050076,63.45834833553756,13.757734798483064,9.64435539746392,25.69665432270987,23.018645865213553,32.88393375699559,46.29944627717231,40.93311780253315,43.923641329838006,49.67093309640648,38.835117742665695,33.8303338070545,14.797979298586158,31.10765779019146,-10.56666667,-5.661111110999999,-1.3333333334999997,5.6,12.083333335,17.944444445,20.183333335,20.22222222,13.811111110000002,7.066666666500001,1.9277777779999998,-9.1611111115,6.009722222000001,2.3154000485000004,9.271834327999999,3.0027513874999996,2.4058427475,1.3846649274999998,4.2145575375,1.51945652,3.5708645695,1.5242157655000002,2.08349233,9.575960722,4.842509984,3.8092959055000004,29.433333335000004,15.244444445000001,35.83888889,45.23888889,75.16666667000001,99.98333335,92.01666667,102.96111109999998,103.01666668,77.65555555499999,44.444444445,30.466666665,62.622222225,24.374781640000002,7.3772511430000005,20.11278119,35.078878419999995,27.662082050000002,39.15386468,31.96031138,52.140727905,52.284136685,32.315569409999995,30.340615755,21.965546215499995,31.23054554,1440.29,1322.0100000000002,82999.78000000017,90425.35333330999
Picayune Rancheria of Chukchansi Indians of California,0.1384456078309385,0.20987183753087568,3.327348665167447,2.5109013837006155e7,0.132,0.204,3.97,1.3794e7,0.8615543921690615,0.7901281624691243,0.868,0.796,0.23365332469049746,0.22645866900877895,0.16502918963709767,0.12640574773969548,0.06107863196372271,0.34382022968037373,0.34382022968037373,0.1109048274778449,0.20346927180590052,0.2020189525144095,7.65413711592571,8.562940257791917,10.36327683625243,13.44794646850234,16.732167327320585,20.707508914789035,23.425800376224302,22.956276796181033,20.306807709801653,16.04782225413883,9.697892374237282,6.494931281671836,14.699792308824367,2.426255744119364,3.1261014856556057,2.2960261818737817,2.4105187404792625,2.5603037059578084,2.920788649928596,2.722753596344392,2.3172988232679406,2.505234766104218,2.1046874290649105,3.1011051272142067,2.934200496653443,2.6187728955578766,99.58882477063108,73.48628841627115,65.51434867897945,38.806431062715454,32.69515166058781,13.480426333588166,7.318131184859357,9.252971110489002,12.951977401445363,37.05516288196176,47.8323476376163,86.17474055254593,43.679733474482475,86.89129800116118,56.301263631669656,50.71099563308328,27.93206987338261,24.50034496716624,10.77841226224233,8.163461291714382,9.073856367336454,11.525134806869088,44.58956012087989,45.2421760815218,82.36666640914889,38.172936621377566,5.766666667,7.277777778,10.07777778,13.58888889,17.25555556,22.7,25.22222222,25.14444444,20.911111109999997,16.55555556,9.255555556,5.066666667,14.90185185,1.933907961,3.231399765,1.710100712,1.852325865,1.235021367,2.593260496,2.828770836,0.817176711,1.2771496040000003,1.207384685,2.439831506,3.999374951,2.093808705,182.9,121.2444444,107.0111111,59.72222222,38.15555556,10.27777778,9.411111111,8.333333333,5.811111110999999,32.07777778,55.63333333,104.6222222,61.26666666,100.42448660000001,90.39235464,92.01144554,24.21682152,28.64363416,10.737641470000002,18.02646974,15.79659773,4.711274892,37.64660601,50.26335643,79.0787705,45.99578827,5968.670000000001,5478.540000000003,82999.78000000017,90425.35333330999
Lone Pine Paiute-Shoshone Tribe,0.11325127186031299,0.13211339375858658,3.0238895138044337,3.864273474441691e7,0.105,0.144,3.27,1.052e6,0.886748728139687,0.8678866062414134,0.895,0.856,0.3210541789410675,0.3152692129975769,0.01031004126145824,0.2706937041809506,0.10738768505678134,0.0919460413227742,0.0918365258793649,0.02074070502277858,0.055850196320263536,0.001,-1.692346499316722,-1.100196874679956,3.1923341947530464,7.816106804492804,11.587449244296788,17.06259382310078,21.794142979822816,20.34097452914729,15.390402361461799,9.6167958654474,1.508785529817276,-2.853451458147287,8.555299208287929,3.406743108599115,3.9852187203654497,3.6883713795160586,2.5815567377906987,3.731518332848285,3.1563583595016613,3.355564565406424,2.5838990257763017,3.2878858079191593,2.6000932121971214,4.232261931500554,2.7341185571594684,3.2786324781517178,35.95239325703213,28.55669988953489,46.116808169302345,41.839842499534875,64.03195521057587,36.0325581388483,36.88507444301219,25.172006890376537,28.574357081018835,29.573077397198233,36.98727697764121,42.933111849368785,37.72126348488373,30.575585371306765,23.423136605260247,25.11110137810632,23.52355857182724,34.14742874004431,22.4352550038206,31.41587387753047,22.414130285215954,19.130442552912523,18.54253365310078,29.164614336888157,38.36899147965671,26.521054321517173,2.722222222,1.077777778,3.722222222,5.344444444,8.8,15.7,19.1,16.88888889,14.6,9.455555556,4.966666667,3.1,8.789814815,4.019570182,3.8512263560000006,4.280706068,2.8147429330000002,2.731300057,5.786838515,3.636275567,1.49117776,2.883574171,3.909639085,3.307567082,3.694252292,3.533905839,150.8444444,90.37777778,59.92222222,39.51111111,9.711111111,15.88888889,19.64444444,11.98888889,21.53333333,17.78888889,26.27777778,117.2333333,48.39351851,145.001501,110.8757951,52.36283935,47.00998416,12.44793602,36.72320263,43.74317407,17.24640864,25.45329055,21.53871192,58.515741,130.0971368,58.41797677,1955.60000001,1795.030000000001,82999.78000000017,90425.35333330999
Confederated Tribes of the Warm Springs Reservation of Oregon,0.138,0.189,3.3,2.8423000000000004e7,0.13100061191831475,0.1829476189572743,3.594380633690402,2.535744434097967e6,0.862,0.8109999999999999,0.8689993880816853,0.8170523810427257,0.6177794913582816,0.6177794913582816,0.0009999999999999998,0.33277344707942424,0.4511409743758769,0.2002525183637259,0.19836301681139068,0.0013072553428344373,0.10603870481989128,0.06124464370481037,7.1833333335,9.166666667,9.644444444,10.994444445,14.41111111,18.06666667,17.67777778,22.338888890000003,16.572222225,14.93333333,9.2444444445,8.011111111,13.18703704,2.4713385574999998,2.613426869,2.365433951,2.7926140935,2.623663681,3.377499075,4.013519251500001,4.4444007905,3.4575140849999997,2.445914962,1.7085956995,1.355953949,2.8058229135,204.6222222,133.2777778,121.54444440000002,90.57777778,61.93333333,20.616666664999997,2.011111111,3.022222222,12.22222222,56.92222222000001,65.14444444,193.7333333,80.46898147499999,131.1755958,83.21246568,120.4842429,72.29470551,44.87931038,19.83439475,1.7730231560000003,3.416056856,11.21057289,63.17297242,71.84579165,128.3640331,62.63859709499999,0.39999999999999997,2.525,4.00000000025,7.463888889,10.408333333499998,14.166666665,19.1499999975,17.71388889,14.23888889,8.38888888875,2.27777777775,-1.6083333332499998,8.2604166665,2.5411675427500002,3.3024210925,1.5698735554999999,1.82000335675,1.6141418415,2.2006112565,2.4024532665000002,1.9851208110000003,1.920824747,2.1127605032499996,2.4454058350000003,2.6319898587499995,2.21223113875,139.602777795,97.29444443499999,77.27222223499999,73.3666666675,63.4083333325,49.0972222225,21.608333332500003,18.980555555,40.69999999750001,71.89444444749999,104.1083333375,158.005555565,76.27824074,87.66832942,57.114479422500004,34.8163710125,45.4476321375,37.195206170000006,34.65916802,26.9392578375,22.90625516,34.933356375,38.439729050000004,57.505969252499995,91.84023031000001,47.455498680000005,160.0,146.86,82999.78000000017,90425.35333330999
"Big Valley Band of Pomo Indians of the Big Valley Rancheria, California",0.09772379605591738,0.13320171868897523,3.930617502355803,1.857863025080286e7,0.157,0.231,3.92,6.666e6,0.9022762039440826,0.8667982813110248,0.843,0.769,0.28433338240758776,0.2840592308117587,0.11490813501958286,0.13886531468352611,0.1323957173178432,0.633862104878806,0.4135093826394491,0.39747884877122197,0.5886316534397237,0.39831899619632677,8.432803400933965,10.422985090688684,11.429559748449162,13.637339856138894,16.35392499480085,20.23865595153563,21.95955043114781,22.033770091740042,19.7739051947065,17.04291870490566,11.13104472329088,7.870894479357444,15.02727938999476,2.316608219299791,2.377653763825473,2.3690314842154097,2.2438832257279877,2.1352507153894127,3.1303235167568135,3.052582353017819,3.1571716010539843,2.8099314048176125,2.635373824874739,2.008219527757862,2.791484082872118,2.5856261433265204,149.02780107311327,111.12941415342246,87.07415560439206,40.04064756614781,30.24400186379455,7.156353365970651,2.1388655950953885,2.7196133237961226,6.607657815140988,27.65040764099057,43.57128464952307,123.63131843588579,52.58262675803461,138.45091904995812,92.86901087729566,68.33108414297173,30.149841065623697,26.938896006121606,10.53541920799162,3.8824743187903574,4.185517412118451,7.6724271559145745,32.13816234592244,43.69511387944447,121.29791897652518,48.34556536971174,6.666666667000001,7.544444444,8.255555556,10.666666670000001,13.4,17.41111111,19.56666667,19.7,17.3,13.92222222,8.4,6.188888889000001,12.41851852,1.49582753,2.064044035,1.836512395,1.485765796,1.6650825809999998,2.370360966,0.796868873,2.386943652,1.336974196,1.245770623,1.480709289,1.719334497,1.657016203,241.1555556,145.8444444,147.8111111,68.83333333,52.34444443999999,21.28888889,4.077777778,6.077777778,18.74444444,45.3,73.34444444,193.7444444,84.88055555,193.5780664,115.6561403,125.5278201,45.37336774,36.57068878,23.5144341,9.692107327,11.13460572,16.29325866,43.18315644,59.28239855,122.1350698,66.82842616,3711.0899999899993,3406.4199999999973,82999.78000000017,90425.35333330999
"Otoe-Missouria Tribe of Indians, Oklahoma",0.0847975148914229,0.1293274069883093,2.9821763013182974,882064.3038997094,0.14840764218316949,0.23107828978237568,3.1647103844768263,2.8732283440351738e6,0.9152024851085772,0.8706725930116908,0.8515923578168305,0.7689217102176243,0.7582726816455532,0.6641539808306145,0.0010000000000000048,0.7504549094824533,0.7264951161581549,0.4570839870368578,0.4166086378022742,0.26255201286712804,0.44358266450267575,0.37881744647288695,-7.48326294132001,-5.526164175762992,2.5625081220311907,9.197931557425278,14.928510578058795,20.98930221485055,22.969823477652714,21.898539817954834,17.326702042655942,9.805171107334802,1.20075626310575,-7.115556638512177,8.396188452367124,2.7584116218373933,3.034060935725796,1.8880398005566923,2.0564703240016264,1.5299681739954505,1.5188637802613711,0.9492963836122476,1.3919220999993496,1.8119158044712487,1.6658447427891496,3.556224500359327,3.8702947614743333,2.1692760775103963,14.844274782074399,12.750481912298579,41.82247491339177,65.65647065058639,102.06928380842436,118.77394954478554,94.4935365661257,100.96668651326831,84.05746877530045,44.7946538180182,30.751021588011678,21.31476969094868,61.024589380537634,8.287890425773067,11.41147585706659,25.39056176333659,37.69427388626222,36.809420188172496,60.820193769917175,54.43317012513974,45.33171232755685,51.9129193078492,18.37419127757148,26.761749218494142,16.414088139077315,32.80347052305067,3.4296296296666666,5.2185185186666665,11.148148149999999,15.974074076666668,20.351851853333333,26.166666666666664,28.451851853333334,28.496296293333337,24.277777776666667,17.07777778,10.266666669000001,3.4777777779999997,16.19475308666667,2.043340918,2.7680659773333334,1.6151292030000002,1.3604703206666666,1.205923334666667,1.5521968843333331,1.4052631266666666,1.6058335110000002,1.5166312253333334,1.322223026,2.1113904663333334,2.6576586056666662,1.7636772170000001,46.91481481666666,48.73703704,88.02222223333334,89.39999999999999,142.6888889,143.2,98.32962962333333,88.92962963,77.17407407666667,72.83703703666666,46.77407407333333,44.370370369999996,82.28148148666666,24.13099628,36.358565993333336,45.46851216333334,40.648471416666666,81.12755233,69.79083785666667,59.153786266666664,55.61451399333333,49.37269374666666,46.090452903333336,43.75682015333334,36.456938136666665,48.99751177,12320.0,11308.220000000007,82999.78000000017,90425.35333330999
Suquamish Indian Tribe of the Port Madison Reservation,0.11800000000000001,0.172,3.3700000000000006,8.325999999999999e6,0.112,0.165,3.44,1.7064e7,0.882,0.8280000000000001,0.888,0.835,0.9248964255043316,0.8645626730910456,0.001,0.764059185388835,0.8951800289471262,0.4410687913401502,0.42276957601933035,0.0010000000000000005,0.2602812584803902,0.38607727142601245,-0.06260162612195122,3.3013550133170733,3.730352303487805,6.725474254707317,11.002439025121951,15.57208672,20.01355013512195,19.504336043414632,13.690243899756096,9.39837398390244,3.2628726291707313,-1.5642276421951216,8.714521228463415,3.370035415926829,3.3951739048780487,3.3990671147317073,2.2062211568292684,2.0359412630487803,4.2883185608048775,2.7170823724390245,2.102633435829268,2.584041808121951,2.0622877302926828,2.6900327768048777,3.0706043541219517,2.826786657902439,147.92520323658536,87.51490514951219,56.53333333414634,42.22330623195122,47.25772357512195,35.695663960000005,13.14281842902439,5.662601625853658,15.688888886585366,79.23956639536587,49.32330623317073,97.2959349787805,56.458604335365855,194.1264752780488,104.8345466895122,45.80862806170732,30.863362234634145,33.04995434512195,37.63906977170731,13.03243980609756,5.2053096518292685,12.74605646390244,113.65997851463415,43.53645807780488,86.70688606365854,60.10076374487805,4.588888889,4.4222222225,7.6333333334999995,11.799999999999999,12.933333335,14.755555555,17.66111111,17.833333330000002,15.21666667,10.611111110000001,7.050000000000001,4.544444444499999,10.754166670000002,2.9118778250000004,3.911670854,1.5291672459999999,3.780104535,1.3324989625,1.584988119,1.8363795550000002,1.7020551750000001,1.402893371,2.2111362615,4.4623307585,2.4367485525,2.4251542680000004,123.44444445,91.805555555,101.77222224500001,63.83888889000001,59.805555555,52.37777778,23.966666670000002,25.911111110000004,41.505555555,108.505555555,128.5833333,131.75555555,79.43935185000001,51.90659634,45.122882395000005,39.50680331,27.169911,24.140439055,24.737857085,23.240555609999998,17.912365175,34.694305944999996,56.507702515000005,84.23475580000002,62.46784304,40.970168105000006,174.2,159.88,82999.78000000017,90425.35333330999
Table Mountain Rancheria,0.13912548675045391,0.21049119549691564,3.259562180694421,2.630251483545055e7,0.152,0.22900000000000004,3.07,7.7333e7,0.8608745132495461,0.7895088045030844,0.848,0.7709999999999999,0.2372077753635517,0.23047995372898902,0.16542398660165647,0.13250693269251232,0.06508958199927348,0.17111909986190685,0.17111909986190685,0.057367257125054964,0.09873342441067542,0.09028703310470325,7.487043674547987,8.29412363404898,10.044103721739543,13.12485508318478,16.40047347185981,20.299044205125444,23.00765078088808,22.58536218438471,19.962033719020305,15.691096950691751,9.456529049358817,6.279012345546792,14.385944067682189,2.542560595268418,3.2581450323357206,2.3894459191843875,2.464397848017123,2.7026260649601754,3.0411861693556337,2.7809434820011942,2.420031896426921,2.670939975495419,2.2308213645284733,3.245508038468736,3.054592553104738,2.7334332449446412,103.97872028891278,75.94034691787331,67.3371742108841,40.13455020252886,34.43482012471923,14.575662640300267,7.969255275897649,10.217275100877737,13.977622904039817,39.52336386765431,50.86856498051374,89.14002389306646,45.674781700680974,91.84747702597367,57.927585214551954,52.132979146483464,29.07763518144563,25.479633357097565,11.38765834599402,8.681770209487848,10.017152677569886,12.379900831764232,47.25696362550375,47.50646842262045,82.4102466219872,39.6754558891557,9.0,10.08888889,12.38888889,15.84444444,19.21111111,23.48888889,26.755555560000005,26.222222219999995,22.47777778,17.68888889,10.93333333,8.533333333,16.88611111,1.443086969,2.804658823,2.130401631,2.876243692,2.609810551,3.797842955,3.9793564530000003,3.021497054,2.724783376,3.42981211,4.192552922,1.790949469,2.900083,58.33333333,50.04444444,49.71111111,25.57777778,17.44444444,3.088888889,6.988888889,6.311111111,6.044444444,12.988888890000002,15.722222220000003,31.67777778,23.66111111,38.12404097,40.63837814,36.39232215,21.95579524,16.93532633,4.878382018,17.05377117,18.05079253,9.241497594,18.97297054,21.72664135,25.63541387,22.46711099,5328.670000000001,4891.0999999999985,82999.78000000017,90425.35333330999
Confederated Tribes of Siletz Indians of Oregon,0.1326358886843858,0.1897663016165163,3.307663016165163,1.8720855233286954e7,0.14699509492157176,0.22398957670834,3.6599417521936646,4.368122780244407e6,0.8673641113156142,0.8102336983834837,0.8530049050784283,0.77601042329166,0.537162516099679,0.5366371652290676,0.001,0.3239652883852579,0.31769821759035016,0.2617034438739928,0.23774201099007888,0.0009999999999999998,0.16229224478307563,0.2609944233541183,4.186752136752748,4.624053724208792,7.532844932769232,9.640598290692308,12.671184369340658,17.482783884065935,19.60671550725275,21.145726494615385,16.855982905659342,11.614407812813187,5.881074481005495,3.4421245419450552,11.223687424967034,3.0990735393681317,2.97220462445055,2.520858147065934,3.083446004071429,2.8807983870000005,2.851032242956044,4.011295357016484,3.3880281195769237,3.42111525121978,2.0344392069890116,3.6047212082472533,2.9202049093296707,3.065601416379121,147.04346764395606,108.94884005252749,101.75177043582418,54.28937729252748,52.76507936406595,17.077228324780222,4.131746031813187,4.8490842489011,12.285714284175826,50.942246640659356,54.80525030351649,155.23247859670332,63.67685693587912,127.46308397582419,79.0575333243956,126.60504583846154,46.35554082714287,40.228308970549456,18.620156148901103,4.475712630923077,6.040433853076925,12.832572910219781,59.78215105934067,69.20727413483517,130.24873291758243,60.07637888357143,5.455555556,6.6,7.511111111,9.7,11.788888889999999,14.56666667,18.06666667,17.1,15.33333333,10.83333333,6.8,4.277777778,10.66944444,2.507045627,1.95512148,1.944507935,1.607015868,1.366056774,2.099404678,3.475989068,1.343502884,1.208304597,2.454587542,2.154065923,3.933121463,2.170726987,206.73333329999997,137.4555556,145.9555556,83.92222222,71.52222222,76.21111111,11.5,13.56666667,50.666666670000005,106.2,180.0333333,210.0666667,107.8194444,111.548913,76.63747633,57.8399756,42.26321621,26.71056803,27.75763158,9.404387274000001,9.647927239,25.21105908,42.34760914,92.67906991,124.5413385,53.88243099,640.0,587.44,82999.78000000017,90425.35333330999
"Duckwater Shoshone Tribe of the Duckwater Reservation, Nevada",0.11325127186031299,0.13211339375858658,3.0238895138044337,3.864273474441691e7,0.162,0.259,3.15,3.775e6,0.886748728139687,0.8678866062414134,0.838,0.741,0.3210541789410675,0.3152692129975769,0.01031004126145824,0.2706937041809506,0.10738768505678134,0.04528048488180902,0.03588607561510605,0.01113316554500958,0.020082657065596754,0.001,-1.692346499316722,-1.100196874679956,3.1923341947530464,7.816106804492804,11.587449244296788,17.06259382310078,21.794142979822816,20.34097452914729,15.390402361461799,9.6167958654474,1.508785529817276,-2.853451458147287,8.555299208287929,3.406743108599115,3.9852187203654497,3.6883713795160586,2.5815567377906987,3.731518332848285,3.1563583595016613,3.355564565406424,2.5838990257763017,3.2878858079191593,2.6000932121971214,4.232261931500554,2.7341185571594684,3.2786324781517178,35.95239325703213,28.55669988953489,46.116808169302345,41.839842499534875,64.03195521057587,36.0325581388483,36.88507444301219,25.172006890376537,28.574357081018835,29.573077397198233,36.98727697764121,42.933111849368785,37.72126348488373,30.575585371306765,23.423136605260247,25.11110137810632,23.52355857182724,34.14742874004431,22.4352550038206,31.41587387753047,22.414130285215954,19.130442552912523,18.54253365310078,29.164614336888157,38.36899147965671,26.521054321517173,-0.7,2.788888889,2.855555556,7.377777778,11.222222219999999,16.12222222,22.64444444,20.62222222,15.28888889,11.41111111,3.044444444,-0.5,9.348148147000002,1.646966909,3.8063908250000003,1.747220014,2.605176471,2.477285701,2.744438821,4.316859713,2.216854629,2.343311996,2.544329207,2.649108865,2.4464259649999995,2.628697426,36.2,33.78888889,27.11111111,24.000000000000004,30.63333333,12.17777778,21.97777778,19.76666667,13.8,18.85555556,24.52222222,26.45555556,24.107407410000004,18.9563314,15.11782428,18.67909556,10.62544117,12.86914916,8.003558236,19.04795119,17.02542217,12.71436196,8.035718871,19.23816375,25.7234383,15.503038,1955.60000001,1795.030000000001,82999.78000000017,90425.35333330999
Lac du Flambeau Band of Lake Superior Chippewa Indians of the Lac du Flambeau Reservation of Wisconsin,0.09329633379448886,0.16335853961107386,3.115513427020139,831866.8831641267,0.10968495714726743,0.19050520622053005,3.47905967019114,1.2132560286726276e6,0.9067036662055111,0.8366414603889262,0.8903150428527326,0.80949479377947,0.41491569151344276,0.3802681666143262,0.000999999999999998,0.3085778596693139,0.3634078114824454,0.3339864563714868,0.32258080450025856,0.0009999999999999992,0.17468518712754935,0.2520980213224495,-10.927808268144899,-9.545279911186611,-1.140187828066411,5.876234906644347,11.957604583627882,16.75724478846323,19.900719600071355,18.96838028780461,13.83110745201427,7.295761678305158,-0.840523234440176,-9.617331382032932,5.209660222618002,2.56804522203348,2.7120257094560922,2.7387664589829863,2.0508036152184412,1.378172316989572,1.8080470965389674,1.082427009902305,1.3748882905422612,1.9277068099522505,1.93806505278595,3.081483915532932,4.047577375817784,2.225667406222832,25.93894377428101,17.77567386163557,38.84303573661362,44.44160873125688,82.68962068596598,113.77271008174534,98.50026223407794,105.72884498906694,96.0653921264819,73.63805952115807,51.915367728046085,33.08831564956093,65.19981959351263,15.349840613386393,8.251043439380352,23.561874089571894,22.774456778529093,35.89814750604281,44.30853755079583,38.6878476212404,39.39613243549396,43.97011215408892,31.797676622288698,30.678249807799123,18.04167926586718,29.39296648972558,-11.0694444475,-9.594444444500002,-1.6722222224999999,4.8555555555,11.23888889,16.808333335,19.374999999999996,18.5527777775,13.563888887500003,6.2555555555,-0.93888888875,-9.41111111075,4.83032407425,1.975714236,2.56862996325,3.5888346857499998,2.3437890825,1.47281187275,2.7886072315,1.68843413975,1.90274094425,3.4131852169999997,2.1522604875,4.1313898375,4.78478769325,2.7342654495000005,26.0166666675,18.3,35.0250000025,52.1,80.63888889,108.0805555525,106.5472222075,120.10277780000001,121.3638889,85.89999999999999,55.59444444499999,39.991666665000004,70.80509259499999,12.709557644999999,8.46434325575,19.9473098775,26.597010112499998,41.007527405000005,37.686518344999996,40.609416785,52.681342595,67.69214029,38.546123375,30.245758925,29.199331837499997,33.78219837,3669.93,3368.5500000000015,82999.78000000017,90425.35333330999
Turtle Mountain Band of Chippewa Indians of North Dakota,0.0974357308360452,0.17266533298569486,3.1151858093632,1.2704829856406425e6,0.163,0.287,3.0799999999999996,1.245e6,0.9025642691639548,0.8273346670143051,0.837,0.7130000000000001,0.5074834305343798,0.47844648018079095,0.0009999999999999992,0.36555532226385934,0.46706743765164266,0.47211367059826786,0.4338816922596933,0.0009999999999999983,0.44012508970137065,0.25859287262147046,-10.130355093166422,-8.404254622873344,0.2646702663122239,7.805432826113404,13.796514479116349,19.09664539726068,21.62009491328424,20.457175582665684,15.350973653446246,8.226296841835053,-0.014203894468335771,-9.17466863014433,6.57452680972607,2.673112521452136,2.7251090426701032,2.5870637486362296,2.144336215699558,1.3285032094167895,1.9417717751885128,1.0461451137879234,1.609705852217968,1.8936897082474227,2.2363265383873343,2.906850034870398,3.688485227951399,2.2317582490162007,20.32307315011782,16.59276713863034,42.09859270415317,45.370577644521354,80.14601538382917,128.17592862857146,107.01502211104567,104.96972674329898,83.0328096830044,68.76777941861562,42.8073801333137,22.200507284050076,63.45834833553756,13.757734798483064,9.64435539746392,25.69665432270987,23.018645865213553,32.88393375699559,46.29944627717231,40.93311780253315,43.923641329838006,49.67093309640648,38.835117742665695,33.8303338070545,14.797979298586158,31.10765779019146,-12.06666667,-8.444444444,-2.4,6.711111111,11.888888890000002,17.32222222,20.37777778,18.2,12.688888890000001,7.444444443999999,-2.666666667,-11.11111111,4.828703704,5.946637705,7.142673013,4.118252056,3.229336017,1.8312867360000002,2.483333333,1.829465617,1.802775638,1.572771792,3.314404589,5.911429607,6.583966214000001,3.813861026,24.42222222,23.17777778,26.93333333,25.86666667,81.63333333,124.5333333,64.55555556,114.49999999999999,44.877777779999995,42.45555556,45.33333333,23.722222220000003,53.50092591999999,13.7255945,18.61597283,17.77427917,18.08272656,30.32329962,58.99898304,24.19447825,55.47571541,33.08964256,19.50756976,27.48463207,14.93425406,27.68392899,1440.29,1322.0100000000002,82999.78000000017,90425.35333330999
Iowa Tribe of Oklahoma,0.08360965851181365,0.12811343520618604,2.979691399205886,635228.2829444016,0.13975319508103268,0.1996527236017709,3.0953847869353632,1.6059975356061919e7,0.9163903414881863,0.871886564793814,0.8602468049189673,0.8003472763982291,0.7660429387222784,0.6702441088134893,0.001000000000000005,0.7589210252921147,0.733666788104787,0.36977362712331197,0.346591050631513,0.22849308807949115,0.3400141395361012,0.3373905152488028,-7.7073226238469825,-5.757014725448361,2.3930789824674705,9.075882577996557,14.853956780894991,20.89005545821686,22.841635110926003,21.770457067709106,17.179642378464703,9.646618857005684,1.0202467011178993,-7.340730541212211,8.238875502236144,2.7655145916640254,3.0380664125621335,1.9007723377595516,2.091119720621688,1.527899755302408,1.530539697034251,0.9385826854800335,1.3801377878452656,1.818458200373667,1.6848873685366612,3.5713335827581774,3.908536530968156,2.179654056000688,14.572241346901887,12.515635874321864,41.6796366438657,66.33708165863334,102.03024096741656,119.49059668268497,94.1333926167848,102.65929622444573,85.95988716811176,45.02649263974182,30.77947791283646,21.381426658280553,61.38045053314968,8.107657998662992,11.259525979070897,25.62406752666781,38.50017836168162,36.05660474829601,61.44960929322032,55.21308305593633,45.53524353286401,52.51828676092075,18.094356297278832,27.117020284313234,16.256168081185876,32.97765015910325,4.185185185333333,5.914814815,11.488888886666667,16.30740740666667,20.78888889,26.15555555333333,28.451851849999997,28.655555556666666,24.47037037,17.225925926666665,10.781481483333332,4.1148148146666665,16.545061729999997,2.121187927333333,2.7037127056666663,1.2723781936666667,1.1874893223333334,0.8917007979999999,1.4894532489999999,1.3141346936666667,1.497624087,1.4595135143333333,1.1565946233333333,2.0797091576666666,2.740119569,1.6594681536666667,55.485185183333336,57.744444446666655,106.10000003333333,96.63333333333334,164.0333333333333,149.55555556666667,88.46296297,78.79259259333332,91.41111111000001,82.41111111333332,57.25185185333333,49.97037036999999,89.82098765999999,25.49053576333333,47.18337425,62.761130923333326,46.06262642,81.58725282999998,73.10297097333331,57.802431379999994,58.18912381333333,49.06311094,60.569779579999995,49.0676961,43.26133085666667,54.511780316666666,11680.0,10720.780000000004,82999.78000000017,90425.35333330999
Lower Sioux Indian Community in the State of Minnesota,0.07965831433721147,0.1266933625904176,2.9935147541145586,913396.2683907322,0.08596111683618819,0.15390668040685168,2.97,668455.6357066348,0.9203416856627885,0.8733066374095824,0.9140388831638118,0.8460933195931484,0.6922120449048228,0.5966480808339817,0.0010281198007340681,0.6790344928710966,0.6106525760542902,0.5803819613198582,0.4863029892632946,0.0009999999999999994,0.46303554829287247,0.5458192991992524,-9.297376811160149,-7.442480748853184,1.2662989959742583,8.517380796357578,14.505625618931512,20.25533508055882,22.45096995650525,21.33518261453378,16.520648693381354,8.926982657949214,0.17070975874268188,-8.716603031028168,7.37438946535665,2.8510913950525874,2.8927853846443985,2.168967464703577,2.2417998233747563,1.5194541398450778,1.7029673694225407,0.909684198129238,1.3848722349982652,1.8181199333099654,1.8018037688672297,3.6118220847883893,3.9175894320936555,2.2350797691460187,15.876030057618925,13.378407703440352,36.419066168436366,53.628889144951465,95.6937810943012,114.08788423094768,92.22232056738646,94.29420789802799,81.20820188535112,46.8019636966812,32.88677478327263,21.693509198499957,58.18258637003701,9.804983670433831,9.333546796435913,24.40085480151456,31.20679839811527,37.034169403762654,49.93769939568618,46.23625641588514,39.71689338746268,50.16984071045532,17.42842146884066,27.237276528806007,14.809411693085755,29.776346056213725,-6.95,-6.7166666665,1.961111111,10.133333332000001,15.894444440000001,21.22222222,24.16666667,22.455555555000004,16.527777775,10.572222224499999,2.6777777780000003,-7.7944444445,8.6791666665,6.3744411415,6.0100261040000005,4.1298857705,4.1001271255,2.9315496289999996,2.4396181425,2.976171996,2.3907553234999996,1.854171108,3.969412613,7.024728618,6.034274777499999,4.186263529500001,17.31111111,16.57222222,48.883333335,73.577777775,107.96666665,119.28333334999999,99.13888887,90.294444445,90.055555555,61.533333330000005,40.877777775,36.07222222,66.79722222,12.73250428,11.777770735,43.121797640000004,63.208130340000004,32.600553305,47.68591859,37.419706700000006,32.273634675,60.147020190000006,48.955865275,33.777788705,39.763959230000005,38.622054139999996,35329.97000000001,32428.520000000073,82999.78000000017,90425.35333330999
Confederated Tribes of the Chehalis Reservation,0.144,0.217,3.2900000000000005,6.155e6,0.14406253748754144,0.2228553341869206,3.4317435197040562,8.388289913219665e6,0.856,0.783,0.8559374625124585,0.7771446658130794,0.7647175208217086,0.7486987426881591,0.001,0.5501389823473053,0.6771642256098609,0.6052040180248901,0.5553752937114971,0.0013071107612196346,0.42212069432045174,0.5786997806999316,5.344444444,8.211111111,8.255555556,12.21111111,14.6,19.07777778,25.54444444,20.67777778,18.66666667,14.655555560000002,6.111111111,4.533333333,13.15740741,3.280286234,3.542048999,3.87721263,3.732775256,3.623879137,2.770729948,1.770671561,2.917952098,2.477902339,3.597954666,4.040558267,3.712142239,3.278676115,158.4,141.6222222,153.6888889,43.63333333,60.38888888999999,18.3,1.844444444,0.8888888889999998,19.34444444,44.1,68.3,176.8222222,73.94444444,112.0223527,129.2899917,181.2528168,25.53311575,50.08216859,20.63710251,1.692713141,1.729482903,28.57433775,45.36375205,58.269739140000006,153.1214288,67.29741682,3.644444444,4.077777778,6.388888889,10.37777778,11.43333333,13.78888889,16.65555556,16.78888889,14.51111111,9.833333333,4.733333333,3.155555556,9.615740741,2.549564233,4.382002333,1.370624351,4.617298392,1.177921899,0.888037787,1.371232211,2.009629596,1.390543459,4.347700542,4.04103947,2.633491556,2.564923819,235.3,149.7111111,135.6444444,103.4444444,78.67777778,71.47777778,24.37777778,34.21111111,65.28888889,166.1555556,220.8333333,212.7222222,124.8203704,125.7456162,83.32702809,48.80320459,48.57720945,39.6765919,20.31063624,18.04790693,16.56007582,40.27379559,81.92225142,136.6263426,106.0438209,63.82620664,160.0,146.86,82999.78000000017,90425.35333330999
Te-Moak Tribe of Western Shoshone Indians of Nevada (Wells Band),0.11325127186031299,0.13211339375858658,3.0238895138044337,3.864273474441691e7,0.1,0.169,3.35,2.969e6,0.886748728139687,0.8678866062414134,0.9,0.831,0.3210541789410675,0.3152692129975769,0.01031004126145824,0.2706937041809506,0.10738768505678134,0.07593724961763115,0.07593724961763115,0.001,0.020954363358277214,0.006965772518707908,-1.692346499316722,-1.100196874679956,3.1923341947530464,7.816106804492804,11.587449244296788,17.06259382310078,21.794142979822816,20.34097452914729,15.390402361461799,9.6167958654474,1.508785529817276,-2.853451458147287,8.555299208287929,3.406743108599115,3.9852187203654497,3.6883713795160586,2.5815567377906987,3.731518332848285,3.1563583595016613,3.355564565406424,2.5838990257763017,3.2878858079191593,2.6000932121971214,4.232261931500554,2.7341185571594684,3.2786324781517178,35.95239325703213,28.55669988953489,46.116808169302345,41.839842499534875,64.03195521057587,36.0325581388483,36.88507444301219,25.172006890376537,28.574357081018835,29.573077397198233,36.98727697764121,42.933111849368785,37.72126348488373,30.575585371306765,23.423136605260247,25.11110137810632,23.52355857182724,34.14742874004431,22.4352550038206,31.41587387753047,22.414130285215954,19.130442552912523,18.54253365310078,29.164614336888157,38.36899147965671,26.521054321517173,-1.477777778,1.422222222,1.233333333,6.544444444,9.966666667,15.611111110000001,20.16666667,18.02222222,13.55555556,9.733333333,2.1,-2.411111111,7.872222223,5.876814141,6.162340825,1.359227722,1.728518955,2.242208732,2.663383395,1.860107524,0.9310985149999998,1.614087289,5.521095906,5.389805191,4.399842169,3.31237753,30.4,35.3,28.67777778,34.16666667,47.21111111,24.27777778,10.24444444,32.74444444,18.58888889,23.2,27.12222222,24.84444444,28.06481481,24.39087944,38.54289818,13.38345787,18.44302036,31.23617472,19.29208243,7.867355195999999,66.45071691,14.360313749999998,19.73094017,9.525069262,16.01023978,23.26942901,1955.60000001,1795.030000000001,82999.78000000017,90425.35333330999
"Sisseton-Wahpeton Oyate of the Lake Traverse Reservation, South Dakota",0.07961599742233041,0.12661043532814567,2.9937571706736774,915123.9558775561,0.11214925497075916,0.19534231111152073,3.2900084327863044,603523.7579688856,0.9203840025776696,0.8733895646718544,0.8878507450292409,0.8046576888884793,0.691925400129303,0.5964232029058137,0.0010282475995911512,0.6786879587633238,0.6105915304908326,0.5103898714529328,0.4724132621246572,0.0011968059481771097,0.47224784018365284,0.40931289485601785,-9.297269992638062,-7.441373589627943,1.2679216050793067,8.51716890032995,14.504789940091223,20.25504751093771,22.45047253861084,21.335333876065008,16.520164225387532,8.927194205771446,0.1696284246570997,-8.715480155634495,7.3744664576203265,2.8512406702415194,2.892817534040035,2.169620479095284,2.2413369226705804,1.5186369327191505,1.7034885069478294,0.9095221970821525,1.3844965987924711,1.818646761706487,1.8012726347996129,3.613459307581345,3.9194651858524834,2.235333644337095,15.867519432056747,13.369907300152798,36.408734217017845,53.60283523017494,95.67598380953235,114.04612867860571,92.19461422230202,94.30177847193191,81.15769618166044,46.78329395609292,32.84415459584305,21.67642729907566,58.16075611715082,9.79633312176965,9.328263864363885,24.397308224475992,31.17889035466655,37.10055355168611,49.9718113111824,46.289697068784015,39.74553361016036,50.13025505729088,17.427725607350666,27.199943461903356,14.803201930991191,29.780793097375692,-8.781944444,-5.9375,0.25972222224999997,8.799999999874998,14.55694444375,19.79166666625,22.345833331250002,21.45833333375,15.102777777500002,9.116666665875,0.775000000125,-8.625000000125,7.40520833325,5.8082424206250005,6.642718719124999,3.7852824075,3.4279664366250007,2.331449296125,2.7466367932500004,1.9511105431250002,2.4630968531249997,1.960214626875,3.0893825335,7.267888268000001,6.4231473365000005,3.991428019625,22.069444445,22.45138888875,42.73611111,40.1791666675,71.2125,106.65694444999998,81.52916666625002,71.20277777625,70.493055555,51.550000001250005,32.7138888875,38.550000000000004,54.278703705,30.02263383875,35.22965207675,39.6465394,35.779493575000004,33.847985953750005,40.04073055875,44.126906713749996,36.05342494625,39.173957727499996,29.5110065425,29.157018672499998,58.527201622499994,37.59304596875,35175.47000000001,32286.710000000076,82999.78000000017,90425.35333330999
"Bay Mills Indian Community, Michigan",0.0974357308360452,0.17266533298569486,3.1151858093632,1.2704829856406425e6,0.16199999999999998,0.208,2.99,3.1e6,0.9025642691639548,0.8273346670143051,0.8380000000000001,0.792,0.5074834305343798,0.47844648018079095,0.0009999999999999992,0.36555532226385934,0.46706743765164266,0.41721857432810644,0.4053321426388563,0.0009999999999999998,0.2547859970801446,0.3191620777042448,-10.130355093166422,-8.404254622873344,0.2646702663122239,7.805432826113404,13.796514479116349,19.09664539726068,21.62009491328424,20.457175582665684,15.350973653446246,8.226296841835053,-0.014203894468335771,-9.17466863014433,6.57452680972607,2.673112521452136,2.7251090426701032,2.5870637486362296,2.144336215699558,1.3285032094167895,1.9417717751885128,1.0461451137879234,1.609705852217968,1.8936897082474227,2.2363265383873343,2.906850034870398,3.688485227951399,2.2317582490162007,20.32307315011782,16.59276713863034,42.09859270415317,45.370577644521354,80.14601538382917,128.17592862857146,107.01502211104567,104.96972674329898,83.0328096830044,68.76777941861562,42.8073801333137,22.200507284050076,63.45834833553756,13.757734798483064,9.64435539746392,25.69665432270987,23.018645865213553,32.88393375699559,46.29944627717231,40.93311780253315,43.923641329838006,49.67093309640648,38.835117742665695,33.8303338070545,14.797979298586158,31.10765779019146,-7.5166666665,-8.283333333499998,-1.538888889,5.027777778000001,11.52222222,15.85,19.122222224999998,18.955555554999997,14.2,7.972222222,2.0333333335,-5.655555555499999,5.974074074,3.0342484695,3.056993822,2.9335206694999996,1.8240094405000002,1.969411485,2.315657823,2.2045738845,1.3994132989999999,2.329952648,1.769175706,2.9133965434999998,4.6589907915,2.5341120485,63.01666666500001,36.733333335000005,45.916666664999994,61.87777778,67.46666667,98.077777795,63.55555556,78.49444444500001,102.81111112,83.61111111,78.67777777999999,73.21111110999999,71.120833335,23.809351314999997,20.771796065,30.71320093,34.992523170000005,32.677356815,48.795490550000004,24.533962154999998,28.648395760000003,40.633281935,35.312558095,22.95180644,40.11374818,31.99612262,1440.29,1322.0100000000002,82999.78000000017,90425.35333330999
"Santa Rosa Indian Community of the Santa Rosa Rancheria, California",0.13912548675045391,0.21049119549691564,3.259562180694421,2.630251483545055e7,0.144,0.211,3.07,1.1253e7,0.8608745132495461,0.7895088045030844,0.856,0.789,0.2372077753635517,0.23047995372898902,0.16542398660165647,0.13250693269251232,0.06508958199927348,0.05659125331072332,0.05659125331072332,0.007363863468565379,0.016205128083011954,0.001,7.487043674547987,8.29412363404898,10.044103721739543,13.12485508318478,16.40047347185981,20.299044205125444,23.00765078088808,22.58536218438471,19.962033719020305,15.691096950691751,9.456529049358817,6.279012345546792,14.385944067682189,2.542560595268418,3.2581450323357206,2.3894459191843875,2.464397848017123,2.7026260649601754,3.0411861693556337,2.7809434820011942,2.420031896426921,2.670939975495419,2.2308213645284733,3.245508038468736,3.054592553104738,2.7334332449446412,103.97872028891278,75.94034691787331,67.3371742108841,40.13455020252886,34.43482012471923,14.575662640300267,7.969255275897649,10.217275100877737,13.977622904039817,39.52336386765431,50.86856498051374,89.14002389306646,45.674781700680974,91.84747702597367,57.927585214551954,52.132979146483464,29.07763518144563,25.479633357097565,11.38765834599402,8.681770209487848,10.017152677569886,12.379900831764232,47.25696362550375,47.50646842262045,82.4102466219872,39.6754558891557,7.3,7.411111111,10.88888889,14.333333329999999,17.88888889,21.74444444,24.76666667,24.2,20.66666667,16.51111111,9.322222222,6.622222222000001,15.13796296,2.880104165,8.599483189,3.761131626,3.9363688849999994,3.002267661,3.2806672760000004,3.2101401839999997,2.556364606,3.4503623,3.958043849,5.690074204,3.6217322440000004,3.995561682,55.01111111,41.66666667,37.93333333,20.13333333,15.811111109999999,3.333333333,7.588888889,8.6,2.688888889,11.0,14.78888889,29.94444444,20.70833333,33.70621028,24.131255669999998,33.43845092,13.057373399999998,13.909389309999998,5.421485036,18.99331754,24.18553287,4.547923824,11.82729893,16.78536896,25.129917979999995,18.76112706,5328.670000000001,4891.0999999999985,82999.78000000017,90425.35333330999
"Northern Arapaho Tribe of the Wind River Reservation, Wyoming",0.09253940410300515,0.11785110460984007,3.4463329796240045,2.5079697216914117e7,0.14117614446151538,0.19888061353981684,3.372357646417614,2.8927536113836793e6,0.9074605958969948,0.88214889539016,0.8588238555384846,0.8011193864601831,0.24020568655329735,0.22838480092206187,0.004887717408097395,0.2055158635849724,0.10915436197096348,0.056095397600241424,0.055694570097866346,0.002799349391891822,0.021838923204164896,0.002574532331752992,-2.3489275361733326,-0.9652560385791302,2.310241545879999,6.8798969403999966,11.332972624651012,16.86814170684058,19.98536553935652,20.103413848249268,15.568579711710136,8.25323027373565,2.521294685871304,-2.8249404187605798,8.140334406864923,3.3655130901640575,3.2422860296852174,3.218312653124057,2.8195848058260857,2.797805339304927,3.4680168839281165,2.579411952879419,3.027379808591883,3.0223468717895643,2.830880284504348,4.854668791573913,4.153991832682898,3.281683195368115,32.119078904162315,23.362879226939125,34.62049597475362,44.37924637661448,65.04849597258547,42.582776166359416,46.07118840591883,43.59808695704925,36.37350724699709,34.92101771227826,25.895272142220286,20.10262801932695,37.42288942644638,35.035199085036524,21.935759628861447,19.175602131357675,23.73025132829565,37.153562373733315,33.01853634941448,30.12986443165217,24.240095874400005,24.153747160185503,24.598557754299712,22.018332744263187,16.490532905928113,25.97333681421449,-6.7382716049999996,-4.803703703666667,-0.113580246888889,5.569135802555555,9.717283949777777,15.2,20.386419753333332,18.667901233333332,13.122222223333333,7.654320987777777,-0.6098765432222222,-5.095061728333333,6.079732510333333,2.8162391983333332,5.124800153111111,2.4241015083333335,3.230387511,3.686265503111111,3.350102642222222,3.3508274756666663,3.195357493777778,3.017943330333333,3.381468016888889,5.974280982333332,4.491546278777778,3.6702766745555553,23.144444443666664,25.62098765311111,23.483950615555553,37.81728395111112,66.58024691333334,48.67037037111111,38.63950617444444,33.07530864111111,30.495061727777784,29.144444444444446,30.01728395222222,18.85061728188889,33.79495884777777,17.13534423088889,38.518264818888895,20.191571845666665,25.848987507777775,41.14505730333334,42.55738461666667,53.033745974444436,38.139686564444446,28.008764771111107,29.66603994222222,34.52096190955555,16.533450746888885,32.10827168777778,4089.1400000000003,3753.3500000000017,82999.78000000017,90425.35333330999
"Sac & Fox Nation, Oklahoma",0.08360965851181365,0.12811343520618604,2.979691399205886,635228.2829444016,0.15553519771414284,0.22809787345611396,3.053165304180015,3.9693318905893113e6,0.9163903414881863,0.871886564793814,0.8444648022858572,0.771902126543886,0.7660429387222784,0.6702441088134893,0.001000000000000005,0.7589210252921147,0.733666788104787,0.39319529980311285,0.3661602502035588,0.25715685083116135,0.3556197790075648,0.3405914773493788,-7.7073226238469825,-5.757014725448361,2.3930789824674705,9.075882577996557,14.853956780894991,20.89005545821686,22.841635110926003,21.770457067709106,17.179642378464703,9.646618857005684,1.0202467011178993,-7.340730541212211,8.238875502236144,2.7655145916640254,3.0380664125621335,1.9007723377595516,2.091119720621688,1.527899755302408,1.530539697034251,0.9385826854800335,1.3801377878452656,1.818458200373667,1.6848873685366612,3.5713335827581774,3.908536530968156,2.179654056000688,14.572241346901887,12.515635874321864,41.6796366438657,66.33708165863334,102.03024096741656,119.49059668268497,94.1333926167848,102.65929622444573,85.95988716811176,45.02649263974182,30.77947791283646,21.381426658280553,61.38045053314968,8.107657998662992,11.259525979070897,25.62406752666781,38.50017836168162,36.05660474829601,61.44960929322032,55.21308305593633,45.53524353286401,52.51828676092075,18.094356297278832,27.117020284313234,16.256168081185876,32.97765015910325,4.362962963,6.088888889,11.674074073333333,16.41851852,20.677777776666662,26.196296293333333,28.500000000000004,28.733333333333327,24.496296296666667,17.281481483333334,10.999999999999998,4.348148148,16.64814815,2.149084097,2.681373451,1.2763990230000002,1.151716427,1.0595884306666667,1.4873687423333333,1.3218946273333332,1.4641091223333333,1.4335329463333333,1.1700262426666665,2.080993908,2.807891405,1.6736648683333333,58.89259259333333,58.03333333666666,101.04814816333332,101.50740740999998,173.31481483333332,141.05925923333334,90.40000000666666,77.64814814666666,97.20740741666665,83.96666666666667,61.31851852,54.48888888666666,91.57376543666666,28.94570754333333,43.32953365333333,54.24677958,50.03438720666666,91.69121505333332,71.05666303666666,57.7591921,58.256499829999996,46.98003915333332,61.222441133333334,51.08909218333333,49.05897917666667,55.30587747,11680.0,10720.780000000004,82999.78000000017,90425.35333330999
Shoshone-Bannock Tribes of the Fort Hall Reservation,0.11325127186031295,0.13211339375858663,3.0238895138044333,3.864273474441692e7,0.10277626189145306,0.11767605794722659,3.011174416503097,2.2402585807060134e6,0.8867487281396871,0.8678866062414133,0.8972237381085469,0.8823239420527734,0.32105417894106775,0.3152692129975769,0.01031004126145825,0.2706937041809509,0.10738768505678145,0.1479410898275719,0.1479305193854391,0.0009999999999999842,0.06542990642649153,0.021345649656414098,-1.6923464993167214,-1.100196874679955,3.1923341947530455,7.816106804492797,11.587449244296783,17.06259382310077,21.7941429798228,20.340974529147278,15.390402361461788,9.616795865447392,1.5087855298172752,-2.853451458147285,8.555299208287927,3.4067431085991124,3.985218720365444,3.688371379516056,2.581556737790696,3.73151833284828,3.156358359501659,3.355564565406421,2.583899025776298,3.287885807919157,2.6000932121971196,4.2322619315005525,2.7341185571594675,3.278632478151715,35.95239325703209,28.556699889534872,46.116808169302296,41.83984249953488,64.03195521057584,36.032558138848266,36.885074443012186,25.17200689037652,28.574357081018803,29.573077397198215,36.987276977641166,42.933111849368764,37.721263484883714,30.575585371306733,23.42313660526025,25.111101378106298,23.52355857182724,34.14742874004429,22.435255003820586,31.415873877530434,22.41413028521594,19.130442552912502,18.542533653100772,29.164614336888146,38.36899147965667,26.521054321517145,-4.462962962833333,-0.9203703703333335,1.2,7.033333333333333,11.155555555500001,16.305555556666665,19.122222221666668,18.970370371666668,13.985185185,9.307407407333335,0.42222222216666666,-3.8111111110000007,7.358950617500001,2.5714141953333334,4.859185274833333,2.5543382995000004,1.3379136891666668,3.246135246833333,4.2711790569999994,2.223885998,2.1758714905,1.9560021716666667,4.858128823333334,3.3849975955,5.5854849085,3.252044729333334,33.12777777666667,23.622222224999998,37.753703701666666,28.74444444166667,59.770370369999995,36.44259259166667,19.148148148333334,20.838888888333333,24.94814814833333,28.901851851666667,31.059259259999997,30.78148148,31.26157407666667,19.740244320000002,13.343015789999999,31.808152043333333,18.990204253333335,34.844520896666666,23.895005284999996,19.12194775,20.189850765,14.44831285,14.318603198333335,20.746821621666665,22.16923757166667,21.134659693333333,3911.2000000199996,3590.060000000002,82999.78000000017,90425.35333330999
"Fort McDermitt Paiute and Shoshone Tribes of the Fort McDermitt Indian Reservation, Nevada and Oregon",0.11325127186031299,0.13211339375858658,3.0238895138044337,3.864273474441691e7,0.1219792792936167,0.18306830468394544,2.932313881878147,1.4593246522661431e6,0.886748728139687,0.8678866062414134,0.8780207207063833,0.8169316953160546,0.3210541789410675,0.3152692129975769,0.01031004126145824,0.2706937041809506,0.10738768505678134,0.07748912025172243,0.07496504539727834,0.007473004265262795,0.020395902718537612,0.004645870793633382,-1.692346499316722,-1.100196874679956,3.1923341947530464,7.816106804492804,11.587449244296788,17.06259382310078,21.794142979822816,20.34097452914729,15.390402361461799,9.6167958654474,1.508785529817276,-2.853451458147287,8.555299208287929,3.406743108599115,3.9852187203654497,3.6883713795160586,2.5815567377906987,3.731518332848285,3.1563583595016613,3.355564565406424,2.5838990257763017,3.2878858079191593,2.6000932121971214,4.232261931500554,2.7341185571594684,3.2786324781517178,35.95239325703213,28.55669988953489,46.116808169302345,41.839842499534875,64.03195521057587,36.0325581388483,36.88507444301219,25.172006890376537,28.574357081018835,29.573077397198233,36.98727697764121,42.933111849368785,37.72126348488373,30.575585371306765,23.423136605260247,25.11110137810632,23.52355857182724,34.14742874004431,22.4352550038206,31.41587387753047,22.414130285215954,19.130442552912523,18.54253365310078,29.164614336888157,38.36899147965671,26.521054321517173,-1.4844444446,1.6155555555999999,3.3844444441999997,7.9866666668000015,11.104444444,16.153333334,21.346666667999997,19.486666665999998,14.377777778,8.626666666599998,1.4777777779999999,-2.297777778,8.481481481600001,2.970978584,4.583973895200001,1.6079369238,2.1952990348,1.7068022530000002,2.2178630561999997,1.6572415428,1.122653925,1.79658836,1.9174611268000001,2.56624475,3.0643573648000006,2.2839500679999998,32.675555554000006,22.94666667,25.955555556000004,21.32,38.457777778,17.157777778000003,12.682222222399998,10.726666665600002,11.72888889,23.57111111,28.128888888000002,44.18444444400001,24.127962961999998,27.751194870000003,18.969477538000003,17.993738418000003,13.213021573799999,16.845375978,12.789272246,19.232642658,14.9347157608,10.6822257752,20.787321878000004,22.997529472,35.232518052,19.285752852,1955.60000001,1795.030000000001,82999.78000000017,90425.35333330999
Middletown Rancheria of Pomo Indians of California,0.11363012873021938,0.16330788642722052,3.6808514235393277,2.829599221562536e7,0.157,0.231,3.92,6.666e6,0.8863698712697806,0.8366921135727795,0.843,0.769,0.2824488229126024,0.2803701550169066,0.1371755382328985,0.15109148163460448,0.10699818896397802,0.6837663560783396,0.6819606590617445,0.29732075949592074,0.46285388267586997,0.6030375229685146,8.137651479072703,10.05230812546785,11.098862253144144,13.754895838481186,16.91431091341957,20.88890123558659,23.334815049406238,23.00768199626448,20.4164646940673,17.08406801788537,10.626649732170018,7.690058386762653,15.250555643716451,2.3381971275881868,2.704492334849181,2.5830534806591516,2.5287579649999983,2.0111556864707083,2.7019404126524824,2.646256392967452,2.219561443227177,2.7032114885229372,2.344537227240991,2.59416638660708,2.661582136270201,2.5030760068207636,124.24139986902678,84.48221763295116,77.29367448305445,41.333262774870605,25.259898396654993,6.680517189745669,3.116970947375772,3.7227831579361794,5.916390608777583,23.669141486737566,38.99504506922209,97.27303981614058,44.33202845266231,101.40891290811233,68.57575839431338,63.872590482095546,27.161465978320347,21.692052367643907,8.604492221812821,5.615336570429428,5.6644657497545605,7.20513370839879,27.51191929555482,40.96368945990949,87.82584377794251,38.84180507685822,8.055555556,9.633333333,10.31111111,13.377777779999999,15.91111111,19.72222222,20.61111111,21.51111111,18.75555556,16.26666667,10.05555556,7.544444444,14.31296296,1.2787798,1.312440475,1.2702799339999997,1.965183056,2.35979048,3.011136736,1.337389663,3.301304456,1.481646981,1.044030651,2.047627353,1.650084173,1.838307813,226.1333333,143.8222222,137.9777778,58.52222222,43.36666667,11.7,9.677777778,4.222222222,8.644444444,43.6,56.73333333,208.8888889,79.44074074,210.37688800000004,123.6031025,124.3515559,42.76116164,29.60886692,15.18584868,16.84063373,9.807876653,10.78808499,39.70865775,52.00240379,134.238877,67.43949646,11071.049999990002,10161.999999999995,82999.78000000017,90425.35333330999
Red Cliff Band of Lake Superior Chippewa Indians of Wisconsin,0.09329633379448886,0.16335853961107386,3.115513427020139,831866.8831641267,0.102,0.2,3.11,799000.0,0.9067036662055111,0.8366414603889262,0.898,0.8,0.41491569151344276,0.3802681666143262,0.000999999999999998,0.3085778596693139,0.3634078114824454,0.3898746888540367,0.3594329541138747,0.0009999999999999992,0.2930919896637415,0.3754110297657588,-10.927808268144899,-9.545279911186611,-1.140187828066411,5.876234906644347,11.957604583627882,16.75724478846323,19.900719600071355,18.96838028780461,13.83110745201427,7.295761678305158,-0.840523234440176,-9.617331382032932,5.209660222618002,2.56804522203348,2.7120257094560922,2.7387664589829863,2.0508036152184412,1.378172316989572,1.8080470965389674,1.082427009902305,1.3748882905422612,1.9277068099522505,1.93806505278595,3.081483915532932,4.047577375817784,2.225667406222832,25.93894377428101,17.77567386163557,38.84303573661362,44.44160873125688,82.68962068596598,113.77271008174534,98.50026223407794,105.72884498906694,96.0653921264819,73.63805952115807,51.915367728046085,33.08831564956093,65.19981959351263,15.349840613386393,8.251043439380352,23.561874089571894,22.774456778529093,35.89814750604281,44.30853755079583,38.6878476212404,39.39613243549396,43.97011215408892,31.797676622288698,30.678249807799123,18.04167926586718,29.39296648972558,-10.511111109999998,-9.011111111,-1.055555556,5.411111111,11.45555556,17.07777778,19.97777778,19.23333333,14.333333329999999,7.355555556,-0.455555556,-5.866666667,5.662037036999999,1.811383756,2.467004481,2.622551768,2.100859612,1.313498298,2.313426991,1.023203032,1.142365966,2.131900561,2.107789785,2.453625436,11.36914685,2.7380630450000005,45.3,16.61111111,35.88888889,67.92222222,78.35555556,96.96666667,94.4,118.4222222,103.7111111,81.19999999999999,60.15555556,35.45555556,69.53240741,63.599705189999995,7.239724519,23.23657916,48.77324517,44.14261295,28.03952567,36.93599193,65.56301888,73.02301768,36.56025848,33.1377093,15.76539812,39.66806559,3669.93,3368.5500000000015,82999.78000000017,90425.35333330999
Yankton Sioux Tribe of South Dakota,0.1090016007948186,0.15999501773031205,3.1349137707062984,3.1949808307738346e6,0.13393616590822693,0.2089071323737285,3.250055927815806,686245.2322798002,0.8909983992051814,0.840004982269688,0.866063834091773,0.7910928676262715,0.6341901158765174,0.5578498821067156,0.0009999999999999996,0.626790562225415,0.5451215960340883,0.5376297394266497,0.4617725081548185,0.001232740741832453,0.5279810218248919,0.3596819939998333,-6.8611111110000005,-4.516666666500001,2.9583333332499997,9.816666667249997,15.07777778,21.2416666675,23.577777777500003,22.669444445,17.9833333325,10.333333332500002,1.3666666665,-6.266666667000001,8.948379629749999,2.90763930325,3.725924585,2.0223122697499996,2.3429360575000002,1.6497318349999999,1.5392457892499998,1.1772567007499999,1.7214827142500002,1.9945712875,1.99247066325,3.47171824925,3.3408773177499995,2.3238472310000002,12.241666666999999,11.333333335,41.319444445,66.06388889000002,100.84166665499998,101.727777785,69.591666665,92.0166666675,72.55,41.600000002499996,33.7222222225,16.513888888500006,54.960185183750006,8.96973843825,10.323833183749999,31.606713817500005,42.575556922500006,43.96090181125,57.2209128175,52.024777830000005,39.584782422500005,46.3315744225,24.2617632525,28.366542215000003,16.072875346750003,33.44166437250001,-5.588888888666666,-1.2666666666666666,3.3407407406666665,9.318518518666668,15.285185183333331,21.388888886666667,22.01481481333333,23.111111113333337,17.692592593333334,11.592592596666668,1.2259259256666666,-5.485185184999999,9.385802469666668,2.9738349073333334,5.237998202,2.0878104706666667,2.3179184026666664,2.345048465333333,2.378350342666667,4.138252878333333,3.202735502666666,1.8005771203333334,2.515034196333333,3.5918807759999996,4.286842512,3.0730236483333333,11.133333333333333,12.807407406666666,32.58888889,58.111111109999996,95.30740742,87.10000000000001,49.01111111,73.81481481666667,49.722222223333326,39.944444446666665,28.311111110000002,11.699999998,45.79598765666667,5.360607496333333,10.330376518333333,25.091970223333337,38.735934533333335,42.30118808666666,62.04616256,33.363201983333326,40.22989321666667,39.637478783333336,22.498467446666666,20.851214703333333,6.446260458666667,28.90772966666667,640.0,587.46,82999.78000000017,90425.35333330999
"Keweenaw Bay Indian Community, Michigan",0.09722030027225723,0.16227815210995267,3.2233120436702345,900332.2541796112,0.14815519240857197,0.19350437532785894,3.281464417528541,694037.6384049678,0.9027796997277427,0.8377218478900473,0.851844807591428,0.8064956246721411,0.3372294372815165,0.32157450578119645,0.008192178364703111,0.21934373424430514,0.2555441280067464,0.3080354822853061,0.3010273966300051,0.0010000000000000009,0.17698826921915167,0.2778520819974505,-7.294148841502354,-5.331811858906106,0.7421752736416279,7.055772909075903,12.239349676696406,17.01336289589202,20.502729961298908,19.38449834780908,14.589740914616597,8.424587028417843,-0.21572769944287956,-6.8774560944733985,6.686089375942099,2.5565018047949932,2.4862578929327093,2.310523818443663,1.7109103497339597,1.2791744679397505,1.6484397395649455,1.7340072334115815,1.6481050326040696,2.413448361395932,2.181606251330204,3.161366597611895,3.2071994650665117,2.194795084593897,42.03359415931145,13.946930967598595,34.12276126106417,40.311815335907674,77.93555034079816,95.50379063171364,67.7734220252426,69.12750827062605,58.7408450685446,50.331672755508635,32.26327595197184,18.172326553575914,50.02195777723007,88.76319175036781,9.26547595839437,20.62392320262911,22.51648822142412,35.924166358708945,39.77849355226919,28.223117578114255,32.85257771781692,37.44042559851331,28.596042522558704,23.51716906551644,13.198467903029739,31.72496161827857,-10.75313311811417,-9.937411021344342,-2.879549978121383,4.166432762316812,10.95053524469786,15.44806523751297,18.703982565785022,18.060411353563488,12.539935594371975,6.385231445046881,-1.0276152170924295,-8.853728788220348,4.400263006951593,2.506680883580614,2.765941399948119,2.281161490533703,2.0076373850565865,1.6810891340704839,1.9806895500776087,1.7796305207549035,1.485788987018354,2.415556752487656,1.461979543438165,3.2949389568682816,4.853760250431289,2.3762379047199986,35.58576163736755,30.20059258127496,44.63092261941302,52.431933817294684,71.38305773289046,102.15695114690898,93.88035300707405,90.18707922763582,115.6750559466517,88.14417470345603,62.042219259899134,52.93329358528733,69.93761627377677,16.407084843324828,25.354934532082506,27.855496099768377,30.00023377297153,23.69456030893643,36.88062411008019,25.390481260745887,35.905235220854514,49.971600303144655,31.89544116199768,28.665717609829798,34.29182700569809,30.526103017769962,2720.29,2496.910000000001,82999.78000000017,90425.35333330999
Te-Moak Tribe of Western Shoshone Indians of Nevada (South Fork Band),0.11325127186031299,0.13211339375858658,3.0238895138044337,3.864273474441691e7,0.1,0.169,3.35,2.969e6,0.886748728139687,0.8678866062414134,0.9,0.831,0.3210541789410675,0.3152692129975769,0.01031004126145824,0.2706937041809506,0.10738768505678134,0.13243735579197538,0.13188436024351574,0.0011059744624978525,0.047199715001221595,0.019613209515739614,-1.692346499316722,-1.100196874679956,3.1923341947530464,7.816106804492804,11.587449244296788,17.06259382310078,21.794142979822816,20.34097452914729,15.390402361461799,9.6167958654474,1.508785529817276,-2.853451458147287,8.555299208287929,3.406743108599115,3.9852187203654497,3.6883713795160586,2.5815567377906987,3.731518332848285,3.1563583595016613,3.355564565406424,2.5838990257763017,3.2878858079191593,2.6000932121971214,4.232261931500554,2.7341185571594684,3.2786324781517178,35.95239325703213,28.55669988953489,46.116808169302345,41.839842499534875,64.03195521057587,36.0325581388483,36.88507444301219,25.172006890376537,28.574357081018835,29.573077397198233,36.98727697764121,42.933111849368785,37.72126348488373,30.575585371306765,23.423136605260247,25.11110137810632,23.52355857182724,34.14742874004431,22.4352550038206,31.41587387753047,22.414130285215954,19.130442552912523,18.54253365310078,29.164614336888157,38.36899147965671,26.521054321517173,-1.9,1.822222222,2.8,7.844444444,10.7,15.822222220000002,21.15555556,19.68888889,14.45555556,8.811111111,0.7,-2.766666667,8.261111112,2.253885534,5.150674174,2.151162476,3.39452173,2.74271763,2.279132389,2.56861398,2.345977645,1.926208135,4.361606483,2.46221445,3.451086785,2.923983451,46.56666667,29.85555556,35.63333333,30.24444444,47.62222222,21.73333333,12.77777778,15.011111110000002,11.9,23.64444444,34.06666667,43.01111111,29.33888889,25.27602619,24.18434985,17.3223122,14.51353774,29.59661204,14.13665448,10.73799071,24.21804309,10.10816502,24.80761532,17.828839,27.92250188,20.05438729,1955.60000001,1795.030000000001,82999.78000000017,90425.35333330999
"Cheyenne and Arapaho Tribes, Oklahoma",0.09253940410300512,0.1178511046098401,3.4463329796240068,2.507969721691411e7,0.13677236586555203,0.20217334217071342,3.156578760838335,1.5272433055836668e6,0.9074605958969949,0.88214889539016,0.863227634134448,0.7978266578292865,0.24020568655329752,0.2283848009220621,0.004887717408097399,0.20551586358497254,0.1091543619709635,0.39498500458260405,0.34494755924720977,0.2599588677240644,0.38308808163069863,0.3156539787317898,-2.348927536173331,-0.9652560385791288,2.310241545879997,6.879896940399989,11.332972624650994,16.868141706840568,19.985365539356515,20.103413848249247,15.56857971171013,8.253230273735646,2.5212946858713017,-2.8249404187605767,8.140334406864914,3.365513090164054,3.242286029685215,3.2183126531240522,2.8195848058260844,2.797805339304925,3.4680168839281134,2.5794119528794175,3.0273798085918795,3.0223468717895594,2.830880284504346,4.854668791573909,4.153991832682893,3.2816831953681107,32.11907890416228,23.3628792269391,34.62049597475358,44.37924637661445,65.04849597258547,42.58277616635936,46.071188405918754,43.598086957049205,36.37350724699705,34.92101771227823,25.89527214222025,20.10262801932692,37.422889426446325,35.03519908503647,21.935759628861415,19.175602131357653,23.73025132829562,37.15356237373327,33.01853634941446,30.129864431652152,24.240095874399977,24.153747160185475,24.598557754299694,22.018332744263155,16.490532905928095,25.973336814214466,3.7216049382777783,5.654938271722221,10.530246913500003,15.441358023333335,20.147530865000004,26.02283950611111,28.190123457777776,27.978395062222223,23.793209877777777,16.544444445555555,9.688888888666664,3.683950617222223,15.949794238333332,1.7780730636666668,2.691535571,1.1515593669444446,1.2440872374444445,1.4254032939444445,1.6058676677777775,1.3382674735,1.3812999814444444,1.5759166818333337,1.2395499622222221,1.9788032957777772,2.218851296333334,1.635767907722222,37.012962963888896,31.822222221666674,66.03580246888889,66.7555555561111,123.81049383666668,109.18765432333336,71.29814814777778,66.23950617333335,57.67716049333333,64.45925925888888,33.97654320888889,27.883950617222222,63.0132716061111,18.416155467777777,25.44570710222222,40.020803395,29.728565123888888,87.35408192944443,59.314357512777775,46.90013063777777,51.08409871388889,43.92051316944444,43.661192018333324,32.540366688333336,22.33534570388889,41.72677645611112,8178.279999999999,7506.699999999995,82999.78000000017,90425.35333330999
Jackson Band of Miwuk Indians,0.12064060003686844,0.17657671648401402,3.5707708685320756,3.2578769938536327e7,0.109,0.175,4.2,2.919e6,0.8793593999631315,0.823423283515986,0.891,0.825,0.2816141037945464,0.278736169938635,0.14703833493476837,0.15650676054820092,0.09574898058146011,0.3139065766335078,0.3139065766335078,0.04253848337588654,0.06788229831573926,0.10093728003132255,8.00940054149328,9.891239655952628,10.955165869395133,13.805976871118197,17.15781269723297,21.17144917500114,23.932402134725574,23.430871227381015,20.695672966620357,17.10194842990207,10.40747741537235,7.611480553769984,15.347574794730123,2.3475780515267592,2.846511918887723,2.6760514240011384,2.6525432081179683,1.957233273540424,2.5157971736110225,2.4696975380879063,1.8121462345882486,2.656838999274424,2.218161406634024,2.848775042194488,2.6051364714748337,2.467205895125711,113.4710847933272,72.9033401651628,73.04380930894558,41.894936611865184,23.09418001466864,6.473754396705984,3.541982337070826,4.158685695749714,5.6160176117970835,21.939181153712134,37.006553810006835,85.81970444686857,40.74693586176042,85.31322907330444,58.019728848075594,61.935262787959445,25.862941800097925,19.412166769325662,7.765455854327259,6.368308826436574,6.307106020355724,7.002082945961968,25.50170027025278,39.77681681302435,73.2813847756889,34.71218206643589,5.322222222,8.1,8.244444444,11.96666667,14.98888889,20.6,23.96666667,22.65555556,19.32222222,15.56666667,8.188888889,4.688888889,13.63425926,3.119606457,2.426417112,4.209249075,3.646230931,3.383210178,3.55,3.282910294,2.662288072,3.845704675,2.82931087,4.434648928,5.461328695,3.570908774,168.1111111,117.4444444,116.1666667,59.31111111,40.95555556,9.222222222,5.488888889,4.111111111,6.633333333,37.94444444,56.41111111,116.7222222,61.54351851,113.4942669,101.6663798,100.0820788,42.32282022,27.77535378,9.170302309,9.683419391,7.042095648,8.769549589,46.13166242,59.55846801,121.4112616,53.92563821,7359.960000000001,6755.579999999995,82999.78000000017,90425.35333330999
Sac & Fox Tribe of the Mississippi in Iowa,0.08360965851181365,0.12811343520618604,2.979691399205886,635228.2829444016,0.089,0.146,2.86,742000.0,0.9163903414881863,0.871886564793814,0.911,0.854,0.7660429387222784,0.6702441088134893,0.001000000000000005,0.7589210252921147,0.733666788104787,0.5471746797911756,0.4255116988633711,0.0010000000000000005,0.4407211511876534,0.5382937960365421,-7.7073226238469825,-5.757014725448361,2.3930789824674705,9.075882577996557,14.853956780894991,20.89005545821686,22.841635110926003,21.770457067709106,17.179642378464703,9.646618857005684,1.0202467011178993,-7.340730541212211,8.238875502236144,2.7655145916640254,3.0380664125621335,1.9007723377595516,2.091119720621688,1.527899755302408,1.530539697034251,0.9385826854800335,1.3801377878452656,1.818458200373667,1.6848873685366612,3.5713335827581774,3.908536530968156,2.179654056000688,14.572241346901887,12.515635874321864,41.6796366438657,66.33708165863334,102.03024096741656,119.49059668268497,94.1333926167848,102.65929622444573,85.95988716811176,45.02649263974182,30.77947791283646,21.381426658280553,61.38045053314968,8.107657998662992,11.259525979070897,25.62406752666781,38.50017836168162,36.05660474829601,61.44960929322032,55.21308305593633,45.53524353286401,52.51828676092075,18.094356297278832,27.117020284313234,16.256168081185876,32.97765015910325,-6.2944444445,-3.900000000000001,3.5,11.77777778,15.66111111,21.37777778,23.005555555000004,23.21111111,17.4,12.594444445,3.6388888889999995,-5.4444444445,9.710648149,2.8703157630000002,6.7717088604999995,2.253520582,3.1569618415,2.8850721604999996,1.7800995355000002,3.138000564,2.420572832,2.069651141,3.098463133,4.577746697,5.638608305,3.3883934515000003,28.35,42.61666667,53.044444445,66.388888885,97.9388889,136.64444445,116.46666665,85.56666667,76.422222225,47.105555555,46.96111111,31.766666665,69.10601852,10.077731561000002,52.79562521,47.132971135000005,42.737579505,41.319579805000004,54.120409695,55.897962314999994,34.315349485,40.16593805,32.580892215000006,21.917136005,20.972074079499997,37.83610409,11680.0,10720.780000000004,82999.78000000017,90425.35333330999
"Minnesota Chippewa Tribe, Minnesota (White Earth Band)",0.09413746151071094,0.16409591902913243,3.0420519503833305,1.2571183640490586e6,0.11834742200013683,0.1993088046107159,3.207511621293201,919555.8172685613,0.9058625384892891,0.8359040809708675,0.8816525779998632,0.8006911953892841,0.428239098711117,0.39388649046408586,0.000999999999999999,0.32418567696770767,0.38391263539890874,0.5055306152521707,0.45602032210137156,0.000999207007893245,0.4437247194878268,0.41562371204401255,-11.116757931828037,-9.723472755756031,-1.0401724340723526,6.169210454679834,12.35514777070255,17.269117248224404,20.200058254330663,19.20598469668298,14.07486892635792,7.321282379934638,-0.9625150490594202,-9.933333333739256,5.318284852177909,2.577156934155541,2.706379714721077,2.6874351242852157,2.159898724396715,1.439056803263195,1.8123098864910872,0.9647322703096821,1.353715386969941,1.877642997048585,1.9423028387462433,3.176619407026565,4.1187638552796235,2.2346678285379253,24.529523477458934,16.821010524306192,37.58425958321218,43.341046253352005,81.93749271874522,110.66081012410345,101.49583673748688,102.54826207409648,89.22712338666206,70.82766709517304,49.28946755267039,30.540106412289425,63.23355049584065,14.514941826476761,7.607453502973785,21.94302259681649,21.239116825047198,38.80667181675288,42.03526395444601,41.328967036256564,38.23032543920659,40.23145973914716,28.828305427990223,30.426034575319832,17.814658323701504,28.58385175435513,-12.719444443750001,-9.461111110500001,-0.16527777775000005,6.290277777749999,12.791666665000001,18.47499999875,20.343055555000003,19.966666667500004,15.605555552500002,6.9680555557499995,-1.161111111,-10.1888888875,5.56203703675,2.74577422325,4.55455111975,5.240869173875,2.6607747827500003,1.63897104,3.0741594869999997,0.8473364478750001,2.32647564075,4.0102699545,1.949229490875,5.5407228365000005,7.124164336749999,3.4761082113749997,27.3375,13.606944446249997,28.788888890000006,46.95833333375,76.87777777625,110.23888888625001,109.94583333374999,94.61111110875,68.92499999750001,62.016666667500004,48.20833333375,29.8805555575,59.78298611249999,32.96237615175,4.400743563125,17.506284631249997,40.588957093750004,53.15299063999999,36.926364843749994,69.27872562124999,34.25627289125,33.912939962500005,24.699866487500007,42.04676240125,30.078967835,34.984271012499995,5602.41999999,5142.36,82999.78000000017,90425.35333330999
"Red Lake Band of Chippewa Indians, Minnesota",0.0974357308360452,0.17266533298569486,3.1151858093632,1.2704829856406425e6,0.11507606487772835,0.19397422746647938,3.0991888017268265,2.0500151232760958e6,0.9025642691639548,0.8273346670143051,0.8849239351222716,0.8060257725335206,0.5074834305343798,0.47844648018079095,0.0009999999999999992,0.36555532226385934,0.46706743765164266,0.395259166697987,0.3540487022656854,0.0009995721386098493,0.2911338326121937,0.26578617438860946,-10.130355093166422,-8.404254622873344,0.2646702663122239,7.805432826113404,13.796514479116349,19.09664539726068,21.62009491328424,20.457175582665684,15.350973653446246,8.226296841835053,-0.014203894468335771,-9.17466863014433,6.57452680972607,2.673112521452136,2.7251090426701032,2.5870637486362296,2.144336215699558,1.3285032094167895,1.9417717751885128,1.0461451137879234,1.609705852217968,1.8936897082474227,2.2363265383873343,2.906850034870398,3.688485227951399,2.2317582490162007,20.32307315011782,16.59276713863034,42.09859270415317,45.370577644521354,80.14601538382917,128.17592862857146,107.01502211104567,104.96972674329898,83.0328096830044,68.76777941861562,42.8073801333137,22.200507284050076,63.45834833553756,13.757734798483064,9.64435539746392,25.69665432270987,23.018645865213553,32.88393375699559,46.29944627717231,40.93311780253315,43.923641329838006,49.67093309640648,38.835117742665695,33.8303338070545,14.797979298586158,31.10765779019146,-13.377083334375003,-10.441666666187503,-1.1722222221875003,5.497916666750001,12.163888888125005,17.589583333750003,19.738888887500003,19.050694444375008,14.422916667500004,6.118055555500002,-2.0027777778125007,-10.886111111187505,4.725173611125001,3.239558577000001,4.740151681437502,5.836849206437501,2.3525969980625003,1.5385293032500005,3.2169396236875016,1.1358766636250002,2.491901402562501,4.436559044,1.8667898656250006,6.085544290312502,8.940832229000003,3.8235107405,34.59791666812501,16.013888888750003,26.490972223125006,45.418055554375,74.53750000000002,112.1305555625,96.08819444000005,109.20972222562506,70.80486111062501,60.79305555625002,54.77152777812503,34.51458333250001,61.28090277937501,44.884765284312515,5.460241235687502,18.683556993937504,40.33953910437502,40.998640076875006,40.98043222687502,47.935730132500005,50.540682818750014,37.25651293500001,29.321915353750008,39.608405002500014,38.32811582325001,36.19487808187501,1440.29,1322.0100000000002,82999.78000000017,90425.35333330999
Coyote Valley Band of Pomo Indians of California,0.09463213751131967,0.12582316557467324,3.9516198971039946,2.8246525032937266e7,0.135,0.19400000000000003,3.53,7.022e6,0.9053678624886803,0.8741768344253268,0.865,0.8059999999999999,0.35000237674562185,0.3492893269439228,0.11632008322735743,0.09737519649706367,0.15848072095922483,0.6672183321578524,0.6672183321578524,0.4571537900777639,0.4645744995183756,0.5061626625970759,8.286262951109325,10.26770274989389,11.47404430201286,13.104537335209002,15.632422294308677,20.37241872172026,22.56343337014469,22.0690067883119,19.92974276585209,17.400267953810292,10.88365487579421,7.647677741977493,14.969264321768488,2.2874450928488748,2.829859740855305,2.030975393752411,2.5914412253633436,1.6446671010016078,2.743357234892283,3.061565113691319,3.203831643819935,3.433744261948554,2.151906758930868,1.665814215482315,2.7356902142250794,2.5316914996189706,148.10091102411573,108.65351911475881,94.25962844586815,46.9890675251447,35.349553411623795,9.31691675568328,1.7410325114163985,1.8049660590819934,7.353269024487137,32.9406216511897,52.867541979437284,119.20148267405146,54.88154251598069,97.43673265987137,98.97052751774918,67.11173021551444,40.228492176913164,31.28946638294212,15.76856435477492,3.6424408857700956,3.7128521231189717,7.310523045123793,38.81351507678456,48.05323143536977,114.40897235749196,47.228920685691314,7.4,8.177777778,8.911111111,10.86666667,13.688888889999998,17.73333333,20.48888889,19.71111111,18.14444444,14.22222222,8.844444444,7.044444443999999,12.93611111,1.2,3.23565209,1.328010207,1.532155345,1.501203221,1.637833935,0.633333333,1.057644133,1.335207017,1.8191878529999999,1.694189416,1.7826322609999998,1.563087401,219.0222222,147.1222222,138.8333333,65.76666667,51.67777778,18.94444444,5.155555556,7.1222222219999995,12.06666667,45.37777778,69.15555556,207.1222222,82.28055555,171.935764,106.960025,140.7269253,44.58158252,37.25710596,21.26470733,10.01550187,16.01903382,17.54985755,47.11127195,56.634024909999994,188.2531393,71.52574496,1455.15,1335.7000000000007,82999.78000000017,90425.35333330999
Saginaw Chippewa Indian Tribe of Michigan,0.0974357308360452,0.17266533298569486,3.1151858093632,1.2704829856406425e6,0.13899363584647279,0.1340288262128662,2.770181553006367,4.622436133448231e6,0.9025642691639548,0.8273346670143051,0.8610063641535273,0.8659711737871338,0.5074834305343798,0.47844648018079095,0.0009999999999999992,0.36555532226385934,0.46706743765164266,0.5336696558646482,0.46853341867930126,0.0009888662243202062,0.4398799739291396,0.5230238268775373,-10.130355093166422,-8.404254622873344,0.2646702663122239,7.805432826113404,13.796514479116349,19.09664539726068,21.62009491328424,20.457175582665684,15.350973653446246,8.226296841835053,-0.014203894468335771,-9.17466863014433,6.57452680972607,2.673112521452136,2.7251090426701032,2.5870637486362296,2.144336215699558,1.3285032094167895,1.9417717751885128,1.0461451137879234,1.609705852217968,1.8936897082474227,2.2363265383873343,2.906850034870398,3.688485227951399,2.2317582490162007,20.32307315011782,16.59276713863034,42.09859270415317,45.370577644521354,80.14601538382917,128.17592862857146,107.01502211104567,104.96972674329898,83.0328096830044,68.76777941861562,42.8073801333137,22.200507284050076,63.45834833553756,13.757734798483064,9.64435539746392,25.69665432270987,23.018645865213553,32.88393375699559,46.29944627717231,40.93311780253315,43.923641329838006,49.67093309640648,38.835117742665695,33.8303338070545,14.797979298586158,31.10765779019146,-5.844444444,-6.211111111,0.47777777800000004,6.85,13.155555555000001,18.411111110000004,21.027777775,20.56111111,15.86111111,9.161111111,3.1833333335000003,-4.3722222225,7.688425925000001,2.6107389175,3.4453497285,2.806400843,2.316148878,1.6434470475,2.038067056,1.2321024194999999,1.5227663275,1.5710362475,1.8715594384999998,1.8671989985,2.7841852819999997,2.1424167655,44.755555555,36.544444444999996,39.866666665000004,62.16666666500001,79.13888889,83.27222221999999,73.02222222500001,93.594444445,95.05555556,72.71666667000001,86.005555555,47.077777775,67.76805556,21.083716084999995,23.640465085,25.28618533,24.935347065,38.084367895,33.92055921,18.265125245,33.45871754,34.82351091,35.32456457,38.420027479999995,21.01300144,29.021298990000002,1440.29,1322.0100000000002,82999.78000000017,90425.35333330999
Confederated Tribes of the Grand Ronde Community of Oregon,0.1397172962344384,0.20762926436174475,3.234866170292849,1.36790863224898e7,0.11133206421880118,0.16516983945299707,3.3808682339829677,6.484871961505077e6,0.8602827037655616,0.7923707356382552,0.8886679357811988,0.834830160547003,0.4906819415363393,0.49045742565229133,0.0010000000000000005,0.26230717257232533,0.29288887700337624,0.43307982020641783,0.38514582882159737,0.0010000000000000009,0.30186771556228537,0.42288027800832795,5.5018461539,6.670136752124618,8.7772991451,10.454222222095385,13.65695726366154,17.898683761707694,19.22244444507693,22.415418802461538,17.585863246338462,13.800034188236921,7.790273503986154,5.3469059827938485,12.426673789581542,2.882996523749231,3.0136369154523086,2.4300864005200014,3.041775961103077,3.056379682032309,3.5203230498230775,3.706224883918462,2.9423635977723084,3.8010798142353854,2.5564012843430772,3.0146232509369244,2.439371792595385,3.033771929703078,160.55829060600004,108.65145299655386,106.71058118813846,62.87203419103078,51.21123076924615,16.11490598155385,3.558170940192309,3.9494529912076928,13.524188034369235,50.5037435879077,59.6959999990923,159.29427349261542,66.38702706513847,121.97002124156926,88.75808383906154,126.63905709706154,52.90816545423078,37.73632851269232,17.35552392567693,4.229905221692309,5.427205818052308,14.562051232338462,51.887865844846175,70.20529345823077,127.05097309769234,59.89420622836923,3.688888889,5.122222222,7.155555556,10.26666667,12.01111111,14.988888889999998,17.92222222,17.37777778,15.3,10.51111111,5.977777778,4.222222222,10.3787037,5.599206293,2.986125323,1.406334874,3.506779149,1.7531717289999997,3.335207806,2.81415075,2.347753063,1.385640646,3.286124026,3.124411056,2.673844506,2.851562435,222.56666669999998,144.4222222,142.8222222,89.33333333,70.64444444,66.87777778,18.16666667,20.71111111,46.05555556,120.93333329999999,203.6777778,253.3888889,116.6333333,103.84198329999998,82.00258804,33.72946701,48.28397766999999,33.79508511,24.02299824,22.71508309,16.21476522,25.47101839,55.11887154,99.68117647999999,108.7163447,54.46611323,1280.0,1174.9200000000005,82999.78000000017,90425.35333330999
"Paiute-Shoshone Tribe of the Fallon Reservation and Colony, Nevada",0.11325127186031299,0.13211339375858658,3.0238895138044337,3.864273474441691e7,0.126,0.181,3.4,1.736e6,0.886748728139687,0.8678866062414134,0.874,0.819,0.3210541789410675,0.3152692129975769,0.01031004126145824,0.2706937041809506,0.10738768505678134,0.0341735986017964,0.029825658187605547,0.0009999999999999998,0.018394364525715624,0.0009999999999999998,-1.692346499316722,-1.100196874679956,3.1923341947530464,7.816106804492804,11.587449244296788,17.06259382310078,21.794142979822816,20.34097452914729,15.390402361461799,9.6167958654474,1.508785529817276,-2.853451458147287,8.555299208287929,3.406743108599115,3.9852187203654497,3.6883713795160586,2.5815567377906987,3.731518332848285,3.1563583595016613,3.355564565406424,2.5838990257763017,3.2878858079191593,2.6000932121971214,4.232261931500554,2.7341185571594684,3.2786324781517178,35.95239325703213,28.55669988953489,46.116808169302345,41.839842499534875,64.03195521057587,36.0325581388483,36.88507444301219,25.172006890376537,28.574357081018835,29.573077397198233,36.98727697764121,42.933111849368785,37.72126348488373,30.575585371306765,23.423136605260247,25.11110137810632,23.52355857182724,34.14742874004431,22.4352550038206,31.41587387753047,22.414130285215954,19.130442552912523,18.54253365310078,29.164614336888157,38.36899147965671,26.521054321517173,2.5425298360376223,4.329558363867892,7.88071031990494,11.369867256585298,15.347721615933374,20.834635268744975,26.14563150224871,24.60400472216255,19.981131535246988,12.802106069304996,5.491339587831705,2.8517646307458357,12.84841672607984,2.8609480766657094,2.343262846905227,3.2105515562978177,1.8721701153012638,2.1934517078506603,2.122858057722286,1.5839349819494544,1.5236708710112006,2.2884590053294085,2.360364362020678,3.9723907829035046,3.1892260537762787,2.4601073681453194,17.801183865129236,17.496509031677196,14.966424148645892,20.854805667225737,25.55081690071798,8.316609228246698,12.48251004935382,9.448519369554855,6.569730040042218,11.446445207504308,12.724181508219415,17.24853532784032,14.575522531861,11.475660580255601,10.14096069607984,19.234158519035034,17.554546398380243,16.841534220893166,12.475342052946583,19.468453853446295,17.471598345901782,7.547168664542792,13.364846498391731,12.447381511137278,16.139133074562032,14.513398699767375,1955.60000001,1795.030000000001,82999.78000000017,90425.35333330999
"Kaw Nation, Oklahoma",0.12296877223221046,0.20293697241178704,3.225706270321754,579818.9929615471,0.1572025342021524,0.2475822789458459,3.078987237184675,3.812518868809298e6,0.8770312277677895,0.7970630275882129,0.8427974657978476,0.752417721054154,0.6026055192633084,0.5424421595205584,0.22767668548210368,0.5926114234150259,0.5029605439117885,0.4384815857878812,0.39364080066475143,0.3051784800557644,0.41531873052694734,0.3356202459152568,-2.1362128325690137,-0.07483568067323947,6.612519561700279,12.050347416811267,16.892713616507038,23.507899842461963,26.403374022884492,25.463261346946474,20.931311424185914,13.576419406670418,5.614892018798308,-1.650535211294084,12.265929579222533,2.4524176582354924,3.1212287204067595,1.5201529560974645,1.5508848072636618,1.7008237682197178,1.5946315429673235,1.4617098763087326,1.9011000577588726,1.776074291798873,1.5258944805853516,2.9012279383160555,2.7798770836963387,2.0238352651515497,22.589740219256335,21.807624411216892,59.49524882677183,56.65724569708728,112.13205008929577,111.4130265932845,94.71365258056898,88.31932395486756,63.15607511698027,43.23906103428167,32.061708919842246,22.69302660441127,60.68981533731266,11.253816920490134,15.668257886003374,32.77207517216337,23.4574391917859,65.784683242,43.40461812094082,44.54946755773519,42.99834506769014,37.80957413591548,28.907335656816905,22.929055658073235,22.116982943673246,32.63763762944789,2.6055555554999996,4.399999999999999,10.584382177196996,15.530817768049246,20.079351044203495,25.977777779999997,28.405555554999996,28.272222219999996,23.832782269493066,16.772222224999997,9.794444444499996,3.02125328770871,15.77303036317959,2.192049267,2.8467459364999996,1.375409552453774,1.3943296068574083,1.102995816433708,1.5461411084999996,1.4531096855,1.7075719259999997,1.517713316756704,1.3516941894999996,2.0105198664999993,2.7782618706972046,1.7730451788460666,43.32777777999999,47.822222225,86.69999999999999,88.02222221999997,141.86111114999997,149.3777778,106.43333329999997,94.77222222499996,76.67222222499998,73.87222221999998,49.67222222,44.81666666999999,83.61250000499999,25.989375079999995,34.83180871999999,47.60368078999999,40.102691695,81.49107882999998,76.73613896999998,58.851854724999995,64.37513860499998,49.79214945,50.7357575,47.12872787,39.522306015,51.43005902499999,4001.8199999999997,3673.190000000002,82999.78000000017,90425.35333330999
Quapaw Nation,0.167,0.24400000000000002,2.93,1.11e6,0.1457554589727914,0.21181380233662359,2.864576473087522,2.4870018109975327e6,0.833,0.756,0.8542445410272086,0.7881861976633764,0.48599999999999993,0.351,0.46399999999999997,0.26,0.375,0.44931690071197544,0.3877984213366738,0.3990737959707061,0.38030171611103697,0.43664698538061997,-0.144444444,1.211111111,4.144444444,6.511111111,11.57777778,16.77777778,19.9,20.04444444,17.04444444,11.41111111,1.655555556,-0.666666667,9.122222222,4.299741594,5.075540475,7.204011228,4.003887,4.742040114,4.073014172,1.9506409200000001,1.926856969,4.791166641,4.449001136,3.204337338,2.256656819,3.9980745340000006,36.75555556,63.73333333000001,36.96666667,27.75555556,60.72222222,32.22222222,31.54444444,36.7,13.67777778,25.76666667,31.511111109999998,41.33333333,36.55740741,22.85066252,66.22201296,20.93752612,21.25577046,43.58235818,32.08686561,37.93643075,53.24875585,10.96320867,18.39612731,29.27078084,45.91560192,33.55550843,2.366666667,4.044444444,10.13333333,14.76666667,19.06666667,24.655555559999996,27.03333333,26.93333333,22.766666670000003,15.62222222,9.455555556,2.644444444,14.95740741,2.752271789,2.831126592,1.3937359860000003,1.220655562,0.9165151389999999,1.4604032929999997,1.533786165,1.503329638,1.607793519,1.170232645,2.295163998,3.22765825,1.826056048,70.84444444,67.93333333,110.95555560000001,99.27777778,181.7666667,125.4333333,85.38888889,83.27777778,101.5,81.12222222,91.97777778,75.38888889,97.90555556,45.5720888,47.98484136,54.46395852,41.91061255,82.35030358,47.23314514,55.21570077,62.81589723,51.08125879,60.68959503,80.40044741,74.14164559,58.6549579,160.0,146.86,82999.78000000017,90425.35333330999
"Confederated Tribes of the Coos, Lower Umpqua and Siuslaw Indians",0.14699999999999996,0.22599999999999995,3.1599999999999997,8.493999999999998e6,0.15052103830208086,0.21869448894458618,3.4409310397131705,3.677172407329867e6,0.853,0.774,0.8494789616979191,0.7813055110554138,0.4559930663880266,0.4559930663880266,0.001,0.21629116047677008,0.27437344069006764,0.36410164749946383,0.3344476104547499,0.009678306165172788,0.27414436820918253,0.363938023255845,7.175602175723776,9.274242424017482,10.361149960793705,11.489743589335662,14.911577310979022,18.42801087870629,18.733372184125876,24.031390830629373,18.514801861748253,16.581740484230764,10.2201631695979,7.7711732711468535,13.957747344545455,2.607989412961539,3.0663689221818182,2.3145587230979014,2.9887413609615385,3.279846784800699,4.372147713108392,3.3179533727027977,2.375154206384615,4.284671076255245,3.2207166555209787,2.2635894870874127,1.827402371297203,2.9932616739335662,177.75897437587412,108.27296037986012,113.0217948729021,73.79541569821677,49.23360528493008,14.890132090174825,2.828166278129371,2.804467754143357,15.100427352797203,49.94564879349651,65.92059052073425,164.46383063286711,69.83633450237761,114.97885048888114,101.10423903954543,126.68234415346154,61.24786952506992,34.56471702087413,15.745992005209787,3.917059428125874,4.646733773475525,16.763205460489512,41.84059375367133,71.47549986982517,122.98109696328673,59.66235012174825,6.0925925926666675,7.303703703666668,7.862962963000001,10.337037036666667,12.32962963,15.118518516666668,18.33333333,17.144444443333335,15.444444443333335,11.366666663333335,6.937037037333334,5.859259259333334,11.177469133333334,3.174116080333333,2.7816783926666666,1.7994002596666665,2.1413567383333336,1.4915599563333335,1.5363296773333333,2.9746129636666665,1.344051392666667,1.667207101666667,4.067148433333334,3.125364775333334,2.814123319666667,2.4097457576666668,220.01851853333335,133.00370373333337,133.83333333333331,93.57407407333334,71.83333333333334,60.91851851999999,21.68518518666667,23.27777777666667,44.4,121.85925928666667,175.92962963333335,233.67777776666668,111.16759261333334,144.85628673333335,69.11931129333333,57.914937300000005,58.967199576666665,30.218017016666668,27.454292413333334,20.857042196666672,20.09591186666667,33.68364604,63.071200440000005,89.54131367000001,122.35625580000001,61.51128453,640.0,587.48,82999.78000000017,90425.35333330999
"Tule River Indian Tribe of the Tule River Reservation, California",0.1423634332039787,0.21714830019681755,3.2470268748961835,2.372417909209394e7,0.159,0.239,3.1000000000000005,3.8373e7,0.8576365667960213,0.7828516998031825,0.841,0.761,0.277422172553485,0.2706390891696134,0.19911242465297935,0.18915653514222358,0.097846451379222,0.20277578997696694,0.20277578997696694,0.038104564251400644,0.040199490131231905,0.06665609297435791,7.709362351995876,9.003031692021992,10.594020618830237,13.75957999309209,17.070408552302403,21.59876288569759,24.5678503242268,23.943642611711336,20.97982436127834,16.755020999743635,9.878029781378691,6.898289423342954,15.229818632687282,2.500035636016495,3.3909086922776623,2.6646395835594494,2.511908931484536,2.46407230557457,2.5604137353690715,2.325130867405498,1.9631386512893467,2.560489753036424,2.3178212633113393,3.428673094608934,3.048819313535393,2.644670985615807,90.8639327837457,66.46784268904466,59.64242077004122,32.04403207536769,26.511248568364255,8.525017182998624,5.018228330401372,8.026842306727147,9.792928598778001,27.637625047024045,35.06532264030241,74.61460099173195,37.017503499463906,71.406130330811,50.48020216550514,47.323839865594486,19.406560174597935,19.459749223114773,7.486649376335394,7.021404842934019,8.304337477508591,9.789326404474222,28.918112167745697,40.00887096018557,74.42981634045357,32.0029166114914,6.683333332999999,6.2333333335,9.394444443000001,11.799999999999999,15.11111111,20.083333335,23.394444445,22.483333330000004,19.35,14.033333335,7.827777777999999,6.338888889,13.561111110000002,2.9480220075,2.933840869,2.4987617639999997,1.80298728,1.3385208955,1.9098264444999997,1.7257281039999997,1.3665049885,1.10766658,2.577456837,4.2946172465,3.30453975,2.3173727305,111.95000001999999,72.516666665,60.205555555,35.60555556,19.238888885,8.805555556000002,6.1,5.422222222499999,6.411111111500001,14.4,25.522222225,59.505555554999994,35.47361111,72.27791619,50.04293539499999,52.02112069499999,24.408174285,17.73524733,13.001056629,11.140103909999999,9.2517943855,8.6974503345,14.843905955,40.757860429999994,56.6284895,30.900504585,2796.24,2566.620000000001,82999.78000000017,90425.35333330999
Te-Moak Tribe of Western Shoshone Indians of Nevada (Battle Mountain Band),0.11325127186031295,0.13211339375858663,3.0238895138044333,3.864273474441692e7,0.098,0.188,3.41,323000.0,0.8867487281396871,0.8678866062414133,0.902,0.812,0.32105417894106775,0.3152692129975769,0.01031004126145825,0.2706937041809509,0.10738768505678145,0.011608455990506743,0.0029131580877763156,0.001,0.011608455990506743,0.003013589963581764,-1.6923464993167214,-1.100196874679955,3.1923341947530455,7.816106804492797,11.587449244296783,17.06259382310077,21.7941429798228,20.340974529147278,15.390402361461788,9.616795865447392,1.5087855298172752,-2.853451458147285,8.555299208287927,3.4067431085991124,3.985218720365444,3.688371379516056,2.581556737790696,3.73151833284828,3.156358359501659,3.355564565406421,2.583899025776298,3.287885807919157,2.6000932121971196,4.2322619315005525,2.7341185571594675,3.278632478151715,35.95239325703209,28.556699889534872,46.116808169302296,41.83984249953488,64.03195521057584,36.032558138848266,36.885074443012186,25.17200689037652,28.574357081018803,29.573077397198215,36.987276977641166,42.933111849368764,37.721263484883714,30.575585371306733,23.42313660526025,25.111101378106298,23.52355857182724,34.14742874004429,22.435255003820586,31.415873877530434,22.41413028521594,19.130442552912502,18.542533653100772,29.164614336888146,38.36899147965667,26.521054321517145,-0.9888888889999999,2.433333333,3.966666667,9.033333333,12.16666667,17.72222222,21.91111111,21.14444444,15.522222219999998,11.14444444,2.444444444,-1.455555556,9.587037036,2.580912845,4.294182111,1.299038106,2.970269348,2.153485547,3.286250819,1.645785864,1.663663962,1.65058912,3.572852891,2.22323588,2.946655354,2.523910154,35.05555556,22.53333333,29.866666670000004,23.12222222,50.57777778,20.35555556,13.16666667,18.46666667,10.35555556,19.32222222,25.47777778,37.15555556,25.45462963,19.90302183,14.8118196,16.47482929,18.2109018,22.81840144,14.471187850000002,19.89830395,32.36155126,8.578186159,17.57140986,14.3530291,23.21223336,18.55540629,3911.2000000199996,3590.060000000002,82999.78000000017,90425.35333330999
"Crow Creek Sioux Tribe of the Crow Creek Reservation, South Dakota",0.08360965851181365,0.12811343520618604,2.979691399205886,635228.2829444016,0.16571537551179194,0.24391439539265328,3.2220093056641392,396722.3200806687,0.9163903414881863,0.871886564793814,0.8342846244882081,0.7560856046073468,0.7660429387222784,0.6702441088134893,0.001000000000000005,0.7589210252921147,0.733666788104787,0.3027186178074835,0.28722905703184914,0.0009815805252562783,0.2699282845130425,0.14160428392115101,-7.7073226238469825,-5.757014725448361,2.3930789824674705,9.075882577996557,14.853956780894991,20.89005545821686,22.841635110926003,21.770457067709106,17.179642378464703,9.646618857005684,1.0202467011178993,-7.340730541212211,8.238875502236144,2.7655145916640254,3.0380664125621335,1.9007723377595516,2.091119720621688,1.527899755302408,1.530539697034251,0.9385826854800335,1.3801377878452656,1.818458200373667,1.6848873685366612,3.5713335827581774,3.908536530968156,2.179654056000688,14.572241346901887,12.515635874321864,41.6796366438657,66.33708165863334,102.03024096741656,119.49059668268497,94.1333926167848,102.65929622444573,85.95988716811176,45.02649263974182,30.77947791283646,21.381426658280553,61.38045053314968,8.107657998662992,11.259525979070897,25.62406752666781,38.50017836168162,36.05660474829601,61.44960929322032,55.21308305593633,45.53524353286401,52.51828676092075,18.094356297278832,27.117020284313234,16.256168081185876,32.97765015910325,-6.566666666666667,-2.4148148149999997,2.285185185,9.555555555333333,14.381481483333333,20.36296296333333,23.95925926,22.570370369999996,17.28148148,10.859259256666665,1.2851851853333331,-5.307407407333333,9.020987653999999,3.3076588689999995,4.948760395666667,2.0054453199999998,2.5729091469999994,2.112042521,1.8636933439999999,1.546672117333333,1.7377205296666667,2.172806468333333,2.1679526549999997,4.673668561666666,6.253856305333333,2.9469321863333335,11.277777780666666,9.674074073666667,29.01851851666666,52.144444443333335,101.8,89.82222222,62.85925925999999,60.28888888666667,46.00000000333333,41.492592593333335,21.15555555333333,12.785185183333331,44.85987654333333,7.359926999999999,5.945773999999999,19.099993723333334,32.433189213333335,62.82647677666666,52.08546109333333,32.61673233,25.142487589999998,32.98299786,33.57728779,21.35205832333333,6.140285981999999,27.630222643333333,11680.0,10720.780000000004,82999.78000000017,90425.35333330999
"Manchester Band of Pomo Indians of the Manchester Rancheria, California",0.09463213751131967,0.12582316557467324,3.9516198971039946,2.8246525032937266e7,0.135,0.19400000000000003,3.53,7.022e6,0.9053678624886803,0.8741768344253268,0.865,0.8059999999999999,0.35000237674562185,0.3492893269439228,0.11632008322735743,0.09737519649706367,0.15848072095922483,0.5617350952767542,0.5617029079487761,0.004385178101309611,0.3824637808217352,0.41115917521548867,8.286262951109325,10.26770274989389,11.47404430201286,13.104537335209002,15.632422294308677,20.37241872172026,22.56343337014469,22.0690067883119,19.92974276585209,17.400267953810292,10.88365487579421,7.647677741977493,14.969264321768488,2.2874450928488748,2.829859740855305,2.030975393752411,2.5914412253633436,1.6446671010016078,2.743357234892283,3.061565113691319,3.203831643819935,3.433744261948554,2.151906758930868,1.665814215482315,2.7356902142250794,2.5316914996189706,148.10091102411573,108.65351911475881,94.25962844586815,46.9890675251447,35.349553411623795,9.31691675568328,1.7410325114163985,1.8049660590819934,7.353269024487137,32.9406216511897,52.867541979437284,119.20148267405146,54.88154251598069,97.43673265987137,98.97052751774918,67.11173021551444,40.228492176913164,31.28946638294212,15.76856435477492,3.6424408857700956,3.7128521231189717,7.310523045123793,38.81351507678456,48.05323143536977,114.40897235749196,47.228920685691314,8.711111111,9.544444444,10.02222222,11.66666667,13.82222222,16.38888889,17.98888889,18.1,17.1,14.211111110000001,9.5,8.244444444,12.941666670000002,1.44087165,2.395365896,1.21426704,0.543139025,1.146492235,1.303307758,1.8764623929999997,3.091116303,1.5612495,1.128543801,1.6552945359999998,2.031077984,1.6155990100000002,236.59999999999997,163.2333333,145.7,77.26666667,59.36666667000001,13.466666670000002,12.04444444,10.12222222,7.588888889000001,55.36666667,83.72222222,221.9222222,90.53333333,178.2517181,105.59235289999998,109.12205319999998,56.88055467,45.39887113,15.74444346,23.79638161,21.70511332,10.36755087,56.23088564,57.671565300000005,165.2347556,70.49968715,1455.15,1335.7000000000007,82999.78000000017,90425.35333330999
Mooretown Rancheria of Maidu Indians of California,0.1437524842735376,0.21176242136768808,3.142177044440109,7.301219894489059e6,0.142,0.203,3.37,1.8433e7,0.8562475157264624,0.7882375786323119,0.858,0.7969999999999999,0.25595552773873437,0.23590635080417377,0.10154334321616598,0.11584204493216928,0.19136284639131296,0.4389774704739537,0.4389774704739537,0.26897061040146214,0.3964033204854944,0.3416721100826077,7.551328502701865,9.410489992908385,11.027467216728262,12.690424432189447,15.55722912414597,19.6141821961646,22.499982745232924,20.54425465987578,19.02508627051243,16.016545892111804,9.978881988413045,8.347135955720498,14.355250748742234,1.7754402887577643,2.2361338682173924,1.4314047694720498,1.3482450600201865,2.268635306487578,2.7182903770295037,2.8871674784192547,2.276291091291926,2.374897316015528,2.183491284816771,2.995841394863355,1.776013187257764,2.189320952135094,173.7468426327795,150.8636990824845,120.31647687984476,63.668305729316806,37.14233954664597,8.234920634534163,2.8923913040139757,4.417374051245343,7.5448240164813685,47.383971703835414,56.28493788919255,170.0329192523292,70.21075022447206,140.72805323291928,112.50687082267085,71.93429035807453,47.082252256506216,24.505826408695658,8.558089058413046,4.43840391356056,11.889324476538821,6.065961555288822,53.16787697131988,47.8322647318323,126.25034026200314,54.57996283801243,7.877777778,9.300000000000002,11.17777778,14.01111111,17.17777778,21.9,23.62222222,23.75555556,20.87777778,16.81111111,10.55555556,7.6,15.38888889,1.174497528,2.285278976,1.227576655,1.863762622,1.194547799,2.508983858,3.012796781,1.703754025,1.710100712,1.676636845,2.113120389,1.716828471,1.848990388,158.6111111,102.7222222,90.38888889,43.07777778,30.155555560000003,6.266666667,3.6333333330000004,3.555555556,6.188888889,28.28888889,47.84444444,109.3666667,52.50833333,93.29652250000001,78.18309884,77.28865448,32.1743212,23.92170098,7.635279956,9.766012492,8.49869271,6.080181832,31.979190279999997,42.86193273,76.94887913,40.71953893,325.28999999999996,298.59999999999997,82999.78000000017,90425.35333330999
Blackfeet Tribe of the Blackfeet Indian Reservation of Montana,0.09697806783978614,0.15059869472096238,3.3448903391989306,484130.80863640015,0.17950383835116168,0.26195321077613354,3.194675277337018,1.2755289413522887e6,0.9030219321602139,0.8494013052790377,0.8204961616488383,0.7380467892238665,0.13805809914082487,0.13805809914082487,0.01660593572613497,0.04829836208508011,0.00809395180235755,0.18566467751003676,0.17953115914966009,0.001760571449829211,0.12322367742974344,0.033911655547780084,-4.079150436026709,-1.8490261548430713,1.283453904654424,6.205991467225374,10.474216286307175,14.651845669799664,19.236134297863106,18.16855871096828,13.726841032036727,8.649360044594324,-0.4441662029115192,-4.273437210131887,6.812551784056761,2.424317035829716,2.2155067565859765,1.997050341647746,1.2195978906510851,1.2232575806894825,1.315931472138564,2.5137374157562604,1.6916326511051751,3.0026238630450752,2.1195777456343903,3.449875355711185,2.6616351361869777,2.1528952704991653,66.64368391764609,10.947727695260435,25.08171025963272,34.57742534,75.42986459085142,58.468094972504176,23.290873680901502,28.49834910043406,31.204544612420698,29.4333147851419,20.310944167111852,13.606158413355594,34.79105762849749,173.78607200133555,8.835994924791322,14.873698777696163,21.947264448247076,39.37044004245409,32.38662894424041,13.815621497345575,20.302907947262103,23.576461339632726,16.989478124474118,11.826620051318862,11.385332281021704,32.42471003108515,-6.485714285714287,-2.9507936507142865,-0.8603174602857143,4.4682539682857145,8.860317460857145,13.28730158714286,16.874603175714288,15.195238095714288,10.850793652285715,6.849206349000001,-1.8619047620000007,-5.733333333428572,4.874470899714286,2.925335754571429,4.7792076240000005,2.479287670571429,2.4201086554285722,3.8412780722857147,5.227756565285715,3.183212205285715,3.3714378840000006,3.222619491714286,4.283425667714287,5.249413353428572,4.911048779285714,3.824510976857143,18.21428571357143,16.907936508428573,21.603174602857145,35.27619047571428,68.13809523857144,82.35079365142859,32.103174602857145,39.312698412857145,43.55714285857143,32.56031746,36.78888888714286,20.36190476371429,37.26455026428572,11.04103887357143,12.37328417157143,16.556767179,23.478581082857147,36.80904616000001,59.52308715,26.006705904285717,25.40730010571429,41.14558029857143,17.358124914285717,46.85434863571429,14.159266057000002,27.559427544285718,1280.0,1174.9,82999.78000000017,90425.35333330999
"Kashia Band of Pomo Indians of the Stewarts Point Rancheria, California",0.09463213751131967,0.12582316557467324,3.9516198971039946,2.8246525032937266e7,0.09,0.118,4.0,3.0682e7,0.9053678624886803,0.8741768344253268,0.91,0.882,0.35000237674562185,0.3492893269439228,0.11632008322735743,0.09737519649706367,0.15848072095922483,0.6978316968964758,0.6978316968964758,0.001,0.25589567982858746,0.3110899084069139,8.286262951109325,10.26770274989389,11.47404430201286,13.104537335209002,15.632422294308677,20.37241872172026,22.56343337014469,22.0690067883119,19.92974276585209,17.400267953810292,10.88365487579421,7.647677741977493,14.969264321768488,2.2874450928488748,2.829859740855305,2.030975393752411,2.5914412253633436,1.6446671010016078,2.743357234892283,3.061565113691319,3.203831643819935,3.433744261948554,2.151906758930868,1.665814215482315,2.7356902142250794,2.5316914996189706,148.10091102411573,108.65351911475881,94.25962844586815,46.9890675251447,35.349553411623795,9.31691675568328,1.7410325114163985,1.8049660590819934,7.353269024487137,32.9406216511897,52.867541979437284,119.20148267405146,54.88154251598069,97.43673265987137,98.97052751774918,67.11173021551444,40.228492176913164,31.28946638294212,15.76856435477492,3.6424408857700956,3.7128521231189717,7.310523045123793,38.81351507678456,48.05323143536977,114.40897235749196,47.228920685691314,9.033333333,8.633333333,11.18888889,12.36666667,15.5,19.2,21.52222222,20.64444444,20.01111111,14.88888889,10.55555556,8.555555556,14.341666670000002,0.988685997,6.982120022,1.6366463,2.329699551,2.029778313,1.7392527129999997,1.859286004,2.094702312,2.091318032,4.6033804,1.029697906,1.479113849,2.405306783,256.0333333,162.6555556,137.1333333,66.02222222,46.54444444,10.52222222,9.977777778,8.422222222,6.566666667,41.9,73.5,224.17777780000003,86.95462963,204.6327076,113.3368553,111.6280207,48.97626409,34.03531663,13.04509273,14.69623913,15.48303731,10.32206375,44.66906088,56.42650087,174.8872121,70.17819759,1455.15,1335.7000000000007,82999.78000000017,90425.35333330999
"Yomba Shoshone Tribe of the Yomba Reservation, Nevada",0.11325127186031299,0.13211339375858658,3.0238895138044337,3.864273474441691e7,0.162,0.259,3.15,3.775e6,0.886748728139687,0.8678866062414134,0.838,0.741,0.3210541789410675,0.3152692129975769,0.01031004126145824,0.2706937041809506,0.10738768505678134,0.08348620791794929,0.08178094878378717,0.013835814089295309,0.03178344043605192,0.001,-1.692346499316722,-1.100196874679956,3.1923341947530464,7.816106804492804,11.587449244296788,17.06259382310078,21.794142979822816,20.34097452914729,15.390402361461799,9.6167958654474,1.508785529817276,-2.853451458147287,8.555299208287929,3.406743108599115,3.9852187203654497,3.6883713795160586,2.5815567377906987,3.731518332848285,3.1563583595016613,3.355564565406424,2.5838990257763017,3.2878858079191593,2.6000932121971214,4.232261931500554,2.7341185571594684,3.2786324781517178,35.95239325703213,28.55669988953489,46.116808169302345,41.839842499534875,64.03195521057587,36.0325581388483,36.88507444301219,25.172006890376537,28.574357081018835,29.573077397198233,36.98727697764121,42.933111849368785,37.72126348488373,30.575585371306765,23.423136605260247,25.11110137810632,23.52355857182724,34.14742874004431,22.4352550038206,31.41587387753047,22.414130285215954,19.130442552912523,18.54253365310078,29.164614336888157,38.36899147965671,26.521054321517173,1.3944444445,2.2666666665,5.0666666665,8.227777778,12.149999999999999,18.005555555,23.099999999999998,21.65,17.766666665,10.711111109,4.3055555555,0.7055555555,10.445833330999998,3.4479391909999997,2.3433110275,4.310707704,2.8644839280000003,3.306696355,3.1815174894999996,2.0178347690000003,2.1694428325,3.6324252159999997,1.2138298850000002,3.3081479340000004,3.5365433475,2.94440664,45.77222222,24.677777775,38.333333335,23.266666665,40.594444445,10.149999998,18.849999999999998,12.716666665,10.405555554,18.51111111,26.444444445000002,46.87222222,26.382870370000003,42.76774298499999,18.759103749999998,31.781874254999998,19.854111965,26.01146239,8.744383047499998,17.492800975,13.79819528,11.494438441,14.15923521,29.063594049999995,49.379571915,23.60887619,1955.60000001,1795.030000000001,82999.78000000017,90425.35333330999
Quinault Indian Nation,0.144,0.217,3.2900000000000005,6.155e6,0.15036638086198895,0.23592959787355433,3.485553073855064,6.225054158347681e6,0.856,0.783,0.849633619138011,0.7640704021264457,0.7647175208217086,0.7486987426881591,0.001,0.5501389823473053,0.6771642256098609,0.2243017946210981,0.19402298723479264,0.0010000000000000002,0.14264292508111748,0.2184293943287658,5.344444444,8.211111111,8.255555556,12.21111111,14.6,19.07777778,25.54444444,20.67777778,18.66666667,14.655555560000002,6.111111111,4.533333333,13.15740741,3.280286234,3.542048999,3.87721263,3.732775256,3.623879137,2.770729948,1.770671561,2.917952098,2.477902339,3.597954666,4.040558267,3.712142239,3.278676115,158.4,141.6222222,153.6888889,43.63333333,60.38888888999999,18.3,1.844444444,0.8888888889999998,19.34444444,44.1,68.3,176.8222222,73.94444444,112.0223527,129.2899917,181.2528168,25.53311575,50.08216859,20.63710251,1.692713141,1.729482903,28.57433775,45.36375205,58.269739140000006,153.1214288,67.29741682,4.0194444444999995,6.0027777780000005,6.1444444445,8.26666666675,10.9916666675,13.1638888875,16.541666667500003,15.02777778,13.9611111125,10.458333333250001,5.099999999999999,3.3972222222499995,9.422916667,2.8801060682500004,2.2736354675,2.0884998085,1.82234345325,1.8994027512500002,2.1382402295,3.4910304932500003,1.95483026775,1.9869189274999999,2.7243078755,3.0423970437500003,3.07960778025,2.4484433469999995,352.749999975,259.15000002499994,240.85,170.847222225,116.51666667500001,88.62777778,49.4250000025,59.3249999975,101.02222224,271.3138889,366.09444442499995,378.402777775,204.52708335,193.97525025,153.978789975,80.62501190249998,88.28195736,63.473796295,42.592395090000004,30.6903722175,43.375008655,68.591235815,178.910929875,250.85867365000001,195.377249825,115.894222575,160.0,146.86,82999.78000000017,90425.35333330999
Enterprise Rancheria of Maidu Indians of California,0.1437524842735376,0.21176242136768808,3.142177044440109,7.301219894489059e6,0.142,0.203,3.3699999999999997,1.8433e7,0.8562475157264624,0.7882375786323119,0.858,0.7969999999999999,0.25595552773873437,0.23590635080417377,0.10154334321616598,0.11584204493216928,0.19136284639131296,0.23708592844598703,0.23708592844598703,0.07245737648653135,0.03255971038854934,0.09275744462843631,7.551328502701865,9.410489992908385,11.027467216728262,12.690424432189447,15.55722912414597,19.6141821961646,22.499982745232924,20.54425465987578,19.02508627051243,16.016545892111804,9.978881988413045,8.347135955720498,14.355250748742234,1.7754402887577643,2.2361338682173924,1.4314047694720498,1.3482450600201865,2.268635306487578,2.7182903770295037,2.8871674784192547,2.276291091291926,2.374897316015528,2.183491284816771,2.995841394863355,1.776013187257764,2.189320952135094,173.7468426327795,150.8636990824845,120.31647687984476,63.668305729316806,37.14233954664597,8.234920634534163,2.8923913040139757,4.417374051245343,7.5448240164813685,47.383971703835414,56.28493788919255,170.0329192523292,70.21075022447206,140.72805323291928,112.50687082267085,71.93429035807453,47.082252256506216,24.505826408695658,8.558089058413046,4.43840391356056,11.889324476538821,6.065961555288822,53.16787697131988,47.8322647318323,126.25034026200314,54.57996283801243,2.8,3.411111111,5.677777778,9.722222222,12.65555556,17.52222222,21.37777778,20.13333333,16.52222222,12.03333333,5.966666667,2.2,10.83518518,2.617728023,7.657585201,1.886648999,2.158574633,1.304905275,1.939573263,1.635372876,1.071214264,1.272573945,2.355313143,2.137171027,4.160228359,2.516407417,273.7888889,197.4666667,165.3777778,95.81111111,65.02222222,23.88888889,10.86666667,4.655555556,16.22222222,56.83333333,89.07777778,211.5,100.8759259,206.2260922,180.6919893,189.8937912,81.80894579,45.84244152,21.78184132,28.39784323,7.274288815999999,24.71784668,51.6183107,77.78707762,242.3994946,96.53666358,325.28999999999996,298.59999999999997,82999.78000000017,90425.35333330999
"Sokaogon Chippewa Community, Wisconsin",0.0974357308360452,0.17266533298569486,3.1151858093632,1.2704829856406425e6,0.12,0.213,2.91,531000.0,0.9025642691639548,0.8273346670143051,0.88,0.787,0.5074834305343798,0.47844648018079095,0.0009999999999999992,0.36555532226385934,0.46706743765164266,0.4513938957380169,0.4228495501203706,0.0009999999999999998,0.2710637216160781,0.3339795733378038,-10.130355093166422,-8.404254622873344,0.2646702663122239,7.805432826113404,13.796514479116349,19.09664539726068,21.62009491328424,20.457175582665684,15.350973653446246,8.226296841835053,-0.014203894468335771,-9.17466863014433,6.57452680972607,2.673112521452136,2.7251090426701032,2.5870637486362296,2.144336215699558,1.3285032094167895,1.9417717751885128,1.0461451137879234,1.609705852217968,1.8936897082474227,2.2363265383873343,2.906850034870398,3.688485227951399,2.2317582490162007,20.32307315011782,16.59276713863034,42.09859270415317,45.370577644521354,80.14601538382917,128.17592862857146,107.01502211104567,104.96972674329898,83.0328096830044,68.76777941861562,42.8073801333137,22.200507284050076,63.45834833553756,13.757734798483064,9.64435539746392,25.69665432270987,23.018645865213553,32.88393375699559,46.29944627717231,40.93311780253315,43.923641329838006,49.67093309640648,38.835117742665695,33.8303338070545,14.797979298586158,31.10765779019146,-10.5472222225,-9.3166666655,-1.5083333332500002,5.2055555555,11.594444445,17.175000002500003,19.355555555,18.627777777499997,13.619444445,6.375,-0.8305555557500001,-6.8416666665,5.242361111500001,1.789696662,3.213995825,3.871922763,2.1587269934999997,1.3638728980000001,2.74129563825,1.6599574025,1.9718180490000001,3.5846219809999997,2.069961616,3.8881334489999997,11.38863948275,3.30855356325,29.625,17.005555554999997,34.077777774999994,65.3694444425,79.22222222250001,112.38333335,112.975,133.11944445,112.6972222,71.83055555499999,56.1722222225,42.3916666675,72.23912037,32.228197605,11.631409757499998,19.7574174675,40.442780392500005,30.198826025000002,45.393459039999996,43.550655,71.12148568250001,60.83124342,38.45245705,43.5312098025,34.3873473675,39.29387404999999,1440.29,1322.0100000000002,82999.78000000017,90425.35333330999
Tuolumne Band of Me-Wuk Indians of the Tuolumne Rancheria of California,0.12432981123084148,0.1832714604753616,3.5132543399060765,3.282563414022635e7,0.128,0.187,4.06,4.759e6,0.8756701887691585,0.8167285395246384,0.872,0.813,0.2747882209664892,0.27176400959447095,0.14349906963518047,0.1513505067706019,0.09468170082855677,0.5377345077081908,0.5377345077081908,0.30949566319423844,0.23041394216671118,0.33987450503981087,8.03571428567099,9.972307489719,11.075945603184767,13.954735668138325,17.258236039588727,21.318520703781964,24.068448554029892,23.556478202512775,20.84922602585201,17.176990686065903,10.400907341173939,7.6005116097056185,15.43900185051946,2.3275340492209744,2.737248674311292,2.597578179031875,2.5291816439771724,1.9773393241524977,2.4362918430118046,2.403159119452772,1.8564414317518678,2.597563555663122,2.1727185079667444,2.841197322972843,2.630369335383114,2.4255519155617846,110.21561720942725,72.34616511368945,71.09578687466542,41.21688748906334,23.305590537414385,6.796143250784919,3.5204862473116854,4.105242905451198,5.606126197000979,22.28034894431915,37.7564803883766,83.7337465570503,40.16488514259345,81.97360359442925,57.483925553047975,59.0304552070031,25.36434070973237,19.125591374071412,7.713983702307746,6.091819146136556,5.930818837266623,6.8228631755476155,25.94768270893149,39.80062615504324,71.44550830738876,33.89426820666861,5.477777778,6.977777778,9.733333333,12.75555556,16.37777778,20.42222222,24.55555556,24.11111111,20.56666667,15.322222220000002,8.522222222,4.933333333,14.146296300000001,1.927289403,3.4679885299999995,1.656049516,1.887532193,1.482209312,3.206157271,2.452096609,1.15048299,1.226784415,2.086131454,3.1708743969999995,4.007804885,2.310116748,172.8111111,106.6,95.12222222,63.91111111,38.65555556,6.677777778,13.08888889,8.655555556,6.955555555999999,32.06666667,49.16666667,103.75555559999998,58.12222223,122.77680400000001,90.23666106,90.2227906,38.81244789,24.854381460000003,5.649287074,23.83948639,15.655519080000001,8.300468528,41.77286799,57.22575906,89.42564105,50.73100951999999,9036.35,8294.299999999997,82999.78000000017,90425.35333330999
Shakopee Mdewakanton Sioux Community of Minnesota,0.07965831433721147,0.1266933625904176,2.9935147541145586,913396.2683907322,0.049,0.087,3.24,3.888e6,0.9203416856627885,0.8733066374095824,0.951,0.913,0.6922120449048228,0.5966480808339817,0.0010281198007340681,0.6790344928710966,0.6106525760542902,0.717306784900286,0.593178343387606,0.0009999999999999998,0.586161300575571,0.7085450008077256,-9.297376811160149,-7.442480748853184,1.2662989959742583,8.517380796357578,14.505625618931512,20.25533508055882,22.45096995650525,21.33518261453378,16.520648693381354,8.926982657949214,0.17070975874268188,-8.716603031028168,7.37438946535665,2.8510913950525874,2.8927853846443985,2.168967464703577,2.2417998233747563,1.5194541398450778,1.7029673694225407,0.909684198129238,1.3848722349982652,1.8181199333099654,1.8018037688672297,3.6118220847883893,3.9175894320936555,2.2350797691460187,15.876030057618925,13.378407703440352,36.419066168436366,53.628889144951465,95.6937810943012,114.08788423094768,92.22232056738646,94.29420789802799,81.20820188535112,46.8019636966812,32.88677478327263,21.693509198499957,58.18258637003701,9.804983670433831,9.333546796435913,24.40085480151456,31.20679839811527,37.034169403762654,49.93769939568618,46.23625641588514,39.71689338746268,50.16984071045532,17.42842146884066,27.237276528806007,14.809411693085755,29.776346056213725,-8.955555556,-6.522222222,1.888888889,8.555555556,14.47777778,20.35555556,22.26666667,21.66666667,17.11111111,9.166666667,1.177777778,-6.622222222,7.880555557,2.549073906,3.111180555,2.862885103,3.133732244,2.438635775,2.342066988,1.225765067,1.78465683,1.606583677,2.8974126389999997,2.761239657,6.984407236,2.80813664,37.41111111,13.33333333,44.65555556,66.65555556,80.34444444,123.8333333,111.6111111,109.6333333,95.21111111,63.31111111,52.422222219999995,43.98888889,70.20092592,65.63340317,8.649566462999998,31.52503414,47.82538842,17.88009446,46.58229277,44.60385198,32.75297696,58.49505202,30.89621516,61.19778954,47.09648194,41.09484559,35329.97000000001,32428.520000000073,82999.78000000017,90425.35333330999
Pawnee Nation of Oklahoma,0.10961675203850883,0.16010893247724955,2.9402819892644834,835978.1928477017,0.14618498391402254,0.22125169480744056,3.1419843362500144,8.110567148906778e6,0.8903832479614912,0.8398910675227504,0.8538150160859774,0.7787483051925594,0.6439221106434074,0.555632209575089,0.0010000000000000005,0.6428631381145803,0.5775768823484203,0.3509756475607116,0.29967939495812224,0.21647949002961017,0.2996911971043153,0.30502359659839334,-3.5999999999999996,-1.3944444445,5.3555555555,11.066666665,15.950000000000001,22.433333335000004,24.8,23.922222220000002,19.555555555,12.266666665,3.9333333329999993,-3.2944444445,10.916203705,2.5048538579999997,3.044443489,1.591516126,1.6524844025000003,1.8290314330000002,1.2519203650000001,1.2168641734999999,1.7306881280000002,1.8263442374999999,1.5991906269999998,3.1771569479999995,3.0278233224999997,2.0376930925,20.016666665,15.144444444999998,48.9,54.344444445,107.76666665,96.58888889,89.055555555,74.533333335,48.66666667,42.133333334999996,28.533333329999998,16.483333334999998,53.51388889,11.899234985,12.438488065000001,24.58308799,26.64827652,45.418533720000006,35.59159432,35.71070568,36.75372513,39.48943303,23.760293714999996,19.892024290000002,12.970670985000002,27.096339035,3.2555555556666667,4.955555555666667,10.933333333333334,15.811111109999999,20.21111111,25.829629629999996,28.277777776666664,28.30370370333333,23.999999999999996,16.825925926666667,10.248148150666667,3.574074074,16.01882716,2.167480880333333,2.724503491666666,1.3075229226666667,1.2983824066666667,1.0323844679999998,1.6181831973333332,1.473044822,1.6571298746666665,1.5030631786666666,1.2305785623333332,2.084679250666667,2.910918936333333,1.750655999333333,50.80740740999999,56.411111113333334,101.90000001,104.62222221333333,163.87407409999994,160.74814813333333,108.59259259999999,81.70000000333333,93.88888888333332,78.83703703666667,60.44074074,50.074074073333335,92.65802469333332,29.986394790000002,43.82995788666666,50.35319568333333,46.50902601333333,86.67694622333333,80.35836953666666,65.94426095,55.90027846333333,50.77729341333333,55.81000703333333,53.49869219666667,47.462556479999996,55.59224822333333,320.0,293.72,82999.78000000017,90425.35333330999
"Washoe Tribe of Nevada & California (Carson Colony, Dresslerville Colony, Woodfords Community, Stewart Community, & Washoe Ranches)",0.10500000000000002,0.17800000000000002,3.6100000000000008,189000.0,0.11999974112878743,0.19570689067848185,3.6718415504998516,3.2218564055717173e6,0.895,0.822,0.8800002588712126,0.8042931093215182,0.19019640374887764,0.14070940771250406,0.001,0.18198810155529055,0.07998583222876288,0.09032807662092156,0.0868986806157957,0.015992444088003075,0.024384093206110014,0.003868201385853939,0.6611111110000001,2.6555555555000003,4.344444444,7.8,11.116666664999999,18.016666665,21.25555556,20.988888884999998,15.194444445,10.594444445,3.8055555552499998,0.483333333,9.743055554500001,2.4805803765000003,3.1622728359999996,2.7340277475000003,3.284820213,2.410872747,3.7004498289999996,3.5135336739999996,2.6111725175,2.039569718,2.516929105,3.270071383,3.6185858984999997,2.94524050375,123.12222221000002,50.361111115,44.727777775,26.583333330000002,35.75,17.094444444999997,9.555555553500001,5.266666667,9.3055555565,25.1,36.672222225,70.96111111,37.87499999999999,136.0611245,38.243928685,40.871657680000006,32.51271696,20.885517850000003,17.373455104999998,7.545387508499999,7.743239818,12.263760769,26.495123385,29.423497944999998,98.539635115,38.99658711,-0.500559642851726,1.9979626488075835,2.175501478092247,6.357938753756084,9.797038295990378,15.091303530090551,20.52354901589134,19.145783810684776,13.718675723537071,9.552424070643465,2.369905048974533,-0.46279947156762874,8.313893605250708,1.744129695695529,3.0076668584816075,2.5337027186932657,2.8406855543842675,2.6478524124533105,3.323404840136955,2.863780108186757,2.0707775678053197,1.9636758441148838,1.861088796451613,2.2473651315574426,2.5972838662093944,2.475117782827957,135.37116891929827,85.95847323775892,52.55366283075835,41.488190908556874,26.859781173718165,13.939872981284664,15.286480539377477,12.271049485942278,10.562711436622525,29.248965600181094,35.92903226058856,103.34477142124504,46.90118006348614,103.89780925488398,60.83800303636106,43.319966905149975,27.406758587487264,20.26426330830787,16.94331397126769,15.49893210409734,13.379561519895303,12.439786734221844,37.182799541607245,23.495032924934918,100.85318377594794,39.62661763820034,320.02,293.74,82999.78000000017,90425.35333330999
"Grand Traverse Band of Ottawa and Chippewa Indians, Michigan",0.0974357308360452,0.17266533298569486,3.1151858093632,1.2704829856406425e6,0.091,0.095,6.96,2.32e6,0.9025642691639548,0.8273346670143051,0.909,0.905,0.5074834305343798,0.47844648018079095,0.0009999999999999992,0.36555532226385934,0.46706743765164266,0.25789386336067727,0.24160597605904527,0.001,0.16259324614054718,0.25268525697318245,-10.130355093166422,-8.404254622873344,0.2646702663122239,7.805432826113404,13.796514479116349,19.09664539726068,21.62009491328424,20.457175582665684,15.350973653446246,8.226296841835053,-0.014203894468335771,-9.17466863014433,6.57452680972607,2.673112521452136,2.7251090426701032,2.5870637486362296,2.144336215699558,1.3285032094167895,1.9417717751885128,1.0461451137879234,1.609705852217968,1.8936897082474227,2.2363265383873343,2.906850034870398,3.688485227951399,2.2317582490162007,20.32307315011782,16.59276713863034,42.09859270415317,45.370577644521354,80.14601538382917,128.17592862857146,107.01502211104567,104.96972674329898,83.0328096830044,68.76777941861562,42.8073801333137,22.200507284050076,63.45834833553756,13.757734798483064,9.64435539746392,25.69665432270987,23.018645865213553,32.88393375699559,46.29944627717231,40.93311780253315,43.923641329838006,49.67093309640648,38.835117742665695,33.8303338070545,14.797979298586158,31.10765779019146,-6.96667,-7.51111,-0.65556,4.36667,12.23333,17.22222,19.9,19.63333,14.86667,8.57778,2.21111,-5.28889,6.54907,2.74388,2.57226,2.19905,4.1644,1.22656,2.05252,1.37921,1.32162,1.83666,1.52153,2.39372,4.01122,2.28522,50.73333,33.53333,38.51111,58.06667,71.47778,94.66667,85.84444,78.31111,96.12222,69.77778,80.42222,63.7,68.43056,12.52136,17.89792,17.81588,22.62339,18.97968,54.60191,16.71055,16.507,24.53686,26.511,34.27979,21.29136,23.68972,1440.29,1322.0100000000002,82999.78000000017,90425.35333330999
Shoalwater Bay Indian Tribe of the Shoalwater Bay Indian Reservation,0.144,0.217,3.2900000000000005,6.155e6,0.166,0.27,4.87,2.909e6,0.856,0.783,0.834,0.73,0.7647175208217086,0.7486987426881591,0.001,0.5501389823473053,0.6771642256098609,0.20617756487886899,0.18796923099339619,0.001,0.13322610810689248,0.16570839547069557,5.344444444,8.211111111,8.255555556,12.21111111,14.6,19.07777778,25.54444444,20.67777778,18.66666667,14.655555560000002,6.111111111,4.533333333,13.15740741,3.280286234,3.542048999,3.87721263,3.732775256,3.623879137,2.770729948,1.770671561,2.917952098,2.477902339,3.597954666,4.040558267,3.712142239,3.278676115,158.4,141.6222222,153.6888889,43.63333333,60.38888888999999,18.3,1.844444444,0.8888888889999998,19.34444444,44.1,68.3,176.8222222,73.94444444,112.0223527,129.2899917,181.2528168,25.53311575,50.08216859,20.63710251,1.692713141,1.729482903,28.57433775,45.36375205,58.269739140000006,153.1214288,67.29741682,6.28889,6.45556,7.43333,8.97778,11.36667,13.55556,15.71111,15.5,14.54444,11.3556,6.92222,5.92222,10.33611,1.48357,1.33592,1.25875,0.55533,0.91409,0.78756,0.69032,0.81921,1.16057,0.93821,1.64234,1.3571,1.07858,306.8444,202.7778,189.9778,154.1778,100.8111,80.85556,27.72222,41.82222,72.5,230.8778,318.5111,284.0556,167.57778,135.96386,81.46624,20.07059,53.48896,46.2322,37.71404,15.03904,14.76503,27.17213,70.67655,109.22943,113.02838,60.40387,160.0,146.86,82999.78000000017,90425.35333330999
"Sault Ste. Marie Tribe of Chippewa Indians, Michigan",0.0974357308360452,0.17266533298569486,3.1151858093632,1.2704829856406425e6,0.162,0.208,2.99,3.1e6,0.9025642691639548,0.8273346670143051,0.838,0.792,0.5074834305343798,0.47844648018079095,0.0009999999999999992,0.36555532226385934,0.46706743765164266,0.3759572959231426,0.3710199072982709,0.001,0.23574053768295786,0.3020265993972115,-10.130355093166422,-8.404254622873344,0.2646702663122239,7.805432826113404,13.796514479116349,19.09664539726068,21.62009491328424,20.457175582665684,15.350973653446246,8.226296841835053,-0.014203894468335771,-9.17466863014433,6.57452680972607,2.673112521452136,2.7251090426701032,2.5870637486362296,2.144336215699558,1.3285032094167895,1.9417717751885128,1.0461451137879234,1.609705852217968,1.8936897082474227,2.2363265383873343,2.906850034870398,3.688485227951399,2.2317582490162007,20.32307315011782,16.59276713863034,42.09859270415317,45.370577644521354,80.14601538382917,128.17592862857146,107.01502211104567,104.96972674329898,83.0328096830044,68.76777941861562,42.8073801333137,22.200507284050076,63.45834833553756,13.757734798483064,9.64435539746392,25.69665432270987,23.018645865213553,32.88393375699559,46.29944627717231,40.93311780253315,43.923641329838006,49.67093309640648,38.835117742665695,33.8303338070545,14.797979298586158,31.10765779019146,-8.12222,-9.08889,-2.2,4.53333,10.85556,15.26667,18.66667,18.65556,13.88889,7.44444,1.65556,-6.24444,5.44259,2.59648,3.08561,2.62213,1.84992,1.3175,1.83787,1.48099,0.91179,1.88116,1.73789,2.27015,3.57153,2.09692,63.37778,36.57778,39.41111,62.01111,61.14444,98.53333,64.15556,77.66667,108.62222,83.32222,76.85556,68.22222,69.99167,20.87618,19.03423,21.91572,32.93423,24.43523,48.17309,25.21213,27.50531,41.92872,35.90527,22.54896,31.56559,29.33622,1440.29,1322.0100000000002,82999.78000000017,90425.35333330999
