Tribe,nccpi3all_P,nccpi3sg_P,nccpi3cot_P,nccpi3soy_P,nccpi3corn_P,Food_Insecurity_Rate_2018_H,Child_Food_Insecurity_Rate_2018_H,Cost_Per_Meal_2018_H,Weighted_Annual_Food_Budget_Shortfall_2018_H,Food_Insecurity_Rate_2018_P,Child_Food_Insecurity_Rate_2018_P,Cost_Per_Meal_2018_P,Weighted_Annual_Food_Budget_Shortfall_2018_P,temp_mean_1_H,temp_mean_2_H,temp_mean_3_H,temp_mean_4_H,temp_mean_5_H,temp_mean_6_H,temp_mean_7_H,temp_mean_8_H,temp_mean_9_H,temp_mean_10_H,temp_mean_11_H,temp_mean_12_H,temp_mean_ann_H,temp_std_1_H,temp_std_2_H,temp_std_3_H,temp_std_4_H,temp_std_5_H,temp_std_6_H,temp_std_7_H,temp_std_8_H,temp_std_9_H,temp_std_10_H,temp_std_11_H,temp_std_12_H,temp_std_ann_H,precip_mean_1_H,precip_mean_2_H,precip_mean_3_H,precip_mean_4_H,precip_mean_5_H,precip_mean_6_H,precip_mean_7_H,precip_mean_8_H,precip_mean_9_H,precip_mean_10_H,precip_mean_11_H,precip_mean_12_H,precip_mean_ann_H,precip_std_1_H,precip_std_2_H,precip_std_3_H,precip_std_4_H,precip_std_5_H,precip_std_6_H,precip_std_7_H,precip_std_8_H,precip_std_9_H,precip_std_10_H,precip_std_11_H,precip_std_12_H,precip_std_ann_H,temp_mean_1_P,temp_mean_2_P,temp_mean_3_P,temp_mean_4_P,temp_mean_5_P,temp_mean_6_P,temp_mean_7_P,temp_mean_8_P,temp_mean_9_P,temp_mean_10_P,temp_mean_11_P,temp_mean_12_P,temp_mean_ann_P,temp_std_1_P,temp_std_2_P,temp_std_3_P,temp_std_4_P,temp_std_5_P,temp_std_6_P,temp_std_7_P,temp_std_8_P,temp_std_9_P,temp_std_10_P,temp_std_11_P,temp_std_12_P,temp_std_ann_P,precip_mean_1_P,precip_mean_2_P,precip_mean_3_P,precip_mean_4_P,precip_mean_5_P,precip_mean_6_P,precip_mean_7_P,precip_mean_8_P,precip_mean_9_P,precip_mean_10_P,precip_mean_11_P,precip_mean_12_P,precip_mean_ann_P,precip_std_1_P,precip_std_2_P,precip_std_3_P,precip_std_4_P,precip_std_5_P,precip_std_6_P,precip_std_7_P,precip_std_8_P,precip_std_9_P,precip_std_10_P,precip_std_11_P,precip_std_12_P,precip_std_ann_P,nccpi3all_H,nccpi3sg_H,nccpi3cot_H,nccpi3soy_H,nccpi3corn_H
Tonto Apache Tribe of Arizona,0.4084624286113386,0.4084624286113386,0.001,0.36263288532660726,0.24564267363350079,0.16670560716518382,0.2568930803256718,3.0853943472580467,2.467412825570782e7,0.177,0.298,3.0700000000000003,4.911e6,3.618593658832899,5.527971332680611,7.6997077478922815,11.242223111438365,15.06608957315577,20.278006432214273,22.23395192736443,21.827122871467104,18.336327133958942,13.675547821401638,6.510666197853272,3.52503695259582,12.461770396899714,3.2911356296381005,3.2773443812745837,2.8958646308106566,2.9860850045098264,3.345509799796732,3.1557478058600013,3.455242742417631,3.2301342920567184,3.4091192340602463,2.5477031005846547,3.7779806477412285,3.4103435775428963,3.2318509038803973,59.69489252082366,50.52575902828851,51.78660382492082,33.74147179824738,28.232096549774333,20.537340113722124,33.0841597647653,33.20732597893606,31.745853426299973,35.08026872726132,40.95154055707815,48.494358683652145,38.92347258162061,52.59895123997487,42.425273073644924,37.91790080494586,24.299691906036056,23.98081025753679,21.462557714091048,27.367243478642948,20.113025856726214,29.09655842951246,34.99611829235038,46.26405203953914,42.86183156080739,33.615334554578915,5.622222222,3.411111111,10.46666667,10.4,16.86666667,22.94444444,27.57777778,25.04444444,23.56666667,13.84444444,7.066666667,5.322222222,14.34444444,3.348424173,5.120411225,5.360970061,4.435932822,4.596194078,3.16942862,3.8261526950000007,4.375531714,5.165752607,2.797369796,2.803123258,3.74592371,4.06210123,84.85555556,72.27777778,55.566666670000004,20.57777778,4.366666667,8.277777778,49.06666667,69.97777778,40.84444444,39.75555556,36.41111111,27.11111111,42.42407408,56.73187179999999,72.74482418,27.89202395,17.09311102,4.496943406,10.97209845,41.24709081,40.92052596,37.3449833,33.98352951,39.90894149,25.34124328,34.05643226,0.1286940623409249,0.11671360659935559,0.06041489346891608,0.07669428419011597,0.026111135430868865
Chicken Ranch Rancheria of Me-Wuk Indians of California,0.2568077926642313,0.2568077926642313,0.06874782953009664,0.134914952741341,0.1594615752843868,0.12783029849270072,0.18869640999750092,3.4978756676586573,4.112348666912141e7,0.128,0.187,4.06,4.759e6,8.24733467227935,10.322816700611746,11.493365378424738,14.321913871116074,17.25178318896126,21.29110537421266,24.098067670881736,23.360932302219986,21.06549265354905,17.384825852223287,10.78110264273456,7.916746286335746,15.627957216229483,2.011930184326838,2.299428404773582,2.3951824533206296,2.3336476383468465,2.283692791570653,2.8192112280171426,2.543097166617662,2.356276338252511,2.3783003110274548,2.289706455089132,2.498919130197086,2.304138938861437,2.3761275867403864,114.8671380337205,79.16518216689212,72.80151865769305,42.271978108514126,23.02176596229968,6.56368699327275,3.885573986579671,3.8482017570179403,5.589671509474086,23.296793756796436,37.91149708437543,94.85949077526541,42.34020823291191,88.68356275243485,65.42239703871395,61.058875325436986,29.530940915815016,19.255334454515403,8.003931298109912,7.211146346558824,5.666587241092623,6.9574129609878375,26.797071033224576,39.873400307968424,84.35980412038568,36.901705316249895,4.177777778,8.288888889,7.355555556,11.63333333,15.2,19.6,24.21111111,22.96666667,18.15555556,15.24444444,7.155555556,4.588888889,13.21481481,4.248757988,2.190573238,5.430034786,4.92138192,4.55329551,4.7138095,5.032257059,4.097865298,5.343245996,2.533333333,5.556102751,4.606637723,4.435607925,166.4666667,106.6,102.9555556,61.51111111,39.21111111,8.322222222,9.833333333,9.177777778,6.877777778,34.37777778,51.77777778,99.72222222,58.06944445,130.7217943,90.23666106,84.01105747,41.2438615,23.23114528,7.971790542,22.60945599,23.98983002,7.897432776,40.529211,55.91490807,93.40588549,51.81358612,0.2585800945010644,0.25628104346183844,0.13800013853272194,0.13600671190342037,0.08602120662981322
"Morongo Band of Mission Indians, California",0.21381640763785453,0.21381640763785453,0.03561679659212874,0.06542398667425059,0.06108523246624451,0.10414597993456762,0.14388165339275527,3.323987830980814,3.095272857562598e8,0.1,0.146,3.15,1.26963e8,10.374009081269408,11.066728913125143,11.70727925131323,13.360931692804417,14.855219604225573,18.160336683260827,20.139424397043186,20.639305395132645,19.12806155105207,16.964121857956002,12.3440984236637,10.390843265225739,14.927530010162306,1.9873105761665022,2.2214687846079255,2.2371288612289524,2.093805079174657,2.0340056321781206,2.3263679069287377,2.983935893312328,2.4009963435048625,2.2222085215088145,2.1823353662301868,2.25161678430631,2.0177049295071674,2.24657372332633,111.92597536004615,101.38337269478667,72.80698540902867,32.824184837170044,16.28391095053121,3.564028487196986,3.7537110268437957,4.116041449377988,5.1253318318609296,15.965067464448676,25.331522674485882,49.7222991159268,36.90020260867029,105.92645363681588,99.27362485751115,69.26465473859774,23.79813923902866,15.277108511171534,5.664726499806723,6.026637474512933,6.327247015137175,7.810670645045641,19.896831408146006,37.88993488972157,67.42796457020351,38.71533279073736,6.3944444439999995,6.4444444445,7.288888889000001,10.0888888905,13.105555555,17.294444445,21.672222225,21.333333335,17.88333333,14.405555555,8.7666666665,6.594444444500001,12.606018515,1.2815093290000001,1.2667449815,1.8150614505,1.899541301,2.3843083065,1.6335268455,2.1367565304999996,2.6734370435,1.3546047855,2.38982291,1.8147102625,1.4045884855,1.8378843525,152.90555559999999,123.8277778,75.183333335,39.722222224999996,16.98888889,3.3722222224999996,21.07777778,8.455555555499998,9.105555557,21.916666669999998,33.055555555,38.944444445,45.379629635,149.79689230000002,140.57970685,74.87986280499999,25.924536225,14.217892769999999,4.1398926255,31.678735219999997,11.7264938155,11.845667179999998,29.448482025,62.278660275,70.41149692,52.24402658,0.21231676412239633,0.21189326828284705,0.09211500155001318,0.12049874931475872,0.061934845600066506
Winnebago Tribe of Nebraska,0.6661190966561259,0.5511637068921532,0.0010000000000000156,0.6443356287163982,0.6252081663992922,0.08788970204789834,0.1574766417540567,3.0671272568519967,2.0122505697209125e6,0.18168822537634446,0.2639529990877823,2.9312489217259365,673735.9381010209,-8.67159245364166,-7.671233621321808,0.8386197646832486,8.042151905801832,13.99105819463056,19.376532739179577,21.774419614875228,20.838150384720258,15.868855903115307,8.749127385425545,1.0984178763828092,-8.253808514213658,7.165058265014846,2.276968026501876,2.858828014898383,2.296581159216931,1.894089845406948,1.2282643378905551,1.7901894704012382,1.0662126276605777,1.3908937500099499,1.713721077246941,1.914735528986624,2.435813090354754,3.525927276638719,2.0326853505176965,23.77509016007504,15.27720147401238,41.66798419881422,52.92844922844062,92.12264992112043,126.75927618435813,99.32749598401891,133.69728699530236,109.18687000013705,55.49755522969991,52.708314757954646,31.65385019664815,69.55016869542969,8.680329705575764,9.06196597817533,23.442348608419504,13.170372727869838,22.66057284656662,54.068562136274615,58.55115298298802,59.202329361618006,51.477390120044,30.19892234850105,29.93459950728103,17.40697460118252,31.487960076352955,-4.722222222,-2.0500000000000003,3.433333333,11.0444444455,16.261111115,21.594444445,24.377777775,23.211111109999997,17.544444445,11.494444445,2.8777777775,-5.1388888889999995,9.993981482,4.8784472805,4.860292237,3.324876811,2.780595613,2.116959385,1.7810175970000002,1.8046202415,1.656368933,2.2135799874999997,2.5755346250000004,4.734951826,4.584256024,3.1092917135,23.094444445,28.849999999999998,53.16111111,68.80555556,91.105555555,120.16666665,85.144444445,68.37222222,68.083333335,56.077777775,38.85,44.20000000000001,62.159259255,27.69630635,45.356593995500006,42.38246035,44.78560599000001,41.983345220000004,59.89209473,59.61920113499999,39.989509410000004,37.735143029999996,25.793557485000004,27.545016699999998,74.953095405,43.977660820000004,0.4126431482110587,0.40514293017046066,0.0010000000000000015,0.2669512779038864,0.33618330472849384
Coeur D'Alene Tribe,0.4420011439875229,0.4377422463170071,0.000999999999999999,0.27206081559944206,0.3136329392034886,0.12602356824831826,0.18838148693135373,3.222121427229141,4.670881302284191e6,0.13265285410734448,0.17199670464354894,3.369976178973008,3.4110666850064076e6,-1.8767884446376875,0.2723058658905617,3.003680319474501,7.516446315171275,11.427818249920673,14.588660442651767,19.707601675855575,17.91799507108467,13.852360908494415,8.185390246913709,2.2457629558105867,-2.1684060942580534,7.889402292727535,3.622037989273595,2.6986715578471743,1.9850824037560304,2.5049421554225346,2.3516191487487452,2.7679058727446963,2.318117051310182,2.291634193763963,2.1379732587675244,1.7447512330166737,3.7121031199726406,2.2736722704074785,2.5340425213652247,64.05555555433702,30.977423415072042,44.46817045296417,48.73658733955152,50.00032557998704,35.854319790574685,16.008002805477734,16.467503102033994,23.361432194813016,32.89475833282661,62.67056284036422,84.96969762761535,42.53869491907395,63.551936809859114,25.73889690721871,35.11122212704549,43.9603228724753,24.640998775714742,31.080666263192484,12.586489945443416,21.231172685195066,24.35825170349522,32.725459971486146,85.31615347153954,87.71623696349356,40.66815070920024,-1.6533333334,0.3444444446,3.9333333332000002,9.4644444452,11.579999998000002,15.14888889,19.904444444,18.920000002,14.404444446,7.773333333200001,0.722222222,-2.5133333332,8.1690740742,3.624653297,3.5667985724,1.8449031954000001,4.257687793200001,1.7100526626,1.6074775438000002,2.0020944462,1.7503067894,1.9278832038000002,2.9810069480000005,3.5000335376000002,3.2203334028000006,2.6661026160000003,101.426666642,49.146666668,81.013333332,51.31111111,75.66,58.37555555400001,26.559999998,23.993333333999995,45.371111109999994,66.25111111,87.18888887600001,137.19111109800002,66.957407402,91.01613285,26.211498984000002,49.09680940599999,26.900163084000003,29.412930576,30.522730082000002,21.727704510000002,16.0010918194,30.587868414000006,35.251213986,44.230105122000005,116.70333865999999,43.138465626,0.18436950353141435,0.1842681212602493,0.0010000000000000022,0.0605007248923776,0.04111379518887221
"Dry Creek Rancheria Band of Pomo Indians, California",0.1753533463299719,0.17271252871728737,0.0875691808561863,0.044849947050144286,0.11928395921103614,0.11879992365365392,0.16535741276582183,3.704910834195921,1.5163526695225174e7,0.09,0.118,4.0,3.0681999999999996e7,7.790875645397652,9.945993978543187,10.995247642073606,13.529510469169631,16.268526333738436,20.50043631588898,22.378749634404084,22.151802692342006,20.053089440445422,16.918517612369925,10.513912732261911,7.65129750829053,14.89149666710967,2.153124471294059,2.3936420697143515,2.377902602940484,2.5987682842846622,2.2014857513282093,2.89916856150479,3.1016657427476186,2.9479504247660175,2.8534253890851806,2.3350058835558496,2.182641808623863,2.2184865619865373,2.5219389626974875,161.0846768261212,115.30365023919157,104.54803012122854,48.690658846015005,35.28687404152784,9.85363880012699,3.481756501382358,2.306298267120121,7.433230710663072,34.578686204325656,52.23517759642087,135.61290848289678,59.20129888627747,132.66533382742662,102.10864102238294,90.58325998263825,38.86988675526018,29.98368729916087,13.634043477038823,7.038968031887644,4.967690180081305,10.11251236181664,39.58421930552746,48.35999080443877,123.1103553922498,53.418215703225535,8.433333333,9.111111111,10.9,12.57777778,15.000000000000002,19.5,20.78888889,20.48888889,19.28888889,15.8,10.68888889,7.977777778000001,14.21296296,1.321930407,3.535337482,1.218605761,2.121189394,1.691153453,1.65,1.090234429,0.957136934,1.254436571,2.359025222,1.353185542,1.552238527,1.67537281,237.5777778,151.0666667,137.5666667,59.18888889000001,36.81111111,12.91111111,5.0,6.622222222,8.044444444,38.16666667,57.27777778,181.8444444,77.67314815,201.9105729,116.7436187,126.192264,41.8132588,27.11357798,14.34611833,9.686072475,15.81990659,10.78947532,41.13505196,42.94091225,129.8782229,64.86408768,0.3688083069283412,0.36618448199537984,0.1221602655985958,0.14851064185699206,0.2135435925363214
Redwood Valley or Little River Band of Pomo Indians of the Redwood Valley Rancheria California,0.4403854479056433,0.44036600254410907,0.21458995852631582,0.23586463244851372,0.2927970301346382,0.11879992365365392,0.16535741276582183,3.704910834195921,1.5163526695225174e7,0.135,0.194,3.53,7.022e6,7.790875645397652,9.945993978543187,10.995247642073606,13.529510469169631,16.268526333738436,20.50043631588898,22.378749634404084,22.151802692342006,20.053089440445422,16.918517612369925,10.513912732261911,7.65129750829053,14.89149666710967,2.153124471294059,2.3936420697143515,2.377902602940484,2.5987682842846622,2.2014857513282093,2.89916856150479,3.1016657427476186,2.9479504247660175,2.8534253890851806,2.3350058835558496,2.182641808623863,2.2184865619865373,2.5219389626974875,161.0846768261212,115.30365023919157,104.54803012122854,48.690658846015005,35.28687404152784,9.85363880012699,3.481756501382358,2.306298267120121,7.433230710663072,34.578686204325656,52.23517759642087,135.61290848289678,59.20129888627747,132.66533382742662,102.10864102238294,90.58325998263825,38.86988675526018,29.98368729916087,13.634043477038823,7.038968031887644,4.967690180081305,10.11251236181664,39.58421930552746,48.35999080443877,123.1103553922498,53.418215703225535,7.933333333,8.677777778,9.655555556,11.64444444,14.5,18.34444444,20.544444440000003,20.57777778,18.58888889,14.78888889,9.6,7.633333333,13.540740740000002,1.393735986,3.097490023,2.13548069,1.387543793,1.70513929,2.78438104,0.719567771,2.6413906270000003,1.90292173,1.923177348,1.523975065,1.68597153,1.908397908,215.8,143.5555556,138.7444444,64.95555556,49.66666667,19.38888889,9.411111111,5.366666667,12.37777778,48.14444444,70.59999999999998,211.6444444,82.47129629,174.60551970000003,111.0239514,140.4865306,45.4295364,37.89930738,20.93504505,18.884282120000005,9.853933225,17.36381135,44.75301976,57.33319283,185.5163814,72.0070426,0.3688083069283412,0.36618448199537984,0.1221602655985958,0.14851064185699206,0.2135435925363214
"Soboba Band of Luiseno Indians, California",0.2301737465323704,0.20476498913406158,0.17300630271392772,0.13785809877739427,0.0634504086991562,0.10414597993456762,0.14388165339275527,3.323987830980814,3.095272857562598e8,0.1,0.146,3.15,1.2696299999999999e8,10.374009081269408,11.066728913125143,11.70727925131323,13.360931692804417,14.855219604225573,18.160336683260827,20.139424397043186,20.639305395132645,19.12806155105207,16.964121857956002,12.3440984236637,10.390843265225739,14.927530010162306,1.9873105761665022,2.2214687846079255,2.2371288612289524,2.093805079174657,2.0340056321781206,2.3263679069287377,2.983935893312328,2.4009963435048625,2.2222085215088145,2.1823353662301868,2.25161678430631,2.0177049295071674,2.24657372332633,111.92597536004615,101.38337269478667,72.80698540902867,32.824184837170044,16.28391095053121,3.564028487196986,3.7537110268437957,4.116041449377988,5.1253318318609296,15.965067464448676,25.331522674485882,49.7222991159268,36.90020260867029,105.92645363681588,99.27362485751115,69.26465473859774,23.79813923902866,15.277108511171534,5.664726499806723,6.026637474512933,6.327247015137175,7.810670645045641,19.896831408146006,37.88993488972157,67.42796457020351,38.71533279073736,6.255555556000001,6.011111111,7.822222222000001,9.611111111,12.56666667,17.82222222,22.55555556,20.75555556,18.48888889,13.633333329999997,8.955555556,6.344444444,12.568518519999998,2.013151206,4.925049351,1.6192419349999998,3.1986108100000004,3.1957002360000004,2.255425557,1.785434899,3.35227949,1.941291094,3.715508041,2.566179607,2.87319992,2.786756012,139.4555556,106.4666667,72.33333333,40.76666667,16.23333333,3.822222222,22.84444444,12.97777778,6.0,20.35555556,28.54444444,36.0,42.15000001,138.2598289,125.78024490000001,59.69872277,21.46066169,15.464879570000003,4.820989986,32.87567912,21.12213163,8.959492173,26.50094862,56.97745412,66.07894899,48.16666521,0.21231676412239633,0.21189326828284705,0.09211500155001318,0.12049874931475872,0.061934845600066506
Prairie Band Potawatomi Nation,0.5351284296583351,0.5005861278034512,0.01601332915139986,0.4698663067169111,0.4963650617965824,0.13035482931067296,0.14816283131431882,2.820513143348309,5.351719465714753e6,0.122,0.189,3.08,845000.0,-5.356906288214284,-6.215392246839286,0.05854700843956045,6.468475274822801,12.67773962323489,17.72081807173077,20.402312271586542,19.886462148392855,15.237309218324173,8.810859279617441,2.9948260072554937,-4.568093711877746,7.343079721595467,2.9544847932685436,3.220215763783654,2.867234680180631,2.2373321864581044,1.6535418146016483,2.226833363478709,1.4772385676510986,1.5095671605295324,1.6157322209718408,2.0232478307582413,2.2195620301167582,3.3358151600549437,2.2784004645103018,52.49321581213598,41.39194902175136,42.21225579940248,70.91521672786399,82.34629121084475,96.43139498936125,84.86755189714282,77.46564407831731,93.80339589787772,72.0670787543063,79.95571581129118,58.27683913198488,71.01887909493131,20.705296981847525,25.579482158770602,22.090638425535708,26.030592827994504,34.690268686813184,49.48058631486263,22.46418748587225,28.14180465492444,25.631797675817296,29.490820970515102,35.229643096050815,23.726006364800817,28.60509380277472,1.188888889,0.444444444,7.955555556000001,15.03333333,19.4,23.93333333,27.17777778,26.4,20.5,15.888888889999999,7.266666667,0.033333333,13.76851852,6.536712561,7.80434352,3.836049762,3.716853508,3.178836265,2.242208732,1.763361688,2.425901894,2.25,3.378403634,4.567274899,5.178561576,3.906542337,24.98888889,32.44444444,74.3,58.95555556,113.7888889,151.2777778,96.28888889,116.2666667,97.1,69.18888889,33.26666667,25.12222222,74.41574075,11.58063518,18.5921429,56.20673892,29.86013694,58.16610792,59.32378903,41.7211111,62.99666658000001,60.93166254,45.41911614,19.54366905,25.77342516,40.84293346,0.4589670151554811,0.38196027068350413,0.0009999999999999992,0.38166588842977023,0.44454228224064035
"Minnesota Chippewa Tribe, Minnesota (Leech Lake Band)",0.4418278154583395,0.41870544742507376,0.000999982210788848,0.3116068499694932,0.36699695299526924,0.11956643176760917,0.18363649133435053,3.0201690802403958,1.6051001185077087e6,0.11101924624786695,0.2023349899336315,3.0734660545446473,2.0462971160739497e6,-9.01652525605312,-8.581901711428312,-0.9364844206547164,6.06650504913995,12.445514283677939,17.457763302500346,20.188474531801003,19.390850986431694,14.333130990924523,7.6285648964771955,0.43420145908966473,-7.861836605708035,5.962354792207995,2.4630252076818913,2.7976508624271252,2.5292736052059652,2.038882139601867,1.4109258931980178,1.8985866056581986,1.1923773064384586,1.3686201792279367,1.8039621078914592,1.8165112969858759,2.725452403424386,3.894850801447424,2.161676534139061,32.68985735805826,23.048442051078734,37.94562188005283,54.23630507656025,79.48830859105102,108.78285370318831,90.16042832399471,105.63458952015978,106.84854450630046,70.64516793325103,60.59835626245469,40.9470065961577,67.5854568172819,14.634240561345413,12.710641098350989,22.1293202917853,21.009523159472256,29.69510092341784,43.98912818500753,34.69783199990391,37.70028745394119,46.23321807162231,29.210831172872698,31.419326570127385,21.07166843038452,28.708426493534038,-12.030158728571427,-9.344444443571426,-0.3507936508571428,6.1460317459999985,12.887301587142854,18.255555555714285,20.371428571428567,19.66507936571428,15.055555555714283,6.985714285714283,-0.9142857142857139,-10.347619047714284,5.531613756999999,2.6246656589999993,3.956737953999999,4.678823400285713,2.3482650485714283,1.398682727142857,2.7852073924285707,0.8661011159999997,2.0922188051428563,3.5560599309999996,1.9463187685714285,5.040366559142856,5.850744431142856,3.0953493161428565,24.807936507142855,15.374603174285712,32.50634920571428,38.530158731428564,76.28095238142855,103.09682537142855,107.71111112285713,94.17142856999996,75.67301587285712,64.60476190428571,52.41269841142856,26.84761904714285,59.33478835857142,19.104469444285712,5.492642019999998,15.16250371428571,29.341785517142853,49.23969661999999,34.28940501571428,65.11939853714286,44.005712215714276,34.122292229999985,27.620300549999996,34.64889197714285,16.59434525714285,31.22845359142856,0.42228977260813,0.39309940958655654,0.0010085335232408593,0.27934228746127215,0.3809500440182412
Quileute Tribe of the Quileute Reservation,0.3705557498174024,0.3175113170176149,0.0009999999999999998,0.3389906125702486,0.3555975450113197,0.14700000000000002,0.252,3.3099999999999996,6.145e6,0.147,0.252,3.31,6.145e6,7.277777777999999,8.993924860381291,9.458073541095917,12.296402876822539,13.806634693429256,18.251438847577926,20.34620303582734,20.439555022697835,16.455022648045556,12.688902211750598,7.454596323155872,6.5458832936426825,12.834534592002397,3.5481607130000006,3.01948908751079,2.1020825789964017,2.55134455004916,3.9432194703189434,5.09612674959592,4.192487929682253,5.002220142410071,2.4350748932434048,4.3233223359088715,2.670148139359712,2.9242172586163053,3.483991153756593,198.23229417338115,151.35399677961627,117.70778043968822,97.47725818773381,72.58888888999996,54.52120969824939,8.985638155980812,20.781481482170253,47.621822540227804,103.48842256510785,243.02350119352505,239.832001038609,112.96785793129489,169.95632415611504,88.97367676806951,42.62238481773379,76.15717746110307,37.316465679999986,43.094678461846485,8.54727809903477,31.091233198309336,41.703774487997585,66.05652198898079,118.26176272805748,146.4924936901678,72.5228142945683,4.166666667,5.255555556,6.1,9.555555556,11.34444444,14.55555556,17.25555556,16.75555556,14.31111111,9.933333333,6.488888889,3.9111111109999994,9.969444445,3.505709629,2.684730485,2.23159136,1.675642497,1.242086059,3.325699592,3.02535581,2.445460647,1.235358697,2.421776208,2.458884119,3.287645223,2.461661694,287.2666667,196.1777778,168.3555556,129.9,93.05555556,83.2,48.54444444,50.97777778,71.78888889,227.0777778,271.6222222,284.6666667,159.3861111,119.65718740000001,101.8830552,74.64377253,69.29880951,53.97388515,46.22883299,31.790490369999997,36.82216648,53.72812216,115.8284915,197.9476179,134.2806948,86.3402605,0.34422856503199734,0.3110996765204993,0.0010000000000000002,0.27077119081984224,0.34422856503199734
Flandreau Santee Sioux Tribe of South Dakota,0.6215867611308554,0.5385886535724088,0.001070406582138625,0.5927764869812757,0.5892292125376664,0.09148473856550268,0.14247639356106975,3.0845853179313045,1.0606710486884613e6,0.107,0.17,3.11,369000.0,-7.744505147496533,-5.764638705352215,1.9604127815194368,8.732738247785012,14.40456392629734,20.293184218685344,22.73444728733547,21.696239539387662,16.863322965780927,9.36018672570265,0.6977392261452219,-7.319713338361398,7.992831477337357,2.913468948736093,3.0097861646719055,2.1605327423871494,2.1212279108173733,1.6101026901739772,1.7083311996919839,1.0594252627407579,1.4568459951726078,1.9486646118691449,1.7646671852707718,3.794323366464743,3.9529046023301686,2.2916900567540717,14.081894998572126,12.233413766009576,37.557055945361306,54.870009880293324,95.73849396459003,109.91671212870307,83.01315420779338,87.75561917934546,69.22117567421616,43.25595950434194,29.406582968791447,20.083022736212925,54.76109124653497,7.783732804583587,9.723030587318346,22.94919684682782,31.310750318009497,39.893842101385545,53.21532654240077,45.6816438604666,41.76411560713983,41.18449323913274,20.616158515462082,25.40567119346781,16.41112579380069,29.66159061729366,-7.6,-6.1,1.377777778,9.3,14.74444444,20.26666667,23.56666667,21.7,16.02222222,9.7,0.955555556,-8.155555556,7.981481482,4.288647806,3.474550331,2.826118264,2.636759375,1.682342943,1.78605711,2.294558781,1.523154621,2.019144483,2.092247595,4.796642344,4.448907481,2.822427595,12.28888889,37.55555556,46.73333333,58.21111111,98.76666667,130.4222222,89.76666667,97.28888889,96.56666667,56.14444444,36.15555556,38.55555556,66.53796296,9.932326571,82.3413795,45.06656188,30.930908669999997,41.1949026,63.74536802,36.47821268,41.42050955,67.67680548,48.38830208,31.08758237,52.37766965,45.88671075,0.6078500061945394,0.5301420150456002,0.0013405814350696166,0.5781345052743383,0.5308200820656964
Miccosukee Tribe of Indians,0.24200193483913107,0.241260134137266,0.023469402050923904,0.04670625994226817,0.030391912180992253,0.164,0.26,2.99,1.833e6,0.11596650951115811,0.16301434926465944,3.57091153686575,1.343220238280798e8,0.974255628245098,1.4844952795490194,2.916993464075163,7.233623819964053,12.073710962320261,17.284604211601305,20.048366014183006,19.684095860130718,16.983696440882355,11.566085692875816,1.5976761077026143,-0.6920116195522875,9.26296598854902,5.781041706839869,6.102792907415032,1.1893026533758169,4.891276170614379,5.061090892130718,4.21074563756536,2.035006887006536,1.587161776205882,4.636515905333333,5.207960776558823,2.9976051372058823,2.1978379392418304,3.82486153225817,34.82730573800654,63.391902687222235,35.296986202777774,30.067247637124176,54.17222222444443,47.833732751241826,23.0223311529085,49.936819172777774,16.881735657450978,26.78580246715686,29.892483659248363,50.24927378401961,38.52982026003267,22.2105108277451,49.888719059705885,19.925671787124184,21.284042388496733,33.82220364630719,78.5680587243464,23.698151941928106,66.6213033179085,15.290070276339868,20.204833934607844,25.356496658137253,63.27127980607843,36.678445197549024,16.625925926666664,15.970370373333331,20.640740740000002,21.05925926,24.407407403333334,26.151851849999996,26.299999996666667,26.855555556666662,26.892592589999996,24.07777777666666,18.851851849999996,15.248148149999999,21.923456786666666,5.991307910999999,7.760478322666667,4.216188638999999,5.711783892999999,5.5038910073333325,3.490512808333333,3.895429009333333,4.051155967666666,2.763166286333333,5.812447284666667,9.137361146666665,8.431772226,5.563791208666667,29.618518516666665,38.70000000333332,65.95555555666667,86.72222223333333,92.27037037,205.07407406666667,150.32222223333332,178.15925926666665,173.14444443333332,130.48518516666664,42.88148148,39.71111111,102.75370371999999,25.09210394666666,32.82332354,38.74209175,53.85846242333333,58.38134920333333,145.70575586666664,85.03977045333332,138.03084116666665,88.82203429999998,98.45348723333332,35.29360049,29.795050083333336,69.16982253666666,0.2352129807803031,0.21145897696972674,0.17386380841021543,0.17065714114408645,0.18989230313135644
Match-e-be-nash-she-wish Band of Pottawatomi Indians of Michigan,0.5030101555007082,0.46987021052394545,0.0010000000000000005,0.36848943725137695,0.4811848622728486,0.13035482931067296,0.14816283131431882,2.820513143348309,5.351719465714753e6,0.097,0.094,2.86,5.43e6,-5.356906288214284,-6.215392246839286,0.05854700843956045,6.468475274822801,12.67773962323489,17.72081807173077,20.402312271586542,19.886462148392855,15.237309218324173,8.810859279617441,2.9948260072554937,-4.568093711877746,7.343079721595467,2.9544847932685436,3.220215763783654,2.867234680180631,2.2373321864581044,1.6535418146016483,2.226833363478709,1.4772385676510986,1.5095671605295324,1.6157322209718408,2.0232478307582413,2.2195620301167582,3.3358151600549437,2.2784004645103018,52.49321581213598,41.39194902175136,42.21225579940248,70.91521672786399,82.34629121084475,96.43139498936125,84.86755189714282,77.46564407831731,93.80339589787772,72.0670787543063,79.95571581129118,58.27683913198488,71.01887909493131,20.705296981847525,25.579482158770602,22.090638425535708,26.030592827994504,34.690268686813184,49.48058631486263,22.46418748587225,28.14180465492444,25.631797675817296,29.490820970515102,35.229643096050815,23.726006364800817,28.60509380277472,-4.977777778,-4.6,1.433333333,8.122222222,14.26666667,18.86666667,21.71111111,21.15555556,16.43333333,9.822222222,3.8666666669999996,-3.188888889,8.575925926,3.251068201,4.796613389,3.6342124320000004,2.896885301,1.747855829,2.122498528,1.457261511,1.993182826,1.570827807,2.131183813,1.755704987,2.49321301,2.487542303,60.52222222,46.43333333,59.63333333,69.55555556,103.6444444,102.8444444,104.3666667,86.1,92.82222222,78.84444444,96.06666667,79.56666667,81.7,33.57349318,20.86701943,33.08190593,29.63414885,55.77466071,35.2430529,27.69178579,27.59066871,38.97662049,41.59877135,41.98803401,40.19564653,35.51798399,0.4589670151554811,0.38196027068350413,0.0009999999999999992,0.38166588842977023,0.44454228224064035
Robinson Rancheria,0.4887370136414907,0.4887370136414907,0.15069343763102852,0.27039525671129266,0.26106455988035304,0.1174439751431481,0.16532091084284226,3.709291106555866,1.3917620649112908e7,0.157,0.231,3.9200000000000004,6.666e6,7.642853564129819,9.32231189212505,10.418738322964687,13.100465557456896,16.048874443117885,20.20284508856802,22.721464944164598,21.92738573539562,19.948567154311206,16.45470486205967,10.093652047790432,7.194861889560643,14.589727125169778,2.3703956435887297,2.723911917977463,2.9085643583985754,2.6482630514625485,2.6782743490104717,3.258101414333943,3.0068807579152934,3.067326817668827,3.0453794722441345,2.8056882002432486,2.732970717075794,2.7315995029966817,2.83144635029351,153.05798799787942,107.19911219765771,95.79154714671218,44.26247114385462,35.226722809948704,9.225196431147157,4.906323720163574,5.389249675762368,9.955650259187436,34.63002210191368,50.132377517722695,126.29671873883899,56.33944831164926,132.79893668164283,90.98773112042555,83.88938725823701,34.75903662347935,29.02202532807558,11.807824075396452,8.269909819811744,7.414280631869733,11.853620779307757,37.47786874395411,50.49151261182136,116.84411482547272,51.30135404170055,6.500000000000001,6.688888889,7.922222222,9.722222222,12.4,17.66666667,19.55555556,18.87777778,17.05555556,13.15555556,8.077777778,6.0,11.96851852,1.320984481,3.6491247049999997,1.419311257,1.949857545,1.548386257,3.320391543,0.789162707,0.766122996,1.202197063,2.174345368,1.536861882,1.615549442,1.774357937,237.88888890000004,145.7777778,148.3111111,69.4,56.58888889,20.8,5.255555556,10.97777778,18.78888889,45.81111111,72.76666667,204.6111111,86.41481482,194.383657,115.6938177,124.76985260000001,45.25403297,37.49798143,23.91584203,11.21674096,19.53425055,16.30869741,43.2073907,59.441778240000005,129.0186173,68.35355491,0.36578453449275733,0.36355135863991794,0.1514558110119196,0.18623018947298725,0.19632218631174092
Modoc Nation,0.5368959758673228,0.4327020223337402,0.4706908550266219,0.40546659575021926,0.5257873438610511,0.15158430017293376,0.21586909017715764,3.301946970395619,1.9493463520073807e6,0.17,0.264,2.98,2.716e6,2.3816436826714,4.822892187612264,6.06773197979578,9.047469208163495,12.553354078632065,18.12489273172618,21.909159879054187,20.820971847027465,17.267236023795054,11.626660318224069,4.841871425534317,1.4409401622396538,10.908735293546956,4.141284677208863,2.834666637652726,2.445780698999918,3.4113383501345345,3.23589914303759,2.6826335221497937,2.8456428073445585,2.787729234361086,3.4839300838897236,3.062577226823946,4.085989630293159,4.027809862979384,3.2537734896173984,103.20994008823018,94.85934834014495,90.6615733420405,49.18962573809458,50.19885590042532,15.38611352054785,8.170501964175966,5.296298469051565,12.795120928074173,40.85287002556867,54.44535076814558,109.26306801236227,52.86072225792748,124.08962627744643,94.59928151317013,101.69470046735205,44.78653539928902,38.394633454205675,15.354936051986906,11.201037620492796,6.5915526272115335,16.21163168511321,47.20677746259865,62.28039332505928,124.76316418585908,57.26452250568522,2.366666667,4.044444444,10.13333333,14.76666667,19.06666667,24.65555556,27.03333333,26.93333333,22.76666667,15.622222220000001,9.455555556,2.644444444,14.95740741,2.752271789,2.831126592,1.393735986,1.220655562,0.916515139,1.460403293,1.533786165,1.503329638,1.607793519,1.170232645,2.295163998,3.22765825,1.826056048,70.84444444,67.93333333,110.95555559999998,99.27777777999998,181.76666670000003,125.4333333,85.38888889,83.27777777999998,101.5,81.12222222,91.97777778,75.38888889,97.90555556,45.5720888,47.984841360000004,54.46395852,41.91061255,82.35030358,47.23314514,55.21570077,62.81589723,51.08125879,60.68959503,80.40044741,74.14164559,58.6549579,0.1310149174821247,0.12275524192902729,0.0009994876106402119,0.0700763803058238,0.028946977040897815
"Citizen Potawatomi Nation, Oklahoma",0.3925058235224002,0.3544004035729066,0.24700249917134348,0.37146334593373687,0.3427926583839122,0.13035482931067296,0.14816283131431882,2.820513143348309,5.351719465714753e6,0.1421748006607749,0.2087522595401262,3.014256144651789,1.2483986717781419e7,-5.356906288214284,-6.215392246839286,0.05854700843956045,6.468475274822801,12.67773962323489,17.72081807173077,20.402312271586542,19.886462148392855,15.237309218324173,8.810859279617441,2.9948260072554937,-4.568093711877746,7.343079721595467,2.9544847932685436,3.220215763783654,2.867234680180631,2.2373321864581044,1.6535418146016483,2.226833363478709,1.4772385676510986,1.5095671605295324,1.6157322209718408,2.0232478307582413,2.2195620301167582,3.3358151600549437,2.2784004645103018,52.49321581213598,41.39194902175136,42.21225579940248,70.91521672786399,82.34629121084475,96.43139498936125,84.86755189714282,77.46564407831731,93.80339589787772,72.0670787543063,79.95571581129118,58.27683913198488,71.01887909493131,20.705296981847525,25.579482158770602,22.090638425535708,26.030592827994504,34.690268686813184,49.48058631486263,22.46418748587225,28.14180465492444,25.631797675817296,29.490820970515102,35.229643096050815,23.726006364800817,28.60509380277472,4.9155555556,6.671111111,12.048888889999999,16.508888889999998,21.073333334,26.26888889,28.493333334000003,28.82,24.62888889,17.511111112,11.293333334,4.8466666666,16.923333332000002,2.260850818,2.6470933796000002,1.3044560762,1.021678284,0.9177624378,1.4630155448,1.230204403,1.3017814736000002,1.3893157237999998,1.1258270404,2.0179717056,2.6667628666,1.6122266464,65.275555556,52.83111111200001,99.913333328,95.22444443599998,167.08666668,128.19555556000003,85.78888888799999,62.44444444399999,100.04666666600001,89.30444444800001,61.086666668,53.171111112,88.364074074,26.601387186,34.237215002,66.833273582,61.378323206,95.27023752800001,62.326650097999995,57.92225945199999,51.43910103,54.546235134,73.791014862,52.067929766,35.058359076,55.955998828000006,0.4589670151554811,0.38196027068350413,0.0009999999999999992,0.38166588842977023,0.44454228224064035
"Shoshone-Paiute Tribes of the Duck Valley Reservation, Nevada",0.1153522550083994,0.10965187900846689,0.001909624041894278,0.06582956514998332,0.03374937696730447,0.1139175560770058,0.1438689914292486,3.16800641956699,1.0066589699676465e7,0.11710919903984733,0.17151605868233047,3.314775178447373,1.9057136008471337e6,0.39530939017620387,2.15292826057246,5.125292226822194,9.13602069329156,12.69597709281826,17.8692025093645,21.461906290771232,20.642882192172184,16.838466795361448,11.280494099834145,4.164529305324882,0.31292246801440315,10.172994277070165,3.205904845896395,3.3049209548515703,2.987918103768632,2.4216784253706813,2.9289416346168613,3.0627577765767655,2.6589157919804878,3.117276594821646,2.8704988663572255,2.5532836327794204,3.761892409342219,2.9734721861671045,2.987288435251491,63.23651533520523,51.22551993126121,59.05642057217358,47.90548800046019,54.691634173100034,29.862452579812203,28.157338663521205,21.72446273487891,25.309124839081043,37.92031185090073,52.30761808533841,66.82058977478728,44.85145637890837,46.83606871858371,34.948117921931406,34.92942909273986,27.9150934441346,29.569396738092543,18.96758847793691,24.455646553373306,20.491475705074887,18.516822359903806,31.102766315802203,43.6985286945522,52.49213763910393,31.993589305287692,-1.9777777777499999,0.5055555554999999,2.5555555555000002,7.49999999975,10.5638888875,15.4027777775,20.13611111,18.838888889999996,14.255555554999999,8.05555555525,1.02777777775,-3.5916666667499997,7.772685185,3.3851167967499998,5.3590630405,2.9502163805,3.39488905925,3.112886586,3.4846335235000003,1.8407405275,2.681721885,2.88078728775,2.7470276114999996,3.3712369825,3.8285571297499996,3.2530730675000004,41.708333332500004,33.1027777775,35.5194444425,31.547222222499997,43.583333335,22.391666667499997,20.4583333325,12.241666663499998,15.5666666675,28.966666665,30.233333335,52.85277777750001,30.68101852,24.898607117500003,22.483980800000005,17.235456442500002,15.876663590000001,22.7310071975,15.8779411025,25.809017839999996,18.60600371675,17.167607139999998,21.638040765,14.955100932499999,44.686319335,21.830478829999997,0.18336032306240435,0.1787826127356521,0.004455264746568565,0.12236238417065273,0.04683887289231729
"Lovelock Paiute Tribe of the Lovelock Indian Colony, Nevada",0.08221981568189668,0.03070842206386103,0.05251139361803565,0.017759955870638767,0.001,0.12546243484520272,0.17361458047270506,3.1898824682904174,4.464882587038589e6,0.12200000000000001,0.20900000000000002,3.3999999999999995,467000.0,6.5939475280418804,9.679382226471999,10.739637209536276,13.34929750890962,16.117439866344956,20.206392042689,22.758568480178496,22.369002196030745,20.008539890924414,16.225050957458052,9.635293501122833,7.012788449290727,14.557944988089373,3.365435190742652,1.8651844414837315,2.1292935248016427,1.9322213632491803,1.9942007813428309,2.1944017273812486,2.1944138269174136,2.567447180515441,2.051595967032345,2.160243854299028,2.382209377130707,2.688665420471649,2.2937760547000243,123.50116318122478,97.96628257880342,82.01242487237145,59.128787540687306,35.85497418246527,17.32455687806551,5.4244529992156165,8.563283183421207,14.18609027016176,55.114138873827464,83.96732398341587,121.04778035177051,58.67427157562876,84.0804397417744,62.36006418444594,50.577863491920425,38.37958880877192,23.07502136625029,13.334752060017482,6.5413190818742235,13.055278511786774,14.607899980416473,53.71191325688082,71.91759010498093,82.66843817683294,42.859180730496085,0.48888888899999994,3.722222222,5.311111111,9.566666667,12.61111111,18.64444444,23.68888889,21.25555556,16.58888889,12.64444444,4.6,0.688888889,10.81759259,2.6035766,3.034706649,1.553580095,1.6970562750000002,1.89238239,2.899185709,2.107394389,2.543182608,1.947077582,3.08994786,2.874021573,2.607893999,2.404167144,19.93333333,16.96666667,31.35555556,21.76666667,37.08888889,14.766666669999998,12.98888889,8.266666667,11.53333333,17.65555556,17.18888889,59.71111111,22.43518519,12.74705848,12.78025821,39.02153608,22.74477962,20.27901899,15.89740545,24.19780178,10.08365013,11.34471242,19.13524961,17.04475318,113.38960979999999,26.55548615,0.10344469959252554,0.10113557956608257,0.009975408475398828,0.04010860740984611,0.006426201222627683
"Las Vegas Tribe of Paiute Indians of the Las Vegas Indian Colony, Nevada",0.015267543798205772,0.015265723323194385,0.0031255000101913216,0.007220182977791581,0.001,0.12546243484520272,0.17361458047270506,3.1898824682904174,4.464882587038589e6,0.128,0.193,3.31,1.53292e8,6.5939475280418804,9.679382226471999,10.739637209536276,13.34929750890962,16.117439866344956,20.206392042689,22.758568480178496,22.369002196030745,20.008539890924414,16.225050957458052,9.635293501122833,7.012788449290727,14.557944988089373,3.365435190742652,1.8651844414837315,2.1292935248016427,1.9322213632491803,1.9942007813428309,2.1944017273812486,2.1944138269174136,2.567447180515441,2.051595967032345,2.160243854299028,2.382209377130707,2.688665420471649,2.2937760547000243,123.50116318122478,97.96628257880342,82.01242487237145,59.128787540687306,35.85497418246527,17.32455687806551,5.4244529992156165,8.563283183421207,14.18609027016176,55.114138873827464,83.96732398341587,121.04778035177051,58.67427157562876,84.0804397417744,62.36006418444594,50.577863491920425,38.37958880877192,23.07502136625029,13.334752060017482,6.5413190818742235,13.055278511786774,14.607899980416473,53.71191325688082,71.91759010498093,82.66843817683294,42.859180730496085,5.466666667,9.944444444,11.52222222,14.899999999999999,21.099999999999998,26.91111111,27.34444444,29.32222222,24.5,19.42222222,9.522222222,7.033333333,17.24907407,4.224630161,2.119027555,1.435076459,3.861994303,2.262189205,2.452776205,6.668416437,3.551329954,2.235508891,2.889540525,4.226930854,4.563441684,3.3742385189999995,40.8,35.92222222,14.03333333,11.92222222,29.6,5.733333333,17.63333333,9.888888889,9.655555556,15.477777779999998,6.488888889,16.5,17.80462963,35.91416851,34.16605691,12.08242525,14.56208929,59.09496594,11.578860049999998,15.89315891,12.549944669999999,11.376083589999999,16.30673004,10.91357463,28.46489065,21.90857904,0.10344469959252554,0.10113557956608257,0.009975408475398828,0.04010860740984611,0.006426201222627683
Confederated Salish and Kootenai Tribes of the Flathead Reservation,0.20289262261793264,0.2009288107065241,0.0012815351792991455,0.10865325221967688,0.07131920338200715,0.10828346104693476,0.1755547192090293,3.2469793844591917,3.099422191912405e6,0.13127708110970598,0.22455450921813946,3.2489747852555713,2.1196834215489314e6,-5.25301884679613,-2.720281324779303,1.1675245816988944,5.559726044588064,10.195515746218069,14.638736849553656,19.333486987083315,17.838011695934636,12.782538190390717,7.021369245367135,-1.0212066650397966,-5.253234037812171,6.190764038904027,3.297550347504571,2.2150339704611377,2.3787573268602036,2.298294609656053,2.280874942869581,2.7275199457880572,2.864509421743099,2.57527625391053,2.78758377650509,2.089075872965861,3.090426589359925,2.98390901206566,2.632401005845935,34.83613157654706,20.39598905240954,26.477158225397027,34.197981231099156,78.66670237357226,68.4519385236921,30.27432085672439,33.64896497518098,39.456937298394884,35.306428760098115,33.022360681554844,28.98906457405692,38.643664844592706,52.56906682678618,15.74481181582218,14.306962354753928,18.902202078155387,40.336388408007146,42.81211692701819,22.089920862147988,26.2369288586745,29.325765836953106,21.72440632785832,20.261199653388918,20.683478502709452,27.082770704548974,-5.214814814666666,-0.6907407408333333,1.4444444443333333,7.481481480833333,10.529629629666667,14.566666668333331,19.45555555833333,17.17222222166666,12.670370371666666,7.485185185333332,-0.12037037033333332,-4.570370370666666,6.684104938666666,2.685750355833333,4.062826756333333,1.7872202411666662,3.3808578723333333,2.7367723986666657,3.7182051935,3.338343316333333,2.9098020866666663,2.5115704075,4.3927615651666665,5.5444490838333325,4.702636699666666,3.4809329979999992,31.801851851666665,25.86111111,25.866666666666664,33.06296296166666,76.88888888833331,62.91481481333332,33.096296295,43.555555556666654,38.74999999999999,42.48703703833333,41.57962962833332,39.89999999833332,41.31373457,17.151896426166665,18.003031833666665,9.214744735833333,13.967119791666667,46.498644774999995,31.242396523333333,27.370327985,34.76522551333333,25.532693588333327,23.1718856,26.51147096033333,25.67860711666666,24.925670406666665,0.2502415392729441,0.242227991821055,0.0015272198507592996,0.1593971790965172,0.1150697000020583
"Pokagon Band of Potawatomi Indians, Michigan and Indiana",0.5653292635166147,0.44421387753498415,0.0009038640534865926,0.5012411223857224,0.5590207990067556,0.13035482931067296,0.14816283131431882,2.820513143348309,5.351719465714753e6,0.14,0.155,2.98,1.0894e7,-5.356906288214284,-6.215392246839286,0.05854700843956045,6.468475274822801,12.67773962323489,17.72081807173077,20.402312271586542,19.886462148392855,15.237309218324173,8.810859279617441,2.9948260072554937,-4.568093711877746,7.343079721595467,2.9544847932685436,3.220215763783654,2.867234680180631,2.2373321864581044,1.6535418146016483,2.226833363478709,1.4772385676510986,1.5095671605295324,1.6157322209718408,2.0232478307582413,2.2195620301167582,3.3358151600549437,2.2784004645103018,52.49321581213598,41.39194902175136,42.21225579940248,70.91521672786399,82.34629121084475,96.43139498936125,84.86755189714282,77.46564407831731,93.80339589787772,72.0670787543063,79.95571581129118,58.27683913198488,71.01887909493131,20.705296981847525,25.579482158770602,22.090638425535708,26.030592827994504,34.690268686813184,49.48058631486263,22.46418748587225,28.14180465492444,25.631797675817296,29.490820970515102,35.229643096050815,23.726006364800817,28.60509380277472,-0.811111111,-2.055555556,8.255555556,9.466666667,16.08888889,20.87777778,23.07777778,22.42222222,20.23333333,11.72222222,3.933333333,-3.155555556,10.83796296,8.088177243,3.15440609,9.076909043,1.887458609,3.6998123080000003,1.8680054719999997,1.189304185,1.537675013,4.423234111,1.173432761,1.966596044,3.281810137,3.4455684180000006,54.300000000000004,57.54444444,53.8,60.84444444,83.98888889,112.48888890000002,77.26666667,75.65555556,69.61111111,74.9,87.37777778,66.27777778,72.83796296,31.144180839999997,33.71276135,25.65472666,34.24401813,65.36211526,51.75897131,39.34529832,65.16594416,30.31569084,35.69142054,69.41510602,26.67150998,42.37347862,0.4589670151554811,0.38196027068350413,0.0009999999999999992,0.38166588842977023,0.44454228224064035
"Paiute Indian Tribe of Utah (Cedar Band of Paiutes, Kanosh Band of Paiutes, Koosharem Band of Paiutes, Indian Peaks Band of Paiutes, and Shivwits Band of Paiutes)",0.06589223102259233,0.06521885992669375,0.0070551214307464204,0.028722557426555623,0.007453784027833911,0.12546243484520272,0.17361458047270506,3.1898824682904174,4.464882587038589e6,0.13006257016805794,0.1645254424979167,3.1629031112137342,9.783015272642368e6,6.5939475280418804,9.679382226471999,10.739637209536276,13.34929750890962,16.117439866344956,20.206392042689,22.758568480178496,22.369002196030745,20.008539890924414,16.225050957458052,9.635293501122833,7.012788449290727,14.557944988089373,3.365435190742652,1.8651844414837315,2.1292935248016427,1.9322213632491803,1.9942007813428309,2.1944017273812486,2.1944138269174136,2.567447180515441,2.051595967032345,2.160243854299028,2.382209377130707,2.688665420471649,2.2937760547000243,123.50116318122478,97.96628257880342,82.01242487237145,59.128787540687306,35.85497418246527,17.32455687806551,5.4244529992156165,8.563283183421207,14.18609027016176,55.114138873827464,83.96732398341587,121.04778035177051,58.67427157562876,84.0804397417744,62.36006418444594,50.577863491920425,38.37958880877192,23.07502136625029,13.334752060017482,6.5413190818742235,13.055278511786774,14.607899980416473,53.71191325688082,71.91759010498093,82.66843817683294,42.859180730496085,-1.3333333329999997,1.5533333332,2.6666666667999994,6.7644444444,11.302222222000001,16.744444444,21.704444444,20.266666668,15.182222222,9.460000000199999,3.1222222219999995,-1.22,8.8511111116,2.5796658709999996,3.8720265501999998,2.7326724091999997,2.0202079736,3.0284989292,2.4272095034,2.746220545,3.0974607164,3.0166065396,1.7470247155999998,4.001134620599999,3.4485934031999994,2.8931101482000003,37.224444444,43.34888889,38.97777778,37.451111112,35.431111109999996,29.56222222,23.733333333999997,30.933333332000004,28.953333331999996,38.12222222199999,32.273333332,22.188888891999998,33.183333336,24.080867542,38.890910334,23.971239358,28.953573902,28.085154003999996,28.214344501999996,23.957384284,22.113722818,27.209478031999996,25.218003603999996,46.122817374,21.604000278,28.201791336,0.10344469959252554,0.10113557956608257,0.009975408475398828,0.04010860740984611,0.006426201222627683
"Jicarilla Apache Nation, New Mexico",0.16283127521856025,0.16255867606794966,0.004998267685218257,0.11961583433998141,0.05708051805316817,0.15986247578463972,0.2595074328509924,3.0538009436050966,4.867661656810272e6,0.11580369601336783,0.19967852159465285,3.097681312294092,3.450936968545508e6,3.434984252221715,5.008709856691932,7.57510020283534,11.506529116683211,16.088305520445193,22.068276465445987,23.69371421747265,22.049126980780283,19.110500404445542,13.789525126373091,6.062273780965873,3.6025302642023993,12.832464682324863,3.3123723590580525,3.4393758600854816,2.8574168274977416,3.3772642898302667,3.5986979090352955,3.336673207937139,3.4409859859607503,3.505479894731502,3.6998469895513297,2.90429475007367,4.098686486932763,3.1374508884153447,3.3923787874583464,28.45109149954324,25.252528004908115,26.421423987997667,20.091534832447817,24.383953529503998,21.48850389308804,49.202371431024055,53.27973755248224,41.94028856614959,33.84043836232295,20.350851554909465,15.230382601734767,29.99442548500341,25.61336905818649,19.65780160391463,18.727918044011158,15.891741026459307,25.93715930682706,22.307721594685688,37.10958041943866,30.024382646856065,36.297783476186396,30.99101944002744,22.691189912050117,12.732331229859977,24.83183314644089,-3.888888888999999,0.04629629633333327,1.2018518519999999,5.998148148166666,10.862962963666666,16.916666668333335,19.314814815,19.090740739999998,13.93888889,9.379629629833333,1.124074074,-2.2574074073333334,7.643981482499999,2.9104271984999994,5.1864122915,3.2735219826666664,2.317984742166667,3.6018899443333328,3.728236859833333,2.2307335055,4.64034061,3.206568154833333,4.120791823166666,2.357740849166666,3.7355090286666663,3.4425130825,48.19259259166667,43.31666666666666,52.57037037166667,36.00370370333333,44.605555554999995,14.498148148,46.822222225000004,54.387037036666655,44.70925925833333,40.70555555666667,26.64814814833333,23.985185183333332,39.703703705,28.472977676666666,22.808596783333332,29.623867536666666,22.165833701666664,48.58233034999999,11.376727135833331,24.61987842333333,26.564322928333333,25.974265314999997,27.52983165333333,23.454014285,21.419160549999997,26.049317195,0.15347759450853712,0.13451292826211286,0.08648119459043858,0.09166566687736499,0.03958067297603518
"Santa Rosa Band of Cahuilla Indians, California",0.23504570702592256,0.23504570702592256,0.022024748475734893,0.08901100225964974,0.08579227657200894,0.10399510506039189,0.1432938932835229,3.3358287203373513,3.195195984595473e8,0.1,0.146,3.1500000000000004,1.26963e8,10.409771494544804,11.056852766643505,11.706911074164978,13.364510750498747,14.846786364851244,18.153437225406357,20.141391274108784,20.628613833496402,19.153837183216236,16.916723046383026,12.343540443979526,10.391804242265593,14.926181642021868,1.9640931368128203,2.205654241681759,2.210149898670225,2.073621125978141,1.9919029886792459,2.27238461264958,2.9689104652540568,2.361525948391883,2.2222094809678197,2.2049459372494584,2.2454974455804493,2.035202369709515,2.229674804411223,112.62692437732332,100.64427578643777,73.16192500119872,32.710424918763984,16.313943582444086,3.601409970982046,3.756747718268453,4.219808020466911,5.021870452054295,15.96974393040663,25.39617486356923,49.420395910052896,36.90363704447741,106.0994912420896,98.52812667351985,69.45924164551994,23.385517751771182,15.396178731935995,5.709194376972331,5.97690152504068,6.510201393279819,7.673654343620087,19.777723103064115,38.21234107880739,67.13319046087173,38.65514686088386,8.733333333000001,8.5555555535,10.661111108999998,12.91666667,15.850000000000003,20.83333333,25.144444445,23.883333330000003,21.300000000000004,16.150000000000002,11.0333333315,8.961111111,15.335185184999998,1.6422880825000001,4.450126623,2.433622416,3.383160453,3.421315142,3.7804780575000003,4.15371646,3.7619175125,3.127823212,3.8497717910000007,3.1851790080000004,2.1993339179999998,3.2823943895000003,92.794444435,71.627777765,41.71111111,20.438888889999998,10.283333334,1.483333333,12.844444445,11.383333334500001,6.8277777775,15.788888885,26.249999999999996,28.544444445,28.33148148,94.44603714,88.28926528000001,39.47905802499999,14.173739152500001,10.530491667000001,2.161967333,21.449760335000004,21.918234379999998,10.396321968999999,22.032053545,45.09713041,49.212610764999994,34.9322225,0.21664211414430415,0.2162512882341567,0.09665714731822615,0.12226324986270033,0.0630975399263605
Prairie Island Indian Community in the State of Minnesota,0.41141266587795633,0.35816602548550946,0.001,0.20911593615487592,0.38152769519799923,0.08537333311617894,0.13719341812557884,3.0540761799773986,1.589829892847908e6,0.078,0.126,2.94,1.787e6,-8.964002885871658,-7.246190231026085,1.164642104310199,8.383324625019416,14.345388572329876,20.014813142960218,22.29975200889996,21.225203004443657,16.37085961112694,8.899683162893814,0.2823983328194848,-8.469014248556164,7.358904766644543,2.7872939408330106,2.8946983258443115,2.2109565238686186,2.245197461699864,1.5054672333834085,1.7005887679679652,0.9695808637312376,1.469275150229051,1.8235483959898144,1.899421921073777,3.4842810093583862,4.035642123864059,2.252162643218207,17.133669648565924,14.118762564570615,39.922799725325696,55.26529607612926,95.77680492627944,116.48775166489895,91.80212158363297,98.32667678488326,81.75246611524757,48.3094356474397,35.86392893328051,23.876927297829063,59.886386747666045,9.94254604910837,9.409396122488365,24.81059478196683,28.446952162689218,37.98637466949676,47.26549166604373,40.743938620790196,41.53930453733726,48.224184730960836,19.95894970822622,29.247514112848215,17.985800242582368,29.630087283428203,-8.466666667,-4.922222222,1.366666667,9.133333333,14.98888889,20.42222222,22.7,22.02222222,16.13333333,9.677777778,1.277777778,-7.6,8.061111111,2.491485501,4.793166432,2.759075932,2.121320344,1.274209995,1.710100712,0.85732141,1.708638184,1.697056275,2.150452149,2.783782399,4.518296139,2.405408789,28.3,16.43333333,45.36666667,69.93333333,90.53333333,133.1555556,91.91111111,123.4888889,97.83333333,57.5,39.13333333,29.31111111,68.575,30.793099880000003,9.335684228,29.32119541,57.20131117,45.11280306,55.65772882,47.15388225,56.18955518,55.14163581,32.06091858,27.47853708,14.05315307,38.29162538,0.6505517840841257,0.5605712748329319,0.0011382269613299646,0.6159646489560923,0.5799421110838784
"Torres Martinez Desert Cahuilla Indians, California",0.05705526466523769,0.05559038371402051,0.018937143630638986,0.03703884754545667,0.001204670173407835,0.10399510506039189,0.1432938932835229,3.3358287203373513,3.195195984595473e8,0.1292169134568103,0.19935253595718105,3.0102693847239648,9.168936922032507e7,10.409771494544804,11.056852766643505,11.706911074164978,13.364510750498747,14.846786364851244,18.153437225406357,20.141391274108784,20.628613833496402,19.153837183216236,16.916723046383026,12.343540443979526,10.391804242265593,14.926181642021868,1.9640931368128203,2.205654241681759,2.210149898670225,2.073621125978141,1.9919029886792459,2.27238461264958,2.9689104652540568,2.361525948391883,2.2222094809678197,2.2049459372494584,2.2454974455804493,2.035202369709515,2.229674804411223,112.62692437732332,100.64427578643777,73.16192500119872,32.710424918763984,16.313943582444086,3.601409970982046,3.756747718268453,4.219808020466911,5.021870452054295,15.96974393040663,25.39617486356923,49.420395910052896,36.90363704447741,106.0994912420896,98.52812667351985,69.45924164551994,23.385517751771182,15.396178731935995,5.709194376972331,5.97690152504068,6.510201393279819,7.673654343620087,19.777723103064115,38.21234107880739,67.13319046087173,38.65514686088386,11.0666666675,11.783333332500002,14.186111109999999,16.8833333325,20.025,24.9750000025,28.091666667499997,27.955555557500002,25.35277778,19.7999999975,14.27777778,11.313888887500001,18.8092592625,1.3088931152499999,4.249098430999999,2.05069632325,3.7367435055,3.832575822,4.287192188750001,5.471271870500001,4.129544911999999,3.43207031375,3.8041961557499997,2.2751524599999997,1.9797160245,3.3797625935,40.3305555575,27.227777777500002,23.700000000000003,15.7027777775,5.794444444499999,0.9222222219999999,5.52222222225,8.188888889,5.627777777749999,8.11388888875,15.205555555,16.38888889,14.393750000999999,37.48228118750001,35.310027865,26.300770910000004,24.93663383,10.858892693000001,1.475657488,9.08467689825,13.626051767500002,9.12431440025,10.93924953775,25.92120089,23.329520505,19.03243983,0.21664211414430415,0.2162512882341567,0.09665714731822615,0.12226324986270033,0.0630975399263605
"Santee Sioux Nation, Nebraska",0.4428393953457203,0.38454732337955627,0.001385293635017185,0.4121737207743507,0.3800840552122669,0.09148473856550268,0.14247639356106975,3.0845853179313045,1.0606710486884613e6,0.12397529083292405,0.18798058565444034,3.0701764940505427,545845.5677057753,-7.744505147496533,-5.764638705352215,1.9604127815194368,8.732738247785012,14.40456392629734,20.293184218685344,22.73444728733547,21.696239539387662,16.863322965780927,9.36018672570265,0.6977392261452219,-7.319713338361398,7.992831477337357,2.913468948736093,3.0097861646719055,2.1605327423871494,2.1212279108173733,1.6101026901739772,1.7083311996919839,1.0594252627407579,1.4568459951726078,1.9486646118691449,1.7646671852707718,3.794323366464743,3.9529046023301686,2.2916900567540717,14.081894998572126,12.233413766009576,37.557055945361306,54.870009880293324,95.73849396459003,109.91671212870307,83.01315420779338,87.75561917934546,69.22117567421616,43.25595950434194,29.406582968791447,20.083022736212925,54.76109124653497,7.783732804583587,9.723030587318346,22.94919684682782,31.310750318009497,39.893842101385545,53.21532654240077,45.6816438604666,41.76411560713983,41.18449323913274,20.616158515462082,25.40567119346781,16.41112579380069,29.66159061729366,-3.1,-0.6333333330000002,3.6555555560000004,12.01111111,16.82222222,22.0,24.42222222,23.98888889,17.46666667,12.93333333,3.011111111,-3.733333333,10.73703704,7.160830957,6.118006210999999,4.950785572,4.198346235,3.355882067,2.032240143,1.794977561,1.755309406,2.530316186,3.863288754,5.553477389,5.844655678,4.09650968,14.83333333,10.56666667,58.188888889999994,71.31111111,86.07777777999999,112.0111111,66.48888889,105.8111111,51.54444444,39.87777778,30.4,22.08888889,55.76666667,13.48601127,8.656211643,47.62770844,46.20893973,32.07903434,60.60471195,36.74375608,71.08629341,34.23145889,19.0076812,21.49581355,36.39795477,35.63546461,0.6078500061945394,0.5301420150456002,0.0013405814350696166,0.5781345052743383,0.5308200820656964
"Fort Independence Indian Community of Paiute Indians of the Fort Independence Reservation, California",0.07335097989329237,0.05127947354966941,0.05536698682536013,0.021847049245886846,0.001,0.12546243484520272,0.17361458047270506,3.1898824682904174,4.464882587038589e6,0.105,0.144,3.27,1.052e6,6.5939475280418804,9.679382226471999,10.739637209536276,13.34929750890962,16.117439866344956,20.206392042689,22.758568480178496,22.369002196030745,20.008539890924414,16.225050957458052,9.635293501122833,7.012788449290727,14.557944988089373,3.365435190742652,1.8651844414837315,2.1292935248016427,1.9322213632491803,1.9942007813428309,2.1944017273812486,2.1944138269174136,2.567447180515441,2.051595967032345,2.160243854299028,2.382209377130707,2.688665420471649,2.2937760547000243,123.50116318122478,97.96628257880342,82.01242487237145,59.128787540687306,35.85497418246527,17.32455687806551,5.4244529992156165,8.563283183421207,14.18609027016176,55.114138873827464,83.96732398341587,121.04778035177051,58.67427157562876,84.0804397417744,62.36006418444594,50.577863491920425,38.37958880877192,23.07502136625029,13.334752060017482,6.5413190818742235,13.055278511786774,14.607899980416473,53.71191325688082,71.91759010498093,82.66843817683294,42.859180730496085,2.988888889,-0.022222222,4.5,6.355555556,10.14444444,16.02222222,19.233333329999997,18.33333333,16.0,8.8,4.877777778,3.333333333,9.213888888,4.544624419,4.103589215,5.728437832,3.9944058099999995,4.10643127,5.202109615,3.125299986,3.701013375,5.553152258,3.025723054,3.695868564,4.104266073,4.240410123,149.3555556,96.67777778,54.96666667,34.28888889,12.94444444,16.07777778,19.62222222,10.15555556,21.97777778,19.91111111,35.67777778,120.8111111,49.37222223,146.6486457,107.6139138,53.85338894,45.24934929,14.93980515,36.64838938,43.59451737,12.85030263,25.06261049,21.16013022,58.35445094,129.6150111,57.96587625,0.10344469959252554,0.10113557956608257,0.009975408475398828,0.04010860740984611,0.006426201222627683
Bishop Paiute Tribe,0.08232097809647239,0.08227562353456645,0.001448617710705673,0.04753067629805779,0.001,0.1139175560770058,0.1438689914292486,3.16800641956699,1.0066589699676465e7,0.105,0.144,3.27,1.052e6,0.39530939017620387,2.15292826057246,5.125292226822194,9.13602069329156,12.69597709281826,17.8692025093645,21.461906290771232,20.642882192172184,16.838466795361448,11.280494099834145,4.164529305324882,0.31292246801440315,10.172994277070165,3.205904845896395,3.3049209548515703,2.987918103768632,2.4216784253706813,2.9289416346168613,3.0627577765767655,2.6589157919804878,3.117276594821646,2.8704988663572255,2.5532836327794204,3.761892409342219,2.9734721861671045,2.987288435251491,63.23651533520523,51.22551993126121,59.05642057217358,47.90548800046019,54.691634173100034,29.862452579812203,28.157338663521205,21.72446273487891,25.309124839081043,37.92031185090073,52.30761808533841,66.82058977478728,44.85145637890837,46.83606871858371,34.948117921931406,34.92942909273986,27.9150934441346,29.569396738092543,18.96758847793691,24.455646553373306,20.491475705074887,18.516822359903806,31.102766315802203,43.6985286945522,52.49213763910393,31.993589305287692,0.588888889,2.977777778,3.6555555560000004,7.755555556,11.68888889,16.44444444,20.8,20.43333333,14.96666667,10.83333333,4.711111111,0.988888889,9.653703703,1.601908584,1.899853796,1.502590356,1.6546231529999997,1.7716125740000002,1.6470512369999997,3.49821383,2.26715681,2.1,1.5499999999999998,2.270707183,2.923800799,2.057293194,99.00000000000001,62.15555556,41.28888889,28.06666667,15.28888889,14.166666670000001,25.611111109999996,12.68888889,14.911111109999998,17.6,26.07777778,75.91111111,36.06388889,93.87935075999998,60.15725457,27.641338809999997,21.1936901,13.476965950000002,22.40870367,38.75972279,17.1975612,14.63381738,16.25169222,33.48334578,81.21780046,36.69177031,0.18336032306240435,0.1787826127356521,0.004455264746568565,0.12236238417065273,0.04683887289231729
Squaxin Island Tribe of the Squaxin Island Reservation,0.5822075506574653,0.5556245411271556,0.0010000000000000005,0.4094655498424523,0.5701404840114671,0.11928551100140453,0.1770237658803905,3.387811226302402,4.226863163873958e7,0.141,0.23800000000000002,3.3599999999999994,5.041e6,1.280577706887161,3.8260765548939406,4.123285486429427,8.213512316043461,12.001510722192986,16.324977848915474,20.36695020387161,18.456122628975272,16.287094630901116,9.642322346075758,3.690089491515152,-0.6886585150107651,9.460321784986842,3.6090519764146736,2.3579002142874805,2.76697912788756,2.302802613065391,2.004090958919059,3.3270301130346907,2.4732959476088516,1.808177676716906,3.573571897194976,2.195472927917863,3.666375316540273,2.7660818633058217,2.737569219394339,102.7944754517544,82.44607478360847,94.63306308916668,42.36151426552234,54.616892610107676,35.753238525677844,16.46501417694777,20.422802587726878,32.179527734047056,61.564389509900344,75.96269271823365,134.97948786128393,62.848264443110075,114.17153305495216,69.07631714016746,90.31328740985246,34.064342384645144,32.25840195545854,31.04961475588516,13.062402158122413,21.54955700580423,31.306633577396326,50.99255036226078,84.89321053779506,107.7601850169976,56.708169613959335,3.7888888890000003,4.688888889,6.683333333499999,9.644444444000001,11.950000000000001,14.716666665,17.84444444,17.483333335,14.833333335,10.283333334,5.361111111,2.6166666665000005,9.991203705,2.8536402565,2.5573832475000002,2.0245773295,1.5134003105,1.8188637705,1.7129614510000002,1.7267871609999998,1.9432708750000003,1.501064544,2.105210899,2.7361287895,4.229622464,2.226909258,189.2388889,142.51111115,146.65555555,84.31666668,71.14444444499999,56.388888890000004,19.566666665,28.3,57.677777774999996,133.24444445,198.07222219999997,230.18333329999996,113.10833335,101.8364884,75.11613143999999,35.923011575000004,30.39721296,33.14790205,22.786164675000002,16.109747125000002,18.17090086,38.993363095,78.82711178,126.26450615,126.80232645000001,58.697905549999994,0.45510264691551067,0.44641947408279126,0.0009397199768790968,0.22426337272136768,0.3681351365347699
Iowa Tribe of Kansas and Nebraska,0.6896579535056878,0.5787390560493417,0.0015824584677697382,0.619868236425538,0.6804875154135415,0.08633063111496884,0.13194180640345463,3.0102429572114477,1.400392035080692e6,0.13287622297396517,0.225280012498916,3.0072448015408804,607920.5320388732,-7.445838076115073,-5.515429347571883,2.509614874226959,9.268889601543922,14.96598851028698,20.957381696169225,22.968406679195933,21.914212069036665,17.364107148050937,9.827156624362784,1.2225346693434276,-7.102169761773628,8.411237890613188,2.706713511532814,3.0215218718036203,1.838269357488847,2.032534566078227,1.5068811130224633,1.5342842166192399,0.9484730137026425,1.3854188870894049,1.7973872428873974,1.660054793052942,3.4792224176576845,3.8402340110962343,2.145916250202628,15.413934981549152,12.9225345793671,43.11417305701941,65.08130331643336,102.92586897900352,120.43946390781709,92.60187673175491,101.54960873039815,83.44234647082918,44.92242342474619,32.17825722583239,22.108104296816474,61.39165797545646,8.403059681540903,11.306412029331327,25.73066206769268,38.7788284537271,37.37364276785971,62.35098783068418,55.02398919815409,47.336585046790695,48.444525444068695,17.595408053615962,27.785273316234175,18.634112394908225,33.230290523368176,-4.538888889,-2.8277777774999997,5.1333333329999995,11.427777775000001,16.555555555,22.677777775,26.144444444999998,24.805555554999998,19.455555555,12.322222225000003,4.811111111,-3.6111111115000005,11.02962963,4.0175880615,5.851064363,3.2076581809999998,3.1518510090000005,2.5524931720000006,1.74527636,2.1279009915000002,2.0758442574999996,2.8290994605,3.4384425614999996,2.8009377515000002,2.4735940440000004,3.0226458509999996,22.122222225,46.5,61.15555555499999,58.73888888999999,121.80555555000002,122.25555555000001,103.62222225000001,94.122222245,85.894444445,55.172222219999995,48.916666670000005,45.08888889,72.11620371000001,12.272704710000001,44.37224610999999,40.782768004999994,29.515865634999997,69.46719067,42.422479845000005,34.849263335,42.714615585000004,57.396360115,30.069617035,27.322523904999997,58.804075950000005,40.83247591,0.738857307802861,0.6343613099803215,0.0010000000000000445,0.7158322546673933,0.7121599330262146
Te-Moak Tribe of Western Shoshone Indians of Nevada (Elko Band),0.101,0.101,0.001,0.024000000000000004,0.001,0.11052373537983523,0.1423069104872148,3.173497925289607,8.814583173907006e6,0.1,0.16899999999999998,3.35,2.969e6,-1.515275266206142,0.24381393837182025,3.4928437348559584,7.680968774482403,11.623979107854558,16.920119675634332,21.037400677631435,20.008953121503943,15.734648929374867,9.67561860611431,2.1697722420319954,-1.775935363481125,8.77474234821737,2.977774209448471,3.7307347045765513,3.2385356285588265,2.584679658652688,3.153993110890043,3.3350484435629615,2.772907591198453,2.9006041628248305,3.0554249129271414,2.620125808012741,3.817251135105565,3.2950146831033384,3.1235078374387513,53.15139838475648,38.467433739769525,53.42968364064757,43.28980466957648,59.08616303527637,32.01663964372468,29.62716612888821,22.801858209018437,27.043241454612033,35.94182743587235,42.94712570667367,51.99026401046494,40.81605050532025,42.29774858678819,29.721870860565353,31.978056285858106,27.00019868349493,33.865350362177075,21.500505414314727,27.975798061740612,20.476651559113023,21.031770128992342,27.58967416227205,32.805890544968236,43.028535749603236,29.939337533506812,-0.911111111,0.822222222,2.333333333,7.211111111000001,10.35555556,15.56666667,19.88888889,18.75555556,13.92222222,9.788888889,1.311111111,-3.244444444,7.983333334,4.221505787,5.073405606,1.823458253,3.200954719,1.9906726949999998,3.3,2.525096258,1.067837899,1.7718477489999997,4.518695731,2.599252029,3.0883292859999996,2.931754668,46.1,30.28888889,31.27777778,33.02222222,44.75555556,20.27777778,16.61111111,16.62222222,10.6,23.18888889,33.08888889,38.3,28.67777778,25.54941291,23.88165847,16.150215,12.91973082,24.805398160000003,13.71803355,21.32477693,22.0790499,10.79073677,24.26846948,17.28752762,29.77532536,20.21252791,0.1660384957339994,0.16268556210178903,0.00249397882984228,0.09954695053974599,0.03624522643592069
Sherwood Valley Rancheria of Pomo Indians of California,0.4572270088750737,0.4369567092524577,0.19619433708823555,0.15342903746594294,0.25973845304020954,0.11879992365365392,0.16535741276582183,3.704910834195921,1.5163526695225174e7,0.135,0.19399999999999998,3.5299999999999994,7.022000000000001e6,7.790875645397652,9.945993978543187,10.995247642073606,13.529510469169631,16.268526333738436,20.50043631588898,22.378749634404084,22.151802692342006,20.053089440445422,16.918517612369925,10.513912732261911,7.65129750829053,14.89149666710967,2.153124471294059,2.3936420697143515,2.377902602940484,2.5987682842846622,2.2014857513282093,2.89916856150479,3.1016657427476186,2.9479504247660175,2.8534253890851806,2.3350058835558496,2.182641808623863,2.2184865619865373,2.5219389626974875,161.0846768261212,115.30365023919157,104.54803012122854,48.690658846015005,35.28687404152784,9.85363880012699,3.481756501382358,2.306298267120121,7.433230710663072,34.578686204325656,52.23517759642087,135.61290848289678,59.20129888627747,132.66533382742662,102.10864102238294,90.58325998263825,38.86988675526018,29.98368729916087,13.634043477038823,7.038968031887644,4.967690180081305,10.11251236181664,39.58421930552746,48.35999080443877,123.1103553922498,53.418215703225535,7.122222222,8.45,8.2944444445,10.877777779499999,13.72777778,17.255555559999998,19.5,19.822222225,17.16111111,14.37222222,8.188888889000001,6.738888889,12.625925924999999,1.227555952,1.396909033,1.343935383,1.7144473085,1.9464941755000003,2.4355099295,0.788213113,3.037083282,1.187630172,1.8512952620000003,1.479585152,1.6056297985,1.66785738,228.6388889,159.31666664999997,158.0722222,77.80555555499998,61.08888888999999,20.927777775,8.427777778,5.677777777999999,13.783333334999998,55.444444445,91.53333333,248.02222224999997,94.061574075,159.44487460000002,109.1846194,124.06605650000002,47.848231845,41.211467065,23.392362340000002,15.760815359999999,10.7585777835,14.633546574999999,43.33152185000001,63.431675195,189.72258595,70.232194535,0.3688083069283412,0.36618448199537984,0.1221602655985958,0.14851064185699206,0.2135435925363214
"Hopland Band of Pomo Indians, California",0.20546862754912884,0.2049310917370144,0.08496860658843013,0.06752913920435577,0.11706725792353782,0.11879992365365392,0.16535741276582183,3.704910834195921,1.5163526695225174e7,0.139176003124956,0.20102327798288055,3.604029146306038,6.954424676705258e6,7.790875645397652,9.945993978543187,10.995247642073606,13.529510469169631,16.268526333738436,20.50043631588898,22.378749634404084,22.151802692342006,20.053089440445422,16.918517612369925,10.513912732261911,7.65129750829053,14.89149666710967,2.153124471294059,2.3936420697143515,2.377902602940484,2.5987682842846622,2.2014857513282093,2.89916856150479,3.1016657427476186,2.9479504247660175,2.8534253890851806,2.3350058835558496,2.182641808623863,2.2184865619865373,2.5219389626974875,161.0846768261212,115.30365023919157,104.54803012122854,48.690658846015005,35.28687404152784,9.85363880012699,3.481756501382358,2.306298267120121,7.433230710663072,34.578686204325656,52.23517759642087,135.61290848289678,59.20129888627747,132.66533382742662,102.10864102238294,90.58325998263825,38.86988675526018,29.98368729916087,13.634043477038823,7.038968031887644,4.967690180081305,10.11251236181664,39.58421930552746,48.35999080443877,123.1103553922498,53.418215703225535,8.255555555499999,9.866666668,9.7166666685,12.51111111,15.36666667,18.216666664999998,20.077777775,20.95,18.238888890000002,15.71666667,9.483333333500001,7.827777777499999,13.852314815,1.1018139555000002,1.197663202,1.3041108170000002,2.1796896709999998,2.7246171255,1.8412184544999999,1.1546797095,3.876733482,1.29305583,1.7813535685,1.5207084705,1.6225156775,1.7998466635,249.4388889,160.75,152.46666665,73.8,51.53333333,14.911111110000002,6.500000001499999,6.2222222225,10.872222222,51.583333335,88.57777777499999,241.78333335,92.36990740499999,181.17885415,103.94168645,117.66811895,42.457186265000004,35.136367075,17.07115779,11.792537437499998,12.990271652,13.2080348985,41.061568390000005,58.52862627,174.34111195,67.44796010499999,0.3688083069283412,0.36618448199537984,0.1221602655985958,0.14851064185699206,0.2135435925363214
"Chippewa Cree Indians of the Rocky Boy's Reservation, Montana",0.14151827746123552,0.13412407215420588,0.0015780191636411013,0.08569734383908499,0.0507085411479157,0.12444477744423878,0.18751688036704672,3.0037846479642023,1.3437175919104435e6,0.12343523303737963,0.19176165781541438,3.171088082593449,895369.5948245387,-8.614013817286763,-8.303396120491794,-0.844048866502854,6.097969451258184,12.4758208579401,17.499792563279303,20.22395205624876,19.472952419752723,14.459299724354878,7.753411163158458,0.7527138957966242,-7.42046638847844,6.129498911601278,2.482102728338488,2.8312029549334037,2.5237181312628096,1.9996130570419708,1.4018676894197293,1.9105757738616855,1.2252681281295008,1.3858679317234959,1.759663618522578,1.7812942870017667,2.6168487247744503,3.846483243748995,2.147042189115644,34.88770111190443,24.59490914166579,37.81714215347051,56.5538458443429,79.21654741835455,108.85162790963436,88.11615502872313,105.19371960978052,107.32870064221649,70.33020271338931,62.8238986193719,42.81661081815887,68.21092175130542,14.875702197115585,13.941284524707488,21.72559798716835,21.11187018605543,27.855810212723465,44.76656298834908,33.80355822785355,37.043540793456906,46.61136945876324,29.11390993679529,31.396724551311404,20.863520662540164,28.59245431096003,-8.888888889,-4.422222222,-0.544444444,6.955555556000001,11.05555556,16.15555556,20.7,18.7,12.56666667,7.4,-1.822222222,-6.066666667,5.982407409,3.10340315,5.668725115999999,2.245613007,2.762295744,2.148319757,2.357493961,2.063976744,2.404682931,2.054263858,3.081801421,5.548373135,8.905616206,3.528713753,15.1,8.788888889,23.94444444,23.97777778,64.45555556,64.92222222,43.96666667,38.81111111,33.01111111,28.03333333,31.05555556,22.25555556,33.19351852,12.282100800000002,6.181715871,9.699369968,12.341978949999998,62.67190581,49.7332328,32.28432282,22.807095630000003,25.50114921,17.11848416,41.18944377,27.44964076,26.60503671,0.4227630157439127,0.3946599169795623,0.0010011902195407177,0.27680918673072524,0.3826534581539582
"Minnesota Chippewa Tribe, Minnesota (Mille Lacs Band)",0.4728271038234141,0.44281592523583635,0.0009999999999999903,0.3082995841851287,0.38709214947998727,0.12001016692157015,0.1840246404784199,3.0186862769685967,1.6077760292146495e6,0.10608011929540875,0.18022093731619104,3.1389613373660192,1.4406601769316306e6,-8.980298289351248,-8.561967366446071,-0.9419645476801589,6.050064331356418,12.430156125948002,17.438631176528233,20.173928981851205,19.381359286175822,14.324737670145344,7.628477656532413,0.4593998406843755,-7.8197234676543514,5.965233449863274,2.4607983011987424,2.802533449046161,2.5302995513128117,2.0337555033465975,1.4107715317324712,1.8994280326165254,1.1985510547044427,1.3688020546093576,1.80363291621738,1.8139232236563485,2.7169322670236697,3.8906154380418068,2.16083694366708,32.899274974993254,23.167841157994516,37.97268560023753,54.42518608556701,79.46693235821016,108.67469533035394,89.95399389858285,105.73149070474025,107.29316526479217,70.86107947880848,60.94317897452324,41.25199383696312,67.72012647255237,14.678581686393466,12.819519455527697,22.133725147832877,21.067630419762857,29.45320308682449,44.06709720427478,34.66628579920172,37.65493240406314,46.40081614423992,29.358349039631655,31.43138825678726,21.184145375805226,28.7429728353846,-10.631746031714286,-7.911111111000001,-0.550793650857143,6.898412698428573,13.271428572857143,18.428571428571434,21.00634920428572,20.20952380857143,14.574603175714287,7.742857142857144,0.23968253985714288,-9.100000000000001,6.181481481571429,2.4928860430000004,3.5420395787142867,2.8164420848571434,2.3882921137142863,1.5146486575714289,2.193363104714286,1.0073493322857143,1.9168045961428573,1.7883156291428572,2.2218177551428577,4.304854794571429,4.809327475857144,2.5830117638571433,23.47142857,15.641269840000003,38.12698412428572,45.45396825428572,73.11428571428571,115.66507937142859,104.49047617857144,104.22539681428573,82.59365079428572,77.08095238142857,42.75714285714286,31.598412698571433,62.85158730000001,20.68355160714286,9.571970631285716,22.93396112714286,31.942195935714288,31.144342235714294,41.53918991571429,35.11608613857143,58.96117407000002,44.07962768,36.68889363,30.898817570000002,31.932969151428573,32.95773164285714,0.42110879721405836,0.3924154809695107,0.0010086711758186908,0.2778935316592814,0.3797159215859318
Berry Creek Rancheria of Maidu Indians of California,0.13887696122255078,0.1354123136590905,0.08051472705402221,0.05599977260001963,0.11067016401514174,0.14350740545661222,0.20824859796104112,3.3080478230020054,1.3130308745240677e7,0.142,0.203,3.37,1.8433e7,6.512166466257283,9.146896919460486,10.039748490348108,13.028565804175892,15.947853860874567,20.462030118131743,22.806151049190106,22.273715250580857,20.26561274340161,15.849460333201932,9.761617137572815,6.741667382372657,14.402957129892188,2.751710308020954,2.82915672093499,2.6007033218170093,2.6718110287560095,2.867664774559124,3.1086029547255416,2.4768429034528316,3.104383704229626,2.6952710789700007,2.9399912931426355,2.725135224004749,2.437732269970797,2.7674171319204977,161.0798552059492,111.49045420706177,104.96599100515479,51.69683536573279,38.65460541383216,13.753328179775053,8.145962166225384,10.890538663973288,10.022306321442372,42.617251782178485,56.708643963263675,145.52876334992894,62.96287796907668,139.50410840460407,96.95541283812798,85.98682283089684,39.294789091305276,28.53643718371893,14.818606446695414,11.33132172658018,13.892963220081096,11.940856881942024,47.82893629258186,52.811737344523046,125.29596704700704,55.68316327600842,2.844444444,5.511111111,5.066666667,9.033333333,12.02222222,16.88888889,21.2,19.6,15.94444444,11.72222222,5.577777778,2.222222222,10.63611111,2.38857233,1.929666062,2.697220792,2.636759375,1.926640715,2.3534254,2.490983741,1.492481156,2.092911316,1.997985096,2.548910443,3.9315320730000005,2.373924042,284.9111111,198.1444444,166.8333333,94.31111111,67.31111111,23.72222222,4.088888889,5.288888889,20.15555556,58.04444444,94.68888889,221.5666667,103.2555556,194.0988179,179.9267567,188.7724291,83.19733236,44.85059767,21.57995469,8.436445407,7.404127978,25.12817697,50.44014054,77.16810294,234.8518895,92.98789765,0.41095216491291925,0.3993167314925024,0.1914397122160806,0.23393869213739413,0.23790638846542925
Fort Belknap Indian Community of the Fort Belknap Reservation of Montana,0.17898662412414862,0.16921481900015345,0.003383540461383587,0.11436624981535028,0.032431791760871756,0.1159593952307539,0.18596493774288927,3.214689676008817,456983.2023068333,0.16579977017292113,0.2655350983545774,3.32787111601747,595895.2840244244,-6.378342774413385,-4.413981469369513,1.2654576325372142,6.683521421471741,11.783424815627717,16.3222763798564,21.002914269187198,19.364877998653668,13.836486190605976,7.6803861297892215,-0.9810521230466343,-6.208347604647739,6.663135072197472,3.799798837011853,3.275455171818863,2.5317094721811335,1.960104107003028,1.9067249499853758,1.916673270526149,2.548248366269135,2.113554614411673,2.7743136141853477,2.1731157855543413,4.5526237410382,3.6612276704551445,2.76779580003583,11.512005444059943,9.342360105067046,22.80064257447239,31.02898900788958,61.40509228744964,61.34899954565405,39.969894173460666,40.86482530504412,29.551817210696857,30.058428841986537,17.231573939446704,11.927768264102355,30.58686639172439,9.98155612593281,7.842476226697007,21.099662073463698,13.200132333059143,32.72857076084308,40.85576959134369,33.96935748553156,30.497262560260804,27.978588285252265,18.12583589129838,12.21496897123092,7.60592429478171,21.341675383639828,-8.1822222224,-3.8488888888000004,0.8888888887999998,7.177777778,12.644444444000001,17.733333334000005,20.175555554000002,19.717777776000002,13.860000000000001,8.9044444442,-2.0400000002000005,-7.7355555557999995,6.607962962600001,3.30921892,5.9055317812,2.0823423892,2.1934220546,3.1157848498,3.484731272400001,2.4048805848000003,3.2851524648,2.4444010204,4.2514206912,4.637453462600001,5.2152574842,3.5274664146,10.5444444426,9.475555555800002,21.56222222,27.064444444000003,53.297777778000004,66.66888889,41.324444442,37.442222222,32.426666665999996,24.513333332000002,28.46,15.315555554000001,30.674629632000006,7.6104642378000005,8.952889429199999,20.6054674512,12.4484458118,27.187261752,44.433547504,29.20840256,29.871788540000004,26.861012072,15.451961266000001,36.8960344166,14.515779081399998,22.836921176,0.15648593084614104,0.15421134290383046,0.0051457883928898935,0.07494737863687403,0.01596803245336314
Cahuilla Band of Indians,0.31523242629918397,0.31523242629918397,0.030723481500461246,0.15934489781175143,0.1345824449697337,0.10399510506039189,0.1432938932835229,3.3358287203373513,3.195195984595473e8,0.1,0.146,3.15,1.2696300000000001e8,10.409771494544804,11.056852766643505,11.706911074164978,13.364510750498747,14.846786364851244,18.153437225406357,20.141391274108784,20.628613833496402,19.153837183216236,16.916723046383026,12.343540443979526,10.391804242265593,14.926181642021868,1.9640931368128203,2.205654241681759,2.210149898670225,2.073621125978141,1.9919029886792459,2.27238461264958,2.9689104652540568,2.361525948391883,2.2222094809678197,2.2049459372494584,2.2454974455804493,2.035202369709515,2.229674804411223,112.62692437732332,100.64427578643777,73.16192500119872,32.710424918763984,16.313943582444086,3.601409970982046,3.756747718268453,4.219808020466911,5.021870452054295,15.96974393040663,25.39617486356923,49.420395910052896,36.90363704447741,106.0994912420896,98.52812667351985,69.45924164551994,23.385517751771182,15.396178731935995,5.709194376972331,5.97690152504068,6.510201393279819,7.673654343620087,19.777723103064115,38.21234107880739,67.13319046087173,38.65514686088386,7.2,6.316666667,9.277777776,10.81666667,13.766666670000001,19.211111109999997,22.627777779999995,21.972222225,19.816666665000003,14.133333335,9.36111111,7.383333333,13.49027778,1.309655401,4.7954474085,1.6518247195000002,2.2690221315000003,2.5716072965000003,2.422311972,2.217544198,2.4325579950000003,2.2629351735,2.72212211,3.458275426,2.192229803,2.525461136,127.41666665000001,102.28333335,68.81111111,38.716666665000005,16.727777775,3.6666666665,12.97777778,9.183333331,5.8,19.483333329999997,35.966666665000005,46.06111111,40.5912037,118.14281867,100.371461065,57.17329292,18.827003445000003,15.191980430000001,4.384228878,12.853364195499998,11.145003490000002,7.151597140499999,21.643370915,51.80272075,61.25008413,39.994743834999994,0.21664211414430415,0.2162512882341567,0.09665714731822615,0.12226324986270033,0.0630975399263605
"Ute Indian Tribe of the Uintah & Ouray Reservation, Utah",0.05917354911970659,0.058023302918925226,0.002295117006036708,0.029486249940490785,0.010854942943102982,0.130894906070699,0.17226283797867992,3.00859152335757,5.711500072669163e6,0.12914510324878747,0.16133383780632604,3.261240118909931,1.9397597473314728e6,-2.3639214619396935,-0.41868998738643143,2.868042814925106,7.412694242474934,11.384865337291274,16.49808602535887,20.825135487248517,19.767522636065507,15.28557221293042,9.19272079568021,1.824100572325534,-2.7983871818976414,8.289811791138652,3.037611846421431,3.676295190223179,2.983707301212334,2.618745922335536,2.959767318910138,2.792682121960584,2.5606711176964394,2.4876368942131997,2.636251920389936,2.2295855413844765,3.042873271121686,3.22911814975112,2.854578883016206,46.94329638971623,39.81328550474086,42.78031303077927,34.36724374560686,50.582603202641344,28.265940164384016,22.42044464231867,21.586461168054438,28.186087113656367,34.7207354081383,28.087591246111373,37.22034453192375,34.58119551276207,32.71373766073738,27.003246770524356,21.539905943547343,19.585608166032618,31.388450092707473,17.95547488435031,22.542595430399565,15.020604070163358,18.62334371356939,22.80456304747899,19.998724714717248,31.609546803317077,23.398816775150554,-4.85625,-2.9215277777500006,0.9979166666250002,5.559027777812502,11.122916665624999,15.90972222125,19.748611110625,19.4284722225,14.277083333437501,8.569444444375,-0.28541666675000005,-4.0361111110625,6.9594907405,5.839467341687499,5.0209662404375,3.1924260244375,2.3114324686874994,3.700746624625,3.992385742000001,2.7370802373750007,4.140669982687499,2.4882719198125005,3.7876950969375,2.7955674796874996,4.6638668152500005,3.7225479979999996,41.6284722213125,39.40902777875,36.13680555625,28.020833333125008,46.048611111875,24.524305554375,26.6777777775,29.122222221875,34.1486111125,33.527777778125,29.063888888999998,26.8000000014375,32.925694445,32.94128657893751,31.258123195625,15.5363898266875,14.9935807971875,31.958833251249995,16.3430289584375,24.977897793125,18.052484034375002,18.385579730625,20.343522340625,24.750726093812496,28.839753959812498,23.19843388125,0.12301361476400965,0.12070554229597077,0.003222627480765337,0.07033813350961411,0.029563452880988484
"Grand Traverse Band of Ottawa and Chippewa Indians, Michigan",0.25789386336067727,0.24160597605904527,0.001,0.16259324614054718,0.25268525697318245,0.12452729807846392,0.1876118180866763,3.0033937929790024,1.3451527511229748e6,0.091,0.095,6.96,2.32e6,-8.60688010726846,-8.29847032021926,-0.8423482440984082,6.097285177462485,12.474888557733253,17.498331418974914,20.22302510302806,19.47263758007205,14.459698034080683,7.754679797707666,0.7584187255476121,-7.413302176821022,6.131496962198834,2.4810826523959157,2.831497601321684,2.523333991237197,1.9986929386285797,1.4017429531239671,1.9104295955096349,1.2258864820246769,1.385784212666546,1.7592000263321739,1.781151781464348,2.6145968954507497,3.845493755962824,2.1465744072290946,34.920548238133314,24.61261948276501,37.84281566903571,56.60912179609982,79.21000988884369,108.86060311340857,88.13869750500615,105.22146166934282,107.41372620400868,70.36992904872396,62.87592011662318,42.86039594249312,68.24465405659623,14.88489632807619,13.948372665597079,21.735310375533516,21.124374993988052,27.794507561218147,44.7784948538278,33.79966311630293,37.04034272650741,46.63357116329054,29.129681588789495,31.408574306969797,20.88597407763223,28.5969803135368,-6.96667,-7.51111,-0.65556,4.36667,12.23333,17.22222,19.9,19.63333,14.86667,8.57778,2.21111,-5.28889,6.54907,2.74388,2.57226,2.19905,4.1644,1.22656,2.05252,1.37921,1.32162,1.83666,1.52153,2.39372,4.01122,2.28522,50.73333,33.53333,38.51111,58.06667,71.47778,94.66667,85.84444,78.31111,96.12222,69.77778,80.42222,63.7,68.43056,12.52136,17.89792,17.81588,22.62339,18.97968,54.60191,16.71055,16.507,24.53686,26.511,34.27979,21.29136,23.68972,0.4226845789401703,0.39463005060364276,0.0010005419602551122,0.2765440813159743,0.38278514614618536
"Upper Sioux Community, Minnesota",0.7237496003414035,0.5006192006338247,0.0010000000000000002,0.6941590104844781,0.59679983404596,0.09148473856550268,0.14247639356106975,3.0845853179313045,1.0606710486884613e6,0.09293197285960943,0.14991500287535647,3.1464309408980826,491697.1993300504,-7.744505147496533,-5.764638705352215,1.9604127815194368,8.732738247785012,14.40456392629734,20.293184218685344,22.73444728733547,21.696239539387662,16.863322965780927,9.36018672570265,0.6977392261452219,-7.319713338361398,7.992831477337357,2.913468948736093,3.0097861646719055,2.1605327423871494,2.1212279108173733,1.6101026901739772,1.7083311996919839,1.0594252627407579,1.4568459951726078,1.9486646118691449,1.7646671852707718,3.794323366464743,3.9529046023301686,2.2916900567540717,14.081894998572126,12.233413766009576,37.557055945361306,54.870009880293324,95.73849396459003,109.91671212870307,83.01315420779338,87.75561917934546,69.22117567421616,43.25595950434194,29.406582968791447,20.083022736212925,54.76109124653497,7.783732804583587,9.723030587318346,22.94919684682782,31.310750318009497,39.893842101385545,53.21532654240077,45.6816438604666,41.76411560713983,41.18449323913274,20.616158515462082,25.40567119346781,16.41112579380069,29.66159061729366,-9.8833333335,-7.9611111115,0.638888889,8.088888889,14.327777780000002,20.122222225,22.005555554999997,21.094444445,16.577777779999998,8.4555555555,0.044444444499999985,-8.1833333335,7.1106481485,2.7815319119999997,3.0524398099999996,2.131717749,2.8221770090000002,2.0419697329999997,1.5480067585000001,0.9925782135000001,1.4016155345,1.8194232639999997,2.3399014155,3.256786348,5.353988428,2.4618446809999996,24.61111111,14.394444445000001,36.966666665,66.761111115,98.13333333,106.55555555000001,102.03333335,89.33888888999999,86.138888885,56.68333333500001,40.866666665,28.54444444,62.58564814500001,27.76609312,9.667324171499999,25.058937119999996,37.89240455,24.860249924999998,44.735392315,37.040107185,38.596214925000005,65.10211534,26.647706859999996,38.188397315,21.505453499999998,33.088366359999995,0.6078500061945394,0.5301420150456002,0.0013405814350696166,0.5781345052743383,0.5308200820656964
"Northern Cheyenne Tribe of the Northern Cheyenne Indian Reservation, Montana",0.13861769439877436,0.13684710187397067,0.001605882365546855,0.10574065098006623,0.050354988524354605,0.12014960138803296,0.16074628835962892,3.313947593628125,1.1086386674130477e7,0.1466106951571848,0.22974237963042532,3.1799999999999997,895336.9647515771,-2.299245707180884,-0.36465138589200685,3.3078426958888545,7.97881704284878,12.07219340233144,18.33480503500689,21.14559968994848,21.041433163406115,16.181340771862875,9.51815596885658,2.712205561455895,-2.166122386605435,8.955197821060617,3.36623797909101,3.363923747800041,3.26216192547112,2.858803426881376,3.288110174621572,3.0803359379297843,2.779415983138443,2.841484915262296,3.2036151076174133,2.6574198516838026,4.226022956072199,3.787208785728659,3.2262283993155627,26.106099204559094,21.12546819847919,34.73933422801114,40.24790450049914,59.75069476002097,39.43894007729527,48.46471919297555,40.98657825797198,30.4805201442133,29.24651701409286,22.822171664770927,17.08918900733211,34.208178021143596,25.5112894328076,17.314492560531185,19.754593002661686,21.69630012122748,38.21177786925031,29.263631361114683,34.50720876488779,24.678901340542975,20.160587653235275,21.920621600328445,20.27605048260035,14.511175829756128,23.983885835027753,-6.003703703499999,-2.011111111166667,1.8148148148333332,8.111111111166666,11.918518518333332,17.67037037,21.677777776666666,20.279629630000002,14.40925926,9.2777777775,0.8092592591666666,-4.957407407333333,7.749691358166667,2.737693016,3.826009050166667,1.9875261488333331,1.9140999056666668,2.279963476,1.8117523756666665,1.8202456373333336,2.198174013666667,2.0852224411666667,2.0191321788333334,5.0784581200000005,4.170058310833334,2.6606945563333335,14.822222220000002,13.16851851833333,19.892592593333337,37.79629629833334,95.82222222666667,59.818518518333335,41.92592592333334,37.41111111,28.953703703333332,30.670370371666667,21.172222221666665,15.538888888333334,34.74938271666667,9.378028884666668,7.7243933965,10.225311522166667,20.128587186666667,63.42937797166667,25.504651941666665,27.839844741666663,31.13559793666667,15.30877473,15.580133726666666,15.286582825000004,16.668398513333333,21.517473616666667,0.1710906461768072,0.16527850398897473,0.002277414657635578,0.1298164821983776,0.0553543139860398
Jena Band of Choctaw Indians,0.5866029851579736,0.45235563163036524,0.5838422417159095,0.34034961449552964,0.47564380458515704,0.1915144820015527,0.24125671364498544,3.172476969640949,3.6835507626029053e6,0.16350629121142427,0.24114837413090082,3.077409990067438,1.8236013413534467e6,0.675418871219246,1.160967813202381,2.783686067073413,7.546296296093255,11.692283949047617,16.87344576829365,20.495535715049602,19.709402557906746,17.075264551478178,10.894190916845238,2.798622133872024,-1.4233024692073413,9.190151014221232,5.216913299399801,5.819994073212302,3.539580231816469,4.4665433060744055,3.2222187166914678,4.160349753362103,2.505610650578373,1.6812601030406749,4.343577559411707,3.8957424560099208,3.3243508496210312,2.6449284043561505,3.7350891170644838,39.143970458392864,60.5408179016865,33.148225310535715,23.32649911678572,57.788481040248016,38.42731481531746,18.56359126957341,39.40293209781746,21.56958774267858,23.49802689576389,31.243264990793648,28.501587301488097,34.596191579216274,30.941763666339284,64.87757183594246,22.531919488591274,20.44427891003968,39.96418140934524,37.25741750102183,15.819720801726191,50.533579126329364,23.109034358263887,19.533706296607143,28.976208925644844,34.90510220540675,32.40787371123016,9.681481481333334,10.28888889,13.774074073333336,19.114814813333336,23.714814813333334,27.181481480000002,28.177777776666666,28.518518520000004,23.722222223333336,19.770370370000002,15.177777780000003,7.718518518333334,18.90339506,2.275679022666667,4.908985583333334,5.546553891666667,1.1572632096666668,1.0885198420000002,1.408219166,1.1096039390000003,1.2985985863333334,5.0483371723333335,1.1499854096666668,4.168453484333333,4.273347142333334,2.7861288710000003,130.97777776666666,108.41111113333335,153.44814813333335,122.21111113333332,112.71481483333335,89.31111111,110.38888891,76.35185185,69.63333333333334,107.66666666666667,123.8111111,104.78148146666666,109.14228396666668,96.96834532666668,71.68436802666668,81.11656497666668,90.10272606000001,46.517342760000005,43.387793380000005,43.065206460000006,52.39151025,41.873114720000004,116.52650336666667,78.93753869666666,64.98815487333333,68.96326407666668,0.22649596207114753,0.1772208451406307,0.2097337510979711,0.11917932157537593,0.1956756047812441
"Minnesota Chippewa Tribe, Minnesota (Grand Portage Band)",0.3905850151767989,0.364027608883356,0.0009999999999999998,0.27336276216126054,0.3200784671543709,0.12452729807846392,0.1876118180866763,3.0033937929790024,1.3451527511229748e6,0.09899999999999999,0.163,3.13,281000.0,-8.60688010726846,-8.29847032021926,-0.8423482440984082,6.097285177462485,12.474888557733253,17.498331418974914,20.22302510302806,19.47263758007205,14.459698034080683,7.754679797707666,0.7584187255476121,-7.413302176821022,6.131496962198834,2.4810826523959157,2.831497601321684,2.523333991237197,1.9986929386285797,1.4017429531239671,1.9104295955096349,1.2258864820246769,1.385784212666546,1.7592000263321739,1.781151781464348,2.6145968954507497,3.845493755962824,2.1465744072290946,34.920548238133314,24.61261948276501,37.84281566903571,56.60912179609982,79.21000988884369,108.86060311340857,88.13869750500615,105.22146166934282,107.41372620400868,70.36992904872396,62.87592011662318,42.86039594249312,68.24465405659623,14.88489632807619,13.948372665597079,21.735310375533516,21.124374993988052,27.794507561218147,44.7784948538278,33.79966311630293,37.04034272650741,46.63357116329054,29.129681588789495,31.408574306969797,20.88597407763223,28.5969803135368,-11.955555560000002,-10.133333333500001,-2.1777777775,4.433333333,10.75,16.08888889,18.794444445,18.07777778,13.01111111,5.988888888499999,-1.8944444444999997,-9.199999998500001,4.3152777775,2.526196929,2.3572405825,3.6804762335,2.1913991009999996,1.433333723,3.541258788,1.852747215,1.6419500509999998,3.5356690009999996,1.7288037445,3.9378277329999998,7.6688108249999996,3.0079761605,34.96666667,19.3,26.25,39.366666665,74.07222222,103.25,114.3777778,83.12777777999999,103.483333345,67.82777778,51.58888889,36.85,62.871759265,15.480685339999999,8.363933929,15.785697895000002,16.519890569999998,25.323755140000003,39.1295641,24.757296805,33.512640705,48.671542835,26.747764395,23.83108262,11.321904508,24.120479905,0.4226845789401703,0.39463005060364276,0.0010005419602551122,0.2765440813159743,0.38278514614618536
"Pyramid Lake Paiute Tribe of the Pyramid Lake Reservation, Nevada",0.03370420930364877,0.02852215800010752,0.010327151544202719,0.007683054092331389,0.0010230100217784343,0.12546243484520272,0.17361458047270506,3.1898824682904174,4.464882587038589e6,0.1120181721483174,0.1680847302338794,3.4199473242596086,2.930110922290315e7,6.5939475280418804,9.679382226471999,10.739637209536276,13.34929750890962,16.117439866344956,20.206392042689,22.758568480178496,22.369002196030745,20.008539890924414,16.225050957458052,9.635293501122833,7.012788449290727,14.557944988089373,3.365435190742652,1.8651844414837315,2.1292935248016427,1.9322213632491803,1.9942007813428309,2.1944017273812486,2.1944138269174136,2.567447180515441,2.051595967032345,2.160243854299028,2.382209377130707,2.688665420471649,2.2937760547000243,123.50116318122478,97.96628257880342,82.01242487237145,59.128787540687306,35.85497418246527,17.32455687806551,5.4244529992156165,8.563283183421207,14.18609027016176,55.114138873827464,83.96732398341587,121.04778035177051,58.67427157562876,84.0804397417744,62.36006418444594,50.577863491920425,38.37958880877192,23.07502136625029,13.334752060017482,6.5413190818742235,13.055278511786774,14.607899980416473,53.71191325688082,71.91759010498093,82.66843817683294,42.859180730496085,0.4916666667499999,3.45277777775,5.0194444444999995,9.86944444325,13.105555555,18.294444447500002,22.7111111125,22.075000000000006,16.52222222,11.9694444425,3.886111110999999,0.07777777775,10.62291666675,2.232096447,4.233105741,2.05876378875,2.686624663,2.0403954942499998,2.2308115500000003,2.84451424275,1.7797508814999998,1.591870669,3.33557621325,2.14661891175,2.97499362925,2.51292685275,51.369444445,30.71388889,20.04722222,18.4111111075,27.23611111,17.57777778,9.2694444435,15.744444445000001,10.2361111115,20.477777780000004,27.9166666675,45.8194444425,24.568287037500003,51.7214701175,20.011472215,21.838320205,12.638807038000001,18.155403665,19.673733315,8.3685513455,23.888630765000002,11.388925119750002,23.32945573,36.448126895,45.981489535,24.453698829999997,0.10344469959252554,0.10113557956608257,0.009975408475398828,0.04010860740984611,0.006426201222627683
Lac Courte Oreilles Band of Lake Superior Chippewa Indians of Wisconsin,0.433424743723885,0.4041571227320506,0.0009999999999999979,0.24998240144653047,0.4100168293558134,0.12072945458493724,0.18460744859790518,3.018990482617251,1.592682264970197e6,0.11600000000000002,0.224,3.0,965000.0,-8.904515617119738,-8.51666939177095,-0.942075366874004,6.032209767695892,12.411639883854146,17.420289512950347,20.158200472461612,19.373434702878367,14.319599870737258,7.635080081347852,0.5066673067194528,-7.743060302234073,5.979233410074577,2.4552109798680464,2.804287771652061,2.5260754815893067,2.023671822971811,1.4061547813696316,1.8990139598911115,1.2104855250661355,1.3712112125060052,1.8039204696583837,1.8102167520757095,2.697528305441469,3.878984536178507,2.157230133230501,33.213092857388446,23.396063946232967,38.06634592487513,54.85252769403491,79.36058886543533,108.79146197398181,89.43561199611521,106.0313004531511,108.19301261500297,70.96481792994537,61.41257232160273,41.6884190146128,67.95048463310394,14.710417312094602,12.998282176786718,22.23007412162446,21.148104079613343,28.880317241349523,44.17157326359167,34.14928962566793,37.81496873717943,46.72914456507881,29.51597442611017,31.5204914578706,21.29131755145583,28.763329546906977,-10.3,-7.033333333,-1.133333333,6.2,12.45555556,17.86666667,20.78888889,19.85555556,14.08888889,7.500000000000001,-0.377777778,-8.822222222,5.924074075,2.103568397,5.147329405,2.6,2.202271555,1.354724244,1.639359631,1.115173131,1.632567848,1.543894786,2.094039159,2.699434097,4.617569106,2.395827613,26.5,13.744444439999999,32.27777778,53.1,74.7,112.7333333,88.67777778,111.9666667,111.8444444,77.68888889,46.13333333,36.18888889,65.46296296,20.86953521,7.584871639,16.71143155,24.71360961,17.28351816,40.91112318,43.91178025,53.23523269,60.227238670000006,30.40425317,28.792967890000003,36.33739274,31.74857956,0.42097410140829,0.3922464638925824,0.0010000341721245253,0.27670371873658073,0.3799776928028722
Port Gamble S'Klallam Tribe,0.4965771712598416,0.4692087775816397,0.0010000000000000002,0.3021938131686998,0.45631318464851395,0.14006435754148563,0.24085506790762579,3.7328135597800287,5.515332289039528e6,0.112,0.165,3.44,1.7064e7,1.3116123642769668,2.9643121409303332,4.891064395757861,8.58062503208976,11.767077557311636,15.446446047894726,20.22888343295379,18.58928102491329,14.658268119702315,9.75177058290256,3.5535965764841175,-0.30765348749332455,9.2862736490916,3.1811821594090843,2.828732181625133,2.4737333090131957,2.3648700229478288,2.217846229418442,2.942071402670093,2.5828025349019472,2.2847276973550694,1.9006188563345099,2.268443410223568,3.249451501791927,2.8714694780975893,2.597162398692648,103.15973095834269,63.02492796632804,67.10671577319468,49.31828039369034,48.82067924891818,36.326968782886276,11.691105314119374,16.314696605703535,26.734138066483013,50.47751863017794,89.55929449613316,131.1671304194383,57.80843222232618,97.85484819002603,46.83489913956113,46.616376281058734,37.37356235645082,27.263002109489012,31.50886964728245,9.852043832569585,24.946110625871693,26.44963873267453,46.35103022670549,64.02138422772134,116.48045187360283,47.962684770500196,3.633333333,5.6555555559999995,7.544444444,11.53333333,13.75555556,16.42222222,19.5,17.3,15.799999999999999,11.75555556,6.977777778000001,3.966666667,11.153703700000001,3.995935435,4.160862624,1.257090998,4.102133591,3.026182046,4.442909457,4.244408086,2.690724809,1.815213486,4.112210814,4.554058019,2.753633963,3.429613611,140.9444444,93.95555555999998,94.37777778000002,52.38888889,55.98888889,48.96666667,27.7,25.63333333,35.95555556,105.21111110000001,148.0888889,142.7444444,80.99629629,69.71162226,37.17627305,30.959238429999996,25.845572369999996,21.75037037,26.07465244,29.296928170000005,15.946394580000002,27.364763430000004,60.62883894,91.75823457,62.17059415999999,41.5569569,0.374939941662148,0.3628536062160189,0.0010000000000000005,0.24410785543514188,0.2899277509701216
Summit Lake Paiute Tribe of Nevada,0.08668148322320711,0.08668148322320711,0.010609479396703064,0.020693450775411404,0.0054139155814396794,0.12546243484520272,0.17361458047270506,3.1898824682904174,4.464882587038589e6,0.09900000000000002,0.158,3.2299999999999995,912000.0,6.5939475280418804,9.679382226471999,10.739637209536276,13.34929750890962,16.117439866344956,20.206392042689,22.758568480178496,22.369002196030745,20.008539890924414,16.225050957458052,9.635293501122833,7.012788449290727,14.557944988089373,3.365435190742652,1.8651844414837315,2.1292935248016427,1.9322213632491803,1.9942007813428309,2.1944017273812486,2.1944138269174136,2.567447180515441,2.051595967032345,2.160243854299028,2.382209377130707,2.688665420471649,2.2937760547000243,123.50116318122478,97.96628257880342,82.01242487237145,59.128787540687306,35.85497418246527,17.32455687806551,5.4244529992156165,8.563283183421207,14.18609027016176,55.114138873827464,83.96732398341587,121.04778035177051,58.67427157562876,84.0804397417744,62.36006418444594,50.577863491920425,38.37958880877192,23.07502136625029,13.334752060017482,6.5413190818742235,13.055278511786774,14.607899980416473,53.71191325688082,71.91759010498093,82.66843817683294,42.859180730496085,-1.4777777774999998,1.1333333335,2.2111111109999997,6.761111111,9.766666669,14.69444444,19.88333333,18.2,13.444444445000002,7.95,1.2444444444999998,-2.6833333335000003,7.593981480999999,3.0132904565000005,4.071815099,1.823654154,2.354284017,1.6062948680000002,2.0053735355,1.6596442345,1.2545352790000002,2.032638445,2.1143476125,2.780091583,3.4241909630000005,2.3450133535,36.888888885,19.444444445000002,24.38888889,23.644444445,38.305555555,16.633333335,14.638888890000002,11.927777777000001,11.13888889,21.955555555,26.96111111,51.105555554999995,24.752777779999995,30.069420599999997,12.749994065,14.066417529999999,13.90457037,19.44253353,16.399804319999998,23.44685428,15.0275270155,11.0343749195,20.75811518,17.387144090000003,47.897256735,20.182001055,0.10344469959252554,0.10113557956608257,0.009975408475398828,0.04010860740984611,0.006426201222627683
The Osage Nation,0.3774161207951463,0.32127760835418484,0.24933042781695985,0.30693447301074434,0.3320218767087474,0.14425395849978265,0.20554294588189764,2.9496705529357126,2.101436186305065e6,0.153990103548466,0.24696571776974643,3.209845170750867,3.9591201444893256e6,0.6034280725031378,2.341662426297167,8.704242536146037,13.972475667817632,18.403426678848373,24.19966552995826,26.822462323425587,26.357340794493176,21.982026175498426,14.989859767821928,8.273655759812652,1.0588620913904006,13.975758984753313,2.788143533163197,3.3093992221008546,1.5129433582286946,1.558951163943251,1.3796080456563453,1.5918648037032868,1.5150643958451822,1.9567503764756204,1.5570742065673728,1.4751796204585759,2.235627157292471,2.9621928821098433,1.986899897162611,57.22122003835993,55.262402616497305,89.62123070234067,76.50364902957597,146.15665967557845,134.20423088927708,103.49458697812915,91.40641930334607,83.98338494573947,64.84403329438672,73.86047542763774,54.79305314407021,85.94594550454654,34.67074136682771,31.940246284566662,43.0951299477797,35.32347136620806,72.18275235899527,63.234553745695045,61.946807196195486,49.90444093070212,47.550216212193384,40.47805845604336,50.85761646233224,51.13053211151264,48.526213869679246,1.4092592591666666,2.075925926,8.4555555555,14.522222220000002,19.201851851666667,24.711111111666668,27.312962961666667,27.420370370000004,22.137037038333336,15.635185185000003,8.820370370500003,1.4537037038333334,14.429629630000003,3.7672595333333336,7.605372761833335,4.6927797015,2.9705829261666676,2.479407805666667,2.7016308311666672,2.693006349166667,3.0918469880000004,4.412115398333334,3.165708149833334,2.8488077898333337,3.1960892591666674,3.6353839580000002,40.44444444666667,53.729629630000005,87.29074074166668,87.11481481666668,125.16111110333334,164.7740740666667,89.54814815000002,76.75555555500003,94.00370370166667,71.21481481333333,49.259259258333344,32.60000000000001,80.99135802500003,23.84216639666667,43.871019423333344,54.07718270000001,50.08989102666667,57.997781266666664,69.31045785333333,55.72927590333335,51.15760299500001,53.66359429166667,49.298250886666665,39.52556642333334,22.642688366666672,47.600456461666674,0.4300389616650045,0.37794294190152494,0.3069906934087269,0.35482719476403846,0.38373798062464676
Nez Perce Tribe,0.4316690381686286,0.42732045498178295,0.0010494194699924087,0.2857999013589034,0.2689853818746574,0.1198387514579406,0.1727833908203083,3.265140375003384,1.4007944640197444e6,0.13717849971271384,0.1752863925965737,3.137604157438543,1.3213835592277774e6,-4.470319879832214,-2.7162174196538476,1.8774621121351733,6.508737258057835,10.996582542578164,15.296099501894163,19.844127586118066,18.62675246163619,13.251222111418299,7.313112844450107,0.47945311131290064,-4.369153427811784,6.886488233562739,3.3432024800118354,3.154782927122006,2.4284380473745797,2.052417609189882,2.2563194034000578,2.5088378384649244,2.4439095018049155,2.9711712410060365,2.564025789852862,2.2633150389567325,4.587609074863192,3.6802294366627524,2.8545215324320052,31.213063944546104,21.317908257834677,27.57462032629984,34.23351740534555,72.59216560963266,55.35891139155904,30.298643910017063,32.07387807538597,36.62908496700499,29.720025285305134,26.292971868952968,24.327530890588655,35.1360268284835,42.225681035485756,14.386046917149518,19.241403538491213,18.132705641200026,34.290446932859815,36.10850952656633,22.60035902771854,27.57133958701077,25.32830253965109,18.085921410392444,18.04296144397521,24.139576964811386,25.012771213899303,0.501851852,2.444444444333333,5.311111110999999,9.824074074833334,12.788888888333332,16.71851852,21.516666666666662,19.872222224999998,15.742592593333331,9.264814814166668,1.5388888888333332,-1.5740740741666666,9.495833333499998,3.7622205096666668,3.679281216333333,2.854451045833333,3.0288910715,2.5071261236666667,3.227577303166666,2.3305043843333326,2.042143586666666,2.3230487913333335,4.499437176833332,3.892690730333333,4.356619525499999,3.2086659556666657,99.46851851,61.13518518833333,79.67037037,61.45555555500001,76.90185185333331,60.03703703666666,23.59814814833333,29.490740741666663,42.92222222333333,76.14629629166667,101.28333332666666,123.07222223333333,69.59845678666666,71.86350761833332,36.18803963833332,42.20218440666666,29.741475243333337,29.895939625,35.60933365333333,22.676693958333335,23.943912036666667,28.886771208333332,41.17612086833333,56.95900197833333,73.22930139166667,41.031023469999994,0.2316411840579085,0.21601174766193001,0.0020186198518946236,0.15498744248456076,0.10734868830169896
Jamestown S'Klallam Tribe,0.23840793108308586,0.23840793108308586,0.0009999999999999998,0.1724246541083563,0.1520099599928208,0.14006435754148563,0.24085506790762579,3.7328135597800287,5.515332289039528e6,0.147,0.252,3.31,6.145e6,1.3116123642769668,2.9643121409303332,4.891064395757861,8.58062503208976,11.767077557311636,15.446446047894726,20.22888343295379,18.58928102491329,14.658268119702315,9.75177058290256,3.5535965764841175,-0.30765348749332455,9.2862736490916,3.1811821594090843,2.828732181625133,2.4737333090131957,2.3648700229478288,2.217846229418442,2.942071402670093,2.5828025349019472,2.2847276973550694,1.9006188563345099,2.268443410223568,3.249451501791927,2.8714694780975893,2.597162398692648,103.15973095834269,63.02492796632804,67.10671577319468,49.31828039369034,48.82067924891818,36.326968782886276,11.691105314119374,16.314696605703535,26.734138066483013,50.47751863017794,89.55929449613316,131.1671304194383,57.80843222232618,97.85484819002603,46.83489913956113,46.616376281058734,37.37356235645082,27.263002109489012,31.50886964728245,9.852043832569585,24.946110625871693,26.44963873267453,46.35103022670549,64.02138422772134,116.48045187360283,47.962684770500196,3.616666667,4.6666666665,6.7055555555,9.944444443,12.49444444,15.266666664999999,17.98888889,17.28888889,14.888888890000002,10.35,4.716666666499999,3.1555555555,10.090277779000001,1.7643593215,3.23604212,1.337528533,2.2347238419999997,1.7707194849999999,2.660168977,2.207436966,1.5537614704999998,1.0538444145,4.8639637745,3.0021851100000005,2.0882359979999996,2.3144141675,229.05555555,175.30555555,170.18888890000002,112.72222225,116.2666667,99.09999997999999,29.927777775,67.92222222000001,90.71666666,238.27222225,348.60555555,277.9277778,163.0009259,135.172889575,86.53714843,63.791907645,49.257634044999996,62.142047205000004,60.11287945000001,24.325363965,48.9387882,52.65461165999999,176.74767759999997,226.75517055,125.33798006,92.64784155,0.374939941662148,0.3628536062160189,0.0010000000000000005,0.24410785543514188,0.2899277509701216
"Pinoleville Pomo Nation, California",0.5570193653720185,0.5386274236495568,0.39235593272391,0.40992930574618125,0.4613209420304323,0.11879992365365392,0.16535741276582183,3.704910834195921,1.5163526695225174e7,0.135,0.194,3.53,7.022e6,7.790875645397652,9.945993978543187,10.995247642073606,13.529510469169631,16.268526333738436,20.50043631588898,22.378749634404084,22.151802692342006,20.053089440445422,16.918517612369925,10.513912732261911,7.65129750829053,14.89149666710967,2.153124471294059,2.3936420697143515,2.377902602940484,2.5987682842846622,2.2014857513282093,2.89916856150479,3.1016657427476186,2.9479504247660175,2.8534253890851806,2.3350058835558496,2.182641808623863,2.2184865619865373,2.5219389626974875,161.0846768261212,115.30365023919157,104.54803012122854,48.690658846015005,35.28687404152784,9.85363880012699,3.481756501382358,2.306298267120121,7.433230710663072,34.578686204325656,52.23517759642087,135.61290848289678,59.20129888627747,132.66533382742662,102.10864102238294,90.58325998263825,38.86988675526018,29.98368729916087,13.634043477038823,7.038968031887644,4.967690180081305,10.11251236181664,39.58421930552746,48.35999080443877,123.1103553922498,53.418215703225535,7.544444444000001,7.911111111,8.888888889,10.55555556,13.288888890000003,18.07777778,19.96666667,19.34444444,17.72222222,13.84444444,8.866666667,7.2,12.767592589999998,1.170588646,4.060924908,1.287870766,2.114894271,1.8956822279999999,3.078464625,0.8746427839999998,0.585472269,1.210142324,2.374400509,1.670329309,1.679285562,1.833558183,227.68888890000002,151.1666667,153.1,72.73333333,56.22222222,18.84444444,5.444444444,7.888888889,13.62222222,53.57777778,85.13333333,238.68888890000002,90.34259260000002,167.3344663,103.5033937,133.0740771,41.33566862,37.25958862,21.35884542,11.12251221,18.94369581,16.7195079,42.01832272,60.31944131,183.7245795,69.72617493,0.3688083069283412,0.36618448199537984,0.1221602655985958,0.14851064185699206,0.2135435925363214
Cow Creek Band of Umpqua Tribe of Indians,0.2963750000349256,0.29238416281162133,0.0014745736872325312,0.13661230614991782,0.19572302112639944,0.15069772418929459,0.22680991627951277,3.3052225272437843,5.833649339720914e6,0.147,0.22599999999999998,3.1600000000000006,8.494e6,7.011922620619331,8.7436186329262,10.708327506532251,12.153563331400985,15.270855580743712,18.812703406894602,20.217025278320016,23.438444465440533,19.42718079903416,16.480658319282043,9.766898147985314,7.662979913649557,14.141181500271273,2.579683804342725,3.2702523475549703,2.513985742884205,2.305820404434115,3.253681459995803,4.457193048412382,3.2795300118767146,2.2182498316845924,3.3757991114991004,3.2975988923469277,2.7881285612072393,1.8148961340902028,2.9295682792575817,166.1311673632818,111.65865433632841,104.37116228002775,66.6191610533125,48.3585441567925,15.219253750254557,3.4348461733729483,4.201510721155895,14.630434782860364,47.17519175344159,61.8776162177847,169.10560746701967,67.73192917150939,129.28972099762686,99.13392579906667,95.40116761136218,55.36737380112276,33.8070208365499,16.142503389444894,4.6832907250587885,7.102739309766835,17.815309576424017,37.17537950876099,64.7653276481662,151.8108885565594,59.37455398004347,3.1055555554999996,4.702777777750001,6.3694444445,9.747222222249999,12.461111110000001,16.0416666675,20.41111111,19.405555555000003,16.08888889,11.163888887499999,4.5083333334999995,2.488888889,10.54120370325,2.38856920025,3.7295004652499997,1.6040431245,2.1109329005000004,1.7851975495,2.2897124347499997,2.1977639445,1.52789031425,1.51290047,2.9419912315,3.01142691875,2.573459847,2.3061157,143.41111112500002,79.79166667,91.54722222250001,73.46388889,59.944444444999995,39.58611111250001,23.180555555,13.830555555,29.56111111,69.3138888875,115.08333334750002,174.75555555,76.12245370500001,97.26967463749999,45.27611616,38.27832518,46.1562527425,32.8748682075,22.9986082375,27.0903862275,17.585311599999997,27.763655925000002,30.2744530475,68.36983158,119.161575355,47.758254907499996,0.34828099448542515,0.32503925295922764,0.0016533997385664064,0.1892544184274262,0.286125643331007
Confederated Tribes of the Colville Reservation,0.21498765379206755,0.21409911429987583,0.0009835808140526553,0.09240727717808614,0.07953609033731594,0.1480049247271861,0.23684033552978653,3.169130498819948,3.6892651844384987e6,0.1756640330486779,0.27327663596389057,3.0973197566331345,2.0032028275933359e6,-3.1845629378918825,-0.3269995768481457,1.8331154683994961,7.088525258243349,10.246042381752323,15.332288678086522,19.459241234171287,18.579744831856434,13.329294211987603,7.793083964148772,0.6661220043540713,-3.4018839831168775,7.284500961321645,3.6383925422141474,2.503260630250605,2.621301009723031,2.858897717267466,2.6046142918608446,3.4164872774466155,2.7267241029597344,3.1536941376463616,2.865909242719785,2.479663086242497,3.153555084629295,3.0252816422588613,2.9206483971629362,63.570060814371644,50.23726587414953,47.43249713908324,43.502239777617554,64.22851522754354,53.277459601156906,28.39561919166656,28.930302816336713,31.193762636886092,46.513112647868,49.66888293308023,71.78141016733765,48.22759406892307,64.24255999534012,48.510481840119326,37.08168678416569,31.290132877540618,30.946490277042003,33.375696196208295,23.099261048680663,27.82934311325112,20.225035311760813,39.079777478137345,40.98457325984563,65.52244666637269,38.51562373773816,-2.017460317428571,0.03809523799999996,4.452380952285714,9.642857143142855,12.215873014285712,15.66031746142857,20.119047619999996,18.33333333428571,14.601587301428566,7.831746031857141,1.7349206348571424,-2.584126984142857,8.335714286285713,3.784159938857142,3.0442134422857143,2.3075680695714285,2.8346368039999996,1.698109894285714,2.2262810385714285,2.0212122688571426,1.9192161694285714,2.161906308285714,2.3402330278571424,4.749805217142857,3.5024310479999996,2.7158144358571428,62.08253967714285,26.577777778571424,48.45238095142857,24.507936505714284,46.909523809999996,34.463492062857135,22.007936508571426,14.347619046857139,25.374603174285713,37.857142857142854,32.98888889,84.13809524571428,38.30899470857142,74.39907696571427,18.19347609728571,42.85652738714285,11.502097122714284,28.529334554285708,18.174600980714285,24.06116718142857,13.08644902342857,25.28567223542857,29.34050416571428,15.416604518285713,103.1872093242857,33.66939329571428,0.2650136482000299,0.2645192635957361,0.000959704783837245,0.1335661599780019,0.15444295923132656
Mississippi Band of Choctaw Indians,0.5151935785264556,0.3767264635660659,0.5139194712013128,0.2761428548707277,0.3793785455499145,0.1915144820015527,0.24125671364498544,3.172476969640949,3.6835507626029053e6,0.1972161834736489,0.24557510467795243,2.971578059209473,2.560867063239762e6,0.675418871219246,1.160967813202381,2.783686067073413,7.546296296093255,11.692283949047617,16.87344576829365,20.495535715049602,19.709402557906746,17.075264551478178,10.894190916845238,2.798622133872024,-1.4233024692073413,9.190151014221232,5.216913299399801,5.819994073212302,3.539580231816469,4.4665433060744055,3.2222187166914678,4.160349753362103,2.505610650578373,1.6812601030406749,4.343577559411707,3.8957424560099208,3.3243508496210312,2.6449284043561505,3.7350891170644838,39.143970458392864,60.5408179016865,33.148225310535715,23.32649911678572,57.788481040248016,38.42731481531746,18.56359126957341,39.40293209781746,21.56958774267858,23.49802689576389,31.243264990793648,28.501587301488097,34.596191579216274,30.941763666339284,64.87757183594246,22.531919488591274,20.44427891003968,39.96418140934524,37.25741750102183,15.819720801726191,50.533579126329364,23.109034358263887,19.533706296607143,28.976208925644844,34.90510220540675,32.40787371123016,5.636666666800001,5.353333333300001,11.448888888000004,16.105555555000002,21.121111110000005,25.144444445000005,27.002222222000004,27.030000000000005,22.792222222000003,16.946666666000006,11.835555556000005,5.236666666600002,16.304444445000005,5.119469746400001,9.266141514000001,5.7286403533,3.069047335300001,2.971652069900001,2.2932249046000006,1.8800235989000007,2.0851863926000007,4.390633501600001,3.3210064252000016,3.591478148,4.869906047900001,4.0488675032,118.78555555000003,109.44333333900002,134.84777777000002,134.67888889000002,106.05444444600003,86.52333333100002,118.54444444000002,105.46000001200002,65.28555555500003,77.24222222200002,103.54444444100004,88.338888889,104.06240741,68.40726621200001,71.32228694700002,93.096696691,73.872940622,48.23824163700002,31.58510595300001,49.746684004000016,58.82159918500002,37.67902248200001,68.99700541600002,59.69275676900001,69.188673722,60.887356638000014,0.22649596207114753,0.1772208451406307,0.2097337510979711,0.11917932157537593,0.1956756047812441
Lac Vieux Desert Band of Lake Superior Chippewa Indians of Michigan,0.36173648310414613,0.3509983366945477,0.001,0.20119831853441528,0.3241413337593596,0.11957387219627147,0.18306741222920914,3.030521875085691,1.582641697865468e6,0.146,0.187,3.04,1.158e6,-8.745898085115995,-8.286995887376195,-0.8446447307450324,6.031601087712873,12.332765878169507,17.331294566162086,20.133338288565223,19.32524463285608,14.290268330156778,7.639241048723748,0.4695535108634963,-7.622002584850217,6.004480504614802,2.4772249610236723,2.7950312601676073,2.5180135661172676,2.005613765990611,1.420223012098725,1.8929632404946848,1.2589764896923927,1.4030509964577424,1.8371105701758876,1.8181978237289376,2.739880819406591,3.842544899850007,2.167402617141663,33.910743043028184,23.09899936566134,37.79897312885337,54.19238561129951,79.24645637334102,106.99235916908243,87.21852475176736,103.28634526608971,105.47127637520444,69.59359623860107,60.11499860537406,40.861753903893906,66.8155343197575,18.200065148145903,12.96475862107464,22.066790395197724,21.133868711505425,29.173725997411395,43.84505521292084,33.648853408166104,37.20901354495549,45.90676684777575,29.092302314902017,30.867492357269665,21.08602021362801,28.766226064787393,-11.14444444,-10.5,-2.422222222,4.377777778,10.8,16.23333333,18.71111111,17.85555556,12.68888889,5.833333333,-1.8555555559999999,-9.611111111,4.247222223,1.753646993,2.060339778,2.731655989,2.358907468,1.54677083,2.675350444,1.9464354889999997,1.64629213,2.916095182,2.034084561,3.143290915,4.76509298,2.46483023,44.17777778,17.97777778,35.0,56.53333333,74.86666667,105.2777778,117.9333333,99.26666667,122.50000000000001,86.87777778,58.42222222,36.76666667,71.3,63.540730589999995,5.733406007,22.605475,40.00181246,40.31169185,34.67213499,34.28593006,41.16132894,59.14207470000001,40.60359522,33.14195897,20.65623393,36.32136439,0.4111347473736175,0.38335196897758933,0.0012904931786268752,0.26969783495845195,0.36727820331989236
Nisqually Indian Tribe,0.41089157227510137,0.40811860484213525,0.0010000000000000002,0.19134293604210126,0.3536547604485944,0.11928551100140453,0.1770237658803905,3.387811226302402,4.226863163873958e7,0.11626475664261329,0.16857065929965862,3.3761180531409067,4.396282221217101e7,1.280577706887161,3.8260765548939406,4.123285486429427,8.213512316043461,12.001510722192986,16.324977848915474,20.36695020387161,18.456122628975272,16.287094630901116,9.642322346075758,3.690089491515152,-0.6886585150107651,9.460321784986842,3.6090519764146736,2.3579002142874805,2.76697912788756,2.302802613065391,2.004090958919059,3.3270301130346907,2.4732959476088516,1.808177676716906,3.573571897194976,2.195472927917863,3.666375316540273,2.7660818633058217,2.737569219394339,102.7944754517544,82.44607478360847,94.63306308916668,42.36151426552234,54.616892610107676,35.753238525677844,16.46501417694777,20.422802587726878,32.179527734047056,61.564389509900344,75.96269271823365,134.97948786128393,62.848264443110075,114.17153305495216,69.07631714016746,90.31328740985246,34.064342384645144,32.25840195545854,31.04961475588516,13.062402158122413,21.54955700580423,31.306633577396326,50.99255036226078,84.89321053779506,107.7601850169976,56.708169613959335,4.0,4.816666667,7.261111111000001,10.649999999999999,12.633333335,15.255555560000003,18.46111111,18.11111111,15.500000000000002,10.561111113499999,5.2,3.3333333334999993,10.481944445,2.1297111435,3.19212127,1.430800077,2.5524193494999996,1.2967929185,1.4266678044999999,1.6628876195000002,1.9652880275,1.502622879,3.1638503705,2.8987010775,2.4217362639999997,2.1369665665,159.5611111,119.0388889,120.26666665,75.25555555499999,68.2,58.183333335,26.144444445,24.433333335000004,47.63888888500001,116.71111110000001,187.1388889,159.29444445,96.82222223,104.310128985,64.614523175,57.03434875,35.218798144999994,34.042938255,24.457082805000002,24.16408525,14.20506986,38.14833995,65.25426362,113.62910935000001,86.87465953,55.16277897,0.45510264691551067,0.44641947408279126,0.0009397199768790968,0.22426337272136768,0.3681351365347699
Omaha Tribe of Nebraska,0.6884328089990006,0.5696985934835094,0.00102286139486395,0.664994943365482,0.6478236030163257,0.10292316737151425,0.15279814096882868,2.997499825994989,871405.6948256816,0.1621764635154987,0.23459119199236078,2.9437797583017415,601305.687492065,-6.058866067613642,-4.038362507215449,3.5578609450744803,10.096387394953393,15.449206200756425,21.59207722197024,23.805250678346596,22.75466213697405,18.22036288497369,10.714425909844671,2.234609572481393,-5.643835175531499,9.390314932818747,2.9480516456332073,3.15438639328535,1.8880571676247038,1.8388423763970299,1.5170422709318196,1.501813792841001,1.0117262323805765,1.3840391612356904,1.8052697028192333,1.5319857106267154,3.6121704488499695,3.7904644830694045,2.1653207821961846,16.95411772498876,15.324386175912595,44.30724235780978,64.93492642815401,101.86805764900177,122.41238845318861,83.5500127403624,87.16025843722117,69.8623512050742,43.467922369939465,35.99090559927817,23.126120637150184,59.07989081464872,12.754489551097809,13.689073328602525,25.61126379146081,38.07220498402741,40.02249460063728,67.03360893251741,50.11744178317099,43.96809597178769,45.441815165104764,19.810351875701624,29.197919045904698,24.934215027052495,34.22108117118765,-5.6444444444999995,-2.4000000000000004,3.1722222220000003,10.572222219999999,15.772222225,21.744444445000003,24.633333335,23.172222225000002,17.47777778,10.93888889,3.4944444445,-6.022222222000001,9.742592593000001,3.0516993995,6.291955315000001,2.5412841945,1.6395577175,1.391675904,2.358326615,1.8952790655,2.4226934815,2.3872151914999997,1.4416619055000002,6.405018934,3.2511028670000006,2.923122549,20.816666670000004,32.66111111,47.72222222,75.56111111499999,109.50555555,123.1,85.58888888999999,79.05,75.32777778,56.40555555499999,37.62777778,44.59444444499999,65.66342592500001,18.451979635,53.61136694500001,30.451534700000003,36.613876770000005,45.9514389,62.450629815,60.91731861499999,43.23647978,40.72742219,32.32539399499999,25.972441139999997,58.538697799999994,42.43738169,0.7040495048620851,0.5843171357479717,0.001981070975024432,0.6793130180039745,0.6637098469946834
"Rincon Band of Luiseno Mission Indians of Rincon Reservation, California",0.15760970533106658,0.15760970533106658,0.07435762634190232,0.0832615953377016,0.05864297771304655,0.10399510506039189,0.1432938932835229,3.3358287203373513,3.195195984595473e8,0.096,0.126,3.52,1.88159e8,10.409771494544804,11.056852766643505,11.706911074164978,13.364510750498747,14.846786364851244,18.153437225406357,20.141391274108784,20.628613833496402,19.153837183216236,16.916723046383026,12.343540443979526,10.391804242265593,14.926181642021868,1.9640931368128203,2.205654241681759,2.210149898670225,2.073621125978141,1.9919029886792459,2.27238461264958,2.9689104652540568,2.361525948391883,2.2222094809678197,2.2049459372494584,2.2454974455804493,2.035202369709515,2.229674804411223,112.62692437732332,100.64427578643777,73.16192500119872,32.710424918763984,16.313943582444086,3.601409970982046,3.756747718268453,4.219808020466911,5.021870452054295,15.96974393040663,25.39617486356923,49.420395910052896,36.90363704447741,106.0994912420896,98.52812667351985,69.45924164551994,23.385517751771182,15.396178731935995,5.709194376972331,5.97690152504068,6.510201393279819,7.673654343620087,19.777723103064115,38.21234107880739,67.13319046087173,38.65514686088386,8.288888889,8.211111111,9.477777778,11.23333333,13.66666667,17.8,21.42222222,21.8,19.22222222,15.08888889,11.01111111,8.644444444,13.82222222,1.027672667,3.0563231360000005,1.2637026719999997,1.467991826,1.553222457,1.7334935819999997,2.709602267,1.538668255,1.488940712,2.394496004,1.59173211,1.510886421,1.778061009,116.3,92.57777778,65.82222222,37.26666667,19.56666667,4.122222222,10.144444440000001,12.1,6.822222222,17.72222222,36.1,43.68888889000001,38.51944444,97.49667943,77.92768728,52.33817386999999,16.54486325,18.77072188,5.417512754,10.33865454,17.68954493,8.749253936,16.65351147,47.2032573,54.76094513,35.32423381,0.21664211414430415,0.2162512882341567,0.09665714731822615,0.12226324986270033,0.0630975399263605
"Three Affiliated Tribes of the Fort Berthold Reservation, North Dakota",0.34766780138017855,0.30495257751041316,0.0011000283791571127,0.3305012164846494,0.16612773931542837,0.10781439177741456,0.17450282063374833,3.225141526001842,449163.69757711096,0.053172719181877014,0.09285858751018361,3.4305833956082985,294891.80221172376,-6.888928507633315,-4.874663241623305,1.0631252715369224,6.752857653990457,11.918779234436403,16.567037292841043,21.049640875596968,19.445385067592625,13.930255860680932,7.655924903512311,-1.0632454054452507,-6.624681133918911,6.577623989281577,3.868389274253397,3.283625516349438,2.6727663823216,1.9938076809481255,1.8800587406564304,2.0240738053385092,2.395897484562,2.104740606375089,2.7662962463971694,2.1663187862380977,4.6355261799910314,3.838092719339777,2.8024661185731543,12.003134983789867,9.404387444841625,23.78863584133425,31.052609718516255,64.83850292625382,65.51776192884867,43.561034430272635,44.189025637315396,31.374990414993125,30.484285459470897,19.205234772334947,13.066304987190136,32.37382571221187,9.659807988744078,8.000659369059926,20.99762910692467,13.821780081184956,33.91726335708765,41.63968773902695,33.66330240795149,31.64037936186795,28.005751400899484,17.8168499354746,13.86393866104715,8.876564435572579,21.82530115376468,-9.582222222200002,-5.1711111112,0.07999999980000004,8.0044444444,13.062222222,17.959999998000004,21.520000000000003,20.273333334,14.015555556,8.671111111000002,-1.6533333332000002,-8.917777778,6.5218518518,4.4996841110000005,6.421281563200001,3.1021497772,2.9541897684,2.7998824414000003,3.2436533676,2.1470949598,2.0321355312000002,2.4854973040000004,3.6900597768,5.065807521,5.3327533746,3.6478491246,11.457777777999999,9.8066666684,23.142222222,25.735555555999998,67.713333332,77.673333334,50.868888888,45.21777778,34.52,40.164444444000004,31.217777778,14.131111112000001,35.97074074,9.079346110000001,9.4725830252,25.660209048600006,15.924825160000001,34.854485974000006,45.98372537400001,23.255263382000003,37.733491568,25.778163674,19.385400810000004,32.178071866,7.917720781799999,23.935273898000005,0.19035328704344692,0.18261892502079588,0.004845562217345605,0.11585732436329006,0.041023789098386124
Sac & Fox Nation of Missouri in Kansas and Nebraska,0.8298846391248865,0.6540761934383941,0.0010000000000000002,0.7247162502712391,0.8123573376512782,0.08681301823802352,0.13255067030524778,3.003582073003533,1.3732888967927592e6,0.13167106274607682,0.22301318823823046,3.039802176426543,580895.2627959948,-7.415782557977634,-5.486791381506286,2.547872930234019,9.312702875234134,14.996281417419334,20.974012212984665,22.979252045090234,21.93744686347901,17.3969742500395,9.871118782215198,1.2813678099763326,-7.075868615655331,8.443215552690372,2.705341633128526,3.0372351527437784,1.833438979372625,2.0328317164182037,1.5030439688901196,1.5228280955815305,0.9555999474961647,1.3909954511321854,1.7860817064329297,1.6728239872311599,3.4555022547148266,3.846006990918397,2.145144157050366,15.928516000985791,13.22284487433394,43.56815508775276,65.09670466941076,103.05005744800398,122.1197280105894,93.54430726860052,101.96705910145391,83.48829948325844,44.84174421579485,32.76979902622611,22.97316738127208,61.88086521429204,8.486652937551673,11.428730103232809,26.083079573848917,38.2234194537378,37.10124158477938,62.71421611079884,55.09963806584663,47.559667775733864,48.141695762174386,17.867300376008224,27.562550555955,19.30601241184703,33.297850392328954,-0.9638888887499999,0.6249999997500001,6.3722222222500005,13.719444444999999,18.42222222,23.547222222499997,26.3888888875,25.6361111125,19.541666667500003,14.702777777500001,7.12777777775,-2.3250000002499998,12.7328703725,5.15182658425,5.5537162085,3.9037220907499997,2.69708137225,2.1826643832499997,1.9759749305,1.57894661825,1.80047743025,2.878694075,2.39203343475,4.830711392,4.1656058955,3.25928786825,27.633333335000003,43.1527777775,74.3833333325,73.6361111125,105.130555555,130.44444445,104.88333334999999,95.8555555525,85.11944443499999,66.59166666750001,39.75000000000001,39.5499999975,73.84421296500001,18.670806925,49.0123165575,48.885856365,38.507558495,68.42168179500001,40.113190825000004,32.9584095075,42.7401597125,56.68374790749999,47.69232249,19.1471670875,41.242267192499995,42.006290405,0.7413374975827434,0.6352124073645374,0.0010000000000000328,0.7192725693178926,0.7127482899073642
"Eastern Shoshone Tribe of the Wind River Reservation, Wyoming",0.05609539760024144,0.05569457009786642,0.0027993493918918168,0.021838923204164907,0.002574532331752981,0.1079906434876626,0.12859819389911398,3.156775688505414,1.2942395420492021e7,0.14117614446151538,0.19888061353981684,3.372357646417614,2.8927536113836793e6,-2.6148529667663767,-1.5020436712481275,2.3988723987930842,7.089983001193287,11.034457543284683,16.734224180612816,20.832225443880464,19.804649447557345,15.299026278141117,8.879334588092597,1.5078347089260127,-2.940644513126132,8.043588869981539,3.1284342421661564,4.004081086491138,3.404880560499896,2.659366961298927,3.38286742725737,3.484445998017659,2.884485715383157,3.3842829547468107,3.2681718110773303,2.7441503231151265,4.431889566089633,3.1117791152105037,3.3240696467982143,33.970994366604096,28.52742381286845,47.908600926413214,42.455266025039585,63.839031322802526,35.95106443894409,39.1968081678562,28.115751656352252,30.71065646742434,29.570701868019913,36.93313536725699,40.48695903734599,38.13886612171009,28.74957920774323,21.636418330065855,27.330287615881105,22.83335946798874,32.723174042297344,21.702988056186552,33.155143605030716,24.102617438499085,20.41506044724551,20.12338640509724,29.994880487211805,37.838021375152174,26.71707637347512,-6.496296296333333,-4.635802469,-0.029629629555555582,5.949382716111111,9.918518518444445,15.38271604888889,20.185185185555557,18.54691358,13.139506173333332,8.029629629777778,-0.3049382717777778,-4.875308642,6.234156378888889,3.1105639564444445,5.878266512666666,2.4648985858888888,4.026717573111111,3.997194629444444,3.950562285333333,3.2757558817777777,3.184990003222223,2.6478310743333333,4.122794151777777,6.587103823111112,4.9054174122222225,4.012674657444445,23.583950617,17.796296296666664,23.271604939,37.43086419777778,69.60740740777777,48.22839506111111,37.371604938888886,31.63950617333333,31.04074073888889,27.196296296666663,26.355555556666665,18.376543208888886,32.65823045333333,17.769103131444446,17.553317302222222,19.267596984999997,25.954731226666667,43.030171653333326,46.96072052111112,53.68980983222222,34.686089348888885,30.19823227,29.595302138999998,25.53437202222222,15.066637324444443,29.942173646666667,0.22529311624161702,0.21952504633633838,0.0015587717299331604,0.16552203755707864,0.06804394055450329
Ely Shoshone Tribe of Nevada,0.06412660271286598,0.06412660271286598,0.001,0.014414487339391003,0.0020734551081965633,0.1079906434876626,0.12859819389911398,3.156775688505414,1.2942395420492021e7,0.115,0.193,3.12,591000.0,-2.6148529667663767,-1.5020436712481275,2.3988723987930842,7.089983001193287,11.034457543284683,16.734224180612816,20.832225443880464,19.804649447557345,15.299026278141117,8.879334588092597,1.5078347089260127,-2.940644513126132,8.043588869981539,3.1284342421661564,4.004081086491138,3.404880560499896,2.659366961298927,3.38286742725737,3.484445998017659,2.884485715383157,3.3842829547468107,3.2681718110773303,2.7441503231151265,4.431889566089633,3.1117791152105037,3.3240696467982143,33.970994366604096,28.52742381286845,47.908600926413214,42.455266025039585,63.839031322802526,35.95106443894409,39.1968081678562,28.115751656352252,30.71065646742434,29.570701868019913,36.93313536725699,40.48695903734599,38.13886612171009,28.74957920774323,21.636418330065855,27.330287615881105,22.83335946798874,32.723174042297344,21.702988056186552,33.155143605030716,24.102617438499085,20.41506044724551,20.12338640509724,29.994880487211805,37.838021375152174,26.71707637347512,-1.9074074073333336,0.588888889,1.3296296293333334,5.396296296333333,9.122222221000001,14.970370370000003,19.811111110000002,17.97407407666667,13.781481483333334,8.848148147333333,1.6888888886666666,-2.396296296,7.433950617333333,4.772760445333334,5.14993696,2.388736221666667,2.399994739333333,2.7072910363333333,2.9505244493333334,2.4219419336666665,1.2961065303333335,2.0208205206666667,4.797516956333333,4.5302561216666675,2.9639628743333333,3.1999873990000003,34.322222223333334,38.92962963,32.86296296333334,34.04444444666667,50.15555555333333,18.081481483333334,15.477777776666665,38.748148150000006,23.085185183333337,27.15555555666667,30.107407406666667,25.000000000000004,30.66419753,21.905745913333334,27.020789710000006,14.878421860000001,20.474755016666666,22.89820372,13.134621665333334,15.48606557666667,49.61178987,19.05757146666667,15.799408000000003,23.89146981333333,24.131234253333332,22.357506406666666,0.22529311624161702,0.21952504633633838,0.0015587717299331604,0.16552203755707864,0.06804394055450329
Timbisha Shoshone Tribe,0.03963632128744971,0.03630652234249261,0.006388627976409937,0.010661776937097857,0.0011899809591822974,0.1079906434876626,0.12859819389911398,3.156775688505414,1.2942395420492021e7,0.1352905976342332,0.2069852739423407,3.338669724014972,1.6747403068893403e6,-2.6148529667663767,-1.5020436712481275,2.3988723987930842,7.089983001193287,11.034457543284683,16.734224180612816,20.832225443880464,19.804649447557345,15.299026278141117,8.879334588092597,1.5078347089260127,-2.940644513126132,8.043588869981539,3.1284342421661564,4.004081086491138,3.404880560499896,2.659366961298927,3.38286742725737,3.484445998017659,2.884485715383157,3.3842829547468107,3.2681718110773303,2.7441503231151265,4.431889566089633,3.1117791152105037,3.3240696467982143,33.970994366604096,28.52742381286845,47.908600926413214,42.455266025039585,63.839031322802526,35.95106443894409,39.1968081678562,28.115751656352252,30.71065646742434,29.570701868019913,36.93313536725699,40.48695903734599,38.13886612171009,28.74957920774323,21.636418330065855,27.330287615881105,22.83335946798874,32.723174042297344,21.702988056186552,33.155143605030716,24.102617438499085,20.41506044724551,20.12338640509724,29.994880487211805,37.838021375152174,26.71707637347512,4.51111111125,6.0444444445,7.8888888900000005,11.54722222275,15.702777777500001,21.10277778,25.355555555,24.0999999975,19.619444445,14.65,7.7805555565,4.405555555499999,13.559027777499999,1.48307116575,2.37868779925,2.37346783625,2.7126254395,2.7389140170000004,3.6940497117500004,3.4151210985000002,2.58984891775,3.0462361249999996,1.4882011345,2.35830500625,2.6754785455,2.5795005665,60.9055555475,37.330555555,24.5916666675,20.230555555000002,14.563888888000001,5.25,11.3916666675,11.047222223000002,12.063888888249998,7.725,7.96388888825,25.83055555275,19.90787037,57.153463782500005,39.2192277,22.469067637499997,25.079346015,15.274600317500001,6.73971268375,14.7018569325,14.573919557499998,14.481971359999998,7.63431555675,12.446478672999998,26.39806119,21.34766845,0.22529311624161702,0.21952504633633838,0.0015587717299331604,0.16552203755707864,0.06804394055450329
St. Croix Chippewa Indians of Wisconsin,0.3440545666797694,0.3200673585177242,0.0010000000000000002,0.20776229812067723,0.31170878076418945,0.12452729807846392,0.1876118180866763,3.0033937929790024,1.3451527511229748e6,0.09700517515022355,0.18360633140488966,3.1851943387309163,1.5154593112462228e6,-8.60688010726846,-8.29847032021926,-0.8423482440984082,6.097285177462485,12.474888557733253,17.498331418974914,20.22302510302806,19.47263758007205,14.459698034080683,7.754679797707666,0.7584187255476121,-7.413302176821022,6.131496962198834,2.4810826523959157,2.831497601321684,2.523333991237197,1.9986929386285797,1.4017429531239671,1.9104295955096349,1.2258864820246769,1.385784212666546,1.7592000263321739,1.781151781464348,2.6145968954507497,3.845493755962824,2.1465744072290946,34.920548238133314,24.61261948276501,37.84281566903571,56.60912179609982,79.21000988884369,108.86060311340857,88.13869750500615,105.22146166934282,107.41372620400868,70.36992904872396,62.87592011662318,42.86039594249312,68.24465405659623,14.88489632807619,13.948372665597079,21.735310375533516,21.124374993988052,27.794507561218147,44.7784948538278,33.79966311630293,37.04034272650741,46.63357116329054,29.129681588789495,31.408574306969797,20.88597407763223,28.5969803135368,-9.094444444499999,-6.699999999999999,1.2388888889999998,7.4277777775,13.644444445000001,19.272222225,21.105555555,20.816666665,16.55,8.5555555555,1.0055555555,-6.8944444444999995,7.2439814815,3.164906537,3.1752477585,4.0846758560000005,2.4033727415,1.581793228,2.9028246530000006,1.061957149,2.085062937,3.053257678,1.9790695105000002,3.960436876,8.1078117465,3.1300347225,18.377777775,14.416666665,39.23888889,56.183333335,76.94444444499999,124.9055556,98.62222220000001,122.27222219999999,102.84999998500001,73.177777775,45.78333333,27.011111110000005,66.64861110999999,11.1766149325,8.103534686,20.138685985,36.50125045,23.40675805,40.858084625,50.568267580000004,54.832772545000005,60.219771665,39.2135952,37.300312045,17.5214606925,33.32009237,0.4226845789401703,0.39463005060364276,0.0010005419602551122,0.2765440813159743,0.38278514614618536
"Shingle Springs Band of Miwok Indians, Shingle Springs Rancheria (Verona Tract), California",0.20387329374686058,0.20387329374686058,0.05484589402902934,0.09477740470121128,0.13468151565556197,0.12924695553214413,0.19108521638334813,3.427354294994348,3.725657284588019e7,0.091,0.134,4.47,1.2877e7,7.7164385816854235,9.438078382762543,10.932099759396765,13.772502059063953,16.88511745789312,20.977308515856084,23.786595627746063,22.950693036631343,20.515553980714525,16.708053764275068,10.012469478286647,7.232363344277666,15.077272832434598,2.35393317861078,2.653815530415468,2.510436549968065,2.548630418666281,2.5309882450582144,3.039262775256437,2.646921735091201,2.3548036340088316,2.7883405918273585,2.4349204790829004,2.7425818367446877,2.6207102734945407,2.602112104061213,113.52792543076042,82.53245372184396,72.44841698324582,43.22343055276702,27.639382438191216,11.373454775549115,7.433363470278347,7.912196398401038,10.944986034894242,30.284309851764007,48.35728402463136,92.63335177255303,45.69254628805759,93.88458389143872,66.8297842452027,58.954435425910305,30.989817825503255,22.19607934983854,10.950309032027905,9.394573359114037,8.234486739622827,10.610623271942558,34.341593675937325,47.806779297877085,82.04425859529796,39.68644372579512,6.1,7.433333332999999,9.3,11.66666667,15.088888889999998,20.52222222,24.98888889,23.01111111,20.65555556,13.88888889,8.133333333,5.6,13.86574074,1.308625233,2.926602125,1.8947295320000002,1.793739111,1.9029217299999999,1.996733444,2.361908362,1.695910113,1.880898131,3.021772842,3.61835598,3.560196624,2.330199436,206.5,142.9111111,128.6888889,63.88888889,57.16666667,13.37777778,11.5,12.11111111,10.64444444,47.11111111,71.28888889,152.7,76.49074074,157.8440528,132.1674454,119.97364760000002,53.05844524,38.03064554,14.24182026,17.63767275,26.16789275,15.48104576,58.94156947,71.24555152,147.7286617,71.04320423,0.23873390899704547,0.2367565742324303,0.11987048253780794,0.11995921772464264,0.07355032278147351
"Minnesota Chippewa Tribe, Minnesota (Bois Forte Band (Nett Lake))",0.3459309517446793,0.31887426797732443,0.0010000000000000078,0.2915181991234117,0.30531073504780154,0.12452428907295851,0.18760865749100547,3.003418478336509,1.3465124733612835e6,0.12190811994435309,0.2112608843887198,3.0200566401158047,2.872892703672036e6,-8.60750145735287,-8.298970587193736,-0.8425969633501187,6.097070804953337,12.474733165802613,17.49809259677515,20.222829044942106,19.47238279321443,14.45939334330607,7.754403439429009,0.757924609689427,-7.413889702149724,6.131155924021024,2.481152345913012,2.831485340464262,2.5234376050947698,1.9987258574575038,1.401736273071992,1.9104782618781597,1.2258888936235235,1.3858156434568543,1.759269894928761,1.781130492969022,2.6148292506662068,3.84565067563808,2.1466333779827296,34.92026631376575,24.61165678903318,37.84199136304293,56.607309979105715,79.21078755322935,108.85914613943339,88.13963885089696,105.22083005055248,107.41163784712354,70.36984080518855,62.87533989896596,42.85979018202227,68.24401964808601,14.884583894698883,13.947321804990592,21.733878079463587,21.124433985446796,27.79594309647874,44.77806963278507,33.79926867063056,37.03961878093101,46.63254245419958,29.128496040081036,31.40787033314362,20.886290232622923,28.5965264175145,-12.48611111,-9.338888888500001,-0.41111111100000003,5.341666666499999,11.830555555,17.3,19.66388889,19.1500000025,14.677777779999998,6.436111111000001,-1.1027777777499999,-10.841666664999998,5.0182870377499995,2.4816605545000003,5.1738276155000005,6.106285776,2.26622421275,1.4380910552500001,3.5374053002499997,1.3974814435,2.9627175397500003,4.765850246,1.8957937685000001,6.11268450675,5.553970123499999,3.6409993455,27.891666665000002,15.397222220000002,30.11111111,42.322222222499995,77.09166666499999,102.19444443999998,96.152777775,92.5972222225,80.305555555,68.3388888875,58.1500000025,33.724999999999994,60.356481484999996,14.012159462500001,5.52637682225,12.4614267095,26.0333065475,44.926880839999995,30.708381314999997,55.816890234999995,39.231464772500004,34.25213603,26.805599152499997,36.15748784,21.977977195,28.9925072425,0.42265747911623375,0.394603989257599,0.0010005418833327609,0.27652911670064195,0.3827622492094019
"Cheyenne River Sioux Tribe of the Cheyenne River Reservation, South Dakota",0.22395473944512917,0.22183078322109737,0.002095338337502559,0.17034545214190638,0.07480030908239998,0.09986313832488945,0.1596011786676472,3.2054345674173605,508428.34556971816,0.19710670519442608,0.2962190947888648,3.1989131301886653,468842.49680930603,-8.205605057832768,-6.149382868798004,1.1125220698557716,7.904996039707953,13.537803408838325,19.267756822564067,22.373246924300563,21.35972064089474,16.090182691311313,8.639250944579322,-0.11247105476883588,-7.6555699937162895,7.346870880631729,3.232670235690918,2.9916678850732152,2.658062038784084,2.2581579483922685,1.7694622732347987,1.9770352383326402,1.2307199148310246,1.5671193941797623,2.1822155719759118,1.9261739909879079,4.280794869901046,4.126852132853605,2.5167442912880484,12.025412796249986,11.169508248134141,28.97764948430131,39.105210412955536,84.64219881771125,93.67106482850639,68.20951658014359,66.45964130084646,47.265690093332395,40.683173824540695,25.127508126382615,16.95658190796944,44.52442970214229,6.827579298563385,7.2785125573798055,18.655006134697214,19.781089070658876,43.78467506580858,39.11115167836445,31.258377922187172,33.16100731303751,29.976025619139737,25.279771951866632,21.73190052846116,12.979147445102523,24.152020382121407,-6.7400000001,-2.038888889,1.7933333335,9.637777778199998,14.094444443999999,19.519999998,23.134444445,22.245555556999996,16.316666667,10.9411111113,1.5544444444000003,-4.4422222223,8.8347222216,2.9314981244999996,6.1170497525,2.2189424577,3.9769002231999995,2.7458018552000003,2.1146824118000005,2.4211106135000002,2.1105716522,2.2554338988,3.638960430899999,5.981045642299999,6.89713272,3.617427482,9.903333333,11.7088888881,21.460000001,38.70555555599999,83.37555555599998,89.96000000200002,63.246666666,44.744444445,37.133333333,36.389999999000004,23.867777778,15.944444444199998,39.70333333300001,6.8555150525,8.6967324775,13.5122069913,22.40307133,53.377695998,42.447562938000004,33.882611552,32.610438759000004,35.139738763000004,24.733658809,32.688811031,15.335741634500001,26.806982111999996,0.39005421606803614,0.3568804990226411,0.0019067880651028814,0.34921604226101044,0.22934790733571073
Big Pine Paiute Tribe of the Owens Valley,0.08661750513103256,0.0853060941517156,0.00880319009656081,0.04104376282758139,0.001,0.1139175560770058,0.1438689914292486,3.16800641956699,1.0066589699676465e7,0.105,0.144,3.27,1.052e6,0.39530939017620387,2.15292826057246,5.125292226822194,9.13602069329156,12.69597709281826,17.8692025093645,21.461906290771232,20.642882192172184,16.838466795361448,11.280494099834145,4.164529305324882,0.31292246801440315,10.172994277070165,3.205904845896395,3.3049209548515703,2.987918103768632,2.4216784253706813,2.9289416346168613,3.0627577765767655,2.6589157919804878,3.117276594821646,2.8704988663572255,2.5532836327794204,3.761892409342219,2.9734721861671045,2.987288435251491,63.23651533520523,51.22551993126121,59.05642057217358,47.90548800046019,54.691634173100034,29.862452579812203,28.157338663521205,21.72446273487891,25.309124839081043,37.92031185090073,52.30761808533841,66.82058977478728,44.85145637890837,46.83606871858371,34.948117921931406,34.92942909273986,27.9150934441346,29.569396738092543,18.96758847793691,24.455646553373306,20.491475705074887,18.516822359903806,31.102766315802203,43.6985286945522,52.49213763910393,31.993589305287692,2.855555556,2.144444444,5.266666667,7.311111111,10.84444444,16.51111111,21.23333333,18.8,16.04444444,11.05555556,6.1,3.255555556,10.11851852,3.116532974,3.622192399,2.868797658,2.552177719,2.657118322,1.887752926,2.724885319,1.717556404,1.592255563,4.503362941,2.946183973,3.121742747,2.775879912,99.57777778,58.72222222,42.46666667,31.28888889,14.26666667,10.36666667,29.57777778,10.866666670000003,16.94444444,16.08888889,20.74444444,79.63333333,35.8787037,93.26466075,62.05910042,29.26734528,26.91600102,13.716413529999999,22.61559197,39.7270304,15.92921844,15.3134019,15.79053866,33.13001325,78.21724554,37.16221343,0.18336032306240435,0.1787826127356521,0.004455264746568565,0.12236238417065273,0.04683887289231729
"Kaibab Band of Paiute Indians of the Kaibab Indian Reservation, Arizona",0.094748634745588,0.09438883956205457,0.005164941693630471,0.04880871577669733,0.013013931253738344,0.12546243484520272,0.17361458047270506,3.1898824682904174,4.464882587038589e6,0.16523390399099266,0.25124652030126465,3.147703014457647,1.7502445555188935e7,6.5939475280418804,9.679382226471999,10.739637209536276,13.34929750890962,16.117439866344956,20.206392042689,22.758568480178496,22.369002196030745,20.008539890924414,16.225050957458052,9.635293501122833,7.012788449290727,14.557944988089373,3.365435190742652,1.8651844414837315,2.1292935248016427,1.9322213632491803,1.9942007813428309,2.1944017273812486,2.1944138269174136,2.567447180515441,2.051595967032345,2.160243854299028,2.382209377130707,2.688665420471649,2.2937760547000243,123.50116318122478,97.96628257880342,82.01242487237145,59.128787540687306,35.85497418246527,17.32455687806551,5.4244529992156165,8.563283183421207,14.18609027016176,55.114138873827464,83.96732398341587,121.04778035177051,58.67427157562876,84.0804397417744,62.36006418444594,50.577863491920425,38.37958880877192,23.07502136625029,13.334752060017482,6.5413190818742235,13.055278511786774,14.607899980416473,53.71191325688082,71.91759010498093,82.66843817683294,42.859180730496085,2.077777778,3.4444444444999998,5.922222222499999,8.7444444445,13.955555555,18.22222222,22.455555555,22.1,18.894444444999998,11.86111111,4.4944444445,1.6777777779999998,11.154166665000002,3.9780588124999996,3.5047283475,3.063724416,1.9445916964999999,3.2946735465000003,2.3976761399999997,2.406884689,1.3550941425,2.5662778470000003,1.681992982,2.426124073,3.7204755095,2.6950251834999994,77.82222222,68.86666667,45.077777775,37.2,34.733333335000005,19.961111110000004,25.211111109999997,29.222222220000003,20.488888884999998,39.63888889,39.311111115,26.983333334999998,38.70972222,65.17840699,42.078065465,28.871499645,30.52030869,41.167093105,23.66754155,14.34320134,16.787715929999997,15.119705869999999,35.678438465,50.84174513000001,30.39980368,32.887793825,0.10344469959252554,0.10113557956608257,0.009975408475398828,0.04010860740984611,0.006426201222627683
Ute Mountain Ute Tribe,0.06693688418335556,0.06528732581384349,0.0017571582834139505,0.04230134049718806,0.01372167253850739,0.13279459244598676,0.17450818331485482,3.2642094771351657,1.207269099747718e6,0.14137320487560204,0.21698516619508287,3.143615047559393,3.4097666605083635e6,-2.013535431248231,-0.8631335854278444,3.026262043601626,6.76393898617551,10.897265055683567,17.192542459850888,20.452791557177157,19.773577730841843,15.257564143865103,9.965416052587923,2.431365335716835,-1.0305983891853545,8.487787996646876,4.2819433711949495,4.4225699381772925,4.242227383822435,3.7570284302876114,3.523305979221204,4.135285947984252,3.730634460794246,3.5549306733163797,4.016753190279964,3.9877223064416247,4.806921292415981,4.567582809469697,4.085575482019745,40.54955884536648,33.89344826881269,45.65642846444353,39.566751693061896,41.82149928479385,30.763690316205864,39.26917003121382,43.05838919920598,33.990256574467,40.08325108483809,29.8892336944066,29.076876241053018,37.30154614157296,38.94839067278879,24.41811658215148,30.54783069179019,33.79308204980284,31.856952405559802,27.60799850892305,34.856987140252805,40.77634979714708,24.970245880174573,40.085444160452006,23.43769797138304,30.299949619127283,31.799920457166852,-1.0347222221249999,3.197222222125,5.431944444625,8.883333333875,14.4875,19.662499998749997,23.411111109999997,22.454166666249993,18.069444444999995,11.418055554874998,4.0847222221249995,-0.147222222125,10.826504630499999,2.0227411746249997,3.0243625868749997,1.831206416375,2.6265536772499996,2.1833845726249996,2.8779275095,2.161988346125,2.1495740959999994,1.7207746112499995,1.7741743127499998,2.5574430811249997,3.6205194345,2.3792208181249994,43.91111111124999,40.36944444625,33.7722222225,27.101388889999992,24.095833333749997,15.091666667999998,25.506944444999995,30.358333334999998,31.694444443749997,32.74999999874999,33.77361111125,15.099999998749999,29.460416667499995,25.221212101249996,38.54973661375,21.417154033749995,19.302306532499998,29.962588529999994,25.517954878624995,21.904859753749996,18.850175455,19.74526815,22.200175671249994,56.59570746124998,16.2261661495,26.291108778749994,0.14040666609736854,0.1375185483175413,0.004571161390330868,0.08885280395607555,0.036476842506296646
"Bad River Band of the Lake Superior Tribe of Chippewa Indians of the Bad River Reservation, Wisconsin",0.4340199203515163,0.4095993224489371,0.0010000000000000007,0.3480406513461276,0.38155870838708394,0.12072945458493724,0.18460744859790518,3.018990482617251,1.592682264970197e6,0.11733307393570981,0.19590405782549802,3.3171450805510583,996785.4358320393,-8.904515617119738,-8.51666939177095,-0.942075366874004,6.032209767695892,12.411639883854146,17.420289512950347,20.158200472461612,19.373434702878367,14.319599870737258,7.635080081347852,0.5066673067194528,-7.743060302234073,5.979233410074577,2.4552109798680464,2.804287771652061,2.5260754815893067,2.023671822971811,1.4061547813696316,1.8990139598911115,1.2104855250661355,1.3712112125060052,1.8039204696583837,1.8102167520757095,2.697528305441469,3.878984536178507,2.157230133230501,33.213092857388446,23.396063946232967,38.06634592487513,54.85252769403491,79.36058886543533,108.79146197398181,89.43561199611521,106.0313004531511,108.19301261500297,70.96481792994537,61.41257232160273,41.6884190146128,67.95048463310394,14.710417312094602,12.998282176786718,22.23007412162446,21.148104079613343,28.880317241349523,44.17157326359167,34.14928962566793,37.81496873717943,46.72914456507881,29.51597442611017,31.5204914578706,21.29131755145583,28.763329546906977,-10.111111111333333,-7.777777777666667,-0.2148148146666667,5.725925926,11.89629629333333,17.496296296666664,19.881481479999998,19.674074076666663,15.114814816666668,7.2333333333333325,0.20740740733333332,-6.3999999999999995,6.060493827333333,2.044218238,3.35303555,4.359817924666666,2.080701853333333,1.4620711936666668,3.0577764046666664,1.154680837,2.0986090326666664,3.851867217666667,1.866184913,4.113275782666666,10.188971990999999,3.302600911666667,24.485185186666662,15.562962966666666,30.607407406666663,54.111111109999996,70.91481481666666,102.36666666666666,97.87777777333334,108.15555555666667,118.33333336666668,75.18888888666665,51.922222223333335,35.714814813333334,65.43672839666667,12.024945739333333,7.162015587666667,21.84585987666667,32.088623676666664,30.589575236666665,30.049565219999998,37.333040553333326,46.909630013333334,66.20566041666666,41.20464626333333,42.59105778666666,22.51937754,32.54366649333333,0.42097410140829,0.3922464638925824,0.0010000341721245253,0.27670371873658073,0.3799776928028722
"Minnesota Chippewa Tribe, Minnesota (Fond du Lac Band)",0.3531916414012067,0.34192197897938076,0.0009999999999999979,0.2125168626753289,0.28162577258558613,0.12452729807846392,0.1876118180866763,3.0033937929790024,1.3451527511229748e6,0.09706864746028158,0.15960786132752874,3.2177449707072987,6.0771835199553715e6,-8.60688010726846,-8.29847032021926,-0.8423482440984082,6.097285177462485,12.474888557733253,17.498331418974914,20.22302510302806,19.47263758007205,14.459698034080683,7.754679797707666,0.7584187255476121,-7.413302176821022,6.131496962198834,2.4810826523959157,2.831497601321684,2.523333991237197,1.9986929386285797,1.4017429531239671,1.9104295955096349,1.2258864820246769,1.385784212666546,1.7592000263321739,1.781151781464348,2.6145968954507497,3.845493755962824,2.1465744072290946,34.920548238133314,24.61261948276501,37.84281566903571,56.60912179609982,79.21000988884369,108.86060311340857,88.13869750500615,105.22146166934282,107.41372620400868,70.36992904872396,62.87592011662318,42.86039594249312,68.24465405659623,14.88489632807619,13.948372665597079,21.735310375533516,21.124374993988052,27.794507561218147,44.7784948538278,33.79966311630293,37.04034272650741,46.63357116329054,29.129681588789495,31.408574306969797,20.88597407763223,28.5969803135368,-10.56666667,-5.661111110999999,-1.3333333334999997,5.6,12.083333335,17.944444445,20.183333335,20.22222222,13.811111110000002,7.066666666500001,1.9277777779999998,-9.1611111115,6.009722222000001,2.3154000485000004,9.271834327999999,3.0027513874999996,2.4058427475,1.3846649274999998,4.2145575375,1.51945652,3.5708645695,1.5242157655000002,2.08349233,9.575960722,4.842509984,3.8092959055000004,29.433333335000004,15.244444445000001,35.83888889,45.23888889,75.16666667000001,99.98333335,92.01666667,102.96111109999998,103.01666668,77.65555555499999,44.444444445,30.466666665,62.622222225,24.374781640000002,7.3772511430000005,20.11278119,35.078878419999995,27.662082050000002,39.15386468,31.96031138,52.140727905,52.284136685,32.315569409999995,30.340615755,21.965546215499995,31.23054554,0.4226845789401703,0.39463005060364276,0.0010005419602551122,0.2765440813159743,0.38278514614618536
"Assiniboine and Sioux Tribes of the Fort Peck Indian Reservation, Montana",0.16566196365638372,0.16502086521633297,0.002532550260128256,0.11131054973845726,0.026499784783389973,0.09986313832488945,0.1596011786676472,3.2054345674173605,508428.34556971816,0.12038010896521915,0.18691685474746025,3.6456561698830257,716284.2290265224,-8.205605057832768,-6.149382868798004,1.1125220698557716,7.904996039707953,13.537803408838325,19.267756822564067,22.373246924300563,21.35972064089474,16.090182691311313,8.639250944579322,-0.11247105476883588,-7.6555699937162895,7.346870880631729,3.232670235690918,2.9916678850732152,2.658062038784084,2.2581579483922685,1.7694622732347987,1.9770352383326402,1.2307199148310246,1.5671193941797623,2.1822155719759118,1.9261739909879079,4.280794869901046,4.126852132853605,2.5167442912880484,12.025412796249986,11.169508248134141,28.97764948430131,39.105210412955536,84.64219881771125,93.67106482850639,68.20951658014359,66.45964130084646,47.265690093332395,40.683173824540695,25.127508126382615,16.95658190796944,44.52442970214229,6.827579298563385,7.2785125573798055,18.655006134697214,19.781089070658876,43.78467506580858,39.11115167836445,31.258377922187172,33.16100731303751,29.976025619139737,25.279771951866632,21.73190052846116,12.979147445102523,24.152020382121407,-10.545555555499998,-6.2466666666999995,-0.08999999999999998,7.692222222599999,12.39,17.221111111,21.040000001,19.238888886999998,13.676666665999997,8.5066666666,-1.6788888889,-7.954444443999999,6.104166666499999,3.5982702583000004,6.5458023596,2.4961002493,3.6149639456,2.7407492660000004,2.5633089067999997,2.7745352575999997,2.128215807,2.5037883391999998,3.9515421195999996,6.8939741967999995,8.5287058642,4.028329714199999,12.554444444,9.2688888884,23.144444443,24.448888888000003,62.58111111,73.13111111200001,48.167777779,61.093333333,27.974444444999996,24.942222223000005,24.422222222,18.084444445,34.151111111,9.2548621782,12.997987173499999,18.964097881100002,11.966123353099997,57.096225049,43.123123977999995,26.767888274999997,33.68752194099999,19.6044021282,17.555884563999996,21.6616718534,10.451495801799998,23.594273683,0.39005421606803614,0.3568804990226411,0.0019067880651028814,0.34921604226101044,0.22934790733571073
Picayune Rancheria of Chukchansi Indians of California,0.34382022968037373,0.34382022968037373,0.1109048274778449,0.20346927180590052,0.2020189525144095,0.13739713230095021,0.20628516387746018,3.4005270169154946,3.2474117591545194e7,0.132,0.204,3.97,1.3794e7,8.071332616739257,9.891022217365196,11.4034152263517,14.205285416547767,17.25934879700549,21.26030591349256,24.140027375880553,23.413243480525466,21.08561914703829,17.052994321780005,10.570164403229986,7.519366539437939,15.489343788033226,2.0912530375122445,2.237157007268985,2.330882517765387,2.306188493525054,2.30268766040898,2.6873336167854527,2.5450676681453768,2.3988906318126793,2.3345457190941796,2.1216927666517984,2.4633686122284995,2.4216762657212207,2.353395333118483,101.9754667744751,76.25156384998394,66.10935362773884,41.76499953692902,25.533121590348493,10.329169761497772,4.872827919858913,5.448108375850031,9.328188668781195,28.042396716619642,44.20026190663876,80.79671117043439,41.221014158467476,80.23043796001826,63.84268350448811,54.83619510047545,28.742580962051385,19.41324418290618,10.052997730264547,6.743756874519359,5.664436320771974,9.44544129192142,32.215788287674336,44.47806277390778,70.08061950964323,35.47885370819707,5.766666667,7.277777778,10.07777778,13.58888889,17.25555556,22.7,25.22222222,25.14444444,20.911111109999997,16.55555556,9.255555556,5.066666667,14.90185185,1.933907961,3.231399765,1.710100712,1.852325865,1.235021367,2.593260496,2.828770836,0.817176711,1.2771496040000003,1.207384685,2.439831506,3.999374951,2.093808705,182.9,121.2444444,107.0111111,59.72222222,38.15555556,10.27777778,9.411111111,8.333333333,5.811111110999999,32.07777778,55.63333333,104.6222222,61.26666666,100.42448660000001,90.39235464,92.01144554,24.21682152,28.64363416,10.737641470000002,18.02646974,15.79659773,4.711274892,37.64660601,50.26335643,79.0787705,45.99578827,0.19959153920759487,0.19743430938012357,0.11075649387823416,0.09415463973148261,0.04781825171165441
Lone Pine Paiute-Shoshone Tribe,0.0919460413227742,0.0918365258793649,0.02074070502277858,0.055850196320263536,0.001,0.1139175560770058,0.1438689914292486,3.16800641956699,1.0066589699676465e7,0.105,0.144,3.27,1.052e6,0.39530939017620387,2.15292826057246,5.125292226822194,9.13602069329156,12.69597709281826,17.8692025093645,21.461906290771232,20.642882192172184,16.838466795361448,11.280494099834145,4.164529305324882,0.31292246801440315,10.172994277070165,3.205904845896395,3.3049209548515703,2.987918103768632,2.4216784253706813,2.9289416346168613,3.0627577765767655,2.6589157919804878,3.117276594821646,2.8704988663572255,2.5532836327794204,3.761892409342219,2.9734721861671045,2.987288435251491,63.23651533520523,51.22551993126121,59.05642057217358,47.90548800046019,54.691634173100034,29.862452579812203,28.157338663521205,21.72446273487891,25.309124839081043,37.92031185090073,52.30761808533841,66.82058977478728,44.85145637890837,46.83606871858371,34.948117921931406,34.92942909273986,27.9150934441346,29.569396738092543,18.96758847793691,24.455646553373306,20.491475705074887,18.516822359903806,31.102766315802203,43.6985286945522,52.49213763910393,31.993589305287692,2.722222222,1.077777778,3.722222222,5.344444444,8.8,15.7,19.1,16.88888889,14.6,9.455555556,4.966666667,3.1,8.789814815,4.019570182,3.8512263560000006,4.280706068,2.8147429330000002,2.731300057,5.786838515,3.636275567,1.49117776,2.883574171,3.909639085,3.307567082,3.694252292,3.533905839,150.8444444,90.37777778,59.92222222,39.51111111,9.711111111,15.88888889,19.64444444,11.98888889,21.53333333,17.78888889,26.27777778,117.2333333,48.39351851,145.001501,110.8757951,52.36283935,47.00998416,12.44793602,36.72320263,43.74317407,17.24640864,25.45329055,21.53871192,58.515741,130.0971368,58.41797677,0.18336032306240435,0.1787826127356521,0.004455264746568565,0.12236238417065273,0.04683887289231729
Confederated Tribes of the Warm Springs Reservation of Oregon,0.2002525183637259,0.19836301681139068,0.0013072553428344373,0.10603870481989128,0.06124464370481037,0.1441401406953627,0.20807793987178835,3.21778126483121,1.444559350927007e7,0.13100061191831475,0.1829476189572743,3.594380633690402,2.535744434097967e6,2.3075906241377755,4.420382483307029,6.352657399570319,9.803511401855687,13.118079402869991,17.713872989934583,20.37265830935406,21.049223220985272,16.530571454112838,12.975974380016352,5.220418824370812,3.7932224947130013,11.13818024975593,3.1399696350645967,3.205920898208504,2.6399292595956676,2.6003060701132465,2.98068179478005,2.953708424937858,3.0888778221708915,3.256693530547424,2.718429737023303,3.3798590664873265,2.550675719085855,3.2073851830870814,2.9768697617408018,132.9412964410139,95.34568910802945,107.64472154219544,72.81103388821339,47.91800218062142,14.884082856684385,4.527918597181522,6.738430089918646,10.48394657871504,41.567257200388404,50.26898337387982,125.07554283546199,59.18390872432545,102.1775330528577,93.88297702633687,123.27545302807852,66.51073224228126,30.296673584762885,14.48894262329109,4.363016552439498,7.489438602733028,13.331651235825834,52.43601089007769,48.64629034355685,96.79249583012262,54.47426791757154,0.39999999999999997,2.525,4.00000000025,7.463888889,10.408333333499998,14.166666665,19.1499999975,17.71388889,14.23888889,8.38888888875,2.27777777775,-1.6083333332499998,8.2604166665,2.5411675427500002,3.3024210925,1.5698735554999999,1.82000335675,1.6141418415,2.2006112565,2.4024532665000002,1.9851208110000003,1.920824747,2.1127605032499996,2.4454058350000003,2.6319898587499995,2.21223113875,139.602777795,97.29444443499999,77.27222223499999,73.3666666675,63.4083333325,49.0972222225,21.608333332500003,18.980555555,40.69999999750001,71.89444444749999,104.1083333375,158.005555565,76.27824074,87.66832942,57.114479422500004,34.8163710125,45.4476321375,37.195206170000006,34.65916802,26.9392578375,22.90625516,34.933356375,38.439729050000004,57.505969252499995,91.84023031000001,47.455498680000005,0.47126638151986033,0.46910316865235363,0.0010216262120883491,0.2497479692955686,0.34237828932304504
"Big Valley Band of Pomo Indians of the Big Valley Rancheria, California",0.633862104878806,0.4135093826394491,0.39747884877122197,0.5886316534397237,0.39831899619632677,0.1174439751431481,0.16532091084284226,3.709291106555866,1.3917620649112908e7,0.157,0.231,3.92,6.666e6,7.642853564129819,9.32231189212505,10.418738322964687,13.100465557456896,16.048874443117885,20.20284508856802,22.721464944164598,21.92738573539562,19.948567154311206,16.45470486205967,10.093652047790432,7.194861889560643,14.589727125169778,2.3703956435887297,2.723911917977463,2.9085643583985754,2.6482630514625485,2.6782743490104717,3.258101414333943,3.0068807579152934,3.067326817668827,3.0453794722441345,2.8056882002432486,2.732970717075794,2.7315995029966817,2.83144635029351,153.05798799787942,107.19911219765771,95.79154714671218,44.26247114385462,35.226722809948704,9.225196431147157,4.906323720163574,5.389249675762368,9.955650259187436,34.63002210191368,50.132377517722695,126.29671873883899,56.33944831164926,132.79893668164283,90.98773112042555,83.88938725823701,34.75903662347935,29.02202532807558,11.807824075396452,8.269909819811744,7.414280631869733,11.853620779307757,37.47786874395411,50.49151261182136,116.84411482547272,51.30135404170055,6.666666667000001,7.544444444,8.255555556,10.666666670000001,13.4,17.41111111,19.56666667,19.7,17.3,13.92222222,8.4,6.188888889000001,12.41851852,1.49582753,2.064044035,1.836512395,1.485765796,1.6650825809999998,2.370360966,0.796868873,2.386943652,1.336974196,1.245770623,1.480709289,1.719334497,1.657016203,241.1555556,145.8444444,147.8111111,68.83333333,52.34444443999999,21.28888889,4.077777778,6.077777778,18.74444444,45.3,73.34444444,193.7444444,84.88055555,193.5780664,115.6561403,125.5278201,45.37336774,36.57068878,23.5144341,9.692107327,11.13460572,16.29325866,43.18315644,59.28239855,122.1350698,66.82842616,0.36578453449275733,0.36355135863991794,0.1514558110119196,0.18623018947298725,0.19632218631174092
"Southern Ute Indian Tribe of the Southern Ute Reservation, Colorado",0.15877647606342574,0.15286181667858892,0.001444348313179424,0.1362200141117488,0.07426011971943175,0.13693486099788924,0.20095019455622162,3.1095787006590423,1.902881257530502e6,0.09437722373350053,0.12364711998361329,3.6774264425526737,2.2682952984374454e6,-3.8265344723869976,-1.5621837769142397,2.240447775070497,6.317342543760201,11.082895940171994,15.310925051866043,20.09281360221297,18.416020600554166,14.129931846805443,7.87669226266954,1.8164718701550566,-3.7878578550414477,7.342247115753729,3.6524239667225453,4.681198082064486,4.276705504812475,3.685481043717273,4.263295816923768,3.2843123426425196,3.9678224174905194,3.0462137777824054,3.8084121309553174,3.3683146634539756,4.230162671106854,3.614202404630125,3.8232120685958004,32.40640104416413,30.079917970520867,35.294377113329624,34.74484945645576,41.03518775465907,25.111251940287723,37.80152958959387,37.622339409359526,34.074022676077384,35.14073662973728,21.417636537690825,22.987029326758257,32.30960662077621,29.096801236702575,19.416634793445102,22.032755872391544,16.906869534082713,32.83576759763254,21.95525492453325,23.679087769636425,21.15730509872837,21.37719553098345,25.22747097425664,16.993621082119994,21.886997771669908,22.713813516436314,-2.433333333166667,0.33333333333333337,3.0185185185,6.683333333833335,12.396296298166668,17.203703703333336,20.229629629999998,19.41111111,16.000000000000004,10.048148148333334,1.7055555555000002,-1.975925926,8.5516975295,5.0703582225,4.212538490166667,3.6105826955,2.5269258863333333,3.6833377613333336,3.6358652803333342,2.2372552560000005,2.3483807346666667,2.9699133813333334,3.7038096811666663,2.6443469395,4.3729410065,3.418021278,44.22407407166667,36.29074074,45.631481480000005,31.905555556666666,32.21481481333334,11.8351851845,37.11666666833333,44.870370369999996,41.80000000000001,37.262962961666666,31.85740740666667,21.692592595,34.72515432166667,29.22293711833334,20.551749161666667,27.465294000000004,23.436621985000006,32.46776628666667,10.845933656999998,26.03776464166667,21.675816240000003,24.443692034999998,21.99775835666667,40.16172732500001,19.000134833333334,24.775599635,0.1860849457916158,0.1800421130681159,0.006607897459236229,0.1308284763970643,0.061661102793654395
"Utu Utu Gwaitu Paiute Tribe of the Benton Paiute Reservation, California",0.08362143945762583,0.07929725525945212,0.03991765778356334,0.02086483683963474,0.0010000000000000002,0.12546243484520272,0.17361458047270506,3.1898824682904174,4.464882587038589e6,0.085,0.12,3.25,665000.0,6.5939475280418804,9.679382226471999,10.739637209536276,13.34929750890962,16.117439866344956,20.206392042689,22.758568480178496,22.369002196030745,20.008539890924414,16.225050957458052,9.635293501122833,7.012788449290727,14.557944988089373,3.365435190742652,1.8651844414837315,2.1292935248016427,1.9322213632491803,1.9942007813428309,2.1944017273812486,2.1944138269174136,2.567447180515441,2.051595967032345,2.160243854299028,2.382209377130707,2.688665420471649,2.2937760547000243,123.50116318122478,97.96628257880342,82.01242487237145,59.128787540687306,35.85497418246527,17.32455687806551,5.4244529992156165,8.563283183421207,14.18609027016176,55.114138873827464,83.96732398341587,121.04778035177051,58.67427157562876,84.0804397417744,62.36006418444594,50.577863491920425,38.37958880877192,23.07502136625029,13.334752060017482,6.5413190818742235,13.055278511786774,14.607899980416473,53.71191325688082,71.91759010498093,82.66843817683294,42.859180730496085,-0.022222222,0.788888889,1.911111111,5.266666667,9.044444444,13.97777778,18.2,17.4,12.96666667,8.1,1.9666666669999997,0.322222222,7.493518519,1.696892585,1.919273589,2.275106835,2.304343724,2.584623334,2.448355457,1.456021978,2.098809186,1.61322658,1.958953802,3.3845236,2.19361447,2.161145428,150.6333333,89.98888889,62.46666667,42.66666667,36.08888889,14.35555556,29.22222222,14.85555556,15.711111109999997,31.98888889,37.07777778,100.1666667,52.10185185,113.6596344,74.72727823,50.87536241,24.58256496,29.12170344,16.80655461,37.03112805,23.13925837,13.72447125,34.0901175,40.60682756,97.65812818,46.33525241,0.10344469959252554,0.10113557956608257,0.009975408475398828,0.04010860740984611,0.006426201222627683
"Walker River Paiute Tribe of the Walker River Reservation, Nevada",0.035334175392728706,0.02647209915989125,0.01578090209824353,0.010796425000684628,0.001012427278962062,0.12546243484520272,0.17361458047270506,3.1898824682904174,4.464882587038589e6,0.16015266622604163,0.2812594420590853,3.360778074052918,1.1125906564324491e6,6.5939475280418804,9.679382226471999,10.739637209536276,13.34929750890962,16.117439866344956,20.206392042689,22.758568480178496,22.369002196030745,20.008539890924414,16.225050957458052,9.635293501122833,7.012788449290727,14.557944988089373,3.365435190742652,1.8651844414837315,2.1292935248016427,1.9322213632491803,1.9942007813428309,2.1944017273812486,2.1944138269174136,2.567447180515441,2.051595967032345,2.160243854299028,2.382209377130707,2.688665420471649,2.2937760547000243,123.50116318122478,97.96628257880342,82.01242487237145,59.128787540687306,35.85497418246527,17.32455687806551,5.4244529992156165,8.563283183421207,14.18609027016176,55.114138873827464,83.96732398341587,121.04778035177051,58.67427157562876,84.0804397417744,62.36006418444594,50.577863491920425,38.37958880877192,23.07502136625029,13.334752060017482,6.5413190818742235,13.055278511786774,14.607899980416473,53.71191325688082,71.91759010498093,82.66843817683294,42.859180730496085,1.0066666666,4.3133333334,4.9355555556,9.5911111108,13.262222221999998,18.939999997999998,23.68,22.657777778000003,17.031111111999998,12.835555556,4.5177777778,1.0644444443999999,11.152962964,2.0980350473999994,3.5380944714,3.2469995292,3.4183305582000005,3.1620254338000002,3.5436736808,3.9445170216,3.0653931173999993,3.0853559554,2.5484428146,2.9997523526,3.1296328476,3.1483544026000003,33.56,26.515555553999995,24.10222222,21.431111112,30.551111111999997,10.211111109800001,11.928888889000001,11.977777775799998,10.1244444444,17.135555556,19.479999999999997,28.606666668000003,20.468703704000003,22.889333163000003,17.6110920084,20.908251464,16.970204889999998,18.108966665999997,13.026841678,13.317400613999999,20.410550947999997,12.596261239999999,17.32123398,17.838397355999998,23.811192741199996,17.900810562,0.10344469959252554,0.10113557956608257,0.009975408475398828,0.04010860740984611,0.006426201222627683
Puyallup Tribe of the Puyallup Reservation,0.497586721646447,0.4646050298870838,0.0008030530853658792,0.3591694824947253,0.45956066676088103,0.11928551100140453,0.1770237658803905,3.387811226302402,4.226863163873958e7,0.11786127880359022,0.17069843218171793,3.392834737491852,5.845085111927192e7,1.280577706887161,3.8260765548939406,4.123285486429427,8.213512316043461,12.001510722192986,16.324977848915474,20.36695020387161,18.456122628975272,16.287094630901116,9.642322346075758,3.690089491515152,-0.6886585150107651,9.460321784986842,3.6090519764146736,2.3579002142874805,2.76697912788756,2.302802613065391,2.004090958919059,3.3270301130346907,2.4732959476088516,1.808177676716906,3.573571897194976,2.195472927917863,3.666375316540273,2.7660818633058217,2.737569219394339,102.7944754517544,82.44607478360847,94.63306308916668,42.36151426552234,54.616892610107676,35.753238525677844,16.46501417694777,20.422802587726878,32.179527734047056,61.564389509900344,75.96269271823365,134.97948786128393,62.848264443110075,114.17153305495216,69.07631714016746,90.31328740985246,34.064342384645144,32.25840195545854,31.04961475588516,13.062402158122413,21.54955700580423,31.306633577396326,50.99255036226078,84.89321053779506,107.7601850169976,56.708169613959335,3.877777778,5.788888889,7.944444444,11.08888889,13.36666667,16.53333333,20.64444444,19.22222222,16.67777778,10.96666667,6.3,3.6111111109999996,11.33518519,3.425557538,1.510334768,1.543624882,1.174142713,1.09658561,1.206233808,2.377557103,1.401586403,1.652859475,2.507488784,2.437211521,3.54451846,1.9898084220000003,181.7555556,100.3444444,104.9,77.42222222,60.844444440000004,57.91111111000001,20.93333333,27.833333329999995,54.55555556,105.3,160.1888889,202.0,96.16574074,159.2205162,49.56949947,37.61100238,24.49978458,27.88597816,22.12834407,16.10807251,14.397482420000001,41.6115402,54.17564028,76.91882807,134.857332,54.91533503,0.45510264691551067,0.44641947408279126,0.0009397199768790968,0.22426337272136768,0.3681351365347699
"Otoe-Missouria Tribe of Indians, Oklahoma",0.4570839870368578,0.4166086378022742,0.26255201286712804,0.44358266450267575,0.37881744647288695,0.10154362162168491,0.15414413655541293,3.0266003138461977,1.9846306013983004e6,0.14840764218316949,0.23107828978237568,3.1647103844768263,2.8732283440351738e6,-5.692110945094736,-3.7382178792157617,3.85413326408401,10.232799465898859,15.626776848469564,21.82256388584034,24.074252559593475,23.012063603517362,18.49515938720095,11.050090206366638,2.757939478835077,-5.275122969053045,9.685027242897233,2.7566725462113024,3.0793072543871562,1.8235305477722232,1.8758726956109901,1.576651818121377,1.4735174879049282,1.0739778574444294,1.4777051666329297,1.7524739849321342,1.5473042442562264,3.371419911708001,3.626921188778495,2.119612892019265,18.778858405014788,17.382359381879223,46.40458244345218,61.22106428086442,103.87755484297769,116.46301900882025,98.46065178043092,90.42036329209208,73.54112542555758,43.15923195809067,34.11885529666562,23.88669129590604,60.64286311788645,10.79494500861863,14.425450644241103,24.602998754427677,33.82375479631757,45.15127891765356,58.233345833231276,47.661827836519734,43.864315752705636,49.91693838598534,19.534561070734412,26.58335103421006,22.096188299658806,33.057413028475054,3.4296296296666666,5.2185185186666665,11.148148149999999,15.974074076666668,20.351851853333333,26.166666666666664,28.451851853333334,28.496296293333337,24.277777776666667,17.07777778,10.266666669000001,3.4777777779999997,16.19475308666667,2.043340918,2.7680659773333334,1.6151292030000002,1.3604703206666666,1.205923334666667,1.5521968843333331,1.4052631266666666,1.6058335110000002,1.5166312253333334,1.322223026,2.1113904663333334,2.6576586056666662,1.7636772170000001,46.91481481666666,48.73703704,88.02222223333334,89.39999999999999,142.6888889,143.2,98.32962962333333,88.92962963,77.17407407666667,72.83703703666666,46.77407407333333,44.370370369999996,82.28148148666666,24.13099628,36.358565993333336,45.46851216333334,40.648471416666666,81.12755233,69.79083785666667,59.153786266666664,55.61451399333333,49.37269374666666,46.090452903333336,43.75682015333334,36.456938136666665,48.99751177,0.6614383669081331,0.588367352357008,0.0015391070578957306,0.6262008536361785,0.6308936172341022
Klamath Tribes,0.11377150679848863,0.11377142009398283,0.0009580515546647907,0.039155449126795076,0.006345533814686733,0.1509132358593029,0.21649542673601224,3.324540930524847,3.533484489180402e6,0.16,0.238,3.3400000000000003,5.978e6,3.4808518785103475,6.14246264652073,7.175986586069902,10.326364432097103,13.369477789975313,18.876671589526563,22.318366131916104,21.02729915930353,17.967405107145776,12.851856830736581,6.010247703602426,2.9161211463544605,11.871925916640876,3.7381890907277486,2.6084680650126195,2.3084319229597776,3.137034773782811,3.139526024343647,2.6023768982825106,2.9089060752864295,2.9300036473031494,3.3179432546321705,2.9231907870923917,3.645402633769387,3.513688304520269,3.0644301231861544,126.00257486616508,103.31563368979654,100.32458670602729,52.15184441853086,48.50585997788657,15.142215027620852,6.792996385770167,4.659481282394859,11.966250741434218,42.50202219101477,59.76089315479025,123.38209418671497,57.87553771890182,126.72569649454984,98.23926544080713,99.8905920545572,47.79116310229746,36.79428200378183,15.838399911764627,9.560543857926055,6.036166247014922,15.20821960167619,48.84472686583756,61.305661376444455,124.99938368701277,57.602841720175164,1.1444444443333333,2.6407407406666668,4.351851851666666,7.892592592666668,11.074074073333335,15.48888889,19.818518516666664,18.93703703666667,15.155555553333336,9.418518517333334,2.3518518516666664,0.7222222223333334,9.08302469,3.8753553893333335,3.56244428,3.3212572553333333,2.7543027196666663,2.763536126,3.6657515286666666,2.529293802666667,2.8560695469999997,2.7427252663333337,1.643163647,3.402775562333333,3.909134,3.085484093666666,80.76296296,37.07407407666666,61.388888890000004,47.37037037333333,39.20370370333334,21.544444446666667,12.2,14.333333333333332,16.54074074,34.00370370333333,63.770370369999995,126.1111111,46.19197531,68.3451403,20.12580243,42.643613599999995,26.59277717333333,26.87439224666667,17.531732833333333,10.166010634666666,18.989040963333334,16.003255346666666,25.197119886666666,54.70405484666666,136.03444090000002,38.60061509666667,0.19700009936975837,0.19107976075898359,0.005336123566118882,0.08869377443350289,0.0684226091699985
Menominee Indian Tribe of Wisconsin,0.4392449023985643,0.401358264698485,0.0009999994938260399,0.25717701159867906,0.38758932793151485,0.1030222814051627,0.16166213553840048,2.9498618631315994,1.830845260302935e6,0.17496806735753972,0.29095285570636564,2.799971025069293,379382.7431630321,-8.575880215871482,-8.309441343098804,-1.2052807549316311,5.996138094084758,12.55843993559069,17.6647302026958,20.187329343406716,19.330967863553017,14.205588082344295,7.739310437260161,0.7649765829951591,-7.618410024797904,6.061539017049445,2.29181652970424,2.686762955053802,2.2612757089191065,2.0576905239301966,1.6015258221498596,1.8123375498975784,1.1522480643700215,1.334534046677719,1.8965462363730814,1.908132261020314,2.792360896910394,3.925764601397888,2.1434162664012626,29.35039020964042,19.21354552508393,41.40804497123007,51.39987097393506,79.9308811991635,109.03835603731373,89.5336938280982,112.74718012515066,116.89796087505681,73.44884038940583,70.44844034649132,47.708919621490345,70.09384367587022,13.937929980064844,11.342176629431922,27.728795515793262,20.966853033602614,31.9351407634132,46.741319674598614,40.64436142610792,41.79582895258444,40.81760299250825,36.63662215851121,36.073023170473554,28.278762220289536,31.408201376549684,-8.20833333325,-7.8499999997500005,-1.047222222,6.4972222222500005,13.049999999999999,17.933333335,20.466666667499997,19.708333335000003,14.511111112499998,8.11666666675,1.00833333325,-7.352777777750001,6.402777778499999,2.7021043455,2.6038506887499997,2.57811786325,1.9349221232499998,1.6496808322499998,1.7252659775,1.5362494895,1.4985873477500002,2.2496914735,1.7962025049999997,3.4035525105000004,5.2471481495,2.41044777575,27.888888889999997,18.894444445,44.5388888875,58.43055555250001,80.76111110999999,117.64166664999999,88.7583333325,120.563888875,113.7527778,66.96666666750001,58.794444445,51.772222219999996,70.7303240725,20.1738882675,10.767371691500001,27.52799993,21.1796598575,34.1144407225,51.994116867500004,48.406417489999995,52.01330052749999,39.167871347500004,36.34813421,36.158006215,39.438935677500005,34.774178565,0.3977656717698532,0.35480019949670066,0.0009958042011024152,0.24205864871473357,0.3519787526783349
Seminole Tribe of Florida,0.19825286537585124,0.1923538590044941,0.04521395945385341,0.14347569085422712,0.14046743372313938,0.15752887729593668,0.2491608694706939,3.043386762308522,5.303139550053952e6,0.1486503144204293,0.21613292273153203,3.3124970321376606,1.7309629703593377e7,1.0614003044082194,1.5433789953561645,2.939391172084931,7.285479452101371,12.206666663726027,17.280426178684934,20.05890411030137,19.687610349616442,17.11567732095891,11.527245053123288,1.553150685082192,-0.7238356165315067,9.294624555794522,5.832957579871233,6.120736639964383,1.1489337045123287,4.880723352493152,5.121448468704109,4.223006517764385,2.0241779600356167,1.5535871099753424,4.837400792424657,5.066951339643836,2.9916041589150684,2.155326164389041,3.829737815523288,35.33701674347945,63.87159817397261,34.66185692630137,30.05972602443835,54.161582954547946,46.63610349986301,23.377473361972605,47.46447488671233,17.31506849369863,26.207397258164384,30.024901064520545,46.65105022884932,37.980687466931506,22.27380011043836,49.981837497616446,20.033000903698635,21.246877379095892,33.76277523931507,75.66647834832877,23.823105002219183,62.50715143128768,15.686593586876711,19.98916054928767,27.281870813643835,59.24216891597261,35.95790164808219,15.814950549456876,14.911873410014586,20.375205486083605,19.616486604648856,24.6073308998348,25.874302656392004,26.96093872993475,26.65537744846819,27.463707427814683,22.400723328897282,17.735659345986804,14.094346658425946,21.375908545909603,5.864955534463426,7.233447704023725,4.217913466572402,6.802102962461039,4.510663801208637,3.9723613642616913,2.7583017467568265,4.570905928141375,1.7698708131031808,7.139122051218644,9.227135136889753,7.780319073595988,5.487258298650477,34.316598912517726,46.21740284401107,64.90413223182009,65.10146019940207,92.01781869966446,182.82962617507292,158.45563950757355,144.019342079125,160.3512250973285,109.48083787269711,39.698647361051925,24.25042159115577,93.47026271725157,22.962035279410106,28.092113413188713,48.71104079469763,34.09326594838924,52.10097588461101,109.42240901319424,90.34103041012534,105.57822306469235,69.41726767999346,69.46504974704752,34.1152428471662,13.69185826044526,56.499209362850515,0.22910515898773245,0.209193457269848,0.1560047427871043,0.1638451358692756,0.18126093339652785
Suquamish Indian Tribe of the Port Madison Reservation,0.4410687913401502,0.42276957601933035,0.0010000000000000005,0.2602812584803902,0.38607727142601245,0.1078575708271624,0.15384485437310808,3.555198797670743,4.122767845200813e7,0.112,0.165,3.44,1.7064e7,0.13348266808176332,2.1858590455023523,3.6978307696986077,7.503559425415642,10.923990979676892,14.868110123605437,20.058687202680726,18.532678350226934,14.423765460178078,8.84172675455441,2.9212517149984167,-1.0312443325420035,8.588308180209129,3.172879193576984,3.073162146969566,2.529440148374894,2.236813308673675,2.146447644851673,2.8654645305262263,2.6077539231312166,2.1059890729361648,2.178450965429993,1.9346584615652098,3.709278589145534,2.9726780471818177,2.627751336054974,87.2070558132712,46.19604954020927,59.24249062051206,51.77585328122418,46.12253201615478,26.86295925501229,12.82488732449589,11.907416509426387,27.440253295541428,45.47492187809438,59.15784074812994,97.59436269815458,47.650551915315646,88.65408080695059,43.80809189256094,50.88620357824788,37.72660158035071,25.861365992154344,21.076911223180396,10.06513442161523,17.362879232826394,25.611012137626005,51.932997040573134,73.03205896190973,99.56873407905958,45.46550591257848,4.588888889,4.4222222225,7.6333333334999995,11.799999999999999,12.933333335,14.755555555,17.66111111,17.833333330000002,15.21666667,10.611111110000001,7.050000000000001,4.544444444499999,10.754166670000002,2.9118778250000004,3.911670854,1.5291672459999999,3.780104535,1.3324989625,1.584988119,1.8363795550000002,1.7020551750000001,1.402893371,2.2111362615,4.4623307585,2.4367485525,2.4251542680000004,123.44444445,91.805555555,101.77222224500001,63.83888889000001,59.805555555,52.37777778,23.966666670000002,25.911111110000004,41.505555555,108.505555555,128.5833333,131.75555555,79.43935185000001,51.90659634,45.122882395000005,39.50680331,27.169911,24.140439055,24.737857085,23.240555609999998,17.912365175,34.694305944999996,56.507702515000005,84.23475580000002,62.46784304,40.970168105000006,0.33982472215627724,0.3220384478800925,0.0011878869202813715,0.2142276427997545,0.30745323738872116
"White Mountain Apache Tribe of the Fort Apache Reservation, Arizona",0.2169550277448879,0.1986762632880852,0.00700109428999271,0.17578933509699496,0.16382001740618163,0.1644553978031485,0.25749192175919844,3.085943480157574,1.862210510739655e7,0.2012650884713611,0.3192626696023654,3.0718648837246763,8.42774444628449e6,3.5777790226804203,5.4303657802565075,7.681003791286198,11.323278758858821,15.365411042134017,20.86763347464507,22.61557991742182,21.879422864804678,18.57346602055146,13.768049366970642,6.358610826284663,3.6718695804948576,12.592705870664226,3.2954156121988247,3.3577227213236234,2.839785745532793,3.100019669082527,3.47101336549925,3.164437874229288,3.4432603317776853,3.3406024038949726,3.456613863402136,2.6338485769923685,3.9131808733001012,3.28910900220255,3.2754175033121933,50.18678232493196,42.495937893592945,44.466543518253346,29.462258286054215,26.975798100356325,21.02716188788537,38.6316236076924,39.33610773551449,34.59052162229875,34.52338170292285,33.9401320174721,37.98024871290628,36.13470811790356,44.060601242608094,35.214560920447504,32.42653556474844,21.59849351108705,24.14255814059294,21.729352289192924,30.523070356755873,22.807308828907317,30.498996382918996,33.70607650665456,38.21773813859828,33.56974488663771,30.707919730785807,3.5499999998750003,2.7402777780000003,7.649999999375002,10.890277777124998,15.005555555,20.48888889,23.03333333125,22.1888888875,19.905555555,12.105555553875,6.6625,3.34027777775,12.296759259499998,2.474819949375,4.043165354125,3.0928867462500005,3.0004830841250003,3.3786899118750005,2.891004158875,2.5317436413750003,2.74725391475,3.23035368675,2.8804673063750004,3.5241019548749994,3.0622475854999993,3.0714347746249997,50.11666666625001,47.37222222375001,36.70416666625,16.98055555625,7.32222222225,10.673611112,45.790277778749996,61.85555555625,32.572222223749996,30.086111112500006,23.4416666675,19.205555555,31.84340277875,32.97911423125,39.797714558749995,16.649866773,14.770265710000002,10.458685055125,14.088771301249997,30.391855386250004,41.64127958,25.60175889,37.64890043875,21.836552878750002,19.829946376499997,25.474559265000003,0.1336989818887209,0.1202145731095729,0.0622787672323136,0.07594181170960562,0.02892498126631277
"La Jolla Band of Luiseno Indians, California",0.20607848567495116,0.20607848567495116,0.04114198033157699,0.06553705818895647,0.09221305305858225,0.10399510506039189,0.1432938932835229,3.3358287203373513,3.195195984595473e8,0.096,0.126,3.52,1.88159e8,10.409771494544804,11.056852766643505,11.706911074164978,13.364510750498747,14.846786364851244,18.153437225406357,20.141391274108784,20.628613833496402,19.153837183216236,16.916723046383026,12.343540443979526,10.391804242265593,14.926181642021868,1.9640931368128203,2.205654241681759,2.210149898670225,2.073621125978141,1.9919029886792459,2.27238461264958,2.9689104652540568,2.361525948391883,2.2222094809678197,2.2049459372494584,2.2454974455804493,2.035202369709515,2.229674804411223,112.62692437732332,100.64427578643777,73.16192500119872,32.710424918763984,16.313943582444086,3.601409970982046,3.756747718268453,4.219808020466911,5.021870452054295,15.96974393040663,25.39617486356923,49.420395910052896,36.90363704447741,106.0994912420896,98.52812667351985,69.45924164551994,23.385517751771182,15.396178731935995,5.709194376972331,5.97690152504068,6.510201393279819,7.673654343620087,19.777723103064115,38.21234107880739,67.13319046087173,38.65514686088386,8.288888889,8.311111111,9.477777777999998,11.34444444,13.76666667,17.8,21.42222222,21.866666669999997,19.22222222,15.17777778,11.011111109999998,8.644444444,13.861111110000001,1.027672667,2.798412248,1.263702672,1.267981773,1.496662955,1.733493582,2.7096022670000006,1.54677083,1.488940712,2.14637938,1.59173211,1.510886421,1.715186468,113.9222222,94.12222222,67.95555556,40.51111111,19.02222222,4.255555556,11.08888889,13.61111111,6.977777778,17.51111111,34.44444444,39.22222222,38.5537037,99.45550233,76.46014939,52.2744467,20.64905836,19.16929692,5.376130372,10.16592893,21.77684805,8.652713126,16.76532466,47.57357752000001,54.04562373,36.03038334,0.21664211414430415,0.2162512882341567,0.09665714731822615,0.12226324986270033,0.0630975399263605
Table Mountain Rancheria,0.17111909986190685,0.17111909986190685,0.057367257125054964,0.09873342441067542,0.09028703310470325,0.1363516286971941,0.20452681767767394,3.412128768240668,2.9840681957990896e7,0.152,0.22900000000000004,3.07,7.7333e7,7.976537983802007,9.755576693313023,11.233075725624605,14.010804825065005,17.03637106085033,20.986747477881593,23.863042089486868,23.14164978552194,20.87876762267786,16.853167894787184,10.448770406849581,7.429030347206834,15.301128492829644,2.1454648094992255,2.266639094624302,2.3476134642462227,2.3067744770082768,2.3387592557486134,2.7162481886192027,2.5779375005079523,2.4437868668161005,2.3551946882921717,2.1522881307240764,2.486218250798835,2.461377383010056,2.383191842532677,104.6793895637304,78.19972876174445,67.59031037351775,43.012086547297066,26.4940378036775,11.061294240570984,5.221487519169623,5.9903586196506335,9.956721033263051,29.50320864399547,46.54349529539958,83.59856890920337,42.65422394279812,82.71332756659429,65.54343717437307,56.245376343382155,29.57034886272359,19.862513041998593,10.485503443002274,7.0084921969328455,6.192268972616025,9.987890517279267,33.601775923830225,46.38040845625196,71.82078701097957,36.61767745919721,9.0,10.08888889,12.38888889,15.84444444,19.21111111,23.48888889,26.755555560000005,26.222222219999995,22.47777778,17.68888889,10.93333333,8.533333333,16.88611111,1.443086969,2.804658823,2.130401631,2.876243692,2.609810551,3.797842955,3.9793564530000003,3.021497054,2.724783376,3.42981211,4.192552922,1.790949469,2.900083,58.33333333,50.04444444,49.71111111,25.57777778,17.44444444,3.088888889,6.988888889,6.311111111,6.044444444,12.988888890000002,15.722222220000003,31.67777778,23.66111111,38.12404097,40.63837814,36.39232215,21.95579524,16.93532633,4.878382018,17.05377117,18.05079253,9.241497594,18.97297054,21.72664135,25.63541387,22.46711099,0.20119741441041333,0.19911586684764712,0.11006326945730759,0.09702356637738237,0.05043349559302266
Confederated Tribes of Siletz Indians of Oregon,0.2617034438739928,0.23774201099007888,0.0009999999999999998,0.16229224478307563,0.2609944233541183,0.14580432883361452,0.2148310398365535,3.353818474964111,8.73240869104862e6,0.14699509492157176,0.22398957670834,3.6599417521936646,4.368122780244407e6,6.315129932491462,7.943744540319328,10.044352802709456,12.14161428066715,14.911496433447578,18.996760397377564,21.51393216447446,22.35281328123614,19.533171487288314,15.66472451374524,8.666797429435064,6.626521862702056,13.725921593806975,2.647109456591702,3.0058564372504124,2.748802502343312,2.338467589448646,3.359573020011471,3.7626813614670223,3.1072665511652784,2.4190916406545058,2.994028050422557,3.069383238937481,3.092869132275298,2.3157981269248995,2.9050772590038965,160.75800682618004,108.80065917528357,104.5098249156332,62.04459289438016,47.608628221462595,14.252185726510533,3.5825977909026494,4.722048050003453,12.784283241050192,46.8875533906061,59.32924645110863,168.0570561128544,66.11139023292651,139.3622179920759,94.72325668319789,92.84963313458478,49.71777332847045,32.328112966134185,14.557477054864943,4.828962892831117,7.568169444962777,15.93500648643413,40.112385306260926,61.279867818359875,154.96884878174663,59.019309324120755,5.455555556,6.6,7.511111111,9.7,11.788888889999999,14.56666667,18.06666667,17.1,15.33333333,10.83333333,6.8,4.277777778,10.66944444,2.507045627,1.95512148,1.944507935,1.607015868,1.366056774,2.099404678,3.475989068,1.343502884,1.208304597,2.454587542,2.154065923,3.933121463,2.170726987,206.73333329999997,137.4555556,145.9555556,83.92222222,71.52222222,76.21111111,11.5,13.56666667,50.666666670000005,106.2,180.0333333,210.0666667,107.8194444,111.548913,76.63747633,57.8399756,42.26321621,26.71056803,27.75763158,9.404387274000001,9.647927239,25.21105908,42.34760914,92.67906991,124.5413385,53.88243099,0.33899053309836497,0.31498156512013736,0.0015963608216609324,0.19673049634403333,0.2794683325793843
"Duckwater Shoshone Tribe of the Duckwater Reservation, Nevada",0.04528048488180902,0.03588607561510605,0.01113316554500958,0.020082657065596754,0.001,0.1079906434876626,0.12859819389911398,3.156775688505414,1.2942395420492021e7,0.162,0.259,3.15,3.775e6,-2.6148529667663767,-1.5020436712481275,2.3988723987930842,7.089983001193287,11.034457543284683,16.734224180612816,20.832225443880464,19.804649447557345,15.299026278141117,8.879334588092597,1.5078347089260127,-2.940644513126132,8.043588869981539,3.1284342421661564,4.004081086491138,3.404880560499896,2.659366961298927,3.38286742725737,3.484445998017659,2.884485715383157,3.3842829547468107,3.2681718110773303,2.7441503231151265,4.431889566089633,3.1117791152105037,3.3240696467982143,33.970994366604096,28.52742381286845,47.908600926413214,42.455266025039585,63.839031322802526,35.95106443894409,39.1968081678562,28.115751656352252,30.71065646742434,29.570701868019913,36.93313536725699,40.48695903734599,38.13886612171009,28.74957920774323,21.636418330065855,27.330287615881105,22.83335946798874,32.723174042297344,21.702988056186552,33.155143605030716,24.102617438499085,20.41506044724551,20.12338640509724,29.994880487211805,37.838021375152174,26.71707637347512,-0.7,2.788888889,2.855555556,7.377777778,11.222222219999999,16.12222222,22.64444444,20.62222222,15.28888889,11.41111111,3.044444444,-0.5,9.348148147000002,1.646966909,3.8063908250000003,1.747220014,2.605176471,2.477285701,2.744438821,4.316859713,2.216854629,2.343311996,2.544329207,2.649108865,2.4464259649999995,2.628697426,36.2,33.78888889,27.11111111,24.000000000000004,30.63333333,12.17777778,21.97777778,19.76666667,13.8,18.85555556,24.52222222,26.45555556,24.107407410000004,18.9563314,15.11782428,18.67909556,10.62544117,12.86914916,8.003558236,19.04795119,17.02542217,12.71436196,8.035718871,19.23816375,25.7234383,15.503038,0.22529311624161702,0.21952504633633838,0.0015587717299331604,0.16552203755707864,0.06804394055450329
Makah Indian Tribe of the Makah Indian Reservation,0.4015748361015252,0.33884714514744124,0.001,0.283489608289446,0.38849253099859626,0.14700000000000005,0.25200000000000006,3.310000000000002,6.145000000000004e6,0.147,0.252,3.3100000000000005,6.145e6,6.891621304208262,8.486156473641687,7.888064894862438,11.631935106509127,13.642999251045143,17.96950581644957,20.855604654678196,17.632191266797317,16.803056888966378,13.410752481452446,7.66912584067243,5.667640089610951,12.379054504806918,3.1441134270153692,1.9724366460770415,2.8531874906282413,2.341880921037655,3.2842507917500474,4.120770738933527,3.4807217542028805,4.47198750883247,2.8499981186536023,3.561626182136023,2.4104852918626327,2.9365009821006716,3.118996654548319,185.25697512136406,155.88669654013447,145.81480841905855,88.22500373542552,66.30918561142751,54.95376667852642,7.506265343693563,15.865347422655532,39.78933077217291,99.93029992743901,201.33662077358312,233.04398121210377,107.8265234608357,148.81726552828044,78.00426235015175,67.99339683134099,66.10948212185784,37.47872638753123,40.99134334465708,8.80364894422459,21.64603744798272,38.05128609720459,76.85042668647067,145.48350713073967,188.85849582876077,76.59065655880502,4.366666667,5.155555556,8.722222222,9.8,13.777777780000001,16.78888889,19.06666667,18.55555556,17.86666667,11.12222222,5.944444444,4.755555556,11.32685185,4.43339599,4.367811555,4.343321821,2.414539294,5.545668981,6.351071651,5.793962375,6.159973846,6.721420981,4.102979947,3.366047798,2.152969526,4.64609698,294.9333333,200.8666667,169.9555556,118.3,86.82222222,89.87777778,52.55555556,48.73333333,97.97777778,249.4666667,279.9888889,277.1888889,163.8888889,120.1258299,104.44406399999998,80.19227069,64.77051798,57.86004186,49.47824718,36.5551334,42.61701537999999,73.19594896,105.0284247,213.63657479999998,142.4106952,90.85956367,0.1634493786502368,0.14762385217679025,0.0009999999999999996,0.08472939864773478,0.1634493786502368
Lac du Flambeau Band of Lake Superior Chippewa Indians of the Lac du Flambeau Reservation of Wisconsin,0.3339864563714868,0.32258080450025856,0.0009999999999999992,0.17468518712754935,0.2520980213224495,0.12072945458493724,0.18460744859790518,3.018990482617251,1.592682264970197e6,0.10968495714726743,0.19050520622053005,3.47905967019114,1.2132560286726276e6,-8.904515617119738,-8.51666939177095,-0.942075366874004,6.032209767695892,12.411639883854146,17.420289512950347,20.158200472461612,19.373434702878367,14.319599870737258,7.635080081347852,0.5066673067194528,-7.743060302234073,5.979233410074577,2.4552109798680464,2.804287771652061,2.5260754815893067,2.023671822971811,1.4061547813696316,1.8990139598911115,1.2104855250661355,1.3712112125060052,1.8039204696583837,1.8102167520757095,2.697528305441469,3.878984536178507,2.157230133230501,33.213092857388446,23.396063946232967,38.06634592487513,54.85252769403491,79.36058886543533,108.79146197398181,89.43561199611521,106.0313004531511,108.19301261500297,70.96481792994537,61.41257232160273,41.6884190146128,67.95048463310394,14.710417312094602,12.998282176786718,22.23007412162446,21.148104079613343,28.880317241349523,44.17157326359167,34.14928962566793,37.81496873717943,46.72914456507881,29.51597442611017,31.5204914578706,21.29131755145583,28.763329546906977,-11.0694444475,-9.594444444500002,-1.6722222224999999,4.8555555555,11.23888889,16.808333335,19.374999999999996,18.5527777775,13.563888887500003,6.2555555555,-0.93888888875,-9.41111111075,4.83032407425,1.975714236,2.56862996325,3.5888346857499998,2.3437890825,1.47281187275,2.7886072315,1.68843413975,1.90274094425,3.4131852169999997,2.1522604875,4.1313898375,4.78478769325,2.7342654495000005,26.0166666675,18.3,35.0250000025,52.1,80.63888889,108.0805555525,106.5472222075,120.10277780000001,121.3638889,85.89999999999999,55.59444444499999,39.991666665000004,70.80509259499999,12.709557644999999,8.46434325575,19.9473098775,26.597010112499998,41.007527405000005,37.686518344999996,40.609416785,52.681342595,67.69214029,38.546123375,30.245758925,29.199331837499997,33.78219837,0.42097410140829,0.3922464638925824,0.0010000341721245253,0.27670371873658073,0.3799776928028722
Turtle Mountain Band of Chippewa Indians of North Dakota,0.47211367059826786,0.4338816922596933,0.0009999999999999983,0.44012508970137065,0.25859287262147046,0.12447141299297915,0.18758560743710828,3.003837300694219,1.3436493936987217e6,0.163,0.287,3.0799999999999996,1.245e6,-8.61679320939301,-8.304815520423686,-0.844800915380145,6.0981540049007545,12.475833907612545,17.500018642548874,20.22393916581683,19.472616902748953,14.458771103733696,7.752715396542613,0.7501681665174622,-7.423315284898595,6.128541030042606,2.483927684713957,2.831943303772742,2.525229530594762,2.0001952973526396,1.402218005651668,1.9114878188140043,1.2257980680059042,1.3864686565462383,1.7606291939428864,1.7817195306609144,2.618878428078845,3.8479188610930843,2.148034531654818,34.879388414874,24.592894713188258,37.81126806240381,56.535040763934376,79.21607611625437,108.87114499568234,88.10161726601399,105.19869196045437,107.28820799532593,70.31265845187305,62.8139866564934,42.80482272196496,68.20214984359266,14.874861937244614,13.945106391333974,21.72302493226467,21.109830410660763,27.857523241502577,44.76591744987479,33.79937769989454,37.05440338462305,46.603069128722204,29.108250553620948,31.393162858892403,20.85983162294328,28.59119663469114,-12.06666667,-8.444444444,-2.4,6.711111111,11.888888890000002,17.32222222,20.37777778,18.2,12.688888890000001,7.444444443999999,-2.666666667,-11.11111111,4.828703704,5.946637705,7.142673013,4.118252056,3.229336017,1.8312867360000002,2.483333333,1.829465617,1.802775638,1.572771792,3.314404589,5.911429607,6.583966214000001,3.813861026,24.42222222,23.17777778,26.93333333,25.86666667,81.63333333,124.5333333,64.55555556,114.49999999999999,44.877777779999995,42.45555556,45.33333333,23.722222220000003,53.50092591999999,13.7255945,18.61597283,17.77427917,18.08272656,30.32329962,58.99898304,24.19447825,55.47571541,33.08964256,19.50756976,27.48463207,14.93425406,27.68392899,0.4228018365705411,0.3946584684995996,0.001001189390788259,0.276928415298878,0.3825420701249264
Iowa Tribe of Oklahoma,0.36977362712331197,0.346591050631513,0.22849308807949115,0.3400141395361012,0.3373905152488028,0.08633063111496884,0.13194180640345463,3.0102429572114477,1.400392035080692e6,0.13975319508103268,0.1996527236017709,3.0953847869353632,1.6059975356061919e7,-7.445838076115073,-5.515429347571883,2.509614874226959,9.268889601543922,14.96598851028698,20.957381696169225,22.968406679195933,21.914212069036665,17.364107148050937,9.827156624362784,1.2225346693434276,-7.102169761773628,8.411237890613188,2.706713511532814,3.0215218718036203,1.838269357488847,2.032534566078227,1.5068811130224633,1.5342842166192399,0.9484730137026425,1.3854188870894049,1.7973872428873974,1.660054793052942,3.4792224176576845,3.8402340110962343,2.145916250202628,15.413934981549152,12.9225345793671,43.11417305701941,65.08130331643336,102.92586897900352,120.43946390781709,92.60187673175491,101.54960873039815,83.44234647082918,44.92242342474619,32.17825722583239,22.108104296816474,61.39165797545646,8.403059681540903,11.306412029331327,25.73066206769268,38.7788284537271,37.37364276785971,62.35098783068418,55.02398919815409,47.336585046790695,48.444525444068695,17.595408053615962,27.785273316234175,18.634112394908225,33.230290523368176,4.185185185333333,5.914814815,11.488888886666667,16.30740740666667,20.78888889,26.15555555333333,28.451851849999997,28.655555556666666,24.47037037,17.225925926666665,10.781481483333332,4.1148148146666665,16.545061729999997,2.121187927333333,2.7037127056666663,1.2723781936666667,1.1874893223333334,0.8917007979999999,1.4894532489999999,1.3141346936666667,1.497624087,1.4595135143333333,1.1565946233333333,2.0797091576666666,2.740119569,1.6594681536666667,55.485185183333336,57.744444446666655,106.10000003333333,96.63333333333334,164.0333333333333,149.55555556666667,88.46296297,78.79259259333332,91.41111111000001,82.41111111333332,57.25185185333333,49.97037036999999,89.82098765999999,25.49053576333333,47.18337425,62.761130923333326,46.06262642,81.58725282999998,73.10297097333331,57.802431379999994,58.18912381333333,49.06311094,60.569779579999995,49.0676961,43.26133085666667,54.511780316666666,0.738857307802861,0.6343613099803215,0.0010000000000000445,0.7158322546673933,0.7121599330262146
Lower Sioux Indian Community in the State of Minnesota,0.5803819613198582,0.4863029892632946,0.0009999999999999994,0.46303554829287247,0.5458192991992524,0.08537333311617894,0.13719341812557884,3.0540761799773986,1.589829892847908e6,0.08596111683618819,0.15390668040685168,2.97,668455.6357066348,-8.964002885871658,-7.246190231026085,1.164642104310199,8.383324625019416,14.345388572329876,20.014813142960218,22.29975200889996,21.225203004443657,16.37085961112694,8.899683162893814,0.2823983328194848,-8.469014248556164,7.358904766644543,2.7872939408330106,2.8946983258443115,2.2109565238686186,2.245197461699864,1.5054672333834085,1.7005887679679652,0.9695808637312376,1.469275150229051,1.8235483959898144,1.899421921073777,3.4842810093583862,4.035642123864059,2.252162643218207,17.133669648565924,14.118762564570615,39.922799725325696,55.26529607612926,95.77680492627944,116.48775166489895,91.80212158363297,98.32667678488326,81.75246611524757,48.3094356474397,35.86392893328051,23.876927297829063,59.886386747666045,9.94254604910837,9.409396122488365,24.81059478196683,28.446952162689218,37.98637466949676,47.26549166604373,40.743938620790196,41.53930453733726,48.224184730960836,19.95894970822622,29.247514112848215,17.985800242582368,29.630087283428203,-6.95,-6.7166666665,1.961111111,10.133333332000001,15.894444440000001,21.22222222,24.16666667,22.455555555000004,16.527777775,10.572222224499999,2.6777777780000003,-7.7944444445,8.6791666665,6.3744411415,6.0100261040000005,4.1298857705,4.1001271255,2.9315496289999996,2.4396181425,2.976171996,2.3907553234999996,1.854171108,3.969412613,7.024728618,6.034274777499999,4.186263529500001,17.31111111,16.57222222,48.883333335,73.577777775,107.96666665,119.28333334999999,99.13888887,90.294444445,90.055555555,61.533333330000005,40.877777775,36.07222222,66.79722222,12.73250428,11.777770735,43.121797640000004,63.208130340000004,32.600553305,47.68591859,37.419706700000006,32.273634675,60.147020190000006,48.955865275,33.777788705,39.763959230000005,38.622054139999996,0.6505517840841257,0.5605712748329319,0.0011382269613299646,0.6159646489560923,0.5799421110838784
Confederated Tribes of the Chehalis Reservation,0.6052040180248901,0.5553752937114971,0.0013071107612196346,0.42212069432045174,0.5786997806999316,0.14921163892547196,0.23106226585234504,3.6017083108208623,7.584608432796391e6,0.14406253748754144,0.2228553341869206,3.4317435197040562,8.388289913219665e6,6.367755920053657,8.43150120902458,8.663683564588789,12.125866864316729,14.621986944099088,19.39076385697864,23.683468764403017,20.443870770921496,18.681309137697557,14.057380417733492,7.356565656509319,5.25495937083093,13.256592706740092,2.9306979981622114,2.51755499150108,3.421836527601074,3.2144161200174524,3.4888902330393434,3.627124532883798,2.9495235833982787,2.7855970772104475,2.534785318780799,2.96223939214398,3.3301411042524047,3.3905096896489795,3.096109714097248,146.45937157658346,145.47090169015763,138.23247137036142,67.00911342128427,59.24524105141761,25.346174904433717,4.524339004502976,8.627258930664269,21.833073364281432,64.60518049275858,99.22497513213715,195.31301585768273,81.32425973472918,109.61409970488013,126.43689569135967,106.40097489322014,45.403237874242905,38.45579268483502,21.926881408455404,5.553390257869488,16.617995313491228,23.496741172458687,62.01174783578724,62.111824862935805,155.1141027956421,64.42864037495269,3.644444444,4.077777778,6.388888889,10.37777778,11.43333333,13.78888889,16.65555556,16.78888889,14.51111111,9.833333333,4.733333333,3.155555556,9.615740741,2.549564233,4.382002333,1.370624351,4.617298392,1.177921899,0.888037787,1.371232211,2.009629596,1.390543459,4.347700542,4.04103947,2.633491556,2.564923819,235.3,149.7111111,135.6444444,103.4444444,78.67777778,71.47777778,24.37777778,34.21111111,65.28888889,166.1555556,220.8333333,212.7222222,124.8203704,125.7456162,83.32702809,48.80320459,48.57720945,39.6765919,20.31063624,18.04790693,16.56007582,40.27379559,81.92225142,136.6263426,106.0438209,63.82620664,0.4900146929289722,0.4477032185203747,0.0011332534382923415,0.3373810815402846,0.4504670071879341
Burns Paiute Tribe,0.06519192660490764,0.06513721492330583,0.001,0.005269118286321526,0.001,0.12546243484520272,0.17361458047270506,3.1898824682904174,4.464882587038589e6,0.151,0.24,3.28,606000.0,6.5939475280418804,9.679382226471999,10.739637209536276,13.34929750890962,16.117439866344956,20.206392042689,22.758568480178496,22.369002196030745,20.008539890924414,16.225050957458052,9.635293501122833,7.012788449290727,14.557944988089373,3.365435190742652,1.8651844414837315,2.1292935248016427,1.9322213632491803,1.9942007813428309,2.1944017273812486,2.1944138269174136,2.567447180515441,2.051595967032345,2.160243854299028,2.382209377130707,2.688665420471649,2.2937760547000243,123.50116318122478,97.96628257880342,82.01242487237145,59.128787540687306,35.85497418246527,17.32455687806551,5.4244529992156165,8.563283183421207,14.18609027016176,55.114138873827464,83.96732398341587,121.04778035177051,58.67427157562876,84.0804397417744,62.36006418444594,50.577863491920425,38.37958880877192,23.07502136625029,13.334752060017482,6.5413190818742235,13.055278511786774,14.607899980416473,53.71191325688082,71.91759010498093,82.66843817683294,42.859180730496085,-1.1388888885,1.7833333335000001,3.8555555555,7.85,10.805555555,15.044444445,20.11111111,18.09444444,13.93888889,8.6111111115,1.738888889,-2.3111111109999998,8.198611111,4.3099393605000005,4.466078888,3.264517020499999,3.075296587,2.6463140624999997,2.9858414235,2.2483830680000003,1.9697561775,1.9985708969999998,3.5971473145000004,3.6749571435,4.588365743,3.2354306405,56.277777779999994,20.422222225000002,46.644444445000005,28.277777774999997,49.06666666499999,28.95,20.905555555,6.966666666499999,22.05,36.666666665,69.43888888999999,78.961111115,38.718981485,95.33472671,16.30546166,60.484306965,13.83350094,27.925440495,20.31851383,22.14004578,8.4468365025,21.370373185,27.509710179999995,109.55516475,87.73851002999999,42.580215915000004,0.10344469959252554,0.10113557956608257,0.009975408475398828,0.04010860740984611,0.006426201222627683
Pechanga Band of Indians,0.18492062792383177,0.1834416713681825,0.08414054346724076,0.07387068514672342,0.038841401359541526,0.10399510506039189,0.1432938932835229,3.3358287203373513,3.195195984595473e8,0.09999660224025875,0.14598301120129376,3.150314292776065,1.2701498232628132e8,10.409771494544804,11.056852766643505,11.706911074164978,13.364510750498747,14.846786364851244,18.153437225406357,20.141391274108784,20.628613833496402,19.153837183216236,16.916723046383026,12.343540443979526,10.391804242265593,14.926181642021868,1.9640931368128203,2.205654241681759,2.210149898670225,2.073621125978141,1.9919029886792459,2.27238461264958,2.9689104652540568,2.361525948391883,2.2222094809678197,2.2049459372494584,2.2454974455804493,2.035202369709515,2.229674804411223,112.62692437732332,100.64427578643777,73.16192500119872,32.710424918763984,16.313943582444086,3.601409970982046,3.756747718268453,4.219808020466911,5.021870452054295,15.96974393040663,25.39617486356923,49.420395910052896,36.90363704447741,106.0994912420896,98.52812667351985,69.45924164551994,23.385517751771182,15.396178731935995,5.709194376972331,5.97690152504068,6.510201393279819,7.673654343620087,19.777723103064115,38.21234107880739,67.13319046087173,38.65514686088386,12.266666669999998,12.02222222,13.14444444,14.53333333,16.51111111,18.85555556,21.27777778,22.64444444,20.63333333,17.83333333,14.422222219999998,12.34444444,16.37407407,1.102270384,3.322189706,1.260070545,1.011187421,0.902003942,1.897439796,2.625727412,1.627967376,0.874642784,1.809005252,1.091762082,0.7731609,1.524785633,130.9888889,102.4777778,63.78888889,33.45555556,17.47777778,3.233333333,5.811111111,3.966666667,5.522222222,12.4,26.48888889,36.91111111,36.87685186,119.4774188,82.84269397,53.85855188,21.34649334,16.09905104,4.848195541,8.543629856,9.675872054,10.14085521,14.20026408,41.08136574,56.30347335,36.53482207,0.21664211414430415,0.2162512882341567,0.09665714731822615,0.12226324986270033,0.0630975399263605
Te-Moak Tribe of Western Shoshone Indians of Nevada (Wells Band),0.07593724961763115,0.07593724961763115,0.001,0.020954363358277214,0.006965772518707908,0.11052373537983523,0.1423069104872148,3.173497925289607,8.814583173907006e6,0.1,0.169,3.35,2.969e6,-1.515275266206142,0.24381393837182025,3.4928437348559584,7.680968774482403,11.623979107854558,16.920119675634332,21.037400677631435,20.008953121503943,15.734648929374867,9.67561860611431,2.1697722420319954,-1.775935363481125,8.77474234821737,2.977774209448471,3.7307347045765513,3.2385356285588265,2.584679658652688,3.153993110890043,3.3350484435629615,2.772907591198453,2.9006041628248305,3.0554249129271414,2.620125808012741,3.817251135105565,3.2950146831033384,3.1235078374387513,53.15139838475648,38.467433739769525,53.42968364064757,43.28980466957648,59.08616303527637,32.01663964372468,29.62716612888821,22.801858209018437,27.043241454612033,35.94182743587235,42.94712570667367,51.99026401046494,40.81605050532025,42.29774858678819,29.721870860565353,31.978056285858106,27.00019868349493,33.865350362177075,21.500505414314727,27.975798061740612,20.476651559113023,21.031770128992342,27.58967416227205,32.805890544968236,43.028535749603236,29.939337533506812,-1.477777778,1.422222222,1.233333333,6.544444444,9.966666667,15.611111110000001,20.16666667,18.02222222,13.55555556,9.733333333,2.1,-2.411111111,7.872222223,5.876814141,6.162340825,1.359227722,1.728518955,2.242208732,2.663383395,1.860107524,0.9310985149999998,1.614087289,5.521095906,5.389805191,4.399842169,3.31237753,30.4,35.3,28.67777778,34.16666667,47.21111111,24.27777778,10.24444444,32.74444444,18.58888889,23.2,27.12222222,24.84444444,28.06481481,24.39087944,38.54289818,13.38345787,18.44302036,31.23617472,19.29208243,7.867355195999999,66.45071691,14.360313749999998,19.73094017,9.525069262,16.01023978,23.26942901,0.1660384957339994,0.16268556210178903,0.00249397882984228,0.09954695053974599,0.03624522643592069
Northwestern Band of the Shoshone Nation,0.2426722573137036,0.2388804626364128,0.001,0.18580748425123708,0.08059436102680982,0.1131324594760423,0.1564249373152051,3.1907194489840878,4.563524100384169e6,0.11599999999999999,0.146,3.08,3.186e6,-0.3847505791532535,2.038807713481104,4.617604269484246,8.288587504891623,12.230092420226423,17.111247093212246,21.248350451176236,20.219006805691343,16.182531931375312,10.49431358312314,2.850339629022489,-0.5784461399008298,9.526473723589369,2.8228739361411055,3.449695144831504,3.067509013495974,2.5078903245220983,2.918677257582257,3.1814461802484044,2.658189164422873,2.403312507498362,2.836690374813028,2.4926106937543455,3.185314056457264,3.483407311422001,2.917301330481354,72.87162392145531,48.687199570041244,59.10615407518335,44.1478309277207,54.19952798381994,27.971482709311072,19.78819197926712,17.338408264991497,23.272609140461515,42.49226469474256,49.130376370038064,63.8173229333456,43.56858271466128,56.22722345662488,38.034883835517604,36.7566337510468,31.284311209340753,35.03967258236636,21.292324014111344,22.650682795686112,16.74863494057987,21.66583675257412,35.26609632491466,35.69601487563581,48.36513418719603,33.25228739388763,-0.8666666670000001,1.233333333,3.177777778,8.711111111,12.23333333,17.01111111,23.588888889999996,21.42222222,16.04444444,10.05555556,2.222222222,-2.044444444,9.399074074,4.37407133,4.78826691,2.091517259,2.538426897,1.550806242,1.651093913,2.094304446,3.366295359,2.353779467,2.489031494,3.277490571,3.966771707,2.878487966,44.16666667,33.18888889,39.22222222,64.78888889,57.98888889,45.9,20.22222222,24.82222222,27.7,33.43333333,54.66666667,36.73333333,40.23611111,35.86683705,25.34395611,23.71311756,67.38016111,32.74944444,35.33468551,37.35230173,25.64116699,24.4419721,20.49475543,69.24214757,23.240159210000005,35.0667254,0.1093589705406675,0.10831621586263794,0.0033885435730839656,0.03643901777945632,0.00582842513739466
"Sisseton-Wahpeton Oyate of the Lake Traverse Reservation, South Dakota",0.5103898714529328,0.4724132621246572,0.0011968059481771097,0.47224784018365284,0.40931289485601785,0.08565824051179098,0.1377183345012684,3.063453812906468,1.5295080947928075e6,0.11214925497075916,0.19534231111152073,3.2900084327863044,603523.7579688856,-9.051536041411634,-7.323500836262719,1.0884353043229242,8.333872324534024,14.29927257530072,19.9638485617047,22.26270195885514,21.187187395102825,16.318552953479028,8.840720195673857,0.19130727693538824,-8.551929867505896,7.296577650098278,2.8250712791030814,2.8960095346221313,2.2365850236642983,2.2500923114364526,1.4997473711373572,1.71428313102778,0.9710915242886593,1.4726562193246493,1.844577681611617,1.8989415751893572,3.5149282025138056,4.060467133087062,2.2653709156539055,16.926646527661187,13.982804429490603,39.3814666994843,53.96294523236832,94.98289633538852,115.70671949307065,91.07881587921442,97.05591185159282,80.54069762308966,47.93729977859653,35.58720510157757,23.535254225420687,59.22322193174496,9.825127150548417,9.293632341129783,24.548189668639466,27.701626858773608,38.197786940427356,46.55804531348923,40.87308679896725,41.26637944692787,47.46257937177715,19.892459592493342,29.16632479837625,17.7440166772454,29.377437913000122,-8.781944444,-5.9375,0.25972222224999997,8.799999999874998,14.55694444375,19.79166666625,22.345833331250002,21.45833333375,15.102777777500002,9.116666665875,0.775000000125,-8.625000000125,7.40520833325,5.8082424206250005,6.642718719124999,3.7852824075,3.4279664366250007,2.331449296125,2.7466367932500004,1.9511105431250002,2.4630968531249997,1.960214626875,3.0893825335,7.267888268000001,6.4231473365000005,3.991428019625,22.069444445,22.45138888875,42.73611111,40.1791666675,71.2125,106.65694444999998,81.52916666625002,71.20277777625,70.493055555,51.550000001250005,32.7138888875,38.550000000000004,54.278703705,30.02263383875,35.22965207675,39.6465394,35.779493575000004,33.847985953750005,40.04073055875,44.126906713749996,36.05342494625,39.173957727499996,29.5110065425,29.157018672499998,58.527201622499994,37.59304596875,0.6414114878567418,0.5545922171579158,0.001133748579829067,0.6060225119328325,0.5676951616652296
Ottawa Tribe of Oklahoma,0.4780943928794326,0.3988664893809669,0.40704688497285985,0.40809066348802603,0.4644947640599661,0.14873507427768093,0.1902328451446384,2.9966941555698057,1.6467095208107657e6,0.17,0.264,2.98,2.716e6,-6.962878149868231,-7.310856871185559,-0.9206741963828421,5.596519178969739,11.930172948499303,16.892993883191355,19.639443739326843,19.23373453443778,14.450436794995182,7.973595277178175,2.0024262728217526,-5.347219161795375,6.431474520904899,2.654968759660525,2.885834753336247,2.4943514335581383,1.864365666527197,1.3975256934367937,2.1555419088196004,1.3492007928039094,1.313854528967976,1.6438682542479988,1.65175517836223,2.2178253883112906,3.558696521722231,2.098982406709876,50.91509805054842,34.61539313886461,39.8955863105015,61.75014756157031,73.76925114462476,89.74949438222596,78.43092854996945,83.74565643334915,97.03955118186403,72.90995094763933,76.67478873724511,58.63487171281613,68.17755984652483,17.865458046776677,20.176883732532822,22.41079757325399,26.50362916093758,28.514142361942167,45.452180117257726,24.204777228097676,24.597821414896742,32.46006327582311,27.403803245750815,35.369784930811385,23.3664198168179,27.36048007555037,2.366666667,4.044444444,10.13333333,14.76666667,19.06666667,24.65555556,27.03333333,26.93333333,22.766666670000003,15.62222222,9.455555556,2.6444444439999995,14.957407410000002,2.752271789,2.831126592,1.393735986,1.220655562,0.916515139,1.460403293,1.5337861649999998,1.503329638,1.607793519,1.170232645,2.295163998,3.22765825,1.826056048,70.84444444,67.93333333,110.95555560000001,99.27777778000001,181.7666667,125.4333333,85.38888888999999,83.27777778,101.50000000000001,81.12222222,91.97777778,75.38888889,97.90555556,45.5720888,47.98484136,54.463958520000006,41.91061255000001,82.35030358,47.23314514,55.21570077,62.81589723,51.08125879,60.68959503,80.40044741,74.14164559,58.6549579,0.34727837040779735,0.3274702101701055,0.0009999737340522835,0.22533031404343648,0.32898313566974396
"Bay Mills Indian Community, Michigan",0.41721857432810644,0.4053321426388563,0.0009999999999999998,0.2547859970801446,0.3191620777042448,0.12452729807846392,0.1876118180866763,3.0033937929790024,1.3451527511229748e6,0.16199999999999998,0.208,2.99,3.1e6,-8.60688010726846,-8.29847032021926,-0.8423482440984082,6.097285177462485,12.474888557733253,17.498331418974914,20.22302510302806,19.47263758007205,14.459698034080683,7.754679797707666,0.7584187255476121,-7.413302176821022,6.131496962198834,2.4810826523959157,2.831497601321684,2.523333991237197,1.9986929386285797,1.4017429531239671,1.9104295955096349,1.2258864820246769,1.385784212666546,1.7592000263321739,1.781151781464348,2.6145968954507497,3.845493755962824,2.1465744072290946,34.920548238133314,24.61261948276501,37.84281566903571,56.60912179609982,79.21000988884369,108.86060311340857,88.13869750500615,105.22146166934282,107.41372620400868,70.36992904872396,62.87592011662318,42.86039594249312,68.24465405659623,14.88489632807619,13.948372665597079,21.735310375533516,21.124374993988052,27.794507561218147,44.7784948538278,33.79966311630293,37.04034272650741,46.63357116329054,29.129681588789495,31.408574306969797,20.88597407763223,28.5969803135368,-7.5166666665,-8.283333333499998,-1.538888889,5.027777778000001,11.52222222,15.85,19.122222224999998,18.955555554999997,14.2,7.972222222,2.0333333335,-5.655555555499999,5.974074074,3.0342484695,3.056993822,2.9335206694999996,1.8240094405000002,1.969411485,2.315657823,2.2045738845,1.3994132989999999,2.329952648,1.769175706,2.9133965434999998,4.6589907915,2.5341120485,63.01666666500001,36.733333335000005,45.916666664999994,61.87777778,67.46666667,98.077777795,63.55555556,78.49444444500001,102.81111112,83.61111111,78.67777777999999,73.21111110999999,71.120833335,23.809351314999997,20.771796065,30.71320093,34.992523170000005,32.677356815,48.795490550000004,24.533962154999998,28.648395760000003,40.633281935,35.312558095,22.95180644,40.11374818,31.99612262,0.4226845789401703,0.39463005060364276,0.0010005419602551122,0.2765440813159743,0.38278514614618536
"Santa Rosa Indian Community of the Santa Rosa Rancheria, California",0.05659125331072332,0.05659125331072332,0.007363863468565379,0.016205128083011954,0.001,0.1363516286971941,0.20452681767767394,3.412128768240668,2.9840681957990896e7,0.144,0.211,3.07,1.1253e7,7.976537983802007,9.755576693313023,11.233075725624605,14.010804825065005,17.03637106085033,20.986747477881593,23.863042089486868,23.14164978552194,20.87876762267786,16.853167894787184,10.448770406849581,7.429030347206834,15.301128492829644,2.1454648094992255,2.266639094624302,2.3476134642462227,2.3067744770082768,2.3387592557486134,2.7162481886192027,2.5779375005079523,2.4437868668161005,2.3551946882921717,2.1522881307240764,2.486218250798835,2.461377383010056,2.383191842532677,104.6793895637304,78.19972876174445,67.59031037351775,43.012086547297066,26.4940378036775,11.061294240570984,5.221487519169623,5.9903586196506335,9.956721033263051,29.50320864399547,46.54349529539958,83.59856890920337,42.65422394279812,82.71332756659429,65.54343717437307,56.245376343382155,29.57034886272359,19.862513041998593,10.485503443002274,7.0084921969328455,6.192268972616025,9.987890517279267,33.601775923830225,46.38040845625196,71.82078701097957,36.61767745919721,7.3,7.411111111,10.88888889,14.333333329999999,17.88888889,21.74444444,24.76666667,24.2,20.66666667,16.51111111,9.322222222,6.622222222000001,15.13796296,2.880104165,8.599483189,3.761131626,3.9363688849999994,3.002267661,3.2806672760000004,3.2101401839999997,2.556364606,3.4503623,3.958043849,5.690074204,3.6217322440000004,3.995561682,55.01111111,41.66666667,37.93333333,20.13333333,15.811111109999999,3.333333333,7.588888889,8.6,2.688888889,11.0,14.78888889,29.94444444,20.70833333,33.70621028,24.131255669999998,33.43845092,13.057373399999998,13.909389309999998,5.421485036,18.99331754,24.18553287,4.547923824,11.82729893,16.78536896,25.129917979999995,18.76112706,0.20119741441041333,0.19911586684764712,0.11006326945730759,0.09702356637738237,0.05043349559302266
"Northern Arapaho Tribe of the Wind River Reservation, Wyoming",0.056095397600241424,0.055694570097866346,0.002799349391891822,0.021838923204164896,0.002574532331752992,0.12014960138803296,0.16074628835962892,3.313947593628125,1.1086386674130477e7,0.14117614446151538,0.19888061353981684,3.372357646417614,2.8927536113836793e6,-2.299245707180884,-0.36465138589200685,3.3078426958888545,7.97881704284878,12.07219340233144,18.33480503500689,21.14559968994848,21.041433163406115,16.181340771862875,9.51815596885658,2.712205561455895,-2.166122386605435,8.955197821060617,3.36623797909101,3.363923747800041,3.26216192547112,2.858803426881376,3.288110174621572,3.0803359379297843,2.779415983138443,2.841484915262296,3.2036151076174133,2.6574198516838026,4.226022956072199,3.787208785728659,3.2262283993155627,26.106099204559094,21.12546819847919,34.73933422801114,40.24790450049914,59.75069476002097,39.43894007729527,48.46471919297555,40.98657825797198,30.4805201442133,29.24651701409286,22.822171664770927,17.08918900733211,34.208178021143596,25.5112894328076,17.314492560531185,19.754593002661686,21.69630012122748,38.21177786925031,29.263631361114683,34.50720876488779,24.678901340542975,20.160587653235275,21.920621600328445,20.27605048260035,14.511175829756128,23.983885835027753,-6.7382716049999996,-4.803703703666667,-0.113580246888889,5.569135802555555,9.717283949777777,15.2,20.386419753333332,18.667901233333332,13.122222223333333,7.654320987777777,-0.6098765432222222,-5.095061728333333,6.079732510333333,2.8162391983333332,5.124800153111111,2.4241015083333335,3.230387511,3.686265503111111,3.350102642222222,3.3508274756666663,3.195357493777778,3.017943330333333,3.381468016888889,5.974280982333332,4.491546278777778,3.6702766745555553,23.144444443666664,25.62098765311111,23.483950615555553,37.81728395111112,66.58024691333334,48.67037037111111,38.63950617444444,33.07530864111111,30.495061727777784,29.144444444444446,30.01728395222222,18.85061728188889,33.79495884777777,17.13534423088889,38.518264818888895,20.191571845666665,25.848987507777775,41.14505730333334,42.55738461666667,53.033745974444436,38.139686564444446,28.008764771111107,29.66603994222222,34.52096190955555,16.533450746888885,32.10827168777778,0.1710906461768072,0.16527850398897473,0.002277414657635578,0.1298164821983776,0.0553543139860398
"Sac & Fox Nation, Oklahoma",0.39319529980311285,0.3661602502035588,0.25715685083116135,0.3556197790075648,0.3405914773493788,0.08681301823802352,0.13255067030524778,3.003582073003533,1.3732888967927592e6,0.15553519771414284,0.22809787345611396,3.053165304180015,3.9693318905893113e6,-7.415782557977634,-5.486791381506286,2.547872930234019,9.312702875234134,14.996281417419334,20.974012212984665,22.979252045090234,21.93744686347901,17.3969742500395,9.871118782215198,1.2813678099763326,-7.075868615655331,8.443215552690372,2.705341633128526,3.0372351527437784,1.833438979372625,2.0328317164182037,1.5030439688901196,1.5228280955815305,0.9555999474961647,1.3909954511321854,1.7860817064329297,1.6728239872311599,3.4555022547148266,3.846006990918397,2.145144157050366,15.928516000985791,13.22284487433394,43.56815508775276,65.09670466941076,103.05005744800398,122.1197280105894,93.54430726860052,101.96705910145391,83.48829948325844,44.84174421579485,32.76979902622611,22.97316738127208,61.88086521429204,8.486652937551673,11.428730103232809,26.083079573848917,38.2234194537378,37.10124158477938,62.71421611079884,55.09963806584663,47.559667775733864,48.141695762174386,17.867300376008224,27.562550555955,19.30601241184703,33.297850392328954,4.362962963,6.088888889,11.674074073333333,16.41851852,20.677777776666662,26.196296293333333,28.500000000000004,28.733333333333327,24.496296296666667,17.281481483333334,10.999999999999998,4.348148148,16.64814815,2.149084097,2.681373451,1.2763990230000002,1.151716427,1.0595884306666667,1.4873687423333333,1.3218946273333332,1.4641091223333333,1.4335329463333333,1.1700262426666665,2.080993908,2.807891405,1.6736648683333333,58.89259259333333,58.03333333666666,101.04814816333332,101.50740740999998,173.31481483333332,141.05925923333334,90.40000000666666,77.64814814666666,97.20740741666665,83.96666666666667,61.31851852,54.48888888666666,91.57376543666666,28.94570754333333,43.32953365333333,54.24677958,50.03438720666666,91.69121505333332,71.05666303666666,57.7591921,58.256499829999996,46.98003915333332,61.222441133333334,51.08909218333333,49.05897917666667,55.30587747,0.7413374975827434,0.6352124073645374,0.0010000000000000328,0.7192725693178926,0.7127482899073642
Ho-Chunk Nation of Wisconsin,0.7143819917122308,0.6378411741715733,0.0010000000000000005,0.6446997473495178,0.7083400548795111,0.08788970204789834,0.1574766417540567,3.0671272568519967,2.0122505697209125e6,0.0865251173034973,0.15172301064200192,2.963600683002306,2.3528851624885243e6,-8.67159245364166,-7.671233621321808,0.8386197646832486,8.042151905801832,13.99105819463056,19.376532739179577,21.774419614875228,20.838150384720258,15.868855903115307,8.749127385425545,1.0984178763828092,-8.253808514213658,7.165058265014846,2.276968026501876,2.858828014898383,2.296581159216931,1.894089845406948,1.2282643378905551,1.7901894704012382,1.0662126276605777,1.3908937500099499,1.713721077246941,1.914735528986624,2.435813090354754,3.525927276638719,2.0326853505176965,23.77509016007504,15.27720147401238,41.66798419881422,52.92844922844062,92.12264992112043,126.75927618435813,99.32749598401891,133.69728699530236,109.18687000013705,55.49755522969991,52.708314757954646,31.65385019664815,69.55016869542969,8.680329705575764,9.06196597817533,23.442348608419504,13.170372727869838,22.66057284656662,54.068562136274615,58.55115298298802,59.202329361618006,51.477390120044,30.19892234850105,29.93459950728103,17.40697460118252,31.487960076352955,-6.641269841428571,-4.2095238095714285,1.4015873015714286,9.23333333242857,14.677777778571427,20.158730158571426,22.647619047142857,21.738095239999996,15.547619047142858,9.992063490857143,3.398412698714285,-6.7095238095714285,8.436243386,4.5711126885714295,6.162109383714285,3.622754360285714,3.2093801138571427,2.270578236714286,2.8328304005714293,2.276464111142857,2.502447867,1.740129088714286,3.127234869857143,6.481429833142857,5.667043017285714,3.7052928308571427,33.15714285714286,25.907936507142857,46.25238095142857,64.49523809428571,96.63333333714287,126.54444444285714,103.13650794000002,139.43492062857143,97.56666664999997,61.64126984000001,56.88412698428572,50.14285714285714,75.14973545,25.937141732,27.690858543,30.399341857142858,29.468063681428575,40.15863171714285,60.874928065714286,50.807804701428566,70.82571838,45.02420882714286,39.38223468571429,34.89032129142857,49.44033072285714,42.07496535000001,0.4126431482110587,0.40514293017046066,0.0010000000000000015,0.2669512779038864,0.33618330472849384
Shoshone-Bannock Tribes of the Fort Hall Reservation,0.1479410898275719,0.1479305193854391,0.0009999999999999842,0.06542990642649153,0.021345649656414098,0.10799064348766298,0.12859819389911484,3.156775688505431,1.2942395420492107e7,0.10277626189145306,0.11767605794722659,3.011174416503097,2.2402585807060134e6,-2.6148529667663847,-1.5020436712481287,2.398872398793084,7.089983001193297,11.034457543284645,16.734224180612724,20.832225443880503,19.804649447557352,15.299026278141152,8.87933458809258,1.5078347089260111,-2.940644513126124,8.043588869981514,3.1284342421661413,4.004081086491142,3.4048805604999126,2.659366961298923,3.382867427257366,3.484445998017666,2.884485715383156,3.3842829547468276,3.2681718110773312,2.744150323115114,4.431889566089616,3.1117791152104988,3.324069646798209,33.97099436660406,28.527423812868427,47.90860092641298,42.45526602503962,63.83903132280229,35.951064438943824,39.196808167856084,28.11575165635229,30.710656467424354,29.57070186801988,36.93313536725698,40.486959037345734,38.13886612171004,28.749579207743214,21.636418330065865,27.33028761588099,22.83335946798858,32.72317404229728,21.702988056186555,33.15514360503059,24.10261743849908,20.415060447245434,20.123386405097317,29.994880487211752,37.838021375151946,26.71707637347504,-4.462962962833333,-0.9203703703333335,1.2,7.033333333333333,11.155555555500001,16.305555556666665,19.122222221666668,18.970370371666668,13.985185185,9.307407407333335,0.42222222216666666,-3.8111111110000007,7.358950617500001,2.5714141953333334,4.859185274833333,2.5543382995000004,1.3379136891666668,3.246135246833333,4.2711790569999994,2.223885998,2.1758714905,1.9560021716666667,4.858128823333334,3.3849975955,5.5854849085,3.252044729333334,33.12777777666667,23.622222224999998,37.753703701666666,28.74444444166667,59.770370369999995,36.44259259166667,19.148148148333334,20.838888888333333,24.94814814833333,28.901851851666667,31.059259259999997,30.78148148,31.26157407666667,19.740244320000002,13.343015789999999,31.808152043333333,18.990204253333335,34.844520896666666,23.895005284999996,19.12194775,20.189850765,14.44831285,14.318603198333335,20.746821621666665,22.16923757166667,21.134659693333333,0.2252931162416184,0.2195250463363399,0.0015587717299331645,0.16552203755707995,0.06804394055450291
"Fort McDermitt Paiute and Shoshone Tribes of the Fort McDermitt Indian Reservation, Nevada and Oregon",0.07748912025172243,0.07496504539727834,0.007473004265262795,0.020395902718537612,0.004645870793633382,0.1139175560770058,0.1438689914292486,3.16800641956699,1.0066589699676465e7,0.1219792792936167,0.18306830468394544,2.932313881878147,1.4593246522661431e6,0.39530939017620387,2.15292826057246,5.125292226822194,9.13602069329156,12.69597709281826,17.8692025093645,21.461906290771232,20.642882192172184,16.838466795361448,11.280494099834145,4.164529305324882,0.31292246801440315,10.172994277070165,3.205904845896395,3.3049209548515703,2.987918103768632,2.4216784253706813,2.9289416346168613,3.0627577765767655,2.6589157919804878,3.117276594821646,2.8704988663572255,2.5532836327794204,3.761892409342219,2.9734721861671045,2.987288435251491,63.23651533520523,51.22551993126121,59.05642057217358,47.90548800046019,54.691634173100034,29.862452579812203,28.157338663521205,21.72446273487891,25.309124839081043,37.92031185090073,52.30761808533841,66.82058977478728,44.85145637890837,46.83606871858371,34.948117921931406,34.92942909273986,27.9150934441346,29.569396738092543,18.96758847793691,24.455646553373306,20.491475705074887,18.516822359903806,31.102766315802203,43.6985286945522,52.49213763910393,31.993589305287692,-1.4844444446,1.6155555555999999,3.3844444441999997,7.9866666668000015,11.104444444,16.153333334,21.346666667999997,19.486666665999998,14.377777778,8.626666666599998,1.4777777779999999,-2.297777778,8.481481481600001,2.970978584,4.583973895200001,1.6079369238,2.1952990348,1.7068022530000002,2.2178630561999997,1.6572415428,1.122653925,1.79658836,1.9174611268000001,2.56624475,3.0643573648000006,2.2839500679999998,32.675555554000006,22.94666667,25.955555556000004,21.32,38.457777778,17.157777778000003,12.682222222399998,10.726666665600002,11.72888889,23.57111111,28.128888888000002,44.18444444400001,24.127962961999998,27.751194870000003,18.969477538000003,17.993738418000003,13.213021573799999,16.845375978,12.789272246,19.232642658,14.9347157608,10.6822257752,20.787321878000004,22.997529472,35.232518052,19.285752852,0.18336032306240435,0.1787826127356521,0.004455264746568565,0.12236238417065273,0.04683887289231729
Shoalwater Bay Indian Tribe of the Shoalwater Bay Indian Reservation,0.20617756487886899,0.18796923099339619,0.001,0.13322610810689248,0.16570839547069557,0.14921163892547196,0.23106226585234504,3.6017083108208623,7.584608432796391e6,0.166,0.27,4.87,2.909e6,6.367755920053657,8.43150120902458,8.663683564588789,12.125866864316729,14.621986944099088,19.39076385697864,23.683468764403017,20.443870770921496,18.681309137697557,14.057380417733492,7.356565656509319,5.25495937083093,13.256592706740092,2.9306979981622114,2.51755499150108,3.421836527601074,3.2144161200174524,3.4888902330393434,3.627124532883798,2.9495235833982787,2.7855970772104475,2.534785318780799,2.96223939214398,3.3301411042524047,3.3905096896489795,3.096109714097248,146.45937157658346,145.47090169015763,138.23247137036142,67.00911342128427,59.24524105141761,25.346174904433717,4.524339004502976,8.627258930664269,21.833073364281432,64.60518049275858,99.22497513213715,195.31301585768273,81.32425973472918,109.61409970488013,126.43689569135967,106.40097489322014,45.403237874242905,38.45579268483502,21.926881408455404,5.553390257869488,16.617995313491228,23.496741172458687,62.01174783578724,62.111824862935805,155.1141027956421,64.42864037495269,6.28889,6.45556,7.43333,8.97778,11.36667,13.55556,15.71111,15.5,14.54444,11.3556,6.92222,5.92222,10.33611,1.48357,1.33592,1.25875,0.55533,0.91409,0.78756,0.69032,0.81921,1.16057,0.93821,1.64234,1.3571,1.07858,306.8444,202.7778,189.9778,154.1778,100.8111,80.85556,27.72222,41.82222,72.5,230.8778,318.5111,284.0556,167.57778,135.96386,81.46624,20.07059,53.48896,46.2322,37.71404,15.03904,14.76503,27.17213,70.67655,109.22943,113.02838,60.40387,0.4900146929289722,0.4477032185203747,0.0011332534382923415,0.3373810815402846,0.4504670071879341
"Navajo Nation, Arizona, New Mexico, & Utah",0.08179726799947727,0.07918581701543004,0.004979150708872211,0.04997469983129553,0.016757744384775994,0.21871506376041608,0.3409079426576104,2.8688097635969427,8.232222854909174e6,0.19087797977641033,0.29002879846879426,3.1235335261639983,9.283072402987367e6,-1.2906634379627537,-1.4162784439843175,2.758472990989507,7.208041205340865,11.346582872298198,17.691377101248843,20.352547151541742,17.736510864446494,14.80468301519488,9.256530596271102,1.3167345736149672,-0.6274459307376613,8.26142437990106,3.3346536688641604,6.6830442326798885,4.178372455363353,3.498783369925969,4.008085148947071,3.4246239423304887,3.6041793918560883,4.964959374232701,3.8729426975197185,3.5651130639056734,4.589432628982012,4.2208910986194645,4.162090089450761,23.55422048036554,26.003476066334166,48.62580591389646,24.834418561639755,29.65289821619696,13.405937372633877,63.07998283083141,51.02295638586369,39.092666051854245,23.208786900695337,14.067859522631457,15.354448544687504,30.991954737883994,19.40194270498755,17.51034220903828,31.56113990582679,16.670288043592016,32.671985144418805,11.728565836228782,35.76777684844557,26.505151718407514,17.829702944647142,18.024658499249313,12.081979190091673,9.066862183124654,20.73503293594442,0.9373165618113205,4.058071278830187,6.228092243169809,9.58427672922641,14.599161426037728,19.973375262452823,22.893710692264143,21.92054507339622,18.64926624754716,12.119077569169804,5.066876310283016,0.8781970649811316,11.408997204830186,2.9666755629811306,3.5906096217358465,2.0915914914339617,2.5704410363584898,2.3370087234339616,1.7781211623962259,2.399725930962263,2.063827883037734,2.0316312668301877,2.5772240574339613,3.2311286861132054,2.9240131993773573,2.5468332185471687,34.6689727462264,35.2199161426415,27.507966457169804,24.43039832245282,17.06415094292452,16.482599581056594,25.519916141886785,44.81698113207546,31.655765198301875,27.919496855660373,15.056813417377352,13.121802935188677,26.12206498981131,22.1042921881132,33.41787515716979,15.495301805339613,21.885303172226408,26.135211358358475,28.901972504792447,19.845257232698103,31.162279729622632,20.65147276341509,25.006035723773575,15.628219940811313,10.63929745456603,22.572709919056603,0.1465996323433947,0.14504590341065107,0.0027252655809986985,0.10180620223190007,0.05836195890059275
Middletown Rancheria of Pomo Indians of California,0.6837663560783396,0.6819606590617445,0.29732075949592074,0.46285388267586997,0.6030375229685146,0.12440522562563548,0.18098792787016876,3.5675936283917595,3.215187367440956e7,0.157,0.231,3.92,6.666e6,8.054733491121,10.004033523980938,11.150965198508507,13.932733159323702,16.8685095975259,20.944361342683283,23.659451297967873,22.904172350099618,20.709615244777968,17.088468532018176,10.562065530094827,7.686737795409884,15.29715392203806,2.1261452853902387,2.4346783322286885,2.5587573938277024,2.433891135388657,2.409415288107788,2.959051443275605,2.690868976656713,2.5828329011496876,2.5908466299184028,2.4541097627076716,2.573493192937824,2.440337421230849,2.521202313611887,127.03559576277603,88.09741836689342,80.12665517916261,42.90619364399448,26.910537791807208,7.411703340660972,4.210807648483413,4.339214040727013,6.980769846162243,26.907813416760494,41.80534252391442,104.87609370377876,46.8006787722396,102.7397061313572,73.56808343727326,68.33318630955226,31.196728969285125,22.36722028997596,9.21593649070748,7.548492034896062,6.223441387281486,8.51745412073718,30.200211722095315,43.25656802623136,94.71003099523533,41.48975499289599,8.055555556,9.633333333,10.31111111,13.377777779999999,15.91111111,19.72222222,20.61111111,21.51111111,18.75555556,16.26666667,10.05555556,7.544444444,14.31296296,1.2787798,1.312440475,1.2702799339999997,1.965183056,2.35979048,3.011136736,1.337389663,3.301304456,1.481646981,1.044030651,2.047627353,1.650084173,1.838307813,226.1333333,143.8222222,137.9777778,58.52222222,43.36666667,11.7,9.677777778,4.222222222,8.644444444,43.6,56.73333333,208.8888889,79.44074074,210.37688800000004,123.6031025,124.3515559,42.76116164,29.60886692,15.18584868,16.84063373,9.807876653,10.78808499,39.70865775,52.00240379,134.238877,67.43949646,0.2934497390269467,0.2911721147526246,0.14237677177890729,0.1523425540554803,0.12189804114024665
Red Cliff Band of Lake Superior Chippewa Indians of Wisconsin,0.3898746888540367,0.3594329541138747,0.0009999999999999992,0.2930919896637415,0.3754110297657588,0.12072945458493724,0.18460744859790518,3.018990482617251,1.592682264970197e6,0.102,0.2,3.11,799000.0,-8.904515617119738,-8.51666939177095,-0.942075366874004,6.032209767695892,12.411639883854146,17.420289512950347,20.158200472461612,19.373434702878367,14.319599870737258,7.635080081347852,0.5066673067194528,-7.743060302234073,5.979233410074577,2.4552109798680464,2.804287771652061,2.5260754815893067,2.023671822971811,1.4061547813696316,1.8990139598911115,1.2104855250661355,1.3712112125060052,1.8039204696583837,1.8102167520757095,2.697528305441469,3.878984536178507,2.157230133230501,33.213092857388446,23.396063946232967,38.06634592487513,54.85252769403491,79.36058886543533,108.79146197398181,89.43561199611521,106.0313004531511,108.19301261500297,70.96481792994537,61.41257232160273,41.6884190146128,67.95048463310394,14.710417312094602,12.998282176786718,22.23007412162446,21.148104079613343,28.880317241349523,44.17157326359167,34.14928962566793,37.81496873717943,46.72914456507881,29.51597442611017,31.5204914578706,21.29131755145583,28.763329546906977,-10.511111109999998,-9.011111111,-1.055555556,5.411111111,11.45555556,17.07777778,19.97777778,19.23333333,14.333333329999999,7.355555556,-0.455555556,-5.866666667,5.662037036999999,1.811383756,2.467004481,2.622551768,2.100859612,1.313498298,2.313426991,1.023203032,1.142365966,2.131900561,2.107789785,2.453625436,11.36914685,2.7380630450000005,45.3,16.61111111,35.88888889,67.92222222,78.35555556,96.96666667,94.4,118.4222222,103.7111111,81.19999999999999,60.15555556,35.45555556,69.53240741,63.599705189999995,7.239724519,23.23657916,48.77324517,44.14261295,28.03952567,36.93599193,65.56301888,73.02301768,36.56025848,33.1377093,15.76539812,39.66806559,0.42097410140829,0.3922464638925824,0.0010000341721245253,0.27670371873658073,0.3799776928028722
The Seminole Nation of Oklahoma,0.38392807166399273,0.352874204419756,0.2431304229174811,0.33465401754095797,0.32024234003556307,0.124,0.193,3.3199999999999994,2.3283e7,0.17112461320488231,0.25341164708801406,2.9296631785624867,2.1869517970661246e6,1.513370997728814,1.8487758942881358,3.055555556,7.554425612000001,12.896233521864408,17.25875705881356,20.113559320677965,19.70583804084746,17.800188326101694,11.325800379152543,1.3222222220000002,-0.888888889,9.45881983676271,6.10221617559322,6.213800744372882,0.939562546,4.825991787322034,5.434489459067796,4.2865968455762715,1.9680143726949153,1.3794540952881358,5.879278342423729,4.335614260050848,2.9604804410000005,1.9348413660000001,3.85502836940678,37.98060263627119,66.35951035949152,31.367796611016953,30.02071562644068,54.10640301237288,40.42467043338983,25.219397361525424,34.641807911525426,19.562523542711865,23.207532953898305,30.711676081694915,27.98907721389831,35.13264281118644,22.60204622067797,50.46479075186441,20.58965699983051,21.054123262542376,33.45455333186441,60.617603855762724,24.471166636949157,41.16934673118644,17.74313821440678,18.870583330508474,37.267709654067794,38.34542429949153,32.22084527288136,4.982341461111409,6.665212387210495,12.04939012970071,16.53827901970071,20.857023182063212,26.219990591883636,28.459958431328356,28.835886581238565,24.54939012970071,17.428870074044717,11.380257292289079,4.966445472513416,16.911087061024805,2.3242366343736154,2.6753708537275114,1.3436857037293566,0.9604930803691971,1.1644916825675167,1.411366200431688,1.1690019305688033,1.2462978040376733,1.387380336706806,1.2127908365746638,2.0221477670942014,2.731766701609529,1.637419127678164,74.21257807448681,52.25229802948137,105.19760755882976,109.4301915487779,174.9727907456529,124.29559142218132,91.5644897408526,66.1727386705299,103.93585923092175,96.75690940445241,69.77441348782008,62.46516534737115,94.25255277281572,34.685382731414,27.907318492856863,58.952120748640226,65.4586816318037,106.54383470834694,60.377125786462166,56.765480586690735,51.645765406566156,48.59276754592344,75.29400749507612,56.21950067767123,42.53593127641711,57.08149309236863,0.19745300807774074,0.19745300807774074,0.06345491743009339,0.12854374262623106,0.13653117102214993
Yankton Sioux Tribe of South Dakota,0.5376297394266497,0.4617725081548185,0.001232740741832453,0.5279810218248919,0.3596819939998333,0.10014685989733949,0.15544773171033663,3.1603073338186105,1.1790854862748857e6,0.13393616590822693,0.2089071323737285,3.250055927815806,686245.2322798002,-7.405501382831107,-5.130295696695993,2.224554032496265,8.999399814778826,14.41770497964718,20.44171878289598,23.119918260270143,22.14960859405949,17.21502396762801,9.600491207382545,0.7636835190966538,-6.8671906133534355,8.294092955499242,2.9849209804121593,3.2191548137424353,2.1496109606828826,2.211811942091634,1.6526540178630185,1.5987734078748175,1.111361815726407,1.569943119832426,1.9718054405854775,1.8856452062347153,3.809985556117441,3.6962154355145627,2.321823558108648,11.989040618635638,11.097947310316494,33.935086534884654,53.188960236556035,91.92136092378142,96.9234982577518,67.42349388305222,80.60002543329425,58.33956827636001,40.98687233209132,29.121095846161822,15.949789725195716,49.289728282130376,7.81094900513146,8.627235043570654,24.885251193119814,31.143774709021685,40.96438562880579,48.52405137895108,40.435505605592475,36.56933423847154,38.09171925314329,23.44424487838632,24.244174306598833,13.160494069511127,28.15842660916318,-5.588888888666666,-1.2666666666666666,3.3407407406666665,9.318518518666668,15.285185183333331,21.388888886666667,22.01481481333333,23.111111113333337,17.692592593333334,11.592592596666668,1.2259259256666666,-5.485185184999999,9.385802469666668,2.9738349073333334,5.237998202,2.0878104706666667,2.3179184026666664,2.345048465333333,2.378350342666667,4.138252878333333,3.202735502666666,1.8005771203333334,2.515034196333333,3.5918807759999996,4.286842512,3.0730236483333333,11.133333333333333,12.807407406666666,32.58888889,58.111111109999996,95.30740742,87.10000000000001,49.01111111,73.81481481666667,49.722222223333326,39.944444446666665,28.311111110000002,11.699999998,45.79598765666667,5.360607496333333,10.330376518333333,25.091970223333337,38.735934533333335,42.30118808666666,62.04616256,33.363201983333326,40.22989321666667,39.637478783333336,22.498467446666666,20.851214703333333,6.446260458666667,28.90772966666667,0.48399369311848023,0.43011429137773877,0.0018662914944377776,0.45851763702401094,0.3593289308790881
"Keweenaw Bay Indian Community, Michigan",0.3080354822853061,0.3010273966300051,0.0010000000000000009,0.17698826921915167,0.2778520819974505,0.12295464065391047,0.18561118483393593,3.018054588740694,1.3444764192235984e6,0.14815519240857197,0.19350437532785894,3.281464417528541,694037.6384049678,-8.42943582031707,-8.031844290269026,-0.7295681782837057,6.093587935582204,12.3770299725087,17.38761167092275,20.190134005690965,19.410089818380925,14.417996252962281,7.75424234009353,0.7022598214341251,-7.282549431003217,6.154962841491618,2.5064126747640136,2.8191117605334073,2.5137509746922917,1.9780858432713604,1.418884423856005,1.9026235159289064,1.2835761827387633,1.4234608191299603,1.801203551437236,1.7920862838270022,2.6693740709894467,3.8031398924254045,2.15930916618468,35.68285852018832,24.199487942036743,37.53103622493913,55.734184539252595,79.07943437598414,106.69103266904136,85.52802984806505,101.95296556237496,104.17179788691288,68.7458467266339,61.246766303882666,41.81156733320274,66.86458399476874,19.07906870558759,13.864726546980089,21.561226716677865,21.1083141256326,28.197281193782146,44.3576662084697,33.212980183520045,36.345956692746604,45.64764424385847,28.63710570066783,30.62735208073419,20.65722576057496,28.60804568033097,-10.75313311811417,-9.937411021344342,-2.879549978121383,4.166432762316812,10.95053524469786,15.44806523751297,18.703982565785022,18.060411353563488,12.539935594371975,6.385231445046881,-1.0276152170924295,-8.853728788220348,4.400263006951593,2.506680883580614,2.765941399948119,2.281161490533703,2.0076373850565865,1.6810891340704839,1.9806895500776087,1.7796305207549035,1.485788987018354,2.415556752487656,1.461979543438165,3.2949389568682816,4.853760250431289,2.3762379047199986,35.58576163736755,30.20059258127496,44.63092261941302,52.431933817294684,71.38305773289046,102.15695114690898,93.88035300707405,90.18707922763582,115.6750559466517,88.14417470345603,62.042219259899134,52.93329358528733,69.93761627377677,16.407084843324828,25.354934532082506,27.855496099768377,30.00023377297153,23.69456030893643,36.88062411008019,25.390481260745887,35.905235220854514,49.971600303144655,31.89544116199768,28.665717609829798,34.29182700569809,30.526103017769962,0.4107383419642792,0.3837938850344825,0.001350936247009145,0.2680990877153089,0.3673397587462593
Pala Band of Mission Indians,0.1510246660490926,0.1510246660490926,0.05379842009024991,0.05402160314505566,0.04436310875907828,0.10399510506039189,0.1432938932835229,3.3358287203373513,3.195195984595473e8,0.096,0.126,3.5200000000000005,1.88159e8,10.409771494544804,11.056852766643505,11.706911074164978,13.364510750498747,14.846786364851244,18.153437225406357,20.141391274108784,20.628613833496402,19.153837183216236,16.916723046383026,12.343540443979526,10.391804242265593,14.926181642021868,1.9640931368128203,2.205654241681759,2.210149898670225,2.073621125978141,1.9919029886792459,2.27238461264958,2.9689104652540568,2.361525948391883,2.2222094809678197,2.2049459372494584,2.2454974455804493,2.035202369709515,2.229674804411223,112.62692437732332,100.64427578643777,73.16192500119872,32.710424918763984,16.313943582444086,3.601409970982046,3.756747718268453,4.219808020466911,5.021870452054295,15.96974393040663,25.39617486356923,49.420395910052896,36.90363704447741,106.0994912420896,98.52812667351985,69.45924164551994,23.385517751771182,15.396178731935995,5.709194376972331,5.97690152504068,6.510201393279819,7.673654343620087,19.777723103064115,38.21234107880739,67.13319046087173,38.65514686088386,10.322222222999999,10.305555553999998,12.27222222,13.41111111,15.872222220000001,20.88888889,24.161111114999997,23.327777774999998,21.97777778,17.005555554999997,13.149999999999999,10.4722222215,16.09722222,1.5780382245,3.8974225380000003,2.5306205705,2.6841708049999995,3.0702047619999995,3.8357855585,3.351976011,3.1157073935,3.8651993005,3.3688169199999995,1.68748694,1.7039164195,2.890778787,118.86666665000001,94.4,57.6,30.800000000000004,15.33888889,3.6722222225,6.25,11.1944444445,3.9055555555,13.377777774999998,25.43888889,31.205555555000004,34.337499995,113.25834290000002,83.87757212,56.48737995500001,17.05426811,16.442705095,5.19887175,5.462320551000001,21.58153997,4.9573689045,16.443657815,46.213552575,57.7911307,37.064059199999996,0.21664211414430415,0.2162512882341567,0.09665714731822615,0.12226324986270033,0.0630975399263605
Bridgeport Indian Colony,0.0130622601030926,0.0130622601030926,0.001,0.003,0.001,0.12546243484520272,0.17361458047270506,3.1898824682904174,4.464882587038589e6,0.085,0.12000000000000001,3.25,665000.0,6.5939475280418804,9.679382226471999,10.739637209536276,13.34929750890962,16.117439866344956,20.206392042689,22.758568480178496,22.369002196030745,20.008539890924414,16.225050957458052,9.635293501122833,7.012788449290727,14.557944988089373,3.365435190742652,1.8651844414837315,2.1292935248016427,1.9322213632491803,1.9942007813428309,2.1944017273812486,2.1944138269174136,2.567447180515441,2.051595967032345,2.160243854299028,2.382209377130707,2.688665420471649,2.2937760547000243,123.50116318122478,97.96628257880342,82.01242487237145,59.128787540687306,35.85497418246527,17.32455687806551,5.4244529992156165,8.563283183421207,14.18609027016176,55.114138873827464,83.96732398341587,121.04778035177051,58.67427157562876,84.0804397417744,62.36006418444594,50.577863491920425,38.37958880877192,23.07502136625029,13.334752060017482,6.5413190818742235,13.055278511786774,14.607899980416473,53.71191325688082,71.91759010498093,82.66843817683294,42.859180730496085,0.166666667,1.044444444,2.466666667,5.688888889,9.355555556,15.03333333,19.65555556,18.26666667,13.93333333,9.0,2.488888889,0.044444444,8.095370371,3.035621847,2.980398929,4.299127819,3.122676914,3.570403027,4.891574389,3.6421529040000005,3.45,4.016528352,2.278705773,1.9877402020000001,3.148853407,3.36864863,165.0444444,112.74444439999999,93.67777778,44.67777778,45.77777778,13.43333333,28.73333333,13.73333333,17.17777778,35.0,52.8,98.77777778,60.13148147,99.7513297,60.9154765,53.92700571,30.54168372,30.68488137,18.00909492,29.51325973,15.0109127,21.56877244,36.74870746,36.6005806,78.79441252,42.67217645,0.10344469959252554,0.10113557956608257,0.009975408475398828,0.04010860740984611,0.006426201222627683
Te-Moak Tribe of Western Shoshone Indians of Nevada (South Fork Band),0.13243735579197538,0.13188436024351574,0.0011059744624978525,0.047199715001221595,0.019613209515739614,0.11052373537983523,0.1423069104872148,3.173497925289607,8.814583173907006e6,0.1,0.169,3.35,2.969e6,-1.515275266206142,0.24381393837182025,3.4928437348559584,7.680968774482403,11.623979107854558,16.920119675634332,21.037400677631435,20.008953121503943,15.734648929374867,9.67561860611431,2.1697722420319954,-1.775935363481125,8.77474234821737,2.977774209448471,3.7307347045765513,3.2385356285588265,2.584679658652688,3.153993110890043,3.3350484435629615,2.772907591198453,2.9006041628248305,3.0554249129271414,2.620125808012741,3.817251135105565,3.2950146831033384,3.1235078374387513,53.15139838475648,38.467433739769525,53.42968364064757,43.28980466957648,59.08616303527637,32.01663964372468,29.62716612888821,22.801858209018437,27.043241454612033,35.94182743587235,42.94712570667367,51.99026401046494,40.81605050532025,42.29774858678819,29.721870860565353,31.978056285858106,27.00019868349493,33.865350362177075,21.500505414314727,27.975798061740612,20.476651559113023,21.031770128992342,27.58967416227205,32.805890544968236,43.028535749603236,29.939337533506812,-1.9,1.822222222,2.8,7.844444444,10.7,15.822222220000002,21.15555556,19.68888889,14.45555556,8.811111111,0.7,-2.766666667,8.261111112,2.253885534,5.150674174,2.151162476,3.39452173,2.74271763,2.279132389,2.56861398,2.345977645,1.926208135,4.361606483,2.46221445,3.451086785,2.923983451,46.56666667,29.85555556,35.63333333,30.24444444,47.62222222,21.73333333,12.77777778,15.011111110000002,11.9,23.64444444,34.06666667,43.01111111,29.33888889,25.27602619,24.18434985,17.3223122,14.51353774,29.59661204,14.13665448,10.73799071,24.21804309,10.10816502,24.80761532,17.828839,27.92250188,20.05438729,0.1660384957339994,0.16268556210178903,0.00249397882984228,0.09954695053974599,0.03624522643592069
"Cheyenne and Arapaho Tribes, Oklahoma",0.39498500458260405,0.34494755924720977,0.2599588677240644,0.38308808163069863,0.3156539787317898,0.12014058555800879,0.15977064745278863,3.3163962216467833,1.1546639721917044e7,0.13677236586555203,0.20217334217071342,3.156578760838335,1.5272433055836668e6,-2.241494372332224,-0.2858496828593178,3.3301183997573407,7.99067315093284,12.064173787882545,18.335113839760744,21.115953429610055,21.0369211862601,16.196537693149114,9.541115046715294,2.768787730524614,-2.091747912588609,8.980025191467217,3.3734544792666417,3.373426871524128,3.27800180364777,2.884163570602972,3.313698130304862,3.1107502268123195,2.8108929273262278,2.8707691280897993,3.2204123029924308,2.6658665865890847,4.207904363915416,3.792563348413696,3.2418253116637787,26.833945747229645,21.51374768630411,35.23164888210717,40.10769121722016,58.66661792096011,38.4138983048623,48.166820046276456,41.16668838872288,30.673944465815445,29.079482625428117,22.942955859628995,17.234497265850813,34.169328201120365,26.323344477818605,17.722494608824146,19.851852229621464,21.643680013952412,38.05804390856546,29.269385144289114,34.45656856764309,24.680851734356068,20.215274035831364,22.12279619064069,20.515544896965306,14.71804957292854,24.131490448597432,3.7216049382777783,5.654938271722221,10.530246913500003,15.441358023333335,20.147530865000004,26.02283950611111,28.190123457777776,27.978395062222223,23.793209877777777,16.544444445555555,9.688888888666664,3.683950617222223,15.949794238333332,1.7780730636666668,2.691535571,1.1515593669444446,1.2440872374444445,1.4254032939444445,1.6058676677777775,1.3382674735,1.3812999814444444,1.5759166818333337,1.2395499622222221,1.9788032957777772,2.218851296333334,1.635767907722222,37.012962963888896,31.822222221666674,66.03580246888889,66.7555555561111,123.81049383666668,109.18765432333336,71.29814814777778,66.23950617333335,57.67716049333333,64.45925925888888,33.97654320888889,27.883950617222222,63.0132716061111,18.416155467777777,25.44570710222222,40.020803395,29.728565123888888,87.35408192944443,59.314357512777775,46.90013063777777,51.08409871388889,43.92051316944444,43.661192018333324,32.540366688333336,22.33534570388889,41.72677645611112,0.17078050648747556,0.16481175186386782,0.0021261173084979983,0.12973016838410367,0.05471297081296919
"San Carlos Apache Tribe of the San Carlos Reservation, Arizona",0.08485449000598212,0.06991543307221726,0.03897827206139559,0.05848751802960395,0.04722111752223784,0.16670560716518382,0.2568930803256718,3.0853943472580467,2.467412825570782e7,0.15542137150807736,0.24578142970275169,2.998308849036133,5.254097726333803e6,3.618593658832899,5.527971332680611,7.6997077478922815,11.242223111438365,15.06608957315577,20.278006432214273,22.23395192736443,21.827122871467104,18.336327133958942,13.675547821401638,6.510666197853272,3.52503695259582,12.461770396899714,3.2911356296381005,3.2773443812745837,2.8958646308106566,2.9860850045098264,3.345509799796732,3.1557478058600013,3.455242742417631,3.2301342920567184,3.4091192340602463,2.5477031005846547,3.7779806477412285,3.4103435775428963,3.2318509038803973,59.69489252082366,50.52575902828851,51.78660382492082,33.74147179824738,28.232096549774333,20.537340113722124,33.0841597647653,33.20732597893606,31.745853426299973,35.08026872726132,40.95154055707815,48.494358683652145,38.92347258162061,52.59895123997487,42.425273073644924,37.91790080494586,24.299691906036056,23.98081025753679,21.462557714091048,27.367243478642948,20.113025856726214,29.09655842951246,34.99611829235038,46.26405203953914,42.86183156080739,33.615334554578915,5.0355555554999984,4.1111111112000005,9.3844444442,12.733333331699999,16.866666666,22.326666665,24.742222221999995,23.827777776999998,21.845555556,13.793333332800001,8.425555555399999,5.004444444499999,14.008055555399999,2.8099250651999994,4.995613349799999,2.9268791987,3.047532488700001,3.6410792627000004,3.1748405679,3.1571457284999997,3.0256650749999996,3.3115700935000003,3.4549761427,3.6582794516999995,3.5794265763000004,3.3985777501000003,56.58444444500001,50.528888888999994,34.86,16.496666665,6.8411111111,12.047777777799999,49.97444444399999,65.03999999999999,34.225555557,33.891111111,26.238888889000005,21.113333335,33.986851851999994,38.13476004699999,43.406342816999995,13.731568237,14.208105624799998,9.169028998799998,16.042510508,31.057361581,45.282635857,28.103276166999997,43.936987425,26.832144139,24.833891636,27.894884421,0.1286940623409249,0.11671360659935559,0.06041489346891608,0.07669428419011597,0.026111135430868865
"Hannahville Indian Community, Michigan",0.38036039255397597,0.31641468940856204,0.001,0.26531658970703764,0.3324456795434655,0.13035482931067296,0.14816283131431882,2.820513143348309,5.351719465714753e6,0.13101014230691807,0.15301014230691806,3.0995363516837453,1.6010881246422103e6,-5.356906288214284,-6.215392246839286,0.05854700843956045,6.468475274822801,12.67773962323489,17.72081807173077,20.402312271586542,19.886462148392855,15.237309218324173,8.810859279617441,2.9948260072554937,-4.568093711877746,7.343079721595467,2.9544847932685436,3.220215763783654,2.867234680180631,2.2373321864581044,1.6535418146016483,2.226833363478709,1.4772385676510986,1.5095671605295324,1.6157322209718408,2.0232478307582413,2.2195620301167582,3.3358151600549437,2.2784004645103018,52.49321581213598,41.39194902175136,42.21225579940248,70.91521672786399,82.34629121084475,96.43139498936125,84.86755189714282,77.46564407831731,93.80339589787772,72.0670787543063,79.95571581129118,58.27683913198488,71.01887909493131,20.705296981847525,25.579482158770602,22.090638425535708,26.030592827994504,34.690268686813184,49.48058631486263,22.46418748587225,28.14180465492444,25.631797675817296,29.490820970515102,35.229643096050815,23.726006364800817,28.60509380277472,-8.8,-8.155555556,-1.955555556,5.122222222,12.45555556,17.07777778,19.67777778,19.288888890000003,14.1,7.755555556,0.755555556,-6.644444444,5.889814816,2.546566316,3.04594448,2.337793357,1.9829131210000002,1.38122329,1.981021061,1.03413947,1.28398252,1.786756839,1.541193621,1.92490981,3.565848816,2.034357725,38.76666667,21.82222222,44.366666669999994,51.65555556,64.11111111,97.18888889,85.72222222,96.11111111,108.9777778,84.14444444,88.23333332999998,58.92222222,70.00185185,14.46020401,9.949469556,28.23778497,24.45031243,20.79245322,51.77720165,28.18886206,27.70141894,40.34593467,34.95933749,42.94123892,29.948362969999998,29.47938174,0.4589670151554811,0.38196027068350413,0.0009999999999999992,0.38166588842977023,0.44454228224064035
Standing Rock Sioux Tribe of North & South Dakota,0.24901308240894326,0.24333965906758695,0.0016292554997355965,0.21023987505907726,0.09310798717700283,0.09986313832488945,0.1596011786676472,3.2054345674173605,508428.34556971816,0.19660396100492977,0.28873336944568034,3.0119856445221775,421744.5397985314,-8.205605057832768,-6.149382868798004,1.1125220698557716,7.904996039707953,13.537803408838325,19.267756822564067,22.373246924300563,21.35972064089474,16.090182691311313,8.639250944579322,-0.11247105476883588,-7.6555699937162895,7.346870880631729,3.232670235690918,2.9916678850732152,2.658062038784084,2.2581579483922685,1.7694622732347987,1.9770352383326402,1.2307199148310246,1.5671193941797623,2.1822155719759118,1.9261739909879079,4.280794869901046,4.126852132853605,2.5167442912880484,12.025412796249986,11.169508248134141,28.97764948430131,39.105210412955536,84.64219881771125,93.67106482850639,68.20951658014359,66.45964130084646,47.265690093332395,40.683173824540695,25.127508126382615,16.95658190796944,44.52442970214229,6.827579298563385,7.2785125573798055,18.655006134697214,19.781089070658876,43.78467506580858,39.11115167836445,31.258377922187172,33.16100731303751,29.976025619139737,25.279771951866632,21.73190052846116,12.979147445102523,24.152020382121407,-7.977777777846156,-3.5589743589230776,1.1299145299230775,7.672649572615386,14.052991454615388,19.577777778461545,21.643589743846164,21.691452992307692,15.820512820769235,10.452136751692313,-0.3794871794615386,-6.279487179538463,7.820441595692309,3.148746153538462,5.101009452230772,2.551595016615385,2.192351214615385,3.1970336226153857,3.6523519967692315,2.7201668636923086,2.3584129533846157,2.0781870788461547,4.879650718153847,4.261939213153848,6.376845542769232,3.543190818846155,8.037606838000002,11.82307692261539,21.929059829230773,31.949572649230774,71.98119658076926,83.56495726384617,55.70683760615386,38.34871794846155,30.78632478615385,36.91709401846155,29.32820512846154,11.872649572615389,36.020441596923085,4.668579175153847,9.807308433461543,16.857629422307696,19.42251924692308,43.30957074615386,37.9590724023077,29.545971496153854,22.03413740461539,22.644222633076932,22.920370564615396,49.15807749538463,6.585355129846156,23.742734513076933,0.39005421606803614,0.3568804990226411,0.0019067880651028814,0.34921604226101044,0.22934790733571073
Jackson Band of Miwuk Indians,0.3139065766335078,0.3139065766335078,0.04253848337588654,0.06788229831573926,0.10093728003132255,0.12783029849270072,0.18869640999750092,3.4978756676586573,4.112348666912141e7,0.109,0.175,4.2,2.919e6,8.24733467227935,10.322816700611746,11.493365378424738,14.321913871116074,17.25178318896126,21.29110537421266,24.098067670881736,23.360932302219986,21.06549265354905,17.384825852223287,10.78110264273456,7.916746286335746,15.627957216229483,2.011930184326838,2.299428404773582,2.3951824533206296,2.3336476383468465,2.283692791570653,2.8192112280171426,2.543097166617662,2.356276338252511,2.3783003110274548,2.289706455089132,2.498919130197086,2.304138938861437,2.3761275867403864,114.8671380337205,79.16518216689212,72.80151865769305,42.271978108514126,23.02176596229968,6.56368699327275,3.885573986579671,3.8482017570179403,5.589671509474086,23.296793756796436,37.91149708437543,94.85949077526541,42.34020823291191,88.68356275243485,65.42239703871395,61.058875325436986,29.530940915815016,19.255334454515403,8.003931298109912,7.211146346558824,5.666587241092623,6.9574129609878375,26.797071033224576,39.873400307968424,84.35980412038568,36.901705316249895,5.322222222,8.1,8.244444444,11.96666667,14.98888889,20.6,23.96666667,22.65555556,19.32222222,15.56666667,8.188888889,4.688888889,13.63425926,3.119606457,2.426417112,4.209249075,3.646230931,3.383210178,3.55,3.282910294,2.662288072,3.845704675,2.82931087,4.434648928,5.461328695,3.570908774,168.1111111,117.4444444,116.1666667,59.31111111,40.95555556,9.222222222,5.488888889,4.111111111,6.633333333,37.94444444,56.41111111,116.7222222,61.54351851,113.4942669,101.6663798,100.0820788,42.32282022,27.77535378,9.170302309,9.683419391,7.042095648,8.769549589,46.13166242,59.55846801,121.4112616,53.92563821,0.2585800945010644,0.25628104346183844,0.13800013853272194,0.13600671190342037,0.08602120662981322
Sac & Fox Tribe of the Mississippi in Iowa,0.5471746797911756,0.4255116988633711,0.0010000000000000005,0.4407211511876534,0.5382937960365421,0.08681301823802352,0.13255067030524778,3.003582073003533,1.3732888967927592e6,0.089,0.146,2.86,742000.0,-7.415782557977634,-5.486791381506286,2.547872930234019,9.312702875234134,14.996281417419334,20.974012212984665,22.979252045090234,21.93744686347901,17.3969742500395,9.871118782215198,1.2813678099763326,-7.075868615655331,8.443215552690372,2.705341633128526,3.0372351527437784,1.833438979372625,2.0328317164182037,1.5030439688901196,1.5228280955815305,0.9555999474961647,1.3909954511321854,1.7860817064329297,1.6728239872311599,3.4555022547148266,3.846006990918397,2.145144157050366,15.928516000985791,13.22284487433394,43.56815508775276,65.09670466941076,103.05005744800398,122.1197280105894,93.54430726860052,101.96705910145391,83.48829948325844,44.84174421579485,32.76979902622611,22.97316738127208,61.88086521429204,8.486652937551673,11.428730103232809,26.083079573848917,38.2234194537378,37.10124158477938,62.71421611079884,55.09963806584663,47.559667775733864,48.141695762174386,17.867300376008224,27.562550555955,19.30601241184703,33.297850392328954,-6.2944444445,-3.900000000000001,3.5,11.77777778,15.66111111,21.37777778,23.005555555000004,23.21111111,17.4,12.594444445,3.6388888889999995,-5.4444444445,9.710648149,2.8703157630000002,6.7717088604999995,2.253520582,3.1569618415,2.8850721604999996,1.7800995355000002,3.138000564,2.420572832,2.069651141,3.098463133,4.577746697,5.638608305,3.3883934515000003,28.35,42.61666667,53.044444445,66.388888885,97.9388889,136.64444445,116.46666665,85.56666667,76.422222225,47.105555555,46.96111111,31.766666665,69.10601852,10.077731561000002,52.79562521,47.132971135000005,42.737579505,41.319579805000004,54.120409695,55.897962314999994,34.315349485,40.16593805,32.580892215000006,21.917136005,20.972074079499997,37.83610409,0.7413374975827434,0.6352124073645374,0.0010000000000000328,0.7192725693178926,0.7127482899073642
Oglala Sioux Tribe,0.2635445815795166,0.24606164961550378,0.0015801131312891778,0.2341996634159017,0.12385060380846473,0.09986313832488945,0.1596011786676472,3.2054345674173605,508428.34556971816,0.2343782794133746,0.33807302680020096,3.2055426895083468,1.1801196880421687e6,-8.205605057832768,-6.149382868798004,1.1125220698557716,7.904996039707953,13.537803408838325,19.267756822564067,22.373246924300563,21.35972064089474,16.090182691311313,8.639250944579322,-0.11247105476883588,-7.6555699937162895,7.346870880631729,3.232670235690918,2.9916678850732152,2.658062038784084,2.2581579483922685,1.7694622732347987,1.9770352383326402,1.2307199148310246,1.5671193941797623,2.1822155719759118,1.9261739909879079,4.280794869901046,4.126852132853605,2.5167442912880484,12.025412796249986,11.169508248134141,28.97764948430131,39.105210412955536,84.64219881771125,93.67106482850639,68.20951658014359,66.45964130084646,47.265690093332395,40.683173824540695,25.127508126382615,16.95658190796944,44.52442970214229,6.827579298563385,7.2785125573798055,18.655006134697214,19.781089070658876,43.78467506580858,39.11115167836445,31.258377922187172,33.16100731303751,29.976025619139737,25.279771951866632,21.73190052846116,12.979147445102523,24.152020382121407,-4.287301587357143,-1.9968253968571426,2.7373015873571425,10.40079365142857,14.165079365714284,19.768253969285716,23.093650793571424,22.379365077857138,16.79285714357143,11.993650793142855,3.015079365142857,-3.095238095357143,9.580555555500002,2.466123612142857,7.431384616928571,1.780969235357143,5.133897429214285,3.8240310591428566,2.637888712857142,2.2991002115,2.381338069642857,2.1859548923571426,4.927077857357141,6.495719883999999,5.741572211785714,3.9420881494285713,8.830158729785714,19.018253967142854,30.927777778571425,54.44126984071428,83.76349206214284,84.8642857142857,72.19126984214284,48.51746031714285,38.13888888857143,33.47857142857142,26.603968253571423,14.29047619,42.92215608428571,7.397241985642856,29.82847995292857,24.216496691499998,34.257127035,42.77488848428571,38.59292840285713,47.100911791428565,32.41546249571428,44.040863218571424,21.03255227785714,35.32693366207142,14.476015440928572,30.95499178714285,0.39005421606803614,0.3568804990226411,0.0019067880651028814,0.34921604226101044,0.22934790733571073
Wyandotte Nation,0.3430635706119382,0.2911012576411127,0.29897882334202874,0.2597234685215731,0.33739808696489226,0.13946384571137999,0.16617658523656517,2.7855116760849796,3.471528389331454e6,0.143500682755871,0.1957783534778806,2.7713883536100483,2.9725359435335896e6,-5.630933415016543,-6.870465686568014,-0.5422896242499998,5.913429330211396,12.337622550505513,17.296456291930145,19.888521242573532,19.378625407959557,14.655381944356616,8.440880310471504,2.5922998364843743,-5.028216911767461,6.869275939976102,2.993128395679228,2.820811252580882,2.700692980706801,1.820543155772059,1.3524762025073531,2.0391291545661767,1.4205913445312497,1.3238411905101097,1.5856798093906248,1.8072756305937498,2.397462102212316,3.632002732874999,2.1578028295395217,51.98865400368566,38.53827614204962,39.82869689456802,71.76628880668197,78.87529616261946,93.99129901739887,80.76440972284004,77.21615604523898,96.39013478823527,68.56169321811579,81.11690155188417,57.36174427937499,69.69996255305148,18.293976428097423,26.231291948069853,21.494434905312495,26.59935195615808,30.449111028777565,50.35793967299631,21.56478596022978,27.105670246957715,26.52643070916359,25.62793543229779,35.38015032630514,21.567239784136024,27.59985986548713,2.366666667,4.044444444,10.13333333,14.76666667,19.06666667,24.65555556,27.03333333,26.93333333,22.76666667,15.62222222,9.455555556,2.644444444,14.95740741,2.752271789,2.831126592,1.393735986,1.220655562,0.916515139,1.460403293,1.533786165,1.503329638,1.607793519,1.170232645,2.295163998,3.22765825,1.8260560479999999,70.84444444,67.93333333,110.9555556,99.27777778,181.7666667,125.43333329999999,85.38888889,83.27777778,101.5,81.12222222,91.97777778,75.38888889,97.90555556,45.5720888,47.98484136,54.46395852,41.91061255,82.35030358,47.23314514,55.21570077,62.81589723,51.08125879,60.68959502999999,80.40044741,74.14164559,58.65495790000001,0.531300283984732,0.43420645043527606,0.0009999999999999998,0.4565796647610914,0.5202159151682387
"Lower Brule Sioux Tribe of the Lower Brule Reservation, South Dakota",0.2625991491668865,0.25400370052737736,0.0010037010502000107,0.2293245983628374,0.12178972843338298,0.09986313832488945,0.1596011786676472,3.2054345674173605,508428.34556971816,0.12544701429835634,0.2157886662123754,3.325198553503463,271021.0134944686,-8.205605057832768,-6.149382868798004,1.1125220698557716,7.904996039707953,13.537803408838325,19.267756822564067,22.373246924300563,21.35972064089474,16.090182691311313,8.639250944579322,-0.11247105476883588,-7.6555699937162895,7.346870880631729,3.232670235690918,2.9916678850732152,2.658062038784084,2.2581579483922685,1.7694622732347987,1.9770352383326402,1.2307199148310246,1.5671193941797623,2.1822155719759118,1.9261739909879079,4.280794869901046,4.126852132853605,2.5167442912880484,12.025412796249986,11.169508248134141,28.97764948430131,39.105210412955536,84.64219881771125,93.67106482850639,68.20951658014359,66.45964130084646,47.265690093332395,40.683173824540695,25.127508126382615,16.95658190796944,44.52442970214229,6.827579298563385,7.2785125573798055,18.655006134697214,19.781089070658876,43.78467506580858,39.11115167836445,31.258377922187172,33.16100731303751,29.976025619139737,25.279771951866632,21.73190052846116,12.979147445102523,24.152020382121407,-6.6511111110000005,-2.5777777778,2.3800000002,9.037777777599999,14.068888888,20.168888886,23.648888890000002,22.937777778,17.726666668,10.437777777600001,1.2511111110000002,-5.1711111112,8.9381481482,2.9040852360000007,4.127870844199999,2.1955847168,2.1101192679999996,2.2482746886,1.3262483081999998,1.7615334176,2.5884845136000005,1.8266165951999995,1.39398377,4.620896083000001,6.0543816453999995,2.7631732571999996,13.102222222,9.573333332999999,28.102222219999998,49.237777775999994,84.777777778,94.20666666399998,60.584444446,59.451111108,41.419999999999995,39.486666666000005,28.448888888,17.844444444,43.852962962,10.7381706596,5.886845276600001,16.644757975999998,33.72325401,48.694043056,42.962219049999995,32.075563247999995,32.934912626,30.4748084,32.842185408,42.19868365799999,21.5473887902,29.226902682,0.39005421606803614,0.3568804990226411,0.0019067880651028814,0.34921604226101044,0.22934790733571073
"Minnesota Chippewa Tribe, Minnesota (White Earth Band)",0.5055306152521707,0.45602032210137156,0.000999207007893245,0.4437247194878268,0.41562371204401255,0.11950757563374977,0.18356667485138642,3.0204560151569,1.6036559135434746e6,0.11834742200013683,0.1993088046107159,3.207511621293201,919555.8172685613,-9.021641134068883,-8.585433491466658,-0.9377083985018241,6.06708318610536,12.446286304312702,17.45896642718118,20.18924879221049,19.391201352176246,14.332974703977749,7.627721553557591,0.43010607852370036,-7.866928028914545,5.960989778782539,2.4638523461967083,2.797460675521506,2.529569196324525,2.039557772134615,1.4110128267009634,1.8987166816861902,1.191931365492197,1.3687076267416676,1.8042719385819372,1.8165795915688356,2.727090303326115,3.895569714176414,2.1620266699108686,32.6667310638611,23.03642383465093,37.92524296025023,54.19566474746858,79.49311806849379,108.77587126289023,90.14012526544566,105.61219185950056,106.78218338084334,70.61348936963641,60.56016414469772,40.91485683514654,67.55967189982874,14.627301134461458,12.706594189535748,22.121167864812424,20.999802934408013,29.741084064308225,43.98070133069104,34.69978392094246,37.701986743493755,46.21620531908637,29.19828962854861,31.409966345807195,21.053726049063084,28.704717460776195,-12.719444443750001,-9.461111110500001,-0.16527777775000005,6.290277777749999,12.791666665000001,18.47499999875,20.343055555000003,19.966666667500004,15.605555552500002,6.9680555557499995,-1.161111111,-10.1888888875,5.56203703675,2.74577422325,4.55455111975,5.240869173875,2.6607747827500003,1.63897104,3.0741594869999997,0.8473364478750001,2.32647564075,4.0102699545,1.949229490875,5.5407228365000005,7.124164336749999,3.4761082113749997,27.3375,13.606944446249997,28.788888890000006,46.95833333375,76.87777777625,110.23888888625001,109.94583333374999,94.61111110875,68.92499999750001,62.016666667500004,48.20833333375,29.8805555575,59.78298611249999,32.96237615175,4.400743563125,17.506284631249997,40.588957093750004,53.15299063999999,36.926364843749994,69.27872562124999,34.25627289125,33.912939962500005,24.699866487500007,42.04676240125,30.078967835,34.984271012499995,0.4223520871051027,0.39312482908006696,0.0010090347399685567,0.2795478359329653,0.3808484858788719
Lower Elwha Tribal Community,0.5053630166994378,0.49590468479270744,0.0010000000000000002,0.3500462507111278,0.4677598200666462,0.14006435754148563,0.24085506790762579,3.7328135597800287,5.515332289039528e6,0.147,0.252,3.3100000000000005,6.145e6,1.3116123642769668,2.9643121409303332,4.891064395757861,8.58062503208976,11.767077557311636,15.446446047894726,20.22888343295379,18.58928102491329,14.658268119702315,9.75177058290256,3.5535965764841175,-0.30765348749332455,9.2862736490916,3.1811821594090843,2.828732181625133,2.4737333090131957,2.3648700229478288,2.217846229418442,2.942071402670093,2.5828025349019472,2.2847276973550694,1.9006188563345099,2.268443410223568,3.249451501791927,2.8714694780975893,2.597162398692648,103.15973095834269,63.02492796632804,67.10671577319468,49.31828039369034,48.82067924891818,36.326968782886276,11.691105314119374,16.314696605703535,26.734138066483013,50.47751863017794,89.55929449613316,131.1671304194383,57.80843222232618,97.85484819002603,46.83489913956113,46.616376281058734,37.37356235645082,27.263002109489012,31.50886964728245,9.852043832569585,24.946110625871693,26.44963873267453,46.35103022670549,64.02138422772134,116.48045187360283,47.962684770500196,3.2944444445000003,3.1666666665,5.727777778000001,9.772222222,10.86111111,13.51111111,16.32222222,15.783333335,13.761111115,9.1833333335,5.949999999999999,2.744444444,9.173148148500001,2.049453925,3.646093526,1.296362215,4.1459008285,1.4135797835000001,2.7777354025,3.1299728179999997,2.782438519,1.382088805,1.0428533880000002,4.641284115,2.5927672104999995,2.5750442115,276.11666665,205.7611111,190.84444445,128.34999999000001,92.644444435,70.43888889,36.344444445,42.127777775,80.35555557,208.33333335,293.67222219999996,286.40555555,159.2828704,135.03172268,116.081910735,82.15607349,63.601480124999995,50.526516485,37.808238865,26.577363270000003,39.094561135,68.04411646,131.4435607,232.62507365,175.892276,96.573574475,0.374939941662148,0.3628536062160189,0.0010000000000000005,0.24410785543514188,0.2899277509701216
"Red Lake Band of Chippewa Indians, Minnesota",0.395259166697987,0.3540487022656854,0.0009995721386098493,0.2911338326121937,0.26578617438860946,0.12444477744423878,0.18751688036704672,3.0037846479642023,1.3437175919104435e6,0.11507606487772835,0.19397422746647938,3.0991888017268265,2.0500151232760958e6,-8.614013817286763,-8.303396120491794,-0.844048866502854,6.097969451258184,12.4758208579401,17.499792563279303,20.22395205624876,19.472952419752723,14.459299724354878,7.753411163158458,0.7527138957966242,-7.42046638847844,6.129498911601278,2.482102728338488,2.8312029549334037,2.5237181312628096,1.9996130570419708,1.4018676894197293,1.9105757738616855,1.2252681281295008,1.3858679317234959,1.759663618522578,1.7812942870017667,2.6168487247744503,3.846483243748995,2.147042189115644,34.88770111190443,24.59490914166579,37.81714215347051,56.5538458443429,79.21654741835455,108.85162790963436,88.11615502872313,105.19371960978052,107.32870064221649,70.33020271338931,62.8238986193719,42.81661081815887,68.21092175130542,14.875702197115585,13.941284524707488,21.72559798716835,21.11187018605543,27.855810212723465,44.76656298834908,33.80355822785355,37.043540793456906,46.61136945876324,29.11390993679529,31.396724551311404,20.863520662540164,28.59245431096003,-13.377083334375003,-10.441666666187503,-1.1722222221875003,5.497916666750001,12.163888888125005,17.589583333750003,19.738888887500003,19.050694444375008,14.422916667500004,6.118055555500002,-2.0027777778125007,-10.886111111187505,4.725173611125001,3.239558577000001,4.740151681437502,5.836849206437501,2.3525969980625003,1.5385293032500005,3.2169396236875016,1.1358766636250002,2.491901402562501,4.436559044,1.8667898656250006,6.085544290312502,8.940832229000003,3.8235107405,34.59791666812501,16.013888888750003,26.490972223125006,45.418055554375,74.53750000000002,112.1305555625,96.08819444000005,109.20972222562506,70.80486111062501,60.79305555625002,54.77152777812503,34.51458333250001,61.28090277937501,44.884765284312515,5.460241235687502,18.683556993937504,40.33953910437502,40.998640076875006,40.98043222687502,47.935730132500005,50.540682818750014,37.25651293500001,29.321915353750008,39.608405002500014,38.32811582325001,36.19487808187501,0.4227630157439127,0.3946599169795623,0.0010011902195407177,0.27680918673072524,0.3826534581539582
Coyote Valley Band of Pomo Indians of California,0.6672183321578524,0.6672183321578524,0.4571537900777639,0.4645744995183756,0.5061626625970759,0.11879992365365392,0.16535741276582183,3.704910834195921,1.5163526695225174e7,0.135,0.19400000000000003,3.53,7.022e6,7.790875645397652,9.945993978543187,10.995247642073606,13.529510469169631,16.268526333738436,20.50043631588898,22.378749634404084,22.151802692342006,20.053089440445422,16.918517612369925,10.513912732261911,7.65129750829053,14.89149666710967,2.153124471294059,2.3936420697143515,2.377902602940484,2.5987682842846622,2.2014857513282093,2.89916856150479,3.1016657427476186,2.9479504247660175,2.8534253890851806,2.3350058835558496,2.182641808623863,2.2184865619865373,2.5219389626974875,161.0846768261212,115.30365023919157,104.54803012122854,48.690658846015005,35.28687404152784,9.85363880012699,3.481756501382358,2.306298267120121,7.433230710663072,34.578686204325656,52.23517759642087,135.61290848289678,59.20129888627747,132.66533382742662,102.10864102238294,90.58325998263825,38.86988675526018,29.98368729916087,13.634043477038823,7.038968031887644,4.967690180081305,10.11251236181664,39.58421930552746,48.35999080443877,123.1103553922498,53.418215703225535,7.4,8.177777778,8.911111111,10.86666667,13.688888889999998,17.73333333,20.48888889,19.71111111,18.14444444,14.22222222,8.844444444,7.044444443999999,12.93611111,1.2,3.23565209,1.328010207,1.532155345,1.501203221,1.637833935,0.633333333,1.057644133,1.335207017,1.8191878529999999,1.694189416,1.7826322609999998,1.563087401,219.0222222,147.1222222,138.8333333,65.76666667,51.67777778,18.94444444,5.155555556,7.1222222219999995,12.06666667,45.37777778,69.15555556,207.1222222,82.28055555,171.935764,106.960025,140.7269253,44.58158252,37.25710596,21.26470733,10.01550187,16.01903382,17.54985755,47.11127195,56.634024909999994,188.2531393,71.52574496,0.3688083069283412,0.36618448199537984,0.1221602655985958,0.14851064185699206,0.2135435925363214
Saginaw Chippewa Indian Tribe of Michigan,0.5336696558646482,0.46853341867930126,0.0009888662243202062,0.4398799739291396,0.5230238268775373,0.12452729807846392,0.1876118180866763,3.0033937929790024,1.3451527511229748e6,0.13899363584647279,0.1340288262128662,2.770181553006367,4.622436133448231e6,-8.60688010726846,-8.29847032021926,-0.8423482440984082,6.097285177462485,12.474888557733253,17.498331418974914,20.22302510302806,19.47263758007205,14.459698034080683,7.754679797707666,0.7584187255476121,-7.413302176821022,6.131496962198834,2.4810826523959157,2.831497601321684,2.523333991237197,1.9986929386285797,1.4017429531239671,1.9104295955096349,1.2258864820246769,1.385784212666546,1.7592000263321739,1.781151781464348,2.6145968954507497,3.845493755962824,2.1465744072290946,34.920548238133314,24.61261948276501,37.84281566903571,56.60912179609982,79.21000988884369,108.86060311340857,88.13869750500615,105.22146166934282,107.41372620400868,70.36992904872396,62.87592011662318,42.86039594249312,68.24465405659623,14.88489632807619,13.948372665597079,21.735310375533516,21.124374993988052,27.794507561218147,44.7784948538278,33.79966311630293,37.04034272650741,46.63357116329054,29.129681588789495,31.408574306969797,20.88597407763223,28.5969803135368,-5.844444444,-6.211111111,0.47777777800000004,6.85,13.155555555000001,18.411111110000004,21.027777775,20.56111111,15.86111111,9.161111111,3.1833333335000003,-4.3722222225,7.688425925000001,2.6107389175,3.4453497285,2.806400843,2.316148878,1.6434470475,2.038067056,1.2321024194999999,1.5227663275,1.5710362475,1.8715594384999998,1.8671989985,2.7841852819999997,2.1424167655,44.755555555,36.544444444999996,39.866666665000004,62.16666666500001,79.13888889,83.27222221999999,73.02222222500001,93.594444445,95.05555556,72.71666667000001,86.005555555,47.077777775,67.76805556,21.083716084999995,23.640465085,25.28618533,24.935347065,38.084367895,33.92055921,18.265125245,33.45871754,34.82351091,35.32456457,38.420027479999995,21.01300144,29.021298990000002,0.4226845789401703,0.39463005060364276,0.0010005419602551122,0.2765440813159743,0.38278514614618536
Crow Tribe of Montana,0.14205018070923206,0.14034257400606834,0.0017646743814222847,0.1008469472328812,0.0406035668442996,0.11634920536298649,0.15862705941025515,3.359693365727916,1.5879308435933117e6,0.15623931222115042,0.24569197695909978,3.177054387284383,1.7933871456790003e6,-4.757716968809236,-3.2198326941220095,1.277420192113046,6.295793989163123,10.609733659804597,15.625797103920021,19.687660702148214,18.585998351314156,13.090670976824349,7.703637832707312,-0.6910214227369595,-4.4539840611819335,6.6461798050666046,3.711506893145548,3.093069015416618,2.9401988555257854,3.0313377586883314,3.3230622423665923,3.2135012554745903,2.702828100376492,2.609249527635124,2.6454739518697483,2.498493520203403,3.638048283446203,4.2014958885312685,3.134022107746768,27.90586771325524,18.010194433501848,26.216229580778556,39.7829897017052,80.0736207663494,51.13488373506499,39.218697311345956,35.96588270311394,33.130837047694875,32.112154663258224,24.561416779567743,21.387950794728944,35.791727103215905,40.294957360415374,12.963451934958375,17.910502150244753,23.66420856651653,37.47786014800093,30.465174068415067,36.909919866217734,28.902343504108412,21.34245329106271,21.011758085903722,15.947293395683642,20.026467799088493,25.576365847885594,-5.540000000199998,-1.2077777778999998,1.6999999999999997,7.196666666699998,11.974444444300001,17.417777777999998,20.388888889999993,20.257777777999994,14.567777777999996,9.835555555999996,0.28,-4.322222222199999,7.712407407599999,2.6469750824999996,5.149034985599999,2.266953359699999,2.5959705260999995,3.5265118471999997,3.9614034386999997,2.9799169288999994,3.5262504851999994,2.4606674664999995,4.7320327562,4.755469527499999,4.965425936699999,3.6305510283999993,15.838888888399996,15.656666668000002,27.524444444200004,37.51555555599999,70.411111111,50.45333333299999,27.983333333999997,36.816666667,27.517777776999992,29.986666665999994,30.806666665999995,13.918888889199998,32.035833335,7.9949963013000005,11.066787984899998,22.452585315199997,28.440287665999993,33.446625169,25.427694287999994,15.982037075999997,46.50403662299999,15.129847346999997,16.235129991999997,38.301684237299995,11.470751892599997,22.704371991,0.13525969329943957,0.13139262770518995,0.0023605919169723067,0.0894111486778969,0.036233012639285134
Confederated Tribes of the Grand Ronde Community of Oregon,0.43307982020641783,0.38514582882159737,0.0010000000000000009,0.30186771556228537,0.42288027800832795,0.14610932579939231,0.21768006643894566,3.3043784211787166,8.671594372338641e6,0.11133206421880118,0.16516983945299707,3.3808682339829677,6.484871961505077e6,6.492528920174295,8.248490684883388,10.171654519831757,12.020994082858342,14.98369059908582,18.87509798520169,20.86761541357883,22.79632866044081,19.32062433354458,15.893503822854818,9.079985970780449,6.921514823734115,13.80600248479902,2.673539496876194,3.078268690729989,2.6139475446447142,2.3808002426559898,3.292867843374064,4.016295856942176,3.2089684282117807,2.2970777184489024,3.244216193890142,3.078540465493488,2.8540022578594337,2.1676953890225077,2.9088516773985034,163.01131282714948,110.60499538349157,105.1338267291891,63.855771541534615,48.37878517771659,14.967735096132303,3.4562300610220307,4.348762547835171,13.53011575964411,47.53292276475869,60.393703954911956,168.23876861004402,66.95441087107567,132.5615301306286,96.39103532142296,95.07957266522801,52.09792456993676,33.20317056308058,15.575505152947365,4.630752918452138,7.053838961841792,16.559198408160615,40.36887042291897,62.75262715068336,150.82281060348456,58.924736405772286,3.688888889,5.122222222,7.155555556,10.26666667,12.01111111,14.988888889999998,17.92222222,17.37777778,15.3,10.51111111,5.977777778,4.222222222,10.3787037,5.599206293,2.986125323,1.406334874,3.506779149,1.7531717289999997,3.335207806,2.81415075,2.347753063,1.385640646,3.286124026,3.124411056,2.673844506,2.851562435,222.56666669999998,144.4222222,142.8222222,89.33333333,70.64444444,66.87777778,18.16666667,20.71111111,46.05555556,120.93333329999999,203.6777778,253.3888889,116.6333333,103.84198329999998,82.00258804,33.72946701,48.28397766999999,33.79508511,24.02299824,22.71508309,16.21476522,25.47101839,55.11887154,99.68117647999999,108.7163447,54.46611323,0.36418710442496655,0.3461957498390561,0.0014973763413991532,0.1927768761120639,0.2766359345584784
"Rosebud Sioux Tribe of the Rosebud Indian Reservation, South Dakota",0.31939540546512135,0.3168024862595672,0.0011247043683882982,0.26352988498320323,0.20973753105813772,0.09986313832488945,0.1596011786676472,3.2054345674173605,508428.34556971816,0.25894456424904105,0.34493884949538584,3.549961086499539,1.577496633617306e6,-8.205605057832768,-6.149382868798004,1.1125220698557716,7.904996039707953,13.537803408838325,19.267756822564067,22.373246924300563,21.35972064089474,16.090182691311313,8.639250944579322,-0.11247105476883588,-7.6555699937162895,7.346870880631729,3.232670235690918,2.9916678850732152,2.658062038784084,2.2581579483922685,1.7694622732347987,1.9770352383326402,1.2307199148310246,1.5671193941797623,2.1822155719759118,1.9261739909879079,4.280794869901046,4.126852132853605,2.5167442912880484,12.025412796249986,11.169508248134141,28.97764948430131,39.105210412955536,84.64219881771125,93.67106482850639,68.20951658014359,66.45964130084646,47.265690093332395,40.683173824540695,25.127508126382615,16.95658190796944,44.52442970214229,6.827579298563385,7.2785125573798055,18.655006134697214,19.781089070658876,43.78467506580858,39.11115167836445,31.258377922187172,33.16100731303751,29.976025619139737,25.279771951866632,21.73190052846116,12.979147445102523,24.152020382121407,-5.172222222333333,-1.2074074073333332,2.3833333333333333,8.944444444166667,13.424074073333333,19.714814816666667,23.32037037166667,22.20185185166667,16.97037037,10.416666666666668,1.8611111109999998,-3.9648148148333338,9.074382716166667,2.5847816688333336,3.859076044833333,2.166047912333333,2.2313711763333335,2.206646666833333,1.7154565334999998,2.1295233693333335,2.048883897,1.9439453094999999,2.0263024021666665,4.358471273166666,4.362388104166667,2.63607453,12.400000000666667,13.507407406666667,26.877777778333332,48.755555556666664,98.25740739999999,77.02962962833334,55.299999998333334,49.75000000166666,28.474074074999997,31.55,26.501851851666668,16.301851853333336,40.39212963000001,9.125158039166667,9.1589549715,10.768770737666667,29.170741449999998,69.15030809000001,36.44144978333333,25.921556355000003,29.94496387166667,20.786030219999997,17.751609051666666,28.985143865,14.634489197499999,25.153264636666666,0.39005421606803614,0.3568804990226411,0.0019067880651028814,0.34921604226101044,0.22934790733571073
"Paiute-Shoshone Tribe of the Fallon Reservation and Colony, Nevada",0.0341735986017964,0.029825658187605547,0.0009999999999999998,0.018394364525715624,0.0009999999999999998,0.1139175560770058,0.1438689914292486,3.16800641956699,1.0066589699676465e7,0.126,0.181,3.4,1.736e6,0.39530939017620387,2.15292826057246,5.125292226822194,9.13602069329156,12.69597709281826,17.8692025093645,21.461906290771232,20.642882192172184,16.838466795361448,11.280494099834145,4.164529305324882,0.31292246801440315,10.172994277070165,3.205904845896395,3.3049209548515703,2.987918103768632,2.4216784253706813,2.9289416346168613,3.0627577765767655,2.6589157919804878,3.117276594821646,2.8704988663572255,2.5532836327794204,3.761892409342219,2.9734721861671045,2.987288435251491,63.23651533520523,51.22551993126121,59.05642057217358,47.90548800046019,54.691634173100034,29.862452579812203,28.157338663521205,21.72446273487891,25.309124839081043,37.92031185090073,52.30761808533841,66.82058977478728,44.85145637890837,46.83606871858371,34.948117921931406,34.92942909273986,27.9150934441346,29.569396738092543,18.96758847793691,24.455646553373306,20.491475705074887,18.516822359903806,31.102766315802203,43.6985286945522,52.49213763910393,31.993589305287692,2.5425298360376223,4.329558363867892,7.88071031990494,11.369867256585298,15.347721615933374,20.834635268744975,26.14563150224871,24.60400472216255,19.981131535246988,12.802106069304996,5.491339587831705,2.8517646307458357,12.84841672607984,2.8609480766657094,2.343262846905227,3.2105515562978177,1.8721701153012638,2.1934517078506603,2.122858057722286,1.5839349819494544,1.5236708710112006,2.2884590053294085,2.360364362020678,3.9723907829035046,3.1892260537762787,2.4601073681453194,17.801183865129236,17.496509031677196,14.966424148645892,20.854805667225737,25.55081690071798,8.316609228246698,12.48251004935382,9.448519369554855,6.569730040042218,11.446445207504308,12.724181508219415,17.24853532784032,14.575522531861,11.475660580255601,10.14096069607984,19.234158519035034,17.554546398380243,16.841534220893166,12.475342052946583,19.468453853446295,17.471598345901782,7.547168664542792,13.364846498391731,12.447381511137278,16.139133074562032,14.513398699767375,0.18336032306240435,0.1787826127356521,0.004455264746568565,0.12236238417065273,0.04683887289231729
Confederated Tribes and Bands of the Yakama Nation,0.21641675647726477,0.21390457930755205,0.0009992883164407905,0.10708694974608136,0.09265315891796039,0.11865332365294672,0.177850227384386,3.347051455852401,4.1286417503623483e6,0.12638435985128255,0.18768455930661845,3.224196953549439,1.4525583987426024e7,-0.39059346297841,3.0011023048350256,4.08895974408737,7.854733635261639,11.437011732162734,15.61446762475996,20.8721660441469,18.572884717780852,14.724409624385553,9.913286367567652,3.272219691702293,-0.5006012571799214,9.038337230513628,4.158989720563454,3.3622822933256855,3.364361220693359,2.3139061586770544,2.313847831668857,2.1944908005301995,2.167925131824272,1.9720035023748774,2.7612031667766295,2.2279271385955193,3.232884348523193,3.8062526378055987,2.8230061626074563,87.31388559443857,47.92075653140024,67.96287996090925,42.47515107397927,37.83777393092745,27.749497434520393,12.13545291710214,8.512569715888686,16.34689198718871,33.09516868591417,63.73494984441383,70.80548318118802,42.990871737981315,88.97137821966301,57.2285157038882,50.01849936953004,30.509826977516674,21.604948036771482,23.482000701282715,10.919175232856345,11.591056941901897,17.98033977825912,28.095384019849725,53.771580492812326,64.71100976013402,38.2403096027139,-0.033333333272727264,2.406060606181818,5.1616161616363625,9.216161616090906,11.75959595963636,15.076767678181815,20.278787879090906,17.958585858181817,14.98282828272727,8.692929292454545,2.379797979818181,-1.4808080806363633,8.866582491272725,3.488500793090908,3.0519680353636356,2.0623032357272724,2.6521587429999993,1.7802341918181814,1.5959926714545452,2.285282186909091,2.066095564090909,1.9827431945454541,2.452882321818181,2.8353597889999995,3.302925661090909,2.4630371991818176,115.02121212818179,65.33838384272727,66.86868686763634,42.78888888727271,46.57676767727271,35.5989898990909,15.814141414999996,15.180808079909085,30.060606060909087,59.4606060581818,97.76060605999997,130.4606060563636,60.077525250909076,78.85084529636362,36.98304857545454,41.56465003818181,23.96719232545454,31.02710425090908,21.712563344999996,22.310388643909086,16.867986749272724,21.360930137090907,33.61907614263636,71.77863131118181,111.2354953381818,42.606492679999995,0.17642444016053854,0.1762369382142787,0.000999629071851228,0.0626018039629134,0.02728117529573313
"Kaw Nation, Oklahoma",0.4384815857878812,0.39364080066475143,0.3051784800557644,0.41531873052694734,0.3356202459152568,0.12462680497495497,0.19414013546686418,3.0903173693909607,902539.071980554,0.1572025342021524,0.2475822789458459,3.078987237184675,3.812518868809298e6,-2.575709040902229,-0.5607040248708484,6.3211926298308265,11.918370873003225,16.834988684033853,23.252588800786196,26.05488089195661,25.073780193106643,20.571404860798534,13.268976973922793,5.421549939024453,-2.0734274858549036,11.958991109403478,2.5319408658892053,3.152439848303677,1.632990160284987,1.5859971137008968,1.6384511331017302,1.5309684324032746,1.3514104375972011,1.8434285503867924,1.7592623589878829,1.4145542552822896,3.019457091508782,3.0341231988697097,2.041251953868188,23.737262052814426,22.733835959717442,57.33610063012187,56.651998426597515,111.66047986278818,115.26881052826884,97.80626041843774,94.71251448467491,71.8452429062288,44.3117665122488,33.755255211858426,25.727947864291124,62.96228957244245,11.849369541067837,17.316282474354548,28.335600750463108,24.186639512025256,67.18143994238476,42.27897892947316,39.029615927191834,44.43387140131926,51.27801572114059,30.451711289094995,24.717537866488648,26.395350750800958,33.95453450961784,2.6055555554999996,4.399999999999999,10.584382177196996,15.530817768049246,20.079351044203495,25.977777779999997,28.405555554999996,28.272222219999996,23.832782269493066,16.772222224999997,9.794444444499996,3.02125328770871,15.77303036317959,2.192049267,2.8467459364999996,1.375409552453774,1.3943296068574083,1.102995816433708,1.5461411084999996,1.4531096855,1.7075719259999997,1.517713316756704,1.3516941894999996,2.0105198664999993,2.7782618706972046,1.7730451788460666,43.32777777999999,47.822222225,86.69999999999999,88.02222221999997,141.86111114999997,149.3777778,106.43333329999997,94.77222222499996,76.67222222499998,73.87222221999998,49.67222222,44.81666666999999,83.61250000499999,25.989375079999995,34.83180871999999,47.60368078999999,40.102691695,81.49107882999998,76.73613896999998,58.851854724999995,64.37513860499998,49.79214945,50.7357575,47.12872787,39.522306015,51.43005902499999,0.5907185573962068,0.5436798021794174,0.08848475413961387,0.5577627263329782,0.5294814731300008
Quapaw Nation,0.44931690071197544,0.3877984213366738,0.3990737959707061,0.38030171611103697,0.43664698538061997,0.1680316151472663,0.23587887257554097,2.963668805357173,4.257753875487959e6,0.1457554589727914,0.21181380233662359,2.864576473087522,2.4870018109975327e6,-0.3865410628791304,1.0810144927904348,3.1343961352565217,6.85188405801913,12.081062803286954,16.8047826101913,20.058415459452167,20.021091785956514,17.84123671427826,11.260956520913043,2.1437101449713034,0.0005024153878260252,9.241042673113911,3.9009014943095646,4.872057363824347,4.540061691293912,4.063224072062607,4.819602843271303,4.086226635280869,1.9491995599426084,1.7355018092904346,5.140990954207826,4.4266606627408684,3.483994764007825,3.783809175539129,3.9001859188756516,36.52633816453912,61.204318840234755,35.93829951745216,24.48834782783478,55.25207729510435,28.739961352930433,31.58977777747825,39.03404830834782,16.35536231880869,24.10315941820869,40.980657005391286,36.89739130366087,35.925811594086944,23.828629543,55.066429919799994,22.93882578026956,16.37358184935652,39.1777308945913,29.373585066965205,39.2685733211739,54.38374543070434,14.19533698593043,16.602677290713043,38.16076259014782,42.71667181627825,32.673879208339116,2.366666667,4.044444444,10.13333333,14.76666667,19.06666667,24.655555559999996,27.03333333,26.93333333,22.766666670000003,15.62222222,9.455555556,2.644444444,14.95740741,2.752271789,2.831126592,1.3937359860000003,1.220655562,0.9165151389999999,1.4604032929999997,1.533786165,1.503329638,1.607793519,1.170232645,2.295163998,3.22765825,1.826056048,70.84444444,67.93333333,110.95555560000001,99.27777778,181.7666667,125.4333333,85.38888889,83.27777778,101.5,81.12222222,91.97777778,75.38888889,97.90555556,45.5720888,47.98484136,54.46395852,41.91061255,82.35030358,47.23314514,55.21570077,62.81589723,51.08125879,60.68959503,80.40044741,74.14164559,58.6549579,0.39410790431829723,0.2869554066542035,0.3786948343582261,0.2144027807706973,0.3077921455285194
"Moapa Band of Paiute Indians of the Moapa River Indian Reservation, Nevada",0.04384992114807813,0.02785907901946148,0.027968929147709924,0.012151047392407362,0.0013076223985035325,0.12546243484520272,0.17361458047270506,3.1898824682904174,4.464882587038589e6,0.128,0.193,3.31,1.53292e8,6.5939475280418804,9.679382226471999,10.739637209536276,13.34929750890962,16.117439866344956,20.206392042689,22.758568480178496,22.369002196030745,20.008539890924414,16.225050957458052,9.635293501122833,7.012788449290727,14.557944988089373,3.365435190742652,1.8651844414837315,2.1292935248016427,1.9322213632491803,1.9942007813428309,2.1944017273812486,2.1944138269174136,2.567447180515441,2.051595967032345,2.160243854299028,2.382209377130707,2.688665420471649,2.2937760547000243,123.50116318122478,97.96628257880342,82.01242487237145,59.128787540687306,35.85497418246527,17.32455687806551,5.4244529992156165,8.563283183421207,14.18609027016176,55.114138873827464,83.96732398341587,121.04778035177051,58.67427157562876,84.0804397417744,62.36006418444594,50.577863491920425,38.37958880877192,23.07502136625029,13.334752060017482,6.5413190818742235,13.055278511786774,14.607899980416473,53.71191325688082,71.91759010498093,82.66843817683294,42.859180730496085,4.833333333500001,8.5777777775,9.7111111105,14.07777778,19.749999999999996,25.994444444999996,27.66111111,27.005555555,22.733333329999997,17.677777775000003,10.65,6.5,16.264351855,4.7765262185,3.0679914040000003,4.3779993919999995,5.564739464500001,4.333569431,4.1681959795,6.614044380999999,5.763870188,5.475535214000001,3.8200734499999998,4.347764513,4.759230838500001,4.755795039500001,39.066666670000004,39.83888889,15.577777775,10.7111111135,12.794444445,7.300000000000001,26.383333334999996,14.777777780000001,9.855555555499999,16.52222222,15.533333333499998,9.394444444000001,18.146296295,25.49746454,40.96130471,12.21044985,13.003269415,24.763606995,12.962201932,39.0131248,12.48503673,10.2502519765,14.228328145,31.502566769999998,12.95346549,20.819255945000002,0.10344469959252554,0.10113557956608257,0.009975408475398828,0.04010860740984611,0.006426201222627683
"Confederated Tribes of the Coos, Lower Umpqua and Siuslaw Indians",0.36410164749946383,0.3344476104547499,0.009678306165172788,0.27414436820918253,0.363938023255845,0.15071729386888383,0.22674300561825086,3.3071494464198454,5.793727744102732e6,0.15052103830208086,0.21869448894458618,3.4409310397131705,3.677172407329867e6,7.022435469659185,8.74843374408678,10.704440754673074,12.12523644385638,15.25467326460371,18.77083502878602,20.120034945116014,23.488335422181994,19.392569440899575,16.489774978719062,9.80081283591102,7.68368087783157,14.133438600566011,2.5726385027084047,3.2780710167317997,2.498260803176446,2.303515349378375,3.2420634513694386,4.4916884578845595,3.2824508315728878,2.2144585685007576,3.40470820857973,3.2948648845305053,2.763703199841142,1.7900073073973763,2.9280358818662418,166.16500246646478,111.85631250320776,104.48176653405883,66.83520643909816,48.42937604834689,15.308041542446238,3.427792157027689,4.1440391115433926,14.786326664866438,47.2357170374279,61.761230215219115,169.14821778440225,67.79825237554628,128.52292031754757,99.4824969484667,96.35088704125279,55.733379522551225,33.97212067718663,16.281383960260595,4.659895738445434,7.020093695849252,17.959622232872505,37.18029809689361,64.89448556905135,151.65971050693906,59.47644119234662,6.0925925926666675,7.303703703666668,7.862962963000001,10.337037036666667,12.32962963,15.118518516666668,18.33333333,17.144444443333335,15.444444443333335,11.366666663333335,6.937037037333334,5.859259259333334,11.177469133333334,3.174116080333333,2.7816783926666666,1.7994002596666665,2.1413567383333336,1.4915599563333335,1.5363296773333333,2.9746129636666665,1.344051392666667,1.667207101666667,4.067148433333334,3.125364775333334,2.814123319666667,2.4097457576666668,220.01851853333335,133.00370373333337,133.83333333333331,93.57407407333334,71.83333333333334,60.91851851999999,21.68518518666667,23.27777777666667,44.4,121.85925928666667,175.92962963333335,233.67777776666668,111.16759261333334,144.85628673333335,69.11931129333333,57.914937300000005,58.967199576666665,30.218017016666668,27.454292413333334,20.857042196666672,20.09591186666667,33.68364604,63.071200440000005,89.54131367000001,122.35625580000001,61.51128453,0.3443403906015546,0.32058509034254656,0.0016684485966739296,0.18711016480592754,0.28376687285722024
"Comanche Nation, Oklahoma",0.4091458790155211,0.3455394784186893,0.28799756205236104,0.4008642539774979,0.3140104672172517,0.1363751321774054,0.23688651031095995,3.07382430791481,1.092299185165315e6,0.15417272847713565,0.22468347597770927,3.0477013602700693,2.171014247603054e6,1.146959209996807,2.84172457547669,6.012229143620113,10.254441906590372,14.772776162958634,20.74963708963481,22.838343946178664,22.378809524420557,18.429724760019557,12.082986803220477,5.3373075858393255,1.410492340342426,11.521286087267919,2.4221507052690945,3.016939469081011,2.3778667550484314,2.787148838707982,3.009475513961574,2.7657979965607065,3.0040856264480995,2.507637397325157,3.1373788807265472,2.7743007859039106,3.35512603278876,3.368446652458212,2.877196221227627,17.343390087818793,15.986872693048648,28.005138888495903,27.37994647452599,56.22227620893537,33.147617663377794,60.80607858078061,51.40601997897687,37.76965347029065,31.7311152641691,14.130271317687349,8.380897932788844,31.859106547268368,14.224963446997268,13.910517327670066,17.409616845009882,17.86327928671761,43.94178893548746,25.69906383421051,39.65566461774256,29.748178005633587,25.3710291059467,31.4976003538325,14.809967737167165,7.754928899136651,23.49054986654994,5.119513446008077,6.917289677559289,11.840198214299724,16.54598447478544,21.422527828608118,26.845436365285085,29.0559302645536,29.016353127500196,24.700267833346604,17.612949016665517,10.985242274454107,5.113181653310217,17.09790618020887,1.918527267683623,2.5818562735499504,1.2613704462050825,0.9835182581551035,1.1828036796633048,1.5466154426005447,1.3846478292670636,1.227753422768372,1.4909444910446021,1.046063416051657,1.9304049382446276,2.2995255821592893,1.571169253940441,41.1515981804283,39.4490962709865,70.924488033773,69.84315847740811,129.8581591578833,107.29316037804918,77.91130895743512,60.14271127912834,73.1575303764218,72.6041071784039,39.22157025516392,32.80231731716672,67.86326715496513,18.99351000798135,25.640381913599832,46.55934404479202,39.916669821523875,102.22792725944804,57.72053016891323,51.72800678683402,52.51356331086574,47.001865512579585,55.7749726312224,40.34453887556456,23.79046945743085,46.85098165132752,0.23216844969422382,0.2082966889435433,0.024267515500876385,0.2143521825422996,0.08836259321058794
"Agua Caliente Band of Cahuilla Indians of the Agua Caliente Indian Reservation, California",0.032189206990478246,0.027513679391934425,0.011900729538034775,0.018900619002625598,0.0027039200041031803,0.10399510506039189,0.1432938932835229,3.3358287203373513,3.195195984595473e8,0.1,0.146,3.15,1.26963e8,10.409771494544804,11.056852766643505,11.706911074164978,13.364510750498747,14.846786364851244,18.153437225406357,20.141391274108784,20.628613833496402,19.153837183216236,16.916723046383026,12.343540443979526,10.391804242265593,14.926181642021868,1.9640931368128203,2.205654241681759,2.210149898670225,2.073621125978141,1.9919029886792459,2.27238461264958,2.9689104652540568,2.361525948391883,2.2222094809678197,2.2049459372494584,2.2454974455804493,2.035202369709515,2.229674804411223,112.62692437732332,100.64427578643777,73.16192500119872,32.710424918763984,16.313943582444086,3.601409970982046,3.756747718268453,4.219808020466911,5.021870452054295,15.96974393040663,25.39617486356923,49.420395910052896,36.90363704447741,106.0994912420896,98.52812667351985,69.45924164551994,23.385517751771182,15.396178731935995,5.709194376972331,5.97690152504068,6.510201393279819,7.673654343620087,19.777723103064115,38.21234107880739,67.13319046087173,38.65514686088386,9.172222222,9.338888887,11.405555554000001,13.68888889,16.76666667,21.572222225000004,25.394444445000005,24.994444444999996,22.47222222,16.238888890000002,11.0444444465,9.361111111000001,15.95416667,0.8384270014999999,4.1063181835,1.317072312,2.0329989074999997,1.9684879149999999,2.3559641335,2.4302985905,1.9358716395,1.417287319,3.028219901,3.6607816580000003,1.4878854225,2.2149677490000004,93.55555558,68.850000015,45.0,24.033333335000002,10.7444444435,1.3611111115,15.311111115000001,4.7055555555,6.95,14.705555558,22.161111115,26.238888890000002,27.801388890000002,93.75435748,87.34097877500001,42.61166339,22.424751825,13.141054024999999,1.7320787055,26.457179655000004,6.5406278185,11.226741525,21.621841965,43.039232254999995,42.536305635,34.368901085000005,0.21664211414430415,0.2162512882341567,0.09665714731822615,0.12226324986270033,0.0630975399263605
"Tule River Indian Tribe of the Tule River Reservation, California",0.20277578997696694,0.20277578997696694,0.038104564251400644,0.040199490131231905,0.06665609297435791,0.1371345575754677,0.20607251712255809,3.4253750524962263,2.9551597826819707e7,0.159,0.239,3.1000000000000005,3.8373e7,8.139006243790528,10.008045932443512,11.408937183670822,14.174072137885945,17.144104714667495,21.060024761080296,23.94635323102568,23.265612362878972,21.061851370273015,17.030878134493985,10.69341041599274,7.616610600289726,15.46240892412956,2.0343517753828486,2.124514254115334,2.295572295122243,2.2194559821619,2.2518735814253548,2.6149730194120706,2.5433076007709867,2.458154629280427,2.193089334779698,2.0745013905656595,2.390050938852151,2.3638301475192436,2.2969729124897635,103.59053428764685,76.74619789319719,66.90506678729979,42.76109314070836,25.25704396318183,9.9117171088276,4.061073328709982,4.757582586098863,8.575728405791041,27.781474226093895,43.86776034308067,82.6832530720903,41.408210428787584,79.76198302968024,65.01863108652181,56.299656619473105,29.012772593627716,18.821787530159536,9.738154796344729,6.132741740833269,5.282780988597552,9.0539341805817,31.759121760686295,44.340538144953264,70.7384931616012,35.49671630279485,6.683333332999999,6.2333333335,9.394444443000001,11.799999999999999,15.11111111,20.083333335,23.394444445,22.483333330000004,19.35,14.033333335,7.827777777999999,6.338888889,13.561111110000002,2.9480220075,2.933840869,2.4987617639999997,1.80298728,1.3385208955,1.9098264444999997,1.7257281039999997,1.3665049885,1.10766658,2.577456837,4.2946172465,3.30453975,2.3173727305,111.95000001999999,72.516666665,60.205555555,35.60555556,19.238888885,8.805555556000002,6.1,5.422222222499999,6.411111111500001,14.4,25.522222225,59.505555554999994,35.47361111,72.27791619,50.04293539499999,52.02112069499999,24.408174285,17.73524733,13.001056629,11.140103909999999,9.2517943855,8.6974503345,14.843905955,40.757860429999994,56.6284895,30.900504585,0.1997398357886265,0.19757108156355016,0.1125391692537456,0.09699828964670042,0.04959071562183869
Te-Moak Tribe of Western Shoshone Indians of Nevada (Battle Mountain Band),0.011608455990506743,0.0029131580877763156,0.001,0.011608455990506743,0.003013589963581764,0.10967113184706209,0.13769274697071732,3.167869452748952,1.020394741881947e7,0.098,0.188,3.41,323000.0,-1.8851763912632944,-0.3434976210194347,3.124828607063235,7.482159447664809,11.425662345093516,16.857583892382525,20.968379134398358,19.94022477351478,15.588104207061143,9.407746354812103,1.947094537592769,-2.167746896762065,8.528780199248125,3.028456681069296,3.82268921961367,3.294494545733436,2.6098046837076354,3.2309870941964953,3.3853062138374654,2.810442795528971,3.063315110134123,3.126993586007913,2.6618480143177345,4.024017284517894,3.2333737070455757,3.1909774113377933,46.69905488802421,35.12358559410025,51.572375415420986,43.00906345105385,60.68504170106845,33.34019154684511,32.84642144372914,24.589467364425857,28.27697049313345,33.798562331254296,40.92400192788351,48.120518880801725,39.9154379201648,37.74010514493108,27.001901197573606,30.414533435992887,25.59846189585244,33.48111893813097,21.568621161838276,29.71814491230644,21.696436989029433,20.824307204821952,25.077993323373224,31.86025861520129,41.28243167187016,28.855359541124056,-0.9888888889999999,2.433333333,3.966666667,9.033333333,12.16666667,17.72222222,21.91111111,21.14444444,15.522222219999998,11.14444444,2.444444444,-1.455555556,9.587037036,2.580912845,4.294182111,1.299038106,2.970269348,2.153485547,3.286250819,1.645785864,1.663663962,1.65058912,3.572852891,2.22323588,2.946655354,2.523910154,35.05555556,22.53333333,29.866666670000004,23.12222222,50.57777778,20.35555556,13.16666667,18.46666667,10.35555556,19.32222222,25.47777778,37.15555556,25.45462963,19.90302183,14.8118196,16.47482929,18.2109018,22.81840144,14.471187850000002,19.89830395,32.36155126,8.578186159,17.57140986,14.3530291,23.21223336,18.55540629,0.18549537732676602,0.18134940814571693,0.0021868936835403516,0.12121056841750619,0.046686670666045024
"Nottawaseppi Huron Band of the Potawatomi, Michigan",0.5176310423319573,0.41850082110762143,0.001,0.4082484959065641,0.5080129415944554,0.13035482931067296,0.14816283131431882,2.820513143348309,5.351719465714753e6,0.143,0.163,2.93,9.514e6,-5.356906288214284,-6.215392246839286,0.05854700843956045,6.468475274822801,12.67773962323489,17.72081807173077,20.402312271586542,19.886462148392855,15.237309218324173,8.810859279617441,2.9948260072554937,-4.568093711877746,7.343079721595467,2.9544847932685436,3.220215763783654,2.867234680180631,2.2373321864581044,1.6535418146016483,2.226833363478709,1.4772385676510986,1.5095671605295324,1.6157322209718408,2.0232478307582413,2.2195620301167582,3.3358151600549437,2.2784004645103018,52.49321581213598,41.39194902175136,42.21225579940248,70.91521672786399,82.34629121084475,96.43139498936125,84.86755189714282,77.46564407831731,93.80339589787772,72.0670787543063,79.95571581129118,58.27683913198488,71.01887909493131,20.705296981847525,25.579482158770602,22.090638425535708,26.030592827994504,34.690268686813184,49.48058631486263,22.46418748587225,28.14180465492444,25.631797675817296,29.490820970515102,35.229643096050815,23.726006364800817,28.60509380277472,-1.655555556,1.722222222,3.088888889,9.777777777999999,15.2,20.06666667,23.14444444,22.5,17.8,11.94444444,4.777777778000001,-3.2,10.430555559999998,6.019574551,6.374711322,2.489701008,1.923393991,1.497497913,1.783956277,1.271918935,2.316246964,1.207269647,2.101256238,1.810233257,2.718915225,2.626222944,47.32222222,51.04444444,45.43333333,61.87777778,88.65555556,102.1444444,82.4,56.91111111,92.41111111000001,89.63333333,68.82222222,49.477777780000004,69.67777777,29.75860286,29.45306058,24.48499541,30.81703173,57.50884956,47.14154514,51.00762198,51.37147663,50.25677677,71.24006948,45.019073119999995,24.02154126,42.67338704,0.4589670151554811,0.38196027068350413,0.0009999999999999992,0.38166588842977023,0.44454228224064035
Kiowa Indian Tribe of Oklahoma,0.40719452731501765,0.34272610285526245,0.2879520983298383,0.39880402378087426,0.31005005039948613,0.1363751321774054,0.23688651031095995,3.07382430791481,1.092299185165315e6,0.15417272847713565,0.22468347597770927,3.0477013602700693,2.171014247603054e6,1.146959209996807,2.84172457547669,6.012229143620113,10.254441906590372,14.772776162958634,20.74963708963481,22.838343946178664,22.378809524420557,18.429724760019557,12.082986803220477,5.3373075858393255,1.410492340342426,11.521286087267919,2.4221507052690945,3.016939469081011,2.3778667550484314,2.787148838707982,3.009475513961574,2.7657979965607065,3.0040856264480995,2.507637397325157,3.1373788807265472,2.7743007859039106,3.35512603278876,3.368446652458212,2.877196221227627,17.343390087818793,15.986872693048648,28.005138888495903,27.37994647452599,56.22227620893537,33.147617663377794,60.80607858078061,51.40601997897687,37.76965347029065,31.7311152641691,14.130271317687349,8.380897932788844,31.859106547268368,14.224963446997268,13.910517327670066,17.409616845009882,17.86327928671761,43.94178893548746,25.69906383421051,39.65566461774256,29.748178005633587,25.3710291059467,31.4976003538325,14.809967737167165,7.754928899136651,23.49054986654994,5.119513446008077,6.917289677559289,11.840198214299724,16.54598447478544,21.42208788300491,26.845436365285085,29.0559302645536,29.016353127500196,24.700267833346604,17.612949016665517,10.985242274454107,5.113181653310217,17.097869518089784,1.918527267683623,2.5818562735499504,1.2613704462050825,0.9835182581551035,1.182999615215764,1.5466154426005447,1.3846478292670636,1.227753422768372,1.4909444910446021,1.046063416051657,1.9304049382446276,2.2995255821592893,1.57118558190275,41.15159818044415,39.4490962709865,70.92448803378885,69.84315847740811,129.84177558441115,107.2931603778908,77.91130895745094,60.14271127912834,73.1575303764218,72.6041071784039,39.22157025516392,32.802317317182556,67.86190185716522,18.993149791630962,25.640478933542955,46.559582411348046,39.918334568183354,102.24389982671224,57.72040744048771,51.72840927665808,52.512775646330205,47.00251181713491,55.7754539388992,40.3446519204851,23.7930550632882,46.85272588832298,0.23216844969422382,0.2082966889435433,0.024267515500876385,0.2143521825422996,0.08836259321058794
"Pauma Band of Luiseno Mission Indians of the Pauma & Yuima Reservation, California",0.18907442069423352,0.18907442069423352,0.041000070323556854,0.05728466971947103,0.08737621288222253,0.10399510506039189,0.1432938932835229,3.3358287203373513,3.195195984595473e8,0.096,0.126,3.52,1.88159e8,10.409771494544804,11.056852766643505,11.706911074164978,13.364510750498747,14.846786364851244,18.153437225406357,20.141391274108784,20.628613833496402,19.153837183216236,16.916723046383026,12.343540443979526,10.391804242265593,14.926181642021868,1.9640931368128203,2.205654241681759,2.210149898670225,2.073621125978141,1.9919029886792459,2.27238461264958,2.9689104652540568,2.361525948391883,2.2222094809678197,2.2049459372494584,2.2454974455804493,2.035202369709515,2.229674804411223,112.62692437732332,100.64427578643777,73.16192500119872,32.710424918763984,16.313943582444086,3.601409970982046,3.756747718268453,4.219808020466911,5.021870452054295,15.96974393040663,25.39617486356923,49.420395910052896,36.90363704447741,106.0994912420896,98.52812667351985,69.45924164551994,23.385517751771182,15.396178731935995,5.709194376972331,5.97690152504068,6.510201393279819,7.673654343620087,19.777723103064115,38.21234107880739,67.13319046087173,38.65514686088386,8.322222222,9.1,9.522222222,11.42222222,13.25555556,17.31111111,20.78888889,20.91111111,18.84444444,15.66666667,11.08888889,8.711111111,13.74537037,1.05921879,1.58981131,1.275517324,1.171300322,2.046406064,2.566341971,3.9186874220000005,2.803321443,1.898756903,0.8351646539999998,1.543894786,1.497034105,1.8504545910000003,111.8222222,91.87777778,64.63333333,39.97777778,18.28888889,4.055555556,10.03333333,7.466666667000001,7.555555556,17.13333333,31.366666669999997,38.54444444,36.89629629,101.571413,78.67372144,53.550863670000005,21.44048611,18.40885958,5.450484178,9.56477914,8.448964434,9.617056607,16.97836859,48.31627573,54.13340261,35.51288959,0.21664211414430415,0.2162512882341567,0.09665714731822615,0.12226324986270033,0.0630975399263605
"Crow Creek Sioux Tribe of the Crow Creek Reservation, South Dakota",0.3027186178074835,0.28722905703184914,0.0009815805252562783,0.2699282845130425,0.14160428392115101,0.09148717530896242,0.14247920743108372,3.084647183928353,1.061056023353751e6,0.16571537551179194,0.24391439539265328,3.2220093056641392,396722.3200806687,-7.745121118187709,-5.765177422209022,1.9599962176032404,8.732492070475573,14.404336375342917,20.292960873623926,22.734249757822088,21.69603149157405,16.86299156531174,9.359823631406947,0.6972185208705876,-7.320317938898968,7.992457002112938,2.9138348032649266,3.0098743463661957,2.1608097042913395,2.121297592199321,1.6100138427861972,1.708421808231883,1.0594191301909728,1.45677615124942,1.9487737224687167,1.7646523979581008,3.794658734166366,3.9533224950093837,2.2918212274086973,14.081466388295555,12.233270004550759,37.55581108470767,54.86436204099331,95.73565438223947,109.91492367853053,83.01048825574459,87.75387384196985,69.21627686234864,43.25593060869904,29.407438819509206,20.08275797396504,54.75935449547872,7.783566758759222,9.721570039958312,22.948952439418402,31.30593764485029,39.89373498142705,53.21526628988965,45.6756388902403,41.7619426679007,41.18155042466805,20.618219384020293,25.407291578925655,16.411229627395745,29.66040839374887,-6.566666666666667,-2.4148148149999997,2.285185185,9.555555555333333,14.381481483333333,20.36296296333333,23.95925926,22.570370369999996,17.28148148,10.859259256666665,1.2851851853333331,-5.307407407333333,9.020987653999999,3.3076588689999995,4.948760395666667,2.0054453199999998,2.5729091469999994,2.112042521,1.8636933439999999,1.546672117333333,1.7377205296666667,2.172806468333333,2.1679526549999997,4.673668561666666,6.253856305333333,2.9469321863333335,11.277777780666666,9.674074073666667,29.01851851666666,52.144444443333335,101.8,89.82222222,62.85925925999999,60.28888888666667,46.00000000333333,41.492592593333335,21.15555555333333,12.785185183333331,44.85987654333333,7.359926999999999,5.945773999999999,19.099993723333334,32.433189213333335,62.82647677666666,52.08546109333333,32.61673233,25.142487589999998,32.98299786,33.57728779,21.35205832333333,6.140285981999999,27.630222643333333,0.6078264632608067,0.530139269236443,0.001340452238128264,0.5781210081354721,0.5307749426586219
"Manchester Band of Pomo Indians of the Manchester Rancheria, California",0.5617350952767542,0.5617029079487761,0.004385178101309611,0.3824637808217352,0.41115917521548867,0.11879992365365392,0.16535741276582183,3.704910834195921,1.5163526695225174e7,0.135,0.19400000000000003,3.53,7.022e6,7.790875645397652,9.945993978543187,10.995247642073606,13.529510469169631,16.268526333738436,20.50043631588898,22.378749634404084,22.151802692342006,20.053089440445422,16.918517612369925,10.513912732261911,7.65129750829053,14.89149666710967,2.153124471294059,2.3936420697143515,2.377902602940484,2.5987682842846622,2.2014857513282093,2.89916856150479,3.1016657427476186,2.9479504247660175,2.8534253890851806,2.3350058835558496,2.182641808623863,2.2184865619865373,2.5219389626974875,161.0846768261212,115.30365023919157,104.54803012122854,48.690658846015005,35.28687404152784,9.85363880012699,3.481756501382358,2.306298267120121,7.433230710663072,34.578686204325656,52.23517759642087,135.61290848289678,59.20129888627747,132.66533382742662,102.10864102238294,90.58325998263825,38.86988675526018,29.98368729916087,13.634043477038823,7.038968031887644,4.967690180081305,10.11251236181664,39.58421930552746,48.35999080443877,123.1103553922498,53.418215703225535,8.711111111,9.544444444,10.02222222,11.66666667,13.82222222,16.38888889,17.98888889,18.1,17.1,14.211111110000001,9.5,8.244444444,12.941666670000002,1.44087165,2.395365896,1.21426704,0.543139025,1.146492235,1.303307758,1.8764623929999997,3.091116303,1.5612495,1.128543801,1.6552945359999998,2.031077984,1.6155990100000002,236.59999999999997,163.2333333,145.7,77.26666667,59.36666667000001,13.466666670000002,12.04444444,10.12222222,7.588888889000001,55.36666667,83.72222222,221.9222222,90.53333333,178.2517181,105.59235289999998,109.12205319999998,56.88055467,45.39887113,15.74444346,23.79638161,21.70511332,10.36755087,56.23088564,57.671565300000005,165.2347556,70.49968715,0.3688083069283412,0.36618448199537984,0.1221602655985958,0.14851064185699206,0.2135435925363214
Mooretown Rancheria of Maidu Indians of California,0.4389774704739537,0.4389774704739537,0.26897061040146214,0.3964033204854944,0.3416721100826077,0.14350740545661222,0.20824859796104112,3.3080478230020054,1.3130308745240677e7,0.142,0.203,3.37,1.8433e7,6.512166466257283,9.146896919460486,10.039748490348108,13.028565804175892,15.947853860874567,20.462030118131743,22.806151049190106,22.273715250580857,20.26561274340161,15.849460333201932,9.761617137572815,6.741667382372657,14.402957129892188,2.751710308020954,2.82915672093499,2.6007033218170093,2.6718110287560095,2.867664774559124,3.1086029547255416,2.4768429034528316,3.104383704229626,2.6952710789700007,2.9399912931426355,2.725135224004749,2.437732269970797,2.7674171319204977,161.0798552059492,111.49045420706177,104.96599100515479,51.69683536573279,38.65460541383216,13.753328179775053,8.145962166225384,10.890538663973288,10.022306321442372,42.617251782178485,56.708643963263675,145.52876334992894,62.96287796907668,139.50410840460407,96.95541283812798,85.98682283089684,39.294789091305276,28.53643718371893,14.818606446695414,11.33132172658018,13.892963220081096,11.940856881942024,47.82893629258186,52.811737344523046,125.29596704700704,55.68316327600842,7.877777778,9.300000000000002,11.17777778,14.01111111,17.17777778,21.9,23.62222222,23.75555556,20.87777778,16.81111111,10.55555556,7.6,15.38888889,1.174497528,2.285278976,1.227576655,1.863762622,1.194547799,2.508983858,3.012796781,1.703754025,1.710100712,1.676636845,2.113120389,1.716828471,1.848990388,158.6111111,102.7222222,90.38888889,43.07777778,30.155555560000003,6.266666667,3.6333333330000004,3.555555556,6.188888889,28.28888889,47.84444444,109.3666667,52.50833333,93.29652250000001,78.18309884,77.28865448,32.1743212,23.92170098,7.635279956,9.766012492,8.49869271,6.080181832,31.979190279999997,42.86193273,76.94887913,40.71953893,0.41095216491291925,0.3993167314925024,0.1914397122160806,0.23393869213739413,0.23790638846542925
"Sault Ste. Marie Tribe of Chippewa Indians, Michigan",0.3759572959231426,0.3710199072982709,0.001,0.23574053768295786,0.3020265993972115,0.12452729807846392,0.1876118180866763,3.0033937929790024,1.3451527511229748e6,0.162,0.208,2.99,3.1e6,-8.60688010726846,-8.29847032021926,-0.8423482440984082,6.097285177462485,12.474888557733253,17.498331418974914,20.22302510302806,19.47263758007205,14.459698034080683,7.754679797707666,0.7584187255476121,-7.413302176821022,6.131496962198834,2.4810826523959157,2.831497601321684,2.523333991237197,1.9986929386285797,1.4017429531239671,1.9104295955096349,1.2258864820246769,1.385784212666546,1.7592000263321739,1.781151781464348,2.6145968954507497,3.845493755962824,2.1465744072290946,34.920548238133314,24.61261948276501,37.84281566903571,56.60912179609982,79.21000988884369,108.86060311340857,88.13869750500615,105.22146166934282,107.41372620400868,70.36992904872396,62.87592011662318,42.86039594249312,68.24465405659623,14.88489632807619,13.948372665597079,21.735310375533516,21.124374993988052,27.794507561218147,44.7784948538278,33.79966311630293,37.04034272650741,46.63357116329054,29.129681588789495,31.408574306969797,20.88597407763223,28.5969803135368,-8.12222,-9.08889,-2.2,4.53333,10.85556,15.26667,18.66667,18.65556,13.88889,7.44444,1.65556,-6.24444,5.44259,2.59648,3.08561,2.62213,1.84992,1.3175,1.83787,1.48099,0.91179,1.88116,1.73789,2.27015,3.57153,2.09692,63.37778,36.57778,39.41111,62.01111,61.14444,98.53333,64.15556,77.66667,108.62222,83.32222,76.85556,68.22222,69.99167,20.87618,19.03423,21.91572,32.93423,24.43523,48.17309,25.21213,27.50531,41.92872,35.90527,22.54896,31.56559,29.33622,0.4226845789401703,0.39463005060364276,0.0010005419602551122,0.2765440813159743,0.38278514614618536
Blackfeet Tribe of the Blackfeet Indian Reservation of Montana,0.18566467751003676,0.17953115914966009,0.001760571449829211,0.12322367742974344,0.033911655547780084,0.09636320364813715,0.15304986538828433,3.2827508293137067,1.3174479774462718e6,0.17950383835116168,0.26195321077613354,3.194675277337018,1.2755289413522887e6,-5.052165796117993,-2.774912594055879,1.579621617978398,6.166543697383016,10.61326181542307,15.220760145379565,19.80236883496607,18.34744293843705,13.531615816281663,7.659035306151989,-0.5767185652883254,-4.796201647237086,6.6433876308096655,3.1405044470179777,2.5639626684549746,2.340624760753181,1.6485029009543628,1.7904409976203437,1.7666944935355235,2.5295136460863588,2.215296506277281,2.643567754749276,2.048086513146604,3.8922856514376485,3.019805131616826,2.466607122669334,42.19916506677436,13.998346063460557,28.77547671589661,34.589915262733975,74.90632802637475,61.79352287397532,30.72856100818309,33.971047586630284,35.948469731354656,32.933580809313355,25.505425878864035,18.08509444886812,36.11957778982811,83.90791340485117,11.098997519598765,18.734082262737335,18.86561707164369,36.40563304368947,37.01620795632821,21.97356812637073,24.09393329345108,25.84634904001942,18.141445378236664,13.923806264327666,13.699378588977526,26.975577662929844,-6.485714285714287,-2.9507936507142865,-0.8603174602857143,4.4682539682857145,8.860317460857145,13.28730158714286,16.874603175714288,15.195238095714288,10.850793652285715,6.849206349000001,-1.8619047620000007,-5.733333333428572,4.874470899714286,2.925335754571429,4.7792076240000005,2.479287670571429,2.4201086554285722,3.8412780722857147,5.227756565285715,3.183212205285715,3.3714378840000006,3.222619491714286,4.283425667714287,5.249413353428572,4.911048779285714,3.824510976857143,18.21428571357143,16.907936508428573,21.603174602857145,35.27619047571428,68.13809523857144,82.35079365142859,32.103174602857145,39.312698412857145,43.55714285857143,32.56031746,36.78888888714286,20.36190476371429,37.26455026428572,11.04103887357143,12.37328417157143,16.556767179,23.478581082857147,36.80904616000001,59.52308715,26.006705904285717,25.40730010571429,41.14558029857143,17.358124914285717,46.85434863571429,14.159266057000002,27.559427544285718,0.15997892418776236,0.1555993413483665,0.007148833116347633,0.09959071290633582,0.03961082733964514
Ponca Tribe of Indians of Oklahoma,0.487431381623461,0.4311347489219527,0.3238886219899705,0.47371695914336115,0.3907638221213044,0.12297024965380386,0.1698924460081904,3.3415560729122693,334256.3701004841,0.15405588108492438,0.24008263061087684,3.0803322799874686,3.332323556128832e6,-6.444444444,-3.9888888890000005,2.855555556,9.3,14.63333333,20.92222222,23.9,22.96666667,17.95555556,10.15555556,1.5333333329999999,-5.577777778,9.017592593,2.667916374,3.274692522,1.7493649639999997,2.286919325,1.8834808199999997,1.127805145,1.123610253,1.511621646,1.6771337980000003,2.042737814,3.224515467,2.739424108,2.109101853,10.13333333,9.288888889,32.16666667,58.855555560000006,97.91111110999998,100.7666667,58.01111111000001,78.33333333,51.81111111,39.36666667,23.44444444,10.48888889,47.54814815,4.199107048,6.905151056000001,25.1713627,40.84455628,33.61407609,64.07183469,28.066013449999996,31.78651444,39.30010956,18.78516702,17.40733402,5.841113859,26.33269502,2.6055555555,4.4,10.545801586331022,15.494444445000003,19.975447916738396,25.97777778,28.405555555,28.272222220000003,24.005555555,16.772222225,9.794444444500002,2.9535332330352193,15.766880042973773,2.1920492670000002,2.8467459364999996,1.3358981448470781,1.4005951105,1.2448588815650525,1.5461411085,1.4531096855,1.7075719260000002,1.474417606,1.3516941895,2.0105198665,2.709425867250349,1.7727522992303222,43.32777778,47.822222225000004,86.7,88.02222222,141.86111115,149.3777778,106.4333333,94.77222222500001,76.672222225,73.87222222,49.67222222000001,44.81666667,83.61250000499999,25.989375080000002,34.83180872,47.60368079,40.102691695000004,81.49107883,76.73613897,58.851854724999995,64.375138605,49.792149450000004,50.735757500000005,47.12872787,39.522306015000005,51.430059025,0.20433615970166577,0.19156612104107798,0.03320213351762684,0.1845120803267195,0.15722858391759567
"Campo Band of Diegueno Mission Indians of the Campo Indian Reservation, California",0.2020951406118248,0.20208822618021724,0.019417865809087914,0.08981718941745764,0.07548383266438899,0.09599999999999999,0.12599999999999997,3.519999999999999,1.8815899999999994e8,0.096,0.126,3.52,1.88159e8,9.694274993900876,10.757649479348588,11.45286855357408,13.229811183069724,14.83870733471678,18.406729605021788,21.39082546587147,20.9702251274292,20.44520697148149,17.104175744662314,12.325127089208067,10.072839505875821,15.05737008785404,2.219061781777779,2.3160176233006546,2.7234931567429204,2.7097008240261466,2.8882221970043584,3.2989365928376926,3.6423984223257078,3.2640521428986937,2.3865610091307192,2.546496336744009,2.265133693956428,1.9937372043899795,2.6878175821154686,111.80196079714604,83.17154442136169,53.55777051599131,27.04652626233116,11.822657952539215,2.7440208181535963,2.078988138494553,2.74170902922767,5.055664488023968,12.462962962248373,25.847179858028333,36.020890824596975,31.195989672069725,108.56705871065361,87.42672964504362,42.269368632984765,25.570046725174294,13.702371530065362,4.287380734612202,3.8628070335816997,4.894721708021786,6.174727520617647,18.121848249139447,42.306498818333345,44.42015148933552,33.46697589992376,9.266666667,9.2,11.46666667,13.48888889,16.6,21.41111111,24.98888889,24.66666667,22.46666667,16.94444444,12.21111111,9.622222222,16.02777778,1.6530275249999997,3.343276836,1.9506409200000001,1.5382168610000002,1.399106858,0.987983356,1.634353423,1.2698425099999997,1.345362405,2.9232307089999994,1.374267482,1.042566278,1.705156264,83.42222222,54.84444444,31.55555556,22.95555556,11.73333333,2.033333333,6.522222222,14.31111111,7.066666667,12.44444444,21.37777778,23.944444439999998,24.35092593,66.52747135,47.13600299,20.69728914,26.3031895,17.17192476,2.098213526,11.285474929999998,19.32611216,8.978585635,13.79303367,40.34261945,27.20579493,25.07214267,0.25539703532252245,0.2535601365073228,0.14303297568848486,0.1586966785210383,0.07902516123025997
"Hoopa Valley Tribe, California",0.2653125706872784,0.2609301131835473,0.022041917885106364,0.09263873442663445,0.1802544020612384,0.14187093611519966,0.1980123592736362,3.324778151497148,1.0475637696279213e7,0.141,0.196,3.3200000000000003,1.0777e7,6.710295325797381,9.96421498609094,10.572325276102486,14.187839611137644,15.437680344206782,21.520391749586196,23.21540767632897,21.42239950498251,19.479601043325996,16.326240613668453,8.949849382281492,7.052345743215471,14.569882604193808,2.353416254039567,2.1708845922768223,1.5719573977380998,2.1615117199691283,3.1468990266248538,2.2329313121432106,3.4821529504668587,3.2161424076936065,3.2620421741093564,2.8651456123406436,2.420144378496434,2.1441782754953977,2.585617175186538,181.41290844265157,135.25911559861214,119.60448970354145,61.56143180162925,32.602689496838806,13.085091019329106,3.4174183133188465,2.4910638362487987,8.944931608984964,43.185837621713596,62.204355658848094,150.13678241982106,67.82550962649762,142.84808537512004,122.25210287124794,67.76930553074716,57.229688185197865,26.854681360329476,17.757060661449238,6.109606934253607,3.8209319083175464,10.574476901313798,47.50226165855233,46.670910877462745,117.44517817169292,55.56952420257366,6.7055555555,6.3277777775,7.3944444444999995,8.577777778000002,11.08333333,15.305555555000002,16.527777775,16.23888889,14.749999999999998,11.10555556,7.1777777775,6.15,10.612037039999999,1.705705461,3.6968563125000005,1.2537193755,1.924741778,1.5084786675,3.492881373500001,1.2591574125,0.8481822865,1.4962176499999997,1.844528777,1.3634213899999998,1.6344519845000003,1.8356952060000002,243.22777775,154.86111115000003,167.58333335,103.00555555,72.66666666500001,33.472222220000006,10.483333335000001,11.1555555565,15.961111114999998,76.294444445,138.36111110000002,298.40555555000003,110.45648150000001,119.79866914999998,80.7425943,77.5218859,72.38454866000001,49.151256675,26.473699684999996,12.16155968,12.9525593545,10.897566854999999,42.55641173,70.97148410500002,188.28619905,63.65820293,0.4517918893868749,0.451595148223153,0.026108137854836694,0.15171341784158474,0.23553781697630805
Coquille Indian Tribe,0.1877850777085418,0.16815576835546686,0.001,0.11008646625728041,0.1877617852605661,0.1526336471017424,0.22712604265239106,3.3830084791749426,4.401673295434416e6,0.156,0.24,3.3,5.515e6,7.045975799643404,8.555256815788677,10.79475238887582,12.363253334434411,15.288642867991413,18.895800069700254,20.700266941827113,23.177525898494526,19.748095429624954,16.454035916680226,9.556275208296125,7.646927248212152,14.18556732657478,2.4777301844877258,3.276064623851561,2.6453608235358494,2.2044791673722703,3.3156034240511425,4.354085261759758,3.1708194723538226,2.36390435041407,3.115950917101221,3.401538402753126,3.0801487084177577,1.8118266141290857,2.9347926625731304,164.75005020580645,109.816756206611,103.29938494381459,65.77881709261115,47.36142658755832,14.387190172394428,3.6020418068015556,4.605860989669454,14.313573831410702,46.11364914398406,60.907393181970974,169.36305501097323,67.02493326472667,136.9735797554753,98.48337613950075,93.7396055881218,54.014701187346766,33.114995914024774,15.081190436122613,4.970955274485394,7.783050771080737,17.721827889261935,35.1035257718542,63.79004328411366,158.19426918554367,59.91426009968676,4.797222221999999,6.56944444425,7.416666666749999,10.17222222225,12.12777778,15.019444445,18.6944444425,17.3194444425,15.619444442499999,11.100000000000001,6.191666666500001,4.122222222,10.762500000000001,3.68324692025,2.0867143974999998,1.6880789155,2.068871499,1.3114880045,1.1578933605,2.0403428179999996,1.3224060195,1.6983965005,2.1276172645,2.9026088404999997,3.8820117105,2.16413968775,212.63055552499998,127.852777775,140.675,97.3888889075,71.03611111,55.2527777775,16.3166666675,14.922222222499999,35.588888887500005,105.3055555575,144.4472222,219.13333335,103.37916667,136.33274057500003,64.7024190025,77.74262764999999,66.3148008,35.787758735000004,25.80723965,11.776990638250002,19.5435687125,28.797993292500003,62.26614803500001,75.4737860475,119.3129743,60.321587287499995,0.2973103496055079,0.26156685980040906,0.0019036275968204927,0.19033713395190568,0.2919993208489851
"Kashia Band of Pomo Indians of the Stewarts Point Rancheria, California",0.6978316968964758,0.6978316968964758,0.001,0.25589567982858746,0.3110899084069139,0.11879992365365392,0.16535741276582183,3.704910834195921,1.5163526695225174e7,0.09,0.118,4.0,3.0682e7,7.790875645397652,9.945993978543187,10.995247642073606,13.529510469169631,16.268526333738436,20.50043631588898,22.378749634404084,22.151802692342006,20.053089440445422,16.918517612369925,10.513912732261911,7.65129750829053,14.89149666710967,2.153124471294059,2.3936420697143515,2.377902602940484,2.5987682842846622,2.2014857513282093,2.89916856150479,3.1016657427476186,2.9479504247660175,2.8534253890851806,2.3350058835558496,2.182641808623863,2.2184865619865373,2.5219389626974875,161.0846768261212,115.30365023919157,104.54803012122854,48.690658846015005,35.28687404152784,9.85363880012699,3.481756501382358,2.306298267120121,7.433230710663072,34.578686204325656,52.23517759642087,135.61290848289678,59.20129888627747,132.66533382742662,102.10864102238294,90.58325998263825,38.86988675526018,29.98368729916087,13.634043477038823,7.038968031887644,4.967690180081305,10.11251236181664,39.58421930552746,48.35999080443877,123.1103553922498,53.418215703225535,9.033333333,8.633333333,11.18888889,12.36666667,15.5,19.2,21.52222222,20.64444444,20.01111111,14.88888889,10.55555556,8.555555556,14.341666670000002,0.988685997,6.982120022,1.6366463,2.329699551,2.029778313,1.7392527129999997,1.859286004,2.094702312,2.091318032,4.6033804,1.029697906,1.479113849,2.405306783,256.0333333,162.6555556,137.1333333,66.02222222,46.54444444,10.52222222,9.977777778,8.422222222,6.566666667,41.9,73.5,224.17777780000003,86.95462963,204.6327076,113.3368553,111.6280207,48.97626409,34.03531663,13.04509273,14.69623913,15.48303731,10.32206375,44.66906088,56.42650087,174.8872121,70.17819759,0.3688083069283412,0.36618448199537984,0.1221602655985958,0.14851064185699206,0.2135435925363214
The Choctaw Nation of Oklahoma,0.44900197090949234,0.3583919655440433,0.4096816941955881,0.32160164015122233,0.36739919889051265,0.1915144820015527,0.24125671364498544,3.172476969640949,3.6835507626029053e6,0.1776656587601073,0.26389820821005405,2.9788105237430096,2.8900017417028975e6,0.675418871219246,1.160967813202381,2.783686067073413,7.546296296093255,11.692283949047617,16.87344576829365,20.495535715049602,19.709402557906746,17.075264551478178,10.894190916845238,2.798622133872024,-1.4233024692073413,9.190151014221232,5.216913299399801,5.819994073212302,3.539580231816469,4.4665433060744055,3.2222187166914678,4.160349753362103,2.505610650578373,1.6812601030406749,4.343577559411707,3.8957424560099208,3.3243508496210312,2.6449284043561505,3.7350891170644838,39.143970458392864,60.5408179016865,33.148225310535715,23.32649911678572,57.788481040248016,38.42731481531746,18.56359126957341,39.40293209781746,21.56958774267858,23.49802689576389,31.243264990793648,28.501587301488097,34.596191579216274,30.941763666339284,64.87757183594246,22.531919488591274,20.44427891003968,39.96418140934524,37.25741750102183,15.819720801726191,50.533579126329364,23.109034358263887,19.533706296607143,28.976208925644844,34.90510220540675,32.40787371123016,5.483333333350002,6.942222222100003,12.272777778000004,16.55555555500001,21.10388888900001,26.07333333300001,28.243888888500013,28.82611111150001,24.585555555500008,17.569444445000006,11.736111111500003,5.457222222200003,17.070787036500008,2.2132455776500004,2.7177266635500015,1.5622113335500012,1.0644291025500006,0.9627479133000003,1.383176233700001,0.9575545625000005,1.2571836952500006,1.414995840650001,1.2893853326500004,1.9352923905500006,2.565086612850002,1.610252938200001,94.44388888500005,71.67833333250005,114.33611111500007,117.54833331500005,188.17777777500012,103.09722221950008,89.78388889100003,58.34388888850002,118.19888889500005,93.94388889150004,101.29666667100007,89.61277777800004,103.37180554850006,46.742153248500024,37.55694673200002,58.80207943600003,54.05486015650002,117.72763551200005,61.39623764400004,49.06955505300003,59.59185217200003,55.16197229350003,65.43739917400003,80.86371034100003,58.35388528750003,62.06319058850003,0.22649596207114753,0.1772208451406307,0.2097337510979711,0.11917932157537593,0.1956756047812441
"Yomba Shoshone Tribe of the Yomba Reservation, Nevada",0.08348620791794929,0.08178094878378717,0.013835814089295309,0.03178344043605192,0.001,0.1079906434876626,0.12859819389911398,3.156775688505414,1.2942395420492021e7,0.162,0.259,3.15,3.775e6,-2.6148529667663767,-1.5020436712481275,2.3988723987930842,7.089983001193287,11.034457543284683,16.734224180612816,20.832225443880464,19.804649447557345,15.299026278141117,8.879334588092597,1.5078347089260127,-2.940644513126132,8.043588869981539,3.1284342421661564,4.004081086491138,3.404880560499896,2.659366961298927,3.38286742725737,3.484445998017659,2.884485715383157,3.3842829547468107,3.2681718110773303,2.7441503231151265,4.431889566089633,3.1117791152105037,3.3240696467982143,33.970994366604096,28.52742381286845,47.908600926413214,42.455266025039585,63.839031322802526,35.95106443894409,39.1968081678562,28.115751656352252,30.71065646742434,29.570701868019913,36.93313536725699,40.48695903734599,38.13886612171009,28.74957920774323,21.636418330065855,27.330287615881105,22.83335946798874,32.723174042297344,21.702988056186552,33.155143605030716,24.102617438499085,20.41506044724551,20.12338640509724,29.994880487211805,37.838021375152174,26.71707637347512,1.3944444445,2.2666666665,5.0666666665,8.227777778,12.149999999999999,18.005555555,23.099999999999998,21.65,17.766666665,10.711111109,4.3055555555,0.7055555555,10.445833330999998,3.4479391909999997,2.3433110275,4.310707704,2.8644839280000003,3.306696355,3.1815174894999996,2.0178347690000003,2.1694428325,3.6324252159999997,1.2138298850000002,3.3081479340000004,3.5365433475,2.94440664,45.77222222,24.677777775,38.333333335,23.266666665,40.594444445,10.149999998,18.849999999999998,12.716666665,10.405555554,18.51111111,26.444444445000002,46.87222222,26.382870370000003,42.76774298499999,18.759103749999998,31.781874254999998,19.854111965,26.01146239,8.744383047499998,17.492800975,13.79819528,11.494438441,14.15923521,29.063594049999995,49.379571915,23.60887619,0.22529311624161702,0.21952504633633838,0.0015587717299331604,0.16552203755707864,0.06804394055450329
Quinault Indian Nation,0.2243017946210981,0.19402298723479264,0.0010000000000000002,0.14264292508111748,0.2184293943287658,0.14910133609661172,0.23210651013644135,3.5871597100004524,7.51280969532637e6,0.15036638086198895,0.23592959787355433,3.485553073855064,6.225054158347681e6,6.414793926222066,8.460572254901956,8.70474468887803,12.13468167896995,14.579842303438499,19.33187342885095,23.510969252929065,20.44364769475054,18.566234893361045,13.986645318645195,7.361632751395173,5.32168577626167,13.234776997555631,2.962613951318376,2.543499400306292,3.3536199305675263,3.1801426964442534,3.5123740002467296,3.7030556050088657,3.0137710122672483,2.9001718300072534,2.529631399047413,3.032592238447042,3.2960268103124912,3.3664075584136985,3.116158869391694,149.13545570709036,145.77499225753343,137.1715731840471,68.58397755113974,59.934959198140724,26.854199634402267,4.754938539199758,9.255497022263652,23.166064799840086,66.61501153634953,106.65775918761891,197.61415212299988,82.95988173013887,112.73312140877414,124.50046404698257,103.10433131572056,46.99287441687949,38.396902153565584,23.021021026833353,5.708140952603407,17.366100699046726,24.43784224374222,62.22081766186494,65.01415198902882,154.6684615192885,64.84701911985258,4.0194444444999995,6.0027777780000005,6.1444444445,8.26666666675,10.9916666675,13.1638888875,16.541666667500003,15.02777778,13.9611111125,10.458333333250001,5.099999999999999,3.3972222222499995,9.422916667,2.8801060682500004,2.2736354675,2.0884998085,1.82234345325,1.8994027512500002,2.1382402295,3.4910304932500003,1.95483026775,1.9869189274999999,2.7243078755,3.0423970437500003,3.07960778025,2.4484433469999995,352.749999975,259.15000002499994,240.85,170.847222225,116.51666667500001,88.62777778,49.4250000025,59.3249999975,101.02222224,271.3138889,366.09444442499995,378.402777775,204.52708335,193.97525025,153.978789975,80.62501190249998,88.28195736,63.473796295,42.592395090000004,30.6903722175,43.375008655,68.591235815,178.910929875,250.85867365000001,195.377249825,115.894222575,0.48266291776144304,0.44081450734902844,0.001126533667812412,0.33402204493251847,0.44510956233261173
"Mescalero Apache Tribe of the Mescalero Reservation, New Mexico",0.09073952208559775,0.08970304526505109,0.0009908126037130509,0.06937383360168546,0.043818728918729344,0.15955052648779153,0.2590170555692263,3.0529906430458302,4.804010743489929e6,0.15896955935026003,0.25196384788397375,3.1796761836505105,5.611036786684385e6,3.4673435532580594,5.027688836459358,7.621765856698292,11.552308365596852,16.130379504993385,22.103916082396893,23.74171868807728,22.066282919809385,19.138792174962596,13.806086427368651,6.113473773987925,3.622192019926802,12.865995683574686,3.3063971856485916,3.414433504491814,2.860131021730637,3.3905972796195902,3.6005608939251466,3.338772845611231,3.439971694370474,3.49843060019311,3.690094787846069,2.899046171381469,4.096293278040403,3.1403636543723126,3.389591076470203,28.354976826151898,25.22551449383409,26.31555395645994,20.045310983456908,24.225919781972046,21.52299615607008,49.10934272293708,53.26805797108034,42.07074530800699,33.87562964007213,20.317830009772916,15.227518283017048,29.963283011400037,25.55737300405584,19.59434832519425,18.651224505919703,15.898253801534311,25.92674566190907,22.394896196892716,36.988004041390795,30.066996206959164,36.59855937559961,30.919381329483155,22.66438669434855,12.776246588911805,24.836367977589802,2.9370370370000005,4.003703703666667,7.114814815000001,11.137037034666669,15.67037037,20.559259260000005,23.311111113333336,21.00740740333334,18.348148146666666,12.918518520000003,7.155555555333334,2.6037037036666675,12.230555556666667,2.132683555666667,4.2435717376666675,1.2872812023333335,1.6705816720000002,2.334896348,2.0280504163333335,4.403691245333334,2.4646539250000004,1.781314011,1.98012546,2.207866242666667,2.8334066076666673,2.447343535,26.137037040000003,23.174074073333337,23.30740740666667,24.18148148333334,17.75555555666667,29.651851850000003,58.18148148333334,59.90000000000001,60.23703703666668,40.21851851666667,34.04444444333334,13.855555556333336,34.220370373333346,14.979782636666668,18.69728386666667,13.412911407000001,19.114486533333338,13.683746298666668,31.229610323333333,48.537134363333344,42.376067563333336,49.83983151333334,47.84701525333334,63.07491799666668,12.568508049333335,31.280107986666675,0.15331461452116407,0.1346929920124546,0.08492366802785084,0.09207744821899419,0.04035459204229546
"Forest County Potawatomi Community, Wisconsin",0.42304623324351415,0.40664666941360283,0.0009999999999999992,0.23357758096922562,0.3800370771844414,0.13035482931067296,0.14816283131431882,2.820513143348309,5.351719465714753e6,0.11961210481409663,0.2124109741534982,2.91134563620483,542266.0052449981,-5.356906288214284,-6.215392246839286,0.05854700843956045,6.468475274822801,12.67773962323489,17.72081807173077,20.402312271586542,19.886462148392855,15.237309218324173,8.810859279617441,2.9948260072554937,-4.568093711877746,7.343079721595467,2.9544847932685436,3.220215763783654,2.867234680180631,2.2373321864581044,1.6535418146016483,2.226833363478709,1.4772385676510986,1.5095671605295324,1.6157322209718408,2.0232478307582413,2.2195620301167582,3.3358151600549437,2.2784004645103018,52.49321581213598,41.39194902175136,42.21225579940248,70.91521672786399,82.34629121084475,96.43139498936125,84.86755189714282,77.46564407831731,93.80339589787772,72.0670787543063,79.95571581129118,58.27683913198488,71.01887909493131,20.705296981847525,25.579482158770602,22.090638425535708,26.030592827994504,34.690268686813184,49.48058631486263,22.46418748587225,28.14180465492444,25.631797675817296,29.490820970515102,35.229643096050815,23.726006364800817,28.60509380277472,-9.155555555,-9.061111111,-2.24166666675,5.313888889,12.1527777775,16.919444445000003,19.544444442499998,18.841666664999998,13.391666667500001,7.11111111125,-0.15000000000000002,-8.188888889,5.373148148,2.84075310825,2.948762864500001,2.54412490075,2.1121535355,1.6667907112499998,1.9111733314999997,1.5074899572499998,1.4329059025000002,2.19138964825,1.7898948887500001,3.3140592234999997,4.9272680090000005,2.4322305067499994,28.469444445000004,20.555555554999998,37.788888892500005,55.099999999999994,77.05833333500001,112.411111125,100.21666667749999,110.855555575,120.33888887499998,75.275,60.416666665,50.11944444499999,70.7171296325,21.563096260000002,14.753351956000001,19.45199719,22.7847429475,30.281425592500003,44.9792005475,42.32939140249999,41.75196205500001,45.766332184999996,37.4612077825,37.19859757,36.347233700000004,32.88904493249999,0.4589670151554811,0.38196027068350413,0.0009999999999999992,0.38166588842977023,0.44454228224064035
Enterprise Rancheria of Maidu Indians of California,0.23708592844598703,0.23708592844598703,0.07245737648653135,0.03255971038854934,0.09275744462843631,0.14350740545661222,0.20824859796104112,3.3080478230020054,1.3130308745240677e7,0.142,0.203,3.3699999999999997,1.8433e7,6.512166466257283,9.146896919460486,10.039748490348108,13.028565804175892,15.947853860874567,20.462030118131743,22.806151049190106,22.273715250580857,20.26561274340161,15.849460333201932,9.761617137572815,6.741667382372657,14.402957129892188,2.751710308020954,2.82915672093499,2.6007033218170093,2.6718110287560095,2.867664774559124,3.1086029547255416,2.4768429034528316,3.104383704229626,2.6952710789700007,2.9399912931426355,2.725135224004749,2.437732269970797,2.7674171319204977,161.0798552059492,111.49045420706177,104.96599100515479,51.69683536573279,38.65460541383216,13.753328179775053,8.145962166225384,10.890538663973288,10.022306321442372,42.617251782178485,56.708643963263675,145.52876334992894,62.96287796907668,139.50410840460407,96.95541283812798,85.98682283089684,39.294789091305276,28.53643718371893,14.818606446695414,11.33132172658018,13.892963220081096,11.940856881942024,47.82893629258186,52.811737344523046,125.29596704700704,55.68316327600842,2.8,3.411111111,5.677777778,9.722222222,12.65555556,17.52222222,21.37777778,20.13333333,16.52222222,12.03333333,5.966666667,2.2,10.83518518,2.617728023,7.657585201,1.886648999,2.158574633,1.304905275,1.939573263,1.635372876,1.071214264,1.272573945,2.355313143,2.137171027,4.160228359,2.516407417,273.7888889,197.4666667,165.3777778,95.81111111,65.02222222,23.88888889,10.86666667,4.655555556,16.22222222,56.83333333,89.07777778,211.5,100.8759259,206.2260922,180.6919893,189.8937912,81.80894579,45.84244152,21.78184132,28.39784323,7.274288815999999,24.71784668,51.6183107,77.78707762,242.3994946,96.53666358,0.41095216491291925,0.3993167314925024,0.1914397122160806,0.23393869213739413,0.23790638846542925
"Sokaogon Chippewa Community, Wisconsin",0.4513938957380169,0.4228495501203706,0.0009999999999999998,0.2710637216160781,0.3339795733378038,0.12452729807846392,0.1876118180866763,3.0033937929790024,1.3451527511229748e6,0.12,0.213,2.91,531000.0,-8.60688010726846,-8.29847032021926,-0.8423482440984082,6.097285177462485,12.474888557733253,17.498331418974914,20.22302510302806,19.47263758007205,14.459698034080683,7.754679797707666,0.7584187255476121,-7.413302176821022,6.131496962198834,2.4810826523959157,2.831497601321684,2.523333991237197,1.9986929386285797,1.4017429531239671,1.9104295955096349,1.2258864820246769,1.385784212666546,1.7592000263321739,1.781151781464348,2.6145968954507497,3.845493755962824,2.1465744072290946,34.920548238133314,24.61261948276501,37.84281566903571,56.60912179609982,79.21000988884369,108.86060311340857,88.13869750500615,105.22146166934282,107.41372620400868,70.36992904872396,62.87592011662318,42.86039594249312,68.24465405659623,14.88489632807619,13.948372665597079,21.735310375533516,21.124374993988052,27.794507561218147,44.7784948538278,33.79966311630293,37.04034272650741,46.63357116329054,29.129681588789495,31.408574306969797,20.88597407763223,28.5969803135368,-10.5472222225,-9.3166666655,-1.5083333332500002,5.2055555555,11.594444445,17.175000002500003,19.355555555,18.627777777499997,13.619444445,6.375,-0.8305555557500001,-6.8416666665,5.242361111500001,1.789696662,3.213995825,3.871922763,2.1587269934999997,1.3638728980000001,2.74129563825,1.6599574025,1.9718180490000001,3.5846219809999997,2.069961616,3.8881334489999997,11.38863948275,3.30855356325,29.625,17.005555554999997,34.077777774999994,65.3694444425,79.22222222250001,112.38333335,112.975,133.11944445,112.6972222,71.83055555499999,56.1722222225,42.3916666675,72.23912037,32.228197605,11.631409757499998,19.7574174675,40.442780392500005,30.198826025000002,45.393459039999996,43.550655,71.12148568250001,60.83124342,38.45245705,43.5312098025,34.3873473675,39.29387404999999,0.4226845789401703,0.39463005060364276,0.0010005419602551122,0.2765440813159743,0.38278514614618536
"Yerington Paiute Tribe of the Yerington Colony & Campbell Ranch, Nevada",0.05880355923227595,0.05716093777567248,0.001,0.02450130893533595,0.001,0.12546243484520272,0.17361458047270506,3.1898824682904174,4.464882587038589e6,0.13099999999999998,0.211,3.3799999999999994,3.9909999999999995e6,6.5939475280418804,9.679382226471999,10.739637209536276,13.34929750890962,16.117439866344956,20.206392042689,22.758568480178496,22.369002196030745,20.008539890924414,16.225050957458052,9.635293501122833,7.012788449290727,14.557944988089373,3.365435190742652,1.8651844414837315,2.1292935248016427,1.9322213632491803,1.9942007813428309,2.1944017273812486,2.1944138269174136,2.567447180515441,2.051595967032345,2.160243854299028,2.382209377130707,2.688665420471649,2.2937760547000243,123.50116318122478,97.96628257880342,82.01242487237145,59.128787540687306,35.85497418246527,17.32455687806551,5.4244529992156165,8.563283183421207,14.18609027016176,55.114138873827464,83.96732398341587,121.04778035177051,58.67427157562876,84.0804397417744,62.36006418444594,50.577863491920425,38.37958880877192,23.07502136625029,13.334752060017482,6.5413190818742235,13.055278511786774,14.607899980416473,53.71191325688082,71.91759010498093,82.66843817683294,42.859180730496085,1.623921938492918,3.7627006611133145,5.852880075651559,9.65476864978187,13.438369533201135,19.741170917082155,24.62212779575071,22.79077745974504,18.058451369178474,11.622411075240793,4.920018885303116,1.0073654388725213,11.424580313569406,1.9592093351274789,2.8445463183739377,2.0718361059546746,1.4007123220849858,1.6805108336912185,2.8782539554872524,1.8241625325637394,1.5557966166288952,1.6597233010906516,1.296776395184136,2.1679482446798866,3.0304312126458925,2.030825598283286,38.69974818631728,36.28325464492918,22.683034305750706,17.800849860566572,24.364117093767703,8.942146679379604,16.676613160311618,12.276487251031163,9.05435945811898,12.753729932776203,14.57976078283286,31.82149826390935,20.49463330144476,20.918709188413597,24.921415781444757,23.685975840424927,13.501128237337111,14.286328093937678,12.38019760674221,17.60866785535411,15.429139588158641,15.318381699830029,14.4573333788102,8.24453968931728,23.392638754532573,17.012037979433426,0.10344469959252554,0.10113557956608257,0.009975408475398828,0.04010860740984611,0.006426201222627683
"Los Coyotes Band of Cahuilla and Cupeno Indians, California",0.13252233140793884,0.13252233140793884,0.022676831178546072,0.03857264589785918,0.05347733223427017,0.10399510506039189,0.1432938932835229,3.3358287203373513,3.195195984595473e8,0.09599999999999999,0.126,3.52,1.88159e8,10.409771494544804,11.056852766643505,11.706911074164978,13.364510750498747,14.846786364851244,18.153437225406357,20.141391274108784,20.628613833496402,19.153837183216236,16.916723046383026,12.343540443979526,10.391804242265593,14.926181642021868,1.9640931368128203,2.205654241681759,2.210149898670225,2.073621125978141,1.9919029886792459,2.27238461264958,2.9689104652540568,2.361525948391883,2.2222094809678197,2.2049459372494584,2.2454974455804493,2.035202369709515,2.229674804411223,112.62692437732332,100.64427578643777,73.16192500119872,32.710424918763984,16.313943582444086,3.601409970982046,3.756747718268453,4.219808020466911,5.021870452054295,15.96974393040663,25.39617486356923,49.420395910052896,36.90363704447741,106.0994912420896,98.52812667351985,69.45924164551994,23.385517751771182,15.396178731935995,5.709194376972331,5.97690152504068,6.510201393279819,7.673654343620087,19.777723103064115,38.21234107880739,67.13319046087173,38.65514686088386,8.322222222,7.955555556,9.522222222,10.82222222,13.13333333,17.31111111,20.78888889,21.16666667,18.84444444,14.85555556,11.08888889,8.711111111,13.54351852,1.05921879,4.014695229,1.275517324,2.420112486,2.290196498,2.566341971,3.918687422,2.431049156,1.898756903,2.831568078,1.543894786,1.497034105,2.312256062,111.8222222,91.87777778,64.63333333,39.97777778,18.28888889,4.055555556,10.78888889,8.766666667,7.555555556000001,17.13333333,31.366666669999997,38.54444444,37.06759259,101.571413,78.67372144,53.55086367,21.44048611,18.40885958,5.450484178,9.49242388,8.96953176,9.617056607,16.97836859,48.31627573,54.13340261,35.5502406,0.21664211414430415,0.2162512882341567,0.09665714731822615,0.12226324986270033,0.0630975399263605
Fort Sill Apache Tribe of Oklahoma,0.407192546178905,0.3427241788059843,0.28795088304882616,0.3988014569565103,0.3100479408794345,0.1598624757846396,0.2595074328509927,3.0538009436050904,4.867661656810264e6,0.15417287040547864,0.2246837301755536,3.047701231963496,2.171015379399898e6,3.4349842522216956,5.008709856691908,7.575100202835286,11.50652911668313,16.088305520445154,22.06827646544582,23.693714217472518,22.04912698078009,19.11050040444545,13.789525126372972,6.062273780965842,3.6025302642023815,12.832464682324815,3.3123723590580254,3.439375860085455,2.8574168274977207,3.3772642898302414,3.598697909035268,3.3366732079371277,3.4409859859607264,3.505479894731474,3.6998469895513093,2.904294750073648,4.098686486932725,3.137450888415327,3.3923787874583273,28.451091499543107,25.252528004907894,26.42142398799749,20.091534832447643,24.383953529503856,21.48850389308789,49.20237143102359,53.27973755248194,41.940288566149285,33.84043836232273,20.350851554909294,15.23038260173462,29.9944254850033,25.613369058186287,19.657801603914496,18.72791804401102,15.891741026459234,25.93715930682696,22.307721594685532,37.10958041943854,30.024382646855898,36.29778347618616,30.99101944002715,22.691189912049893,12.732331229859884,24.83183314644078,5.119513331878549,6.917288894594599,11.840197332964275,16.545983403545158,21.422526416599,26.845435388096973,29.05592954780001,29.016351376618797,24.70026660476995,17.612948401723028,10.985241738396734,5.1131814946905765,17.097905326484003,1.9185276228768982,2.5818577920563555,1.2613708030702733,0.9835191210134779,1.1828052344704367,1.5466158903472214,1.3846486045711388,1.227753826460912,1.4909449169934252,1.0460640556841043,1.930405100641368,2.2995261853391225,1.5711699294514003,41.151589825242326,39.449088415828484,70.92446553647606,69.84313601133344,129.40021557730518,107.29312403151432,77.91129433084254,60.14270243734141,73.15751724208404,72.60409345834552,39.22156845588261,32.80230779882279,67.82509192780316,18.943850030574257,25.77306406085553,46.61512367312733,39.89899676606171,102.68633372813377,57.68781131047209,51.68984370993983,52.508116146097166,47.02175346760823,55.76716161370598,40.37245305854211,23.84516088289835,46.90080570390482,0.1534775945085362,0.13451292826211245,0.08648119459043821,0.09166566687736463,0.039580672976035174
Tuolumne Band of Me-Wuk Indians of the Tuolumne Rancheria of California,0.5377345077081908,0.5377345077081908,0.30949566319423844,0.23041394216671118,0.33987450503981087,0.13497919943836117,0.20241298047458867,3.467820494524442,3.37854992634658e7,0.128,0.187,4.06,4.759e6,8.023657582197224,10.006790236453535,11.40845358778645,14.229385626074446,17.24524068859153,21.15323712108339,24.04691651218739,23.376073424205018,21.112929854795656,17.06037979771428,10.603480922040934,7.530510043001902,15.48308794976316,2.0744604091462495,2.148400609541158,2.332970343646469,2.227136127452081,2.2455628525143823,2.6787790926862916,2.5205239876661283,2.4195223157583623,2.198373711910207,2.125109941813989,2.439020914712975,2.389659167143522,2.316626622873462,105.30907051075893,75.40865586768776,67.865515523475,43.346540458652896,25.19989869053324,9.721548284327062,4.24064270160268,4.761606291431625,8.128574337934648,27.489555113184824,43.84661289969836,85.56501901292664,41.740269974579064,80.8269826447135,61.79760319951157,55.92118035548113,29.20792947864571,18.973280928665545,9.585087097635864,6.6186234465263265,5.664214394131739,8.788718675152378,31.32214625528968,44.36092717789267,71.73169938050442,35.39986608626283,5.477777778,6.977777778,9.733333333,12.75555556,16.37777778,20.42222222,24.55555556,24.11111111,20.56666667,15.322222220000002,8.522222222,4.933333333,14.146296300000001,1.927289403,3.4679885299999995,1.656049516,1.887532193,1.482209312,3.206157271,2.452096609,1.15048299,1.226784415,2.086131454,3.1708743969999995,4.007804885,2.310116748,172.8111111,106.6,95.12222222,63.91111111,38.65555556,6.677777778,13.08888889,8.655555556,6.955555555999999,32.06666667,49.16666667,103.75555559999998,58.12222223,122.77680400000001,90.23666106,90.2227906,38.81244789,24.854381460000003,5.649287074,23.83948639,15.655519080000001,8.300468528,41.77286799,57.22575906,89.42564105,50.73100951999999,0.21019215125583568,0.2080924546238407,0.11494526623103879,0.10219538564602974,0.05581026978890209
"Ramona Band of Cahuilla, California",0.38471393571988594,0.38471393571988594,0.05194267830312912,0.2735431440586961,0.23999524503283798,0.10399510506039189,0.1432938932835229,3.3358287203373513,3.195195984595473e8,0.1,0.146,3.15,1.26963e8,10.409771494544804,11.056852766643505,11.706911074164978,13.364510750498747,14.846786364851244,18.153437225406357,20.141391274108784,20.628613833496402,19.153837183216236,16.916723046383026,12.343540443979526,10.391804242265593,14.926181642021868,1.9640931368128203,2.205654241681759,2.210149898670225,2.073621125978141,1.9919029886792459,2.27238461264958,2.9689104652540568,2.361525948391883,2.2222094809678197,2.2049459372494584,2.2454974455804493,2.035202369709515,2.229674804411223,112.62692437732332,100.64427578643777,73.16192500119872,32.710424918763984,16.313943582444086,3.601409970982046,3.756747718268453,4.219808020466911,5.021870452054295,15.96974393040663,25.39617486356923,49.420395910052896,36.90363704447741,106.0994912420896,98.52812667351985,69.45924164551994,23.385517751771182,15.396178731935995,5.709194376972331,5.97690152504068,6.510201393279819,7.673654343620087,19.777723103064115,38.21234107880739,67.13319046087173,38.65514686088386,7.811111110999999,6.711111111,9.911111111,11.67777778,14.75555556,19.53333333,22.93333333,22.94444444,20.599999999999998,13.73333333,8.955555556,7.855555556,13.95185185,1.3023483059999998,2.888963674,3.387271928,2.060811598,2.894007218,2.188035649,2.390606618,2.112528764,2.96605799,2.222611077,4.435682335,1.3519533190000002,2.516739873,140.6333333,105.8,64.68888889,37.84444444,14.06666667,2.344444444,9.711111111,10.14444444,4.988888889000001,20.16666667,34.32222222,42.55555556,40.60555555,137.0920038,126.3408881,62.27753296,20.89516159,12.03058602,2.833333333,9.158799654,21.565777930000003,8.292533456,26.6859982,55.84117607,66.24934172,45.77192774,0.21664211414430415,0.2162512882341567,0.09665714731822615,0.12226324986270033,0.0630975399263605
Shakopee Mdewakanton Sioux Community of Minnesota,0.717306784900286,0.593178343387606,0.0009999999999999998,0.586161300575571,0.7085450008077256,0.08537333311617894,0.13719341812557884,3.0540761799773986,1.589829892847908e6,0.049,0.087,3.24,3.888e6,-8.964002885871658,-7.246190231026085,1.164642104310199,8.383324625019416,14.345388572329876,20.014813142960218,22.29975200889996,21.225203004443657,16.37085961112694,8.899683162893814,0.2823983328194848,-8.469014248556164,7.358904766644543,2.7872939408330106,2.8946983258443115,2.2109565238686186,2.245197461699864,1.5054672333834085,1.7005887679679652,0.9695808637312376,1.469275150229051,1.8235483959898144,1.899421921073777,3.4842810093583862,4.035642123864059,2.252162643218207,17.133669648565924,14.118762564570615,39.922799725325696,55.26529607612926,95.77680492627944,116.48775166489895,91.80212158363297,98.32667678488326,81.75246611524757,48.3094356474397,35.86392893328051,23.876927297829063,59.886386747666045,9.94254604910837,9.409396122488365,24.81059478196683,28.446952162689218,37.98637466949676,47.26549166604373,40.743938620790196,41.53930453733726,48.224184730960836,19.95894970822622,29.247514112848215,17.985800242582368,29.630087283428203,-8.955555556,-6.522222222,1.888888889,8.555555556,14.47777778,20.35555556,22.26666667,21.66666667,17.11111111,9.166666667,1.177777778,-6.622222222,7.880555557,2.549073906,3.111180555,2.862885103,3.133732244,2.438635775,2.342066988,1.225765067,1.78465683,1.606583677,2.8974126389999997,2.761239657,6.984407236,2.80813664,37.41111111,13.33333333,44.65555556,66.65555556,80.34444444,123.8333333,111.6111111,109.6333333,95.21111111,63.31111111,52.422222219999995,43.98888889,70.20092592,65.63340317,8.649566462999998,31.52503414,47.82538842,17.88009446,46.58229277,44.60385198,32.75297696,58.49505202,30.89621516,61.19778954,47.09648194,41.09484559,0.6505517840841257,0.5605712748329319,0.0011382269613299646,0.6159646489560923,0.5799421110838784
"Spirit Lake Tribe, North Dakota",0.40906575911393095,0.3706741718371754,0.0009997879668801324,0.3683904025703518,0.24344350511391885,0.09986313832488945,0.1596011786676472,3.2054345674173605,508428.34556971816,0.13897302415023968,0.24435226395797585,3.1779643009294856,466913.5038488432,-8.205605057832768,-6.149382868798004,1.1125220698557716,7.904996039707953,13.537803408838325,19.267756822564067,22.373246924300563,21.35972064089474,16.090182691311313,8.639250944579322,-0.11247105476883588,-7.6555699937162895,7.346870880631729,3.232670235690918,2.9916678850732152,2.658062038784084,2.2581579483922685,1.7694622732347987,1.9770352383326402,1.2307199148310246,1.5671193941797623,2.1822155719759118,1.9261739909879079,4.280794869901046,4.126852132853605,2.5167442912880484,12.025412796249986,11.169508248134141,28.97764948430131,39.105210412955536,84.64219881771125,93.67106482850639,68.20951658014359,66.45964130084646,47.265690093332395,40.683173824540695,25.127508126382615,16.95658190796944,44.52442970214229,6.827579298563385,7.2785125573798055,18.655006134697214,19.781089070658876,43.78467506580858,39.11115167836445,31.258377922187172,33.16100731303751,29.976025619139737,25.279771951866632,21.73190052846116,12.979147445102523,24.152020382121407,-11.005555555,-7.761111110999999,-0.4916666665,6.327777777750001,13.9444444425,19.080555555000004,20.26111111,20.733333335,14.474999997500001,8.8277777775,-2.84166666675,-10.13888889,5.950925925499999,6.38400334725,7.3346823345,5.400375026,2.3215844760000004,3.72580492925,4.357898787000001,1.5491449215000002,4.346046164250001,3.2390202709999993,5.395209492749999,4.559245315999999,8.243921678249999,4.738078062000001,12.5,15.175000000000002,23.533333335,20.222222220000003,83.72222222250001,92.69166666500001,56.586111110000004,77.7222222225,49.066666665,39.316666665,28.305555555,13.67222222,42.70949074,7.733660249499999,9.5925864505,14.896225787499999,12.3300529925,44.660067274999996,59.12785606,34.1531980575,32.971007817499995,35.278865345,20.261639619999997,22.388445895,5.346240526500001,24.894987175,0.39005421606803614,0.3568804990226411,0.0019067880651028814,0.34921604226101044,0.22934790733571073
Pawnee Nation of Oklahoma,0.3509756475607116,0.29967939495812224,0.21647949002961017,0.2996911971043153,0.30502359659839334,0.1187027147725837,0.17446805168382207,3.0729922434328674,755388.0160452598,0.14618498391402254,0.22125169480744056,3.1419843362500144,8.110567148906778e6,-3.528193492080527,-1.3242515470765817,5.093397260846646,10.733400419398265,15.663274980262925,22.280879374314402,24.923699987835757,23.97181840049442,19.36159502647347,11.852189887452234,3.645207113856239,-2.9375806062506653,10.811286400021848,2.4434202212172567,2.923598938693026,1.854659875235469,1.670818685554274,1.685859937034115,1.530547174786757,1.14731203091788,1.5181500502939635,1.9182836950834254,1.5587304407382185,3.5739969534744906,3.031034129295301,2.071367677789441,14.731084164071143,13.799543402817143,49.885858467558705,52.9413876349975,109.71795023210169,103.01563416479678,81.55099477787218,74.94412555078917,50.5097411310787,34.08697050820719,26.977446989789538,15.150560108794178,52.27594142812345,8.256260045781081,10.519577774869438,25.40432430849918,30.71218296696386,49.971879546523034,50.36302854702123,45.43317717434339,37.29493155632383,35.62827721530902,16.786842660681355,20.628554206913243,16.46535361917174,28.95536580252908,3.2555555556666667,4.955555555666667,10.933333333333334,15.811111109999999,20.21111111,25.829629629999996,28.277777776666664,28.30370370333333,23.999999999999996,16.825925926666667,10.248148150666667,3.574074074,16.01882716,2.167480880333333,2.724503491666666,1.3075229226666667,1.2983824066666667,1.0323844679999998,1.6181831973333332,1.473044822,1.6571298746666665,1.5030631786666666,1.2305785623333332,2.084679250666667,2.910918936333333,1.750655999333333,50.80740740999999,56.411111113333334,101.90000001,104.62222221333333,163.87407409999994,160.74814813333333,108.59259259999999,81.70000000333333,93.88888888333332,78.83703703666667,60.44074074,50.074074073333335,92.65802469333332,29.986394790000002,43.82995788666666,50.35319568333333,46.50902601333333,86.67694622333333,80.35836953666666,65.94426095,55.90027846333333,50.77729341333333,55.81000703333333,53.49869219666667,47.462556479999996,55.59224822333333,0.5575658015239431,0.4865160858825685,0.0072595106061306425,0.5310385852149042,0.44225255979909933
"Washoe Tribe of Nevada & California (Carson Colony, Dresslerville Colony, Woodfords Community, Stewart Community, & Washoe Ranches)",0.09032807662092156,0.0868986806157957,0.015992444088003075,0.024384093206110014,0.003868201385853939,0.10868771906959009,0.1679725029093088,3.8989355699011212,9.726747368447518e6,0.11999974112878743,0.19570689067848185,3.6718415504998516,3.2218564055717173e6,4.18225424769309,5.6668770733333,6.890876002094159,9.422960012073748,12.30784133665677,15.98128747043043,19.471720252188845,18.3906502936531,16.36937517366636,11.648155253091513,5.755339683820388,4.168805709938925,10.854678542350275,2.989708718424389,2.6604521622768282,2.223622887612075,1.994872238658211,2.473284619033795,3.0007638379900263,3.8945921002052657,2.4069573860522433,2.8020189939478244,2.3323916686787247,3.139128496007734,3.0207929589351266,2.7448821723265526,204.51236589490722,124.85802797601032,140.65015711557842,94.97889320444027,68.17849643951867,50.084018930763534,16.35449532456946,17.973051005782008,46.634381541526565,100.43930997410972,172.53713048983707,223.01337749089467,105.01780878592334,152.99180619620486,71.6556812884533,75.597204295087,55.70502468008483,39.59575925318936,32.29030058870993,17.883257816947488,22.396443976878896,43.60939448571631,84.61588326772933,116.15717622634385,138.23729122220033,70.89460194183482,-0.500559642851726,1.9979626488075835,2.175501478092247,6.357938753756084,9.797038295990378,15.091303530090551,20.52354901589134,19.145783810684776,13.718675723537071,9.552424070643465,2.369905048974533,-0.46279947156762874,8.313893605250708,1.744129695695529,3.0076668584816075,2.5337027186932657,2.8406855543842675,2.6478524124533105,3.323404840136955,2.863780108186757,2.0707775678053197,1.9636758441148838,1.861088796451613,2.2473651315574426,2.5972838662093944,2.475117782827957,135.37116891929827,85.95847323775892,52.55366283075835,41.488190908556874,26.859781173718165,13.939872981284664,15.286480539377477,12.271049485942278,10.562711436622525,29.248965600181094,35.92903226058856,103.34477142124504,46.90118006348614,103.89780925488398,60.83800303636106,43.319966905149975,27.406758587487264,20.26426330830787,16.94331397126769,15.49893210409734,13.379561519895303,12.439786734221844,37.182799541607245,23.495032924934918,100.85318377594794,39.62661763820034,0.1389529977253273,0.13085587293706752,0.003097912037801215,0.08401409843821754,0.04587800668662913
Confederated Tribes of the Umatilla Indian Reservation,0.3276315351426433,0.32321384186426205,0.005686861318583142,0.23271657156044115,0.15651755704478007,0.12723474857807174,0.1873793125969434,3.1854025117736553,3.9467225518951667e6,0.132024246659284,0.19304041109880668,3.1906465775809063,5.460324284286797e6,0.19803896107857166,3.275903318929095,5.225643578692872,8.85988311674937,12.265419913177944,17.263425685803927,20.89947763402989,20.79984271288705,15.932888889324692,12.45859018759092,3.8810606061022104,2.6038961038967554,10.305339225894043,3.037032519978318,3.417411709606764,3.0179223933159776,2.9296155149646808,3.039826557632861,3.007405831132081,2.6116365867016955,2.4084745236362384,2.8150656026918246,3.54105539933741,3.4492648701614343,3.6072760937032617,3.0734989669190944,118.78494227862083,86.57120490445084,88.39322799401951,47.45429870068579,41.35316305924937,17.760122655381856,6.568531024709222,5.111004328981829,10.617220778757277,34.879750361335105,49.38225974090399,90.9668023102029,49.82021067775715,103.672491343178,112.86351628343263,106.14916074334047,37.505721236337706,27.808968832916907,15.816968275445488,6.9947463561476715,6.5032512292635145,14.488247595945747,43.98489935869616,48.6095998397936,81.55963003693387,50.49643342721046,-0.961111111,2.72777777775,3.97222222225,8.955555555750001,11.3333333325,15.166666665,20.88888889,18.6638888875,14.5583333325,8.886111112250001,1.661111111,-2.4555555554999997,8.61643518425,3.0699816172500003,2.985573897,1.7471426407500004,3.4712406869999994,1.485781379,2.14054938925,2.11262945325,1.6186336554999998,2.3997392865,2.46301746025,2.58813179075,3.13888262125,2.4351086564999997,62.230555555,33.8111111125,53.16111110999999,38.633333334999996,63.719444445,40.5472222225,20.963888890000003,11.886111110999998,31.166666667499996,43.888888890000004,55.280555555,82.2111111075,44.7916666675,54.5773524525,23.762805972499997,27.5767132475,22.524875204999997,22.472365265,20.31524407,24.106451300000003,11.036947447750002,21.6662136975,17.72316802525,34.940557725,89.55240101250001,30.854591287500003,0.32351826437711806,0.32276919427943346,0.016242898937440305,0.2265107395084745,0.10814225926387966
"Elem Indian Colony of Pomo Indians of the Sulphur Bank Rancheria, California",0.27,0.27,0.07,0.03,0.08,0.11879992365365392,0.16535741276582183,3.704910834195921,1.5163526695225174e7,0.157,0.231,3.92,6.666e6,7.790875645397652,9.945993978543187,10.995247642073606,13.529510469169631,16.268526333738436,20.50043631588898,22.378749634404084,22.151802692342006,20.053089440445422,16.918517612369925,10.513912732261911,7.65129750829053,14.89149666710967,2.153124471294059,2.3936420697143515,2.377902602940484,2.5987682842846622,2.2014857513282093,2.89916856150479,3.1016657427476186,2.9479504247660175,2.8534253890851806,2.3350058835558496,2.182641808623863,2.2184865619865373,2.5219389626974875,161.0846768261212,115.30365023919157,104.54803012122854,48.690658846015005,35.28687404152784,9.85363880012699,3.481756501382358,2.306298267120121,7.433230710663072,34.578686204325656,52.23517759642087,135.61290848289678,59.20129888627747,132.66533382742662,102.10864102238294,90.58325998263825,38.86988675526018,29.98368729916087,13.634043477038823,7.038968031887644,4.967690180081305,10.11251236181664,39.58421930552746,48.35999080443877,123.1103553922498,53.418215703225535,6.800000000000001,7.755555556000001,8.822222222,10.94444444,13.74444444,17.8,20.85555556,20.03333333,18.36666667,14.27777778,8.811111111,6.333333333,12.8787037,1.6725728680000003,2.42234964,2.7976676789999995,2.152969526,2.506048239,2.787023502,2.216478689,2.7106272340000004,3.004579838,2.311264685,1.787767074,1.8398369490000002,2.350765494,226.00000000000003,138.1666667,133.1111111,59.98888889,52.04444444,20.83333333,7.133333333,8.444444444,17.18888889,37.61111111,54.82222222,173.0444444,77.36574074,201.3557052,122.090704,132.7940647,49.32006297,37.54547613,23.88503716,18.62639257,15.45138433,17.72607151,46.66386301,52.09339636,126.1346613,70.30723494,0.3688083069283412,0.36618448199537984,0.1221602655985958,0.14851064185699206,0.2135435925363214
Non-federally Recognized (AZ),,,,,,0.13512649604969723,0.20070505518394524,3.135093122964322,4.3206458332323514e7,,,,,5.7936889947120935,7.581129904465687,8.700582835137912,11.567342224335295,14.559792695048806,19.08547466998213,21.185501162599657,21.493820629288432,18.302322231316595,14.772774839896574,7.903537574075921,4.2095016930093125,12.929622454442292,3.9705801504025016,2.63719083087177,2.2916771054334255,2.0764726112303102,2.5120419629120034,2.6127654739794357,2.6659551965860215,2.592230022327844,2.720611470116158,1.9780984192235311,3.0860690489207956,3.3601009352662237,2.708649435605841,105.13308993216077,86.48750879704562,86.4738121903055,49.819837898302666,38.550917715966754,21.187891281359732,11.732844878572461,7.964435503658223,16.890850988133824,45.00078318365096,64.79251008097975,92.79771005691006,52.23601604315251,89.0537303354392,73.72719078739361,72.48446968194315,33.63769584678784,24.932879304577902,17.895648799289905,14.695355556126593,11.114210538083968,18.192538817368305,54.16509805562035,77.95406975939797,84.20130853881378,47.67118300211309,,,,,,,,,,,,,,,,,,,,,,,,,,,,,,,,,,,,,,,,,,,,,,,,,,,,,0.15551802557661326,0.1402465333447889,0.08469118152869749,0.10067195662864482,0.031459382261122465
Duwamish Tribe of Indians [Unrecognized],,,,,,0.1078575708271624,0.15384485437310808,3.555198797670743,4.122767845200813e7,,,,,0.13348266808176332,2.1858590455023523,3.6978307696986077,7.503559425415642,10.923990979676892,14.868110123605437,20.058687202680726,18.532678350226934,14.423765460178078,8.84172675455441,2.9212517149984167,-1.0312443325420035,8.588308180209129,3.172879193576984,3.073162146969566,2.529440148374894,2.236813308673675,2.146447644851673,2.8654645305262263,2.6077539231312166,2.1059890729361648,2.178450965429993,1.9346584615652098,3.709278589145534,2.9726780471818177,2.627751336054974,87.2070558132712,46.19604954020927,59.24249062051206,51.77585328122418,46.12253201615478,26.86295925501229,12.82488732449589,11.907416509426387,27.440253295541428,45.47492187809438,59.15784074812994,97.59436269815458,47.650551915315646,88.65408080695059,43.80809189256094,50.88620357824788,37.72660158035071,25.861365992154344,21.076911223180396,10.06513442161523,17.362879232826394,25.611012137626005,51.932997040573134,73.03205896190973,99.56873407905958,45.46550591257848,,,,,,,,,,,,,,,,,,,,,,,,,,,,,,,,,,,,,,,,,,,,,,,,,,,,,0.33982472215627724,0.3220384478800925,0.0011878869202813715,0.2142276427997545,0.30745323738872116
Ponca Tribe of Nebraska,,,,,,0.12297024965380386,0.1698924460081904,3.3415560729122693,334256.3701004841,,,,,-6.444444444,-3.9888888890000005,2.855555556,9.3,14.63333333,20.92222222,23.9,22.96666667,17.95555556,10.15555556,1.5333333329999999,-5.577777778,9.017592593,2.667916374,3.274692522,1.7493649639999997,2.286919325,1.8834808199999997,1.127805145,1.123610253,1.511621646,1.6771337980000003,2.042737814,3.224515467,2.739424108,2.109101853,10.13333333,9.288888889,32.16666667,58.855555560000006,97.91111110999998,100.7666667,58.01111111000001,78.33333333,51.81111111,39.36666667,23.44444444,10.48888889,47.54814815,4.199107048,6.905151056000001,25.1713627,40.84455628,33.61407609,64.07183469,28.066013449999996,31.78651444,39.30010956,18.78516702,17.40733402,5.841113859,26.33269502,,,,,,,,,,,,,,,,,,,,,,,,,,,,,,,,,,,,,,,,,,,,,,,,,,,,,0.20433615970166577,0.19156612104107798,0.03320213351762684,0.1845120803267195,0.15722858391759567
Buena Vista Rancheria of Me-Wuk Indians of California,,,,,,0.12711761385684783,0.18728690431241313,3.4907143988470968,4.667406862513163e7,,,,,8.35703351298726,10.35250401015579,11.496159569620994,14.26451615982246,17.14453719871283,21.147837989754454,23.9372100500807,23.22629814719546,20.978277575924757,17.35821799123296,10.859145747132766,8.02716556558948,15.595741959946201,2.001399015718656,2.307488536721771,2.4145174650170014,2.339560734917912,2.2958615539863536,2.8327405524617273,2.58456013489799,2.3784738293705763,2.3870075571098885,2.2819097399873045,2.485518810314016,2.2952794763022335,2.3836931172728875,115.23441433743767,80.36186810190374,72.71918814068687,41.936115294132314,22.728437621858806,6.388546888624168,3.872325381735002,3.804306347653862,5.5849761472473425,23.007153665142198,37.32142272298888,92.80349257577916,42.14685393566134,90.20797357292648,67.24509057359319,61.47188355136315,29.500890580897916,19.109383981342408,7.845400418560746,7.1517202022138635,5.615972655437647,6.997246424298267,26.518069744436055,39.675265447205874,83.43054503164998,37.06412018196122,,,,,,,,,,,,,,,,,,,,,,,,,,,,,,,,,,,,,,,,,,,,,,,,,,,,,0.2539385992538846,0.251577622344151,0.13487999705440007,0.1325834598278291,0.08376383610712249
Atakapa-Ishak [Unrecognized],,,,,,0.15150389882941723,0.2315038988294172,3.2149953214047,9.874333796260271e6,,,,,0.97499999975,1.71388888875,3.055555556,7.6499999999999995,12.608333332499999,17.144444442499996,20.211111109999997,19.74444444,17.8750000025,11.1583333325,1.322222222,-0.95555555525,9.375231481000002,5.196959774,5.845107596,0.915302015,4.57941162425,4.441074117,4.3316748057500005,2.0531378260000004,1.425755161,6.030218956249999,4.0531457907499995,2.960480441,2.1860093175,3.66818978525,40.0861111075,61.422222222500004,32.883333334999996,25.494444445,50.76111111,29.888888887500002,23.144444445,33.4000000025,21.4083333325,22.733333335,28.844444444999997,39.11111111500001,34.0981481475,22.675341595000003,49.094224725,23.45188745,16.632767015,29.787947255000002,31.3067897875,22.47421112,38.209099929999994,19.646613967499995,19.702287697500005,33.35223893,48.053719465,29.532260745000002,,,,,,,,,,,,,,,,,,,,,,,,,,,,,,,,,,,,,,,,,,,,,,,,,,,,,0.5561703149131941,0.43130838336733895,0.5291559260609521,0.35238977267003263,0.3697949629864516
Scotts Valley Band of Pomo Indians of California,,,,,,0.11879992365365392,0.16535741276582183,3.704910834195921,1.5163526695225174e7,,,,,7.790875645397652,9.945993978543187,10.995247642073606,13.529510469169631,16.268526333738436,20.50043631588898,22.378749634404084,22.151802692342006,20.053089440445422,16.918517612369925,10.513912732261911,7.65129750829053,14.89149666710967,2.153124471294059,2.3936420697143515,2.377902602940484,2.5987682842846622,2.2014857513282093,2.89916856150479,3.1016657427476186,2.9479504247660175,2.8534253890851806,2.3350058835558496,2.182641808623863,2.2184865619865373,2.5219389626974875,161.0846768261212,115.30365023919157,104.54803012122854,48.690658846015005,35.28687404152784,9.85363880012699,3.481756501382358,2.306298267120121,7.433230710663072,34.578686204325656,52.23517759642087,135.61290848289678,59.20129888627747,132.66533382742662,102.10864102238294,90.58325998263825,38.86988675526018,29.98368729916087,13.634043477038823,7.038968031887644,4.967690180081305,10.11251236181664,39.58421930552746,48.35999080443877,123.1103553922498,53.418215703225535,,,,,,,,,,,,,,,,,,,,,,,,,,,,,,,,,,,,,,,,,,,,,,,,,,,,,0.3688083069283412,0.36618448199537984,0.1221602655985958,0.14851064185699206,0.2135435925363214
Cloverdale Rancheria of Pomo Indians of California,,,,,,0.11879992365365392,0.16535741276582183,3.704910834195921,1.5163526695225174e7,,,,,7.790875645397652,9.945993978543187,10.995247642073606,13.529510469169631,16.268526333738436,20.50043631588898,22.378749634404084,22.151802692342006,20.053089440445422,16.918517612369925,10.513912732261911,7.65129750829053,14.89149666710967,2.153124471294059,2.3936420697143515,2.377902602940484,2.5987682842846622,2.2014857513282093,2.89916856150479,3.1016657427476186,2.9479504247660175,2.8534253890851806,2.3350058835558496,2.182641808623863,2.2184865619865373,2.5219389626974875,161.0846768261212,115.30365023919157,104.54803012122854,48.690658846015005,35.28687404152784,9.85363880012699,3.481756501382358,2.306298267120121,7.433230710663072,34.578686204325656,52.23517759642087,135.61290848289678,59.20129888627747,132.66533382742662,102.10864102238294,90.58325998263825,38.86988675526018,29.98368729916087,13.634043477038823,7.038968031887644,4.967690180081305,10.11251236181664,39.58421930552746,48.35999080443877,123.1103553922498,53.418215703225535,,,,,,,,,,,,,,,,,,,,,,,,,,,,,,,,,,,,,,,,,,,,,,,,,,,,,0.3688083069283412,0.36618448199537984,0.1221602655985958,0.14851064185699206,0.2135435925363214
San Juan Southern Paiute Tribe of Arizona,,,,,,0.12546243484520272,0.17361458047270506,3.1898824682904174,4.464882587038589e6,,,,,6.5939475280418804,9.679382226471999,10.739637209536276,13.34929750890962,16.117439866344956,20.206392042689,22.758568480178496,22.369002196030745,20.008539890924414,16.225050957458052,9.635293501122833,7.012788449290727,14.557944988089373,3.365435190742652,1.8651844414837315,2.1292935248016427,1.9322213632491803,1.9942007813428309,2.1944017273812486,2.1944138269174136,2.567447180515441,2.051595967032345,2.160243854299028,2.382209377130707,2.688665420471649,2.2937760547000243,123.50116318122478,97.96628257880342,82.01242487237145,59.128787540687306,35.85497418246527,17.32455687806551,5.4244529992156165,8.563283183421207,14.18609027016176,55.114138873827464,83.96732398341587,121.04778035177051,58.67427157562876,84.0804397417744,62.36006418444594,50.577863491920425,38.37958880877192,23.07502136625029,13.334752060017482,6.5413190818742235,13.055278511786774,14.607899980416473,53.71191325688082,71.91759010498093,82.66843817683294,42.859180730496085,,,,,,,,,,,,,,,,,,,,,,,,,,,,,,,,,,,,,,,,,,,,,,,,,,,,,0.10344469959252554,0.10113557956608257,0.009975408475398828,0.04010860740984611,0.006426201222627683
Ione Band of Miwok Indians of California,,,,,,0.12872182189862716,0.19019972148780048,3.453495515936851,3.8689980120865226e7,,,,,7.913853949001893,9.76707108602728,11.140808130593308,13.976802555160882,17.021463253734506,21.093994856465127,23.902417478563553,23.103241787203345,20.720050391636676,16.959713576240013,10.298288118091207,7.486853276084041,15.282046538303586,2.2267582983731344,2.5220355723024417,2.467578954616491,2.468688401206674,2.4390306592877917,2.9574359210066308,2.6083142454433434,2.355351263675651,2.635865834369373,2.3809221912933336,2.6519750992555493,2.502992235227263,2.518079056379814,114.02591581458901,81.28032329057291,72.57971894232189,42.86962999349693,25.92230734785614,9.584927622555647,6.114106884111911,6.400987314146002,8.95359562373362,27.685980195625426,44.47298556725596,93.46114850472725,44.44596892527157,91.95056795730449,66.30644292239293,59.736977966948174,30.447329895947014,21.102554187419567,9.85468928100661,8.582659213710917,7.279605301021048,9.25216562232048,31.536139397543153,44.85672757381523,82.9053014217037,38.650930061744845,,,,,,,,,,,,,,,,,,,,,,,,,,,,,,,,,,,,,,,,,,,,,,,,,,,,,0.246071660872058,0.24397537759732377,0.12657358007980504,0.12589247530080164,0.0781611963079098
Non-federally Recognized (UT),,,,,,0.10349298381806828,0.12675516280553148,3.0602885060382543,4.273746064513186e6,,,,,-1.6097438098407997,-0.4778687268686672,3.6033732896209,7.880514424088487,11.56805644877965,17.27746303271499,22.15782417194151,20.54411437177966,16.882269025966178,9.555765045013802,1.6694717803501349,-3.084311801883751,8.830577271014265,2.55474666940256,3.9930902572935745,3.002397816728042,2.440496203218433,3.195281800924218,2.907159423870234,2.7450907836097698,2.846258256327603,2.4566350902329672,2.337232440848252,2.7942369652139276,3.5808090132749975,2.904452893434935,46.5229007631712,37.05966870099149,47.867674258461406,41.321161491468835,71.32615653389509,35.51429126068247,23.33852356039825,22.311182644387024,31.62966573644074,34.05139131461514,35.86773352962386,41.78443545293207,39.04956543787644,37.79937072381863,27.725216623709237,28.509224500125114,21.65765923505842,35.38209791707167,20.39913107077535,20.520345220040216,17.476020323934897,25.0719620663405,23.2669225075913,22.746055912281836,33.79292726408538,26.195577781146888,,,,,,,,,,,,,,,,,,,,,,,,,,,,,,,,,,,,,,,,,,,,,,,,,,,,,0.14637443111350762,0.1462684384042559,0.006799457493583093,0.078247867231293,0.021621649242456128
Non-federally Recognized (CA),,,,,,0.12632541512745477,0.187926458830151,3.5972083836581437,2.4899231342955254e7,,,,,7.024990989915023,8.943809468221545,9.771033831710323,12.57539107551658,15.430687567560929,19.629763828461268,22.443937305022114,21.482834544592855,19.454113940487858,15.725417760654938,9.399866512269474,6.928601557893419,14.06753736520969,2.2560310378697097,2.46972097901172,2.5120572144316657,2.534906844069724,2.6527368060047296,2.9370816802900546,2.915571596995466,2.8691357868030516,2.7195068645414207,2.475675000333542,2.55903724731627,2.393610808989656,2.607922655587788,160.23698295592342,110.68178592140607,102.92690257464474,54.66778102963656,38.549017491801024,13.41902479991519,5.808924452159858,6.497393476777512,11.12899925770657,39.759093603303995,59.906559600711006,145.5301197121342,62.42604873980053,125.00842811633119,90.99163075714503,84.8834017522786,39.442235691388674,28.109853031361787,13.391371240261297,8.847063560166676,8.392125462495382,12.455254703866453,41.40530015251321,51.697173698497544,122.76492583206955,52.2823969998698,,,,,,,,,,,,,,,,,,,,,,,,,,,,,,,,,,,,,,,,,,,,,,,,,,,,,0.3592781005669614,0.3535623158250088,0.1678317169179003,0.21568156158512536,0.19783009065922424
Non-federally Recognized (WA),,,,,,0.11928551100140453,0.1770237658803905,3.387811226302402,4.226863163873958e7,,,,,1.280577706887161,3.8260765548939406,4.123285486429427,8.213512316043461,12.001510722192986,16.324977848915474,20.36695020387161,18.456122628975272,16.287094630901116,9.642322346075758,3.690089491515152,-0.6886585150107651,9.460321784986842,3.6090519764146736,2.3579002142874805,2.76697912788756,2.302802613065391,2.004090958919059,3.3270301130346907,2.4732959476088516,1.808177676716906,3.573571897194976,2.195472927917863,3.666375316540273,2.7660818633058217,2.737569219394339,102.7944754517544,82.44607478360847,94.63306308916668,42.36151426552234,54.616892610107676,35.753238525677844,16.46501417694777,20.422802587726878,32.179527734047056,61.564389509900344,75.96269271823365,134.97948786128393,62.848264443110075,114.17153305495216,69.07631714016746,90.31328740985246,34.064342384645144,32.25840195545854,31.04961475588516,13.062402158122413,21.54955700580423,31.306633577396326,50.99255036226078,84.89321053779506,107.7601850169976,56.708169613959335,,,,,,,,,,,,,,,,,,,,,,,,,,,,,,,,,,,,,,,,,,,,,,,,,,,,,0.45510264691551067,0.44641947408279126,0.0009397199768790968,0.22426337272136768,0.3681351365347699
Non-federally Recognized (NV),,,,,,0.10349298381806828,0.12675516280553148,3.0602885060382543,4.273746064513186e6,,,,,-1.6097438098407997,-0.4778687268686672,3.6033732896209,7.880514424088487,11.56805644877965,17.27746303271499,22.15782417194151,20.54411437177966,16.882269025966178,9.555765045013802,1.6694717803501349,-3.084311801883751,8.830577271014265,2.55474666940256,3.9930902572935745,3.002397816728042,2.440496203218433,3.195281800924218,2.907159423870234,2.7450907836097698,2.846258256327603,2.4566350902329672,2.337232440848252,2.7942369652139276,3.5808090132749975,2.904452893434935,46.5229007631712,37.05966870099149,47.867674258461406,41.321161491468835,71.32615653389509,35.51429126068247,23.33852356039825,22.311182644387024,31.62966573644074,34.05139131461514,35.86773352962386,41.78443545293207,39.04956543787644,37.79937072381863,27.725216623709237,28.509224500125114,21.65765923505842,35.38209791707167,20.39913107077535,20.520345220040216,17.476020323934897,25.0719620663405,23.2669225075913,22.746055912281836,33.79292726408538,26.195577781146888,,,,,,,,,,,,,,,,,,,,,,,,,,,,,,,,,,,,,,,,,,,,,,,,,,,,,0.14637443111350762,0.1462684384042559,0.006799457493583093,0.078247867231293,0.021621649242456128
Miami Tribe of Oklahoma,0.45173595738078054,0.39305321078361294,0.39212461390433395,0.4265210188997136,0.4375992616869678,,,,,0.16393037232350136,0.25512429914491286,3.0083838714980184,1.9399496114488717e6,,,,,,,,,,,,,,,,,,,,,,,,,,,,,,,,,,,,,,,,,,,,,,,,,,,,,2.9790729946516787,4.1850710825220645,10.410050264326948,15.1477194909048,19.660927623108517,24.90051808714127,27.446140562173184,27.491303541371074,23.542381348126558,15.971520645967248,9.528137046415484,2.8077527985575905,15.339216291426586,2.703279913125451,2.993992080430474,1.5042200940632806,1.380402873786289,0.6339562206464056,1.3248524528648347,1.4210491189814043,1.827863577281432,1.667056016492645,1.4345944523155703,2.3225338102242574,3.2426415567374405,1.871370180545101,68.14078391110185,65.9872421124424,108.9278101890369,97.56304006143212,179.77067570030528,128.6496006171801,90.65558331131555,82.10286489785179,100.18446048137106,79.8248280722398,85.84010546716624,71.41958861644461,96.5888819546711,42.00620743079656,47.51613675656397,52.78883307995004,41.431780293244515,83.7419057323869,53.69062103866499,55.63379617572578,56.68383812333611,46.67735297906189,59.048633440427416,75.89923169106022,68.81594366738828,56.99452336920344,,,,,
"Pueblo of Santa Ana, New Mexico",0.09060913689047857,0.09047534351775499,0.0012001518678004097,0.04259954890261996,0.01020776783791872,,,,,0.12,0.198,3.1900000000000004,9.147e6,,,,,,,,,,,,,,,,,,,,,,,,,,,,,,,,,,,,,,,,,,,,,,,,,,,,,0.5111111110000001,2.3481481483333333,4.837037037000001,8.048148148333334,13.277777776666667,18.951851853333334,21.94074074,20.57037037,16.77777778,10.903703701999998,4.133333333333333,0.18888888900000003,10.20740741,2.428840839,4.789772499000001,2.0001292390000005,1.7981600433333336,2.435763157333333,2.031345841333333,3.3705695343333337,3.061234978,1.8553563263333335,2.8279494143333337,3.1306458783333335,2.011325846,2.6450911333333336,35.640740740000005,30.492592590000005,41.04074074,31.29259259333334,21.677777780000003,20.233333336666668,43.81111111,47.077777776666665,53.68148148000001,44.5,22.988888890000005,20.596296296666665,34.41944444333333,20.206087396666668,19.015150453333334,20.69112236333334,19.595943613333333,15.7643857,10.984029305666667,32.22450261,32.58806656,35.01490022,43.79282211,21.62368934,17.563098233333335,24.088649823333338,,,,,
"Redding Rancheria, California",0.3116060054398712,0.3116060054398712,0.15715796666959217,0.21130571864452757,0.14035155998751167,,,,,0.142,0.219,3.24,1.396e7,,,,,,,,,,,,,,,,,,,,,,,,,,,,,,,,,,,,,,,,,,,,,,,,,,,,,6.666666666999999,7.788888889,9.811111110999999,12.3,15.555555559999998,22.400000000000002,25.44444444,23.45555556,21.0,14.75555556,8.722222222,6.344444444,14.52037037,1.337908816,4.46610693,1.765251005,3.9730341050000004,3.824300953,2.377498686,2.22323588,3.670187703,1.631716887,3.865265551,2.938867885,2.010666004,2.8403367,191.8888889,131.0555556,132.3777778,67.35555556,67.08888889,29.43333333,16.67777778,14.17777778,26.52222222,40.82222222,66.77777778,192.6888889,81.40555556,155.3356885,121.50999039999999,135.9217126,49.66636465,53.04996335,15.771572529999998,24.32692838,20.1441541,33.15666516,36.84066292,50.95583327,157.0463104,71.14382052,,,,,
"Yurok Tribe of the Yurok Reservation, California",0.2641708258018071,0.2637700481190252,0.007421469163411285,0.0804586425301393,0.14807555294421773,,,,,0.14860893403509656,0.21209582199731966,3.36975072253717,8.413548028175391e6,,,,,,,,,,,,,,,,,,,,,,,,,,,,,,,,,,,,,,,,,,,,,,,,,,,,,6.9416666665,7.086111111250001,7.983333333499999,9.566666665,12.097222225000001,15.724999999999998,17.294444442499998,17.1444444425,15.4666666675,11.966666665000002,6.98611111125,6.216666666499999,11.206249999000002,1.73356726275,2.84655097725,1.471503619,1.25242540325,1.1778223965,3.08159991325,1.390320207,2.098735124,1.59117232025,1.2880006852499999,1.8603066777500001,1.74167686725,1.7944734545,237.338888875,152.316666675,160.88611110000002,104.59444444749998,68.883333335,41.374999997500005,10.761111112250001,12.0777777775,18.63611111,81.919444445,151.252777775,271.288888875,109.277546275,132.92519515,69.7475514525,66.65753965500001,62.588783627500014,45.6607448525,23.589405335,12.430084687750002,16.6801404375,12.50133939,42.4844330825,66.36750394,156.598640725,59.019280195,,,,,
"Pueblo of Jemez, New Mexico",0.07868092979343336,0.07834171295285954,0.0029880938382168,0.03870373034043393,0.010533065768718786,,,,,0.12,0.198,3.1900000000000004,9.147e6,,,,,,,,,,,,,,,,,,,,,,,,,,,,,,,,,,,,,,,,,,,,,,,,,,,,,0.211111111,1.3407407406666665,4.566666667,8.040740740666667,12.918518516666666,18.637037036666662,21.048148146666666,20.270370366666665,16.555555556666665,10.311111112333332,3.5555555559999994,-0.22592592599999997,9.769135802000001,2.6420097860000005,3.792096487666666,2.4200204129999996,1.3926844409999999,2.4275114376666664,1.785692436333333,2.2203244686666666,2.9387702013333334,2.071044174,2.0344943786666665,2.084357094,2.417880529333333,2.3522404876666663,38.34074074,32.577777776666665,44.88148148333333,35.78888888666666,22.859259259999998,19.496296296666664,43.67037037333333,49.32592592666666,49.75925925999999,43.33703703666666,22.418518519999996,18.814814813333335,35.1058642,19.71738,18.258960466666665,23.72691519333333,24.556954096666665,13.904308669999999,10.371642553,27.597100316666666,30.87258497,31.416830766666664,38.02126743666666,21.104677459999998,16.816397413333334,23.03041828,,,,,
Kickapoo Tribe of Oklahoma,0.36890434618625556,0.33855270845497915,0.2371271274794602,0.34332327633751747,0.33007093927662756,,,,,0.14591338358193964,0.21592202905080982,3.057532941680719,1.9347285908888116e7,,,,,,,,,,,,,,,,,,,,,,,,,,,,,,,,,,,,,,,,,,,,,,,,,,,,,4.6,6.3444444445,11.805555555,16.4,20.7666666675,26.186111110000002,28.4527777775,28.741666667500006,24.527777780000005,17.313888889999998,11.0527777775,4.5166666665,16.725694445000002,2.24425749275,2.6775499040000006,1.2996307910000002,1.1024541225,1.0713159247500001,1.481930522,1.269749485,1.42117799925,1.40670989125,1.14561289075,2.043740052,2.7156872384999997,1.6566513594999999,60.069444445,57.3555555575,99.47777777,92.73888889,166.61944445,136.32777777500002,83.51111111,68.30277777749998,94.750000005,84.47777777750001,57.54166666749999,52.055555555,87.7689814825,25.9515025,43.5932337125,63.50937295999999,48.97866926499999,90.44112767,68.58834160999999,55.664036589999995,54.492037142499996,48.393999995,66.68255508,47.7016359725,40.2033659225,54.516656534999996,,,,,
"Iipay Nation of Santa Ysabel, California",0.28262815044018846,0.28262815044018846,0.05934816834492836,0.1127481370657062,0.1489361009995137,,,,,0.096,0.126,3.52,1.88159e8,,,,,,,,,,,,,,,,,,,,,,,,,,,,,,,,,,,,,,,,,,,,,,,,,,,,,8.322222222,8.155555556,9.522222222,11.211111110000001,13.52222222,17.31111111,20.78888889,21.57777778,18.84444444,15.15555556,11.088888889999998,8.711111111,13.68425926,1.05921879,3.470270563,1.275517324,1.486980535,1.677630604,2.566341971,3.9186874219999996,2.289529306,1.898756903,1.982492819,1.543894786,1.4970341049999998,2.055529594,111.82222220000001,91.87777778,64.63333333,39.97777778,18.28888889,4.055555556,11.18888889,9.177777778,7.555555556,17.13333333,31.366666669999997,38.54444444,37.13518518,101.571413,78.67372144,53.55086366999999,21.44048611,18.40885958,5.450484178,9.671406884,11.19394678,9.617056607,16.97836859,48.316275729999994,54.13340261,35.75052376,,,,,
Pamunkey Indian Tribe,0.3346036415949656,0.2711984610792105,0.24054092892034273,0.1843902456455138,0.24254833621755237,,,,,0.08040876147604076,0.14941440577665477,3.228981463871669,725371.9454211593,,,,,,,,,,,,,,,,,,,,,,,,,,,,,,,,,,,,,,,,,,,,,,,,,,,,,5.255555555500001,4.3833333334999995,11.844444444999999,13.616666669999999,18.688888885,22.26111111,24.755555555,24.755555554999994,22.711111109999997,15.461111110000001,7.8722222225,1.1277777775,14.394444445,4.5012502165,2.9255943415,4.898018973,3.2071801255,3.3977850734999997,3.0101032015,2.9296069129999998,2.5357889604999997,2.3347834095,3.3916938384999997,4.3213173475,4.2588550485,3.4759981210000004,90.47222221999999,53.805555555000005,92.066666655,55.41111111,82.93888889,73.15,98.39444442000001,67.68333333,98.249999985,104.29999999000002,62.87777778,58.966666665,78.19305555,26.17270237,26.9088392,38.554557329999994,34.708525675,40.51234958,43.966442985,58.27930914,54.801282145,71.942155335,52.3617011,45.925045555,32.579119945,43.892669194999996,,,,,
Montgomery Creek Rancheria of Pit River Indians of California,0.49889426622642236,0.48929274293762914,0.16540093320737065,0.2364654105823322,0.4459797882712946,,,,,0.142,0.219,3.24,1.396e7,,,,,,,,,,,,,,,,,,,,,,,,,,,,,,,,,,,,,,,,,,,,,,,,,,,,,2.1,4.288888889,5.055555556,8.888888889,12.16666667,17.92222222,20.81111111,20.31111111,15.96666667,11.72222222,4.077777778,1.9444444439999997,10.43796296,1.642406771,1.614345413,1.685312368,1.9770207659999999,1.660572191,4.492710145,1.9094792770000002,1.928370066,1.439618005,1.765487028,3.109974991,2.306030741,2.127610647,225.2,156.2555556,157.5888889,76.7,65.0,27.6,13.92222222,12.07777778,19.28888889,51.97777778,95.13333333,246.56666669999998,95.60925927,143.4040097,161.9606365,167.0815253,56.83742165,43.12815206,26.68047039,17.67701741,16.24236573,21.655914,35.47674512,75.20723037,208.3995861,81.14592286,,,,,
Jamul Indian Village of California,0.19066073192680424,0.19066073192680424,0.07939317343806797,0.06622364168094386,0.04098619896019471,,,,,0.096,0.126,3.52,1.88159e8,,,,,,,,,,,,,,,,,,,,,,,,,,,,,,,,,,,,,,,,,,,,,,,,,,,,,9.322222222,9.322222222,10.57777778,12.3,14.62222222,17.54444444,20.622222220000005,21.833333330000002,19.27777778,16.21111111,11.96666667,9.722222222,14.44351852,0.855537518,2.781985702,1.418430275,1.640883908,1.454972317,2.656647846,3.930260099,2.319482701,1.874685159,1.290779265,1.4430869690000003,1.096332269,1.896923669,142.8888889,119.9111111,59.988888890000005,36.36666667,15.444444440000002,3.566666667,11.26666667,10.44444444,6.7,16.13333333,28.34444444,40.76666667,40.98518518000001,131.9174784,103.4400605,36.11164786,29.39391944,17.54402399,5.353503526,19.85434461,17.46690521,9.203396112,22.84513077,56.91867249,62.60740771,42.72137422,,,,,
The Muscogee (Creek) Nation,0.46534464687231103,0.3852518153070415,0.387465196411033,0.38147807255371247,0.41588801110300466,,,,,0.15900170457782575,0.2399817940255584,3.0718978997690565,4.942667111927589e6,,,,,,,,,,,,,,,,,,,,,,,,,,,,,,,,,,,,,,,,,,,,,,,,,,,,,4.319156148365758,5.894465615643462,11.587437320489435,16.27526291428511,20.6376023606564,26.029075943007594,28.423825088762886,28.6598013071601,24.315403414921118,17.129006114834436,10.965929244270233,4.382349401253582,16.551609573229285,2.293971322612658,2.7210149398565986,1.3740845849459211,1.1333891648981893,0.9038218903073447,1.52833573088613,1.2468136037970998,1.467341627049302,1.4298673123153625,1.2207463114868593,2.0640768121303092,2.792319276177601,1.6813152147306334,69.44128526561424,57.53043417150922,105.79852936530517,110.48714338103257,175.33783068104157,133.23477003338581,95.16704553383131,68.65432511408326,105.95191376076393,87.78995984704316,72.81296779762275,66.6080512350977,95.73452134886175,35.67551560711926,37.404028586060974,54.498181641047005,57.283764937253515,100.67504999378215,70.17602280087488,58.34426290764666,54.07662347164887,48.48719511423039,68.94347816650823,56.9220121004561,54.51501266925965,58.083429000557295,,,,,
"Pueblo of San Felipe, New Mexico",0.0943248859908776,0.0942689819067279,0.0012481694073959134,0.02913145112339583,0.0010667564159204872,,,,,0.11999999999999998,0.19800000000000004,3.1899999999999995,9.147e6,,,,,,,,,,,,,,,,,,,,,,,,,,,,,,,,,,,,,,,,,,,,,,,,,,,,,0.4095845860995143,2.881167263047526,5.133388215692911,8.442276258916959,13.436407938799544,18.40470957171511,20.991110106578713,20.21066226606239,17.073140280032373,11.638287693351307,4.230056654340606,0.022855023020483724,10.23947048747734,2.204705180165655,6.201275391875171,2.5449854187599326,1.576861034888107,3.1933211648637085,1.8372674743166582,1.9246661292923182,2.5067964902038606,2.2133627197554926,3.2630764784670907,2.463687454390642,2.5399557287688594,2.7058300555187933,34.6187004901389,30.56065551874729,40.23787230697577,34.43030633922648,26.45833511841355,20.977826442729416,45.61954885436882,46.79125279898093,53.76787368092612,45.670898959746964,22.97663582695744,21.698071311366377,35.317331471160585,17.447388422626936,17.7087649566506,25.88326789005403,19.428363117264993,26.07067450117594,11.402446876440585,30.763319679461308,29.860665689231354,34.44477573637971,52.50976473892941,22.542930364856577,19.60229648266074,25.638721535542025,,,,,
"Pueblo of San Ildefonso, New Mexico",0.07327779528697127,0.07107517638618341,0.004237966723539177,0.04045482776799168,0.011656677523797117,,,,,0.10718230889892807,0.17729324689565604,3.4455884333688487,9.312401937458508e6,,,,,,,,,,,,,,,,,,,,,,,,,,,,,,,,,,,,,,,,,,,,,,,,,,,,,0.833333333,2.077777778,5.244444444,8.533333333,14.06666667,19.15555556,21.5,19.62222222,17.3,9.833333333,3.3777777780000005,0.37777777800000006,10.16018519,2.9098969049999996,4.548290277,2.8844891710000002,1.184271928,2.430534921,1.301067937,1.752854814,3.156650827,2.524876235,1.521512405,2.785129161,1.862644476,2.405184921,28.5,28.66666667,38.44444444,31.23333333,25.94444444,26.34444444,48.07777777999999,44.055555559999995,53.64444444,44.04444444,19.52222222,16.88888889,33.78055555,12.01155693,15.17703858,18.58467858,17.3712406,13.264248099999998,15.33966355,29.86623419,24.408815579999995,33.47738457,40.46875681,18.99281297,17.56092569,21.37694635,,,,,
Cold Springs Rancheria of Mono Indians of California,0.2741812459784868,0.2741812459784868,0.09188831125619347,0.17253866851419256,0.20204857496970968,,,,,0.152,0.22899999999999998,3.0700000000000003,7.7333e7,,,,,,,,,,,,,,,,,,,,,,,,,,,,,,,,,,,,,,,,,,,,,,,,,,,,,7.688888889000001,8.477777778,11.13333333,14.41111111,17.86666667,22.08888889,25.57777778,25.06666667,21.36666667,16.37777778,9.922222222,7.477777778,15.6212963,1.193151755,2.713750992,1.677796174,2.292621013,2.171980663,3.3201823910000003,3.746591043,2.625357119,2.164486082,2.911519267,3.847979268,1.6946812219999998,2.530008082,102.2666667,82.51111111,80.95555556,39.42222222,23.15555556,4.077777778,7.188888889,3.3111111109999998,6.233333333,15.06666667,30.64444444,53.84444444,37.38981482,69.74492813,61.192614840000005,64.2313224,27.789331490000002,20.43312942,7.03860387,16.96448087,8.548017964,9.550916186,18.44058025,44.36198009,49.82908566,33.1770826,,,,,
"Pueblo of Picuris, New Mexico",0.0658302778439284,0.064594525577327,0.005350432282549283,0.040969997767176844,0.02582279023157034,,,,,0.152,0.24099999999999996,3.8199999999999994,3.229e6,,,,,,,,,,,,,,,,,,,,,,,,,,,,,,,,,,,,,,,,,,,,,,,,,,,,,-1.711111111,1.788888889,3.511111111,7.4,12.55555556,17.77777778,20.51111111,19.344444439999997,15.96666667,10.43333333,2.644444444,-1.244444444,9.081481482,2.15780238,4.019777495,2.058181506,1.559647396,1.721998193,2.057169036,2.089524135,2.092313977,1.894069692,2.6846787520000004,2.043349646,3.107696539,2.290517396,25.499999999999996,23.87777778,37.3,26.93333333,36.68888889,21.58888889,43.04444444,53.97777778,37.68888889,35.6,15.766666669999998,13.233333330000002,30.93333333,9.047513471000002,10.60233203,22.05555486,15.22350157,21.92330064,14.272915299999998,20.5480602,14.59056011,26.74791788,30.24611545,13.41575566,12.35870139,17.58601905,,,,,
Cherokee Nation,0.45107588009307276,0.37224134831562955,0.3918859184327713,0.3562194404469538,0.4192796041569698,,,,,0.15938363952660872,0.23891889800566835,3.084985279430134,6.020575698206728e6,,,,,,,,,,,,,,,,,,,,,,,,,,,,,,,,,,,,,,,,,,,,,,,,,,,,,3.528888888933332,5.134814814799999,10.877037036666664,15.629629629999998,19.96518518733333,25.434814815333322,27.888888887999997,27.974814813333328,23.639259259999992,16.497777777999996,10.4377777786,3.671111111066666,15.889999999333329,2.4785323502,2.8067812887333328,1.3175444617999998,1.2601708236666664,1.0963799920666664,1.6112143654666664,1.2761880812666664,1.5024777189999998,1.5094422968666665,1.2212423121999996,2.0809444267333332,2.8593932099333332,1.7516926108666664,75.93851851733332,61.192592590666656,107.16370370399997,107.79185184666663,181.0718518666666,127.40814814866661,96.09111111333333,74.05259259199998,110.03555555666662,81.33703703666664,84.33185185066665,77.27629629599997,98.64092592466663,42.22299099666665,41.240423645999996,50.90158170999999,54.37827235133332,104.320397582,69.43588428599996,62.50688023333333,60.85574568666666,48.03586892599999,58.094367049333314,66.21201536866666,66.49897156,60.39194995066666,,,,,
"Pueblo of Zia, New Mexico",0.06819793092456378,0.06765925836819234,0.0029334910207367195,0.03488947635709051,0.010355320191710385,,,,,0.12,0.198,3.19,9.147e6,,,,,,,,,,,,,,,,,,,,,,,,,,,,,,,,,,,,,,,,,,,,,,,,,,,,,0.8222222219999998,1.9,4.827777778000001,7.538888888500001,13.116666665,18.03333333,21.555555555,19.377777775,16.577777775,9.5222222235,2.333333333,-0.7222222225,9.573611108,2.8139074595,4.7435546585,2.007920427,3.2552018929999997,2.0040024895,2.0961688015,2.6921073465,2.9048708344999996,1.6433619505000001,1.3815231744999998,3.5166787840000002,3.0129520505000005,2.672687489,37.294444445,33.17222222,45.955555555,34.972222225,24.311111110000002,16.47777778,42.977777780000004,51.472222225,49.16666667,49.63333333,22.866666665,18.85,35.595833334999995,21.57201629,19.998506204999998,20.549838285,20.670270665,23.00653762,7.550749541500001,25.339165155,29.958231055,32.73476398,52.111518069999995,20.96665699,16.42523195,24.240290485,,,,,
Oneida Indian Nation,0.5225003246514092,0.4856303261462512,0.00100000000000002,0.44649618796847934,0.47984440555477526,,,,,0.10457029896695552,0.18630935105135246,2.9236457561807647,7.445202361343677e6,,,,,,,,,,,,,,,,,,,,,,,,,,,,,,,,,,,,,,,,,,,,,,,,,,,,,-5.933333333249999,-6.81111111075,0.1305555555,6.313888889,12.755555557500001,17.53888889,20.555555555,19.886111109999998,15.455555555000002,8.977777777749997,3.00833333325,-4.2333333335,7.30370370375,3.04020098775,3.3590603239999997,2.52519750625,2.05042790225,1.5624188785000002,1.828794221,1.4024852454999999,1.0490418827499999,1.42731795825,1.6248039467500004,1.72634055525,3.05194586025,2.054002939,79.4500000025,76.8833333325,77.5083333325,92.208333345,92.75833332999999,103.274999995,84.4888888875,89.67500000000001,93.06388888750001,125.149999975,100.233333345,91.25277777,92.1622685175,29.7156465975,31.782017667500003,31.5560280875,38.531842655,62.934934325,35.754545820000004,19.613299162500002,35.5874647225,33.1978415875,54.1298372375,27.6195188725,33.158136215000006,36.13175941250001,,,,,
"Manzanita Band of Diegueno Mission Indians of the Manzanita Reservation, California",0.24108713098289708,0.24108713098289708,0.02297930319211243,0.11359835015530591,0.09407103182253974,,,,,0.096,0.126,3.52,1.88159e8,,,,,,,,,,,,,,,,,,,,,,,,,,,,,,,,,,,,,,,,,,,,,,,,,,,,,9.266666667,9.133333333,11.46666667,13.41111111,16.48888889,21.41111111,24.98888889,24.600000000000005,22.46666667,16.97777778,12.21111111,9.622222222,16.0037037,1.653027525,3.511053973,1.95064092,1.730927818,1.641222444,0.987983356,1.634353423,1.411559421,1.345362405,2.837154286,1.3742674820000003,1.042566278,1.760009944,83.42222222,54.84444444,31.55555556,22.95555556,11.73333333,2.033333333,7.944444444,15.87777778,7.066666667,12.44444444,21.37777778,23.94444444,24.600000000000005,66.52747135,47.13600299,20.69728914,26.3031895,17.17192476,2.098213526,13.28665789,19.12405408,8.978585635,13.79303367,40.34261945,27.20579493,25.22206974,,,,,
"Pueblo of Isleta, New Mexico",0.08422541749568335,0.08336966209901332,0.02612218372071977,0.03866811190316675,0.004584894337952564,,,,,0.13702558930365377,0.2212592207627297,3.057919578445778,2.7208208146374263e7,,,,,,,,,,,,,,,,,,,,,,,,,,,,,,,,,,,,,,,,,,,,,,,,,,,,,1.833333333333333,2.9259259259999997,6.396296296333333,10.077777779333333,14.755555556666666,19.45185185,23.16296296333333,21.077777776666668,18.12962963,11.5,5.333333333333333,1.2666666666666666,11.325925926666667,2.7755214553333336,3.73089986,2.033418667,2.0825983653333333,2.4574191656666664,1.838148679,2.6807646406666668,2.7470460763333335,2.33622667,1.4997829409999999,2.442165424333333,1.9968177379999998,2.3850674736666666,29.96666666666667,22.681481483333332,27.18888889,25.622222219999998,13.94074074,22.32222222,36.52962962666666,47.14074074,45.862962966666664,42.78888888999999,36.76296296333333,14.499999999999998,30.44228395,18.284830376666665,16.85835044,11.786100375666667,16.464412496666668,12.853520879999998,19.559904069333335,28.99326631,38.31334854999999,27.58416073,52.75044063,71.24418999666666,9.505233683666667,27.016479876666665,,,,,
Guidiville Rancheria of California,0.4878326940997189,0.4878326940997189,0.19899465701166724,0.20054650487879314,0.2564885340454403,,,,,0.135,0.19399999999999998,3.5300000000000002,7.022e6,,,,,,,,,,,,,,,,,,,,,,,,,,,,,,,,,,,,,,,,,,,,,,,,,,,,,8.077777778,9.211111111,10.05555556,12.16666667,15.04444444,18.51111111,21.45555556,21.04444444,19.31111111,15.28888889,9.844444444,7.755555556,13.980555560000003,1.569058458,2.480647317,2.835538358,2.151162476,2.70005144,2.949340793,2.327612033,3.4004084719999996,3.160871891,2.35979048,1.7628890429999997,1.7600505040000003,2.454785105,230.95555560000003,151.2333333,144.7777778,68.11111111,51.63333333,19.47777778,4.355555556,4.177777778,13.01111111,53.06666667,85.71111111,227.82222220000003,87.86111111,166.6230935,103.4573704,139.919189,43.39687329,36.76135879,20.86143438,9.617186583,10.61234868,16.97096376,42.09961401,60.02862743,181.2707766,69.3015697,,,,,
Muckleshoot Indian Tribe,0.44949020675127477,0.44239479441358703,0.0009999999999999998,0.2601894327062792,0.4109060833807845,,,,,0.09644362094481229,0.12413830640176585,3.8304999198234007,1.2898571686583689e8,,,,,,,,,,,,,,,,,,,,,,,,,,,,,,,,,,,,,,,,,,,,,,,,,,,,,4.455555556,5.7,7.077777778,10.63333333,13.51111111,16.66666667,20.2,19.02222222,15.56666667,12.02222222,5.177777778,3.511111111,11.1287037,2.412007002,3.577009925,2.199305446,2.116601049,2.237992652,3.228776858,2.312466216,1.408703107,1.893409623,4.222788705,4.218049839,2.948069048,2.731264956,78.4,41.21111111,53.22222222,46.45555556,65.5,65.2,27.07777778,32.78888889,39.17777778,64.41111111,71.61111111,91.21111111,56.35555556,80.13462111,21.62558927,31.86658821,19.54214107,22.01232609,43.08596059,20.02035076,23.37394086,36.82352433,29.699682,27.38993631,61.26433392,34.73658288,,,,,
Lummi Tribe of the Lummi Reservation,0.7165413885737593,0.6900275137727792,0.0010000000000000005,0.5752168285051288,0.6751292099845171,,,,,0.11799999999999998,0.164,3.56,1.5414e7,,,,,,,,,,,,,,,,,,,,,,,,,,,,,,,,,,,,,,,,,,,,,,,,,,,,,4.166666667,4.377777778,7.722222222,11.355555559999999,12.55555556,15.322222220000002,17.71111111,17.03333333,14.82222222,10.07777778,6.344444444,3.566666667,10.4212963,2.376972865,3.17048016,1.376388188,3.136523199,1.209453504,2.459053567,2.781386545,2.08266656,1.361779881,2.225858137,4.636300009,2.783882181,2.466728733,107.4444444,65.13333333,66.27777778,47.12222222,49.45555556,43.92222222000001,30.688888889999998,35.45555556,48.3,78.4,103.8888889,136.5111111,67.71666666,69.43581769,26.20424584,31.65769171,12.725641219999998,27.17959304,18.76144836,26.244734920000003,19.69842069,33.36742423,37.48152878,82.19320903,86.55182616,39.29179847,,,,,
"Capitan Grande Band of Diegueno Mission Indians of California: Viejas (Baron Long) Group of Capitan Grande Band of Mission Indians of the Viejas Reservation, California",0.3267466009176486,0.3267466009176486,0.19318127100619156,0.23063971768136513,0.14017592777370938,,,,,0.096,0.126,3.52,1.88159e8,,,,,,,,,,,,,,,,,,,,,,,,,,,,,,,,,,,,,,,,,,,,,,,,,,,,,9.944444444,9.488888889,11.48888889,12.88888889,15.34444444,19.4,22.6,22.57777778,20.87777778,16.46666667,12.644444439999997,10.24444444,15.330555559999999,1.343606258,3.564563243,1.97258995,1.618984593,1.5764763800000001,1.5660459760000003,1.27377392,1.268638816,1.9517798149999999,2.790609252,1.191754076,0.8790778,1.7498250069999999,144.9888889,122.1555556,63.311111110000006,36.9,16.17777778,3.766666667,8.388888889,13.36666667,6.122222222,16.51111111,31.42222222,41.44444444,42.0462963,129.7307832,101.0686785,34.69425185,28.89679913,18.46786248,5.298584717,13.07970226,18.8694197,8.122311521,22.70597083,56.47518875000001,62.50442207,41.65949792,,,,,
Cowlitz Indian Tribe,0.7449457734206222,0.6647537799477133,0.001,0.6867890203393837,0.7445320697995129,,,,,0.104,0.154,3.3099999999999996,2.716e7,,,,,,,,,,,,,,,,,,,,,,,,,,,,,,,,,,,,,,,,,,,,,,,,,,,,,3.6222222220000004,5.122222222,6.977777778,11.1,12.05555556,15.07777778,19.64444444,17.31111111,15.72222222,9.9,5.5,2.877777778,10.40925926,2.093906503,1.084870704,1.706442043,3.484609017,2.048237725,1.322665659,1.92296068,2.302957036,1.5982629460000002,3.456153932,2.579728668,2.107592096,2.142365584,151.1444444,101.6444444,102.7333333,72.67777778,78.01111111,54.988888890000005,18.13333333,22.23333333,48.15555556,101.0333333,163.0111111,216.6666667,94.20277777,88.52389665,49.56289215,36.05388329,35.05526985,39.92140543,28.904603629999997,16.14705856,18.35905771,27.016898,43.18000116,84.03984835,136.441929,50.26722865,,,,,
Cabazon Band of Cahuilla Indians,0.07850511186016408,0.07596576587740951,0.03305852519985488,0.052573272828752064,0.004159728110162142,,,,,0.10000000000000002,0.146,3.15,1.2696299999999999e8,,,,,,,,,,,,,,,,,,,,,,,,,,,,,,,,,,,,,,,,,,,,,,,,,,,,,10.9,9.155555556,14.23333333,16.37777778,19.85555556,24.94444444,28.766666670000003,27.966666670000002,26.0,18.4,13.67777778,11.1,18.44814815,0.8689073599999999,8.176201916,1.310534242,3.8877299859999996,3.2951142279999996,3.191046502,2.881405907,3.249615362,1.430908802,5.905929224,2.399884256,1.719011344,3.193024094,58.72222222,29.57777778,29.555555559999995,7.233333333,5.966666667,0.555555556,7.944444443999999,8.666666667,6.177777778,10.28888889,11.15555556,20.5,16.36203704,51.71778654,49.76833275,38.80415928,7.514818694,11.88991169,1.170588646,13.82905556,15.75468184,10.92997916,17.3098559,29.965776779999995,37.53604934,23.84924968,,,,,
Winnemucca Indian Colony of Nevada,0.08845451800165355,0.08845451800165355,0.001,0.026288211951888376,0.001,,,,,0.099,0.158,3.2299999999999995,912000.0,,,,,,,,,,,,,,,,,,,,,,,,,,,,,,,,,,,,,,,,,,,,,,,,,,,,,-1.277777778,2.033333333,2.922222222,7.566666667,10.5,16.26666667,20.85555556,19.11111111,13.955555560000002,10.42222222,1.9555555560000002,-1.522222222,8.565740742,2.959635863,3.657868232,1.712292161,2.794637722,2.035927307,3.2984845,2.724936289,1.756733079,2.510035414,3.001990081,2.976201905,2.97690182,2.700470364,28.055555559999995,17.95555556,28.577777779999998,17.24444444,40.86666667,12.92222222,12.3,11.16666667,11.13333333,16.01111111,19.3,68.87777778,23.70092593,17.40345591,14.892708880000002,13.555329010000001,12.00334444,21.86881341,10.20609839,17.08588599,11.6447413,9.0684894,16.2043547,19.10176693,111.01871209999999,22.83780837,,,,,
The Chickasaw Nation,0.438640381880715,0.3789456924221385,0.29707258343277126,0.4060812707579472,0.35945726244215487,,,,,0.15039164880731945,0.22533977609797262,2.9981473533838727,3.4699282237830884e6,,,,,,,,,,,,,,,,,,,,,,,,,,,,,,,,,,,,,,,,,,,,,,,,,,,,,5.721527777624999,7.392361111124998,12.492361111249995,16.895138889374994,21.578472224374995,26.756250001249995,28.961805555624995,29.381250000625,25.081944444999994,18.08680555562499,11.8791666675,5.69166666675,17.493229165625,2.180104395125,2.6656306240624996,1.4710353652499997,0.9647585402499997,0.9269437294374997,1.3948592526249999,1.2520642347499997,1.1356891518124999,1.4188426756249997,1.0917041274999995,2.0083212324999997,2.5154958065624995,1.5854540946874995,62.790972222499995,53.25486111124999,94.82500000312498,95.28888888687499,148.86111110624995,109.96458334187498,81.81180555687497,48.64027777937499,97.55486111187498,92.15069444624999,63.00833333249999,56.44305555624998,83.71620370437499,28.607226209374993,29.983793488124988,59.66164970874999,64.29067676187499,112.35453188562498,53.469299633125,48.53439373875,43.18862581812498,58.35728563874998,71.05362371375,59.07580531624999,34.612103702499994,55.26575130124999,,,,,
"Inaja Band of Diegueno Mission Indians of the Inaja and Cosmit Reservation, California",0.2369654814022723,0.2369654814022723,0.025132898046801286,0.08231120661084315,0.12503878986317868,,,,,0.096,0.126,3.5200000000000005,1.88159e8,,,,,,,,,,,,,,,,,,,,,,,,,,,,,,,,,,,,,,,,,,,,,,,,,,,,,8.822222222,8.111111111000001,10.050000000999999,11.32777778,13.61111111,17.427777775000003,20.705555555,21.12222222,19.061111110000002,15.11111111,11.52777778,9.2166666665,13.841203705,0.957378154,4.8850657745,1.3469737995,2.5978620785,2.3843185989999998,2.6114949084999997,3.9244737604999993,2.5800305895,1.886721031,3.245549222,1.4934908775000002,1.2966831870000002,2.4341701650000003,127.35555555,105.89444444,62.311111110000006,38.172222225,16.866666664999997,3.8111111115,7.8388888895000015,10.405555555000001,7.1277777780000005,16.63333333,29.855555555,39.655555555,38.82731481500001,116.7444457,91.05689097,44.831255765,25.417202775000003,17.976441785000002,5.401993852,9.702675173000001,14.256668695,9.4102263595,19.91174968,52.617474109999996,58.37040515999999,38.80811917,,,,,
Skokomish Indian Tribe,0.3989470234661455,0.3352526549243147,0.0010000000000000005,0.23781463479661802,0.3504857160253537,,,,,0.141,0.238,3.36,5.041e6,,,,,,,,,,,,,,,,,,,,,,,,,,,,,,,,,,,,,,,,,,,,,,,,,,,,,3.888888889,5.3666666670000005,7.188888888999999,9.366666667,12.644444439999997,15.122222220000001,17.97777778,16.75555556,14.799999999999999,11.311111110000002,4.922222222,4.1,10.28703704,4.078125931,3.0343862640000006,1.316666667,0.593717104,2.154130399,3.812078756,3.209664226,1.870902931,1.15758369,3.793232278,4.492431908,2.091650066,2.633714185,228.9666667,171.6,185.8111111,94.51111111,74.78888889,66.33333333,26.71111111,29.52222222,71.51111111,161.8555556,222.67777779999997,218.3333333,129.3851852,116.4893879,91.43518196,77.60308377,46.14462169,41.15013501,25.34043212,28.82813055,20.2719497,41.34121565,96.89992403,152.2691924,101.6453516,69.95155053,,,,,
Passamaquoddy Tribe of Maine (Indian Township),0.23656032142708094,0.21959822916980015,0.0010000000000000002,0.11926218655164732,0.18288367284062151,,,,,0.163,0.257,3.54,3.105e6,,,,,,,,,,,,,,,,,,,,,,,,,,,,,,,,,,,,,,,,,,,,,,,,,,,,,-7.344444444,-7.233333332999999,-1.222222222,4.8,11.08888889,16.38888889,20.24444444,18.6,14.1,8.255555556,2.622222222,-4.311111111,6.332407406999999,3.690904737,3.0224162520000006,2.6541372320000005,1.712454379,2.327791037,1.903578501,2.23221365,0.959166305,2.247220505,1.226897623,2.5232804929999997,4.580514285,2.42338125,80.22222222,63.44444444,99.43333333,85.16666667,108.43333329999999,109.7,91.48888889,74.77777778,105.46666669999999,140.8,112.0777778,120.6111111,99.30185185,34.7602423,22.43212602,40.84084965,48.32701108,55.410648800000004,57.3111682,33.82559846,34.6899401,30.49110526,54.057585040000006,51.0544263,70.90785296,44.50904618,,,,,
Tulalip Tribes of Washington,0.5180032922067761,0.47718365816844965,0.0009999999999999996,0.33040257445892185,0.48408597162336214,,,,,0.093,0.132,3.51,4.3331e7,,,,,,,,,,,,,,,,,,,,,,,,,,,,,,,,,,,,,,,,,,,,,,,,,,,,,3.911111111,3.8333333330000006,7.111111111,12.24444444,12.38888889,15.13333333,17.12222222,17.65555556,14.77777778,10.28888889,6.322222222,3.088888889,10.32314815,2.232960168,3.440203482,1.395030864,4.642227674,1.048146512,1.674813422,1.823305911,1.767845519,1.018304691,2.272358051,4.442065335,3.500515835,2.438148122,118.1666667,75.6,104.8222222,78.47777778,71.27777778,66.74444444,26.52222222,43.55555556,67.12222222,98.35555556,122.96666670000002,146.0666667,84.97314816,69.41066201,38.58872892,47.79107599,30.64228197,25.37980387,30.28857504,21.58829415,17.33530438,30.66723731,62.874042960000004,94.53888089,83.55400948,46.05490808,,,,,
"Ohkay Owingeh, New Mexico",0.08421696166055845,0.0827817488047668,0.005903098612399637,0.030241094544896707,0.0017161836657943,,,,,0.115,0.2,3.08,2.36e6,,,,,,,,,,,,,,,,,,,,,,,,,,,,,,,,,,,,,,,,,,,,,,,,,,,,,-1.622222222,1.2,2.966666667,7.111111110999999,12.07777778,18.01111111,21.36666667,21.14444444,14.96666667,8.988888889,3.1777777780000003,-1.1555555559999997,9.019444445,1.725382405,2.814693589,0.970824392,1.074062899,1.077935269,1.673652028,2.86312766,5.2718856,1.2549900400000003,1.335519042,2.120010482,2.213092356,2.032931314,30.15555556,33.4,41.98888889,30.03333333,41.77777778,30.16666667,38.63333333,47.9,40.83333333,33.61111111,23.67777778,17.97777778,34.17962963,14.35723782,15.95760007,23.111979820000002,14.708076010000001,53.94788638,44.20158368,24.268189050000004,16.66763331,27.3806501,28.27819144,19.67897214,15.10171992,24.80497665,,,,,
"Havasupai Tribe of the Havasupai Reservation, Arizona",0.04667114946157738,0.04331434444246675,0.0017796543731331803,0.028540700363292655,0.010303372862516622,,,,,0.143,0.205,3.29,1.1156e7,,,,,,,,,,,,,,,,,,,,,,,,,,,,,,,,,,,,,,,,,,,,,,,,,,,,,2.614814815,5.225925926,6.0555555556666665,9.848148148333333,14.344444446666667,20.159259260000002,23.70740740666667,23.3,18.474074076666668,13.12222222,5.974074074333334,3.1888888890000002,12.167901236666665,3.7130487969999995,2.9968545179999997,1.850987502666667,2.8503198376666665,2.334150359,2.029946992,2.5881317233333334,1.8127675703333335,2.604734281,1.7525552906666668,2.410810429333333,3.4359604883333335,2.531688982333333,59.307407403333336,54.255555556666664,37.440740739999995,28.31111111,31.133333333333333,20.16296296333333,29.829629630000003,34.48148148,23.16296296333333,36.937037036666666,31.985185183333332,17.48148148,33.70740740666666,35.522235263333336,34.874137669999996,23.530111856666668,26.214176396666666,41.53663496,27.31542041333333,13.720467653,18.771258919999998,20.008840680000002,28.56087352333334,50.97144307000001,15.171924713333334,28.01646042666667,,,,,
Seneca-Cayuga Nation,0.23239208517248824,0.191091097973227,0.2042820328178535,0.16843265495130677,0.22398453388692013,,,,,0.15175901246820858,0.21719735580352487,2.9571484337756684,2.944718462256373e6,,,,,,,,,,,,,,,,,,,,,,,,,,,,,,,,,,,,,,,,,,,,,,,,,,,,,2.366666667,4.044444444,10.13333333,14.766666670000001,19.06666667,24.65555556,27.033333329999998,26.93333333,22.76666667,15.62222222,9.455555556,2.644444444,14.957407410000002,2.752271789,2.831126592,1.393735986,1.220655562,0.916515139,1.460403293,1.533786165,1.503329638,1.607793519,1.170232645,2.295163998,3.22765825,1.826056048,70.84444444,67.93333333,110.9555556,99.27777778,181.7666667,125.43333329999999,85.38888889,83.27777778,101.49999999999999,81.12222222,91.97777777999998,75.38888889,97.90555556,45.5720888,47.98484136,54.46395852,41.91061255,82.35030358,47.23314514,55.215700770000005,62.81589723,51.08125879,60.68959502999999,80.40044741,74.14164559,58.65495790000001,,,,,
"Little River Band of Ottawa Indians, Michigan",0.35080735355540416,0.30423045219153155,0.001,0.20333562506716138,0.350495162097144,,,,,0.137,0.166,3.21,1.814e6,,,,,,,,,,,,,,,,,,,,,,,,,,,,,,,,,,,,,,,,,,,,,,,,,,,,,-6.6,-5.222222222,1.0,6.444444443999999,12.322222220000002,18.62222222,20.44444444,20.55555556,16.5,8.677777778,3.0,-3.3444444439999996,7.699999999999999,2.401561992,2.40716523,3.161091584,2.131965707,1.351645088,3.15902587,1.123733855,1.68308579,2.687005769,2.362613901,2.595187854,6.573072172,2.636429568,66.22222222,32.73333333,34.61111111,78.44444444,75.56666667,81.02222222,89.22222222,105.9444444,109.8111111,71.11111111,91.47777778,69.32222222,75.4574074,46.57343067,15.39724001,21.2138778,38.25467655,46.02271178,44.62994448,36.20013045,26.504485990000003,30.810892729999996,26.51162219,55.65583477,43.57627731,35.94592706,,,,,
Tonkawa Tribe of Indians of Oklahoma,0.49722613593426507,0.44209860091767644,0.33431272622244157,0.48348700520535426,0.38448659715384526,,,,,0.14478445476457466,0.21042097636839702,2.903522961071573,3.0151474727092227e6,,,,,,,,,,,,,,,,,,,,,,,,,,,,,,,,,,,,,,,,,,,,,,,,,,,,,2.744444444,4.577777778,10.54444444,15.66666667,20.04444444,26.26666667,28.688888889999998,28.533333329999998,24.22222222,16.97777778,9.866666667,2.977777778,15.925925929999998,2.155870538,2.868700829,1.144673656,1.443086969,1.404556079,1.544344521,1.452966315,1.7392527129999997,1.511437873,1.389044436,2.016184515,2.567478227,1.7697997230000002,40.08888889,43.36666667,77.36666667,79.8,128.7666667,135.4666667,100.9444444,97.98888889,66.35555556,70.82222222,42.82222222,39.35555556,76.92870371,22.13088591,31.3286211,45.31139481,38.79339506,78.74190435,66.40466851,55.29776466999999,66.67344757,49.02481798,48.132182,41.12279714,31.00036738,47.83018721,,,,,
Skull Valley Band of Goshute Indians of Utah,0.05872930790037087,0.058714812351018365,0.0009999999999999998,0.02285241494237792,0.004441213234656486,,,,,0.103,0.126,3.06,3.479e6,,,,,,,,,,,,,,,,,,,,,,,,,,,,,,,,,,,,,,,,,,,,,,,,,,,,,-1.833333333,2.088888889,5.066666667,8.955555556,13.46666667,18.68888889,23.34444444,22.85555556,18.01111111,10.63333333,2.588888889,-1.255555556,10.21759259,2.548528987,3.406407361,2.091650066,1.836512395,2.475883681,2.087728697,1.724174521,0.996382345,1.770906861,1.211404144,2.474087935,3.503252457,2.1772432880000006,36.57777778,34.11111111,52.01111111,44.91111111,73.63333333,28.33333333,12.68888889,25.56666667,31.02222222,31.75555556,43.73333333,31.52222222,37.15555556,22.6546782,18.47305094,32.07707298,21.81194882,42.22339399,13.44237702,11.89079943,18.65093831,23.2851765,17.66529869,44.21300714,29.37523522,24.64691477,,,,,
Grindstone Indian Rancheria of Wintun-Wailaki Indians of California,0.34949613752084946,0.34949613752084946,0.27616784805530276,0.294616757137587,0.1815406425724298,,,,,0.142,0.202,3.33,2.24e6,,,,,,,,,,,,,,,,,,,,,,,,,,,,,,,,,,,,,,,,,,,,,,,,,,,,,5.844444444,6.744444444,7.044444444,9.877777778,12.72222222,17.57777778,19.51111111,19.46666667,16.55555556,12.83333333,6.811111111,5.544444444,11.71111111,1.593040419,1.777013725,1.537132973,1.755546765,1.720303591,4.136960774,1.176269999,2.296736816,1.205312315,0.898610038,2.251357615,1.512540174,1.821735434,217.0111111,154.3222222,150.0444444,67.98888889,63.1,22.53333333,14.78888889,16.14444444,17.16666667,47.7,82.03333333,234.3777778,90.60092592,191.3732638,113.97182519999998,120.73196669999999,49.25036661,43.27632147,22.86503881,30.28033374,23.973585,18.20933826,47.99406213,78.30399096,193.0421572,77.77268749,,,,,
"Pueblo of Acoma, New Mexico",0.13186818936377423,0.131799246695762,0.0008320809530995749,0.07526695641539148,0.026923781340900527,,,,,0.194,0.311,2.88,2.548e6,,,,,,,,,,,,,,,,,,,,,,,,,,,,,,,,,,,,,,,,,,,,,,,,,,,,,2.4592592593333333,0.8703703706666667,7.248148147999999,9.222222223333333,14.477777776666665,20.137037036666666,23.17037037,21.47777778,19.437037036666663,10.748148146666665,4.074074073999999,1.52962963,11.23765432,4.574538246,3.9114928093333328,4.649205963666666,1.7843242353333335,4.529557861333333,3.4072252503333327,3.904721638666666,4.056631205,4.716980775333334,2.695715676,2.206230345666667,3.5098769263333334,3.6622084109999995,28.15925926,21.370370369999996,32.38888889,18.507407406666665,8.081481481666666,14.574074076666665,35.5,45.25925926,41.51481481333333,28.699999996666666,19.85925926,13.014814814666668,25.57746913333333,19.72973584,16.143638216666666,19.755432186666667,11.773070644666666,7.3840924999999995,11.635631083333333,25.629159653333332,33.690776596666666,26.267562246666667,30.22619532,18.19383039,9.622400261666666,19.170960413333333,,,,,
"Pueblo of Laguna, New Mexico",0.09947368903556185,0.09889955527088858,0.005327013994452475,0.03397179776913395,0.004082042101667384,,,,,0.16991492363144256,0.2738795330855499,2.9604629476846047,8.32654119578621e6,,,,,,,,,,,,,,,,,,,,,,,,,,,,,,,,,,,,,,,,,,,,,,,,,,,,,0.9685185186666667,2.8425925928333333,5.4629629631666665,9.538888888999999,14.040740741666665,19.481481478333333,23.159259258333332,21.116666668333334,17.283333335,11.340740741666666,5.3314814815,0.9851851853333333,10.962654322166667,2.127168509,4.132844350666666,1.1814065778333334,2.3277995835,1.5841053231666666,1.4499585096666665,3.663900808833333,3.1729879284999996,1.4129612720000002,2.0037612165,2.6351953968333333,1.934005455,2.3021745776666664,29.49259259166666,23.849999996666668,28.09629629666667,23.33888888833333,14.209259261166668,16.601851853333333,34.10555555333333,47.35,45.24074074,41.53148148166666,37.874074076666666,16.11851851833333,29.81743827333333,20.71410508333333,16.308884455,12.191940002833334,15.164176910999998,15.219274703833332,10.280176953999998,23.376404931666666,34.337966421666664,26.128626616666665,49.73630388,67.035379355,10.297719634833333,25.065913246666668,,,,,
"Susanville Indian Rancheria, California",0.11140893864822084,0.10855097063835399,0.0010000000000000002,0.021451741741557385,0.02543964322409352,,,,,0.125,0.199,3.88,2.568e6,,,,,,,,,,,,,,,,,,,,,,,,,,,,,,,,,,,,,,,,,,,,,,,,,,,,,0.333333333,3.2,3.4,8.144444444,10.58888889,16.18888889,19.6,18.93333333,14.26666667,10.45555556,2.5111111109999995,-0.2,8.951851852,1.947434209,4.265852787,1.211404144,2.740944687,1.751031442,2.74565313,2.073041244,1.833030278,1.506651917,3.3091203930000006,2.641232877,3.101612484,2.4272507990000003,133.7888889,102.4555556,90.73333333000001,49.85555556,48.63333333,21.4,11.46666667,5.922222222,13.3,36.2,54.5,126.7444444,57.91666667,108.8053588,94.06489929,93.52708164,34.98746601,31.36893368,22.44955456,22.8831816,6.567872140000001,13.02008064,31.94847414,44.06600163,128.8939303,52.7152362,,,,,
Mohegan Tribe of Indians of Connecticut,0.29145544843332827,0.2529064904895308,0.001,0.168676397235666,0.285361828679745,,,,,0.118,0.168,3.5500000000000003,1.9018e7,,,,,,,,,,,,,,,,,,,,,,,,,,,,,,,,,,,,,,,,,,,,,,,,,,,,,2.627777778,1.4166666665,8.677777778,9.122222222499998,15.1,17.96111111,22.138888890000004,22.077777775,20.51111111,14.033333335000002,5.7555555555,-1.2777777775,11.512037035000002,8.6249352375,5.0203045965,9.087730423,1.2781393375,4.503840491,3.3553730495,2.0811771925,1.7853036955,4.6941284295,4.1949218215,1.8040258365,2.1964370205,4.0521930945,77.41666666500001,69.36111111,107.48888889999999,83.72222221999999,83.283333335,77.5,77.28888889000001,48.744444445,85.06666666500001,125.59444445,88.555555555,84.694444445,84.05972222499999,42.786941420000005,37.28135606,84.15812193,62.14858808,44.34269661,50.41878651,51.795931409999994,43.82441259000001,37.566063115,81.64105455,59.86776926999999,43.81180917499999,53.303627559999995,,,,,
"Delaware Nation, Oklahoma",0.4734490727165667,0.4172288389331477,0.33910725470933306,0.4600208534027291,0.4173281132535155,,,,,0.13950586545469332,0.20493903325398102,3.1312157708133945,2.5044474904753333e6,,,,,,,,,,,,,,,,,,,,,,,,,,,,,,,,,,,,,,,,,,,,,,,,,,,,,4.22902821645569,6.169473961654031,11.242138677003028,15.877154683509225,20.69546550921191,26.37009705339161,28.594460704477793,28.510488019241773,24.25893116417716,17.11834334105945,10.372959127733045,4.222516635057595,16.471754755914937,2.0136942287220863,2.676454724859018,1.195742801086403,1.1738521818612047,1.182423591159183,1.5551662150721413,1.3448349021995711,1.3171098294719674,1.5353862737395039,1.125741899637508,2.0014164215768315,2.356099915438434,1.6231602486997587,40.177784537980614,38.221667429019206,71.68273326023508,71.1270201248398,126.71328482399423,115.28929964434909,76.53867553773325,58.32641603314283,69.30363901642947,71.80548626469925,36.93743984250475,33.35195558278765,67.45628350820931,19.636220593462646,32.00858684012979,43.42808246627799,33.931896694267145,92.83809668927002,59.020505028194066,55.16751687007175,43.837102420830355,48.49753981502022,55.58059048503208,38.85068636416469,26.75465613664174,45.79595670046868,,,,,
Coushatta Tribe of Louisiana,0.5630696137411012,0.4266495328460468,0.5491486840700065,0.35790061151795677,0.380633138809721,,,,,0.158,0.245,2.79,1.913e6,,,,,,,,,,,,,,,,,,,,,,,,,,,,,,,,,,,,,,,,,,,,,,,,,,,,,6.766666667,6.677777778,12.36666667,16.83333333,22.03333333,25.98888889,26.87777778,27.25555556,23.91111111,17.67777778,13.01111111,6.733333333,17.17777778,7.627745407,10.86194939,7.599671046,5.432310742,4.679743583,3.595637789,3.036765458,3.275328652,5.528888777,5.415897381,4.870432333,6.647179853,5.714295868,124.4666667,105.3,128.7666667,88.73333333,136.7,91.45555556,124.62222220000001,90.5,97.31111111,101.0888889,124.73333330000001,89.96666667,108.637037,91.3071328,77.2863345,83.04825405,69.04360941,79.51587892,42.41919115,45.23598617,57.29424055,38.82307447,125.43074230000002,81.98204072,57.47460309,70.73842401,,,,,
"Quechan Tribe of the Fort Yuma Indian Reservation, California & Arizona",0.08060568361589668,0.07314900878522572,0.020621324172934108,0.025212929485923984,0.0010000000000000005,,,,,0.19180438594758503,0.3137065789213776,2.710489035131037,1.5992159438873716e7,,,,,,,,,,,,,,,,,,,,,,,,,,,,,,,,,,,,,,,,,,,,,,,,,,,,,11.62222222,11.522222224999998,17.322222225,20.68333333,24.033333335000002,29.16111111,32.188888885000004,31.35,29.8,20.866666665,15.844444444999999,12.02777778,21.36851852,5.044674541,8.5908835315,1.8723474375000002,4.481682708499999,4.8812969715,4.503522005000001,4.6556153185,6.1386329275,2.5422136085,7.525467629,5.834750961,4.9754315005,5.0872099285,14.977777780000004,11.683333334,18.82222222,6.972222222,2.1777777775000002,3.9888888885000005,19.88888889,9.1166666665,8.433333333,9.216666667,7.7944444445,5.1111111115000005,9.8486111105,13.532257014999999,14.142030799999997,24.791887325,13.4881840815,3.9578389349999994,10.567047076,31.4439671,10.29564514,14.336301385,10.110897695,12.169283154999999,6.377891066,13.76776923,,,,,
"Blue Lake Rancheria, California",0.7200919310934228,0.7200919310934228,0.038452632383155314,0.4680049136121127,0.5667326318738236,,,,,0.141,0.196,3.32,1.0777e7,,,,,,,,,,,,,,,,,,,,,,,,,,,,,,,,,,,,,,,,,,,,,,,,,,,,,8.5222222245,8.361111113,8.772222221,10.1611111095,12.23888889,14.733333329999999,15.48888889,16.1,14.744444445,12.244444445,8.016666667,8.061111111,11.453703704999999,1.6667187755,2.681191987,1.3163989705,1.8067963105000002,2.0671243075,2.5834562235000003,1.5356436599999999,3.0602983335000005,1.708704155,1.7148029765000001,2.388841993,1.5391155715,2.005757772,224.09444440000001,157.51666665,174.04444445,108.2,69.58333333499999,30.42222222,11.438888887,13.916666665,17.872222219999998,74.08888888999999,142.63333335000002,281.2055556,108.75138885,127.60255155,74.43307131,80.52865415999999,69.327792135,43.523457085,21.524157825,17.46113406,19.765070915000003,12.778792054999998,33.605812665,74.67932509999999,178.30888604999998,62.794892075,,,,,
Caddo Nation of Oklahoma,0.47344907271656794,0.41722883893314516,0.33910725470933584,0.46002085340273097,0.41732811325351615,,,,,0.13950586545469332,0.20493903325398102,3.1312157708133945,2.5044474904753333e6,,,,,,,,,,,,,,,,,,,,,,,,,,,,,,,,,,,,,,,,,,,,,,,,,,,,,4.229028216455689,6.169473961654031,11.24213867700303,15.877154683509225,20.69546550921191,26.370097053391603,28.594460704477793,28.510488019241777,24.25893116417716,17.11834334105945,10.372959127733045,4.222516635057596,16.471754755914937,2.0136942287220863,2.676454724859018,1.195742801086403,1.1738521818612047,1.182423591159183,1.5551662150721408,1.3448349021995711,1.3171098294719672,1.5353862737395039,1.125741899637508,2.001416421576832,2.356099915438434,1.6231602486997587,40.17778453798061,38.221667429019206,71.68273326023508,71.1270201248398,126.94470086048575,115.28929964434909,76.53867553773325,58.32641603314283,69.30363901642947,71.80548626469925,36.93743984250475,33.35195558278765,67.47556817791693,19.636220593462646,32.00858684012979,43.42808246627799,33.931896694267145,92.62189928001044,59.020505028194066,55.16751687007175,43.837102420830355,48.49753981502022,55.58059048503208,38.85068636416469,26.75465613664174,45.77794024989207,,,,,
"Alturas Indian Rancheria, California",0.07433056315514071,0.07433056315514071,0.001,0.027677765363416842,0.0019646276440374844,,,,,0.147,0.242,3.36,746000.0,,,,,,,,,,,,,,,,,,,,,,,,,,,,,,,,,,,,,,,,,,,,,,,,,,,,,-0.455555556,1.966666667,3.188888889,7.9,10.77777778,15.71111111,18.74444444,19.03333333,14.199999999999998,10.56666667,2.566666667,-0.355555556,8.653703703,2.121385815,4.475209492,1.93419521,3.44310906,2.539575643,3.350538928,2.750959429,2.491987159,1.451723114,3.9862262860000004,2.431563283,2.595722978,2.7976830329999998,89.9,49.422222219999995,60.82222222,34.9,44.2,25.97777778,14.12222222,19.11111111,10.78888889,33.26666667,41.51111111,104.26666670000002,44.02407408,78.37179021,44.445831580000004,51.50766394,24.249484529999997,24.48509751,20.20833849,19.84160892,32.05902542,14.4124464,30.11490495,27.882720650000003,89.59888392,38.09814971,,,,,
Paskenta Band of Nomlaki Indians of California,0.38547990755496614,0.38547990755496614,0.16104559550618752,0.27935285766318374,0.24733929866029983,,,,,0.158,0.24300000000000002,3.3,5.583e6,,,,,,,,,,,,,,,,,,,,,,,,,,,,,,,,,,,,,,,,,,,,,,,,,,,,,8.566666667,9.577777778,12.26666667,14.05555556,17.43333333,23.25555556,25.93333333,24.04444444,22.71111111,16.6,10.76666667,8.311111111,16.12685185,1.48492424,4.051782872,1.95,3.54898264,3.2958307000000002,2.137236014,1.1863810520000002,2.642494613,1.760997192,2.880538144,2.921044334,1.6639143939999999,2.46034385,124.15555559999999,73.17777778,64.34444444,31.28888889,38.53333333,12.43333333,16.17777778,15.53333333,10.26666667,22.25555556,36.85555556,99.24444444,45.35555556,102.4446327,66.1843784,61.69102672,25.38589394,26.42475165,12.95250941,31.22554154,28.85125647,11.9984374,23.71661396,32.83321912,71.75432236,41.28854864,,,,,
Spokane Tribe of the Spokane Reservation,0.36008680228822065,0.359922180937082,0.0009739542296894402,0.2159717213724977,0.19487183024909066,,,,,0.14761167908731723,0.23668146935784765,3.170198875094888,3.4535899267664775e6,,,,,,,,,,,,,,,,,,,,,,,,,,,,,,,,,,,,,,,,,,,,,,,,,,,,,-2.07500000025,-1.6805555555,3.7861111112500003,9.455555554999998,11.811111112499999,15.0777777775,19.630555554999997,18.211111109999997,14.052777775,7.533333333249999,1.4222222224999999,-2.62222222225,7.8835648145,3.7492314495000003,3.52650044125,2.0201569677499998,3.6713475485000004,1.820308447,2.44392341525,2.1322098174999997,1.6998909237499997,2.074941406,1.4694855834999998,5.463641668250001,4.037308263500001,2.842412161,63.8888888775,38.005555555,57.355555555,30.311111112500004,52.1833333325,44.0083333325,23.211111112500003,14.0111111125,33.0555555575,47.75277777749999,44.46388889,84.7777777825,44.418749997499994,34.746952675,21.80713353525,46.9057271825,17.44411493025,27.301267014999997,19.420215482499998,19.097293224999998,11.551727217249999,32.6378960925,30.764425784999997,20.0515589625,71.8620767675,29.46586574,,,,,
Apache Tribe of Oklahoma,0.49628360144611466,0.42534479252765084,0.3667408979799628,0.48182042474552467,0.4191738741718202,,,,,0.15417272847713565,0.22468347597770927,3.0477013602700693,2.171014247603054e6,,,,,,,,,,,,,,,,,,,,,,,,,,,,,,,,,,,,,,,,,,,,,,,,,,,,,5.119513446008077,6.917289677559289,11.840198214299724,16.54598447478544,21.422527828608118,26.845436365285085,29.0559302645536,29.016353127500196,24.700267833346604,17.612949016665517,10.985242274454107,5.113181653310217,17.09790618020887,1.918527267683623,2.5818562735499504,1.2613704462050825,0.9835182581551035,1.1828036796633048,1.5466154426005447,1.3846478292670636,1.227753422768372,1.4909444910446021,1.046063416051657,1.9304049382446276,2.2995255821592893,1.571169253940441,41.1515981804283,39.4490962709865,70.924488033773,69.84315847740811,132.17100648615482,107.29316037804918,77.91130895743512,60.14271127912834,73.1575303764218,72.6041071784039,39.22157025516392,32.80231731716672,68.056004433374,18.99351000798135,25.640381913599832,46.55934404479202,39.916669821523875,100.71312069434155,57.72053016891323,51.72800678683402,52.51356331086574,47.001865512579585,55.7749726312224,40.34453887556456,23.79046945743085,46.72474776942048,,,,,
Kickapoo Tribe of Indians of the Kickapoo Reservation in Kansas,0.601770376075757,0.5687219984389077,0.0015580503705910833,0.5372436506084264,0.5682141746770718,,,,,0.13219350317016015,0.21830128891625755,3.0294608037515336,789251.4031165462,,,,,,,,,,,,,,,,,,,,,,,,,,,,,,,,,,,,,,,,,,,,,,,,,,,,,-1.90992776451245,-1.5649489059699626,6.111397404505578,13.12292841066095,17.856261750626594,23.532703484300438,26.167391946875533,25.59988548259227,19.58886980376824,13.978426711931322,5.9221840495330484,-2.056051798073817,12.19576004726752,2.6703226676039713,6.690275458181324,3.440544608716554,1.6000302799164643,1.3743776838740152,1.685120547534301,1.9644528221713278,2.1692531649927576,3.526023690762531,1.408190428322506,2.626634946269131,2.597483511415126,2.6460591511458085,23.197518789630912,31.651620863862643,62.60079869980254,62.249243860652435,116.64491130568254,139.85610166266116,99.76894085380259,110.19862579117597,99.97255982008603,80.25154297472122,37.74277809368235,25.762974250892615,74.15813475137915,9.057939467060896,19.725869126309135,33.00656196191089,22.197838743275042,63.45094868108775,30.979205385410793,43.76536889957318,49.709468416872284,62.313654189233056,61.39655777841811,17.612527498723747,19.15835451530076,36.031191224423004,,,,,
Swinomish Indian Tribal Community,0.4788058984651612,0.4767820080693521,0.0009999999999999998,0.37629516253193196,0.36472278755995535,,,,,0.118,0.172,3.37,8.326e6,,,,,,,,,,,,,,,,,,,,,,,,,,,,,,,,,,,,,,,,,,,,,,,,,,,,,4.2,3.95,7.877777778,11.76111111,13.06111111,16.094444445,18.827777779999998,18.827777774999998,16.761111109999998,10.477777775,6.227777778,3.3555555555,10.95185185,3.3204634074999997,3.390157212,3.9536527864999993,4.0045950155000005,3.550197537,3.3986710650000003,3.3346061055,3.7814677535000003,4.4509419040000004,1.731298533,4.1333814255,3.2866686035000003,3.5280084455000007,168.3944444,113.17222224000001,110.70555555500002,88.18333334500001,86.16666668499998,83.28333333500001,39.24999999999999,51.32777778,72.266666665,172.30555554,209.91111110000003,165.4444444,113.36759256500001,97.256623225,49.926803215,45.93773118000001,43.951209774999995,41.13177138,42.261596235,31.63950036,37.159366585,51.388802874999996,111.33410443499999,149.60029564,90.35801458499999,65.99548496,,,,,
Eastern Band of Cherokee Indians,0.16231133467084186,0.13709224879907453,0.002678698137061383,0.08870379193731948,0.16064983757791937,,,,,0.15116743088825776,0.22191577448276273,3.0915532167678386,1.9880160520342058e6,,,,,,,,,,,,,,,,,,,,,,,,,,,,,,,,,,,,,,,,,,,,,,,,,,,,,2.76944444475,3.9916666667499996,7.022222222249999,12.386111112499998,16.177777777499998,21.1944444425,22.791666665,22.87222222,19.0444444425,13.8916666675,6.874999999999998,1.3833333335,12.5333333325,3.6613440792500005,2.9252554162499997,3.5440829154999998,2.2449287245,2.88532412675,1.915474621,2.3502807517499997,1.98797135275,2.00842021525,3.5535937104999995,3.6599223562500005,2.29488055775,2.75262323575,125.05833335,120.60833335,129.89166668250002,91.4833333375,100.74166666749998,110.32222222499999,95.6361111075,84.6694444525,93.1611111125,99.48888889,109.25833334000001,90.61388889,104.244444455,50.888125630000005,73.3550611675,81.46223492,56.186116704999996,54.553129747499995,61.97714646,61.159856897500006,63.623524100000004,53.3304583575,61.8206084325,63.071487254999994,59.130769644999994,61.7132099425,,,,,
"Gila River Indian Community of the Gila River Indian Reservation, Arizona",0.025315242363347187,0.02372357233027139,0.003986842461564908,0.013265300974619018,0.0009997782903210515,,,,,0.12545417930485597,0.18758962756699596,3.00895098867956,9.056765352303205e7,,,,,,,,,,,,,,,,,,,,,,,,,,,,,,,,,,,,,,,,,,,,,,,,,,,,,10.703703703333334,9.188888889666666,15.225925926666665,17.933333333333334,22.755555556666664,28.655555556666666,31.95925926333334,30.05555555666667,28.525925923333332,20.785185183333333,14.025925926666666,10.325925925999998,20.011728396666665,3.454226294,8.652741040666667,2.0343757036666665,5.674558430666667,5.372226128666666,4.256362779333333,3.5302633973333335,4.2957616026666665,2.8071021886666663,4.710597973666666,4.505557969333333,5.423286950333334,4.559755038333334,34.58518518666667,26.6,28.581481479999997,10.437037036,5.2814814813333335,6.203703704,18.22222222,43.37777778,19.55185185,34.69259259333334,43.27407407333334,13.807407410000001,23.717901236666666,19.865982496666668,27.028817689999997,17.592921046666667,11.553789389333334,9.317011470999999,10.449882098,18.574971416666667,43.12582692,20.71018613,54.29937426,79.15748492,14.473689093333332,27.179161413333336,,,,,
Peoria Tribe of Indians of Oklahoma,0.46191035154289134,0.38893661168313115,0.39972103357138894,0.4009508115950327,0.4501022896705411,,,,,0.1515488101805054,0.21649800067747127,2.834745952484829,2.89462322059298e6,,,,,,,,,,,,,,,,,,,,,,,,,,,,,,,,,,,,,,,,,,,,,,,,,,,,,2.3666666670000005,4.044444444,10.133333329999997,14.76666667,19.06666667,24.65555556,27.03333333,26.933333329999996,22.76666667,15.62222222,9.455555556,2.644444444,14.957407409999998,2.752271789,2.831126592,1.3937359859999998,1.220655562,0.9165151390000001,1.460403293,1.533786165,1.503329638,1.607793519,1.170232645,2.295163998,3.22765825,1.826056048,70.84444444,67.93333333,110.9555556,99.27777777999998,181.7666667,125.4333333,85.38888889,83.27777778,101.49999999999999,81.12222221999998,91.97777778,75.38888889,97.90555555999998,45.5720888,47.984841360000004,54.46395851999999,41.91061255,82.35030358,47.23314514,55.21570077,62.81589723,51.08125879,60.68959503,80.40044741,74.14164558999998,58.6549579,,,,,
"Colorado River Indian Tribes of the Colorado River Indian Reservation, Arizona and California",0.05100945169490354,0.017135702786551913,0.04646239545469439,0.014402633555737822,0.0009999999999999983,,,,,0.16346310082560128,0.2598886403314966,3.0698582923340663,2.1614343399863448e7,,,,,,,,,,,,,,,,,,,,,,,,,,,,,,,,,,,,,,,,,,,,,,,,,,,,,10.34444444275,10.01944444425,15.022222222499998,17.866666667500002,22.06111111,27.5166666675,32.1305555575,30.3416666675,27.608333335,19.9277777775,13.055555555000002,9.413888888499999,19.609027777500003,2.3350714152500003,6.99554410375,2.3099681684999998,4.2848763055,4.9475303230000005,4.4531919745,3.26139648025,4.5392695915,3.14618695475,4.3593355825,4.3770734647500005,5.08703177875,4.17470634525,33.691666670000004,22.208333335000003,16.9,7.0805555555,3.338888889,4.327777778000001,6.06666666675,11.1500000025,12.855555555000002,19.569444445,31.755555554999997,5.408333333,14.529398149999999,24.6365109975,27.71286938,18.267431697499998,8.015007428750001,8.1921419915,8.235968083249999,9.311164705749999,10.684798332000002,16.523250507500002,40.0562892275,67.32887072,9.152101495250001,20.676367047499998,,,,,
"Fort McDowell Yavapai Nation, Arizona",0.067080592289841,0.0640102282239615,0.032064825824151204,0.022837570639229678,0.0010000000000000002,,,,,0.121,0.17199999999999996,3.15,2.74356e8,,,,,,,,,,,,,,,,,,,,,,,,,,,,,,,,,,,,,,,,,,,,,,,,,,,,,8.766666667,9.944444444,12.56666667,16.22222222,21.45555556,26.91111111,31.17777778,29.44444444,25.933333329999996,19.65555556,12.87777778,8.055555556,18.58425926,2.393741841,5.899599798,2.490983741,4.928178613,3.08792451,3.6036247180000003,3.182678816,1.73501521,3.124899998,3.4828548319999997,3.136788875,5.053491642,3.509981883,68.95555556,58.61111111,46.27777778,14.877777780000002,11.08888889,5.866666667,32.38888889,50.35555556,28.33333333,29.500000000000004,34.66666667,19.84444444,33.39722222,47.29167768,61.27006700999999,31.668903429999997,12.15841044,13.60169516,8.423182296,30.07945497,41.59856101,29.45420174,35.11719664,33.6690882,20.29698938,30.38578566,,,,,
Oneida Nation,0.5083276967060539,0.44262229502294104,0.0010000000000000009,0.43056204600964576,0.48118681786314427,,,,,0.07644707219068322,0.12981569073022775,3.0918430926977227,8.646106304572463e6,,,,,,,,,,,,,,,,,,,,,,,,,,,,,,,,,,,,,,,,,,,,,,,,,,,,,-7.405555555499999,-6.722222222,-0.4666666665,6.938888889000001,13.472222219999999,18.555555554999998,20.93888889,20.355555555,15.494444445000001,8.85,1.9833333334999999,-6.638888889,7.112962962999999,2.583174434,2.9588461624999995,2.4275804825,2.045919135,1.5501663345,1.6849147844999999,1.136210105,1.4331999464999998,1.6571478665,1.8002880545,2.7638459060000002,4.491638399,2.2110776345,28.822222219999997,25.000000000000004,40.18888889,64.22222222,77.744444445,116.22222225,86.077777775,121.62777779999999,100.23333331999999,65.872222225,70.044444445,61.0,71.4212963,16.79672061,20.65496799,18.836811060000002,21.571966049999997,24.616513685,66.6998021,44.418377535,49.40651399,27.956301654999997,35.939190700000005,41.97104433,46.42237195,34.607548470000005,,,,,
"Zuni Tribe of the Zuni Reservation, New Mexico",0.16922710138622424,0.16914236670969546,0.004703401375763115,0.12463788551435538,0.04614923362470303,,,,,0.2156454135352886,0.3382751472091891,2.844854799465988,6.678717991033779e6,,,,,,,,,,,,,,,,,,,,,,,,,,,,,,,,,,,,,,,,,,,,,,,,,,,,,1.716666666666667,1.5203703703333338,7.638888889333334,10.777777778833334,14.890740741666669,20.32037037,23.005555556666668,22.285185183333333,19.929629628333338,10.905555556500003,5.227777777500001,1.9814814815000001,11.683333331666667,2.869134190500001,4.356735023166667,3.6427293773333336,2.5246531958333334,3.765652343666667,3.145983504333334,2.9634532040000003,3.415641456166667,3.4626224788333335,2.2395136293333335,3.5745189770000003,3.0344144151666668,3.249587649666667,24.972222223333336,21.616666668333337,25.46111111166667,14.872222221666668,8.601851852666666,8.779629629666667,38.31111111166667,35.15000000166667,33.40370370333334,24.935185186666672,20.492592593333338,11.420370370666669,22.334722223333333,17.910966610000003,17.061022660000006,19.31367887,15.532870536666668,8.732236336333333,11.009629583333334,29.183938126666668,20.946613940000002,18.639744113333336,31.272334920000002,24.98562081,8.469396387666668,18.588171075,,,,,
Ysleta del Sur Pueblo,0.11114403140873184,0.11113455970421006,0.07940697603275763,0.03718147579167087,0.001,,,,,0.15,0.22,2.92,6.217e7,,,,,,,,,,,,,,,,,,,,,,,,,,,,,,,,,,,,,,,,,,,,,,,,,,,,,5.944444444,9.311111111,11.94444444,16.84444444,21.23333333,26.23333333,27.23333333,27.07777778,23.33333333,17.02222222,10.48888889,5.844444444,16.87592592,3.578795576,4.97655615,2.628265165,3.662687235,4.210403781,4.43480552,3.152776554,1.665666366,3.104029639,2.148125798,2.984310827,4.780719379,3.443928499,10.32222222,15.68888889,9.922222222,9.544444444,12.97777778,20.77777778,32.13333333,35.12222222,43.23333333,20.67777778,11.64444444,7.588888888999999,19.13611111,7.367797802,14.97760365,9.426263546,8.126670768,20.88047999,22.83209242,32.25767351,32.1094915,26.04726473,14.41420981,11.32829545,8.857545434,17.38544905,,,,,
Stillaguamish Tribe of Indians of Washington,0.6812348328449129,0.6440133972480435,0.001,0.44683215339530424,0.6812348328449129,,,,,0.093,0.132,3.51,4.3331e7,,,,,,,,,,,,,,,,,,,,,,,,,,,,,,,,,,,,,,,,,,,,,,,,,,,,,2.911111111,5.033333332999999,6.688888888999999,10.32222222,12.23333333,15.56666667,18.15555556,16.72222222,14.17777778,10.25555556,5.855555556,3.111111111,10.08611111,3.4023684560000005,3.312853755,1.814141977,0.89690827,1.203120942,3.877176808,3.293216935,1.569058458,1.6037282949999998,2.206304099,2.832009495,2.965402352,2.41469082,88.86666667,74.56666667,105.7333333,74.91111111,61.61111111,61.98888889,26.733333330000004,38.05555556,80.66666667,90.8,123.5666667,111.2111111,78.22592593,54.31358025,40.48042737,51.74729462,37.21983492,34.85941209,37.22403271,22.65871797,18.98947808,81.9797231,71.27329444,93.67182074,68.12603108,51.04530395,,,,,
"Cedarville Rancheria, California",0.31435105363441407,0.31435105363441407,0.008272525994172723,0.21241696512771774,0.07980027310141741,,,,,0.147,0.242,3.36,746000.0,,,,,,,,,,,,,,,,,,,,,,,,,,,,,,,,,,,,,,,,,,,,,,,,,,,,,-1.1,2.777777778,2.911111111,7.488888889,10.15555556,15.633333329999997,21.14444444,18.47777778,14.31111111,9.588888889,1.466666667,-0.6,8.521296296,2.528833723,4.474868092,2.096094251,2.095497819,1.271918935,2.990819286,3.4172763679999996,1.649831641,1.8651035120000001,2.626520724,2.259977876,4.032988966,2.609144266,48.44444444,24.85555556,35.12222222,26.23333333,42.84444444,19.42222222,9.477777778,6.966666666999999,13.177777779999998,32.01111111,32.02222222,71.6,30.18148148,50.21217758000001,18.84655878,20.81182223,16.90961265,20.03216857,16.49149613,9.905273567,8.098147936,14.475304640000001,31.988257389999998,22.869837,68.12672016,24.897281389999996,,,,,
Penobscot Nation,0.45562530224477515,0.4509375507088617,0.0009955556185003208,0.3208364899091985,0.3822124196981439,,,,,0.14310564474400903,0.21716601316915707,3.560050307020957,1.3036286453988906e7,,,,,,,,,,,,,,,,,,,,,,,,,,,,,,,,,,,,,,,,,,,,,,,,,,,,,-8.1977777776,-7.9511111111999995,-1.3866666668,4.7644444444000005,11.073333332000002,16.448888888000003,19.975555556,18.713333334000005,13.615555556000002,7.4688888892,1.4933333334000003,-5.628888889000001,5.865740740800001,2.9598296002,3.1145302826000005,2.2165814602,1.9154167592000002,1.8758204194,1.6380593840000002,1.5988204794,1.2344112244,2.3359242872,1.7578241032000002,2.1584681498000005,3.7890339288,2.2162266732000004,76.08888888800001,62.064444446,83.29777777800001,87.533333334,99.755555562,90.122222214,88.96222222200001,85.81999999800001,99.715555542,129.77333334,104.517777792,107.477777764,92.92740740800001,32.202573366,22.742516676,38.505210016,47.90532620999999,43.878413288000004,30.681739116,32.064203162,32.5957215,32.341443756000004,54.309266152,38.704714352,48.336952165999996,37.855673312,,,,,
Yuhaaviatam of San Manuel Nation,0.06307511472996158,0.06307511472996158,0.016483448745562578,0.03047233940502987,0.02395129053135176,,,,,0.107,0.155,3.1,1.20508e8,,,,,,,,,,,,,,,,,,,,,,,,,,,,,,,,,,,,,,,,,,,,,,,,,,,,,8.333333333,7.922222222,9.644444444000001,11.98888889,14.85555556,20.03333333,23.17777778,22.799999999999997,20.31111111,14.05555556,9.444444444,8.411111111,14.24814815,1.135781669,1.713022021,2.476949288,1.99276469,2.670726077,3.80394532,1.745549897,2.638181192,3.1790110269999996,2.351122663,4.518326878,0.967528352,2.4327424229999997,158.1111111,121.65555560000001,78.88888889,28.84444444,14.93333333,4.055555556,11.46666667,10.42222222,6.811111111,20.52222222,30.55555556,36.85555556,43.59351852,144.8773226,113.2580694,88.58459860999999,19.59228873,10.96026916,4.081087818,15.67450159,14.70890698,8.312407059,20.91786185,47.1140136,77.10551393,47.09890344,,,,,
Roaring Creek Rancheria of Pit River Indians of California,0.5184994963881656,0.5184994963881656,0.008051971690646793,0.22371396487279266,0.39826160033370944,,,,,0.142,0.21900000000000003,3.24,1.3959999999999998e7,,,,,,,,,,,,,,,,,,,,,,,,,,,,,,,,,,,,,,,,,,,,,,,,,,,,,2.866666667,4.222222222,5.588888889,9.288888889,12.44444444,16.86666667,20.7,20.46666667,16.11111111,11.76666667,4.866666667,2.677777778,10.65555556,1.361065759,2.068681813,1.452105751,2.031898401,1.8324240169999997,1.95,2.05669638,2.517439175,1.285928113,0.970824392,2.034698995,1.729000996,1.774230316,206.8222222,165.2,175.3888889,87.57777778,72.05555556,27.11111111,19.52222222,10.46666667,18.64444444,52.93333333,107.4,265.6777778,100.7333333,146.8812767,156.6755645,158.8682744,50.28518116,49.94317048,27.03550649,26.57643589,12.06865775,22.32644794,31.61692585,78.24089404,202.6932706,80.26763382,,,,,
Karuk Tribe,0.3894727432142615,0.36651425073943183,0.001,0.25956011799268935,0.37686798151861084,,,,,0.15521621860719026,0.23225135744833514,3.433729748857522,6.0451316365967225e6,,,,,,,,,,,,,,,,,,,,,,,,,,,,,,,,,,,,,,,,,,,,,,,,,,,,,4.9166666665,4.433333333499999,6.2,7.5833333335,10.211111113000001,14.627777779999999,16.95,16.105555555000002,14.377777775,10.050000002,5.3722222225,4.194444443999999,9.5851851855,2.9722388665,4.978496716,2.09769833,2.4498621244999996,1.966695416,3.2817289125,2.2738861394999996,2.0372408075,1.4454133479999998,2.7595038269999996,2.276154289,3.2192919595,2.6465175614999996,222.34444440000001,120.0333333,126.22222221999999,92.87222222999999,67.31111111,40.061111110000006,20.33888889,10.4499999995,12.811111109999999,63.477777780000004,117.76111110000001,252.81111115,95.541203695,112.27784995,70.21212575,68.85431774,63.961989075000005,53.945818290000005,28.553178210000002,26.270729635000002,15.58935249,9.265093219,43.287485205,73.39295431500001,180.73655225,62.19562051,,,,,
Greenville Rancheria,0.380145864051177,0.3663680180254933,0.001,0.10768599507709888,0.1903591727951489,,,,,0.136,0.203,3.48,1.496e6,,,,,,,,,,,,,,,,,,,,,,,,,,,,,,,,,,,,,,,,,,,,,,,,,,,,,1.122222222,2.955555556,3.8,8.2,10.92222222,16.23333333,19.54444444,18.5,14.46666667,10.7,3.4,0.188888889,9.169444444,2.008592653,4.572228973,1.768473918,2.91847563,1.88001182,3.226065715,1.986901552,1.405346932,1.229837388,3.352610923,2.010596926,2.943825931,2.44191403,130.4444444,100.5555556,89.31111111,46.12222222,46.44444444,20.26666667,6.133333333,14.26666667,11.93333333,32.4,51.65555556,126.7444444,56.35648148,112.5304193,96.15399252,94.94685941,37.96767631,31.87405336,22.72427117,7.851114571,27.89955197,13.87164374,31.62570157,46.09099997,128.8939303,54.36918452,,,,,
Narragansett Indian Tribe,0.25843290666896845,0.22517730832618746,0.0009999999999999994,0.16931022345476218,0.24439116082875534,,,,,0.078,0.133,3.84,6.411e6,,,,,,,,,,,,,,,,,,,,,,,,,,,,,,,,,,,,,,,,,,,,,,,,,,,,,2.733333333,3.055555556,6.722222222,9.888888889,13.83333333,17.86666667,22.4,22.54444444,19.55555556,13.76666667,6.966666667,0.044444444,11.61481482,5.165752607000001,5.479988848,4.389127982,1.85502321,2.880538144,3.906724971,1.492481156,1.6993462799999999,2.145991095,3.623534186,2.47082982,3.744366138,3.237808703,69.05555556,64.46666667,111.3444444,81.51111111000002,91.22222222,75.93333333,49.78888889000001,50.6,80.54444444,103.9666667,88.52222222,77.75555556,78.72592593,47.05956627,35.70161061,84.13508648,49.16775987,42.58746229,35.88676636,28.0965943,31.98132267,37.23066985,54.82173383,51.13950962,33.63647987,44.28704684,,,,,
Lytton Rancheria of California,0.264,0.148,0.264,0.204,0.081,,,,,0.085,0.116,3.7700000000000005,6.124900000000001e7,,,,,,,,,,,,,,,,,,,,,,,,,,,,,,,,,,,,,,,,,,,,,,,,,,,,,10.57777778,11.05555556,12.91111111,13.95555556,15.38888889,18.34444444,19.41111111,19.26666667,19.8,16.73333333,13.12222222,10.46666667,15.08611111,1.144309593,4.161163032,1.526797665,1.51419212,1.85300057,3.055368681,3.759469525,3.626292873,3.441656578,2.811583184,1.383634505,1.620956508,2.491535403,97.3,84.48888889,76.52222222,35.37777778,20.01111111,4.877777778,7.233333333,4.733333333,6.022222222,18.28888889,27.3,84.76666667,38.91018519,71.76123605,70.45495803,56.59288334,27.23241533,14.19686976,6.321546049,12.11847763,9.1715593,9.15037947,21.6074897,29.19409187,77.97579753,33.81480867,,,,,
Catawba Indian Nation,0.5889852770330535,0.3829275318719229,0.5526503912928032,0.32012466059283073,0.43795979098710935,,,,,0.08300342601527784,0.10500765815179754,3.109953648028594,1.1331593923023911e7,,,,,,,,,,,,,,,,,,,,,,,,,,,,,,,,,,,,,,,,,,,,,,,,,,,,,6.722222222,7.411111111,13.4,14.744444439999999,19.87777778,23.81111111,25.2,24.66666667,23.4,15.51111111,9.511111111,4.711111111,15.74722222,3.0404678,4.362466173,3.529518381,2.781236735,2.875229459,1.862420766,3.00208261,3.2395987410000004,1.689674525,3.182155105,4.500956688,2.748838138,3.067887093,94.17777778,87.72222222,100.9444444,42.27777778,64.32222222,92.62222222,89.81111110999998,78.45555556,76.64444444,122.6555556,77.51111111000002,58.86666667,82.16759259,41.7229187,42.41420098,74.833183,26.72970154,35.31879025,51.73233461,61.895323819999994,63.95924701,67.13155203,106.1907024,59.42832751,34.35240166,55.47572363,,,,,
Tonawanda Band of Seneca,0.6109379453893985,0.5099034093660059,0.0010000000000000013,0.5288172034315766,0.5473460813910407,,,,,0.10467242201164456,0.1885907428898405,2.9656307527335453,1.1814729847512849e7,,,,,,,,,,,,,,,,,,,,,,,,,,,,,,,,,,,,,,,,,,,,,,,,,,,,,-4.088888889,-5.144444444,1.4999999999999998,7.377777778,13.23333333,18.34444444,21.34444444,20.95555556,16.81111111,10.12222222,4.544444444,-2.555555556,8.537037036,3.059593292,3.892335774,2.639602243,2.329043676,1.637070554,1.846016733,1.2299503150000002,1.350102877,1.395926614,2.12824915,1.1843892,2.274923686,2.080600343,62.81111111,49.82222222,52.03333333,65.18888889,77.46666667,91.22222222,71.1,82.76666667,86.03333332999999,92.97777778,87.58888889000002,67.92222222,73.91111111,24.60022583,27.33069601,29.03192209,24.35715729,39.99724991,31.60402576,20.95894797,22.89279363,32.18516739,29.51867112,47.57122146,29.43661741,29.95705799,,,,,
Shinnecock Indian Nation,0.5054621021009202,0.49818301681677635,0.012583373540800084,0.3394501659747376,0.4905598345670057,,,,,0.063,0.112,3.62,5.7121e7,,,,,,,,,,,,,,,,,,,,,,,,,,,,,,,,,,,,,,,,,,,,,,,,,,,,,2.177777778,3.666666667,6.422222222,11.02222222,13.888888889999999,20.05555556,23.07777778,23.34444444,18.84444444,14.511111110000002,7.033333333,-0.622222222,11.95185185,4.846075159,5.202403291,2.202712974,1.3451559179999997,4.737468851,2.593314053,2.292802749,2.301147057,1.6756424969999997,3.504084918,2.546566316,2.781086918,3.002371725,70.66666667,61.6,110.34444440000001,83.66666667,92.83333333,79.74444444,61.41111111000001,45.54444443999999,67.22222222,99.27777778,82.41111111,76.57777778,77.60833333,48.3141025,30.04138812,74.74613888,47.78713216,52.8872149,40.76159685,40.88390406,43.19742791000001,42.22344662,70.36564818,41.12375969,33.96754987,47.19160915,,,,,
"La Posta Band of Diegueno Mission Indians of the La Posta Indian Reservation, California",0.19254888451636787,0.19254888451636787,0.0159184520371698,0.08144701014049255,0.06742861419388563,,,,,0.096,0.126,3.52,1.88159e8,,,,,,,,,,,,,,,,,,,,,,,,,,,,,,,,,,,,,,,,,,,,,,,,,,,,,8.644444444,8.788888889,10.55555556,13.111111110000001,16.06666667,19.55555556,23.011111109999998,23.97777778,20.866666670000004,16.57777778,11.53333333,9.1,15.14907408,0.8427797919999999,3.1652189669999995,1.371232211,1.511989124,1.824828759,3.738686638,5.208273333,3.030997269,2.689795531,1.8680054720000001,1.374772708,0.886002257,2.292715172,81.32222222,52.6,28.233333330000004,22.422222219999995,11.0,1.833333333,7.3,12.04444444,7.644444444,12.06666667,18.3,23.266666669999996,23.16944444,68.60865065,48.65028263,17.0694171,26.53491934,15.94592424,2.05121915,12.04387811,17.39476294,9.905441826,13.897122,40.10308592,26.95092763,24.92963596,,,,,
"Pueblo of Sandia, New Mexico",0.08648518960732457,0.0815993575322416,0.019635075511689075,0.026909653686029263,0.0012102180753876125,,,,,0.12240550319309627,0.1995307747592431,3.1703186102383034,1.7311715201585673e7,,,,,,,,,,,,,,,,,,,,,,,,,,,,,,,,,,,,,,,,,,,,,,,,,,,,,1.3777777775,3.6888888890000002,5.772222222,9.155555555,14.416666665000001,20.116666669999997,22.122222224999998,20.472222225,17.727777774999996,10.2333333355,4.2777777775,1.016666667,10.864814815,2.230559674,5.929820016,1.9183822815000002,1.5015858645,2.013555187,1.8224358379999999,1.531694457,2.4089574485000003,1.7770671470000001,1.8266859560000002,2.583018702,1.848295415,2.282671499,29.349999999999998,26.700000000000003,32.8,27.666666664999997,18.983333334999998,20.866666664999997,43.05555556,44.98333333,56.17777778,63.605555555,22.905555555,20.66111111,33.97962963,19.105674320000002,16.83182196,15.392306515,15.581948245000003,15.39555021,11.605922526499999,29.477722525,30.088625699999998,31.924864569999997,95.08239223,22.327693479999997,15.03655044,26.487589394999993,,,,,
"Pueblo of Taos, New Mexico",0.07486647687343125,0.07309060960698183,0.002179507753543649,0.035869804280782035,0.017065050767929357,,,,,0.1520074000447652,0.24101654127653402,3.819865058007222,3.2281320182787157e6,,,,,,,,,,,,,,,,,,,,,,,,,,,,,,,,,,,,,,,,,,,,,,,,,,,,,-2.38055555525,-0.622222222,2.411111111,5.2694444442499995,11.330555555,16.0722222225,18.141666667499997,18.3694444425,14.966666665000002,8.8,1.197222222,-2.70833333325,7.570601851749999,4.923902236749999,3.4989384037499995,3.61353915675,1.599599245,3.89545172275,3.90061229375,1.8870505197499998,4.4468897015,3.4254691832499997,3.1412657465,1.75778408275,4.14730102425,3.3531502765,25.225,29.219444445,49.449999999999996,37.175,54.0499999975,27.983333332499996,55.922222225000006,53.275,41.0361111125,37.672222222500004,19.402777777500003,15.4222222225,37.15277778,13.61068865075,13.937271602500001,25.201406407500002,15.25622047925,39.102371919999996,18.725499295,31.269228705,24.969333665,24.351150255,31.009752770000002,16.974760855,13.10503765825,22.292726854999998,,,,,
"Pueblo of Tesuque, New Mexico",0.10118586802767747,0.09785481118928438,0.001152044444448867,0.07518848760420535,0.021746119183665254,,,,,0.107,0.177,3.45,9.326e6,,,,,,,,,,,,,,,,,,,,,,,,,,,,,,,,,,,,,,,,,,,,,,,,,,,,,-0.755555556,1.2222222225,4.177777777499999,7.505555556,12.744444445,17.644444445,21.027777775,18.977777775,16.333333335000003,10.4000000005,3.3944444445,-0.788888889,9.3236111095,2.0278964495,4.306695697,3.103276728,2.2693655995,2.6401124955,1.4978092415000002,4.1041153985,2.069704131,2.6410696855,2.3809988585000004,2.073543254,2.3548400220000003,2.6224522965,31.02777778,29.188888884999997,44.2,33.4,29.8,29.05,54.46111111,47.588888885,53.133333330000006,48.511111115,21.772222220000003,19.93333333,36.83888889,13.584395630000001,17.177932095,24.421756474999995,13.418707245,16.83627695,19.254600529999998,35.766647105,27.218823410000002,34.44152682,59.97867071499999,20.08435346,19.132189299999997,25.109656644999998,,,,,
Sauk-Suiattle Indian Tribe,0.5919361766384013,0.578100951809986,0.02376284024129425,0.4358057151753116,0.5890447860083476,,,,,0.11153201410852177,0.1616512225736348,3.4062207209922777,1.7382473845247827e7,,,,,,,,,,,,,,,,,,,,,,,,,,,,,,,,,,,,,,,,,,,,,,,,,,,,,0.488888889,1.5666666669999998,4.2,10.27777778,10.844444440000002,14.01111111,17.68888889,16.47777778,13.5,8.811111111,3.9,0.166666667,8.494444445,2.472066162,3.371201566,1.275735082,5.9884843189999994,2.206304099,3.7193562759999996,3.506581114,2.29498245,1.5953056130000003,2.362437536,5.189171417,2.221485989,3.016925969,182.02222220000002,132.9666667,126.29999999999998,107.8444444,94.93333333,89.95555556000001,34.98888889,52.22222221999999,75.91111111,155.3,188.2666667,229.0222222,122.47777780000001,97.97596360999998,73.77059035,57.15594895,57.037227120000004,41.59146547,42.37986288,29.058107490000005,29.139825739999996,47.4281152,106.2514823,142.3974104,100.0201827,68.68384852,,,,,
Seneca Nation of Indians,0.42274804311937564,0.39640672248519565,0.0010036821328993312,0.310072598774957,0.3995376894211036,,,,,0.12379414860356533,0.21321946891286622,2.970119163623404,2.063020372125373e7,,,,,,,,,,,,,,,,,,,,,,,,,,,,,,,,,,,,,,,,,,,,,,,,,,,,,-1.7936524110691834,-2.3333108852138578,2.4187220493668242,7.0747788848423605,12.67608712962404,17.670457690095045,20.97222017342071,20.565068739777058,17.13016402831134,10.00901502753641,2.995392444413538,-4.213506633855431,8.597619686732806,5.929857339463572,5.648564490171958,4.1957430715399235,2.0280674362717623,2.2314504104468473,2.312506019065617,2.170590348957256,2.3606526453283845,2.732788403439328,1.6063502343935454,2.2909923993384163,2.307061544534337,2.9845520286511302,73.83843064950949,58.820964340989086,64.63784777551535,68.0832528122851,71.92631015115826,110.92324664883435,72.21671907650077,65.6184306133782,87.01671009999104,109.79029803785599,90.58142962341879,89.23090326041864,80.22371192323149,33.80887974339769,35.79465091474728,37.63679220844978,36.755184233775225,40.19622357378402,42.07360327351926,40.1625349676889,47.05677459333936,46.51799234684527,44.18650308329984,64.56610428636269,50.536113117703835,43.274279696737935,,,,,
"Santa Ynez Band of Chumash Mission Indians of the Santa Ynez Reservation, California",0.46368522787278316,0.46368522787278316,0.26147499242872385,0.3282222606138552,0.19643820377202256,,,,,0.095,0.127,3.44,2.4684e7,,,,,,,,,,,,,,,,,,,,,,,,,,,,,,,,,,,,,,,,,,,,,,,,,,,,,10.38888889,9.966666667,11.95555556,13.18888889,14.97777778,17.08888889,19.05555556,19.57777778,18.78888889,14.74444444,10.82222222,10.36666667,14.24351852,1.176269999,3.243840317,1.833787822,1.252442059,2.71421157,3.152556282,3.752369622,4.296736488,3.527904635,2.3016902,5.024384982,1.897366596,2.847796714,106.5777778,92.82222222,74.1,37.35555556,16.9,1.311111111,9.888888889,8.977777778,2.877777778,16.08888889,32.94444444,54.98888889,37.90277778,85.29243486,82.35196989,78.48410667,33.39341668,13.74945453,2.312706447,20.85332374,15.41061142,4.425714004,18.62279815,34.73525267,59.5576075,37.43244971,,,,,
"Big Lagoon Rancheria, California",0.4347966496660079,0.4347966496660079,0.001,0.2976892192017767,0.36987003522782447,,,,,0.141,0.19599999999999998,3.32,1.0777e7,,,,,,,,,,,,,,,,,,,,,,,,,,,,,,,,,,,,,,,,,,,,,,,,,,,,,8.7,7.366666667,9.477777778,9.855555556,12.07777778,16.47777778,16.52222222,16.23333333,15.688888890000001,12.51111111,8.822222222,8.066666667,11.81666667,2.128379665,6.305751343,1.096332269,3.592043677,3.423367413,3.121609272,3.200694369,2.173706512,2.175686354,4.53664095,1.384537628,1.9862024069999997,2.927079322,245.22222220000003,150.5,164.4333333,99.33333333,58.16666667,32.12222222,11.03333333,13.32222222,19.95555556,79.23333333,152.4555556,264.4,107.5148148,136.7724367,85.08032969,76.68083202,64.7090411,32.25193793,22.31371651,15.35089574,14.05985222,13.39413221,42.68205126,60.09975273,163.1519154,60.54557446,,,,,
"Stockbridge Munsee Community, Wisconsin",0.4473170865029112,0.38006753232170987,0.0009999217147873515,0.22967149836568485,0.37631575096163866,,,,,0.08209639893923992,0.15314304358725928,2.660145116682727,1.5178183355835106e6,,,,,,,,,,,,,,,,,,,,,,,,,,,,,,,,,,,,,,,,,,,,,,,,,,,,,-9.622222222,-6.066666667,1.211111111,6.433333333,12.74444444,18.95555556,20.21111111,20.68888889,16.78888889,7.555555556,1.9888888890000003,-6.777777778,7.009259258999999,2.264827685,6.367102952,7.486228096,2.385896058,1.511713524,3.3151587859999996,1.136270703,3.234364097,5.46178644,2.358554171,6.513149093,8.34262815,4.19813998,19.41111111,19.06666667,35.34444444,66.03333333,78.21111111,112.9,89.08888889,121.7111111,99.47777778,52.62222222,51.31111111,34.76666667,64.99537037,11.98222063,11.25699782,23.546077759999996,47.27314248,28.77448716,59.22244085,54.22011722,73.72230742,46.9630913,33.17939036,35.25834811,8.180158923,36.131565,,,,,
Cocopah Tribe of Arizona,0.06886356911841791,0.06118065003414985,0.026537943455554477,0.01756886546889991,0.0009999999999999996,,,,,0.18800019662673823,0.3080002949401074,2.7199995084331547,1.7978897311685953e7,,,,,,,,,,,,,,,,,,,,,,,,,,,,,,,,,,,,,,,,,,,,,,,,,,,,,12.18888889,12.03333333,18.27777778,21.12222222,24.52222222,29.833333329999995,32.22222222,32.2,30.76666667,21.16666667,16.2,12.34444444,21.90648148,4.818828811,8.115571452,1.037759338,4.412419341,5.288141871,3.919821425,5.736675383,5.611595139,1.611676146,7.519474716,5.945166104,5.180760347,4.933157506,16.76666667,9.9,16.5,4.544444444,2.644444444,4.755555556,15.53333333,9.388888889,7.0,10.97777778,8.711111111,7.033333333000001,9.47962963,15.850078860000002,11.99030859,27.24187952,6.391422203,4.711717073,12.37124803,25.86662908,10.00992563,10.29077257,12.84452975,14.15957666,12.58679864,13.69290722,,,,,
Kickapoo Traditional Tribe of Texas,0.31052938739397795,0.26996383122201695,0.12200661073328388,0.31052938739397795,0.1714281038658513,,,,,0.181,0.271,2.6,4.633e6,,,,,,,,,,,,,,,,,,,,,,,,,,,,,,,,,,,,,,,,,,,,,,,,,,,,,10.93333333,11.98888889,16.05555556,19.73333333,24.51111111,28.08888889,30.37777778,29.72222222,26.36666667,20.05555556,13.51111111,8.722222222,20.00555556,5.364932432,7.763447115,5.94077249,7.581556568000001,6.671664793,5.861621884,3.056868405,3.627594857,5.561474625,6.474973187,7.423012267,7.940053176000001,6.105664317,20.5,31.5,23.96666667,28.67777778,75.74444444,30.04444444,45.58888889,23.82222222,69.72222222,62.133333330000006,33.85555556,9.533333333,37.92407407,15.99218559,25.50524456,15.9409065,26.3955857,41.73308373,34.12719264,52.61823459,33.49461814,63.22937960000001,62.39919871,28.57105664,11.82740462,34.31950759,,,,,
"Wiyot Tribe, California",0.7314577451803919,0.7314577451803919,0.001,0.5253080965356206,0.5859718301202613,,,,,0.141,0.196,3.32,1.0777e7,,,,,,,,,,,,,,,,,,,,,,,,,,,,,,,,,,,,,,,,,,,,,,,,,,,,,10.05555556,9.255555556,10.12222222,10.58888889,12.25555556,16.03333333,14.955555559999999,15.200000000000001,14.96666667,12.1,8.977777778,9.588888889,12.00833333,1.719092138,3.9531984239999995,1.526251763,1.515292418,0.9261629330000001,6.820740429,1.070176517,2.44744765,1.701469953,1.055935604,2.875664174,1.612796054,2.268685671,212.3222222,135.1444444,169.0,108.7555556,60.9,28.34444444,5.655555556,13.46666667,18.34444444,67.4,127.22222220000002,240.8666667,98.95185185,111.3542296,61.6316094,74.72691951,70.79514657,30.301278849999996,20.19994499,8.072501333,18.18522752,12.20554291,40.80824059,71.52631994,174.1716682,57.83155245,,,,,
Upper Skagit Indian Tribe,0.8019425015237774,0.799175798106305,0.001,0.46549813434382875,0.6126671579614353,,,,,0.118,0.172,3.37,8.326e6,,,,,,,,,,,,,,,,,,,,,,,,,,,,,,,,,,,,,,,,,,,,,,,,,,,,,1.477777778,3.133333333,5.044444444,9.222222222,11.47777778,14.08888889,17.02222222,16.32222222,13.22222222,9.633333333,4.277777778,1.644444444,8.880555555,3.320307884,2.527350391,2.740488602,1.121135337,1.906421896,2.236875301,1.5801722829999998,0.969249423,2.196461801,1.995620204,2.535634919,2.500055555,2.135814466,129.2,102.4222222,110.6555556,88.54444444,80.01111111,75.44444444,36.33333333,40.43333333,78.02222222,127.0555556,177.0,130.0555556,97.93148149,65.95894556,53.68241746,36.063766830000006,42.02886244,44.00106375,46.11892538,29.35306628,22.70038546,50.98896395,83.47694459,137.1229102,85.46614989,58.08020015,,,,,
"Ewiiaapaayp Band of Kumeyaay Indians, California",0.23801693281464623,0.23801693281464623,0.042106325137151006,0.06452050991717734,0.08404244613811641,,,,,0.096,0.126,3.52,1.88159e8,,,,,,,,,,,,,,,,,,,,,,,,,,,,,,,,,,,,,,,,,,,,,,,,,,,,,8.983333333000001,9.361111110999998,10.56666667,13.022222220000002,15.66111111,18.55,21.816666665,23.144444445,20.072222225,16.62777778,11.75,9.411111111,14.913888889999999,0.849158655,2.182591045,1.3948312429999998,1.3748439405,1.786599442,3.197667242,4.5692667160000005,2.9414867624999994,2.282240345,1.0881129985,1.4089298385,0.991167263,2.0055746245,112.10555556000001,86.25555555,44.11111111,29.394444444999998,13.22222222,2.6999999999999997,7.0555555555,14.438888885000003,7.172222222,14.1,23.32222222,32.01666667,32.15787037,100.26306452499999,76.04517156499999,26.59053248,27.96441939,16.744974115,3.7023613380000007,11.46872264,19.814842225000003,9.554418969,18.371126385000004,48.510879204999995,44.77916767,33.65080671,,,,,
"Pit River Indian Tribe of the X-L Ranch Reservation, California",0.13290532959619483,0.12742294745132446,0.001200740610375185,0.061941465783015535,0.02766079976640843,,,,,0.147,0.242,3.36,746000.0,,,,,,,,,,,,,,,,,,,,,,,,,,,,,,,,,,,,,,,,,,,,,,,,,,,,,-0.761111111,2.327777778,2.827777778,7.4111111115,10.144444445,15.355555555,20.077777779999998,18.31111111,14.205555555,9.427777777500001,1.5166666665,-1.4000000000000001,8.287037037000001,2.389105188,3.6066379995,1.8836313679999999,2.114467844,1.1764474194999999,2.417814048,1.3820526114999998,1.1593460820000001,1.7075014640000001,2.5361711545,2.466174123,2.6346060885,2.1228296155,61.58888889000001,29.327777779999998,48.066666665,33.705555555,43.472222224999996,22.650000000000002,12.97777778,9.0722222225,12.944444444999998,30.938888885,36.9,64.033333335,33.806481485,54.64142507,21.745236419999998,26.958374005000003,18.432172135,19.28299153,18.418632549999998,18.177290454999998,11.317658484999999,14.38303739,29.086810980000003,21.921412775,60.40217597499999,26.23060148,,,,,
"Habematolel Pomo of Upper Lake, California",0.34528917236516765,0.34528917236516765,0.10284021091508938,0.17321908708115366,0.1963683092903874,,,,,0.157,0.231,3.92,6.666e6,,,,,,,,,,,,,,,,,,,,,,,,,,,,,,,,,,,,,,,,,,,,,,,,,,,,,7.122222222,8.044444444,9.188888889,11.411111110000002,14.24444444,18.14444444,21.27777778,20.67777778,18.78888889,14.65555556,9.155555556,6.644444444,13.27962963,2.172428237,2.703290176,3.480820465,2.8264131180000005,3.31742035,3.416178827,3.028521825,3.889337276,3.790595087,2.783932071,2.250617199,2.213092356,2.989387249,229.2222222,141.7333333,140.4777778,66.44444444,55.03333333,21.85555556,7.377777778,7.222222222,17.9,44.24444444,63.23333333,183.22222220000003,81.49722222,198.8592202,118.5896918,127.8426844,46.07643408,34.312352,23.150761930000005,16.97791049,12.49247551,17.09276163,43.42151285,54.09075707,121.6712864,67.88148736,,,,,
"Salt River Pima-Maricopa Indian Community of the Salt River Reservation, Arizona",0.08305127180167649,0.08245910809785899,0.028423694479187914,0.028621116047403045,0.0009880886565240155,,,,,0.12100000000000001,0.172,3.15,2.74356e8,,,,,,,,,,,,,,,,,,,,,,,,,,,,,,,,,,,,,,,,,,,,,,,,,,,,,8.994444444500001,10.705555555,13.08888889,17.361111115,21.216666670000002,27.144444444999998,31.461111110000004,29.633333334999996,26.122222225,20.583333335000003,13.77222222,8.816666667000002,19.075000000000003,4.029681862,5.641763999,3.0999811999999998,4.494648629499999,5.6044639355,5.072694884,3.7002219424999994,2.8703676959999997,4.8759741795,3.4853338715,3.0866904705000002,5.3591824495,4.2767504265000005,54.333333335000006,46.46111111,38.01111111,12.044444446499998,10.261111109,7.550000000000002,26.733333334999998,46.344444445,26.866666665,33.877777779999995,42.577777774999994,16.783333329999998,30.153703705,37.289043295,47.48928903000001,26.988207169999995,10.358156964500001,15.353719545,10.248124596,22.8222101,44.05754565,23.867353585,43.992372865,60.776327515,17.93369888,30.0980041,,,,,
San Pasqual Band of Diegueno Mission Indians of California,0.1854396071570424,0.1854396071570424,0.07343045432707454,0.07837324995521293,0.053981826810052,,,,,0.096,0.126,3.5199999999999996,1.88159e8,,,,,,,,,,,,,,,,,,,,,,,,,,,,,,,,,,,,,,,,,,,,,,,,,,,,,8.577777778,8.933333333,10.11111111,12.11111111,14.566666669999998,18.77777778,22.48888889,22.78888889,20.12222222,16.11111111,11.43333333,8.922222222,14.5787037,1.322665659,2.328089345,1.85502321,1.199421157,1.906567596,1.220427976,0.975249256,1.735255345,1.849849844,1.494527053,1.510794493,1.511437873,1.575775734,111.8222222,91.87777778,64.63333333,39.97777778,18.28888889,4.055555556,20.17777778,25.01111111,7.555555556,17.13333333,31.36666667,38.54444444,39.2037037,101.571413,78.67372144,53.55086367,21.44048611,18.40885958,5.450484178,30.498802339999997,36.96131236,9.617056607,16.97836859,48.31627573,54.13340261,39.63342052,,,,,
Kootenai Tribe of Idaho,0.45485136734601034,0.4534733107375866,0.001,0.2815965295375721,0.4153210581008993,,,,,0.129,0.173,3.48,879000.0,,,,,,,,,,,,,,,,,,,,,,,,,,,,,,,,,,,,,,,,,,,,,,,,,,,,,-4.066666667,-1.555555556,1.233333333,7.544444444000001,8.955555556,12.81111111,17.06666667,14.77777778,10.68888889,4.966666667,-1.666666667,-5.188888889,5.463888889,3.847076812,5.091932617,2.264398375,5.444977298,1.752220813,4.716578327,3.674234614,2.040697049,1.840818055,1.8090052520000002,5.731491952,3.758471912,3.49765859,73.88888889,60.83333333,91.28888889,43.31111111,68.82222222,79.03333333,37.82222222,44.38888889,70.3,76.01111111,80.6,95.04444444,68.44537037,51.16327893,34.0558365,57.98489985,21.50002584,36.1785426,48.09339872,21.82153625,27.056581660000003,82.79139448,44.5541088,48.72165843,66.37882025,45.02500686,,,,,
Saint Regis Mohawk Tribe,0.4825652028414177,0.4659480971396145,0.0010000000000000022,0.3024195564567248,0.3377113807108577,,,,,0.12900129323709905,0.22600452632984666,2.780038797112971,3.0794746091890344e6,,,,,,,,,,,,,,,,,,,,,,,,,,,,,,,,,,,,,,,,,,,,,,,,,,,,,-8.049999999999999,-7.483333333499999,-0.9444444445000001,5.794444444499999,12.57222222,17.16666667,20.344444445000004,19.56111111,14.805555555,8.333333333499999,2.0666666670000002,-5.722222222,6.537037036999999,3.468966562,2.7641158715,2.1916249944999997,1.7770062195,1.6124801245000002,2.0291287995,1.4115765335,0.9684066144999999,1.7835103035000002,1.4443362845000003,2.4939200544999998,4.954744097500001,2.2416513714999997,71.994444445,62.983333335000005,66.855555555,88.694444445,67.87777777999999,105.0777778,101.122222215,95.55555555499998,112.47222220000002,114.11666664999998,87.66666667,84.59444444500001,88.25092592500002,24.520004995,22.970369495,20.876404495,33.473650635,39.385601395,49.507296114999995,25.694858665,25.483689380000005,49.00586628,54.27196011,27.66205836,35.95180369,34.066963635,,,,,
Poarch Band of Creek Indians,0.6542976617616825,0.42357649359602817,0.6524795218101063,0.3582589560879849,0.39294681527741493,,,,,0.18725110550182864,0.2554721489437581,3.03896256792791,4.04655318112866e6,,,,,,,,,,,,,,,,,,,,,,,,,,,,,,,,,,,,,,,,,,,,,,,,,,,,,8.937037036,8.803703705,14.762962966666665,16.18888889,21.45185185333333,24.670370369999997,26.22222222333333,26.755555556666668,25.15925926,18.529629630000002,11.814814816666665,5.7740740740000005,17.422530863333332,3.525922117666666,4.924742412333333,4.362051811333334,3.729718420333333,4.198195441333333,3.555095812666667,3.1231586129999998,3.4038887346666664,2.0155720036666667,4.227675021666666,5.462141463666667,5.529255294,4.004784761999999,124.16666666666667,110.27777780000001,150.22592593333334,110.31111111333334,108.42222224,108.70370369333331,103.92592592,79.22222222,96.95925924666666,99.47037037666666,95.74074074666666,78.04814814666666,105.45617283,61.573205859999995,59.21307440333334,107.28978122999999,80.90360606,70.64534783666666,46.906559099999996,77.31719647,74.8587071,58.35766056666666,86.87786913999999,70.38766391,37.23493425333333,69.29713382999999,,,,,
"Elk Valley Rancheria, California",0.5212795212859591,0.5212795212859591,0.001,0.3631037507378413,0.4262280079252961,,,,,0.167,0.251,3.4900000000000007,2.701e6,,,,,,,,,,,,,,,,,,,,,,,,,,,,,,,,,,,,,,,,,,,,,,,,,,,,,8.822222222,8.666666667,9.433333333,10.4,12.644444440000001,16.67777778,16.63333333,16.95555556,15.677777779999998,13.24444444,8.444444444,8.122222222,12.14351852,2.138795092,3.053686297,1.622498074,1.41509717,0.729916281,4.64133003,1.46628783,1.485859273,1.172367026,1.578853311,1.788932022,2.027792998,1.9267846170000003,243.5,162.7111111,171.6555556,108.54444440000002,69.87777778,42.98888889,6.844444444,11.56666667,24.24444444,86.45555556,167.1333333,239.47777780000004,111.25,142.7975578,71.98160259,63.71946545,53.78480526999999,41.92400201,19.57628951,6.031399322,16.9559724,15.12077305,48.11891809,65.43357319,122.8158457,55.68835037,,,,,
Twenty-Nine Palms Band of Mission Indians of California,0.10872940490328938,0.10653190328698164,0.056192163051124976,0.07722596789117817,0.01680953373847499,,,,,0.1028101244339758,0.14961301712939745,3.1299276826144586,1.2437166382552657e8,,,,,,,,,,,,,,,,,,,,,,,,,,,,,,,,,,,,,,,,,,,,,,,,,,,,,9.3277777755,9.5833333335,12.866666669999999,15.500000000000002,19.11111111,23.972222225,28.177777775,27.416666665,24.87777778,17.811111110000002,12.03333333,9.3277777765,17.500462965,1.478343103,4.4612721205,1.5687831504999998,3.0208101175,3.108152748,3.9949297830000003,2.9126611335,2.8572870114999995,1.8697790555,3.4863841639999995,3.556178262,2.712845688,2.9189521945,68.69444444,47.11111111,25.566666670000004,18.127777775,5.3888888889999995,1.2111111110000001,11.088888891,8.622222222,4.177777777499999,12.322222219999999,14.094444445,13.816666669,19.185185184999998,64.40103089,66.31892014,26.174578035,24.522089254999997,6.5042268305,1.9314950535000002,16.944529065,16.5098814,7.095795821499999,19.070234395,32.15371294,24.42379183,25.50419047,,,,,
Chitimacha Tribe of Louisiana,0.4979118478213117,0.49003414292465475,0.4869463271386441,0.47989474747626426,0.374092044484619,,,,,0.168,0.247,2.99,4.399e6,,,,,,,,,,,,,,,,,,,,,,,,,,,,,,,,,,,,,,,,,,,,,,,,,,,,,11.63333333,9.588888889,14.933333329999998,20.24444444,24.67777778,26.98888889,27.96666667,28.17777778,24.11111111,20.87777778,15.33333333,10.1,19.55277778,2.405202694,10.11996102,6.03427709,1.013793755,1.201850425,2.034357665,1.634778272,1.5658685910000003,5.395007981,1.339568753,3.889730068,4.398295124,3.419390953,105.5222222,98.15555556,142.9666667,83.56666667,110.1222222,125.8222222,150.0555556,124.0,92.44444444,70.32222222,106.5222222,74.94444444,107.037037,47.00640323,94.45231748,102.3269148,94.74127928,88.33891806,53.021735580000005,43.87038042,59.24128628,42.91445302,63.85988134,90.39040018,48.41892995,69.04857497,,,,,
"Confederated Tribes of the Goshute Reservation, Nevada and Utah",0.05817562441539475,0.05763939960429129,0.001695582793645883,0.01700558667835697,0.008214700055031037,,,,,0.11599342580600978,0.1771064496809406,3.095050601956634,671025.1448034002,,,,,,,,,,,,,,,,,,,,,,,,,,,,,,,,,,,,,,,,,,,,,,,,,,,,,-0.8111111113333334,1.4481481483333334,3.559259259666667,7.9,12.05925926,17.537037036666668,22.881481480000005,22.540740739999997,16.166666666666664,9.337037037333333,1.8629629630000002,-2.648148148,9.319444445666667,3.9160109960000002,4.309961475666666,1.6271584116666669,2.044970906333333,2.2506854093333337,2.1614452060000002,2.8770561360000007,3.2652271033333333,1.7638006296666668,2.2084795103333335,3.831449208,3.370916021,2.802263418,24.51111111,33.95555555666667,29.374074073333336,32.77037037,49.333333333333336,24.288888890000003,10.218518518666668,13.114814817333333,18.25925926,20.622222223333335,39.62222222333333,20.159259260000002,26.352469136666667,16.376654083333335,41.44457803,14.422099546666667,19.403421556666668,37.03330316,25.622839063333334,9.160438003333333,13.793277103333335,11.76308421,13.631642417666667,61.31510945666667,17.87579299,23.486853303333334,,,,,
"Chemehuevi Indian Tribe of the Chemehuevi Reservation, California",0.017038080778534876,0.013478105969134265,0.005919538298777362,0.010673837843981323,0.0009999999999999992,,,,,0.107,0.155,3.1,1.20508e8,,,,,,,,,,,,,,,,,,,,,,,,,,,,,,,,,,,,,,,,,,,,,,,,,,,,,9.033333333,9.5055555555,15.044444444999998,17.21666667,22.05555556,28.13888889,31.505555554999997,30.833333335,28.03333333,19.383333335,12.81111111,9.405555555500001,19.41388889,4.4609368865,6.644186241499999,1.256960134,4.9333887135,4.8991916125,3.0619771580000004,3.8471406060000004,3.4066186665,1.7905590690000002,4.5107912484999995,4.333976383,4.536722944,3.973537472,35.511111115,23.261111109999998,18.15,7.522222222499999,2.8277777779999997,3.827777778,8.8388888885,11.477777775000002,12.094444444999999,18.84444444,27.761111109999998,6.950000000000001,14.755555554999999,25.60315015,25.731306535000005,11.526437334999999,6.5396114185,5.358047587500001,5.3316957905,12.706050504999999,9.939486579,14.742058715000002,29.525468970000002,51.858694275,12.098534500000001,17.580045195,,,,,
"Little Traverse Bay Bands of Odawa Indians, Michigan",0.44486839810709083,0.38943209935570283,0.001,0.3132878975304835,0.44464605541079083,,,,,0.12037408669262929,0.1306259133073707,3.0942291785951515,2.0025086456425753e6,,,,,,,,,,,,,,,,,,,,,,,,,,,,,,,,,,,,,,,,,,,,,,,,,,,,,-7.561111110750001,-8.01388888875,-1.2333333337499999,5.4694444445,11.994444445,16.797222225000002,19.4166666675,19.1972222225,14.441666665,7.949999999750001,1.9027777777500001,-5.8694444445,6.207638889,2.5145165604999997,3.1473398062499998,2.67214161875,1.8427298587499998,1.5353405509999998,2.0875833185,1.48517169875,1.40711884525,1.9029706075000001,2.047207458,2.28707624825,3.66674546625,2.2163285032499997,55.46111111000001,35.105555557500004,40.94166666500001,63.563888889999994,70.81944444250001,108.208333325,77.61388889,90.383333335,96.0000000125,73.219444445,76.53333333249999,63.36388889,70.93449074,21.792295642499997,26.876210589999996,25.296443582500004,34.55490653,23.013142095,68.39996063,26.3423910575,30.844818695000004,31.4082319725,32.3242096875,34.092848554999996,29.272377967500002,32.0181530825,,,,,
"Lookout Rancheria of Pit River Indians, California",0.20735959790388397,0.20735959790388397,0.001,0.10800085398239317,0.05252624409633063,,,,,0.147,0.242,3.3599999999999994,746000.0,,,,,,,,,,,,,,,,,,,,,,,,,,,,,,,,,,,,,,,,,,,,,,,,,,,,,0.844444444,3.322222222,4.533333333,8.566666667,11.51111111,16.62222222,20.87777778,19.48888889,15.64444444,11.48888889,3.6666666669999994,1.166666667,9.811111111,1.593824889,2.97396107,1.392838828,1.856744463,1.415489707,2.003607857,1.695418663,1.700326766,1.186498115,2.328327965,2.321637353,3.299242337,1.980659834,122.3222222,79.13333333,86.92222222,45.3,50.46666667,24.28888889,14.38888889,16.65555556,11.12222222,37.54444444,49.83333333,121.3888889,54.94722222,104.6528759,74.76717194,88.16465814,34.75636632,26.23685385,23.32082998,21.80839543,22.06593025,15.732750700000002,33.75907697,37.28954277,123.7517216,50.52551449,,,,,
"Pueblo of Cochiti, New Mexico",0.09769643806894765,0.09763040570135706,0.0012152069448398068,0.04963762379874191,0.012901192335877675,,,,,0.11861437483516096,0.19576168242602923,3.217712503296781,9.166078992654324e6,,,,,,,,,,,,,,,,,,,,,,,,,,,,,,,,,,,,,,,,,,,,,,,,,,,,,0.8333333330000001,1.888888889,5.244444444,8.2,13.51111111,19.67777778,22.02222222,21.02222222,17.3,11.43333333,3.7,0.177777778,10.41759259,2.909896905,4.133837335,2.884489171,1.201041215,2.94000189,2.374751449,2.924370778,3.4481073710000003,2.524876235,2.768122107,1.6673331999999998,3.051138221,2.735663823,30.58888889,28.666666669999998,39.36666667,31.466666669999995,25.14444444,26.344444439999997,48.15555556,43.71111111,53.64444444,44.04444444,20.66666667,18.85555556,34.2212963,11.92428661,15.17703858,18.5815769,16.03332467,12.295538939999998,15.339663550000001,29.77919203,24.98481761,33.47738457,40.46875681,18.12960286,17.05960954,21.10423272,,,,,
Eastern Shawnee Tribe of Oklahoma,0.37565468621137815,0.31110378365658464,0.3320974931560824,0.28628595259188727,0.3637429156021615,,,,,0.17,0.264,2.98,2.716e6,,,,,,,,,,,,,,,,,,,,,,,,,,,,,,,,,,,,,,,,,,,,,,,,,,,,,2.366666667,4.044444444,10.13333333,14.76666667,19.06666667,24.655555560000003,27.03333333,26.93333333,22.76666667,15.62222222,9.455555556,2.644444444,14.95740741,2.752271789,2.831126592,1.393735986,1.220655562,0.916515139,1.460403293,1.5337861649999998,1.503329638,1.607793519,1.170232645,2.295163998,3.22765825,1.8260560479999999,70.84444444,67.93333333,110.9555556,99.27777778,181.7666667,125.4333333,85.38888889,83.27777778,101.5,81.12222222,91.97777778,75.38888889,97.90555556000001,45.5720888,47.98484135999999,54.46395852,41.91061255,82.35030358,47.23314514,55.21570077,62.81589723,51.08125879,60.68959503000001,80.40044741,74.14164559,58.6549579,,,,,
"Yavapai-Apache Nation of the Camp Verde Indian Reservation, Arizona",0.16134278633200064,0.13622738731619685,0.1262356679971649,0.10770261960754153,0.03964780661870467,,,,,0.139,0.207,3.32,1.7492e7,,,,,,,,,,,,,,,,,,,,,,,,,,,,,,,,,,,,,,,,,,,,,,,,,,,,,5.5333333335,5.1222222225,10.883333334999998,13.100000000000001,17.744444445,24.227777779999997,28.022222220000003,26.377777775,23.77222222,15.316666664999998,8.25,5.088888889000001,15.286574075,2.6088386879999996,4.9037692075,2.8963251475000003,2.5196212305,4.9595418095,2.9612938229999997,1.6988265285,3.5599838205,3.1050755034999997,1.944089021,3.585507795,4.354060669,3.2580777705,69.98888888999998,68.75,42.233333335000005,26.316666665,13.316666665,7.022222222000001,42.166666665,44.28888889,26.227777779999997,38.966666669999995,35.744444445,19.227777775,36.1875,45.952746039999994,50.788633014999995,17.076993705,13.935426865,13.489233830000002,8.471273769,37.604045995,28.704780215000003,31.104930175000003,38.419627115,57.941753515,24.558292935,30.670644764999995,,,,,
Onondaga Nation,0.4737660938171916,0.43444668571885176,0.0010000000000000002,0.4022737652642079,0.46583635353258684,,,,,0.11000000000000001,0.186,3.06,2.6439e7,,,,,,,,,,,,,,,,,,,,,,,,,,,,,,,,,,,,,,,,,,,,,,,,,,,,,-4.411111111,-5.122222222,1.511111111,7.377777778,13.53333333,18.62222222,21.08888889,20.71111111,16.27777778,10.03333333,4.2,-3.111111111,8.392592592,2.702519401,2.991144337,2.12746589,1.7526963350000002,1.47817455,1.691728242,1.6003471850000002,1.09138037,1.370928315,1.325707358,1.812456896,3.1322693230000005,1.923068184,69.43333333,58.67777778,61.01111111,72.38888889,90.57777778,108.78888890000002,80.13333333,81.2,79.7,118.9666667,85.93333333,76.34444444,81.92962963,27.289924880000004,30.03617726,30.95942685,26.46013248,56.04388409,37.33930384,12.213005360000002,29.03807845,16.92852622,42.50635247,31.90305628,38.0830051,31.566739440000003,,,,,
Nooksack Indian Tribe,0.6558713371574396,0.6015476907265896,0.001,0.5175457942378059,0.6558713371574396,,,,,0.118,0.164,3.56,1.5414e7,,,,,,,,,,,,,,,,,,,,,,,,,,,,,,,,,,,,,,,,,,,,,,,,,,,,,2.811111111,3.222222222,6.655555556,8.9,11.63333333,14.23333333,16.38888889,16.46666667,14.4,9.388888889,3.144444444,2.5,9.14537037,2.609810551,2.24987654,1.511713524,1.91637679,1.238951169,1.219631092,2.074514669,0.841130192,1.311487705,2.446142087,4.472446509,2.308137778,2.016684884,155.9,103.6444444,120.8,86.64444444,79.6,78.67777778,37.62222222,46.58888889,84.85555556,132.6666667,177.8,169.7666667,106.2138889,82.94419811,51.32187913,25.32775158,44.18594548,47.05677422,44.51254817,28.61248756,16.96227022,43.73537216,78.36931798,136.0239777,62.09645723,55.0957483,,,,,
Sycuan Band of the Kumeyaay Nation,0.14961183496558733,0.14961183496558733,0.038530467282407777,0.053935380596300035,0.037193466222613325,,,,,0.096,0.126,3.5199999999999996,1.88159e8,,,,,,,,,,,,,,,,,,,,,,,,,,,,,,,,,,,,,,,,,,,,,,,,,,,,,10.31111111,9.855555556,11.48888889,13.02222222,15.3,18.22222222,21.34444444,22.36666667,20.11111111,16.58888889,12.82222222,10.62222222,15.1712963,1.971322173,3.198089708,1.9725899500000001,0.824284201,0.815475322,1.488940712,2.613480013,1.542724862,1.072898463,1.939358428,1.359942809,1.350719973,1.679152218,144.9888889,122.1555556,60.52222222,36.15555556,15.13333333,3.711111111,5.766666667,11.08888889,6.788888889,16.06666667,29.23333333,40.76666667,41.03148149,129.7307832,101.0686785,36.89152266,29.57507866,16.98683314,5.329034726,8.542686931,19.05560577,9.936730403,22.85278976,56.57877252,62.60748757,41.59633365,,,,,
Quartz Valley Indian Community of the Quartz Valley Reservation of California,0.3620092051269354,0.3620092051269354,0.03466452027778223,0.23626810908522097,0.1420397522657687,,,,,0.161,0.24699999999999997,3.48,4.1200000000000005e6,,,,,,,,,,,,,,,,,,,,,,,,,,,,,,,,,,,,,,,,,,,,,,,,,,,,,3.522222222,4.233333333,5.333333333,8.255555556,11.03333333,14.73333333,17.88888889,18.44444444,14.64444444,10.5,4.333333333,3.011111111,9.66111111,2.54400166,2.75635629,1.697792685,1.649326462,1.336038922,2.275412051,3.9719152949999996,2.573961495,2.119027555,0.9578622030000001,2.114237451,2.690466709,2.223866565,134.6888889,71.44444444,82.51111111,72.96666667,47.37777778,20.42222222,25.02222222,5.811111111,15.56666667,42.13333333,83.9,177.5555556,64.95,87.22321142,33.42073126,50.72202294,42.05433985,43.18262897,15.56420395,15.837753769999999,7.411552544000001,14.12603978,32.87202458,59.10636599,137.7350546,44.93799414,,,,,
"Wichita and Affiliated Tribes (Wichita, Keechi, Waco, & Tawakonie), Oklahoma",0.47344907271656717,0.41722883893314566,0.33910725470933567,0.46002085340273036,0.4173281132535155,,,,,0.13950586545469332,0.20493903325398102,3.1312157708133945,2.5044474904753333e6,,,,,,,,,,,,,,,,,,,,,,,,,,,,,,,,,,,,,,,,,,,,,,,,,,,,,4.22902821645569,6.169473961654031,11.242138677003028,15.877154683509225,20.69546550921191,26.37009705339161,28.594460704477793,28.510488019241773,24.25893116417716,17.11834334105945,10.372959127733045,4.222516635057595,16.471754755914937,2.0136942287220863,2.676454724859018,1.195742801086403,1.1738521818612047,1.182423591159183,1.5551662150721413,1.3448349021995711,1.3171098294719674,1.5353862737395039,1.125741899637508,2.0014164215768315,2.356099915438434,1.6231602486997587,40.177784537980614,38.221667429019206,71.68273326023508,71.1270201248398,126.80020513332467,115.28929964434909,76.53867553773325,58.32641603314283,69.30363901642947,71.80548626469925,36.93743984250475,33.35195558278765,67.4635268670973,19.636220593462646,32.00858684012979,43.42808246627799,33.931896694267145,92.74228304992788,59.020505028194066,55.16751687007175,43.837102420830355,48.49753981502022,55.58059048503208,38.85068636416469,26.75465613664174,45.787972230607075,,,,,
Kletsel Dehe Wintun Nation of the Cortina Rancheria,0.15537208625193408,0.15537208625193408,0.05453522644120772,0.05366233134537551,0.04819601598387381,,,,,0.138,0.231,3.36,1.675e6,,,,,,,,,,,,,,,,,,,,,,,,,,,,,,,,,,,,,,,,,,,,,,,,,,,,,7.455555555999999,8.688888889,10.36666667,12.67777778,15.75555556,20.63333333,23.1,22.21111111,20.27777778,15.86666667,9.855555556,7.0,14.490740740000001,1.230966197,2.867683928,1.391941091,2.439148303,1.967302157,1.592168333,1.46628783,1.326126356,1.262713128,2.583118271,2.196651492,1.836436767,1.846711988,152.7444444,93.18888889,78.66666667,31.8,28.83333333,10.34444444,7.277777778,6.377777778,9.977777778,21.11111111,33.92222222,106.8777778,48.42685185,128.9432929,76.82383166,65.97249427,29.17507498,20.23326469,12.55210252,18.65340303,14.4717637,10.51817211,28.88453065,34.56004839,64.95746258,42.14545346,,,,,
"Augustine Band of Cahuilla Indians, California",0.07285113573560281,0.07285113573560281,0.017736013284910812,0.05302767431554013,0.001,,,,,0.1,0.146,3.15,1.26963e8,,,,,,,,,,,,,,,,,,,,,,,,,,,,,,,,,,,,,,,,,,,,,,,,,,,,,10.9,9.577777778,14.23333333,16.45555556,19.9,25.64444444,28.87777778,28.03333333,26.0,17.63333333,13.14444444,11.1,18.45833333,0.86890736,7.611960618,1.310534242,3.66371093,3.173326331,1.64629213,2.602295995,3.069201851,1.430908802,6.257595385,3.76467499,1.719011344,3.093201665,46.16666667,29.57777778,26.84444444,7.233333333,5.966666667,0.555555556,8.455555556,6.977777778,6.177777778,12.38888889,11.05555556,17.21111111,14.88425926,50.59802368,49.76833275,31.777866159999995,7.514818694,11.88991169,1.170588646,14.303767959999998,12.70332415,10.92997916,19.86595357,29.9933789,29.99651832,22.54270531,,,,,
Absentee-Shawnee Tribe of Indians of Oklahoma,0.3925058235224011,0.35440040357290725,0.2470024991713437,0.3714633459337375,0.3427926583839126,,,,,0.1421748006607749,0.2087522595401262,3.014256144651789,1.248398671778142e7,,,,,,,,,,,,,,,,,,,,,,,,,,,,,,,,,,,,,,,,,,,,,,,,,,,,,4.9155555556,6.671111111,12.048888889999999,16.508888889999998,21.073333334,26.26888889,28.493333334,28.82,24.62888889,17.511111112,11.293333334,4.8466666666,16.923333332000002,2.260850818,2.6470933796000002,1.3044560762,1.021678284,0.9177624378,1.4630155448,1.2302044030000001,1.3017814736,1.3893157237999998,1.1258270404,2.0179717056,2.6667628666,1.6122266464,65.27555555600001,52.831111111999995,99.913333328,95.22444443600001,164.94444444,128.19555556000003,85.78888888799999,62.444444444000005,100.046666666,89.30444444800001,61.08666666799999,53.171111112000006,88.185555554,26.601387185999997,34.237215002,66.833273582,61.378323206,97.586138056,62.326650097999995,57.92225945199999,51.439101029999996,54.546235134,73.791014862,52.067929766,35.058359076,56.14899053800001,,,,,
Fort Bidwell Indian Community of the Fort Bidwell Reservation of California,0.13526750836533877,0.13479340463647094,0.0014445981378336291,0.032449652391127175,0.006500109381448269,,,,,0.147,0.242,3.36,746000.0,,,,,,,,,,,,,,,,,,,,,,,,,,,,,,,,,,,,,,,,,,,,,,,,,,,,,-1.3,2.333333333,2.9777777780000005,8.1,11.07777778,15.877777780000002,19.97777778,19.33333333,14.48888889,9.033333333,2.0,-0.844444444,8.587962963,2.257764381,4.432550056,2.168396745,3.36043152,2.901197071,3.583914682,1.114425612,2.334523506,2.037427572,2.165063509,2.6019223659999997,3.1839877159999994,2.678467061,48.44444444,24.85555556,35.12222222,26.23333333,42.84444444,19.42222222,14.522222219999998,8.288888889,13.17777778,27.633333330000003,29.48888889,61.17777778,29.267592590000003,50.21217758,18.84655878,20.81182223,16.90961265,20.03216857,16.49149613,26.01786779,9.361015496,14.47530464,27.397490760000004,24.11402312,52.96087655,24.802534520000002,,,,,
"Pit River Tribe, California (includes XL Ranch, Big Bend, Likely, Lookout, Montgomery Creek, and Roaring Creek Rancherias)",0.117,0.117,0.001,0.021,0.001,,,,,0.147,0.242,3.36,746000.0,,,,,,,,,,,,,,,,,,,,,,,,,,,,,,,,,,,,,,,,,,,,,,,,,,,,,-0.944444444,2.166666667,2.677777778,7.555555556,10.64444444,15.51111111,20.04444444,18.87777778,14.02222222,8.1,1.344444444,-1.122222222,8.239814814,2.601014759,4.665297418,2.295527052,3.56900235,3.110108966,3.743809706,1.841270696,2.606615515,2.101057935,1.57718103,2.348995057,2.805253009,2.772094458,61.68888889,31.744444440000002,40.95555556,25.36666667,43.01111111,19.08888889,14.42222222,11.4,10.04444444,27.92222222,34.84444444,72.0,32.70740741,62.67133405,25.30479752,28.32918597,16.51627985,21.61379446,17.38271012,26.30426666,13.32469512,12.61617128,29.79533427,22.64365867,66.95156832,28.62114969,,,,,
"Capitan Grande Band of Diegueno Mission Indians of California: Barona Group of Capitan Grande Band of Mission Indians of the Barona Reservation, California",0.18962657323832147,0.18962657323832147,0.08803355342728918,0.10251808636261575,0.06655950531032237,,,,,0.09599999999999999,0.126,3.52,1.88159e8,,,,,,,,,,,,,,,,,,,,,,,,,,,,,,,,,,,,,,,,,,,,,,,,,,,,,9.944444444,9.555555556,11.48888889,12.96666667,15.455555560000002,19.4,22.6,22.64444444,20.87777778,16.43333333,12.64444444,10.24444444,15.35462963,1.343606258,3.391574528,1.97258995,1.443086969,1.42663162,1.566045976,1.27377392,1.238054029,1.951779815,2.871410803,1.191754076,0.8790778,1.712448812,144.9888889,122.15555560000001,63.311111110000006,36.9,16.17777778,3.7666666669999995,6.966666667,11.8,6.122222222,16.51111111,31.42222222,41.44444444,41.79722223,129.7307832,101.0686785,34.69425185,28.896799130000005,18.46786248,5.298584717,11.10529153,18.84071389,8.122311521,22.70597083,56.47518875000001,62.504422070000004,41.49257154,,,,,
"Pueblo of Nambe, New Mexico",0.07187344108901458,0.06931300746791794,0.0018015412954976021,0.04666789319263828,0.015952242408287992,,,,,0.107,0.177,3.45,9.326e6,,,,,,,,,,,,,,,,,,,,,,,,,,,,,,,,,,,,,,,,,,,,,,,,,,,,,-1.622222222,0.622222222,2.911111111,7.188888889,11.51111111,16.84444444,20.52222222,18.73333333,15.17777778,9.944444444,4.4,-0.9777777779999999,8.771296296,1.878016093,5.384416816,2.921662388,3.8478709839999996,2.509703391,1.772788137,5.532128383,3.821648859,2.412352471,3.949718696,4.315379473,1.857268006,3.350246141,32.52222222,28.91111111,48.72222222,30.13333333,34.07777778,36.35555556,62.06666667,51.21111111,53.9,35.3,23.53333333,21.33333333,38.17222222,15.558420370000002,19.62418434,27.8688795,14.06716034,18.78515223,23.98447994,40.21756457,29.88780874,34.75766103,37.19573228,21.47347201,20.1156034,25.29467656,,,,,
Ak-Chin Indian Community,0.09696328704028948,0.09089887126088987,0.0647588197936755,0.03960832164565227,0.0009999999999999998,,,,,0.127,0.193,2.96,2.6784e7,,,,,,,,,,,,,,,,,,,,,,,,,,,,,,,,,,,,,,,,,,,,,,,,,,,,,10.99259259,9.974074075333332,16.096296296666665,18.103703703333334,23.385185186666664,29.085185183333333,31.718518516666666,30.825925926666663,29.466666666666665,21.403703706666665,13.622222220000001,10.951851853333332,20.46882716,3.767251735666666,7.757726862666666,1.9302130756666667,5.904673274666665,4.961871588,4.158935900666667,4.598054333666665,3.978061454333333,2.4213274639999995,4.734332726666667,6.174512506999999,5.068659651333332,4.621301714333333,29.662962963333328,23.68518518666667,27.188888886666664,7.807407406666666,3.085185185,5.32962963,18.48888889,40.39259259333333,19.307407403333332,22.470370369999998,18.73333333333333,13.499999996666665,19.137654319999996,16.179702696666666,20.305916039999996,21.64773994333333,7.195125769666666,5.700780307333332,9.252924900666665,17.167941133333333,42.60739609666667,20.303655550000002,29.689016403333333,20.872359966666668,13.051958486666665,18.664543109999997,,,,,
"Cachil DeHe Band of Wintun Indians of the Colusa Indian Community of the Colusa Rancheria, California",0.3997081209996765,0.3997081209996765,0.3805062713811738,0.3325438030012406,0.13515716192333863,,,,,0.138,0.231,3.36,1.675e6,,,,,,,,,,,,,,,,,,,,,,,,,,,,,,,,,,,,,,,,,,,,,,,,,,,,,7.977777777999999,9.844444444,10.93333333,13.75555556,16.68888889,21.44444444,22.75555556,23.122222219999998,20.38888889,17.31111111,10.51111111,7.588888889,15.19351852,1.388144245,1.26995188,1.316244658,1.498425099,1.001803928,2.979979493,2.048237725,2.19361447,1.166666667,1.5519700740000002,1.608139021,1.759576969,1.6485628519999997,155.9666667,96.75555556,80.44444444,35.87777778,26.82222222,10.92222222,3.1111111109999996,5.911111110999999,10.37777778,23.87777778,39.3,111.4,50.06388889,127.11547900000001,73.62216227,65.18886238,29.24473362,18.82231241,12.21830366,5.778287905,9.382889273,10.17703024,27.72610583,37.94818836,64.93490972,40.17993872,,,,,
Cahto Tribe of the Laytonville Rancheria,0.6222355538541616,0.5757725298427234,0.4644752668249636,0.3757493150877616,0.561398138871163,,,,,0.135,0.19399999999999998,3.53,7.022000000000001e6,,,,,,,,,,,,,,,,,,,,,,,,,,,,,,,,,,,,,,,,,,,,,,,,,,,,,7.2,7.300000000000001,7.8666666670000005,9.7166666655,12.544444445,16.5,17.938888889999998,18.116666665,16.06111111,13.033333335000002,7.749999999999999,6.755555555500001,11.731944445,1.3769190999999998,3.7520923954999996,1.3203745315,1.601148392,1.5560741215,2.604735595,2.104421505,1.5736200825,1.8806362779999999,1.5808742430000002,1.6276530919999999,1.8508768935000002,1.9024521855,235.20000000000002,172.52777780000002,166.1722222,92.400000005,66.205555555,21.133333335,9.0222222225,6.8388888885,12.138888885,65.03888889000001,94.28888888500002,253.87777780000002,99.57037036999999,170.41452555,118.04738425000002,117.45663160000002,65.71740308,45.302633315,20.68436852,12.181921169999999,10.814850985,10.769135012500001,58.41677661,69.98532851,201.36753325,75.096540985,,,,,
"Yocha Dehe Wintun Nation, California",0.3905427001949225,0.3905427001949225,0.2944351551187537,0.2810428824304259,0.20501945584717887,,,,,0.106,0.136,3.53,1.3583e7,,,,,,,,,,,,,,,,,,,,,,,,,,,,,,,,,,,,,,,,,,,,,,,,,,,,,7.422222222,9.088888889,10.0,12.888888889999999,15.688888890000001,19.57777778,21.57777778,21.78888889,19.36666667,16.06666667,9.788888889,6.966666666999999,14.185185190000002,1.331144036,1.46496113,1.2509996,1.427799395,1.345775283,1.221451777,0.8074307679999999,2.340109209,1.181101181,0.830662386,2.117453922,1.860107524,1.431583018,194.7888889,140.4444444,114.0222222,42.12222221999999,32.08888889,12.499999999999998,7.022222221999999,12.58888889,7.388888889,31.44444444,48.5,169.9666667,67.73981481,156.4290689,115.0468721,94.01377263,35.37254507,23.97094306,17.6276771,13.598233139999998,33.4900151,8.020356046,44.48946817,52.20059866,139.1094533,61.11408361,,,,,
Tuscarora Nation,0.6459189806847755,0.6017824921352349,0.0010000000000000002,0.6036640094358371,0.6030610142661671,,,,,0.11400000000000002,0.19900000000000004,2.9999999999999996,1.2258e7,,,,,,,,,,,,,,,,,,,,,,,,,,,,,,,,,,,,,,,,,,,,,,,,,,,,,-3.411111111,-4.055555556,1.666666667,7.666666666999999,13.777777780000001,18.6,21.48888889,21.33333333,17.15555556,10.44444444,5.044444444,-1.866666667,8.987037037,2.63364977,3.0356675999999996,2.564176281,1.655294536,1.6083980990000002,1.711724277,1.214953131,1.21449578,1.173787791,1.113677591,1.515842267,3.1591138000000005,1.88339841,66.04444444,52.011111109999995,56.38888889,63.43333333,74.34444444,105.7666667,67.95555556,73.64444444,80.14444444,99.72222222,81.37777778,81.51111111,75.19537037,25.121410739999998,28.7869521,32.46072413,27.0777584,31.91524366,50.46045481,21.37750635,23.72204202,17.7217459,31.73014252,53.20840577,41.89697019,32.12327972,,,,,
Yavapai-Prescott Indian Tribe,0.18684301954450072,0.18684301954450072,0.032663240782107125,0.17071610059420883,0.06764057361514746,,,,,0.139,0.207,3.3200000000000003,1.7492e7,,,,,,,,,,,,,,,,,,,,,,,,,,,,,,,,,,,,,,,,,,,,,,,,,,,,,5.2,5.1,9.933333333,13.17777778,17.31111111,23.41111111,26.67777778,25.57777778,22.64444444,13.78888889,7.900000000000001,5.633333333,14.6962963,1.870160421,5.174939613,1.317193987,2.504385043,2.681624715,1.46922126,1.788000124,1.8786815709999998,1.416078309,4.825568475,5.472659317,2.69026021,2.757397754,66.37777778,64.54444444,45.53333333,25.84444444,14.47777778,9.211111111,45.93333333,43.08888889,23.46666667,38.15555556,21.42222222,18.57777778,34.71944444,43.38276668,48.42780996,11.34559386,18.18379162,14.17654558,12.44090475,28.23543873,28.14144828,27.42293748,35.08824985,32.32003163,23.54759955,26.89275983,,,,,
"Pueblo of Pojoaque, New Mexico",0.06704776106467285,0.06698217339091614,0.002020178848253027,0.02708971893055371,0.002708577204609603,,,,,0.10700003620563887,0.17700010409121175,3.4499983254892026,9.325968473939965e6,,,,,,,,,,,,,,,,,,,,,,,,,,,,,,,,,,,,,,,,,,,,,,,,,,,,,-0.05,0.8611111115000001,3.738888889,8.572222222,12.638888884999998,18.05,21.811111110000002,19.33888889,15.866666665,10.244444442999999,4.7277777775,-0.5944444445,9.6004629635,3.1792274135000005,5.263778998,2.2592342065,4.078889933,2.0423733065,1.9090804995000001,4.9143376455,3.0323437795,1.8815706800000003,2.3414867255000003,3.5479732380000004,2.045237308,3.041294478,30.54444444,29.93888889,43.966666665,31.61111111,29.894444445,31.277777775000004,55.661111115000004,47.616666665000004,52.23333333499999,37.52777778,22.705555555,20.47222222,36.12083333499999,13.863384495000002,16.520125455,23.159565095,16.78689241,16.584505015,19.207835265,34.40204059,27.168498444999997,35.361825955,36.37074826,20.11052852,18.789572645,23.193793515,,,,,
Big Bend Rancheria of Pit River Indians of California,0.3550433274176845,0.34153598744944336,0.01373431528050443,0.1210489406505188,0.2111696461365969,,,,,0.142,0.21899999999999997,3.24,1.396e7,,,,,,,,,,,,,,,,,,,,,,,,,,,,,,,,,,,,,,,,,,,,,,,,,,,,,2.3,2.933333333,5.0,7.699999999999999,10.71111111,15.92222222,19.65555556,18.56666667,15.31111111,10.12222222,4.122222222,2.122222222,9.538888889,2.956771888,3.8196858510000005,2.077257808,2.248332716,1.891721732,1.7605239119999998,2.183524165,1.413329403,1.09138037,2.043757433,2.286251177,2.876533407,2.220755822,162.8333333,115.88888889999998,139.7111111,68.26666667,58.41111111,28.811111109999995,11.46666667,13.72222222,14.366666669999999,42.42222222,70.97777778,190.6444444,76.46018518,134.4338871,127.9270832,129.7067408,43.98579316,40.37977354,27.22959991,8.664871609,15.14932158,20.51767531,36.04978425,55.45263244,163.3988763,66.90800327,,,,,
Pascua Yaqui Tribe of Arizona,0.21586906458247018,0.15304492057751426,0.21586906458247018,0.0454653189382197,0.001,,,,,0.136,0.198,3.1000000000000005,7.2878e7,,,,,,,,,,,,,,,,,,,,,,,,,,,,,,,,,,,,,,,,,,,,,,,,,,,,,10.5,9.188888889,15.07777778,17.36666667,23.14444444,28.977777779999997,31.08888889,29.87777778,27.87777778,20.78888889,14.01111111,10.26666667,19.84722222,3.7459978639999996,8.280163713,1.8826694999999998,5.657296174,4.553600529,3.555902761,2.850194925,3.377046705,3.102328874,4.522014055,3.662800993,4.931024234,4.176753361,32.63333333,28.355555559999996,24.433333330000004,9.211111111,7.322222222,6.711111111,39.73333333,52.93333333,27.699999999999996,29.288888890000003,22.94444444,12.84444444,24.50925926,15.71488148,17.75085287,20.67081276,11.69481129,12.38626031,10.13649896,40.37861439,39.08586701,19.64459213,36.0661699,26.69949022,15.730472899999999,22.16327702,,,,,
"Capitan Grande Band of Diegueno Mission Indians of California (Barona Group of Capitan Grande Band of Mission Indians of the Barona Reservation, California",0.10419697298514771,0.10419697298514771,0.029294032189398394,0.029964653589909032,0.030260879541840074,,,,,0.096,0.126,3.52,1.88159e8,,,,,,,,,,,,,,,,,,,,,,,,,,,,,,,,,,,,,,,,,,,,,,,,,,,,,9.944444444,9.833333333,11.48888889,13.33333333,15.86666667,19.4,22.6,23.0,20.877777779999995,16.77777778,12.64444444,10.24444444,15.50092593,1.3436062579999999,2.711088342,1.97258995,1.004987562,1.517399091,1.566045976,1.2737739200000002,1.573213272,1.951779815,2.117060331,1.191754076,0.8790778000000001,1.591864699,144.9888889,122.1555556,63.31111111,36.9,16.17777778,3.766666667,8.388888889,13.422222220000002,6.122222222,16.51111111,31.42222222,41.44444444,42.05092593,129.7307832,101.0686785,34.69425185,28.89679913,18.46786248,5.298584717,13.07970226,18.95552543,8.122311521,22.70597083,56.47518875,62.50442206999999,41.66667339,,,,,
Snoqualmie Indian Tribe,0.3099735089708618,0.30365163575223936,0.001,0.125433243240914,0.24907931685653628,,,,,0.09500000000000001,0.121,3.8599999999999994,1.3373999999999999e8,,,,,,,,,,,,,,,,,,,,,,,,,,,,,,,,,,,,,,,,,,,,,,,,,,,,,2.9,2.8,6.188888889,10.5,11.63333333,14.68888889,18.06666667,17.54444444,14.45555556,9.622222222,5.477777778,2.211111111,9.674074074,2.095829192,3.457961827,1.321404976,4.624121538,1.2206555619999997,1.286899806,1.051189802,1.77982521,1.297219248,1.445491074,4.814243912,2.104426552,2.208272392,216.6,148.4333333,161.2444444,119.6222222,105.0444444,97.11111111,41.13333333,42.22222222,98.87777778000002,165.1333333,216.3444444,233.7,137.1222222,109.7750199,79.20129418,61.50805051,68.46341683,52.86265485,43.23833497,27.4406177,24.153093889999997,47.67462055,110.4227784,162.8559034,143.0521321,77.55399311,,,,,
Hopi Tribe of Arizona,0.08789762714187326,0.08772475960625016,0.0012544617679671154,0.03478268106542458,0.0027756291122324034,,,,,0.18175390869320107,0.2759393582858595,3.0732408496820955,1.1046306733020939e7,,,,,,,,,,,,,,,,,,,,,,,,,,,,,,,,,,,,,,,,,,,,,,,,,,,,,1.1777777775714287,4.074603174714286,6.280952380857143,10.452380952857146,14.153968252857146,20.242857142857147,23.23492063428572,22.631746030000002,18.865079364285716,12.495238095714289,4.582539682428573,0.5317460318571429,11.560317461428575,2.292210653714286,3.902337367142858,1.613288946857143,2.2099193861428574,3.201518280428572,1.6795073981428574,2.983951297285715,2.2337450511428574,1.5182868992857144,2.9141844891428574,2.598703127142858,3.047084439857143,2.5162281114285716,38.29365079571429,31.14920634857143,30.992063491428574,21.846031747142863,13.353968253714287,10.05396825357143,25.187301587142862,27.83809523714286,27.83809523714286,26.958730158571434,13.569841271428572,12.868253967142858,23.329100527142863,23.851217642857144,19.93921574428572,16.90508314414286,15.651439236857145,22.398540711428574,18.236354530714287,19.71932847857143,16.778509892857144,23.305332062857147,25.168540678571432,14.125898006000003,10.051297591428574,18.844229811428573,,,,,
Kalispel Indian Community of the Kalispel Reservation,0.4324401056335238,0.3798137604889294,0.0009933456738693237,0.3271417288553704,0.36839028501230103,,,,,0.14681190150344112,0.23257954453710372,3.17,1.4145014108912405e6,,,,,,,,,,,,,,,,,,,,,,,,,,,,,,,,,,,,,,,,,,,,,,,,,,,,,-1.6555555555,-1.0111111115,3.477777778,9.827777776,11.011111109500002,14.205555554999998,19.049999999999997,16.633333335,13.627777775,7.305555555500001,1.3666666665,-2.8722222224999996,7.580555555,4.305050089,2.8617907555,2.4248551225,4.9531684345,1.492719829,2.7799308505,2.3361091455,2.215994186,2.2405242875000004,1.7704388009999998,6.061646776,4.013196783,3.1212854214999997,89.23333333500001,48.372222225,87.15000001499999,37.994444445,68.77777778000001,57.97222222,23.95,20.222222225,44.0,62.322222225000004,56.24444444499999,102.916666665,58.262962965,77.663735015,23.054421985,69.59951721499999,19.469373915,35.261964485,31.578256565000004,18.540258809999997,11.112820038500002,35.974509250000004,34.779426040000004,27.511889650000004,88.93984198999999,39.45716791,,,,,
Alabama-Coushatta Tribe of Texas,0.43129050964780524,0.3441214071812812,0.39126238603501784,0.29631129694859226,0.2961922292636433,,,,,0.182,0.3,2.77,4.0749999999999995e6,,,,,,,,,,,,,,,,,,,,,,,,,,,,,,,,,,,,,,,,,,,,,,,,,,,,,10.22222222,8.711111111,13.64444444,19.26666667,23.88888889,26.62222222,27.78888889,28.11111111,23.82222222,20.355555559999996,14.06666667,8.233333333,18.72777778,2.207814404,8.917461024,6.490976643,1.38383525,0.896443591,2.72799275,2.087129874,2.558536908,5.4844730329999996,1.006368609,4.061711462,5.412023651,3.602897267,105.1888889,86.79999999999998,113.4444444,76.01111111,125.7,90.4,132.2222222,65.96666667,96.63333333,104.95555560000001,114.20000000000002,67.43333333,98.2462963,55.38653818,54.27697486,69.86488945,54.94341281,64.21654771,37.79910713,71.17183041,28.83305395,52.51487884,78.33104607,84.78733691,42.55011751,57.88964449,,,,,
Passamaquoddy Tribe of Maine (Pleasant Point),0.42278373510781486,0.40585931273366105,0.0009999999999999998,0.31018945366162487,0.39663753760190285,,,,,0.163,0.257,3.54,3.105e6,,,,,,,,,,,,,,,,,,,,,,,,,,,,,,,,,,,,,,,,,,,,,,,,,,,,,-6.0,-6.922222222,-0.733333333,4.622222222,9.822222222,14.455555560000002,17.81111111,17.51111111,13.85555556,8.322222222,3.244444444,-2.644444444,6.112037038,3.457961827,5.011431377,2.636759375,1.936348224,1.005954494,0.782801238,0.990510531,0.684551759,1.470638561,2.629533123,1.492574212,2.576388515,2.05628777,101.5666667,60.52222222,98.22222222,91.85555556,99.53333333,95.6,95.65555556,75.02222222,97.01111111,137.0222222,107.6555556,130.9222222,99.21574074,44.2201877,23.12237973,48.73996763,53.10807639,51.54054229,33.23356737,47.70264959,36.03469778,32.19135926,62.885387370000004,41.52273808,56.80375819000001,44.25877595,,,,,
"Hualapai Indian Tribe of the Hualapai Indian Reservation, Arizona",0.10945923645317103,0.10210373493480657,0.0032086179779054398,0.0834100366983293,0.03472937991105025,,,,,0.15378247825151292,0.22743614257406683,3.2209958006600896,1.4239973226703411e7,,,,,,,,,,,,,,,,,,,,,,,,,,,,,,,,,,,,,,,,,,,,,,,,,,,,,5.1160493825555555,4.117283950666666,9.51728395111111,11.887654322333335,16.645679012222224,22.72962963111111,26.995061727777777,25.291358025555557,22.391358024444447,14.716049382222224,7.966666666111111,4.835802469222222,14.350823046666665,2.4286899001111113,5.882726874555556,2.5112183308888887,2.9287476219999995,3.9494915084444444,2.298550369555556,2.139919935888889,2.6380231776666676,2.6254846069999997,2.450049493555556,2.9979026919999994,3.8399247247777777,3.0575607698888883,50.958024691111106,38.951851851111115,35.195061728888895,16.892592593333333,12.893827161666666,10.774074072666668,24.293827160000003,26.134567902222223,18.617283951111116,38.97654320888889,33.83086419888889,14.822222220666669,26.86172839555556,34.128041816666666,26.968398707777787,16.633043266666665,11.707975766,12.455790449555556,10.174117173333332,23.58674947,19.58025911666667,19.06064171888889,42.39549081444444,63.22122919555556,18.440424595555555,24.862680174444442,,,,,
"Mesa Grande Band of Diegueno Mission Indians of the Mesa Grande Reservation, California",0.17132160685628003,0.17132160685628003,0.07480569950097951,0.08125470683077396,0.055279531479175234,,,,,0.096,0.126,3.52,1.88159e8,,,,,,,,,,,,,,,,,,,,,,,,,,,,,,,,,,,,,,,,,,,,,,,,,,,,,8.944444444,9.588888889,10.43333333,12.58888889,15.02222222,19.16666667,22.76666667,23.2,20.44444444,16.95555556,11.76666667,9.233333333,15.00925926,1.896121773,2.158381595,2.38117618,1.913403018,2.590742064,1.7190113440000003,0.8888194419999998,2.50049995,2.336723727,2.556418936,1.7492855679999997,1.732050808,2.035219534,111.4777778,91.71111111000002,67.93333333,42.1,18.81111111,4.022222222,10.83333333,9.0,6.922222222,16.96666667,33.13333333,39.94444444,37.73796296,101.9514441,78.85855129,52.27107231,23.88006491,19.35874766,5.467581224,10.13508757,9.186675133,8.68443691,17.15852558,48.22911465,53.93677111,35.75983937,,,,,
Tunica-Biloxi Indian Tribe,0.7392021340484903,0.5375524831024955,0.7287644227898045,0.42038487800549174,0.54485776328093,,,,,0.18,0.272,3.06,3.8150000000000005e6,,,,,,,,,,,,,,,,,,,,,,,,,,,,,,,,,,,,,,,,,,,,,,,,,,,,,7.588888889,7.066666666999999,13.34444444,17.8,22.66666667,26.500000000000004,27.38888889,27.677777779999996,24.1,18.37777778,13.08888889,7.244444444,17.73703704,4.825309432,9.588404455,5.188957292,2.765863337,3.035621847,2.427447219,2.251912767,2.519314281,4.330704331,2.986543896,3.948558105,3.9872017480000004,3.987986559,132.3555556,114.7111111,139.5888889,112.0333333,103.9,101.9888889,110.9,90.94444444,84.23333333,129.0666667,122.89999999999999,96.18888889,111.56759259999998,104.6703887,72.91072357,93.09149323,100.524599,46.29889308,52.086813219999996,42.27354374,61.43612763,48.67247682,122.9977337,83.17519161,68.20708256,74.69542224,,,,,
Tohono O'odham Nation of Arizona,0.0962104357500949,0.08421142157334702,0.06341169551123838,0.029926336048404438,0.002416605871502217,,,,,0.13465319239978746,0.19665785945966557,3.0885746969372705,7.53361227739302e7,,,,,,,,,,,,,,,,,,,,,,,,,,,,,,,,,,,,,,,,,,,,,,,,,,,,,10.552136752307689,9.297435897230768,15.26837606769231,17.45213675230769,22.31965811923077,28.285470085384613,31.55811965769231,29.436752136153835,28.087179487692303,20.305128205384616,13.394871796153843,10.517948717538461,19.706267806923076,3.636428236461539,8.681115860384613,2.567769387307692,5.584850437999999,4.865296684692307,3.5166763417692306,2.733507178307692,4.0723433756923075,2.984664032615384,4.99640034176923,5.721894070153846,5.760484017846155,4.593452497153846,34.300854699999995,24.899145299230767,23.14017094076923,9.439316239307692,3.8752136752307695,6.052136751769232,28.306837606923075,39.730769230769226,17.92222222169231,29.399145299230767,27.571794872307684,12.705128204999998,21.445227919230764,22.26849830230769,19.207879666153847,17.111187746615382,13.314798530923076,7.453815931461538,10.564856881384614,28.39500786384615,29.679203544615383,18.038567366153845,37.13279598999999,43.1689958676923,14.48989171230769,21.735458283846153,,,,,
Mashantucket Pequot Indian Tribe,0.24944884617505014,0.1742239292514027,0.0009999999999999998,0.12237821153426597,0.2402391684172418,,,,,0.118,0.168,3.55,1.9018e7,,,,,,,,,,,,,,,,,,,,,,,,,,,,,,,,,,,,,,,,,,,,,,,,,,,,,2.366666667,3.488888889,5.811111111,10.12222222,13.411111110000002,19.56666667,22.67777778,22.64444444,18.55555556,14.733333329999999,7.211111111,0.677777778,11.77222222,4.796352781,5.351038321,2.814446857,2.271991295,1.844210159,1.514925741,2.110555482,1.9046726170000001,1.334270504,3.787149324,1.973856913,1.8136825640000003,2.62642938,68.85555556,65.04444444,117.3777778,77.8,90.78888889,81.96666667,50.27777778,49.1,76.64444444,94.27777778,83.21111111,76.86666667,77.68425926,47.34345549,34.59281396,82.17776125,52.64135732,46.15905774,44.39236984,27.39483427,34.0738903,42.55846306,63.86287611,55.10552251,36.68671422,47.24909301,,,,,
Santo Domingo Pueblo,0.09377380390319943,0.09363252738588447,0.0021632189820075683,0.042423386702869006,0.009289658890260247,,,,,0.11924729331260704,0.19678408919728832,3.2050541337478586,9.157364192080256e6,,,,,,,,,,,,,,,,,,,,,,,,,,,,,,,,,,,,,,,,,,,,,,,,,,,,,0.6740740736666667,1.2111111113333335,5.255555555333334,8.474074074333334,12.64444444,17.66296296,20.87407407666667,19.47777778,17.011111113333335,10.311111110333334,4.022222222333334,-0.748148148,9.739197530666665,3.2955592046666666,3.754051076666667,4.083682303000001,2.226562923666667,4.129844772333334,2.0272431196666667,2.1091969683333334,2.6551898543333334,3.222532710666667,2.1850365853333336,2.4288093963333335,3.3049171830000006,2.9518855083333335,34.403703703333335,33.34814815,42.91851852,33.074074073333335,25.155555556666666,28.34814815,49.97037036666667,47.91851852,59.16296296000001,39.30370370333334,26.411111110000004,20.51481481333333,36.71080246666667,18.605093243333332,17.251482696666667,23.241295076666667,19.522788216666665,15.883873566666667,25.139085870000002,33.26252616,27.9963333,34.70185020666666,38.10062389000001,25.17360214,19.425425670000003,24.858665003333336,,,,,
"Resighini Rancheria, California",0.4777900194139038,0.47539606860680306,0.007639430908409094,0.31489994877001637,0.40703263299565035,,,,,0.167,0.251,3.49,2.701e6,,,,,,,,,,,,,,,,,,,,,,,,,,,,,,,,,,,,,,,,,,,,,,,,,,,,,6.788888889,6.8777777780000005,7.9,9.488888889,12.022222220000002,15.75555556,17.8,17.06666667,15.77777778,12.05555556,7.333333333,6.022222222,11.24074074,2.941702077,4.919801261,2.232711356,2.190573238,1.69246697,1.194896555,1.3322912589999998,1.551612065,1.112180041,2.2836982679999998,2.523885893,3.126410793,2.258519148,230.3222222,156.4666667,143.6444444,90.97777778,57.12222222,38.72222222,18.41111111,9.422222222,18.0,82.44444444,152.8555556,229.7,102.3407407,139.21353,76.10762117,78.94898845,61.9248088,30.168103100000003,24.40173036,27.89074418,13.48923439,15.85654439,50.09945387,71.89607276,120.2919677,59.19073326,,,,,
United Auburn Indian Community of the Auburn Rancheria of California,0.322,0.322,0.086,0.164,0.137,,,,,0.083,0.116,3.7999999999999994,2.0285e7,,,,,,,,,,,,,,,,,,,,,,,,,,,,,,,,,,,,,,,,,,,,,,,,,,,,,7.166666667,9.033333333,10.37777778,13.54444444,16.88888889,21.31111111,23.77777778,24.0,20.64444444,16.48888889,10.28888889,7.333333333,15.0712963,1.070046728,2.097021698,1.518039672,1.858165164,1.482771429,2.19797887,3.078058551,1.679285562,2.116666667,1.641222444,2.523115358,1.518222645,1.898382899,133.0333333,92.6,101.3888889,45.83333333,30.74444444,6.655555556,8.977777778,4.766666667,4.511111111,32.96666667,61.64444444,143.4222222,55.54537037,80.75891592,74.11905963,62.69723767,28.24376037,23.84151375,9.120733401,16.79961144,8.769264507,5.39732444,28.7379105,56.00707793,103.8452187,41.52813569,,,,,
Northfork Rancheria of Mono Indians of California,0.291,0.291,0.001,0.066,0.143,,,,,0.132,0.204,3.9699999999999998,1.3794e7,,,,,,,,,,,,,,,,,,,,,,,,,,,,,,,,,,,,,,,,,,,,,,,,,,,,,6.844444444,7.555555555999999,10.911111109999998,14.1,17.77777778,22.81111111,25.72222222,25.42222222,21.86666667,16.43333333,9.733333333,5.566666667,15.39537037,1.115920148,2.71712675,1.683333333,1.618641406,1.404259394,2.083533324,2.349349792,1.114425612,1.681517172,1.039230485,2.073644135,3.772598574,1.887798344,170.3444444,118.6222222,103.5333333,50.54444444,37.36666667,10.26666667,6.722222222,11.67777778,5.911111110999999,29.53333333,52.31111111,98.9,57.97777777,116.0970726,93.85501822,90.83106572,30.1600361,30.23156463,10.60825151,12.21011648,28.77797673,5.394544569,39.20570749,53.52790031,86.84389731,49.81192931,,,,,
"Reno-Sparks Indian Colony, Nevada",0.07747486124581668,0.07742375744198209,0.022259905191315845,0.018124716803810365,0.0011668787105994127,,,,,0.112,0.168,3.42,2.9344e7,,,,,,,,,,,,,,,,,,,,,,,,,,,,,,,,,,,,,,,,,,,,,,,,,,,,,0.3592592593333333,2.985185185,3.7222222219999996,8.077777777666666,10.985185183333334,16.53333333333333,21.429629629999997,19.64074074,14.844444443333332,10.666666665666666,3.148148148333333,0.24444444433333334,9.386419754,1.809904001,3.7286804620000003,2.2015300476666666,2.2596521996666663,1.9106871266666665,2.749335584333333,2.7043928803333332,2.2771663976666665,1.8646513949999999,3.1497756673333335,2.2503220736666667,2.4067221453333336,2.442734998666666,107.85925926666667,65.57777777666666,49.26666666333333,27.996296296666664,27.914814813333333,16.44444444333333,18.25185185,9.899999999,9.429629628666666,26.25555555333333,31.203703703333325,85.72222222666667,39.65185185333333,80.00874538333333,46.26828087333333,38.316773080000004,21.23733494833333,21.44188751333333,19.523213523333332,27.572218416666665,10.348501368666666,11.303458434,34.868401979999994,24.33555377333333,88.20813468333333,35.28604199666667,,,,,
"Fort Mojave Indian Tribe of Arizona, California & Nevada",0.04963422740085531,0.048298117803447733,0.009898523363846626,0.023763367739399965,0.0010000000000000005,,,,,0.15200234315551253,0.2305828782543784,3.1451814655939465,5.294530874082067e7,,,,,,,,,,,,,,,,,,,,,,,,,,,,,,,,,,,,,,,,,,,,,,,,,,,,,7.851851851999999,9.233333333333333,12.87777778,16.962962963333332,20.640740740000002,26.60000000333333,30.37777778,29.266666666666666,25.97407407333333,18.277777776666667,12.029629626666665,7.870370370333334,18.16358024666667,4.3972671960000005,5.855120159,3.326268707666667,4.085245677,5.281908740666667,4.548200098666666,4.895068825,4.894290998333332,4.142714745333333,5.571864489666666,4.8212856796666665,5.546435921333334,4.780472603000001,67.55185184333332,24.581481483333334,19.937037039999996,10.925925926000001,9.014814816,9.559259259333334,19.477777776666667,12.422222223333334,15.488888886666668,21.948148146666668,9.933333334333334,24.792592591,20.469444443333334,92.3385159,23.095921663333332,15.271719193333332,12.901112879666668,16.43871173766667,20.73122175266667,22.01285092,9.672674406666667,22.644806063333334,31.77018136333333,15.082636786666665,49.65294039166667,27.63444108666667,,,,,
"Pueblo of Santa Clara, New Mexico",0.08367048904511229,0.08029203002329682,0.0015146270244880274,0.042989093822582695,0.022570266294378555,,,,,0.11632506911863737,0.1981670828433588,3.135801871992255,5.037506437073932e6,,,,,,,,,,,,,,,,,,,,,,,,,,,,,,,,,,,,,,,,,,,,,,,,,,,,,-0.37777777799999995,2.3722222219999995,3.8666666665,7.5444444445,12.98888889,18.21666667,21.772222225,19.844444445,15.78888889,10.3111111105,4.088888889,0.2777777775,9.7245370385,2.2408651695,4.8356075915000005,1.8090519675,2.0201006890000004,1.8095385375,1.0532522585000001,2.2584307354999997,2.340857697,1.5062048734999998,1.5786164935000002,4.390199,3.1400315320000005,2.415229712,29.516666665,48.13888889,40.922222225,35.083333335,29.31111111,25.13888889,45.766666665,53.67777778000001,46.96111111,36.944444444999995,22.850000000000005,18.605555555000002,36.07638889,12.463502245,48.551567344999995,20.141677214999998,15.141208540000001,21.761238605,22.041928785,24.733568445,28.57843916,31.31429734,31.793796515,18.079055054999998,16.12057163,24.226737574999994,,,,,
Big Sandy Rancheria of Western Mono Indians of California,0.1572484688522557,0.1572484688522557,0.045948990314344566,0.06013106474730035,0.09118648776107857,,,,,0.152,0.229,3.07,7.7333e7,,,,,,,,,,,,,,,,,,,,,,,,,,,,,,,,,,,,,,,,,,,,,,,,,,,,,4.322222222,3.4555555560000006,6.877777778,9.277777778,12.75555556,17.75555556,21.9,20.75555556,17.77777778,11.522222220000002,6.577777778,4.455555556,11.452777779999998,3.844729437,3.395994372,4.382287581,3.113590282,3.134529913,3.179273152,2.875760769,2.899616833,4.565845425,1.15301537,3.112385652,3.532035925,3.265755393,178.8777778,130.7444444,98.81111110999998,49.83333333,45.34444444,14.36666667,19.77777778,9.566666667,10.65555556,31.45555556,63.45555556,119.15555559999999,64.33703704,133.0896857,84.5528845,79.09785782,26.164527509999996,38.37984859,18.49891889,27.14736533,14.6757453,9.177569274,25.04127149,56.78921797,83.65563506,49.68921062,,,,,
Houlton Band of Maliseet Indians,0.37780103861987163,0.35754244744496766,0.0009999999999999996,0.2781867026549924,0.34327389352114057,,,,,0.164,0.25,3.57,6.764e6,,,,,,,,,,,,,,,,,,,,,,,,,,,,,,,,,,,,,,,,,,,,,,,,,,,,,-9.144444444,-8.744444444,-2.077777778,4.622222222,11.01111111,16.58888889,19.71111111,18.58888889,13.42222222,7.166666667,1.211111111,-6.544444444,5.484259259,3.416178827,2.5913853009999994,2.357317213,2.006101803,2.001527195,1.9270731979999998,1.863762622,1.375176756,2.498388369,1.790949469,2.289893253,4.177652185,2.357950516,80.7,52.48888889,92.23333333,85.0,98.7,94.25555555999999,91.0,84.53333333,104.6666667,123.96666669999999,101.9333333,105.1444444,92.88518518,38.56870493,21.40755967,35.28749779,35.39216015,34.49612297,42.38791428999999,38.57333924,38.18026323,40.45645808,58.07081883,36.32870766,48.15000288,38.94162914,,,,,
"Round Valley Indian Tribes, Round Valley Reservation, California",0.32896499170159105,0.32641028509810677,0.07820786531623061,0.07442570935707175,0.14971619681220733,,,,,0.1373158818738234,0.1996115599250336,3.513966971642761,6.501104723149261e6,,,,,,,,,,,,,,,,,,,,,,,,,,,,,,,,,,,,,,,,,,,,,,,,,,,,,5.2,5.511111111,6.411111111,8.611111111,11.63888889,15.683333335,18.566666665,17.97777778,15.705555555000002,11.394444445,6.0333333335,4.827777778,10.630092591,2.0398137115,3.7180641325000003,1.851039129,1.7791137365,1.7816351615,2.0403761655,0.8877122295,2.2983321679999995,1.4852701030000002,1.6697080364999999,2.3151495005,2.285356554,2.012630886,233.47777774999997,172.90555555000003,150.6777778,82.55,71.083333335,24.95,17.583333335000003,7.466666666499999,12.77777778,60.811111110000006,99.77222220499999,267.6666667,100.143518535,154.2160684,115.57744075000001,113.47417435000001,66.245634205,49.00369913,25.815524819999997,26.604565445000002,8.4886330075,12.27152329,45.877072065,71.649317325,205.7317921,74.57962041,,,,,
"Metlakatla Indian Community, Annette Island Reserve",,,,,,,,,,0.17797208370063264,0.28494476136508157,3.5200178189144897,685234.6157074491,,,,,,,,,,,,,,,,,,,,,,,,,,,,,,,,,,,,,,,,,,,,,,,,,,,,,1.8074074076666666,2.166666666666667,4.5555555556666665,8.737037037,10.211111112000001,13.529629626666665,16.155555553333336,15.599999999999998,12.844444443333332,7.711111110999998,3.3111111109999998,1.1629629629999998,8.149382715666666,2.1704283453333333,3.083691826,1.9404834149999999,4.928154175333334,2.046540372,3.357352102,3.9845340413333337,3.3179830026666663,2.4741094563333332,2.037626662666667,4.512542686,1.9910145906666665,2.9870383896666666,220.27777776666667,137.24444446666664,165.60740739999997,107.42592593333332,70.57777777666666,77.99629629666666,96.24074074,115.45925926666666,148.72222223333333,263.87777776666667,198.16666666666666,205.0111111,150.5506173,97.79764284999999,58.22836611666667,75.32072388666666,83.5485105,26.661004603333332,49.35930785,60.42083164666667,52.288545156666665,77.20524925,120.3567001,136.45594383333332,68.91759891333334,75.54670206,,,,,
"Viejas (Baron Long) Group of Capitan Grande Band of Mission Indians of the Viejas Reservation, California)",0.10419697298514771,0.10419697298514771,0.029294032189398394,0.029964653589909032,0.030260879541840074,,,,,0.096,0.126,3.52,1.88159e8,,,,,,,,,,,,,,,,,,,,,,,,,,,,,,,,,,,,,,,,,,,,,,,,,,,,,,,,,,,,,,,,,,,,,,,,,,,,,,,,,,,,,,,,,,,,,,,,,,,,,,,,,,,,,
Tolowa Dee-ni' Nation,0.36781037590465215,0.36378146336109835,0.004005729448621479,0.2114427936613671,0.27586519887706196,,,,,0.167,0.251,3.49,2.701e6,,,,,,,,,,,,,,,,,,,,,,,,,,,,,,,,,,,,,,,,,,,,,,,,,,,,,,,,,,,,,,,,,,,,,,,,,,,,,,,,,,,,,,,,,,,,,,,,,,,,,,,,,,,,,
Hoh Indian Tribe,0.4494115494140461,0.38664317003101617,0.001,0.30911517575335995,0.39563801378562513,,,,,0.133,0.234,4.46,3.102e6,,,,,,,,,,,,,,,,,,,,,,,,,,,,,,,,,,,,,,,,,,,,,,,,,,,,,,,,,,,,,,,,,,,,,,,,,,,,,,,,,,,,,,,,,,,,,,,,,,,,,,,,,,,,,
"Cher-Ae Heights Indian Community of the Trinidad Rancheria, California",0.40096820657857396,0.40096820657857396,0.001,0.16319652488037092,0.23425089164090096,,,,,0.141,0.196,3.32,1.0777e7,,,,,,,,,,,,,,,,,,,,,,,,,,,,,,,,,,,,,,,,,,,,,,,,,,,,,,,,,,,,,,,,,,,,,,,,,,,,,,,,,,,,,,,,,,,,,,,,,,,,,,,,,,,,,
"Viejas (Baron Long) Group of Capitan Grande Band of Mission Indians of the Viejas Reservation, Ca",,,,,,,,,,,,,,,,,,,,,,,,,,,,,,,,,,,,,,,,,,,,,,,,,,,,,,,,,,,,,,,,,,9.944444444,9.833333333,11.48888889,13.33333333,15.86666667,19.4,22.6,23.0,20.877777779999995,16.77777778,12.64444444,10.24444444,15.50092593,1.3436062579999999,2.711088342,1.97258995,1.004987562,1.517399091,1.566045976,1.2737739200000002,1.573213272,1.951779815,2.117060331,1.191754076,0.8790778000000001,1.591864699,144.9888889,122.1555556,63.31111111,36.9,16.17777778,3.766666667,8.388888889,13.422222220000002,6.122222222,16.51111111,31.42222222,41.44444444,42.05092593,129.7307832,101.0686785,34.69425185,28.89679913,18.46786248,5.298584717,13.07970226,18.95552543,8.122311521,22.70597083,56.47518875,62.50442206999999,41.66667339,,,,,
