Tribe,nccpi3all_P,nccpi3sg_P,nccpi3cot_P,nccpi3soy_P,nccpi3corn_P,Food_Insecurity_Rate_2018_H,Child_Food_Insecurity_Rate_2018_H,Cost_Per_Meal_2018_H,Weighted_Annual_Food_Budget_Shortfall_2018_H,Food_Insecurity_Rate_2018_P,Child_Food_Insecurity_Rate_2018_P,Cost_Per_Meal_2018_P,Weighted_Annual_Food_Budget_Shortfall_2018_P,temp_mean_1_H,temp_mean_2_H,temp_mean_3_H,temp_mean_4_H,temp_mean_5_H,temp_mean_6_H,temp_mean_7_H,temp_mean_8_H,temp_mean_9_H,temp_mean_10_H,temp_mean_11_H,temp_mean_12_H,temp_mean_ann_H,temp_std_1_H,temp_std_2_H,temp_std_3_H,temp_std_4_H,temp_std_5_H,temp_std_6_H,temp_std_7_H,temp_std_8_H,temp_std_9_H,temp_std_10_H,temp_std_11_H,temp_std_12_H,temp_std_ann_H,precip_mean_1_H,precip_mean_2_H,precip_mean_3_H,precip_mean_4_H,precip_mean_5_H,precip_mean_6_H,precip_mean_7_H,precip_mean_8_H,precip_mean_9_H,precip_mean_10_H,precip_mean_11_H,precip_mean_12_H,precip_mean_ann_H,precip_std_1_H,precip_std_2_H,precip_std_3_H,precip_std_4_H,precip_std_5_H,precip_std_6_H,precip_std_7_H,precip_std_8_H,precip_std_9_H,precip_std_10_H,precip_std_11_H,precip_std_12_H,precip_std_ann_H,temp_mean_1_P,temp_mean_2_P,temp_mean_3_P,temp_mean_4_P,temp_mean_5_P,temp_mean_6_P,temp_mean_7_P,temp_mean_8_P,temp_mean_9_P,temp_mean_10_P,temp_mean_11_P,temp_mean_12_P,temp_mean_ann_P,temp_std_1_P,temp_std_2_P,temp_std_3_P,temp_std_4_P,temp_std_5_P,temp_std_6_P,temp_std_7_P,temp_std_8_P,temp_std_9_P,temp_std_10_P,temp_std_11_P,temp_std_12_P,temp_std_ann_P,precip_mean_1_P,precip_mean_2_P,precip_mean_3_P,precip_mean_4_P,precip_mean_5_P,precip_mean_6_P,precip_mean_7_P,precip_mean_8_P,precip_mean_9_P,precip_mean_10_P,precip_mean_11_P,precip_mean_12_P,precip_mean_ann_P,precip_std_1_P,precip_std_2_P,precip_std_3_P,precip_std_4_P,precip_std_5_P,precip_std_6_P,precip_std_7_P,precip_std_8_P,precip_std_9_P,precip_std_10_P,precip_std_11_P,precip_std_12_P,precip_std_ann_P,nccpi3all_H,nccpi3sg_H,nccpi3cot_H,nccpi3soy_H,nccpi3corn_H
Non-federally Recognized (AZ),NA,NA,NA,NA,NA,0.13512649604969723,0.20070505518394524,3.135093122964322,43206458.332323514,NA,NA,NA,NA,5.7936889947120935,7.581129904465687,8.700582835137912,11.567342224335295,14.559792695048806,19.08547466998213,21.185501162599657,21.493820629288432,18.302322231316595,14.772774839896574,7.903537574075921,4.2095016930093125,12.929622454442292,3.9705801504025016,2.63719083087177,2.2916771054334255,2.0764726112303102,2.512041962912003,2.6127654739794357,2.6659551965860215,2.592230022327844,2.720611470116158,1.9780984192235311,3.0860690489207956,3.3601009352662237,2.708649435605841,105.13308993216076,86.48750879704562,86.4738121903055,49.819837898302666,38.550917715966754,21.187891281359732,11.73284487857246,7.964435503658223,16.890850988133824,45.00078318365096,64.79251008097975,92.79771005691006,52.23601604315251,89.0537303354392,73.72719078739361,72.48446968194315,33.63769584678784,24.932879304577902,17.895648799289905,14.695355556126591,11.114210538083968,18.192538817368305,54.16509805562035,77.95406975939797,84.20130853881378,47.67118300211309,NA,NA,NA,NA,NA,NA,NA,NA,NA,NA,NA,NA,NA,NA,NA,NA,NA,NA,NA,NA,NA,NA,NA,NA,NA,NA,NA,NA,NA,NA,NA,NA,NA,NA,NA,NA,NA,NA,NA,NA,NA,NA,NA,NA,NA,NA,NA,NA,NA,NA,NA,NA,0.15551802557661326,0.1402465333447889,0.08469118152869749,0.10067195662864482,0.03145938226112246
Duwamish Tribe of Indians [Unrecognized],NA,NA,NA,NA,NA,0.1078575708271624,0.15384485437310808,3.555198797670743,41227678.45200813,NA,NA,NA,NA,0.13348266808176332,2.1858590455023523,3.697830769698608,7.503559425415642,10.923990979676892,14.868110123605437,20.058687202680726,18.532678350226934,14.423765460178078,8.84172675455441,2.9212517149984167,-1.0312443325420035,8.588308180209129,3.172879193576984,3.073162146969566,2.529440148374894,2.236813308673675,2.146447644851673,2.8654645305262263,2.607753923131217,2.1059890729361648,2.178450965429993,1.9346584615652096,3.709278589145534,2.9726780471818177,2.627751336054974,87.2070558132712,46.19604954020927,59.24249062051206,51.77585328122418,46.12253201615478,26.86295925501229,12.82488732449589,11.907416509426389,27.440253295541428,45.47492187809438,59.15784074812994,97.59436269815458,47.650551915315646,88.65408080695059,43.80809189256094,50.88620357824788,37.72660158035071,25.861365992154344,21.076911223180396,10.06513442161523,17.362879232826394,25.611012137626005,51.932997040573134,73.03205896190973,99.56873407905958,45.46550591257848,NA,NA,NA,NA,NA,NA,NA,NA,NA,NA,NA,NA,NA,NA,NA,NA,NA,NA,NA,NA,NA,NA,NA,NA,NA,NA,NA,NA,NA,NA,NA,NA,NA,NA,NA,NA,NA,NA,NA,NA,NA,NA,NA,NA,NA,NA,NA,NA,NA,NA,NA,NA,0.33982472215627724,0.3220384478800925,0.00118788692028137,0.2142276427997545,0.30745323738872116
Ponca Tribe of Nebraska,NA,NA,NA,NA,NA,0.12297024965380386,0.1698924460081904,3.3415560729122693,334256.3701004841,NA,NA,NA,NA,-6.444444444,-3.988888889000001,2.855555556,9.3,14.63333333,20.92222222,23.9,22.96666667,17.95555556,10.15555556,1.533333333,-5.577777778,9.017592593,2.667916374,3.274692522,1.7493649639999995,2.286919325,1.8834808199999995,1.127805145,1.123610253,1.511621646,1.6771337980000005,2.042737814,3.224515467,2.739424108,2.109101853,10.13333333,9.288888889,32.16666667,58.855555560000006,97.91111110999998,100.7666667,58.01111111000001,78.33333333,51.81111111,39.36666667,23.44444444,10.48888889,47.54814815,4.199107048,6.905151056000001,25.1713627,40.84455628,33.61407609,64.07183469,28.066013449999996,31.78651444,39.30010956,18.78516702,17.40733402,5.841113859,26.33269502,NA,NA,NA,NA,NA,NA,NA,NA,NA,NA,NA,NA,NA,NA,NA,NA,NA,NA,NA,NA,NA,NA,NA,NA,NA,NA,NA,NA,NA,NA,NA,NA,NA,NA,NA,NA,NA,NA,NA,NA,NA,NA,NA,NA,NA,NA,NA,NA,NA,NA,NA,NA,0.20433615970166577,0.191566121041078,0.03320213351762684,0.1845120803267195,0.15722858391759567
Buena Vista Rancheria of Me-Wuk Indians of California,NA,NA,NA,NA,NA,0.12711761385684783,0.18728690431241313,3.4907143988470968,46674068.62513163,NA,NA,NA,NA,8.35703351298726,10.35250401015579,11.496159569620994,14.26451615982246,17.14453719871283,21.147837989754457,23.9372100500807,23.22629814719546,20.978277575924757,17.35821799123296,10.859145747132766,8.02716556558948,15.5957419599462,2.001399015718656,2.307488536721771,2.414517465017002,2.339560734917912,2.2958615539863536,2.8327405524617273,2.58456013489799,2.3784738293705763,2.3870075571098885,2.2819097399873045,2.485518810314016,2.2952794763022335,2.3836931172728875,115.23441433743768,80.36186810190374,72.71918814068687,41.936115294132314,22.72843762185881,6.388546888624168,3.872325381735002,3.804306347653862,5.5849761472473425,23.0071536651422,37.32142272298888,92.80349257577916,42.14685393566134,90.20797357292648,67.24509057359319,61.47188355136315,29.500890580897916,19.109383981342408,7.845400418560746,7.1517202022138635,5.615972655437647,6.997246424298267,26.518069744436055,39.675265447205874,83.43054503164998,37.06412018196122,NA,NA,NA,NA,NA,NA,NA,NA,NA,NA,NA,NA,NA,NA,NA,NA,NA,NA,NA,NA,NA,NA,NA,NA,NA,NA,NA,NA,NA,NA,NA,NA,NA,NA,NA,NA,NA,NA,NA,NA,NA,NA,NA,NA,NA,NA,NA,NA,NA,NA,NA,NA,0.2539385992538846,0.251577622344151,0.13487999705440007,0.1325834598278291,0.08376383610712249
Atakapa-Ishak [Unrecognized],NA,NA,NA,NA,NA,0.15150389882941723,0.2315038988294172,3.2149953214047,9874333.796260271,NA,NA,NA,NA,0.97499999975,1.71388888875,3.055555556,7.65,12.6083333325,17.144444442499996,20.211111109999997,19.74444444,17.8750000025,11.1583333325,1.322222222,-0.95555555525,9.375231481000002,5.196959774,5.845107596,0.915302015,4.57941162425,4.441074117,4.3316748057500005,2.0531378260000004,1.425755161,6.030218956249999,4.0531457907499995,2.960480441,2.1860093175,3.66818978525,40.0861111075,61.4222222225,32.883333334999996,25.494444445,50.76111111,29.8888888875,23.144444445,33.4000000025,21.4083333325,22.733333335,28.844444444999997,39.11111111500001,34.0981481475,22.675341595000003,49.094224725,23.45188745,16.632767015,29.787947255,31.3067897875,22.47421112,38.209099929999994,19.646613967499995,19.702287697500005,33.35223893,48.053719465,29.532260745,NA,NA,NA,NA,NA,NA,NA,NA,NA,NA,NA,NA,NA,NA,NA,NA,NA,NA,NA,NA,NA,NA,NA,NA,NA,NA,NA,NA,NA,NA,NA,NA,NA,NA,NA,NA,NA,NA,NA,NA,NA,NA,NA,NA,NA,NA,NA,NA,NA,NA,NA,NA,0.5561703149131941,0.43130838336733895,0.5291559260609521,0.35238977267003263,0.3697949629864516
Scotts Valley Band of Pomo Indians of California,NA,NA,NA,NA,NA,0.11879992365365392,0.16535741276582183,3.704910834195921,15163526.695225174,NA,NA,NA,NA,7.790875645397652,9.945993978543187,10.995247642073606,13.529510469169631,16.268526333738436,20.50043631588898,22.378749634404084,22.15180269234201,20.053089440445422,16.918517612369925,10.513912732261913,7.65129750829053,14.89149666710967,2.153124471294059,2.3936420697143515,2.377902602940484,2.5987682842846622,2.2014857513282093,2.89916856150479,3.101665742747618,2.9479504247660175,2.8534253890851806,2.3350058835558496,2.182641808623863,2.2184865619865373,2.5219389626974875,161.0846768261212,115.30365023919155,104.54803012122854,48.690658846015005,35.28687404152784,9.85363880012699,3.481756501382358,2.306298267120121,7.433230710663072,34.578686204325656,52.23517759642087,135.61290848289678,59.20129888627747,132.66533382742662,102.10864102238294,90.58325998263824,38.86988675526018,29.98368729916087,13.634043477038825,7.038968031887644,4.967690180081305,10.11251236181664,39.58421930552746,48.35999080443877,123.1103553922498,53.418215703225535,NA,NA,NA,NA,NA,NA,NA,NA,NA,NA,NA,NA,NA,NA,NA,NA,NA,NA,NA,NA,NA,NA,NA,NA,NA,NA,NA,NA,NA,NA,NA,NA,NA,NA,NA,NA,NA,NA,NA,NA,NA,NA,NA,NA,NA,NA,NA,NA,NA,NA,NA,NA,0.3688083069283412,0.36618448199537984,0.1221602655985958,0.14851064185699206,0.2135435925363214
Cloverdale Rancheria of Pomo Indians of California,NA,NA,NA,NA,NA,0.11879992365365392,0.16535741276582183,3.704910834195921,15163526.695225174,NA,NA,NA,NA,7.790875645397652,9.945993978543187,10.995247642073606,13.529510469169631,16.268526333738436,20.50043631588898,22.378749634404084,22.15180269234201,20.053089440445422,16.918517612369925,10.513912732261913,7.65129750829053,14.89149666710967,2.153124471294059,2.3936420697143515,2.377902602940484,2.5987682842846622,2.2014857513282093,2.89916856150479,3.101665742747618,2.9479504247660175,2.8534253890851806,2.3350058835558496,2.182641808623863,2.2184865619865373,2.5219389626974875,161.0846768261212,115.30365023919155,104.54803012122854,48.690658846015005,35.28687404152784,9.85363880012699,3.481756501382358,2.306298267120121,7.433230710663072,34.578686204325656,52.23517759642087,135.61290848289678,59.20129888627747,132.66533382742662,102.10864102238294,90.58325998263824,38.86988675526018,29.98368729916087,13.634043477038825,7.038968031887644,4.967690180081305,10.11251236181664,39.58421930552746,48.35999080443877,123.1103553922498,53.418215703225535,NA,NA,NA,NA,NA,NA,NA,NA,NA,NA,NA,NA,NA,NA,NA,NA,NA,NA,NA,NA,NA,NA,NA,NA,NA,NA,NA,NA,NA,NA,NA,NA,NA,NA,NA,NA,NA,NA,NA,NA,NA,NA,NA,NA,NA,NA,NA,NA,NA,NA,NA,NA,0.3688083069283412,0.36618448199537984,0.1221602655985958,0.14851064185699206,0.2135435925363214
San Juan Southern Paiute Tribe of Arizona,NA,NA,NA,NA,NA,0.12546243484520272,0.17361458047270506,3.1898824682904174,4464882.587038589,NA,NA,NA,NA,6.59394752804188,9.679382226472,10.739637209536276,13.34929750890962,16.117439866344956,20.206392042689,22.758568480178496,22.369002196030745,20.008539890924418,16.225050957458052,9.635293501122831,7.012788449290727,14.557944988089371,3.365435190742652,1.8651844414837315,2.1292935248016427,1.9322213632491805,1.9942007813428309,2.1944017273812486,2.1944138269174136,2.567447180515441,2.051595967032345,2.160243854299028,2.382209377130707,2.688665420471649,2.2937760547000243,123.50116318122478,97.96628257880342,82.01242487237145,59.128787540687306,35.85497418246527,17.32455687806551,5.4244529992156165,8.563283183421207,14.18609027016176,55.114138873827464,83.96732398341587,121.04778035177053,58.67427157562876,84.0804397417744,62.36006418444594,50.577863491920425,38.37958880877192,23.07502136625029,13.334752060017482,6.5413190818742235,13.055278511786774,14.607899980416471,53.71191325688082,71.91759010498093,82.66843817683294,42.859180730496085,NA,NA,NA,NA,NA,NA,NA,NA,NA,NA,NA,NA,NA,NA,NA,NA,NA,NA,NA,NA,NA,NA,NA,NA,NA,NA,NA,NA,NA,NA,NA,NA,NA,NA,NA,NA,NA,NA,NA,NA,NA,NA,NA,NA,NA,NA,NA,NA,NA,NA,NA,NA,0.10344469959252554,0.10113557956608256,0.00997540847539882,0.04010860740984611,0.00642620122262768
Ione Band of Miwok Indians of California,NA,NA,NA,NA,NA,0.12872182189862716,0.19019972148780048,3.453495515936851,38689980.120865226,NA,NA,NA,NA,7.913853949001893,9.76707108602728,11.140808130593308,13.976802555160882,17.021463253734506,21.093994856465127,23.902417478563553,23.103241787203345,20.720050391636676,16.959713576240013,10.298288118091207,7.486853276084041,15.282046538303586,2.2267582983731344,2.5220355723024417,2.467578954616491,2.468688401206674,2.4390306592877917,2.9574359210066308,2.608314245443343,2.355351263675651,2.635865834369373,2.3809221912933336,2.6519750992555493,2.502992235227263,2.518079056379814,114.025915814589,81.28032329057291,72.57971894232189,42.86962999349693,25.92230734785614,9.584927622555648,6.114106884111911,6.400987314146002,8.95359562373362,27.685980195625422,44.47298556725596,93.46114850472723,44.44596892527157,91.95056795730449,66.30644292239293,59.736977966948174,30.447329895947018,21.102554187419567,9.85468928100661,8.582659213710917,7.279605301021048,9.25216562232048,31.536139397543153,44.85672757381523,82.9053014217037,38.650930061744845,NA,NA,NA,NA,NA,NA,NA,NA,NA,NA,NA,NA,NA,NA,NA,NA,NA,NA,NA,NA,NA,NA,NA,NA,NA,NA,NA,NA,NA,NA,NA,NA,NA,NA,NA,NA,NA,NA,NA,NA,NA,NA,NA,NA,NA,NA,NA,NA,NA,NA,NA,NA,0.246071660872058,0.24397537759732377,0.12657358007980504,0.12589247530080164,0.0781611963079098
Non-federally Recognized (UT),NA,NA,NA,NA,NA,0.10349298381806828,0.12675516280553148,3.0602885060382543,4273746.064513186,NA,NA,NA,NA,-1.6097438098407997,-0.4778687268686672,3.6033732896209,7.880514424088487,11.56805644877965,17.27746303271499,22.15782417194151,20.54411437177966,16.882269025966178,9.555765045013802,1.6694717803501349,-3.084311801883751,8.830577271014265,2.55474666940256,3.9930902572935745,3.002397816728042,2.440496203218433,3.195281800924218,2.907159423870234,2.7450907836097698,2.846258256327603,2.4566350902329672,2.337232440848252,2.7942369652139276,3.5808090132749975,2.904452893434935,46.5229007631712,37.05966870099149,47.867674258461406,41.321161491468835,71.32615653389509,35.51429126068247,23.33852356039825,22.311182644387024,31.62966573644074,34.05139131461514,35.86773352962386,41.78443545293207,39.04956543787644,37.79937072381863,27.725216623709237,28.50922450012511,21.65765923505842,35.38209791707167,20.39913107077535,20.520345220040216,17.476020323934897,25.0719620663405,23.2669225075913,22.746055912281836,33.79292726408538,26.195577781146888,NA,NA,NA,NA,NA,NA,NA,NA,NA,NA,NA,NA,NA,NA,NA,NA,NA,NA,NA,NA,NA,NA,NA,NA,NA,NA,NA,NA,NA,NA,NA,NA,NA,NA,NA,NA,NA,NA,NA,NA,NA,NA,NA,NA,NA,NA,NA,NA,NA,NA,NA,NA,0.14637443111350762,0.1462684384042559,0.00679945749358309,0.078247867231293,0.02162164924245612
Non-federally Recognized (CA),NA,NA,NA,NA,NA,0.12632541512745477,0.187926458830151,3.5972083836581437,24899231.342955258,NA,NA,NA,NA,7.024990989915023,8.943809468221545,9.771033831710325,12.57539107551658,15.430687567560929,19.629763828461268,22.44393730502211,21.482834544592855,19.454113940487854,15.725417760654938,9.399866512269474,6.928601557893419,14.06753736520969,2.2560310378697097,2.46972097901172,2.5120572144316657,2.534906844069724,2.6527368060047296,2.9370816802900546,2.915571596995466,2.8691357868030516,2.7195068645414207,2.475675000333542,2.55903724731627,2.393610808989656,2.607922655587788,160.23698295592342,110.68178592140607,102.92690257464474,54.66778102963656,38.549017491801024,13.41902479991519,5.808924452159858,6.497393476777512,11.12899925770657,39.759093603303995,59.906559600711006,145.5301197121342,62.42604873980053,125.0084281163312,90.99163075714505,84.8834017522786,39.442235691388674,28.109853031361787,13.391371240261297,8.847063560166676,8.392125462495382,12.455254703866451,41.40530015251321,51.697173698497544,122.76492583206957,52.2823969998698,NA,NA,NA,NA,NA,NA,NA,NA,NA,NA,NA,NA,NA,NA,NA,NA,NA,NA,NA,NA,NA,NA,NA,NA,NA,NA,NA,NA,NA,NA,NA,NA,NA,NA,NA,NA,NA,NA,NA,NA,NA,NA,NA,NA,NA,NA,NA,NA,NA,NA,NA,NA,0.3592781005669614,0.3535623158250088,0.1678317169179003,0.21568156158512536,0.19783009065922424
Non-federally Recognized (WA),NA,NA,NA,NA,NA,0.11928551100140453,0.1770237658803905,3.387811226302402,42268631.63873958,NA,NA,NA,NA,1.280577706887161,3.8260765548939406,4.123285486429427,8.213512316043461,12.001510722192986,16.324977848915474,20.36695020387161,18.456122628975272,16.287094630901116,9.642322346075758,3.690089491515152,-0.6886585150107651,9.460321784986842,3.6090519764146736,2.3579002142874805,2.76697912788756,2.302802613065391,2.004090958919059,3.3270301130346907,2.4732959476088516,1.808177676716906,3.573571897194976,2.195472927917863,3.666375316540273,2.7660818633058217,2.737569219394339,102.7944754517544,82.44607478360847,94.63306308916668,42.36151426552234,54.61689261010768,35.753238525677844,16.46501417694777,20.42280258772688,32.179527734047056,61.564389509900344,75.96269271823365,134.97948786128393,62.848264443110075,114.17153305495216,69.07631714016746,90.31328740985246,34.064342384645144,32.25840195545854,31.04961475588516,13.062402158122412,21.54955700580423,31.30663357739633,50.99255036226078,84.89321053779506,107.7601850169976,56.708169613959335,NA,NA,NA,NA,NA,NA,NA,NA,NA,NA,NA,NA,NA,NA,NA,NA,NA,NA,NA,NA,NA,NA,NA,NA,NA,NA,NA,NA,NA,NA,NA,NA,NA,NA,NA,NA,NA,NA,NA,NA,NA,NA,NA,NA,NA,NA,NA,NA,NA,NA,NA,NA,0.45510264691551067,0.44641947408279126,9.3971997687909e-4,0.22426337272136768,0.3681351365347699
Non-federally Recognized (NV),NA,NA,NA,NA,NA,0.10349298381806828,0.12675516280553148,3.0602885060382543,4273746.064513186,NA,NA,NA,NA,-1.6097438098407997,-0.4778687268686672,3.6033732896209,7.880514424088487,11.56805644877965,17.27746303271499,22.15782417194151,20.54411437177966,16.882269025966178,9.555765045013802,1.6694717803501349,-3.084311801883751,8.830577271014265,2.55474666940256,3.9930902572935745,3.002397816728042,2.440496203218433,3.195281800924218,2.907159423870234,2.7450907836097698,2.846258256327603,2.4566350902329672,2.337232440848252,2.7942369652139276,3.5808090132749975,2.904452893434935,46.5229007631712,37.05966870099149,47.867674258461406,41.321161491468835,71.32615653389509,35.51429126068247,23.33852356039825,22.311182644387024,31.62966573644074,34.05139131461514,35.86773352962386,41.78443545293207,39.04956543787644,37.79937072381863,27.725216623709237,28.50922450012511,21.65765923505842,35.38209791707167,20.39913107077535,20.520345220040216,17.476020323934897,25.0719620663405,23.2669225075913,22.746055912281836,33.79292726408538,26.195577781146888,NA,NA,NA,NA,NA,NA,NA,NA,NA,NA,NA,NA,NA,NA,NA,NA,NA,NA,NA,NA,NA,NA,NA,NA,NA,NA,NA,NA,NA,NA,NA,NA,NA,NA,NA,NA,NA,NA,NA,NA,NA,NA,NA,NA,NA,NA,NA,NA,NA,NA,NA,NA,0.14637443111350762,0.1462684384042559,0.00679945749358309,0.078247867231293,0.02162164924245612
Miami Tribe of Oklahoma,0.45173595738078054,0.39305321078361294,0.3921246139043339,0.4265210188997136,0.4375992616869678,NA,NA,NA,NA,0.16393037232350136,0.25512429914491286,3.0083838714980184,1939949.6114488717,NA,NA,NA,NA,NA,NA,NA,NA,NA,NA,NA,NA,NA,NA,NA,NA,NA,NA,NA,NA,NA,NA,NA,NA,NA,NA,NA,NA,NA,NA,NA,NA,NA,NA,NA,NA,NA,NA,NA,NA,NA,NA,NA,NA,NA,NA,NA,NA,NA,NA,NA,NA,2.9790729946516787,4.1850710825220645,10.410050264326948,15.1477194909048,19.660927623108517,24.90051808714127,27.446140562173184,27.49130354137107,23.54238134812656,15.971520645967248,9.528137046415484,2.8077527985575905,15.339216291426586,2.703279913125451,2.993992080430474,1.5042200940632806,1.380402873786289,0.6339562206464056,1.3248524528648349,1.4210491189814043,1.827863577281432,1.667056016492645,1.4345944523155705,2.3225338102242574,3.2426415567374405,1.871370180545101,68.14078391110185,65.9872421124424,108.9278101890369,97.56304006143212,179.77067570030528,128.6496006171801,90.65558331131555,82.10286489785179,100.18446048137106,79.8248280722398,85.84010546716624,71.41958861644461,96.5888819546711,42.00620743079656,47.51613675656397,52.78883307995004,41.431780293244515,83.7419057323869,53.69062103866499,55.63379617572578,56.68383812333611,46.67735297906189,59.048633440427416,75.89923169106022,68.81594366738828,56.99452336920344,NA,NA,NA,NA,NA
"Pueblo of Santa Ana, New Mexico",0.09060913689047856,0.090475343517755,0.0012001518678004,0.04259954890261996,0.01020776783791872,NA,NA,NA,NA,0.12,0.198,3.1900000000000004,9147000,NA,NA,NA,NA,NA,NA,NA,NA,NA,NA,NA,NA,NA,NA,NA,NA,NA,NA,NA,NA,NA,NA,NA,NA,NA,NA,NA,NA,NA,NA,NA,NA,NA,NA,NA,NA,NA,NA,NA,NA,NA,NA,NA,NA,NA,NA,NA,NA,NA,NA,NA,NA,0.5111111110000001,2.3481481483333333,4.837037037000001,8.048148148333334,13.277777776666667,18.951851853333338,21.94074074,20.57037037,16.77777778,10.903703701999998,4.133333333333333,0.18888888900000003,10.20740741,2.428840839,4.789772499000001,2.0001292390000005,1.7981600433333336,2.435763157333333,2.031345841333333,3.3705695343333337,3.061234978,1.8553563263333337,2.8279494143333337,3.1306458783333335,2.011325846,2.6450911333333336,35.640740740000005,30.492592590000005,41.04074074,31.29259259333334,21.677777780000003,20.233333336666668,43.81111111,47.077777776666665,53.68148148000001,44.5,22.988888890000005,20.596296296666665,34.41944444333333,20.206087396666668,19.015150453333337,20.69112236333334,19.595943613333333,15.7643857,10.984029305666668,32.22450261,32.58806656,35.01490022,43.79282211,21.62368934,17.563098233333335,24.088649823333338,NA,NA,NA,NA,NA
"Redding Rancheria, California",0.3116060054398712,0.3116060054398712,0.15715796666959217,0.21130571864452757,0.14035155998751167,NA,NA,NA,NA,0.142,0.219,3.24,13960000,NA,NA,NA,NA,NA,NA,NA,NA,NA,NA,NA,NA,NA,NA,NA,NA,NA,NA,NA,NA,NA,NA,NA,NA,NA,NA,NA,NA,NA,NA,NA,NA,NA,NA,NA,NA,NA,NA,NA,NA,NA,NA,NA,NA,NA,NA,NA,NA,NA,NA,NA,NA,6.666666666999999,7.788888889,9.811111111,12.3,15.555555559999998,22.4,25.44444444,23.45555556,21,14.75555556,8.722222222,6.344444444,14.52037037,1.337908816,4.46610693,1.765251005,3.973034105,3.824300953,2.377498686,2.22323588,3.670187703,1.631716887,3.865265551,2.938867885,2.010666004,2.8403367,191.8888889,131.0555556,132.3777778,67.35555556,67.08888889,29.43333333,16.67777778,14.17777778,26.52222222,40.82222222,66.77777778,192.6888889,81.40555556,155.3356885,121.5099904,135.9217126,49.66636465,53.04996335,15.771572529999998,24.32692838,20.1441541,33.15666516,36.84066292,50.95583327,157.0463104,71.14382052,NA,NA,NA,NA,NA
"Yurok Tribe of the Yurok Reservation, California",0.2641708258018071,0.2637700481190252,0.00742146916341128,0.0804586425301393,0.14807555294421773,NA,NA,NA,NA,0.14860893403509656,0.2120958219973197,3.36975072253717,8413548.028175391,NA,NA,NA,NA,NA,NA,NA,NA,NA,NA,NA,NA,NA,NA,NA,NA,NA,NA,NA,NA,NA,NA,NA,NA,NA,NA,NA,NA,NA,NA,NA,NA,NA,NA,NA,NA,NA,NA,NA,NA,NA,NA,NA,NA,NA,NA,NA,NA,NA,NA,NA,NA,6.9416666665,7.086111111250001,7.983333333499999,9.566666665,12.097222225,15.724999999999998,17.294444442499998,17.1444444425,15.4666666675,11.966666665000002,6.98611111125,6.216666666499999,11.206249999000002,1.73356726275,2.84655097725,1.471503619,1.25242540325,1.1778223965,3.08159991325,1.390320207,2.098735124,1.59117232025,1.28800068525,1.86030667775,1.74167686725,1.7944734545,237.338888875,152.316666675,160.88611110000002,104.59444444749998,68.883333335,41.374999997500005,10.76111111225,12.0777777775,18.63611111,81.919444445,151.252777775,271.288888875,109.277546275,132.92519515,69.7475514525,66.65753965500001,62.588783627500014,45.6607448525,23.589405335,12.430084687750002,16.6801404375,12.50133939,42.4844330825,66.36750394,156.598640725,59.019280195,NA,NA,NA,NA,NA
"Pueblo of Jemez, New Mexico",0.07868092979343336,0.07834171295285954,0.0029880938382168,0.03870373034043393,0.01053306576871878,NA,NA,NA,NA,0.12,0.198,3.1900000000000004,9147000,NA,NA,NA,NA,NA,NA,NA,NA,NA,NA,NA,NA,NA,NA,NA,NA,NA,NA,NA,NA,NA,NA,NA,NA,NA,NA,NA,NA,NA,NA,NA,NA,NA,NA,NA,NA,NA,NA,NA,NA,NA,NA,NA,NA,NA,NA,NA,NA,NA,NA,NA,NA,0.211111111,1.3407407406666665,4.566666667,8.040740740666667,12.918518516666666,18.637037036666666,21.048148146666662,20.270370366666665,16.555555556666665,10.311111112333332,3.5555555559999994,-0.22592592599999997,9.769135802,2.6420097860000005,3.792096487666666,2.4200204129999996,1.392684441,2.4275114376666664,1.785692436333333,2.2203244686666666,2.9387702013333334,2.071044174,2.0344943786666665,2.084357094,2.417880529333333,2.3522404876666663,38.34074074,32.577777776666665,44.88148148333333,35.78888888666666,22.85925926,19.496296296666664,43.67037037333333,49.32592592666666,49.75925925999999,43.33703703666666,22.418518519999996,18.814814813333335,35.1058642,19.71738,18.258960466666665,23.72691519333333,24.556954096666665,13.90430867,10.371642553,27.597100316666666,30.87258497,31.416830766666664,38.02126743666666,21.10467746,16.816397413333334,23.03041828,NA,NA,NA,NA,NA
Kickapoo Tribe of Oklahoma,0.3689043461862555,0.33855270845497915,0.2371271274794602,0.34332327633751747,0.33007093927662756,NA,NA,NA,NA,0.14591338358193964,0.21592202905080984,3.057532941680719,19347285.908888116,NA,NA,NA,NA,NA,NA,NA,NA,NA,NA,NA,NA,NA,NA,NA,NA,NA,NA,NA,NA,NA,NA,NA,NA,NA,NA,NA,NA,NA,NA,NA,NA,NA,NA,NA,NA,NA,NA,NA,NA,NA,NA,NA,NA,NA,NA,NA,NA,NA,NA,NA,NA,4.6,6.3444444445,11.805555555,16.4,20.7666666675,26.18611111,28.4527777775,28.74166666750001,24.527777780000005,17.313888889999998,11.0527777775,4.5166666665,16.725694445000002,2.24425749275,2.6775499040000006,1.2996307910000002,1.1024541225,1.07131592475,1.481930522,1.269749485,1.42117799925,1.40670989125,1.14561289075,2.043740052,2.7156872384999997,1.6566513595,60.069444445,57.3555555575,99.47777777,92.73888889,166.61944445,136.32777777500002,83.51111111,68.30277777749998,94.750000005,84.47777777750001,57.54166666749999,52.055555555,87.7689814825,25.9515025,43.5932337125,63.50937295999999,48.97866926499999,90.44112767,68.58834160999999,55.664036589999995,54.4920371425,48.393999995,66.68255508,47.7016359725,40.2033659225,54.516656535,NA,NA,NA,NA,NA
"Iipay Nation of Santa Ysabel, California",0.28262815044018846,0.28262815044018846,0.05934816834492836,0.1127481370657062,0.1489361009995137,NA,NA,NA,NA,0.096,0.126,3.52,188159000,NA,NA,NA,NA,NA,NA,NA,NA,NA,NA,NA,NA,NA,NA,NA,NA,NA,NA,NA,NA,NA,NA,NA,NA,NA,NA,NA,NA,NA,NA,NA,NA,NA,NA,NA,NA,NA,NA,NA,NA,NA,NA,NA,NA,NA,NA,NA,NA,NA,NA,NA,NA,8.322222222,8.155555556,9.522222222,11.21111111,13.52222222,17.31111111,20.78888889,21.57777778,18.84444444,15.15555556,11.088888889999998,8.711111111,13.68425926,1.05921879,3.470270563,1.275517324,1.486980535,1.677630604,2.566341971,3.918687422,2.289529306,1.898756903,1.982492819,1.543894786,1.4970341049999998,2.055529594,111.8222222,91.87777778,64.63333333,39.97777778,18.28888889,4.055555556,11.18888889,9.177777778,7.555555556,17.13333333,31.366666669999997,38.54444444,37.13518518,101.571413,78.67372144,53.55086366999999,21.44048611,18.40885958,5.450484178,9.671406884,11.19394678,9.617056607,16.97836859,48.316275729999994,54.13340261,35.75052376,NA,NA,NA,NA,NA
Pamunkey Indian Tribe,0.3346036415949656,0.2711984610792105,0.24054092892034273,0.1843902456455138,0.24254833621755237,NA,NA,NA,NA,0.08040876147604076,0.14941440577665477,3.228981463871669,725371.9454211593,NA,NA,NA,NA,NA,NA,NA,NA,NA,NA,NA,NA,NA,NA,NA,NA,NA,NA,NA,NA,NA,NA,NA,NA,NA,NA,NA,NA,NA,NA,NA,NA,NA,NA,NA,NA,NA,NA,NA,NA,NA,NA,NA,NA,NA,NA,NA,NA,NA,NA,NA,NA,5.255555555500001,4.3833333334999995,11.844444445,13.61666667,18.688888885,22.26111111,24.755555555,24.755555554999994,22.711111109999997,15.46111111,7.8722222225,1.1277777775,14.394444445,4.5012502165,2.9255943415,4.898018973,3.2071801255,3.3977850734999997,3.0101032015,2.929606913,2.5357889604999997,2.3347834095,3.3916938384999997,4.3213173475,4.2588550485,3.4759981210000004,90.47222222,53.805555555000005,92.066666655,55.41111111,82.93888889,73.15,98.39444442,67.68333333,98.249999985,104.29999999000002,62.87777778,58.966666665,78.19305555,26.17270237,26.9088392,38.554557329999994,34.708525675,40.51234958,43.966442985,58.27930914,54.801282145,71.942155335,52.3617011,45.925045555,32.579119945,43.892669195,NA,NA,NA,NA,NA
Montgomery Creek Rancheria of Pit River Indians of California,0.4988942662264224,0.48929274293762914,0.16540093320737065,0.2364654105823322,0.4459797882712946,NA,NA,NA,NA,0.142,0.219,3.24,13960000,NA,NA,NA,NA,NA,NA,NA,NA,NA,NA,NA,NA,NA,NA,NA,NA,NA,NA,NA,NA,NA,NA,NA,NA,NA,NA,NA,NA,NA,NA,NA,NA,NA,NA,NA,NA,NA,NA,NA,NA,NA,NA,NA,NA,NA,NA,NA,NA,NA,NA,NA,NA,2.1,4.288888889,5.055555556,8.888888889,12.16666667,17.92222222,20.81111111,20.31111111,15.96666667,11.72222222,4.077777778,1.9444444439999995,10.43796296,1.642406771,1.614345413,1.685312368,1.977020766,1.660572191,4.492710145,1.909479277,1.928370066,1.439618005,1.765487028,3.109974991,2.306030741,2.127610647,225.2,156.2555556,157.5888889,76.7,65,27.6,13.92222222,12.07777778,19.28888889,51.97777778,95.13333333,246.5666667,95.60925927,143.4040097,161.9606365,167.0815253,56.83742165,43.12815206,26.68047039,17.67701741,16.24236573,21.655914,35.47674512,75.20723037,208.3995861,81.14592286,NA,NA,NA,NA,NA
Jamul Indian Village of California,0.19066073192680424,0.19066073192680424,0.07939317343806797,0.06622364168094386,0.04098619896019471,NA,NA,NA,NA,0.096,0.126,3.52,188159000,NA,NA,NA,NA,NA,NA,NA,NA,NA,NA,NA,NA,NA,NA,NA,NA,NA,NA,NA,NA,NA,NA,NA,NA,NA,NA,NA,NA,NA,NA,NA,NA,NA,NA,NA,NA,NA,NA,NA,NA,NA,NA,NA,NA,NA,NA,NA,NA,NA,NA,NA,NA,9.322222222,9.322222222,10.57777778,12.3,14.62222222,17.54444444,20.622222220000005,21.83333333,19.27777778,16.21111111,11.96666667,9.722222222,14.44351852,0.855537518,2.781985702,1.418430275,1.640883908,1.454972317,2.656647846,3.930260099,2.319482701,1.874685159,1.290779265,1.4430869690000003,1.096332269,1.896923669,142.8888889,119.9111111,59.988888890000005,36.36666667,15.444444440000002,3.566666667,11.26666667,10.44444444,6.7,16.13333333,28.34444444,40.76666667,40.98518518000001,131.9174784,103.4400605,36.11164786,29.39391944,17.54402399,5.353503526,19.85434461,17.46690521,9.203396112,22.84513077,56.91867249,62.60740771,42.72137422,NA,NA,NA,NA,NA
The Muscogee (Creek) Nation,0.46534464687231103,0.3852518153070415,0.387465196411033,0.38147807255371247,0.41588801110300466,NA,NA,NA,NA,0.15900170457782575,0.2399817940255584,3.0718978997690565,4942667.111927589,NA,NA,NA,NA,NA,NA,NA,NA,NA,NA,NA,NA,NA,NA,NA,NA,NA,NA,NA,NA,NA,NA,NA,NA,NA,NA,NA,NA,NA,NA,NA,NA,NA,NA,NA,NA,NA,NA,NA,NA,NA,NA,NA,NA,NA,NA,NA,NA,NA,NA,NA,NA,4.319156148365758,5.894465615643462,11.587437320489435,16.27526291428511,20.6376023606564,26.02907594300759,28.42382508876289,28.6598013071601,24.31540341492112,17.129006114834436,10.965929244270232,4.382349401253582,16.551609573229285,2.293971322612658,2.7210149398565986,1.3740845849459211,1.1333891648981893,0.9038218903073448,1.52833573088613,1.2468136037970998,1.467341627049302,1.4298673123153625,1.2207463114868593,2.0640768121303092,2.792319276177601,1.6813152147306334,69.44128526561424,57.53043417150922,105.79852936530516,110.48714338103257,175.33783068104157,133.2347700333858,95.16704553383131,68.65432511408326,105.95191376076392,87.78995984704316,72.81296779762275,66.6080512350977,95.73452134886176,35.67551560711926,37.404028586060974,54.498181641047005,57.283764937253515,100.67504999378215,70.17602280087488,58.34426290764666,54.07662347164887,48.48719511423039,68.94347816650823,56.9220121004561,54.51501266925965,58.083429000557295,NA,NA,NA,NA,NA
"Pueblo of San Felipe, New Mexico",0.0943248859908776,0.0942689819067279,0.00124816940739591,0.02913145112339583,0.00106675641592048,NA,NA,NA,NA,0.11999999999999998,0.19800000000000004,3.1899999999999995,9147000,NA,NA,NA,NA,NA,NA,NA,NA,NA,NA,NA,NA,NA,NA,NA,NA,NA,NA,NA,NA,NA,NA,NA,NA,NA,NA,NA,NA,NA,NA,NA,NA,NA,NA,NA,NA,NA,NA,NA,NA,NA,NA,NA,NA,NA,NA,NA,NA,NA,NA,NA,NA,0.4095845860995143,2.881167263047526,5.133388215692911,8.442276258916959,13.436407938799544,18.40470957171511,20.991110106578713,20.21066226606239,17.073140280032373,11.638287693351309,4.230056654340606,0.02285502302048372,10.23947048747734,2.204705180165655,6.201275391875171,2.544985418759933,1.576861034888107,3.1933211648637085,1.8372674743166584,1.9246661292923184,2.5067964902038606,2.2133627197554926,3.2630764784670907,2.463687454390642,2.539955728768859,2.7058300555187933,34.6187004901389,30.56065551874729,40.23787230697577,34.43030633922648,26.45833511841355,20.977826442729416,45.61954885436882,46.79125279898093,53.76787368092612,45.67089895974696,22.97663582695744,21.698071311366377,35.317331471160585,17.447388422626936,17.7087649566506,25.88326789005403,19.428363117264993,26.07067450117594,11.402446876440584,30.763319679461308,29.86066568923135,34.44477573637971,52.50976473892941,22.542930364856577,19.60229648266074,25.638721535542025,NA,NA,NA,NA,NA
"Pueblo of San Ildefonso, New Mexico",0.07327779528697127,0.07107517638618341,0.00423796672353917,0.04045482776799168,0.01165667752379711,NA,NA,NA,NA,0.10718230889892807,0.17729324689565604,3.4455884333688487,9312401.937458508,NA,NA,NA,NA,NA,NA,NA,NA,NA,NA,NA,NA,NA,NA,NA,NA,NA,NA,NA,NA,NA,NA,NA,NA,NA,NA,NA,NA,NA,NA,NA,NA,NA,NA,NA,NA,NA,NA,NA,NA,NA,NA,NA,NA,NA,NA,NA,NA,NA,NA,NA,NA,0.833333333,2.077777778,5.244444444,8.533333333,14.06666667,19.15555556,21.5,19.62222222,17.3,9.833333333,3.3777777780000005,0.37777777800000006,10.16018519,2.9098969049999996,4.548290277,2.884489171,1.184271928,2.430534921,1.301067937,1.752854814,3.156650827,2.524876235,1.521512405,2.785129161,1.862644476,2.405184921,28.5,28.66666667,38.44444444,31.23333333,25.94444444,26.34444444,48.07777777999999,44.055555559999995,53.64444444,44.04444444,19.52222222,16.88888889,33.78055555,12.01155693,15.17703858,18.58467858,17.3712406,13.264248099999998,15.33966355,29.86623419,24.408815579999995,33.47738457,40.46875681,18.99281297,17.56092569,21.37694635,NA,NA,NA,NA,NA
Cold Springs Rancheria of Mono Indians of California,0.2741812459784868,0.2741812459784868,0.09188831125619348,0.17253866851419256,0.20204857496970968,NA,NA,NA,NA,0.152,0.229,3.0700000000000003,77333000,NA,NA,NA,NA,NA,NA,NA,NA,NA,NA,NA,NA,NA,NA,NA,NA,NA,NA,NA,NA,NA,NA,NA,NA,NA,NA,NA,NA,NA,NA,NA,NA,NA,NA,NA,NA,NA,NA,NA,NA,NA,NA,NA,NA,NA,NA,NA,NA,NA,NA,NA,NA,7.688888889000001,8.477777778,11.13333333,14.41111111,17.86666667,22.08888889,25.57777778,25.06666667,21.36666667,16.37777778,9.922222222,7.477777778,15.6212963,1.193151755,2.713750992,1.677796174,2.292621013,2.171980663,3.3201823910000003,3.746591043,2.625357119,2.164486082,2.911519267,3.847979268,1.6946812219999998,2.530008082,102.2666667,82.51111111,80.95555556,39.42222222,23.15555556,4.077777778,7.188888889,3.311111111,6.233333333,15.06666667,30.64444444,53.84444444,37.38981482,69.74492813,61.192614840000005,64.2313224,27.78933149,20.43312942,7.03860387,16.96448087,8.548017964,9.550916186,18.44058025,44.36198009,49.82908566,33.1770826,NA,NA,NA,NA,NA
"Pueblo of Picuris, New Mexico",0.0658302778439284,0.064594525577327,0.00535043228254928,0.04096999776717684,0.02582279023157034,NA,NA,NA,NA,0.152,0.24099999999999996,3.8199999999999994,3229000,NA,NA,NA,NA,NA,NA,NA,NA,NA,NA,NA,NA,NA,NA,NA,NA,NA,NA,NA,NA,NA,NA,NA,NA,NA,NA,NA,NA,NA,NA,NA,NA,NA,NA,NA,NA,NA,NA,NA,NA,NA,NA,NA,NA,NA,NA,NA,NA,NA,NA,NA,NA,-1.711111111,1.788888889,3.511111111,7.4,12.55555556,17.77777778,20.51111111,19.344444439999997,15.96666667,10.43333333,2.644444444,-1.244444444,9.081481482,2.15780238,4.019777495,2.058181506,1.559647396,1.721998193,2.057169036,2.089524135,2.092313977,1.894069692,2.6846787520000004,2.043349646,3.107696539,2.290517396,25.499999999999996,23.87777778,37.3,26.93333333,36.68888889,21.58888889,43.04444444,53.97777778,37.68888889,35.6,15.766666669999998,13.233333330000002,30.93333333,9.047513471000002,10.60233203,22.05555486,15.22350157,21.92330064,14.272915299999998,20.5480602,14.59056011,26.74791788,30.24611545,13.41575566,12.35870139,17.58601905,NA,NA,NA,NA,NA
Cherokee Nation,0.4510758800930728,0.3722413483156295,0.3918859184327713,0.3562194404469538,0.4192796041569698,NA,NA,NA,NA,0.15938363952660872,0.23891889800566837,3.084985279430134,6020575.698206728,NA,NA,NA,NA,NA,NA,NA,NA,NA,NA,NA,NA,NA,NA,NA,NA,NA,NA,NA,NA,NA,NA,NA,NA,NA,NA,NA,NA,NA,NA,NA,NA,NA,NA,NA,NA,NA,NA,NA,NA,NA,NA,NA,NA,NA,NA,NA,NA,NA,NA,NA,NA,3.528888888933332,5.134814814799999,10.877037036666664,15.629629629999998,19.96518518733333,25.43481481533332,27.888888887999997,27.974814813333328,23.639259259999992,16.497777777999996,10.4377777786,3.671111111066666,15.889999999333329,2.4785323502,2.8067812887333328,1.3175444617999998,1.2601708236666664,1.0963799920666664,1.6112143654666664,1.2761880812666664,1.5024777189999998,1.5094422968666663,1.2212423121999996,2.0809444267333332,2.8593932099333332,1.7516926108666664,75.93851851733332,61.192592590666656,107.16370370399996,107.79185184666665,181.0718518666666,127.4081481486666,96.09111111333333,74.05259259199998,110.03555555666662,81.33703703666664,84.33185185066665,77.27629629599997,98.64092592466665,42.22299099666665,41.240423646000004,50.90158170999999,54.37827235133332,104.320397582,69.43588428599996,62.50688023333333,60.85574568666666,48.03586892599999,58.094367049333314,66.21201536866666,66.49897156,60.39194995066666,NA,NA,NA,NA,NA
"Pueblo of Zia, New Mexico",0.06819793092456378,0.06765925836819234,0.00293349102073671,0.03488947635709051,0.01035532019171038,NA,NA,NA,NA,0.12,0.198,3.19,9147000,NA,NA,NA,NA,NA,NA,NA,NA,NA,NA,NA,NA,NA,NA,NA,NA,NA,NA,NA,NA,NA,NA,NA,NA,NA,NA,NA,NA,NA,NA,NA,NA,NA,NA,NA,NA,NA,NA,NA,NA,NA,NA,NA,NA,NA,NA,NA,NA,NA,NA,NA,NA,0.8222222219999998,1.9,4.827777778000001,7.538888888500001,13.116666665,18.03333333,21.555555555,19.377777775,16.577777775,9.5222222235,2.333333333,-0.7222222225,9.573611108,2.8139074595,4.7435546585,2.007920427,3.2552018929999997,2.0040024895,2.0961688015,2.6921073465,2.9048708344999996,1.6433619505,1.3815231744999998,3.516678784,3.0129520505000005,2.672687489,37.294444445,33.17222222,45.955555555,34.972222225,24.31111111,16.47777778,42.97777778,51.472222225,49.16666667,49.63333333,22.866666665,18.85,35.595833334999995,21.57201629,19.998506205,20.549838285,20.670270665,23.00653762,7.550749541500001,25.339165155,29.958231055,32.73476398,52.111518069999995,20.96665699,16.42523195,24.240290485,NA,NA,NA,NA,NA
Oneida Indian Nation,0.5225003246514092,0.4856303261462512,0.00100000000000002,0.44649618796847934,0.47984440555477526,NA,NA,NA,NA,0.10457029896695552,0.1863093510513525,2.9236457561807647,7445202.361343677,NA,NA,NA,NA,NA,NA,NA,NA,NA,NA,NA,NA,NA,NA,NA,NA,NA,NA,NA,NA,NA,NA,NA,NA,NA,NA,NA,NA,NA,NA,NA,NA,NA,NA,NA,NA,NA,NA,NA,NA,NA,NA,NA,NA,NA,NA,NA,NA,NA,NA,NA,NA,-5.933333333249999,-6.81111111075,0.1305555555,6.313888889,12.7555555575,17.53888889,20.555555555,19.88611111,15.455555555000002,8.977777777749997,3.00833333325,-4.2333333335,7.30370370375,3.04020098775,3.3590603239999997,2.52519750625,2.05042790225,1.5624188785000002,1.828794221,1.4024852455,1.04904188275,1.42731795825,1.6248039467500004,1.72634055525,3.05194586025,2.054002939,79.4500000025,76.8833333325,77.5083333325,92.208333345,92.75833333,103.274999995,84.4888888875,89.67500000000001,93.0638888875,125.149999975,100.233333345,91.25277777,92.1622685175,29.7156465975,31.782017667500003,31.5560280875,38.531842655,62.934934325,35.754545820000004,19.6132991625,35.5874647225,33.1978415875,54.1298372375,27.6195188725,33.158136215000006,36.13175941250001,NA,NA,NA,NA,NA
"Manzanita Band of Diegueno Mission Indians of the Manzanita Reservation, California",0.24108713098289708,0.24108713098289708,0.02297930319211243,0.11359835015530592,0.09407103182253974,NA,NA,NA,NA,0.096,0.126,3.52,188159000,NA,NA,NA,NA,NA,NA,NA,NA,NA,NA,NA,NA,NA,NA,NA,NA,NA,NA,NA,NA,NA,NA,NA,NA,NA,NA,NA,NA,NA,NA,NA,NA,NA,NA,NA,NA,NA,NA,NA,NA,NA,NA,NA,NA,NA,NA,NA,NA,NA,NA,NA,NA,9.266666667,9.133333333,11.46666667,13.41111111,16.48888889,21.41111111,24.98888889,24.600000000000005,22.46666667,16.97777778,12.21111111,9.622222222,16.0037037,1.653027525,3.511053973,1.95064092,1.730927818,1.641222444,0.987983356,1.634353423,1.411559421,1.345362405,2.837154286,1.3742674820000005,1.042566278,1.760009944,83.42222222,54.84444444,31.55555556,22.95555556,11.73333333,2.033333333,7.944444444,15.87777778,7.066666667,12.44444444,21.37777778,23.94444444,24.600000000000005,66.52747135,47.13600299,20.69728914,26.3031895,17.17192476,2.098213526,13.28665789,19.12405408,8.978585635,13.79303367,40.34261945,27.20579493,25.22206974,NA,NA,NA,NA,NA
"Pueblo of Isleta, New Mexico",0.08422541749568335,0.08336966209901332,0.02612218372071977,0.03866811190316675,0.00458489433795256,NA,NA,NA,NA,0.13702558930365377,0.2212592207627297,3.057919578445778,27208208.146374263,NA,NA,NA,NA,NA,NA,NA,NA,NA,NA,NA,NA,NA,NA,NA,NA,NA,NA,NA,NA,NA,NA,NA,NA,NA,NA,NA,NA,NA,NA,NA,NA,NA,NA,NA,NA,NA,NA,NA,NA,NA,NA,NA,NA,NA,NA,NA,NA,NA,NA,NA,NA,1.833333333333333,2.9259259259999997,6.396296296333333,10.077777779333331,14.755555556666666,19.45185185,23.16296296333333,21.077777776666668,18.12962963,11.5,5.333333333333333,1.2666666666666666,11.325925926666669,2.7755214553333336,3.73089986,2.033418667,2.0825983653333333,2.4574191656666664,1.838148679,2.6807646406666668,2.7470460763333335,2.33622667,1.499782941,2.442165424333333,1.996817738,2.3850674736666666,29.96666666666667,22.681481483333332,27.18888889,25.62222222,13.94074074,22.32222222,36.52962962666666,47.14074074,45.862962966666664,42.78888888999999,36.76296296333333,14.499999999999998,30.44228395,18.284830376666665,16.85835044,11.786100375666669,16.464412496666668,12.853520879999998,19.559904069333335,28.99326631,38.31334854999999,27.58416073,52.75044063,71.24418999666666,9.505233683666669,27.016479876666665,NA,NA,NA,NA,NA
Guidiville Rancheria of California,0.4878326940997189,0.4878326940997189,0.19899465701166724,0.2005465048787931,0.2564885340454403,NA,NA,NA,NA,0.135,0.194,3.53,7022000,NA,NA,NA,NA,NA,NA,NA,NA,NA,NA,NA,NA,NA,NA,NA,NA,NA,NA,NA,NA,NA,NA,NA,NA,NA,NA,NA,NA,NA,NA,NA,NA,NA,NA,NA,NA,NA,NA,NA,NA,NA,NA,NA,NA,NA,NA,NA,NA,NA,NA,NA,NA,8.077777778,9.211111111,10.05555556,12.16666667,15.04444444,18.51111111,21.45555556,21.04444444,19.31111111,15.28888889,9.844444444,7.755555556,13.980555560000004,1.569058458,2.480647317,2.835538358,2.151162476,2.70005144,2.949340793,2.327612033,3.4004084719999996,3.160871891,2.35979048,1.7628890429999995,1.7600505040000003,2.454785105,230.95555560000005,151.2333333,144.7777778,68.11111111,51.63333333,19.47777778,4.355555556,4.177777778,13.01111111,53.06666667,85.71111111,227.82222220000003,87.86111111,166.6230935,103.4573704,139.919189,43.39687329,36.76135879,20.86143438,9.617186583,10.61234868,16.97096376,42.09961401,60.02862743,181.2707766,69.3015697,NA,NA,NA,NA,NA
Muckleshoot Indian Tribe,0.4494902067512748,0.44239479441358703,9.9999999999999e-4,0.2601894327062792,0.4109060833807845,NA,NA,NA,NA,0.09644362094481228,0.12413830640176585,3.8304999198234007,128985716.86583687,NA,NA,NA,NA,NA,NA,NA,NA,NA,NA,NA,NA,NA,NA,NA,NA,NA,NA,NA,NA,NA,NA,NA,NA,NA,NA,NA,NA,NA,NA,NA,NA,NA,NA,NA,NA,NA,NA,NA,NA,NA,NA,NA,NA,NA,NA,NA,NA,NA,NA,NA,NA,4.455555556,5.7,7.077777778,10.63333333,13.51111111,16.66666667,20.2,19.02222222,15.56666667,12.02222222,5.177777778,3.511111111,11.1287037,2.412007002,3.577009925,2.199305446,2.116601049,2.237992652,3.228776858,2.312466216,1.408703107,1.893409623,4.222788705,4.218049839,2.948069048,2.731264956,78.4,41.21111111,53.22222222,46.45555556,65.5,65.2,27.07777778,32.78888889,39.17777778,64.41111111,71.61111111,91.21111111,56.35555556,80.13462111,21.62558927,31.86658821,19.54214107,22.01232609,43.08596059,20.02035076,23.37394086,36.82352433,29.699682,27.38993631,61.26433392,34.73658288,NA,NA,NA,NA,NA
Lummi Tribe of the Lummi Reservation,0.7165413885737593,0.6900275137727792,0.001,0.5752168285051288,0.6751292099845171,NA,NA,NA,NA,0.11799999999999998,0.164,3.56,15414000,NA,NA,NA,NA,NA,NA,NA,NA,NA,NA,NA,NA,NA,NA,NA,NA,NA,NA,NA,NA,NA,NA,NA,NA,NA,NA,NA,NA,NA,NA,NA,NA,NA,NA,NA,NA,NA,NA,NA,NA,NA,NA,NA,NA,NA,NA,NA,NA,NA,NA,NA,NA,4.166666667,4.377777778,7.722222222,11.35555556,12.55555556,15.322222220000002,17.71111111,17.03333333,14.82222222,10.07777778,6.344444444,3.566666667,10.4212963,2.376972865,3.17048016,1.376388188,3.136523199,1.209453504,2.459053567,2.781386545,2.08266656,1.361779881,2.225858137,4.636300009,2.783882181,2.466728733,107.4444444,65.13333333,66.27777778,47.12222222,49.45555556,43.92222222000001,30.68888889,35.45555556,48.3,78.4,103.8888889,136.5111111,67.71666666,69.43581769,26.20424584,31.65769171,12.725641219999998,27.17959304,18.76144836,26.244734920000003,19.69842069,33.36742423,37.48152878,82.19320903,86.55182616,39.29179847,NA,NA,NA,NA,NA
"Capitan Grande Band of Diegueno Mission Indians of California: Viejas (Baron Long) Group of Capitan Grande Band of Mission Indians of the Viejas Reservation, California",0.3267466009176486,0.3267466009176486,0.19318127100619156,0.23063971768136513,0.14017592777370938,NA,NA,NA,NA,0.096,0.126,3.52,188159000,NA,NA,NA,NA,NA,NA,NA,NA,NA,NA,NA,NA,NA,NA,NA,NA,NA,NA,NA,NA,NA,NA,NA,NA,NA,NA,NA,NA,NA,NA,NA,NA,NA,NA,NA,NA,NA,NA,NA,NA,NA,NA,NA,NA,NA,NA,NA,NA,NA,NA,NA,NA,9.944444444,9.488888889,11.48888889,12.88888889,15.34444444,19.4,22.6,22.57777778,20.87777778,16.46666667,12.644444439999996,10.24444444,15.33055556,1.343606258,3.564563243,1.97258995,1.618984593,1.57647638,1.5660459760000005,1.27377392,1.268638816,1.951779815,2.790609252,1.191754076,0.8790778,1.749825007,144.9888889,122.1555556,63.311111110000006,36.9,16.17777778,3.766666667,8.388888889,13.36666667,6.122222222,16.51111111,31.42222222,41.44444444,42.0462963,129.7307832,101.0686785,34.69425185,28.89679913,18.46786248,5.298584717,13.07970226,18.8694197,8.122311521,22.70597083,56.47518875000001,62.50442207,41.65949792,NA,NA,NA,NA,NA
Cowlitz Indian Tribe,0.7449457734206222,0.6647537799477133,0.001,0.6867890203393837,0.7445320697995129,NA,NA,NA,NA,0.104,0.154,3.3099999999999996,27160000,NA,NA,NA,NA,NA,NA,NA,NA,NA,NA,NA,NA,NA,NA,NA,NA,NA,NA,NA,NA,NA,NA,NA,NA,NA,NA,NA,NA,NA,NA,NA,NA,NA,NA,NA,NA,NA,NA,NA,NA,NA,NA,NA,NA,NA,NA,NA,NA,NA,NA,NA,NA,3.622222222,5.122222222,6.977777778,11.1,12.05555556,15.07777778,19.64444444,17.31111111,15.72222222,9.9,5.5,2.877777778,10.40925926,2.093906503,1.084870704,1.706442043,3.484609017,2.048237725,1.322665659,1.92296068,2.302957036,1.5982629460000002,3.456153932,2.579728668,2.107592096,2.142365584,151.1444444,101.6444444,102.7333333,72.67777778,78.01111111,54.988888890000005,18.13333333,22.23333333,48.15555556,101.0333333,163.0111111,216.6666667,94.20277777,88.52389665,49.56289215,36.05388329,35.05526985,39.92140543,28.904603629999997,16.14705856,18.35905771,27.016898,43.18000116,84.03984835,136.441929,50.26722865,NA,NA,NA,NA,NA
Cabazon Band of Cahuilla Indians,0.07850511186016408,0.07596576587740951,0.03305852519985488,0.05257327282875206,0.00415972811016214,NA,NA,NA,NA,0.10000000000000002,0.146,3.15,126963000,NA,NA,NA,NA,NA,NA,NA,NA,NA,NA,NA,NA,NA,NA,NA,NA,NA,NA,NA,NA,NA,NA,NA,NA,NA,NA,NA,NA,NA,NA,NA,NA,NA,NA,NA,NA,NA,NA,NA,NA,NA,NA,NA,NA,NA,NA,NA,NA,NA,NA,NA,NA,10.9,9.155555556,14.23333333,16.37777778,19.85555556,24.94444444,28.766666670000003,27.96666667,26,18.4,13.67777778,11.1,18.44814815,0.8689073599999999,8.176201916,1.310534242,3.887729986,3.2951142279999996,3.191046502,2.881405907,3.249615362,1.430908802,5.905929224,2.399884256,1.719011344,3.193024094,58.72222222,29.57777778,29.555555559999995,7.233333333,5.966666667,0.555555556,7.944444443999999,8.666666667,6.177777778,10.28888889,11.15555556,20.5,16.36203704,51.71778654,49.76833275,38.80415928,7.514818694,11.88991169,1.170588646,13.82905556,15.75468184,10.92997916,17.3098559,29.965776779999995,37.53604934,23.84924968,NA,NA,NA,NA,NA
Winnemucca Indian Colony of Nevada,0.08845451800165355,0.08845451800165355,0.001,0.02628821195188837,0.001,NA,NA,NA,NA,0.099,0.158,3.2299999999999995,912000,NA,NA,NA,NA,NA,NA,NA,NA,NA,NA,NA,NA,NA,NA,NA,NA,NA,NA,NA,NA,NA,NA,NA,NA,NA,NA,NA,NA,NA,NA,NA,NA,NA,NA,NA,NA,NA,NA,NA,NA,NA,NA,NA,NA,NA,NA,NA,NA,NA,NA,NA,NA,-1.277777778,2.033333333,2.922222222,7.566666667,10.5,16.26666667,20.85555556,19.11111111,13.955555560000002,10.42222222,1.955555556,-1.522222222,8.565740742,2.959635863,3.657868232,1.712292161,2.794637722,2.035927307,3.2984845,2.724936289,1.756733079,2.510035414,3.001990081,2.976201905,2.97690182,2.700470364,28.055555559999995,17.95555556,28.57777778,17.24444444,40.86666667,12.92222222,12.3,11.16666667,11.13333333,16.01111111,19.3,68.87777778,23.70092593,17.40345591,14.892708880000002,13.55532901,12.00334444,21.86881341,10.20609839,17.08588599,11.6447413,9.0684894,16.2043547,19.10176693,111.0187121,22.83780837,NA,NA,NA,NA,NA
The Chickasaw Nation,0.438640381880715,0.3789456924221385,0.29707258343277126,0.4060812707579472,0.35945726244215487,NA,NA,NA,NA,0.15039164880731945,0.22533977609797265,2.9981473533838727,3469928.2237830884,NA,NA,NA,NA,NA,NA,NA,NA,NA,NA,NA,NA,NA,NA,NA,NA,NA,NA,NA,NA,NA,NA,NA,NA,NA,NA,NA,NA,NA,NA,NA,NA,NA,NA,NA,NA,NA,NA,NA,NA,NA,NA,NA,NA,NA,NA,NA,NA,NA,NA,NA,NA,5.721527777624999,7.392361111124998,12.492361111249997,16.895138889374994,21.578472224374995,26.756250001249995,28.961805555624995,29.381250000625,25.08194444499999,18.08680555562499,11.8791666675,5.69166666675,17.493229165625,2.180104395125,2.6656306240624996,1.4710353652499997,0.9647585402499996,0.9269437294374996,1.394859252625,1.2520642347499995,1.1356891518125,1.4188426756249997,1.0917041274999997,2.0083212324999997,2.5154958065624995,1.5854540946874995,62.790972222499995,53.25486111124999,94.82500000312498,95.288888886875,148.86111110624995,109.96458334187498,81.81180555687497,48.64027777937499,97.55486111187498,92.15069444625,63.00833333249999,56.44305555624998,83.71620370437499,28.607226209374993,29.983793488124988,59.66164970874999,64.29067676187499,112.35453188562498,53.469299633125,48.53439373875,43.18862581812498,58.35728563874998,71.05362371375,59.07580531624999,34.612103702499994,55.26575130124999,NA,NA,NA,NA,NA
"Inaja Band of Diegueno Mission Indians of the Inaja and Cosmit Reservation, California",0.2369654814022723,0.2369654814022723,0.02513289804680128,0.08231120661084315,0.12503878986317868,NA,NA,NA,NA,0.096,0.126,3.5200000000000005,188159000,NA,NA,NA,NA,NA,NA,NA,NA,NA,NA,NA,NA,NA,NA,NA,NA,NA,NA,NA,NA,NA,NA,NA,NA,NA,NA,NA,NA,NA,NA,NA,NA,NA,NA,NA,NA,NA,NA,NA,NA,NA,NA,NA,NA,NA,NA,NA,NA,NA,NA,NA,NA,8.822222222,8.111111111000001,10.050000001,11.32777778,13.61111111,17.427777775000003,20.705555555,21.12222222,19.06111111,15.11111111,11.52777778,9.2166666665,13.841203705,0.957378154,4.8850657745,1.3469737995,2.5978620785,2.384318599,2.6114949084999997,3.9244737604999993,2.5800305895,1.886721031,3.245549222,1.4934908775000002,1.2966831870000002,2.4341701650000003,127.35555555,105.89444444,62.311111110000006,38.172222225,16.866666664999997,3.8111111115,7.8388888895000015,10.405555555,7.1277777780000005,16.63333333,29.855555555,39.655555555,38.82731481500001,116.7444457,91.05689097,44.831255765,25.417202775000003,17.976441785000002,5.401993852,9.702675173,14.256668695,9.4102263595,19.91174968,52.61747411,58.37040515999999,38.80811917,NA,NA,NA,NA,NA
Skokomish Indian Tribe,0.3989470234661455,0.3352526549243147,0.001,0.237814634796618,0.3504857160253537,NA,NA,NA,NA,0.141,0.238,3.36,5041000,NA,NA,NA,NA,NA,NA,NA,NA,NA,NA,NA,NA,NA,NA,NA,NA,NA,NA,NA,NA,NA,NA,NA,NA,NA,NA,NA,NA,NA,NA,NA,NA,NA,NA,NA,NA,NA,NA,NA,NA,NA,NA,NA,NA,NA,NA,NA,NA,NA,NA,NA,NA,3.888888889,5.3666666670000005,7.188888888999999,9.366666667,12.644444439999996,15.12222222,17.97777778,16.75555556,14.8,11.311111110000002,4.922222222,4.1,10.28703704,4.078125931,3.034386264000001,1.316666667,0.593717104,2.154130399,3.812078756,3.209664226,1.870902931,1.15758369,3.793232278,4.492431908,2.091650066,2.633714185,228.9666667,171.6,185.8111111,94.51111111,74.78888889,66.33333333,26.71111111,29.52222222,71.51111111,161.8555556,222.67777779999997,218.3333333,129.3851852,116.4893879,91.43518196,77.60308377,46.14462169,41.15013501,25.34043212,28.82813055,20.2719497,41.34121565,96.89992403,152.2691924,101.6453516,69.95155053,NA,NA,NA,NA,NA
Passamaquoddy Tribe of Maine (Indian Township),0.23656032142708097,0.21959822916980015,0.001,0.11926218655164732,0.18288367284062151,NA,NA,NA,NA,0.163,0.257,3.54,3105000,NA,NA,NA,NA,NA,NA,NA,NA,NA,NA,NA,NA,NA,NA,NA,NA,NA,NA,NA,NA,NA,NA,NA,NA,NA,NA,NA,NA,NA,NA,NA,NA,NA,NA,NA,NA,NA,NA,NA,NA,NA,NA,NA,NA,NA,NA,NA,NA,NA,NA,NA,NA,-7.344444444,-7.233333332999999,-1.222222222,4.8,11.08888889,16.38888889,20.24444444,18.6,14.1,8.255555556,2.622222222,-4.311111111,6.332407406999999,3.690904737,3.0224162520000006,2.6541372320000005,1.712454379,2.327791037,1.903578501,2.23221365,0.959166305,2.247220505,1.226897623,2.5232804929999997,4.580514285,2.42338125,80.22222222,63.44444444,99.43333333,85.16666667,108.4333333,109.7,91.48888889,74.77777778,105.4666667,140.8,112.0777778,120.6111111,99.30185185,34.7602423,22.43212602,40.84084965,48.32701108,55.4106488,57.3111682,33.82559846,34.6899401,30.49110526,54.057585040000006,51.0544263,70.90785296,44.50904618,NA,NA,NA,NA,NA
Tulalip Tribes of Washington,0.5180032922067761,0.47718365816844965,9.9999999999999e-4,0.33040257445892185,0.48408597162336214,NA,NA,NA,NA,0.093,0.132,3.51,43331000,NA,NA,NA,NA,NA,NA,NA,NA,NA,NA,NA,NA,NA,NA,NA,NA,NA,NA,NA,NA,NA,NA,NA,NA,NA,NA,NA,NA,NA,NA,NA,NA,NA,NA,NA,NA,NA,NA,NA,NA,NA,NA,NA,NA,NA,NA,NA,NA,NA,NA,NA,NA,3.911111111,3.833333333000001,7.111111111,12.24444444,12.38888889,15.13333333,17.12222222,17.65555556,14.77777778,10.28888889,6.322222222,3.088888889,10.32314815,2.232960168,3.440203482,1.395030864,4.642227674,1.048146512,1.674813422,1.823305911,1.767845519,1.018304691,2.272358051,4.442065335,3.500515835,2.438148122,118.1666667,75.6,104.8222222,78.47777778,71.27777778,66.74444444,26.52222222,43.55555556,67.12222222,98.35555556,122.96666670000002,146.0666667,84.97314816,69.41066201,38.58872892,47.79107599,30.64228197,25.37980387,30.28857504,21.58829415,17.33530438,30.66723731,62.87404296,94.53888089,83.55400948,46.05490808,NA,NA,NA,NA,NA
"Ohkay Owingeh, New Mexico",0.08421696166055845,0.0827817488047668,0.00590309861239963,0.0302410945448967,0.0017161836657943,NA,NA,NA,NA,0.115,0.2,3.08,2360000,NA,NA,NA,NA,NA,NA,NA,NA,NA,NA,NA,NA,NA,NA,NA,NA,NA,NA,NA,NA,NA,NA,NA,NA,NA,NA,NA,NA,NA,NA,NA,NA,NA,NA,NA,NA,NA,NA,NA,NA,NA,NA,NA,NA,NA,NA,NA,NA,NA,NA,NA,NA,-1.622222222,1.2,2.966666667,7.111111110999999,12.07777778,18.01111111,21.36666667,21.14444444,14.96666667,8.988888889,3.1777777780000003,-1.1555555559999997,9.019444445,1.725382405,2.814693589,0.970824392,1.074062899,1.077935269,1.673652028,2.86312766,5.2718856,1.2549900400000005,1.335519042,2.120010482,2.213092356,2.032931314,30.15555556,33.4,41.98888889,30.03333333,41.77777778,30.16666667,38.63333333,47.9,40.83333333,33.61111111,23.67777778,17.97777778,34.17962963,14.35723782,15.95760007,23.11197982,14.70807601,53.94788638,44.20158368,24.268189050000004,16.66763331,27.3806501,28.27819144,19.67897214,15.10171992,24.80497665,NA,NA,NA,NA,NA
"Havasupai Tribe of the Havasupai Reservation, Arizona",0.04667114946157738,0.04331434444246675,0.00177965437313318,0.02854070036329265,0.01030337286251662,NA,NA,NA,NA,0.143,0.205,3.29,11156000,NA,NA,NA,NA,NA,NA,NA,NA,NA,NA,NA,NA,NA,NA,NA,NA,NA,NA,NA,NA,NA,NA,NA,NA,NA,NA,NA,NA,NA,NA,NA,NA,NA,NA,NA,NA,NA,NA,NA,NA,NA,NA,NA,NA,NA,NA,NA,NA,NA,NA,NA,NA,2.614814815,5.225925926,6.0555555556666665,9.848148148333332,14.344444446666667,20.15925926,23.70740740666667,23.3,18.474074076666668,13.12222222,5.974074074333334,3.188888889,12.167901236666664,3.713048796999999,2.9968545179999997,1.850987502666667,2.8503198376666665,2.334150359,2.029946992,2.5881317233333334,1.8127675703333337,2.604734281,1.7525552906666668,2.410810429333333,3.4359604883333335,2.531688982333333,59.307407403333336,54.255555556666664,37.440740739999995,28.31111111,31.133333333333333,20.16296296333333,29.829629630000003,34.48148148,23.16296296333333,36.937037036666666,31.985185183333332,17.48148148,33.70740740666666,35.522235263333336,34.874137669999996,23.530111856666668,26.214176396666662,41.53663496,27.31542041333333,13.720467653,18.77125892,20.00884068,28.56087352333334,50.97144307000001,15.171924713333334,28.01646042666667,NA,NA,NA,NA,NA
Seneca-Cayuga Nation,0.23239208517248824,0.191091097973227,0.2042820328178535,0.16843265495130677,0.2239845338869201,NA,NA,NA,NA,0.15175901246820858,0.21719735580352487,2.9571484337756684,2944718.462256373,NA,NA,NA,NA,NA,NA,NA,NA,NA,NA,NA,NA,NA,NA,NA,NA,NA,NA,NA,NA,NA,NA,NA,NA,NA,NA,NA,NA,NA,NA,NA,NA,NA,NA,NA,NA,NA,NA,NA,NA,NA,NA,NA,NA,NA,NA,NA,NA,NA,NA,NA,NA,2.366666667,4.044444444,10.13333333,14.76666667,19.06666667,24.65555556,27.03333333,26.93333333,22.76666667,15.62222222,9.455555556,2.644444444,14.957407410000002,2.752271789,2.831126592,1.393735986,1.220655562,0.916515139,1.460403293,1.533786165,1.503329638,1.607793519,1.170232645,2.295163998,3.22765825,1.826056048,70.84444444,67.93333333,110.9555556,99.27777778,181.7666667,125.4333333,85.38888889,83.27777778,101.5,81.12222222,91.97777777999998,75.38888889,97.90555556,45.5720888,47.98484136,54.46395852,41.91061255,82.35030358,47.23314514,55.215700770000005,62.81589723,51.08125879,60.68959502999999,80.40044741,74.14164559,58.65495790000001,NA,NA,NA,NA,NA
"Little River Band of Ottawa Indians, Michigan",0.35080735355540416,0.30423045219153155,0.001,0.20333562506716135,0.350495162097144,NA,NA,NA,NA,0.137,0.166,3.21,1814000,NA,NA,NA,NA,NA,NA,NA,NA,NA,NA,NA,NA,NA,NA,NA,NA,NA,NA,NA,NA,NA,NA,NA,NA,NA,NA,NA,NA,NA,NA,NA,NA,NA,NA,NA,NA,NA,NA,NA,NA,NA,NA,NA,NA,NA,NA,NA,NA,NA,NA,NA,NA,-6.6,-5.222222222,1,6.444444443999999,12.322222220000002,18.62222222,20.44444444,20.55555556,16.5,8.677777778,3,-3.3444444439999996,7.699999999999999,2.401561992,2.40716523,3.161091584,2.131965707,1.351645088,3.15902587,1.123733855,1.68308579,2.687005769,2.362613901,2.595187854,6.573072172,2.636429568,66.22222222,32.73333333,34.61111111,78.44444444,75.56666667,81.02222222,89.22222222,105.9444444,109.8111111,71.11111111,91.47777778,69.32222222,75.4574074,46.57343067,15.39724001,21.2138778,38.25467655,46.02271178,44.62994448,36.20013045,26.504485990000003,30.810892729999996,26.51162219,55.65583477,43.57627731,35.94592706,NA,NA,NA,NA,NA
Tonkawa Tribe of Indians of Oklahoma,0.49722613593426507,0.4420986009176765,0.33431272622244157,0.48348700520535426,0.38448659715384526,NA,NA,NA,NA,0.14478445476457466,0.21042097636839704,2.903522961071573,3015147.4727092227,NA,NA,NA,NA,NA,NA,NA,NA,NA,NA,NA,NA,NA,NA,NA,NA,NA,NA,NA,NA,NA,NA,NA,NA,NA,NA,NA,NA,NA,NA,NA,NA,NA,NA,NA,NA,NA,NA,NA,NA,NA,NA,NA,NA,NA,NA,NA,NA,NA,NA,NA,NA,2.744444444,4.577777778,10.54444444,15.66666667,20.04444444,26.26666667,28.68888889,28.53333333,24.22222222,16.97777778,9.866666667,2.977777778,15.925925929999998,2.155870538,2.868700829,1.144673656,1.443086969,1.404556079,1.544344521,1.452966315,1.7392527129999995,1.511437873,1.389044436,2.016184515,2.567478227,1.7697997230000002,40.08888889,43.36666667,77.36666667,79.8,128.7666667,135.4666667,100.9444444,97.98888889,66.35555556,70.82222222,42.82222222,39.35555556,76.92870371,22.13088591,31.3286211,45.31139481,38.79339506,78.74190435,66.40466851,55.29776466999999,66.67344757,49.02481798,48.132182,41.12279714,31.00036738,47.83018721,NA,NA,NA,NA,NA
Skull Valley Band of Goshute Indians of Utah,0.05872930790037087,0.05871481235101836,9.9999999999999e-4,0.02285241494237792,0.00444121323465648,NA,NA,NA,NA,0.103,0.126,3.06,3479000,NA,NA,NA,NA,NA,NA,NA,NA,NA,NA,NA,NA,NA,NA,NA,NA,NA,NA,NA,NA,NA,NA,NA,NA,NA,NA,NA,NA,NA,NA,NA,NA,NA,NA,NA,NA,NA,NA,NA,NA,NA,NA,NA,NA,NA,NA,NA,NA,NA,NA,NA,NA,-1.833333333,2.088888889,5.066666667,8.955555556,13.46666667,18.68888889,23.34444444,22.85555556,18.01111111,10.63333333,2.588888889,-1.255555556,10.21759259,2.548528987,3.406407361,2.091650066,1.836512395,2.475883681,2.087728697,1.724174521,0.996382345,1.770906861,1.211404144,2.474087935,3.503252457,2.177243288000001,36.57777778,34.11111111,52.01111111,44.91111111,73.63333333,28.33333333,12.68888889,25.56666667,31.02222222,31.75555556,43.73333333,31.52222222,37.15555556,22.6546782,18.47305094,32.07707298,21.81194882,42.22339399,13.44237702,11.89079943,18.65093831,23.2851765,17.66529869,44.21300714,29.37523522,24.64691477,NA,NA,NA,NA,NA
Grindstone Indian Rancheria of Wintun-Wailaki Indians of California,0.34949613752084946,0.34949613752084946,0.27616784805530276,0.294616757137587,0.1815406425724298,NA,NA,NA,NA,0.142,0.202,3.33,2240000,NA,NA,NA,NA,NA,NA,NA,NA,NA,NA,NA,NA,NA,NA,NA,NA,NA,NA,NA,NA,NA,NA,NA,NA,NA,NA,NA,NA,NA,NA,NA,NA,NA,NA,NA,NA,NA,NA,NA,NA,NA,NA,NA,NA,NA,NA,NA,NA,NA,NA,NA,NA,5.844444444,6.744444444,7.044444444,9.877777778,12.72222222,17.57777778,19.51111111,19.46666667,16.55555556,12.83333333,6.811111111,5.544444444,11.71111111,1.593040419,1.777013725,1.537132973,1.755546765,1.720303591,4.136960774,1.176269999,2.296736816,1.205312315,0.89861003800000006,2.251357615,1.512540174,1.821735434,217.0111111,154.3222222,150.0444444,67.98888889,63.1,22.53333333,14.78888889,16.14444444,17.16666667,47.7,82.03333333,234.3777778,90.60092592,191.3732638,113.97182519999998,120.7319667,49.25036661,43.27632147,22.86503881,30.28033374,23.973585,18.20933826,47.99406213,78.30399096,193.0421572,77.77268749,NA,NA,NA,NA,NA
"Pueblo of Acoma, New Mexico",0.13186818936377423,0.131799246695762,8.3208095309957e-4,0.07526695641539148,0.02692378134090052,NA,NA,NA,NA,0.194,0.311,2.88,2548000,NA,NA,NA,NA,NA,NA,NA,NA,NA,NA,NA,NA,NA,NA,NA,NA,NA,NA,NA,NA,NA,NA,NA,NA,NA,NA,NA,NA,NA,NA,NA,NA,NA,NA,NA,NA,NA,NA,NA,NA,NA,NA,NA,NA,NA,NA,NA,NA,NA,NA,NA,NA,2.4592592593333333,0.8703703706666667,7.248148147999999,9.222222223333333,14.477777776666665,20.137037036666666,23.17037037,21.47777778,19.437037036666663,10.748148146666663,4.074074073999999,1.52962963,11.23765432,4.574538246,3.9114928093333328,4.649205963666666,1.7843242353333335,4.529557861333333,3.4072252503333327,3.904721638666666,4.056631205,4.716980775333334,2.695715676,2.206230345666667,3.509876926333334,3.662208410999999,28.15925926,21.370370369999996,32.38888889,18.507407406666665,8.081481481666666,14.574074076666664,35.5,45.25925926,41.51481481333333,28.699999996666666,19.85925926,13.014814814666668,25.57746913333333,19.72973584,16.143638216666666,19.755432186666667,11.773070644666666,7.3840925,11.635631083333331,25.629159653333332,33.690776596666666,26.267562246666667,30.22619532,18.19383039,9.622400261666666,19.170960413333333,NA,NA,NA,NA,NA
"Pueblo of Laguna, New Mexico",0.09947368903556184,0.09889955527088858,0.00532701399445247,0.03397179776913395,0.00408204210166738,NA,NA,NA,NA,0.16991492363144256,0.2738795330855499,2.9604629476846047,8326541.19578621,NA,NA,NA,NA,NA,NA,NA,NA,NA,NA,NA,NA,NA,NA,NA,NA,NA,NA,NA,NA,NA,NA,NA,NA,NA,NA,NA,NA,NA,NA,NA,NA,NA,NA,NA,NA,NA,NA,NA,NA,NA,NA,NA,NA,NA,NA,NA,NA,NA,NA,NA,NA,0.9685185186666668,2.8425925928333333,5.4629629631666665,9.538888889,14.040740741666664,19.481481478333333,23.159259258333332,21.116666668333337,17.283333335,11.340740741666666,5.3314814815,0.9851851853333332,10.962654322166667,2.127168509,4.132844350666666,1.1814065778333334,2.3277995835,1.5841053231666666,1.4499585096666665,3.663900808833333,3.1729879284999996,1.4129612720000002,2.0037612165,2.6351953968333333,1.934005455,2.3021745776666664,29.49259259166666,23.849999996666668,28.09629629666667,23.33888888833333,14.209259261166668,16.601851853333333,34.10555555333333,47.35,45.24074074,41.53148148166666,37.874074076666666,16.11851851833333,29.81743827333333,20.71410508333333,16.308884455,12.191940002833334,15.164176910999998,15.219274703833332,10.280176953999998,23.376404931666663,34.337966421666664,26.128626616666665,49.73630388,67.035379355,10.297719634833332,25.065913246666668,NA,NA,NA,NA,NA
"Susanville Indian Rancheria, California",0.11140893864822084,0.108550970638354,0.001,0.02145174174155738,0.02543964322409352,NA,NA,NA,NA,0.125,0.199,3.88,2568000,NA,NA,NA,NA,NA,NA,NA,NA,NA,NA,NA,NA,NA,NA,NA,NA,NA,NA,NA,NA,NA,NA,NA,NA,NA,NA,NA,NA,NA,NA,NA,NA,NA,NA,NA,NA,NA,NA,NA,NA,NA,NA,NA,NA,NA,NA,NA,NA,NA,NA,NA,NA,0.333333333,3.2,3.4,8.144444444,10.58888889,16.18888889,19.6,18.93333333,14.26666667,10.45555556,2.5111111109999995,-0.2,8.951851852,1.947434209,4.265852787,1.211404144,2.740944687,1.751031442,2.74565313,2.073041244,1.833030278,1.506651917,3.3091203930000006,2.641232877,3.101612484,2.4272507990000003,133.7888889,102.4555556,90.73333333,49.85555556,48.63333333,21.4,11.46666667,5.922222222,13.3,36.2,54.5,126.7444444,57.91666667,108.8053588,94.06489929,93.52708164,34.98746601,31.36893368,22.44955456,22.8831816,6.567872140000001,13.02008064,31.94847414,44.06600163,128.8939303,52.7152362,NA,NA,NA,NA,NA
Mohegan Tribe of Indians of Connecticut,0.29145544843332827,0.2529064904895308,0.001,0.168676397235666,0.285361828679745,NA,NA,NA,NA,0.118,0.168,3.5500000000000003,19018000,NA,NA,NA,NA,NA,NA,NA,NA,NA,NA,NA,NA,NA,NA,NA,NA,NA,NA,NA,NA,NA,NA,NA,NA,NA,NA,NA,NA,NA,NA,NA,NA,NA,NA,NA,NA,NA,NA,NA,NA,NA,NA,NA,NA,NA,NA,NA,NA,NA,NA,NA,NA,2.627777778,1.4166666665,8.677777778,9.122222222499998,15.1,17.96111111,22.138888890000004,22.077777775,20.51111111,14.033333335000002,5.7555555555,-1.2777777775,11.512037035000002,8.6249352375,5.0203045965,9.087730423,1.2781393375,4.503840491,3.3553730495,2.0811771925,1.7853036955,4.6941284295,4.1949218215,1.8040258365,2.1964370205,4.0521930945,77.41666666500001,69.36111111,107.4888889,83.72222221999999,83.283333335,77.5,77.28888889000001,48.744444445,85.06666666500001,125.59444445,88.555555555,84.694444445,84.05972222499999,42.786941420000005,37.28135606,84.15812193,62.14858808,44.34269661,50.41878651,51.795931409999994,43.82441259000001,37.566063115,81.64105455,59.86776926999999,43.81180917499999,53.303627559999995,NA,NA,NA,NA,NA
"Delaware Nation, Oklahoma",0.4734490727165667,0.4172288389331477,0.33910725470933306,0.4600208534027291,0.4173281132535155,NA,NA,NA,NA,0.13950586545469332,0.20493903325398105,3.1312157708133945,2504447.4904753333,NA,NA,NA,NA,NA,NA,NA,NA,NA,NA,NA,NA,NA,NA,NA,NA,NA,NA,NA,NA,NA,NA,NA,NA,NA,NA,NA,NA,NA,NA,NA,NA,NA,NA,NA,NA,NA,NA,NA,NA,NA,NA,NA,NA,NA,NA,NA,NA,NA,NA,NA,NA,4.22902821645569,6.169473961654031,11.242138677003028,15.877154683509223,20.69546550921191,26.37009705339161,28.594460704477793,28.510488019241773,24.25893116417716,17.11834334105945,10.372959127733044,4.222516635057595,16.471754755914937,2.0136942287220863,2.676454724859018,1.195742801086403,1.1738521818612049,1.182423591159183,1.5551662150721413,1.3448349021995711,1.3171098294719674,1.535386273739504,1.125741899637508,2.0014164215768315,2.356099915438434,1.6231602486997587,40.177784537980614,38.221667429019206,71.68273326023508,71.1270201248398,126.71328482399424,115.28929964434909,76.53867553773325,58.32641603314283,69.30363901642947,71.80548626469925,36.93743984250475,33.35195558278765,67.45628350820931,19.63622059346265,32.00858684012979,43.42808246627799,33.931896694267145,92.83809668927002,59.020505028194066,55.16751687007175,43.837102420830355,48.49753981502022,55.58059048503208,38.85068636416469,26.75465613664174,45.79595670046868,NA,NA,NA,NA,NA
Coushatta Tribe of Louisiana,0.5630696137411012,0.4266495328460468,0.5491486840700065,0.35790061151795677,0.380633138809721,NA,NA,NA,NA,0.158,0.245,2.79,1913000,NA,NA,NA,NA,NA,NA,NA,NA,NA,NA,NA,NA,NA,NA,NA,NA,NA,NA,NA,NA,NA,NA,NA,NA,NA,NA,NA,NA,NA,NA,NA,NA,NA,NA,NA,NA,NA,NA,NA,NA,NA,NA,NA,NA,NA,NA,NA,NA,NA,NA,NA,NA,6.766666667,6.677777778,12.36666667,16.83333333,22.03333333,25.98888889,26.87777778,27.25555556,23.91111111,17.67777778,13.01111111,6.733333333,17.17777778,7.627745407,10.86194939,7.599671046,5.432310742,4.679743583,3.595637789,3.036765458,3.275328652,5.528888777,5.415897381,4.870432333,6.647179853,5.714295868,124.4666667,105.3,128.7666667,88.73333333,136.7,91.45555556,124.6222222,90.5,97.31111111,101.0888889,124.7333333,89.96666667,108.637037,91.3071328,77.2863345,83.04825405,69.04360941,79.51587892,42.41919115,45.23598617,57.29424055,38.82307447,125.43074230000002,81.98204072,57.47460309,70.73842401,NA,NA,NA,NA,NA
"Quechan Tribe of the Fort Yuma Indian Reservation, California & Arizona",0.08060568361589668,0.07314900878522572,0.0206213241729341,0.02521292948592398,0.001,NA,NA,NA,NA,0.19180438594758503,0.3137065789213776,2.710489035131037,15992159.438873716,NA,NA,NA,NA,NA,NA,NA,NA,NA,NA,NA,NA,NA,NA,NA,NA,NA,NA,NA,NA,NA,NA,NA,NA,NA,NA,NA,NA,NA,NA,NA,NA,NA,NA,NA,NA,NA,NA,NA,NA,NA,NA,NA,NA,NA,NA,NA,NA,NA,NA,NA,NA,11.62222222,11.522222224999998,17.322222225,20.68333333,24.033333335,29.16111111,32.188888885000004,31.35,29.8,20.866666665,15.844444445,12.02777778,21.36851852,5.044674541,8.5908835315,1.8723474375,4.481682708499999,4.8812969715,4.503522005000001,4.6556153185,6.1386329275,2.5422136085,7.525467629,5.834750961,4.9754315005,5.0872099285,14.977777780000004,11.683333334,18.82222222,6.972222222,2.1777777775,3.988888888500001,19.88888889,9.1166666665,8.433333333,9.216666667,7.7944444445,5.1111111115000005,9.8486111105,13.532257015,14.142030799999995,24.791887325,13.4881840815,3.9578389349999994,10.567047076,31.4439671,10.29564514,14.336301385,10.110897695,12.169283155,6.377891066,13.76776923,NA,NA,NA,NA,NA
"Blue Lake Rancheria, California",0.7200919310934228,0.7200919310934228,0.03845263238315531,0.4680049136121127,0.5667326318738236,NA,NA,NA,NA,0.141,0.196,3.32,10777000,NA,NA,NA,NA,NA,NA,NA,NA,NA,NA,NA,NA,NA,NA,NA,NA,NA,NA,NA,NA,NA,NA,NA,NA,NA,NA,NA,NA,NA,NA,NA,NA,NA,NA,NA,NA,NA,NA,NA,NA,NA,NA,NA,NA,NA,NA,NA,NA,NA,NA,NA,NA,8.5222222245,8.361111113,8.772222221,10.1611111095,12.23888889,14.73333333,15.48888889,16.1,14.744444445,12.244444445,8.016666667,8.061111111,11.453703705,1.6667187755,2.681191987,1.3163989705,1.8067963105,2.0671243075,2.5834562235000003,1.53564366,3.0602983335000005,1.708704155,1.7148029765,2.388841993,1.5391155715,2.005757772,224.0944444,157.51666665,174.04444445,108.2,69.58333333499999,30.42222222,11.438888887,13.916666665,17.872222219999998,74.08888888999999,142.63333335000002,281.2055556,108.75138885,127.60255155,74.43307131,80.52865415999999,69.327792135,43.523457085,21.524157825,17.46113406,19.765070915000003,12.778792054999998,33.605812665,74.67932509999999,178.30888604999998,62.794892075,NA,NA,NA,NA,NA
Caddo Nation of Oklahoma,0.47344907271656794,0.4172288389331451,0.33910725470933584,0.46002085340273097,0.41732811325351615,NA,NA,NA,NA,0.13950586545469332,0.20493903325398105,3.1312157708133945,2504447.4904753333,NA,NA,NA,NA,NA,NA,NA,NA,NA,NA,NA,NA,NA,NA,NA,NA,NA,NA,NA,NA,NA,NA,NA,NA,NA,NA,NA,NA,NA,NA,NA,NA,NA,NA,NA,NA,NA,NA,NA,NA,NA,NA,NA,NA,NA,NA,NA,NA,NA,NA,NA,NA,4.229028216455689,6.169473961654031,11.24213867700303,15.877154683509223,20.69546550921191,26.370097053391603,28.594460704477793,28.510488019241777,24.25893116417716,17.11834334105945,10.372959127733044,4.222516635057596,16.471754755914937,2.0136942287220863,2.676454724859018,1.195742801086403,1.1738521818612049,1.182423591159183,1.5551662150721408,1.3448349021995711,1.3171098294719672,1.535386273739504,1.125741899637508,2.001416421576832,2.356099915438434,1.6231602486997587,40.17778453798061,38.221667429019206,71.68273326023508,71.1270201248398,126.94470086048575,115.28929964434909,76.53867553773325,58.32641603314283,69.30363901642947,71.80548626469925,36.93743984250475,33.35195558278765,67.47556817791693,19.63622059346265,32.00858684012979,43.42808246627799,33.931896694267145,92.62189928001044,59.020505028194066,55.16751687007175,43.837102420830355,48.49753981502022,55.58059048503208,38.85068636416469,26.75465613664174,45.77794024989207,NA,NA,NA,NA,NA
"Alturas Indian Rancheria, California",0.07433056315514071,0.07433056315514071,0.001,0.02767776536341684,0.00196462764403748,NA,NA,NA,NA,0.147,0.242,3.36,746000,NA,NA,NA,NA,NA,NA,NA,NA,NA,NA,NA,NA,NA,NA,NA,NA,NA,NA,NA,NA,NA,NA,NA,NA,NA,NA,NA,NA,NA,NA,NA,NA,NA,NA,NA,NA,NA,NA,NA,NA,NA,NA,NA,NA,NA,NA,NA,NA,NA,NA,NA,NA,-0.455555556,1.966666667,3.188888889,7.9,10.77777778,15.71111111,18.74444444,19.03333333,14.199999999999998,10.56666667,2.566666667,-0.355555556,8.653703703,2.121385815,4.475209492,1.93419521,3.44310906,2.539575643,3.350538928,2.750959429,2.491987159,1.451723114,3.986226286,2.431563283,2.595722978,2.797683033,89.9,49.422222219999995,60.82222222,34.9,44.2,25.97777778,14.12222222,19.11111111,10.78888889,33.26666667,41.51111111,104.26666670000002,44.02407408,78.37179021,44.44583158,51.50766394,24.249484529999997,24.48509751,20.20833849,19.84160892,32.05902542,14.4124464,30.11490495,27.882720650000003,89.59888392,38.09814971,NA,NA,NA,NA,NA
Paskenta Band of Nomlaki Indians of California,0.38547990755496614,0.38547990755496614,0.16104559550618752,0.27935285766318374,0.24733929866029983,NA,NA,NA,NA,0.158,0.243,3.3,5583000,NA,NA,NA,NA,NA,NA,NA,NA,NA,NA,NA,NA,NA,NA,NA,NA,NA,NA,NA,NA,NA,NA,NA,NA,NA,NA,NA,NA,NA,NA,NA,NA,NA,NA,NA,NA,NA,NA,NA,NA,NA,NA,NA,NA,NA,NA,NA,NA,NA,NA,NA,NA,8.566666667,9.577777778,12.26666667,14.05555556,17.43333333,23.25555556,25.93333333,24.04444444,22.71111111,16.6,10.76666667,8.311111111,16.12685185,1.48492424,4.051782872,1.95,3.54898264,3.2958307,2.137236014,1.1863810520000002,2.642494613,1.760997192,2.880538144,2.921044334,1.663914394,2.46034385,124.1555556,73.17777778,64.34444444,31.28888889,38.53333333,12.43333333,16.17777778,15.53333333,10.26666667,22.25555556,36.85555556,99.24444444,45.35555556,102.4446327,66.1843784,61.691026720000004,25.38589394,26.42475165,12.95250941,31.22554154,28.85125647,11.9984374,23.71661396,32.83321912,71.75432236,41.28854864,NA,NA,NA,NA,NA
Spokane Tribe of the Spokane Reservation,0.36008680228822065,0.359922180937082,9.7395422968944e-4,0.2159717213724977,0.19487183024909063,NA,NA,NA,NA,0.14761167908731723,0.23668146935784765,3.170198875094888,3453589.9267664775,NA,NA,NA,NA,NA,NA,NA,NA,NA,NA,NA,NA,NA,NA,NA,NA,NA,NA,NA,NA,NA,NA,NA,NA,NA,NA,NA,NA,NA,NA,NA,NA,NA,NA,NA,NA,NA,NA,NA,NA,NA,NA,NA,NA,NA,NA,NA,NA,NA,NA,NA,NA,-2.07500000025,-1.6805555555,3.78611111125,9.455555554999998,11.8111111125,15.0777777775,19.630555554999997,18.211111109999997,14.052777775,7.533333333249999,1.4222222225,-2.62222222225,7.8835648145,3.7492314495,3.52650044125,2.02015696775,3.6713475485,1.820308447,2.44392341525,2.1322098174999997,1.6998909237499995,2.074941406,1.4694855834999998,5.463641668250001,4.037308263500001,2.842412161,63.8888888775,38.005555555,57.355555555,30.311111112500004,52.1833333325,44.0083333325,23.211111112500003,14.0111111125,33.0555555575,47.75277777749999,44.46388889,84.7777777825,44.418749997499994,34.746952675,21.80713353525,46.9057271825,17.44411493025,27.301267014999997,19.4202154825,19.097293225,11.55172721725,32.6378960925,30.764425784999997,20.0515589625,71.8620767675,29.46586574,NA,NA,NA,NA,NA
Apache Tribe of Oklahoma,0.49628360144611466,0.4253447925276509,0.3667408979799628,0.48182042474552467,0.4191738741718202,NA,NA,NA,NA,0.15417272847713565,0.22468347597770927,3.0477013602700693,2171014.247603054,NA,NA,NA,NA,NA,NA,NA,NA,NA,NA,NA,NA,NA,NA,NA,NA,NA,NA,NA,NA,NA,NA,NA,NA,NA,NA,NA,NA,NA,NA,NA,NA,NA,NA,NA,NA,NA,NA,NA,NA,NA,NA,NA,NA,NA,NA,NA,NA,NA,NA,NA,NA,5.119513446008077,6.917289677559289,11.840198214299724,16.54598447478544,21.42252782860812,26.845436365285085,29.0559302645536,29.016353127500196,24.700267833346604,17.612949016665517,10.985242274454109,5.113181653310217,17.09790618020887,1.918527267683623,2.5818562735499504,1.2613704462050823,0.9835182581551036,1.1828036796633048,1.5466154426005447,1.3846478292670636,1.227753422768372,1.490944491044602,1.046063416051657,1.9304049382446276,2.2995255821592893,1.571169253940441,41.1515981804283,39.4490962709865,70.924488033773,69.84315847740811,132.17100648615482,107.29316037804918,77.91130895743512,60.14271127912834,73.1575303764218,72.6041071784039,39.22157025516392,32.80231731716672,68.056004433374,18.99351000798135,25.640381913599832,46.55934404479202,39.916669821523875,100.71312069434155,57.72053016891323,51.72800678683402,52.51356331086574,47.001865512579585,55.7749726312224,40.34453887556456,23.79046945743085,46.72474776942048,NA,NA,NA,NA,NA
Kickapoo Tribe of Indians of the Kickapoo Reservation in Kansas,0.601770376075757,0.5687219984389077,0.00155805037059108,0.5372436506084264,0.5682141746770718,NA,NA,NA,NA,0.13219350317016015,0.21830128891625755,3.0294608037515336,789251.4031165462,NA,NA,NA,NA,NA,NA,NA,NA,NA,NA,NA,NA,NA,NA,NA,NA,NA,NA,NA,NA,NA,NA,NA,NA,NA,NA,NA,NA,NA,NA,NA,NA,NA,NA,NA,NA,NA,NA,NA,NA,NA,NA,NA,NA,NA,NA,NA,NA,NA,NA,NA,NA,-1.90992776451245,-1.5649489059699626,6.111397404505578,13.12292841066095,17.856261750626594,23.53270348430044,26.167391946875533,25.59988548259227,19.58886980376824,13.978426711931322,5.9221840495330476,-2.056051798073817,12.19576004726752,2.6703226676039713,6.690275458181324,3.440544608716554,1.6000302799164643,1.3743776838740152,1.685120547534301,1.964452822171328,2.1692531649927576,3.526023690762531,1.408190428322506,2.626634946269131,2.597483511415126,2.6460591511458085,23.197518789630912,31.651620863862643,62.60079869980254,62.249243860652435,116.64491130568254,139.85610166266116,99.7689408538026,110.19862579117596,99.97255982008603,80.25154297472122,37.74277809368235,25.762974250892615,74.15813475137915,9.057939467060896,19.725869126309135,33.00656196191089,22.19783874327504,63.45094868108775,30.979205385410793,43.76536889957318,49.70946841687229,62.313654189233056,61.39655777841811,17.612527498723747,19.15835451530076,36.03119122442301,NA,NA,NA,NA,NA
Swinomish Indian Tribal Community,0.4788058984651612,0.4767820080693521,9.9999999999999e-4,0.376295162531932,0.36472278755995535,NA,NA,NA,NA,0.118,0.172,3.37,8326000,NA,NA,NA,NA,NA,NA,NA,NA,NA,NA,NA,NA,NA,NA,NA,NA,NA,NA,NA,NA,NA,NA,NA,NA,NA,NA,NA,NA,NA,NA,NA,NA,NA,NA,NA,NA,NA,NA,NA,NA,NA,NA,NA,NA,NA,NA,NA,NA,NA,NA,NA,NA,4.2,3.95,7.877777778,11.76111111,13.06111111,16.094444445,18.82777778,18.827777775,16.761111109999998,10.477777775,6.227777778,3.3555555555,10.95185185,3.3204634074999997,3.390157212,3.9536527864999993,4.0045950155000005,3.550197537,3.3986710650000003,3.3346061055,3.7814677535,4.450941904,1.731298533,4.1333814255,3.2866686035000003,3.5280084455000007,168.3944444,113.17222224,110.70555555500002,88.18333334500001,86.16666668499998,83.28333333500001,39.24999999999999,51.32777778,72.266666665,172.30555554,209.91111110000003,165.4444444,113.367592565,97.256623225,49.926803215,45.93773118000001,43.951209774999995,41.131771380000004,42.261596235,31.63950036,37.159366585,51.388802875,111.334104435,149.60029564,90.358014585,65.99548496,NA,NA,NA,NA,NA
Eastern Band of Cherokee Indians,0.16231133467084186,0.13709224879907453,0.00267869813706138,0.08870379193731948,0.16064983757791937,NA,NA,NA,NA,0.15116743088825776,0.22191577448276273,3.0915532167678386,1988016.0520342055,NA,NA,NA,NA,NA,NA,NA,NA,NA,NA,NA,NA,NA,NA,NA,NA,NA,NA,NA,NA,NA,NA,NA,NA,NA,NA,NA,NA,NA,NA,NA,NA,NA,NA,NA,NA,NA,NA,NA,NA,NA,NA,NA,NA,NA,NA,NA,NA,NA,NA,NA,NA,2.76944444475,3.99166666675,7.022222222249999,12.386111112499998,16.177777777499998,21.1944444425,22.791666665,22.87222222,19.0444444425,13.8916666675,6.874999999999998,1.3833333335,12.5333333325,3.661344079250001,2.9252554162499997,3.5440829155,2.2449287245,2.88532412675,1.915474621,2.3502807517499997,1.98797135275,2.00842021525,3.5535937104999995,3.659922356250001,2.29488055775,2.75262323575,125.05833335,120.60833335,129.89166668250002,91.4833333375,100.74166666749998,110.322222225,95.6361111075,84.6694444525,93.1611111125,99.48888889,109.25833334,90.61388889,104.24444445499999,50.888125630000005,73.3550611675,81.46223492,56.186116705,54.553129747499995,61.97714646,61.159856897500006,63.6235241,53.3304583575,61.8206084325,63.071487254999994,59.130769644999994,61.7132099425,NA,NA,NA,NA,NA
"Gila River Indian Community of the Gila River Indian Reservation, Arizona",0.02531524236334718,0.02372357233027139,0.0039868424615649,0.01326530097461901,9.9977829032105e-4,NA,NA,NA,NA,0.12545417930485597,0.18758962756699596,3.00895098867956,90567653.52303204,NA,NA,NA,NA,NA,NA,NA,NA,NA,NA,NA,NA,NA,NA,NA,NA,NA,NA,NA,NA,NA,NA,NA,NA,NA,NA,NA,NA,NA,NA,NA,NA,NA,NA,NA,NA,NA,NA,NA,NA,NA,NA,NA,NA,NA,NA,NA,NA,NA,NA,NA,NA,10.703703703333334,9.188888889666666,15.225925926666664,17.933333333333334,22.755555556666664,28.655555556666663,31.95925926333334,30.05555555666667,28.525925923333332,20.785185183333333,14.025925926666666,10.325925925999998,20.011728396666665,3.454226294,8.652741040666667,2.0343757036666665,5.674558430666667,5.372226128666666,4.256362779333333,3.5302633973333335,4.2957616026666665,2.8071021886666663,4.710597973666666,4.505557969333333,5.423286950333334,4.559755038333334,34.58518518666667,26.6,28.581481479999997,10.437037036,5.2814814813333335,6.203703704,18.22222222,43.37777778,19.55185185,34.69259259333334,43.27407407333334,13.80740741,23.717901236666663,19.865982496666668,27.028817689999997,17.592921046666667,11.553789389333334,9.317011471,10.449882098,18.574971416666667,43.12582692,20.71018613,54.29937426,79.15748492,14.473689093333332,27.179161413333336,NA,NA,NA,NA,NA
Peoria Tribe of Indians of Oklahoma,0.46191035154289134,0.3889366116831311,0.39972103357138894,0.4009508115950327,0.4501022896705411,NA,NA,NA,NA,0.1515488101805054,0.21649800067747127,2.834745952484829,2894623.22059298,NA,NA,NA,NA,NA,NA,NA,NA,NA,NA,NA,NA,NA,NA,NA,NA,NA,NA,NA,NA,NA,NA,NA,NA,NA,NA,NA,NA,NA,NA,NA,NA,NA,NA,NA,NA,NA,NA,NA,NA,NA,NA,NA,NA,NA,NA,NA,NA,NA,NA,NA,NA,2.3666666670000005,4.044444444,10.133333329999996,14.76666667,19.06666667,24.65555556,27.03333333,26.933333329999996,22.76666667,15.62222222,9.455555556,2.644444444,14.957407409999998,2.752271789,2.831126592,1.3937359859999998,1.220655562,0.916515139,1.460403293,1.533786165,1.503329638,1.607793519,1.170232645,2.295163998,3.22765825,1.826056048,70.84444444,67.93333333,110.9555556,99.27777777999998,181.7666667,125.4333333,85.38888889,83.27777778,101.5,81.12222221999998,91.97777778,75.38888889,97.90555555999998,45.5720888,47.98484136,54.46395851999999,41.91061255,82.35030358,47.23314514,55.21570077,62.81589723,51.08125879,60.68959503,80.40044741,74.14164558999998,58.6549579,NA,NA,NA,NA,NA
"Colorado River Indian Tribes of the Colorado River Indian Reservation, Arizona and California",0.05100945169490354,0.01713570278655191,0.04646239545469439,0.01440263355573782,9.9999999999999e-4,NA,NA,NA,NA,0.16346310082560128,0.2598886403314966,3.0698582923340663,21614343.399863448,NA,NA,NA,NA,NA,NA,NA,NA,NA,NA,NA,NA,NA,NA,NA,NA,NA,NA,NA,NA,NA,NA,NA,NA,NA,NA,NA,NA,NA,NA,NA,NA,NA,NA,NA,NA,NA,NA,NA,NA,NA,NA,NA,NA,NA,NA,NA,NA,NA,NA,NA,NA,10.34444444275,10.01944444425,15.022222222499998,17.866666667500002,22.06111111,27.5166666675,32.1305555575,30.3416666675,27.608333335,19.9277777775,13.055555555000002,9.4138888885,19.609027777500003,2.3350714152500003,6.99554410375,2.3099681685,4.2848763055,4.9475303230000005,4.4531919745,3.26139648025,4.5392695915,3.14618695475,4.3593355825,4.3770734647500005,5.08703177875,4.17470634525,33.691666670000004,22.208333335000003,16.9,7.0805555555,3.338888889,4.327777778000001,6.06666666675,11.1500000025,12.855555555000002,19.569444445,31.755555554999997,5.408333333,14.52939815,24.6365109975,27.71286938,18.2674316975,8.015007428750001,8.1921419915,8.235968083249999,9.31116470575,10.684798332000002,16.523250507500002,40.0562892275,67.32887072,9.15210149525,20.6763670475,NA,NA,NA,NA,NA
"Fort McDowell Yavapai Nation, Arizona",0.067080592289841,0.0640102282239615,0.0320648258241512,0.02283757063922967,0.001,NA,NA,NA,NA,0.121,0.17199999999999996,3.15,274356000,NA,NA,NA,NA,NA,NA,NA,NA,NA,NA,NA,NA,NA,NA,NA,NA,NA,NA,NA,NA,NA,NA,NA,NA,NA,NA,NA,NA,NA,NA,NA,NA,NA,NA,NA,NA,NA,NA,NA,NA,NA,NA,NA,NA,NA,NA,NA,NA,NA,NA,NA,NA,8.766666667,9.944444444,12.56666667,16.22222222,21.45555556,26.91111111,31.17777778,29.44444444,25.933333329999996,19.65555556,12.87777778,8.055555556,18.58425926,2.393741841,5.899599798,2.490983741,4.928178613,3.08792451,3.603624718,3.182678816,1.73501521,3.124899998,3.4828548319999997,3.136788875,5.053491642,3.509981883,68.95555556,58.61111111,46.27777778,14.877777780000002,11.08888889,5.866666667,32.38888889,50.35555556,28.33333333,29.500000000000004,34.66666667,19.84444444,33.39722222,47.29167768,61.27006700999999,31.668903429999997,12.15841044,13.60169516,8.423182296,30.07945497,41.59856101,29.45420174,35.11719664,33.6690882,20.29698938,30.38578566,NA,NA,NA,NA,NA
Oneida Nation,0.5083276967060539,0.44262229502294104,0.001,0.43056204600964576,0.48118681786314427,NA,NA,NA,NA,0.07644707219068322,0.12981569073022775,3.0918430926977227,8646106.304572463,NA,NA,NA,NA,NA,NA,NA,NA,NA,NA,NA,NA,NA,NA,NA,NA,NA,NA,NA,NA,NA,NA,NA,NA,NA,NA,NA,NA,NA,NA,NA,NA,NA,NA,NA,NA,NA,NA,NA,NA,NA,NA,NA,NA,NA,NA,NA,NA,NA,NA,NA,NA,-7.4055555554999994,-6.722222222,-0.4666666665,6.938888889000001,13.47222222,18.555555555,20.93888889,20.355555555,15.494444445,8.85,1.9833333335,-6.638888889,7.112962962999999,2.583174434,2.9588461624999995,2.4275804825,2.045919135,1.5501663345,1.6849147845,1.136210105,1.4331999464999998,1.6571478665,1.8002880545,2.763845906,4.491638399,2.2110776345,28.822222219999997,25.000000000000004,40.18888889,64.22222222,77.744444445,116.22222225,86.077777775,121.6277778,100.23333332,65.872222225,70.044444445,61,71.4212963,16.79672061,20.65496799,18.83681106,21.571966049999997,24.616513685,66.6998021,44.418377535,49.40651399,27.956301654999997,35.939190700000005,41.97104433,46.42237195,34.607548470000005,NA,NA,NA,NA,NA
"Zuni Tribe of the Zuni Reservation, New Mexico",0.16922710138622424,0.16914236670969546,0.00470340137576311,0.12463788551435538,0.04614923362470303,NA,NA,NA,NA,0.2156454135352886,0.3382751472091891,2.844854799465988,6678717.991033779,NA,NA,NA,NA,NA,NA,NA,NA,NA,NA,NA,NA,NA,NA,NA,NA,NA,NA,NA,NA,NA,NA,NA,NA,NA,NA,NA,NA,NA,NA,NA,NA,NA,NA,NA,NA,NA,NA,NA,NA,NA,NA,NA,NA,NA,NA,NA,NA,NA,NA,NA,NA,1.716666666666667,1.5203703703333338,7.638888889333334,10.777777778833334,14.890740741666669,20.32037037,23.005555556666668,22.285185183333333,19.929629628333338,10.905555556500005,5.227777777500001,1.9814814815,11.683333331666669,2.869134190500001,4.356735023166667,3.6427293773333336,2.524653195833334,3.765652343666667,3.145983504333334,2.9634532040000003,3.415641456166667,3.4626224788333335,2.2395136293333335,3.5745189770000003,3.0344144151666668,3.249587649666667,24.972222223333336,21.616666668333337,25.46111111166667,14.872222221666668,8.601851852666666,8.779629629666667,38.31111111166667,35.15000000166667,33.40370370333334,24.935185186666672,20.492592593333335,11.420370370666667,22.334722223333333,17.910966610000003,17.061022660000006,19.31367887,15.532870536666668,8.732236336333333,11.009629583333334,29.183938126666668,20.94661394,18.639744113333336,31.27233492,24.98562081,8.469396387666668,18.588171075,NA,NA,NA,NA,NA
Ysleta del Sur Pueblo,0.11114403140873184,0.11113455970421006,0.07940697603275763,0.03718147579167087,0.001,NA,NA,NA,NA,0.15,0.22,2.92,62170000,NA,NA,NA,NA,NA,NA,NA,NA,NA,NA,NA,NA,NA,NA,NA,NA,NA,NA,NA,NA,NA,NA,NA,NA,NA,NA,NA,NA,NA,NA,NA,NA,NA,NA,NA,NA,NA,NA,NA,NA,NA,NA,NA,NA,NA,NA,NA,NA,NA,NA,NA,NA,5.944444444,9.311111111,11.94444444,16.84444444,21.23333333,26.23333333,27.23333333,27.07777778,23.33333333,17.02222222,10.48888889,5.844444444,16.87592592,3.578795576,4.97655615,2.628265165,3.662687235,4.210403781,4.43480552,3.152776554,1.665666366,3.104029639,2.148125798,2.984310827,4.780719379,3.443928499,10.32222222,15.68888889,9.922222222,9.544444444,12.97777778,20.77777778,32.13333333,35.12222222,43.23333333,20.67777778,11.64444444,7.588888888999999,19.13611111,7.367797802,14.97760365,9.426263546,8.126670768,20.88047999,22.83209242,32.25767351,32.1094915,26.04726473,14.41420981,11.32829545,8.857545434,17.38544905,NA,NA,NA,NA,NA
Stillaguamish Tribe of Indians of Washington,0.6812348328449129,0.6440133972480435,0.001,0.44683215339530424,0.6812348328449129,NA,NA,NA,NA,0.093,0.132,3.51,43331000,NA,NA,NA,NA,NA,NA,NA,NA,NA,NA,NA,NA,NA,NA,NA,NA,NA,NA,NA,NA,NA,NA,NA,NA,NA,NA,NA,NA,NA,NA,NA,NA,NA,NA,NA,NA,NA,NA,NA,NA,NA,NA,NA,NA,NA,NA,NA,NA,NA,NA,NA,NA,2.911111111,5.033333332999999,6.688888888999999,10.32222222,12.23333333,15.56666667,18.15555556,16.72222222,14.17777778,10.25555556,5.855555556,3.111111111,10.08611111,3.4023684560000005,3.312853755,1.814141977,0.89690827,1.203120942,3.877176808,3.293216935,1.569058458,1.6037282949999998,2.206304099,2.832009495,2.965402352,2.41469082,88.86666667,74.56666667,105.7333333,74.91111111,61.61111111,61.98888889,26.733333330000004,38.05555556,80.66666667,90.8,123.5666667,111.2111111,78.22592593,54.31358025,40.48042737,51.74729462,37.21983492,34.85941209,37.22403271,22.65871797,18.98947808,81.9797231,71.27329444,93.67182074,68.12603108,51.04530395,NA,NA,NA,NA,NA
"Cedarville Rancheria, California",0.31435105363441407,0.31435105363441407,0.00827252599417272,0.21241696512771777,0.07980027310141741,NA,NA,NA,NA,0.147,0.242,3.36,746000,NA,NA,NA,NA,NA,NA,NA,NA,NA,NA,NA,NA,NA,NA,NA,NA,NA,NA,NA,NA,NA,NA,NA,NA,NA,NA,NA,NA,NA,NA,NA,NA,NA,NA,NA,NA,NA,NA,NA,NA,NA,NA,NA,NA,NA,NA,NA,NA,NA,NA,NA,NA,-1.1,2.777777778,2.911111111,7.488888889,10.15555556,15.633333329999996,21.14444444,18.47777778,14.31111111,9.588888889,1.466666667,-0.6,8.521296296,2.528833723,4.474868092,2.096094251,2.095497819,1.271918935,2.990819286,3.4172763679999996,1.649831641,1.865103512,2.626520724,2.259977876,4.032988966,2.609144266,48.44444444,24.85555556,35.12222222,26.23333333,42.84444444,19.42222222,9.477777778,6.966666666999999,13.177777779999998,32.01111111,32.02222222,71.6,30.18148148,50.21217758000001,18.84655878,20.81182223,16.90961265,20.03216857,16.49149613,9.905273567,8.098147936,14.47530464,31.98825739,22.869837,68.12672016,24.897281389999996,NA,NA,NA,NA,NA
Penobscot Nation,0.4556253022447751,0.4509375507088617,9.9555561850032e-4,0.3208364899091985,0.3822124196981439,NA,NA,NA,NA,0.14310564474400905,0.21716601316915707,3.560050307020957,13036286.453988906,NA,NA,NA,NA,NA,NA,NA,NA,NA,NA,NA,NA,NA,NA,NA,NA,NA,NA,NA,NA,NA,NA,NA,NA,NA,NA,NA,NA,NA,NA,NA,NA,NA,NA,NA,NA,NA,NA,NA,NA,NA,NA,NA,NA,NA,NA,NA,NA,NA,NA,NA,NA,-8.1977777776,-7.9511111112,-1.3866666668,4.7644444444000005,11.073333332000002,16.448888888000003,19.975555556,18.713333334000005,13.615555556000002,7.4688888892,1.4933333334000003,-5.628888889000001,5.865740740800001,2.9598296002,3.1145302826000005,2.2165814602,1.9154167592,1.8758204194,1.6380593840000002,1.5988204794,1.2344112244,2.3359242872,1.7578241032000002,2.1584681498000005,3.7890339288,2.2162266732000004,76.08888888800001,62.064444446,83.29777777800001,87.533333334,99.755555562,90.122222214,88.96222222200001,85.81999999800001,99.715555542,129.77333334,104.517777792,107.477777764,92.927407408,32.202573366,22.742516676,38.505210016,47.90532620999999,43.878413288,30.681739116,32.064203162,32.5957215,32.341443756000004,54.309266152,38.704714352,48.336952166,37.855673312,NA,NA,NA,NA,NA
Yuhaaviatam of San Manuel Nation,0.06307511472996158,0.06307511472996158,0.01648344874556257,0.03047233940502987,0.02395129053135176,NA,NA,NA,NA,0.107,0.155,3.1,120508000,NA,NA,NA,NA,NA,NA,NA,NA,NA,NA,NA,NA,NA,NA,NA,NA,NA,NA,NA,NA,NA,NA,NA,NA,NA,NA,NA,NA,NA,NA,NA,NA,NA,NA,NA,NA,NA,NA,NA,NA,NA,NA,NA,NA,NA,NA,NA,NA,NA,NA,NA,NA,8.333333333,7.922222222,9.644444444,11.98888889,14.85555556,20.03333333,23.17777778,22.799999999999997,20.31111111,14.05555556,9.444444444,8.411111111,14.24814815,1.135781669,1.713022021,2.476949288,1.99276469,2.670726077,3.80394532,1.745549897,2.638181192,3.1790110269999996,2.351122663,4.518326878,0.967528352,2.4327424229999997,158.1111111,121.6555556,78.88888889,28.84444444,14.93333333,4.055555556,11.46666667,10.42222222,6.811111111,20.52222222,30.55555556,36.85555556,43.59351852,144.8773226,113.2580694,88.58459860999999,19.59228873,10.96026916,4.081087818,15.67450159,14.70890698,8.312407059,20.91786185,47.1140136,77.10551393,47.09890344,NA,NA,NA,NA,NA
Roaring Creek Rancheria of Pit River Indians of California,0.5184994963881656,0.5184994963881656,0.00805197169064679,0.22371396487279263,0.39826160033370944,NA,NA,NA,NA,0.142,0.21900000000000003,3.24,13959999.999999998,NA,NA,NA,NA,NA,NA,NA,NA,NA,NA,NA,NA,NA,NA,NA,NA,NA,NA,NA,NA,NA,NA,NA,NA,NA,NA,NA,NA,NA,NA,NA,NA,NA,NA,NA,NA,NA,NA,NA,NA,NA,NA,NA,NA,NA,NA,NA,NA,NA,NA,NA,NA,2.866666667,4.222222222,5.588888889,9.288888889,12.44444444,16.86666667,20.7,20.46666667,16.11111111,11.76666667,4.866666667,2.677777778,10.65555556,1.361065759,2.068681813,1.452105751,2.031898401,1.8324240169999997,1.95,2.05669638,2.517439175,1.285928113,0.970824392,2.034698995,1.729000996,1.774230316,206.8222222,165.2,175.3888889,87.57777778,72.05555556,27.11111111,19.52222222,10.46666667,18.64444444,52.93333333,107.4,265.6777778,100.7333333,146.8812767,156.6755645,158.8682744,50.28518116,49.94317048,27.03550649,26.57643589,12.06865775,22.32644794,31.61692585,78.24089404,202.6932706,80.26763382,NA,NA,NA,NA,NA
Karuk Tribe,0.3894727432142615,0.36651425073943183,0.001,0.25956011799268935,0.3768679815186109,NA,NA,NA,NA,0.15521621860719026,0.2322513574483351,3.433729748857522,6045131.6365967225,NA,NA,NA,NA,NA,NA,NA,NA,NA,NA,NA,NA,NA,NA,NA,NA,NA,NA,NA,NA,NA,NA,NA,NA,NA,NA,NA,NA,NA,NA,NA,NA,NA,NA,NA,NA,NA,NA,NA,NA,NA,NA,NA,NA,NA,NA,NA,NA,NA,NA,NA,NA,4.9166666665,4.433333333499999,6.2,7.5833333335,10.211111113,14.62777778,16.95,16.105555555000002,14.377777775,10.050000002,5.3722222225,4.194444443999999,9.5851851855,2.9722388665,4.978496716,2.09769833,2.4498621244999996,1.966695416,3.2817289125,2.2738861394999996,2.0372408075,1.4454133479999998,2.7595038269999996,2.276154289,3.2192919595,2.6465175614999996,222.3444444,120.0333333,126.22222222,92.87222223,67.31111111,40.061111110000006,20.33888889,10.4499999995,12.81111111,63.47777778,117.7611111,252.81111115,95.541203695,112.27784995,70.21212575,68.85431774,63.961989075000005,53.945818290000005,28.55317821,26.270729635,15.58935249,9.265093219,43.287485205,73.39295431500001,180.73655225,62.19562051,NA,NA,NA,NA,NA
Greenville Rancheria,0.380145864051177,0.3663680180254933,0.001,0.10768599507709888,0.1903591727951489,NA,NA,NA,NA,0.136,0.203,3.48,1496000,NA,NA,NA,NA,NA,NA,NA,NA,NA,NA,NA,NA,NA,NA,NA,NA,NA,NA,NA,NA,NA,NA,NA,NA,NA,NA,NA,NA,NA,NA,NA,NA,NA,NA,NA,NA,NA,NA,NA,NA,NA,NA,NA,NA,NA,NA,NA,NA,NA,NA,NA,NA,1.122222222,2.955555556,3.8,8.2,10.92222222,16.23333333,19.54444444,18.5,14.46666667,10.7,3.4,0.188888889,9.169444444,2.008592653,4.572228973,1.768473918,2.91847563,1.88001182,3.226065715,1.986901552,1.405346932,1.229837388,3.352610923,2.010596926,2.943825931,2.44191403,130.4444444,100.5555556,89.31111111,46.12222222,46.44444444,20.26666667,6.133333333,14.26666667,11.93333333,32.4,51.65555556,126.7444444,56.35648148,112.5304193,96.15399252,94.94685941,37.96767631,31.87405336,22.72427117,7.851114571,27.89955197,13.87164374,31.62570157,46.09099997,128.8939303,54.36918452,NA,NA,NA,NA,NA
Narragansett Indian Tribe,0.25843290666896845,0.22517730832618743,9.9999999999999e-4,0.16931022345476218,0.24439116082875537,NA,NA,NA,NA,0.078,0.133,3.84,6411000,NA,NA,NA,NA,NA,NA,NA,NA,NA,NA,NA,NA,NA,NA,NA,NA,NA,NA,NA,NA,NA,NA,NA,NA,NA,NA,NA,NA,NA,NA,NA,NA,NA,NA,NA,NA,NA,NA,NA,NA,NA,NA,NA,NA,NA,NA,NA,NA,NA,NA,NA,NA,2.733333333,3.055555556,6.722222222,9.888888889,13.83333333,17.86666667,22.4,22.54444444,19.55555556,13.76666667,6.966666667,0.044444444,11.61481482,5.165752607000001,5.479988848,4.389127982,1.85502321,2.880538144,3.906724971,1.492481156,1.69934628,2.145991095,3.623534186,2.47082982,3.744366138,3.237808703,69.05555556,64.46666667,111.3444444,81.51111111000002,91.22222222,75.93333333,49.78888889000001,50.6,80.54444444,103.9666667,88.52222222,77.75555556,78.72592593,47.05956627,35.70161061,84.13508648,49.16775987,42.58746229,35.88676636,28.0965943,31.98132267,37.23066985,54.82173383,51.13950962,33.63647987,44.28704684,NA,NA,NA,NA,NA
Lytton Rancheria of California,0.264,0.148,0.264,0.204,0.081,NA,NA,NA,NA,0.085,0.116,3.770000000000001,61249000.00000001,NA,NA,NA,NA,NA,NA,NA,NA,NA,NA,NA,NA,NA,NA,NA,NA,NA,NA,NA,NA,NA,NA,NA,NA,NA,NA,NA,NA,NA,NA,NA,NA,NA,NA,NA,NA,NA,NA,NA,NA,NA,NA,NA,NA,NA,NA,NA,NA,NA,NA,NA,NA,10.57777778,11.05555556,12.91111111,13.95555556,15.38888889,18.34444444,19.41111111,19.26666667,19.8,16.73333333,13.12222222,10.46666667,15.08611111,1.144309593,4.161163032,1.526797665,1.51419212,1.85300057,3.055368681,3.759469525,3.626292873,3.441656578,2.811583184,1.383634505,1.620956508,2.491535403,97.3,84.48888889,76.52222222,35.37777778,20.01111111,4.877777778,7.233333333,4.733333333,6.022222222,18.28888889,27.3,84.76666667,38.91018519,71.76123605,70.45495803,56.59288334,27.23241533,14.19686976,6.321546049,12.11847763,9.1715593,9.15037947,21.6074897,29.19409187,77.97579753,33.81480867,NA,NA,NA,NA,NA
Catawba Indian Nation,0.5889852770330535,0.3829275318719229,0.5526503912928032,0.32012466059283073,0.43795979098710935,NA,NA,NA,NA,0.08300342601527784,0.10500765815179754,3.109953648028594,11331593.923023911,NA,NA,NA,NA,NA,NA,NA,NA,NA,NA,NA,NA,NA,NA,NA,NA,NA,NA,NA,NA,NA,NA,NA,NA,NA,NA,NA,NA,NA,NA,NA,NA,NA,NA,NA,NA,NA,NA,NA,NA,NA,NA,NA,NA,NA,NA,NA,NA,NA,NA,NA,NA,6.722222222,7.411111111,13.4,14.74444444,19.87777778,23.81111111,25.2,24.66666667,23.4,15.51111111,9.511111111,4.711111111,15.74722222,3.0404678,4.362466173,3.529518381,2.781236735,2.875229459,1.862420766,3.00208261,3.2395987410000004,1.689674525,3.182155105,4.500956688,2.748838138,3.067887093,94.17777778,87.72222222,100.9444444,42.27777778,64.32222222,92.62222222,89.81111110999998,78.45555556,76.64444444,122.6555556,77.51111111000002,58.86666667,82.16759259,41.7229187,42.41420098,74.833183,26.72970154,35.31879025,51.73233461,61.895323819999994,63.95924701,67.13155203,106.1907024,59.42832751,34.35240166,55.47572363,NA,NA,NA,NA,NA
Tonawanda Band of Seneca,0.6109379453893985,0.5099034093660059,0.001,0.5288172034315766,0.5473460813910407,NA,NA,NA,NA,0.10467242201164456,0.1885907428898405,2.9656307527335453,11814729.847512849,NA,NA,NA,NA,NA,NA,NA,NA,NA,NA,NA,NA,NA,NA,NA,NA,NA,NA,NA,NA,NA,NA,NA,NA,NA,NA,NA,NA,NA,NA,NA,NA,NA,NA,NA,NA,NA,NA,NA,NA,NA,NA,NA,NA,NA,NA,NA,NA,NA,NA,NA,NA,-4.088888889,-5.144444444,1.4999999999999998,7.377777778,13.23333333,18.34444444,21.34444444,20.95555556,16.81111111,10.12222222,4.544444444,-2.555555556,8.537037036,3.059593292,3.892335774,2.639602243,2.329043676,1.637070554,1.846016733,1.2299503150000002,1.350102877,1.395926614,2.12824915,1.1843892,2.274923686,2.080600343,62.81111111,49.82222222,52.03333333,65.18888889,77.46666667,91.22222222,71.1,82.76666667,86.03333332999999,92.97777778,87.58888889000002,67.92222222,73.91111111,24.60022583,27.33069601,29.03192209,24.35715729,39.99724991,31.60402576,20.95894797,22.89279363,32.18516739,29.51867112,47.57122146,29.43661741,29.95705799,NA,NA,NA,NA,NA
Shinnecock Indian Nation,0.5054621021009202,0.49818301681677635,0.01258337354080008,0.3394501659747376,0.4905598345670057,NA,NA,NA,NA,0.063,0.112,3.62,57121000,NA,NA,NA,NA,NA,NA,NA,NA,NA,NA,NA,NA,NA,NA,NA,NA,NA,NA,NA,NA,NA,NA,NA,NA,NA,NA,NA,NA,NA,NA,NA,NA,NA,NA,NA,NA,NA,NA,NA,NA,NA,NA,NA,NA,NA,NA,NA,NA,NA,NA,NA,NA,2.177777778,3.666666667,6.422222222,11.02222222,13.88888889,20.05555556,23.07777778,23.34444444,18.84444444,14.511111110000002,7.033333333,-0.622222222,11.95185185,4.846075159,5.202403291,2.202712974,1.3451559179999997,4.737468851,2.593314053,2.292802749,2.301147057,1.6756424969999997,3.504084918,2.546566316,2.781086918,3.002371725,70.66666667,61.6,110.3444444,83.66666667,92.83333333,79.74444444,61.41111111000001,45.54444443999999,67.22222222,99.27777778,82.41111111,76.57777778,77.60833333,48.3141025,30.04138812,74.74613888,47.78713216,52.8872149,40.76159685,40.88390406,43.19742791000001,42.22344662,70.36564818,41.12375969,33.96754987,47.19160915,NA,NA,NA,NA,NA
"La Posta Band of Diegueno Mission Indians of the La Posta Indian Reservation, California",0.19254888451636787,0.19254888451636787,0.0159184520371698,0.08144701014049255,0.06742861419388563,NA,NA,NA,NA,0.096,0.126,3.52,188159000,NA,NA,NA,NA,NA,NA,NA,NA,NA,NA,NA,NA,NA,NA,NA,NA,NA,NA,NA,NA,NA,NA,NA,NA,NA,NA,NA,NA,NA,NA,NA,NA,NA,NA,NA,NA,NA,NA,NA,NA,NA,NA,NA,NA,NA,NA,NA,NA,NA,NA,NA,NA,8.644444444,8.788888889,10.55555556,13.11111111,16.06666667,19.55555556,23.01111111,23.97777778,20.866666670000004,16.57777778,11.53333333,9.1,15.14907408,0.8427797919999999,3.1652189669999995,1.371232211,1.511989124,1.824828759,3.738686638,5.208273333,3.030997269,2.689795531,1.8680054719999999,1.374772708,0.886002257,2.292715172,81.32222222,52.6,28.233333330000004,22.422222219999995,11,1.833333333,7.3,12.04444444,7.644444444,12.06666667,18.3,23.266666669999996,23.16944444,68.60865065,48.65028263,17.0694171,26.53491934,15.94592424,2.05121915,12.04387811,17.39476294,9.905441826,13.897122,40.10308592,26.95092763,24.92963596,NA,NA,NA,NA,NA
"Pueblo of Sandia, New Mexico",0.08648518960732457,0.0815993575322416,0.01963507551168907,0.02690965368602926,0.00121021807538761,NA,NA,NA,NA,0.12240550319309627,0.1995307747592431,3.1703186102383034,17311715.201585673,NA,NA,NA,NA,NA,NA,NA,NA,NA,NA,NA,NA,NA,NA,NA,NA,NA,NA,NA,NA,NA,NA,NA,NA,NA,NA,NA,NA,NA,NA,NA,NA,NA,NA,NA,NA,NA,NA,NA,NA,NA,NA,NA,NA,NA,NA,NA,NA,NA,NA,NA,NA,1.3777777775,3.688888889,5.772222222,9.155555555,14.416666665,20.116666669999997,22.122222225,20.472222225,17.727777774999996,10.2333333355,4.2777777775,1.016666667,10.864814815,2.230559674,5.929820016,1.9183822815,1.5015858645,2.013555187,1.822435838,1.531694457,2.4089574485000003,1.777067147,1.826685956,2.583018702,1.848295415,2.282671499,29.35,26.700000000000003,32.8,27.666666664999997,18.983333335,20.866666664999997,43.05555556,44.98333333,56.17777778,63.605555555,22.905555555,20.66111111,33.97962963,19.10567432,16.83182196,15.392306515,15.581948245000005,15.39555021,11.6059225265,29.477722525,30.0886257,31.924864569999997,95.08239223,22.327693479999997,15.03655044,26.487589394999993,NA,NA,NA,NA,NA
"Pueblo of Taos, New Mexico",0.07486647687343125,0.07309060960698183,0.00217950775354364,0.03586980428078203,0.01706505076792935,NA,NA,NA,NA,0.1520074000447652,0.241016541276534,3.819865058007222,3228132.0182787157,NA,NA,NA,NA,NA,NA,NA,NA,NA,NA,NA,NA,NA,NA,NA,NA,NA,NA,NA,NA,NA,NA,NA,NA,NA,NA,NA,NA,NA,NA,NA,NA,NA,NA,NA,NA,NA,NA,NA,NA,NA,NA,NA,NA,NA,NA,NA,NA,NA,NA,NA,NA,-2.38055555525,-0.622222222,2.411111111,5.2694444442499995,11.330555555,16.0722222225,18.141666667499997,18.3694444425,14.966666665000002,8.8,1.197222222,-2.70833333325,7.570601851749999,4.923902236749999,3.4989384037499995,3.61353915675,1.599599245,3.89545172275,3.90061229375,1.88705051975,4.4468897015,3.4254691832499997,3.1412657465,1.75778408275,4.14730102425,3.3531502765,25.225,29.219444445,49.45,37.175,54.0499999975,27.983333332499996,55.922222225000006,53.275,41.0361111125,37.6722222225,19.402777777500003,15.4222222225,37.15277778,13.61068865075,13.9372716025,25.2014064075,15.25622047925,39.10237192,18.725499295,31.269228705,24.969333665,24.351150255,31.00975277,16.974760855,13.10503765825,22.292726855,NA,NA,NA,NA,NA
"Pueblo of Tesuque, New Mexico",0.10118586802767748,0.09785481118928438,0.00115204444444886,0.07518848760420535,0.02174611918366525,NA,NA,NA,NA,0.107,0.177,3.45,9326000,NA,NA,NA,NA,NA,NA,NA,NA,NA,NA,NA,NA,NA,NA,NA,NA,NA,NA,NA,NA,NA,NA,NA,NA,NA,NA,NA,NA,NA,NA,NA,NA,NA,NA,NA,NA,NA,NA,NA,NA,NA,NA,NA,NA,NA,NA,NA,NA,NA,NA,NA,NA,-0.755555556,1.2222222225,4.177777777499999,7.505555556,12.744444445,17.644444445,21.027777775,18.977777775,16.333333335000003,10.4000000005,3.3944444445,-0.788888889,9.3236111095,2.0278964495,4.306695697,3.103276728,2.2693655995,2.6401124955,1.4978092415000002,4.1041153985,2.069704131,2.6410696855,2.3809988585000004,2.073543254,2.3548400220000003,2.6224522965,31.02777778,29.188888884999997,44.2,33.4,29.8,29.05,54.46111111,47.588888885,53.133333330000006,48.511111115,21.772222220000003,19.93333333,36.83888889,13.58439563,17.177932095,24.421756474999995,13.418707245,16.83627695,19.25460053,35.766647105,27.21882341,34.44152682,59.97867071499999,20.08435346,19.132189299999997,25.109656645,NA,NA,NA,NA,NA
Sauk-Suiattle Indian Tribe,0.5919361766384013,0.578100951809986,0.02376284024129425,0.4358057151753116,0.5890447860083476,NA,NA,NA,NA,0.11153201410852176,0.1616512225736348,3.4062207209922777,17382473.845247827,NA,NA,NA,NA,NA,NA,NA,NA,NA,NA,NA,NA,NA,NA,NA,NA,NA,NA,NA,NA,NA,NA,NA,NA,NA,NA,NA,NA,NA,NA,NA,NA,NA,NA,NA,NA,NA,NA,NA,NA,NA,NA,NA,NA,NA,NA,NA,NA,NA,NA,NA,NA,0.488888889,1.5666666669999998,4.2,10.27777778,10.844444440000002,14.01111111,17.68888889,16.47777778,13.5,8.811111111,3.9,0.166666667,8.494444445,2.472066162,3.371201566,1.275735082,5.9884843189999994,2.206304099,3.719356276,3.506581114,2.29498245,1.5953056130000005,2.362437536,5.189171417,2.221485989,3.016925969,182.0222222,132.9666667,126.29999999999998,107.8444444,94.93333333,89.95555556000001,34.98888889,52.22222221999999,75.91111111,155.3,188.2666667,229.0222222,122.4777778,97.97596360999998,73.77059035,57.15594895,57.03722712,41.59146547,42.37986288,29.058107490000005,29.139825739999996,47.4281152,106.2514823,142.3974104,100.0201827,68.68384852,NA,NA,NA,NA,NA
Seneca Nation of Indians,0.4227480431193757,0.3964067224851957,0.00100368213289933,0.310072598774957,0.3995376894211036,NA,NA,NA,NA,0.12379414860356532,0.21321946891286625,2.970119163623404,20630203.72125373,NA,NA,NA,NA,NA,NA,NA,NA,NA,NA,NA,NA,NA,NA,NA,NA,NA,NA,NA,NA,NA,NA,NA,NA,NA,NA,NA,NA,NA,NA,NA,NA,NA,NA,NA,NA,NA,NA,NA,NA,NA,NA,NA,NA,NA,NA,NA,NA,NA,NA,NA,NA,-1.7936524110691834,-2.3333108852138578,2.418722049366824,7.0747788848423605,12.67608712962404,17.670457690095045,20.97222017342071,20.565068739777058,17.13016402831134,10.00901502753641,2.995392444413538,-4.213506633855431,8.597619686732806,5.929857339463572,5.648564490171958,4.1957430715399235,2.0280674362717623,2.2314504104468473,2.312506019065617,2.1705903489572562,2.3606526453283845,2.732788403439328,1.6063502343935454,2.2909923993384163,2.307061544534337,2.9845520286511302,73.83843064950949,58.820964340989086,64.63784777551535,68.0832528122851,71.92631015115826,110.92324664883436,72.21671907650077,65.6184306133782,87.01671009999104,109.790298037856,90.5814296234188,89.23090326041864,80.22371192323149,33.80887974339769,35.79465091474728,37.63679220844978,36.755184233775225,40.19622357378402,42.07360327351926,40.1625349676889,47.05677459333936,46.51799234684527,44.18650308329984,64.56610428636269,50.536113117703835,43.274279696737935,NA,NA,NA,NA,NA
"Santa Ynez Band of Chumash Mission Indians of the Santa Ynez Reservation, California",0.4636852278727832,0.4636852278727832,0.26147499242872385,0.3282222606138552,0.19643820377202256,NA,NA,NA,NA,0.095,0.127,3.44,24684000,NA,NA,NA,NA,NA,NA,NA,NA,NA,NA,NA,NA,NA,NA,NA,NA,NA,NA,NA,NA,NA,NA,NA,NA,NA,NA,NA,NA,NA,NA,NA,NA,NA,NA,NA,NA,NA,NA,NA,NA,NA,NA,NA,NA,NA,NA,NA,NA,NA,NA,NA,NA,10.38888889,9.966666667,11.95555556,13.18888889,14.97777778,17.08888889,19.05555556,19.57777778,18.78888889,14.74444444,10.82222222,10.36666667,14.24351852,1.176269999,3.243840317,1.833787822,1.252442059,2.71421157,3.152556282,3.752369622,4.296736488,3.527904635,2.3016902,5.024384982,1.897366596,2.847796714,106.5777778,92.82222222,74.1,37.35555556,16.9,1.311111111,9.888888889,8.977777778,2.877777778,16.08888889,32.94444444,54.98888889,37.90277778,85.29243486,82.35196989,78.48410667,33.39341668,13.74945453,2.312706447,20.85332374,15.41061142,4.425714004,18.62279815,34.73525267,59.5576075,37.43244971,NA,NA,NA,NA,NA
"Big Lagoon Rancheria, California",0.4347966496660079,0.4347966496660079,0.001,0.2976892192017767,0.36987003522782447,NA,NA,NA,NA,0.141,0.196,3.32,10777000,NA,NA,NA,NA,NA,NA,NA,NA,NA,NA,NA,NA,NA,NA,NA,NA,NA,NA,NA,NA,NA,NA,NA,NA,NA,NA,NA,NA,NA,NA,NA,NA,NA,NA,NA,NA,NA,NA,NA,NA,NA,NA,NA,NA,NA,NA,NA,NA,NA,NA,NA,NA,8.7,7.366666667,9.477777778,9.855555556,12.07777778,16.47777778,16.52222222,16.23333333,15.68888889,12.51111111,8.822222222,8.066666667,11.81666667,2.128379665,6.305751343,1.096332269,3.592043677,3.423367413,3.121609272,3.200694369,2.173706512,2.175686354,4.53664095,1.384537628,1.9862024069999995,2.927079322,245.22222220000003,150.5,164.4333333,99.33333333,58.16666667,32.12222222,11.03333333,13.32222222,19.95555556,79.23333333,152.4555556,264.4,107.5148148,136.7724367,85.08032969,76.68083202,64.7090411,32.25193793,22.31371651,15.35089574,14.05985222,13.39413221,42.68205126,60.09975273,163.1519154,60.54557446,NA,NA,NA,NA,NA
"Stockbridge Munsee Community, Wisconsin",0.4473170865029112,0.38006753232170987,9.9992171478735e-4,0.22967149836568485,0.37631575096163866,NA,NA,NA,NA,0.08209639893923992,0.15314304358725928,2.660145116682727,1517818.3355835106,NA,NA,NA,NA,NA,NA,NA,NA,NA,NA,NA,NA,NA,NA,NA,NA,NA,NA,NA,NA,NA,NA,NA,NA,NA,NA,NA,NA,NA,NA,NA,NA,NA,NA,NA,NA,NA,NA,NA,NA,NA,NA,NA,NA,NA,NA,NA,NA,NA,NA,NA,NA,-9.622222222,-6.066666667,1.211111111,6.433333333,12.74444444,18.95555556,20.21111111,20.68888889,16.78888889,7.555555556,1.9888888890000005,-6.777777778,7.009259258999999,2.264827685,6.367102952,7.486228096,2.385896058,1.511713524,3.3151587859999996,1.136270703,3.234364097,5.46178644,2.358554171,6.513149093,8.34262815,4.19813998,19.41111111,19.06666667,35.34444444,66.03333333,78.21111111,112.9,89.08888889,121.7111111,99.47777778,52.62222222,51.31111111,34.76666667,64.99537037,11.98222063,11.25699782,23.546077759999996,47.27314248,28.77448716,59.22244085,54.22011722,73.72230742,46.9630913,33.17939036,35.25834811,8.180158923,36.131565,NA,NA,NA,NA,NA
Cocopah Tribe of Arizona,0.06886356911841791,0.06118065003414985,0.02653794345555447,0.01756886546889991,9.9999999999999e-4,NA,NA,NA,NA,0.18800019662673825,0.3080002949401074,2.7199995084331547,17978897.311685953,NA,NA,NA,NA,NA,NA,NA,NA,NA,NA,NA,NA,NA,NA,NA,NA,NA,NA,NA,NA,NA,NA,NA,NA,NA,NA,NA,NA,NA,NA,NA,NA,NA,NA,NA,NA,NA,NA,NA,NA,NA,NA,NA,NA,NA,NA,NA,NA,NA,NA,NA,NA,12.18888889,12.03333333,18.27777778,21.12222222,24.52222222,29.833333329999995,32.22222222,32.2,30.76666667,21.16666667,16.2,12.34444444,21.90648148,4.818828811,8.115571452,1.037759338,4.412419341,5.288141871,3.919821425,5.736675383,5.611595139,1.611676146,7.519474716,5.945166104,5.180760347,4.933157506,16.76666667,9.9,16.5,4.544444444,2.644444444,4.755555556,15.53333333,9.388888889,7,10.97777778,8.711111111,7.033333333000001,9.47962963,15.850078860000002,11.99030859,27.24187952,6.391422203,4.711717073,12.37124803,25.86662908,10.00992563,10.29077257,12.84452975,14.15957666,12.58679864,13.69290722,NA,NA,NA,NA,NA
Kickapoo Traditional Tribe of Texas,0.31052938739397795,0.26996383122201695,0.12200661073328388,0.31052938739397795,0.1714281038658513,NA,NA,NA,NA,0.181,0.271,2.6,4633000,NA,NA,NA,NA,NA,NA,NA,NA,NA,NA,NA,NA,NA,NA,NA,NA,NA,NA,NA,NA,NA,NA,NA,NA,NA,NA,NA,NA,NA,NA,NA,NA,NA,NA,NA,NA,NA,NA,NA,NA,NA,NA,NA,NA,NA,NA,NA,NA,NA,NA,NA,NA,10.93333333,11.98888889,16.05555556,19.73333333,24.51111111,28.08888889,30.37777778,29.72222222,26.36666667,20.05555556,13.51111111,8.722222222,20.00555556,5.364932432,7.763447115,5.94077249,7.581556568000001,6.671664793,5.861621884,3.056868405,3.627594857,5.561474625,6.474973187,7.423012267,7.940053176000001,6.105664317,20.5,31.5,23.96666667,28.67777778,75.74444444,30.04444444,45.58888889,23.82222222,69.72222222,62.133333330000006,33.85555556,9.533333333,37.92407407,15.99218559,25.50524456,15.9409065,26.3955857,41.73308373,34.12719264,52.61823459,33.49461814,63.22937960000001,62.39919871,28.57105664,11.82740462,34.31950759,NA,NA,NA,NA,NA
"Wiyot Tribe, California",0.7314577451803919,0.7314577451803919,0.001,0.5253080965356206,0.5859718301202613,NA,NA,NA,NA,0.141,0.196,3.32,10777000,NA,NA,NA,NA,NA,NA,NA,NA,NA,NA,NA,NA,NA,NA,NA,NA,NA,NA,NA,NA,NA,NA,NA,NA,NA,NA,NA,NA,NA,NA,NA,NA,NA,NA,NA,NA,NA,NA,NA,NA,NA,NA,NA,NA,NA,NA,NA,NA,NA,NA,NA,NA,10.05555556,9.255555556,10.12222222,10.58888889,12.25555556,16.03333333,14.95555556,15.2,14.96666667,12.1,8.977777778,9.588888889,12.00833333,1.719092138,3.953198423999999,1.526251763,1.515292418,0.926162933,6.820740429,1.070176517,2.44744765,1.701469953,1.055935604,2.875664174,1.612796054,2.268685671,212.3222222,135.1444444,169,108.7555556,60.9,28.34444444,5.655555556,13.46666667,18.34444444,67.4,127.22222220000002,240.8666667,98.95185185,111.3542296,61.6316094,74.72691951,70.79514657,30.301278849999996,20.19994499,8.072501333,18.18522752,12.20554291,40.80824059,71.52631994,174.1716682,57.83155245,NA,NA,NA,NA,NA
Upper Skagit Indian Tribe,0.8019425015237774,0.799175798106305,0.001,0.4654981343438287,0.6126671579614353,NA,NA,NA,NA,0.118,0.172,3.37,8326000,NA,NA,NA,NA,NA,NA,NA,NA,NA,NA,NA,NA,NA,NA,NA,NA,NA,NA,NA,NA,NA,NA,NA,NA,NA,NA,NA,NA,NA,NA,NA,NA,NA,NA,NA,NA,NA,NA,NA,NA,NA,NA,NA,NA,NA,NA,NA,NA,NA,NA,NA,NA,1.477777778,3.133333333,5.044444444,9.222222222,11.47777778,14.08888889,17.02222222,16.32222222,13.22222222,9.633333333,4.277777778,1.644444444,8.880555555,3.320307884,2.527350391,2.740488602,1.121135337,1.906421896,2.236875301,1.5801722829999998,0.969249423,2.196461801,1.995620204,2.535634919,2.500055555,2.135814466,129.2,102.4222222,110.6555556,88.54444444,80.01111111,75.44444444,36.33333333,40.43333333,78.02222222,127.0555556,177,130.0555556,97.93148149,65.95894556,53.68241746,36.063766830000006,42.02886244,44.00106375,46.11892538,29.35306628,22.70038546,50.98896395,83.47694459,137.1229102,85.46614989,58.08020015,NA,NA,NA,NA,NA
"Ewiiaapaayp Band of Kumeyaay Indians, California",0.23801693281464625,0.23801693281464625,0.042106325137151,0.06452050991717734,0.08404244613811641,NA,NA,NA,NA,0.096,0.126,3.52,188159000,NA,NA,NA,NA,NA,NA,NA,NA,NA,NA,NA,NA,NA,NA,NA,NA,NA,NA,NA,NA,NA,NA,NA,NA,NA,NA,NA,NA,NA,NA,NA,NA,NA,NA,NA,NA,NA,NA,NA,NA,NA,NA,NA,NA,NA,NA,NA,NA,NA,NA,NA,NA,8.983333333000001,9.361111110999998,10.56666667,13.022222220000002,15.66111111,18.55,21.816666665,23.144444445,20.072222225,16.62777778,11.75,9.411111111,14.91388889,0.849158655,2.182591045,1.3948312429999998,1.3748439405,1.786599442,3.197667242,4.5692667160000005,2.9414867624999994,2.282240345,1.0881129985,1.4089298385,0.991167263,2.0055746245,112.10555556,86.25555555,44.11111111,29.394444445,13.22222222,2.6999999999999997,7.0555555555,14.438888885000004,7.172222222,14.1,23.32222222,32.01666667,32.15787037,100.263064525,76.04517156499999,26.59053248,27.96441939,16.744974115,3.7023613380000007,11.46872264,19.814842225000003,9.554418969,18.371126385000004,48.510879204999995,44.77916767,33.65080671,NA,NA,NA,NA,NA
"Pit River Indian Tribe of the X-L Ranch Reservation, California",0.13290532959619483,0.12742294745132446,0.00120074061037518,0.06194146578301553,0.02766079976640843,NA,NA,NA,NA,0.147,0.242,3.36,746000,NA,NA,NA,NA,NA,NA,NA,NA,NA,NA,NA,NA,NA,NA,NA,NA,NA,NA,NA,NA,NA,NA,NA,NA,NA,NA,NA,NA,NA,NA,NA,NA,NA,NA,NA,NA,NA,NA,NA,NA,NA,NA,NA,NA,NA,NA,NA,NA,NA,NA,NA,NA,-0.761111111,2.327777778,2.827777778,7.4111111115,10.144444445,15.355555555,20.07777778,18.31111111,14.205555555,9.4277777775,1.5166666665,-1.4,8.287037037000001,2.389105188,3.6066379995,1.883631368,2.114467844,1.1764474195,2.417814048,1.3820526114999998,1.1593460819999999,1.707501464,2.5361711545,2.466174123,2.6346060885,2.1228296155,61.58888889000001,29.32777778,48.066666665,33.705555555,43.472222225,22.65,12.97777778,9.0722222225,12.944444444999998,30.938888885,36.9,64.033333335,33.806481485,54.64142507,21.74523642,26.958374005000003,18.432172135,19.28299153,18.41863255,18.177290455,11.317658485,14.38303739,29.086810980000003,21.921412775,60.40217597499999,26.23060148,NA,NA,NA,NA,NA
"Habematolel Pomo of Upper Lake, California",0.34528917236516765,0.34528917236516765,0.10284021091508938,0.17321908708115366,0.1963683092903874,NA,NA,NA,NA,0.157,0.231,3.92,6666000,NA,NA,NA,NA,NA,NA,NA,NA,NA,NA,NA,NA,NA,NA,NA,NA,NA,NA,NA,NA,NA,NA,NA,NA,NA,NA,NA,NA,NA,NA,NA,NA,NA,NA,NA,NA,NA,NA,NA,NA,NA,NA,NA,NA,NA,NA,NA,NA,NA,NA,NA,NA,7.122222222,8.044444444,9.188888889,11.411111110000002,14.24444444,18.14444444,21.27777778,20.67777778,18.78888889,14.65555556,9.155555556,6.644444444,13.27962963,2.172428237,2.703290176,3.480820465,2.8264131180000005,3.31742035,3.416178827,3.028521825,3.889337276,3.790595087,2.783932071,2.250617199,2.213092356,2.989387249,229.2222222,141.7333333,140.4777778,66.44444444,55.03333333,21.85555556,7.377777778,7.222222222,17.9,44.24444444,63.23333333,183.22222220000003,81.49722222,198.8592202,118.5896918,127.8426844,46.07643408,34.312352,23.150761930000005,16.97791049,12.49247551,17.09276163,43.42151285,54.09075707,121.6712864,67.88148736,NA,NA,NA,NA,NA
"Salt River Pima-Maricopa Indian Community of the Salt River Reservation, Arizona",0.08305127180167649,0.08245910809785899,0.02842369447918791,0.02862111604740304,9.8808865652401e-4,NA,NA,NA,NA,0.121,0.172,3.15,274356000,NA,NA,NA,NA,NA,NA,NA,NA,NA,NA,NA,NA,NA,NA,NA,NA,NA,NA,NA,NA,NA,NA,NA,NA,NA,NA,NA,NA,NA,NA,NA,NA,NA,NA,NA,NA,NA,NA,NA,NA,NA,NA,NA,NA,NA,NA,NA,NA,NA,NA,NA,NA,8.994444444500001,10.705555555,13.08888889,17.361111115,21.21666667,27.144444445,31.461111110000004,29.633333334999996,26.122222225,20.583333335000003,13.77222222,8.816666667000002,19.075000000000003,4.029681862,5.641763999,3.0999812,4.494648629499999,5.6044639355,5.072694884,3.7002219424999994,2.8703676959999997,4.8759741795,3.4853338715,3.0866904705,5.3591824494999996,4.2767504265000005,54.333333335000006,46.46111111,38.01111111,12.044444446499998,10.261111109,7.550000000000002,26.733333335,46.344444445,26.866666665,33.877777779999995,42.577777774999994,16.783333329999998,30.153703705,37.289043295,47.48928903000001,26.988207169999995,10.3581569645,15.353719545,10.248124596,22.8222101,44.05754565,23.867353585,43.992372865,60.776327515,17.93369888,30.0980041,NA,NA,NA,NA,NA
San Pasqual Band of Diegueno Mission Indians of California,0.1854396071570424,0.1854396071570424,0.07343045432707454,0.07837324995521293,0.053981826810052,NA,NA,NA,NA,0.096,0.126,3.5199999999999996,188159000,NA,NA,NA,NA,NA,NA,NA,NA,NA,NA,NA,NA,NA,NA,NA,NA,NA,NA,NA,NA,NA,NA,NA,NA,NA,NA,NA,NA,NA,NA,NA,NA,NA,NA,NA,NA,NA,NA,NA,NA,NA,NA,NA,NA,NA,NA,NA,NA,NA,NA,NA,NA,8.577777778,8.933333333,10.11111111,12.11111111,14.566666669999998,18.77777778,22.48888889,22.78888889,20.12222222,16.11111111,11.43333333,8.922222222,14.5787037,1.322665659,2.328089345,1.85502321,1.199421157,1.906567596,1.220427976,0.975249256,1.735255345,1.849849844,1.494527053,1.510794493,1.511437873,1.575775734,111.8222222,91.87777778,64.63333333,39.97777778,18.28888889,4.055555556,20.17777778,25.01111111,7.555555556,17.13333333,31.36666667,38.54444444,39.2037037,101.571413,78.67372144,53.55086367,21.44048611,18.40885958,5.450484178,30.498802339999997,36.96131236,9.617056607,16.97836859,48.31627573,54.13340261,39.63342052,NA,NA,NA,NA,NA
Kootenai Tribe of Idaho,0.45485136734601034,0.4534733107375866,0.001,0.2815965295375721,0.4153210581008993,NA,NA,NA,NA,0.129,0.173,3.48,879000,NA,NA,NA,NA,NA,NA,NA,NA,NA,NA,NA,NA,NA,NA,NA,NA,NA,NA,NA,NA,NA,NA,NA,NA,NA,NA,NA,NA,NA,NA,NA,NA,NA,NA,NA,NA,NA,NA,NA,NA,NA,NA,NA,NA,NA,NA,NA,NA,NA,NA,NA,NA,-4.066666667,-1.555555556,1.233333333,7.544444444000001,8.955555556,12.81111111,17.06666667,14.77777778,10.68888889,4.966666667,-1.666666667,-5.188888889,5.463888889,3.847076812,5.091932617,2.264398375,5.444977298,1.752220813,4.716578327,3.674234614,2.040697049,1.840818055,1.809005252,5.731491952,3.758471912,3.49765859,73.88888889,60.83333333,91.28888889,43.31111111,68.82222222,79.03333333,37.82222222,44.38888889,70.3,76.01111111,80.6,95.04444444,68.44537037,51.16327893,34.0558365,57.98489985,21.50002584,36.1785426,48.09339872,21.82153625,27.056581660000003,82.79139448,44.5541088,48.72165843,66.37882025,45.02500686,NA,NA,NA,NA,NA
Saint Regis Mohawk Tribe,0.4825652028414177,0.4659480971396145,0.001,0.3024195564567248,0.3377113807108577,NA,NA,NA,NA,0.12900129323709905,0.22600452632984663,2.780038797112971,3079474.6091890344,NA,NA,NA,NA,NA,NA,NA,NA,NA,NA,NA,NA,NA,NA,NA,NA,NA,NA,NA,NA,NA,NA,NA,NA,NA,NA,NA,NA,NA,NA,NA,NA,NA,NA,NA,NA,NA,NA,NA,NA,NA,NA,NA,NA,NA,NA,NA,NA,NA,NA,NA,NA,-8.049999999999999,-7.483333333499999,-0.9444444445,5.794444444499999,12.57222222,17.16666667,20.344444445000004,19.56111111,14.805555555,8.333333333499999,2.066666667,-5.722222222,6.537037036999999,3.468966562,2.7641158715,2.1916249944999997,1.7770062195,1.6124801245000002,2.0291287995,1.4115765335,0.9684066145,1.7835103035000002,1.4443362845000003,2.4939200545,4.954744097500001,2.2416513714999997,71.994444445,62.983333335000005,66.855555555,88.694444445,67.87777777999999,105.0777778,101.122222215,95.55555555499998,112.47222220000002,114.11666664999998,87.66666667,84.59444444500001,88.25092592500002,24.520004995,22.970369495,20.876404495,33.473650635,39.385601395,49.507296114999995,25.694858665,25.483689380000005,49.00586628,54.27196011,27.66205836,35.95180369,34.066963635,NA,NA,NA,NA,NA
Poarch Band of Creek Indians,0.6542976617616825,0.42357649359602817,0.6524795218101063,0.3582589560879849,0.392946815277415,NA,NA,NA,NA,0.18725110550182864,0.2554721489437581,3.03896256792791,4046553.18112866,NA,NA,NA,NA,NA,NA,NA,NA,NA,NA,NA,NA,NA,NA,NA,NA,NA,NA,NA,NA,NA,NA,NA,NA,NA,NA,NA,NA,NA,NA,NA,NA,NA,NA,NA,NA,NA,NA,NA,NA,NA,NA,NA,NA,NA,NA,NA,NA,NA,NA,NA,NA,8.937037036,8.803703705,14.762962966666665,16.18888889,21.45185185333333,24.670370369999997,26.22222222333333,26.755555556666668,25.15925926,18.52962963,11.814814816666663,5.7740740740000005,17.422530863333332,3.525922117666666,4.924742412333333,4.362051811333334,3.729718420333333,4.198195441333333,3.555095812666667,3.123158613,3.4038887346666664,2.0155720036666667,4.227675021666666,5.462141463666667,5.529255294,4.004784761999999,124.16666666666669,110.2777778,150.22592593333334,110.31111111333334,108.42222224,108.70370369333332,103.92592592,79.22222222,96.95925924666666,99.47037037666666,95.74074074666666,78.04814814666666,105.45617283,61.573205859999995,59.21307440333334,107.28978123,80.90360606,70.64534783666666,46.9065591,77.31719647,74.8587071,58.35766056666666,86.87786913999999,70.38766391,37.23493425333333,69.29713382999999,NA,NA,NA,NA,NA
"Elk Valley Rancheria, California",0.5212795212859591,0.5212795212859591,0.001,0.3631037507378413,0.4262280079252961,NA,NA,NA,NA,0.167,0.251,3.4900000000000007,2701000,NA,NA,NA,NA,NA,NA,NA,NA,NA,NA,NA,NA,NA,NA,NA,NA,NA,NA,NA,NA,NA,NA,NA,NA,NA,NA,NA,NA,NA,NA,NA,NA,NA,NA,NA,NA,NA,NA,NA,NA,NA,NA,NA,NA,NA,NA,NA,NA,NA,NA,NA,NA,8.822222222,8.666666667,9.433333333,10.4,12.64444444,16.67777778,16.63333333,16.95555556,15.677777779999998,13.24444444,8.444444444,8.122222222,12.14351852,2.138795092,3.053686297,1.622498074,1.41509717,0.729916281,4.64133003,1.46628783,1.485859273,1.172367026,1.578853311,1.788932022,2.027792998,1.9267846170000005,243.5,162.7111111,171.6555556,108.54444440000002,69.87777778,42.98888889,6.844444444,11.56666667,24.24444444,86.45555556,167.1333333,239.47777780000004,111.25,142.7975578,71.98160259,63.71946545,53.78480526999999,41.92400201,19.57628951,6.031399322,16.9559724,15.12077305,48.11891809,65.43357319,122.8158457,55.68835037,NA,NA,NA,NA,NA
Twenty-Nine Palms Band of Mission Indians of California,0.10872940490328938,0.10653190328698164,0.05619216305112497,0.07722596789117817,0.01680953373847499,NA,NA,NA,NA,0.1028101244339758,0.14961301712939745,3.129927682614458,124371663.82552657,NA,NA,NA,NA,NA,NA,NA,NA,NA,NA,NA,NA,NA,NA,NA,NA,NA,NA,NA,NA,NA,NA,NA,NA,NA,NA,NA,NA,NA,NA,NA,NA,NA,NA,NA,NA,NA,NA,NA,NA,NA,NA,NA,NA,NA,NA,NA,NA,NA,NA,NA,NA,9.3277777755,9.5833333335,12.86666667,15.500000000000002,19.11111111,23.972222225,28.177777775,27.416666665,24.87777778,17.811111110000002,12.03333333,9.3277777765,17.500462965,1.478343103,4.4612721205,1.5687831504999998,3.0208101175,3.108152748,3.994929783,2.9126611335,2.8572870114999995,1.8697790555,3.4863841639999995,3.556178262,2.712845688,2.9189521945,68.69444444,47.11111111,25.566666670000004,18.127777775,5.3888888889999995,1.211111111,11.088888891,8.622222222,4.177777777499999,12.32222222,14.094444445,13.816666669,19.185185185,64.40103089,66.31892014,26.174578035,24.522089254999997,6.5042268305,1.9314950535,16.944529065,16.5098814,7.095795821499999,19.070234395,32.15371294,24.42379183,25.50419047,NA,NA,NA,NA,NA
Chitimacha Tribe of Louisiana,0.4979118478213117,0.49003414292465475,0.4869463271386441,0.47989474747626426,0.374092044484619,NA,NA,NA,NA,0.168,0.247,2.99,4399000,NA,NA,NA,NA,NA,NA,NA,NA,NA,NA,NA,NA,NA,NA,NA,NA,NA,NA,NA,NA,NA,NA,NA,NA,NA,NA,NA,NA,NA,NA,NA,NA,NA,NA,NA,NA,NA,NA,NA,NA,NA,NA,NA,NA,NA,NA,NA,NA,NA,NA,NA,NA,11.63333333,9.588888889,14.933333329999998,20.24444444,24.67777778,26.98888889,27.96666667,28.17777778,24.11111111,20.87777778,15.33333333,10.1,19.55277778,2.405202694,10.11996102,6.03427709,1.013793755,1.201850425,2.034357665,1.634778272,1.5658685910000003,5.395007981,1.339568753,3.889730068,4.398295124,3.419390953,105.5222222,98.15555556,142.9666667,83.56666667,110.1222222,125.8222222,150.0555556,124,92.44444444,70.32222222,106.5222222,74.94444444,107.037037,47.00640323,94.45231748,102.3269148,94.74127928,88.33891806,53.021735580000005,43.87038042,59.24128628,42.91445302,63.85988134,90.39040018,48.41892995,69.04857497,NA,NA,NA,NA,NA
"Confederated Tribes of the Goshute Reservation, Nevada and Utah",0.05817562441539475,0.05763939960429129,0.00169558279364588,0.01700558667835697,0.00821470005503103,NA,NA,NA,NA,0.11599342580600978,0.1771064496809406,3.095050601956634,671025.1448034002,NA,NA,NA,NA,NA,NA,NA,NA,NA,NA,NA,NA,NA,NA,NA,NA,NA,NA,NA,NA,NA,NA,NA,NA,NA,NA,NA,NA,NA,NA,NA,NA,NA,NA,NA,NA,NA,NA,NA,NA,NA,NA,NA,NA,NA,NA,NA,NA,NA,NA,NA,NA,-0.8111111113333334,1.4481481483333334,3.559259259666667,7.9,12.05925926,17.537037036666668,22.881481480000005,22.540740739999997,16.166666666666664,9.337037037333332,1.862962963,-2.648148148,9.319444445666669,3.916010996,4.309961475666666,1.6271584116666669,2.044970906333333,2.2506854093333337,2.161445206,2.8770561360000007,3.2652271033333333,1.7638006296666668,2.2084795103333335,3.831449208,3.370916021,2.802263418,24.51111111,33.95555555666667,29.374074073333336,32.77037037,49.333333333333336,24.288888890000003,10.218518518666668,13.114814817333333,18.25925926,20.622222223333335,39.62222222333333,20.15925926,26.352469136666667,16.376654083333335,41.44457803,14.422099546666669,19.403421556666668,37.03330316,25.622839063333338,9.160438003333333,13.793277103333336,11.76308421,13.631642417666669,61.31510945666667,17.87579299,23.486853303333337,NA,NA,NA,NA,NA
"Chemehuevi Indian Tribe of the Chemehuevi Reservation, California",0.01703808077853487,0.01347810596913426,0.00591953829877736,0.01067383784398132,9.9999999999999e-4,NA,NA,NA,NA,0.107,0.155,3.1,120508000,NA,NA,NA,NA,NA,NA,NA,NA,NA,NA,NA,NA,NA,NA,NA,NA,NA,NA,NA,NA,NA,NA,NA,NA,NA,NA,NA,NA,NA,NA,NA,NA,NA,NA,NA,NA,NA,NA,NA,NA,NA,NA,NA,NA,NA,NA,NA,NA,NA,NA,NA,NA,9.033333333,9.5055555555,15.044444444999998,17.21666667,22.05555556,28.13888889,31.505555554999997,30.833333335,28.03333333,19.383333335,12.81111111,9.4055555555,19.41388889,4.4609368865,6.644186241499999,1.256960134,4.9333887135,4.8991916125,3.0619771580000004,3.847140606,3.4066186665,1.7905590690000002,4.5107912484999995,4.333976383,4.536722944,3.973537472,35.511111115,23.26111111,18.15,7.522222222499999,2.8277777779999997,3.827777778,8.8388888885,11.477777775000002,12.094444445,18.84444444,27.76111111,6.950000000000001,14.755555555,25.60315015,25.731306535000005,11.526437335,6.5396114185,5.358047587500001,5.3316957905,12.706050505,9.939486579,14.742058715000002,29.52546897,51.858694275,12.0985345,17.580045195,NA,NA,NA,NA,NA
"Little Traverse Bay Bands of Odawa Indians, Michigan",0.4448683981070908,0.3894320993557028,0.001,0.3132878975304835,0.4446460554107908,NA,NA,NA,NA,0.12037408669262928,0.1306259133073707,3.0942291785951515,2002508.645642575,NA,NA,NA,NA,NA,NA,NA,NA,NA,NA,NA,NA,NA,NA,NA,NA,NA,NA,NA,NA,NA,NA,NA,NA,NA,NA,NA,NA,NA,NA,NA,NA,NA,NA,NA,NA,NA,NA,NA,NA,NA,NA,NA,NA,NA,NA,NA,NA,NA,NA,NA,NA,-7.561111110750001,-8.01388888875,-1.23333333375,5.4694444445,11.994444445,16.797222225000002,19.4166666675,19.1972222225,14.441666665,7.949999999750001,1.90277777775,-5.8694444445,6.207638889,2.5145165604999997,3.14733980625,2.67214161875,1.84272985875,1.5353405509999998,2.0875833185,1.48517169875,1.40711884525,1.9029706075,2.047207458,2.28707624825,3.66674546625,2.2163285032499997,55.46111111000001,35.105555557500004,40.94166666500001,63.563888889999994,70.81944444250001,108.208333325,77.61388889,90.383333335,96.0000000125,73.219444445,76.53333333249999,63.36388889,70.93449074,21.792295642499997,26.876210589999996,25.296443582500004,34.55490653,23.013142095,68.39996063,26.3423910575,30.844818695000004,31.4082319725,32.3242096875,34.092848554999996,29.2723779675,32.0181530825,NA,NA,NA,NA,NA
"Lookout Rancheria of Pit River Indians, California",0.20735959790388395,0.20735959790388395,0.001,0.10800085398239316,0.05252624409633063,NA,NA,NA,NA,0.147,0.242,3.359999999999999,746000,NA,NA,NA,NA,NA,NA,NA,NA,NA,NA,NA,NA,NA,NA,NA,NA,NA,NA,NA,NA,NA,NA,NA,NA,NA,NA,NA,NA,NA,NA,NA,NA,NA,NA,NA,NA,NA,NA,NA,NA,NA,NA,NA,NA,NA,NA,NA,NA,NA,NA,NA,NA,0.844444444,3.322222222,4.533333333,8.566666667,11.51111111,16.62222222,20.87777778,19.48888889,15.64444444,11.48888889,3.666666666999999,1.166666667,9.811111111,1.593824889,2.97396107,1.392838828,1.856744463,1.415489707,2.003607857,1.695418663,1.700326766,1.186498115,2.328327965,2.321637353,3.299242337,1.980659834,122.3222222,79.13333333,86.92222222,45.3,50.46666667,24.28888889,14.38888889,16.65555556,11.12222222,37.54444444,49.83333333,121.3888889,54.94722222,104.6528759,74.76717194,88.16465814,34.75636632,26.23685385,23.32082998,21.80839543,22.06593025,15.732750700000002,33.75907697,37.28954277,123.7517216,50.52551449,NA,NA,NA,NA,NA
"Pueblo of Cochiti, New Mexico",0.09769643806894764,0.09763040570135706,0.0012152069448398,0.04963762379874191,0.01290119233587767,NA,NA,NA,NA,0.11861437483516096,0.19576168242602923,3.217712503296781,9166078.992654324,NA,NA,NA,NA,NA,NA,NA,NA,NA,NA,NA,NA,NA,NA,NA,NA,NA,NA,NA,NA,NA,NA,NA,NA,NA,NA,NA,NA,NA,NA,NA,NA,NA,NA,NA,NA,NA,NA,NA,NA,NA,NA,NA,NA,NA,NA,NA,NA,NA,NA,NA,NA,0.8333333330000001,1.888888889,5.244444444,8.2,13.51111111,19.67777778,22.02222222,21.02222222,17.3,11.43333333,3.7,0.177777778,10.41759259,2.909896905,4.133837335,2.884489171,1.201041215,2.94000189,2.374751449,2.924370778,3.4481073710000003,2.524876235,2.768122107,1.6673331999999998,3.051138221,2.735663823,30.58888889,28.66666667,39.36666667,31.466666669999995,25.14444444,26.344444439999997,48.15555556,43.71111111,53.64444444,44.04444444,20.66666667,18.85555556,34.2212963,11.92428661,15.17703858,18.5815769,16.03332467,12.295538939999998,15.33966355,29.77919203,24.98481761,33.47738457,40.46875681,18.12960286,17.05960954,21.10423272,NA,NA,NA,NA,NA
Eastern Shawnee Tribe of Oklahoma,0.37565468621137815,0.31110378365658464,0.3320974931560824,0.28628595259188727,0.3637429156021615,NA,NA,NA,NA,0.17,0.264,2.98,2716000,NA,NA,NA,NA,NA,NA,NA,NA,NA,NA,NA,NA,NA,NA,NA,NA,NA,NA,NA,NA,NA,NA,NA,NA,NA,NA,NA,NA,NA,NA,NA,NA,NA,NA,NA,NA,NA,NA,NA,NA,NA,NA,NA,NA,NA,NA,NA,NA,NA,NA,NA,NA,2.366666667,4.044444444,10.13333333,14.76666667,19.06666667,24.655555560000003,27.03333333,26.93333333,22.76666667,15.62222222,9.455555556,2.644444444,14.95740741,2.752271789,2.831126592,1.393735986,1.220655562,0.916515139,1.460403293,1.5337861649999998,1.503329638,1.607793519,1.170232645,2.295163998,3.22765825,1.826056048,70.84444444,67.93333333,110.9555556,99.27777778,181.7666667,125.4333333,85.38888889,83.27777778,101.5,81.12222222,91.97777778,75.38888889,97.90555556,45.5720888,47.98484135999999,54.46395852,41.91061255,82.35030358,47.23314514,55.21570077,62.81589723,51.08125879,60.68959503000001,80.40044741,74.14164559,58.6549579,NA,NA,NA,NA,NA
"Yavapai-Apache Nation of the Camp Verde Indian Reservation, Arizona",0.16134278633200064,0.13622738731619685,0.1262356679971649,0.10770261960754152,0.03964780661870467,NA,NA,NA,NA,0.139,0.207,3.32,17492000,NA,NA,NA,NA,NA,NA,NA,NA,NA,NA,NA,NA,NA,NA,NA,NA,NA,NA,NA,NA,NA,NA,NA,NA,NA,NA,NA,NA,NA,NA,NA,NA,NA,NA,NA,NA,NA,NA,NA,NA,NA,NA,NA,NA,NA,NA,NA,NA,NA,NA,NA,NA,5.5333333335,5.1222222225,10.883333334999998,13.1,17.744444445,24.227777779999997,28.022222220000003,26.377777775,23.77222222,15.316666664999998,8.25,5.088888889000001,15.286574075,2.6088386879999996,4.9037692075,2.8963251475000003,2.5196212305,4.9595418095,2.9612938229999997,1.6988265285,3.5599838205,3.1050755034999997,1.944089021,3.585507795,4.354060669,3.2580777705,69.98888888999998,68.75,42.233333335000005,26.316666665,13.316666665,7.022222222000001,42.166666665,44.28888889,26.227777779999997,38.966666669999995,35.744444445,19.227777775,36.1875,45.952746039999994,50.788633014999995,17.076993705,13.935426865,13.489233830000002,8.471273769,37.604045995,28.704780215000003,31.104930175000003,38.419627115,57.941753515,24.558292935,30.670644764999995,NA,NA,NA,NA,NA
Onondaga Nation,0.4737660938171916,0.43444668571885176,0.001,0.4022737652642079,0.4658363535325869,NA,NA,NA,NA,0.11,0.186,3.06,26439000,NA,NA,NA,NA,NA,NA,NA,NA,NA,NA,NA,NA,NA,NA,NA,NA,NA,NA,NA,NA,NA,NA,NA,NA,NA,NA,NA,NA,NA,NA,NA,NA,NA,NA,NA,NA,NA,NA,NA,NA,NA,NA,NA,NA,NA,NA,NA,NA,NA,NA,NA,NA,-4.411111111,-5.122222222,1.511111111,7.377777778,13.53333333,18.62222222,21.08888889,20.71111111,16.27777778,10.03333333,4.2,-3.111111111,8.392592592,2.702519401,2.991144337,2.12746589,1.7526963350000002,1.47817455,1.691728242,1.6003471850000002,1.09138037,1.370928315,1.325707358,1.812456896,3.1322693230000005,1.923068184,69.43333333,58.67777778,61.01111111,72.38888889,90.57777778,108.78888890000002,80.13333333,81.2,79.7,118.9666667,85.93333333,76.34444444,81.92962963,27.289924880000004,30.03617726,30.95942685,26.46013248,56.04388409,37.33930384,12.213005360000002,29.03807845,16.92852622,42.50635247,31.90305628,38.0830051,31.566739440000003,NA,NA,NA,NA,NA
Nooksack Indian Tribe,0.6558713371574396,0.6015476907265896,0.001,0.5175457942378059,0.6558713371574396,NA,NA,NA,NA,0.118,0.164,3.56,15414000,NA,NA,NA,NA,NA,NA,NA,NA,NA,NA,NA,NA,NA,NA,NA,NA,NA,NA,NA,NA,NA,NA,NA,NA,NA,NA,NA,NA,NA,NA,NA,NA,NA,NA,NA,NA,NA,NA,NA,NA,NA,NA,NA,NA,NA,NA,NA,NA,NA,NA,NA,NA,2.811111111,3.222222222,6.655555556,8.9,11.63333333,14.23333333,16.38888889,16.46666667,14.4,9.388888889,3.144444444,2.5,9.14537037,2.609810551,2.24987654,1.511713524,1.91637679,1.238951169,1.219631092,2.074514669,0.841130192,1.311487705,2.446142087,4.472446509,2.308137778,2.016684884,155.9,103.6444444,120.8,86.64444444,79.6,78.67777778,37.62222222,46.58888889,84.85555556,132.6666667,177.8,169.7666667,106.2138889,82.94419811,51.32187913,25.32775158,44.18594548,47.05677422,44.51254817,28.61248756,16.96227022,43.73537216,78.36931798,136.0239777,62.09645723,55.0957483,NA,NA,NA,NA,NA
Sycuan Band of the Kumeyaay Nation,0.14961183496558733,0.14961183496558733,0.03853046728240777,0.05393538059630003,0.03719346622261332,NA,NA,NA,NA,0.096,0.126,3.5199999999999996,188159000,NA,NA,NA,NA,NA,NA,NA,NA,NA,NA,NA,NA,NA,NA,NA,NA,NA,NA,NA,NA,NA,NA,NA,NA,NA,NA,NA,NA,NA,NA,NA,NA,NA,NA,NA,NA,NA,NA,NA,NA,NA,NA,NA,NA,NA,NA,NA,NA,NA,NA,NA,NA,10.31111111,9.855555556,11.48888889,13.02222222,15.3,18.22222222,21.34444444,22.36666667,20.11111111,16.58888889,12.82222222,10.62222222,15.1712963,1.971322173,3.198089708,1.97258995,0.824284201,0.815475322,1.488940712,2.613480013,1.542724862,1.072898463,1.939358428,1.359942809,1.350719973,1.679152218,144.9888889,122.1555556,60.52222222,36.15555556,15.13333333,3.711111111,5.766666667,11.08888889,6.788888889,16.06666667,29.23333333,40.76666667,41.03148149,129.7307832,101.0686785,36.89152266,29.57507866,16.98683314,5.329034726,8.542686931,19.05560577,9.936730403,22.85278976,56.57877252,62.60748757,41.59633365,NA,NA,NA,NA,NA
Quartz Valley Indian Community of the Quartz Valley Reservation of California,0.3620092051269354,0.3620092051269354,0.03466452027778223,0.23626810908522097,0.1420397522657687,NA,NA,NA,NA,0.161,0.24699999999999997,3.48,4120000.000000001,NA,NA,NA,NA,NA,NA,NA,NA,NA,NA,NA,NA,NA,NA,NA,NA,NA,NA,NA,NA,NA,NA,NA,NA,NA,NA,NA,NA,NA,NA,NA,NA,NA,NA,NA,NA,NA,NA,NA,NA,NA,NA,NA,NA,NA,NA,NA,NA,NA,NA,NA,NA,3.522222222,4.233333333,5.333333333,8.255555556,11.03333333,14.73333333,17.88888889,18.44444444,14.64444444,10.5,4.333333333,3.011111111,9.66111111,2.54400166,2.75635629,1.697792685,1.649326462,1.336038922,2.275412051,3.971915295,2.573961495,2.119027555,0.957862203,2.114237451,2.690466709,2.223866565,134.6888889,71.44444444,82.51111111,72.96666667,47.37777778,20.42222222,25.02222222,5.811111111,15.56666667,42.13333333,83.9,177.5555556,64.95,87.22321142,33.42073126,50.72202294,42.05433985,43.18262897,15.56420395,15.83775377,7.411552544000001,14.12603978,32.87202458,59.10636599,137.7350546,44.93799414,NA,NA,NA,NA,NA
"Wichita and Affiliated Tribes (Wichita, Keechi, Waco, & Tawakonie), Oklahoma",0.4734490727165672,0.41722883893314566,0.33910725470933567,0.4600208534027304,0.4173281132535155,NA,NA,NA,NA,0.13950586545469332,0.20493903325398105,3.1312157708133945,2504447.4904753333,NA,NA,NA,NA,NA,NA,NA,NA,NA,NA,NA,NA,NA,NA,NA,NA,NA,NA,NA,NA,NA,NA,NA,NA,NA,NA,NA,NA,NA,NA,NA,NA,NA,NA,NA,NA,NA,NA,NA,NA,NA,NA,NA,NA,NA,NA,NA,NA,NA,NA,NA,NA,4.22902821645569,6.169473961654031,11.242138677003028,15.877154683509223,20.69546550921191,26.37009705339161,28.594460704477793,28.510488019241773,24.25893116417716,17.11834334105945,10.372959127733044,4.222516635057595,16.471754755914937,2.0136942287220863,2.676454724859018,1.195742801086403,1.1738521818612049,1.182423591159183,1.5551662150721413,1.3448349021995711,1.3171098294719674,1.535386273739504,1.125741899637508,2.0014164215768315,2.356099915438434,1.6231602486997587,40.177784537980614,38.221667429019206,71.68273326023508,71.1270201248398,126.80020513332468,115.28929964434909,76.53867553773325,58.32641603314283,69.30363901642947,71.80548626469925,36.93743984250475,33.35195558278765,67.4635268670973,19.63622059346265,32.00858684012979,43.42808246627799,33.931896694267145,92.74228304992788,59.020505028194066,55.16751687007175,43.837102420830355,48.49753981502022,55.58059048503208,38.85068636416469,26.75465613664174,45.787972230607075,NA,NA,NA,NA,NA
Kletsel Dehe Wintun Nation of the Cortina Rancheria,0.15537208625193408,0.15537208625193408,0.05453522644120772,0.05366233134537551,0.04819601598387381,NA,NA,NA,NA,0.138,0.231,3.36,1675000,NA,NA,NA,NA,NA,NA,NA,NA,NA,NA,NA,NA,NA,NA,NA,NA,NA,NA,NA,NA,NA,NA,NA,NA,NA,NA,NA,NA,NA,NA,NA,NA,NA,NA,NA,NA,NA,NA,NA,NA,NA,NA,NA,NA,NA,NA,NA,NA,NA,NA,NA,NA,7.455555555999999,8.688888889,10.36666667,12.67777778,15.75555556,20.63333333,23.1,22.21111111,20.27777778,15.86666667,9.855555556,7,14.49074074,1.230966197,2.867683928,1.391941091,2.439148303,1.967302157,1.592168333,1.46628783,1.326126356,1.262713128,2.583118271,2.196651492,1.836436767,1.846711988,152.7444444,93.18888889,78.66666667,31.8,28.83333333,10.34444444,7.277777778,6.377777778,9.977777778,21.11111111,33.92222222,106.8777778,48.42685185,128.9432929,76.82383166,65.97249427,29.17507498,20.23326469,12.55210252,18.65340303,14.4717637,10.51817211,28.88453065,34.56004839,64.95746258,42.14545346,NA,NA,NA,NA,NA
"Augustine Band of Cahuilla Indians, California",0.07285113573560281,0.07285113573560281,0.01773601328491081,0.05302767431554013,0.001,NA,NA,NA,NA,0.1,0.146,3.15,126963000,NA,NA,NA,NA,NA,NA,NA,NA,NA,NA,NA,NA,NA,NA,NA,NA,NA,NA,NA,NA,NA,NA,NA,NA,NA,NA,NA,NA,NA,NA,NA,NA,NA,NA,NA,NA,NA,NA,NA,NA,NA,NA,NA,NA,NA,NA,NA,NA,NA,NA,NA,NA,10.9,9.577777778,14.23333333,16.45555556,19.9,25.64444444,28.87777778,28.03333333,26,17.63333333,13.14444444,11.1,18.45833333,0.86890736,7.611960618,1.310534242,3.66371093,3.173326331,1.64629213,2.602295995,3.069201851,1.430908802,6.257595385,3.76467499,1.719011344,3.093201665,46.16666667,29.57777778,26.84444444,7.233333333,5.966666667,0.555555556,8.455555556,6.977777778,6.177777778,12.38888889,11.05555556,17.21111111,14.88425926,50.59802368,49.76833275,31.777866159999995,7.514818694,11.88991169,1.170588646,14.303767959999998,12.70332415,10.92997916,19.86595357,29.9933789,29.99651832,22.54270531,NA,NA,NA,NA,NA
Absentee-Shawnee Tribe of Indians of Oklahoma,0.3925058235224011,0.35440040357290725,0.2470024991713437,0.3714633459337375,0.3427926583839126,NA,NA,NA,NA,0.1421748006607749,0.2087522595401262,3.014256144651789,12483986.71778142,NA,NA,NA,NA,NA,NA,NA,NA,NA,NA,NA,NA,NA,NA,NA,NA,NA,NA,NA,NA,NA,NA,NA,NA,NA,NA,NA,NA,NA,NA,NA,NA,NA,NA,NA,NA,NA,NA,NA,NA,NA,NA,NA,NA,NA,NA,NA,NA,NA,NA,NA,NA,4.9155555556,6.671111111,12.04888889,16.508888889999998,21.073333334,26.26888889,28.493333334,28.82,24.62888889,17.511111112,11.293333334,4.8466666666,16.923333332000002,2.260850818,2.6470933796,1.3044560762,1.021678284,0.9177624378,1.4630155448,1.230204403,1.3017814736,1.3893157237999998,1.1258270404,2.0179717056,2.6667628666,1.6122266464,65.27555555600001,52.831111111999995,99.913333328,95.224444436,164.94444444,128.19555556000003,85.78888888799999,62.444444444000005,100.046666666,89.30444444800001,61.08666666799999,53.171111112000006,88.185555554,26.601387185999997,34.237215002,66.833273582,61.378323206,97.586138056,62.326650097999995,57.92225945199999,51.43910103,54.546235134,73.791014862,52.067929766,35.058359076,56.14899053800001,NA,NA,NA,NA,NA
Fort Bidwell Indian Community of the Fort Bidwell Reservation of California,0.13526750836533877,0.13479340463647094,0.00144459813783362,0.03244965239112717,0.00650010938144826,NA,NA,NA,NA,0.147,0.242,3.36,746000,NA,NA,NA,NA,NA,NA,NA,NA,NA,NA,NA,NA,NA,NA,NA,NA,NA,NA,NA,NA,NA,NA,NA,NA,NA,NA,NA,NA,NA,NA,NA,NA,NA,NA,NA,NA,NA,NA,NA,NA,NA,NA,NA,NA,NA,NA,NA,NA,NA,NA,NA,NA,-1.3,2.333333333,2.9777777780000005,8.1,11.07777778,15.877777780000002,19.97777778,19.33333333,14.48888889,9.033333333,2,-0.844444444,8.587962963,2.257764381,4.432550056,2.168396745,3.36043152,2.901197071,3.583914682,1.114425612,2.334523506,2.037427572,2.165063509,2.6019223659999997,3.1839877159999994,2.678467061,48.44444444,24.85555556,35.12222222,26.23333333,42.84444444,19.42222222,14.522222219999998,8.288888889,13.17777778,27.633333330000003,29.48888889,61.17777778,29.267592590000003,50.21217758,18.84655878,20.81182223,16.90961265,20.03216857,16.49149613,26.01786779,9.361015496,14.47530464,27.397490760000004,24.11402312,52.96087655,24.80253452,NA,NA,NA,NA,NA
"Pit River Tribe, California (includes XL Ranch, Big Bend, Likely, Lookout, Montgomery Creek, and Roaring Creek Rancherias)",0.117,0.117,0.001,0.021,0.001,NA,NA,NA,NA,0.147,0.242,3.36,746000,NA,NA,NA,NA,NA,NA,NA,NA,NA,NA,NA,NA,NA,NA,NA,NA,NA,NA,NA,NA,NA,NA,NA,NA,NA,NA,NA,NA,NA,NA,NA,NA,NA,NA,NA,NA,NA,NA,NA,NA,NA,NA,NA,NA,NA,NA,NA,NA,NA,NA,NA,NA,-0.944444444,2.166666667,2.677777778,7.555555556,10.64444444,15.51111111,20.04444444,18.87777778,14.02222222,8.1,1.344444444,-1.122222222,8.239814814,2.601014759,4.665297418,2.295527052,3.56900235,3.110108966,3.743809706,1.841270696,2.606615515,2.101057935,1.57718103,2.348995057,2.805253009,2.772094458,61.68888889,31.74444444,40.95555556,25.36666667,43.01111111,19.08888889,14.42222222,11.4,10.04444444,27.92222222,34.84444444,72,32.70740741,62.67133405,25.30479752,28.32918597,16.51627985,21.61379446,17.38271012,26.30426666,13.32469512,12.61617128,29.79533427,22.64365867,66.95156832,28.62114969,NA,NA,NA,NA,NA
"Capitan Grande Band of Diegueno Mission Indians of California: Barona Group of Capitan Grande Band of Mission Indians of the Barona Reservation, California",0.18962657323832147,0.18962657323832147,0.08803355342728918,0.10251808636261577,0.06655950531032237,NA,NA,NA,NA,0.096,0.126,3.52,188159000,NA,NA,NA,NA,NA,NA,NA,NA,NA,NA,NA,NA,NA,NA,NA,NA,NA,NA,NA,NA,NA,NA,NA,NA,NA,NA,NA,NA,NA,NA,NA,NA,NA,NA,NA,NA,NA,NA,NA,NA,NA,NA,NA,NA,NA,NA,NA,NA,NA,NA,NA,NA,9.944444444,9.555555556,11.48888889,12.96666667,15.455555560000002,19.4,22.6,22.64444444,20.87777778,16.43333333,12.64444444,10.24444444,15.35462963,1.343606258,3.391574528,1.97258995,1.443086969,1.42663162,1.566045976,1.27377392,1.238054029,1.951779815,2.871410803,1.191754076,0.8790778,1.712448812,144.9888889,122.1555556,63.311111110000006,36.9,16.17777778,3.766666666999999,6.966666667,11.8,6.122222222,16.51111111,31.42222222,41.44444444,41.79722223,129.7307832,101.0686785,34.69425185,28.896799130000005,18.46786248,5.298584717,11.10529153,18.84071389,8.122311521,22.70597083,56.47518875000001,62.50442207,41.49257154,NA,NA,NA,NA,NA
"Pueblo of Nambe, New Mexico",0.07187344108901458,0.06931300746791794,0.0018015412954976,0.04666789319263828,0.01595224240828799,NA,NA,NA,NA,0.107,0.177,3.45,9326000,NA,NA,NA,NA,NA,NA,NA,NA,NA,NA,NA,NA,NA,NA,NA,NA,NA,NA,NA,NA,NA,NA,NA,NA,NA,NA,NA,NA,NA,NA,NA,NA,NA,NA,NA,NA,NA,NA,NA,NA,NA,NA,NA,NA,NA,NA,NA,NA,NA,NA,NA,NA,-1.622222222,0.622222222,2.911111111,7.188888889,11.51111111,16.84444444,20.52222222,18.73333333,15.17777778,9.944444444,4.4,-0.977777778,8.771296296,1.878016093,5.384416816,2.921662388,3.847870984,2.509703391,1.772788137,5.532128383,3.821648859,2.412352471,3.949718696,4.315379473,1.857268006,3.350246141,32.52222222,28.91111111,48.72222222,30.13333333,34.07777778,36.35555556,62.06666667,51.21111111,53.9,35.3,23.53333333,21.33333333,38.17222222,15.558420370000002,19.62418434,27.8688795,14.06716034,18.78515223,23.98447994,40.21756457,29.88780874,34.75766103,37.19573228,21.47347201,20.1156034,25.29467656,NA,NA,NA,NA,NA
Ak-Chin Indian Community,0.09696328704028948,0.09089887126088989,0.0647588197936755,0.03960832164565227,9.9999999999999e-4,NA,NA,NA,NA,0.127,0.193,2.96,26784000,NA,NA,NA,NA,NA,NA,NA,NA,NA,NA,NA,NA,NA,NA,NA,NA,NA,NA,NA,NA,NA,NA,NA,NA,NA,NA,NA,NA,NA,NA,NA,NA,NA,NA,NA,NA,NA,NA,NA,NA,NA,NA,NA,NA,NA,NA,NA,NA,NA,NA,NA,NA,10.99259259,9.974074075333332,16.096296296666665,18.103703703333338,23.385185186666664,29.085185183333333,31.718518516666663,30.825925926666663,29.466666666666665,21.403703706666665,13.62222222,10.951851853333332,20.46882716,3.767251735666666,7.757726862666666,1.9302130756666669,5.904673274666665,4.961871588,4.158935900666667,4.598054333666665,3.978061454333333,2.4213274639999995,4.734332726666667,6.174512506999999,5.068659651333332,4.621301714333333,29.662962963333328,23.68518518666667,27.188888886666664,7.807407406666666,3.085185185,5.32962963,18.48888889,40.39259259333333,19.307407403333332,22.47037037,18.73333333333333,13.499999996666665,19.137654319999996,16.179702696666666,20.305916039999996,21.64773994333333,7.195125769666666,5.700780307333332,9.252924900666663,17.167941133333333,42.60739609666667,20.30365555,29.689016403333333,20.872359966666668,13.051958486666663,18.664543109999997,NA,NA,NA,NA,NA
"Cachil DeHe Band of Wintun Indians of the Colusa Indian Community of the Colusa Rancheria, California",0.3997081209996765,0.3997081209996765,0.3805062713811738,0.3325438030012406,0.13515716192333865,NA,NA,NA,NA,0.138,0.231,3.36,1675000,NA,NA,NA,NA,NA,NA,NA,NA,NA,NA,NA,NA,NA,NA,NA,NA,NA,NA,NA,NA,NA,NA,NA,NA,NA,NA,NA,NA,NA,NA,NA,NA,NA,NA,NA,NA,NA,NA,NA,NA,NA,NA,NA,NA,NA,NA,NA,NA,NA,NA,NA,NA,7.977777777999999,9.844444444,10.93333333,13.75555556,16.68888889,21.44444444,22.75555556,23.12222222,20.38888889,17.31111111,10.51111111,7.588888889,15.19351852,1.388144245,1.26995188,1.316244658,1.498425099,1.001803928,2.979979493,2.048237725,2.19361447,1.166666667,1.5519700740000002,1.608139021,1.759576969,1.6485628519999995,155.9666667,96.75555556,80.44444444,35.87777778,26.82222222,10.92222222,3.1111111109999996,5.911111110999999,10.37777778,23.87777778,39.3,111.4,50.06388889,127.115479,73.62216227,65.18886238,29.24473362,18.82231241,12.21830366,5.778287905,9.382889273,10.17703024,27.72610583,37.94818836,64.93490972,40.17993872,NA,NA,NA,NA,NA
Cahto Tribe of the Laytonville Rancheria,0.6222355538541616,0.5757725298427234,0.4644752668249636,0.3757493150877616,0.561398138871163,NA,NA,NA,NA,0.135,0.194,3.53,7022000.000000001,NA,NA,NA,NA,NA,NA,NA,NA,NA,NA,NA,NA,NA,NA,NA,NA,NA,NA,NA,NA,NA,NA,NA,NA,NA,NA,NA,NA,NA,NA,NA,NA,NA,NA,NA,NA,NA,NA,NA,NA,NA,NA,NA,NA,NA,NA,NA,NA,NA,NA,NA,NA,7.2,7.300000000000001,7.866666667,9.7166666655,12.544444445,16.5,17.938888889999998,18.116666665,16.06111111,13.033333335000002,7.749999999999999,6.755555555500001,11.731944445,1.3769190999999998,3.7520923955,1.3203745315,1.601148392,1.5560741215,2.604735595,2.104421505,1.5736200825,1.880636278,1.5808742430000002,1.627653092,1.8508768935,1.9024521855,235.2,172.52777780000002,166.1722222,92.400000005,66.205555555,21.133333335,9.0222222225,6.8388888885,12.138888885,65.03888889000001,94.28888888500002,253.8777778,99.57037037,170.41452555,118.04738425000002,117.45663160000002,65.71740308,45.302633315,20.68436852,12.18192117,10.814850985,10.7691350125,58.41677661,69.98532851,201.36753325,75.096540985,NA,NA,NA,NA,NA
"Yocha Dehe Wintun Nation, California",0.3905427001949225,0.3905427001949225,0.2944351551187537,0.2810428824304259,0.20501945584717887,NA,NA,NA,NA,0.106,0.136,3.53,13583000,NA,NA,NA,NA,NA,NA,NA,NA,NA,NA,NA,NA,NA,NA,NA,NA,NA,NA,NA,NA,NA,NA,NA,NA,NA,NA,NA,NA,NA,NA,NA,NA,NA,NA,NA,NA,NA,NA,NA,NA,NA,NA,NA,NA,NA,NA,NA,NA,NA,NA,NA,NA,7.422222222,9.088888889,10,12.88888889,15.68888889,19.57777778,21.57777778,21.78888889,19.36666667,16.06666667,9.788888889,6.966666666999999,14.185185190000002,1.331144036,1.46496113,1.2509996,1.427799395,1.345775283,1.221451777,0.8074307679999999,2.340109209,1.181101181,0.830662386,2.117453922,1.860107524,1.431583018,194.7888889,140.4444444,114.0222222,42.12222221999999,32.08888889,12.499999999999998,7.022222221999999,12.58888889,7.388888889,31.44444444,48.5,169.9666667,67.73981481,156.4290689,115.0468721,94.01377263,35.37254507,23.97094306,17.6276771,13.598233139999998,33.4900151,8.020356046,44.48946817,52.20059866,139.1094533,61.11408361,NA,NA,NA,NA,NA
Tuscarora Nation,0.6459189806847755,0.6017824921352349,0.001,0.6036640094358371,0.6030610142661671,NA,NA,NA,NA,0.11400000000000002,0.19900000000000004,2.9999999999999996,12258000,NA,NA,NA,NA,NA,NA,NA,NA,NA,NA,NA,NA,NA,NA,NA,NA,NA,NA,NA,NA,NA,NA,NA,NA,NA,NA,NA,NA,NA,NA,NA,NA,NA,NA,NA,NA,NA,NA,NA,NA,NA,NA,NA,NA,NA,NA,NA,NA,NA,NA,NA,NA,-3.411111111,-4.055555556,1.666666667,7.666666666999999,13.77777778,18.6,21.48888889,21.33333333,17.15555556,10.44444444,5.044444444,-1.866666667,8.987037037,2.63364977,3.0356675999999996,2.564176281,1.655294536,1.6083980990000002,1.711724277,1.214953131,1.21449578,1.173787791,1.113677591,1.515842267,3.1591138000000005,1.88339841,66.04444444,52.011111109999995,56.38888889,63.43333333,74.34444444,105.7666667,67.95555556,73.64444444,80.14444444,99.72222222,81.37777778,81.51111111,75.19537037,25.12141074,28.7869521,32.46072413,27.0777584,31.91524366,50.46045481,21.37750635,23.72204202,17.7217459,31.73014252,53.20840577,41.89697019,32.12327972,NA,NA,NA,NA,NA
Yavapai-Prescott Indian Tribe,0.18684301954450072,0.18684301954450072,0.03266324078210712,0.17071610059420883,0.06764057361514746,NA,NA,NA,NA,0.139,0.207,3.3200000000000003,17492000,NA,NA,NA,NA,NA,NA,NA,NA,NA,NA,NA,NA,NA,NA,NA,NA,NA,NA,NA,NA,NA,NA,NA,NA,NA,NA,NA,NA,NA,NA,NA,NA,NA,NA,NA,NA,NA,NA,NA,NA,NA,NA,NA,NA,NA,NA,NA,NA,NA,NA,NA,NA,5.2,5.1,9.933333333,13.17777778,17.31111111,23.41111111,26.67777778,25.57777778,22.64444444,13.78888889,7.900000000000001,5.633333333,14.6962963,1.870160421,5.174939613,1.317193987,2.504385043,2.681624715,1.46922126,1.788000124,1.878681571,1.416078309,4.825568475,5.472659317,2.69026021,2.757397754,66.37777778,64.54444444,45.53333333,25.84444444,14.47777778,9.211111111,45.93333333,43.08888889,23.46666667,38.15555556,21.42222222,18.57777778,34.71944444,43.38276668,48.42780996,11.34559386,18.18379162,14.17654558,12.44090475,28.23543873,28.14144828,27.42293748,35.08824985,32.32003163,23.54759955,26.89275983,NA,NA,NA,NA,NA
"Pueblo of Pojoaque, New Mexico",0.06704776106467285,0.06698217339091614,0.00202017884825302,0.02708971893055371,0.0027085772046096,NA,NA,NA,NA,0.10700003620563887,0.17700010409121175,3.4499983254892026,9325968.473939965,NA,NA,NA,NA,NA,NA,NA,NA,NA,NA,NA,NA,NA,NA,NA,NA,NA,NA,NA,NA,NA,NA,NA,NA,NA,NA,NA,NA,NA,NA,NA,NA,NA,NA,NA,NA,NA,NA,NA,NA,NA,NA,NA,NA,NA,NA,NA,NA,NA,NA,NA,NA,-0.05,0.8611111115000001,3.738888889,8.572222222,12.638888884999998,18.05,21.81111111,19.33888889,15.866666665,10.244444443,4.7277777775,-0.5944444445,9.6004629635,3.1792274135000005,5.263778998,2.2592342065,4.078889933,2.0423733065,1.9090804995,4.9143376455,3.0323437795,1.8815706800000005,2.3414867255000003,3.5479732380000004,2.045237308,3.041294478,30.54444444,29.93888889,43.966666665,31.61111111,29.894444445,31.277777775000004,55.661111115,47.616666665,52.23333333499999,37.52777778,22.705555555,20.47222222,36.12083333499999,13.863384495000002,16.520125455,23.159565095,16.78689241,16.584505015,19.207835265,34.40204059,27.168498444999997,35.361825955,36.37074826,20.11052852,18.789572645,23.193793515,NA,NA,NA,NA,NA
Big Bend Rancheria of Pit River Indians of California,0.3550433274176845,0.34153598744944336,0.01373431528050443,0.1210489406505188,0.2111696461365969,NA,NA,NA,NA,0.142,0.21899999999999997,3.24,13960000,NA,NA,NA,NA,NA,NA,NA,NA,NA,NA,NA,NA,NA,NA,NA,NA,NA,NA,NA,NA,NA,NA,NA,NA,NA,NA,NA,NA,NA,NA,NA,NA,NA,NA,NA,NA,NA,NA,NA,NA,NA,NA,NA,NA,NA,NA,NA,NA,NA,NA,NA,NA,2.3,2.933333333,5,7.699999999999999,10.71111111,15.92222222,19.65555556,18.56666667,15.31111111,10.12222222,4.122222222,2.122222222,9.538888889,2.956771888,3.819685851000001,2.077257808,2.248332716,1.891721732,1.7605239119999998,2.183524165,1.413329403,1.09138037,2.043757433,2.286251177,2.876533407,2.220755822,162.8333333,115.88888889999998,139.7111111,68.26666667,58.41111111,28.811111109999995,11.46666667,13.72222222,14.36666667,42.42222222,70.97777778,190.6444444,76.46018518,134.4338871,127.9270832,129.7067408,43.98579316,40.37977354,27.22959991,8.664871609,15.14932158,20.51767531,36.04978425,55.45263244,163.3988763,66.90800327,NA,NA,NA,NA,NA
Pascua Yaqui Tribe of Arizona,0.21586906458247015,0.15304492057751426,0.21586906458247015,0.0454653189382197,0.001,NA,NA,NA,NA,0.136,0.198,3.1000000000000005,72878000,NA,NA,NA,NA,NA,NA,NA,NA,NA,NA,NA,NA,NA,NA,NA,NA,NA,NA,NA,NA,NA,NA,NA,NA,NA,NA,NA,NA,NA,NA,NA,NA,NA,NA,NA,NA,NA,NA,NA,NA,NA,NA,NA,NA,NA,NA,NA,NA,NA,NA,NA,NA,10.5,9.188888889,15.07777778,17.36666667,23.14444444,28.977777779999997,31.08888889,29.87777778,27.87777778,20.78888889,14.01111111,10.26666667,19.84722222,3.745997864,8.280163713,1.8826695,5.657296174,4.553600529,3.555902761,2.850194925,3.377046705,3.102328874,4.522014055,3.662800993,4.931024234,4.176753361,32.63333333,28.355555559999996,24.433333330000004,9.211111111,7.322222222,6.711111111,39.73333333,52.93333333,27.699999999999996,29.288888890000003,22.94444444,12.84444444,24.50925926,15.71488148,17.75085287,20.67081276,11.69481129,12.38626031,10.13649896,40.37861439,39.08586701,19.64459213,36.0661699,26.69949022,15.7304729,22.16327702,NA,NA,NA,NA,NA
"Capitan Grande Band of Diegueno Mission Indians of California (Barona Group of Capitan Grande Band of Mission Indians of the Barona Reservation, California",0.10419697298514773,0.10419697298514773,0.02929403218939839,0.02996465358990903,0.03026087954184007,NA,NA,NA,NA,0.096,0.126,3.52,188159000,NA,NA,NA,NA,NA,NA,NA,NA,NA,NA,NA,NA,NA,NA,NA,NA,NA,NA,NA,NA,NA,NA,NA,NA,NA,NA,NA,NA,NA,NA,NA,NA,NA,NA,NA,NA,NA,NA,NA,NA,NA,NA,NA,NA,NA,NA,NA,NA,NA,NA,NA,NA,9.944444444,9.833333333,11.48888889,13.33333333,15.86666667,19.4,22.6,23,20.877777779999995,16.77777778,12.64444444,10.24444444,15.50092593,1.343606258,2.711088342,1.97258995,1.004987562,1.517399091,1.566045976,1.2737739200000002,1.573213272,1.951779815,2.117060331,1.191754076,0.8790778000000001,1.591864699,144.9888889,122.1555556,63.31111111,36.9,16.17777778,3.766666667,8.388888889,13.422222220000002,6.122222222,16.51111111,31.42222222,41.44444444,42.05092593,129.7307832,101.0686785,34.69425185,28.89679913,18.46786248,5.298584717,13.07970226,18.95552543,8.122311521,22.70597083,56.47518875,62.50442206999999,41.66667339,NA,NA,NA,NA,NA
Snoqualmie Indian Tribe,0.3099735089708618,0.30365163575223936,0.001,0.125433243240914,0.24907931685653628,NA,NA,NA,NA,0.095,0.121,3.859999999999999,133740000,NA,NA,NA,NA,NA,NA,NA,NA,NA,NA,NA,NA,NA,NA,NA,NA,NA,NA,NA,NA,NA,NA,NA,NA,NA,NA,NA,NA,NA,NA,NA,NA,NA,NA,NA,NA,NA,NA,NA,NA,NA,NA,NA,NA,NA,NA,NA,NA,NA,NA,NA,NA,2.9,2.8,6.188888889,10.5,11.63333333,14.68888889,18.06666667,17.54444444,14.45555556,9.622222222,5.477777778,2.211111111,9.674074074,2.095829192,3.457961827,1.321404976,4.624121538,1.2206555619999997,1.286899806,1.051189802,1.77982521,1.297219248,1.445491074,4.814243912,2.104426552,2.208272392,216.6,148.4333333,161.2444444,119.6222222,105.0444444,97.11111111,41.13333333,42.22222222,98.87777778000002,165.1333333,216.3444444,233.7,137.1222222,109.7750199,79.20129418,61.50805051,68.46341683,52.86265485,43.23833497,27.4406177,24.153093889999997,47.67462055,110.4227784,162.8559034,143.0521321,77.55399311,NA,NA,NA,NA,NA
Hopi Tribe of Arizona,0.08789762714187326,0.08772475960625016,0.00125446176796711,0.03478268106542458,0.0027756291122324,NA,NA,NA,NA,0.18175390869320107,0.2759393582858595,3.0732408496820955,11046306.73302094,NA,NA,NA,NA,NA,NA,NA,NA,NA,NA,NA,NA,NA,NA,NA,NA,NA,NA,NA,NA,NA,NA,NA,NA,NA,NA,NA,NA,NA,NA,NA,NA,NA,NA,NA,NA,NA,NA,NA,NA,NA,NA,NA,NA,NA,NA,NA,NA,NA,NA,NA,NA,1.1777777775714289,4.074603174714286,6.280952380857143,10.452380952857146,14.153968252857146,20.242857142857147,23.23492063428572,22.63174603,18.865079364285716,12.495238095714289,4.582539682428573,0.5317460318571429,11.560317461428577,2.292210653714286,3.902337367142858,1.613288946857143,2.2099193861428574,3.201518280428572,1.6795073981428574,2.983951297285715,2.233745051142858,1.5182868992857144,2.9141844891428574,2.598703127142858,3.047084439857143,2.5162281114285716,38.29365079571429,31.14920634857143,30.992063491428578,21.846031747142863,13.353968253714289,10.05396825357143,25.187301587142866,27.83809523714286,27.83809523714286,26.95873015857143,13.569841271428572,12.868253967142858,23.329100527142863,23.851217642857144,19.93921574428572,16.90508314414286,15.651439236857144,22.398540711428577,18.236354530714287,19.71932847857143,16.778509892857144,23.305332062857147,25.168540678571432,14.125898006000003,10.051297591428574,18.844229811428573,NA,NA,NA,NA,NA
Kalispel Indian Community of the Kalispel Reservation,0.4324401056335238,0.3798137604889294,9.9334567386932e-4,0.3271417288553704,0.36839028501230103,NA,NA,NA,NA,0.14681190150344112,0.23257954453710372,3.17,1414501.4108912405,NA,NA,NA,NA,NA,NA,NA,NA,NA,NA,NA,NA,NA,NA,NA,NA,NA,NA,NA,NA,NA,NA,NA,NA,NA,NA,NA,NA,NA,NA,NA,NA,NA,NA,NA,NA,NA,NA,NA,NA,NA,NA,NA,NA,NA,NA,NA,NA,NA,NA,NA,NA,-1.6555555555,-1.0111111115,3.477777778,9.827777776,11.011111109500002,14.205555554999998,19.049999999999997,16.633333335,13.627777775,7.305555555500001,1.3666666665,-2.8722222224999996,7.580555555,4.305050089,2.8617907555,2.4248551225,4.9531684345,1.492719829,2.7799308505,2.3361091455,2.215994186,2.2405242875000004,1.7704388009999998,6.061646776,4.013196783,3.1212854214999997,89.23333333500001,48.372222225,87.15000001499999,37.994444445,68.77777778000001,57.97222222,23.95,20.222222225,44,62.322222225,56.24444444499999,102.916666665,58.262962965,77.663735015,23.054421985,69.59951721499999,19.469373915,35.261964485,31.578256565000004,18.540258809999997,11.112820038500002,35.974509250000004,34.779426040000004,27.511889650000004,88.93984198999999,39.45716791,NA,NA,NA,NA,NA
Alabama-Coushatta Tribe of Texas,0.4312905096478053,0.3441214071812812,0.39126238603501784,0.29631129694859226,0.2961922292636433,NA,NA,NA,NA,0.182,0.3,2.77,4074999.999999999,NA,NA,NA,NA,NA,NA,NA,NA,NA,NA,NA,NA,NA,NA,NA,NA,NA,NA,NA,NA,NA,NA,NA,NA,NA,NA,NA,NA,NA,NA,NA,NA,NA,NA,NA,NA,NA,NA,NA,NA,NA,NA,NA,NA,NA,NA,NA,NA,NA,NA,NA,NA,10.22222222,8.711111111,13.64444444,19.26666667,23.88888889,26.62222222,27.78888889,28.11111111,23.82222222,20.355555559999996,14.06666667,8.233333333,18.72777778,2.207814404,8.917461024,6.490976643,1.38383525,0.896443591,2.72799275,2.087129874,2.558536908,5.484473033,1.006368609,4.061711462,5.412023651,3.602897267,105.1888889,86.79999999999998,113.4444444,76.01111111,125.7,90.4,132.2222222,65.96666667,96.63333333,104.9555556,114.20000000000002,67.43333333,98.2462963,55.38653818,54.27697486,69.86488945,54.94341281,64.21654771,37.79910713,71.17183041,28.83305395,52.51487884,78.33104607,84.78733691,42.55011751,57.88964449,NA,NA,NA,NA,NA
Passamaquoddy Tribe of Maine (Pleasant Point),0.42278373510781486,0.40585931273366105,9.9999999999999e-4,0.31018945366162487,0.3966375376019029,NA,NA,NA,NA,0.163,0.257,3.54,3105000,NA,NA,NA,NA,NA,NA,NA,NA,NA,NA,NA,NA,NA,NA,NA,NA,NA,NA,NA,NA,NA,NA,NA,NA,NA,NA,NA,NA,NA,NA,NA,NA,NA,NA,NA,NA,NA,NA,NA,NA,NA,NA,NA,NA,NA,NA,NA,NA,NA,NA,NA,NA,-6,-6.922222222,-0.733333333,4.622222222,9.822222222,14.455555560000002,17.81111111,17.51111111,13.85555556,8.322222222,3.244444444,-2.644444444,6.112037038,3.457961827,5.011431377,2.636759375,1.936348224,1.005954494,0.782801238,0.990510531,0.684551759,1.470638561,2.629533123,1.492574212,2.576388515,2.05628777,101.5666667,60.52222222,98.22222222,91.85555556,99.53333333,95.6,95.65555556,75.02222222,97.01111111,137.0222222,107.6555556,130.9222222,99.21574074,44.2201877,23.12237973,48.73996763,53.10807639,51.54054229,33.23356737,47.70264959,36.03469778,32.19135926,62.88538737,41.52273808,56.80375819000001,44.25877595,NA,NA,NA,NA,NA
"Hualapai Indian Tribe of the Hualapai Indian Reservation, Arizona",0.10945923645317104,0.10210373493480655,0.00320861797790543,0.0834100366983293,0.03472937991105025,NA,NA,NA,NA,0.15378247825151292,0.22743614257406683,3.2209958006600896,14239973.226703413,NA,NA,NA,NA,NA,NA,NA,NA,NA,NA,NA,NA,NA,NA,NA,NA,NA,NA,NA,NA,NA,NA,NA,NA,NA,NA,NA,NA,NA,NA,NA,NA,NA,NA,NA,NA,NA,NA,NA,NA,NA,NA,NA,NA,NA,NA,NA,NA,NA,NA,NA,NA,5.1160493825555555,4.117283950666666,9.51728395111111,11.887654322333336,16.645679012222224,22.72962963111111,26.995061727777777,25.291358025555557,22.391358024444447,14.716049382222224,7.966666666111111,4.835802469222222,14.350823046666664,2.4286899001111113,5.882726874555556,2.5112183308888887,2.9287476219999995,3.949491508444445,2.298550369555556,2.139919935888889,2.6380231776666676,2.6254846069999997,2.450049493555556,2.9979026919999994,3.8399247247777777,3.0575607698888883,50.958024691111106,38.951851851111115,35.195061728888895,16.892592593333333,12.893827161666666,10.774074072666668,24.293827160000003,26.134567902222223,18.617283951111116,38.97654320888889,33.83086419888889,14.822222220666667,26.86172839555556,34.128041816666666,26.968398707777787,16.633043266666665,11.707975766,12.455790449555556,10.174117173333332,23.58674947,19.58025911666667,19.06064171888889,42.39549081444444,63.22122919555556,18.440424595555555,24.86268017444444,NA,NA,NA,NA,NA
"Mesa Grande Band of Diegueno Mission Indians of the Mesa Grande Reservation, California",0.17132160685628003,0.17132160685628003,0.07480569950097951,0.08125470683077396,0.05527953147917523,NA,NA,NA,NA,0.096,0.126,3.52,188159000,NA,NA,NA,NA,NA,NA,NA,NA,NA,NA,NA,NA,NA,NA,NA,NA,NA,NA,NA,NA,NA,NA,NA,NA,NA,NA,NA,NA,NA,NA,NA,NA,NA,NA,NA,NA,NA,NA,NA,NA,NA,NA,NA,NA,NA,NA,NA,NA,NA,NA,NA,NA,8.944444444,9.588888889,10.43333333,12.58888889,15.02222222,19.16666667,22.76666667,23.2,20.44444444,16.95555556,11.76666667,9.233333333,15.00925926,1.896121773,2.158381595,2.38117618,1.913403018,2.590742064,1.7190113440000003,0.8888194419999998,2.50049995,2.336723727,2.556418936,1.7492855679999997,1.732050808,2.035219534,111.4777778,91.71111111000002,67.93333333,42.1,18.81111111,4.022222222,10.83333333,9,6.922222222,16.96666667,33.13333333,39.94444444,37.73796296,101.9514441,78.85855129,52.27107231,23.88006491,19.35874766,5.467581224,10.13508757,9.186675133,8.68443691,17.15852558,48.22911465,53.93677111,35.75983937,NA,NA,NA,NA,NA
Tunica-Biloxi Indian Tribe,0.7392021340484903,0.5375524831024955,0.7287644227898045,0.42038487800549174,0.54485776328093,NA,NA,NA,NA,0.18,0.272,3.06,3815000.000000001,NA,NA,NA,NA,NA,NA,NA,NA,NA,NA,NA,NA,NA,NA,NA,NA,NA,NA,NA,NA,NA,NA,NA,NA,NA,NA,NA,NA,NA,NA,NA,NA,NA,NA,NA,NA,NA,NA,NA,NA,NA,NA,NA,NA,NA,NA,NA,NA,NA,NA,NA,NA,7.588888889,7.066666666999999,13.34444444,17.8,22.66666667,26.500000000000004,27.38888889,27.677777779999996,24.1,18.37777778,13.08888889,7.244444444,17.73703704,4.825309432,9.588404455,5.1889572920000004,2.765863337,3.035621847,2.427447219,2.251912767,2.519314281,4.330704331,2.986543896,3.948558105,3.987201748,3.987986559,132.3555556,114.7111111,139.5888889,112.0333333,103.9,101.9888889,110.9,90.94444444,84.23333333,129.0666667,122.9,96.18888889,111.56759259999998,104.6703887,72.91072357,93.09149323,100.524599,46.29889308,52.08681322,42.27354374,61.43612763,48.67247682,122.9977337,83.17519161,68.20708256,74.69542224,NA,NA,NA,NA,NA
Tohono O'odham Nation of Arizona,0.0962104357500949,0.08421142157334702,0.06341169551123838,0.02992633604840443,0.00241660587150221,NA,NA,NA,NA,0.13465319239978746,0.19665785945966557,3.0885746969372705,75336122.7739302,NA,NA,NA,NA,NA,NA,NA,NA,NA,NA,NA,NA,NA,NA,NA,NA,NA,NA,NA,NA,NA,NA,NA,NA,NA,NA,NA,NA,NA,NA,NA,NA,NA,NA,NA,NA,NA,NA,NA,NA,NA,NA,NA,NA,NA,NA,NA,NA,NA,NA,NA,NA,10.552136752307687,9.297435897230768,15.26837606769231,17.45213675230769,22.31965811923077,28.285470085384613,31.55811965769231,29.436752136153835,28.087179487692303,20.305128205384616,13.394871796153843,10.51794871753846,19.706267806923076,3.636428236461539,8.681115860384613,2.567769387307692,5.584850437999999,4.865296684692307,3.5166763417692306,2.733507178307692,4.0723433756923075,2.984664032615384,4.99640034176923,5.721894070153846,5.760484017846155,4.593452497153846,34.300854699999995,24.899145299230767,23.14017094076923,9.439316239307692,3.8752136752307695,6.052136751769232,28.306837606923075,39.730769230769226,17.92222222169231,29.399145299230767,27.571794872307684,12.705128204999998,21.445227919230764,22.26849830230769,19.207879666153847,17.111187746615382,13.314798530923076,7.453815931461538,10.564856881384614,28.39500786384615,29.679203544615383,18.038567366153845,37.13279598999999,43.1689958676923,14.48989171230769,21.735458283846153,NA,NA,NA,NA,NA
Mashantucket Pequot Indian Tribe,0.24944884617505017,0.1742239292514027,9.9999999999999e-4,0.12237821153426597,0.2402391684172418,NA,NA,NA,NA,0.118,0.168,3.55,19018000,NA,NA,NA,NA,NA,NA,NA,NA,NA,NA,NA,NA,NA,NA,NA,NA,NA,NA,NA,NA,NA,NA,NA,NA,NA,NA,NA,NA,NA,NA,NA,NA,NA,NA,NA,NA,NA,NA,NA,NA,NA,NA,NA,NA,NA,NA,NA,NA,NA,NA,NA,NA,2.366666667,3.488888889,5.811111111,10.12222222,13.411111110000002,19.56666667,22.67777778,22.64444444,18.55555556,14.73333333,7.211111111,0.677777778,11.77222222,4.796352781,5.351038321,2.814446857,2.271991295,1.844210159,1.514925741,2.110555482,1.904672617,1.334270504,3.787149324,1.973856913,1.8136825640000005,2.62642938,68.85555556,65.04444444,117.3777778,77.8,90.78888889,81.96666667,50.27777778,49.1,76.64444444,94.27777778,83.21111111,76.86666667,77.68425926,47.34345549,34.59281396,82.17776125,52.64135732,46.15905774,44.39236984,27.39483427,34.0738903,42.55846306,63.86287611,55.10552251,36.68671422,47.24909301,NA,NA,NA,NA,NA
Santo Domingo Pueblo,0.09377380390319943,0.09363252738588448,0.00216321898200756,0.042423386702869,0.00928965889026024,NA,NA,NA,NA,0.11924729331260704,0.19678408919728832,3.205054133747858,9157364.192080256,NA,NA,NA,NA,NA,NA,NA,NA,NA,NA,NA,NA,NA,NA,NA,NA,NA,NA,NA,NA,NA,NA,NA,NA,NA,NA,NA,NA,NA,NA,NA,NA,NA,NA,NA,NA,NA,NA,NA,NA,NA,NA,NA,NA,NA,NA,NA,NA,NA,NA,NA,NA,0.6740740736666667,1.2111111113333335,5.255555555333334,8.474074074333334,12.64444444,17.66296296,20.87407407666667,19.47777778,17.011111113333335,10.311111110333334,4.022222222333334,-0.748148148,9.739197530666663,3.295559204666666,3.754051076666667,4.083682303000001,2.226562923666667,4.129844772333334,2.0272431196666667,2.109196968333334,2.6551898543333334,3.222532710666667,2.1850365853333336,2.4288093963333335,3.3049171830000006,2.9518855083333335,34.403703703333335,33.34814815,42.91851852,33.074074073333335,25.155555556666663,28.34814815,49.97037036666667,47.91851852,59.16296296000001,39.30370370333334,26.411111110000004,20.51481481333333,36.71080246666667,18.605093243333332,17.251482696666667,23.241295076666667,19.522788216666665,15.883873566666669,25.13908587,33.26252616,27.9963333,34.70185020666666,38.10062389000001,25.17360214,19.425425670000003,24.858665003333336,NA,NA,NA,NA,NA
"Resighini Rancheria, California",0.4777900194139038,0.47539606860680306,0.00763943090840909,0.31489994877001637,0.40703263299565035,NA,NA,NA,NA,0.167,0.251,3.49,2701000,NA,NA,NA,NA,NA,NA,NA,NA,NA,NA,NA,NA,NA,NA,NA,NA,NA,NA,NA,NA,NA,NA,NA,NA,NA,NA,NA,NA,NA,NA,NA,NA,NA,NA,NA,NA,NA,NA,NA,NA,NA,NA,NA,NA,NA,NA,NA,NA,NA,NA,NA,NA,6.788888889,6.8777777780000005,7.9,9.488888889,12.022222220000002,15.75555556,17.8,17.06666667,15.77777778,12.05555556,7.333333333,6.022222222,11.24074074,2.941702077,4.919801261,2.232711356,2.190573238,1.69246697,1.194896555,1.3322912589999998,1.551612065,1.112180041,2.283698268,2.523885893,3.126410793,2.258519148,230.3222222,156.4666667,143.6444444,90.97777778,57.12222222,38.72222222,18.41111111,9.422222222,18,82.44444444,152.8555556,229.7,102.3407407,139.21353,76.10762117,78.94898845,61.9248088,30.168103100000003,24.40173036,27.89074418,13.48923439,15.85654439,50.09945387,71.89607276,120.2919677,59.19073326,NA,NA,NA,NA,NA
United Auburn Indian Community of the Auburn Rancheria of California,0.322,0.322,0.086,0.164,0.137,NA,NA,NA,NA,0.083,0.116,3.7999999999999994,20285000,NA,NA,NA,NA,NA,NA,NA,NA,NA,NA,NA,NA,NA,NA,NA,NA,NA,NA,NA,NA,NA,NA,NA,NA,NA,NA,NA,NA,NA,NA,NA,NA,NA,NA,NA,NA,NA,NA,NA,NA,NA,NA,NA,NA,NA,NA,NA,NA,NA,NA,NA,NA,7.166666667,9.033333333,10.37777778,13.54444444,16.88888889,21.31111111,23.77777778,24,20.64444444,16.48888889,10.28888889,7.333333333,15.0712963,1.070046728,2.097021698,1.518039672,1.858165164,1.482771429,2.19797887,3.078058551,1.679285562,2.116666667,1.641222444,2.523115358,1.518222645,1.898382899,133.0333333,92.6,101.3888889,45.83333333,30.74444444,6.655555556,8.977777778,4.766666667,4.511111111,32.96666667,61.64444444,143.4222222,55.54537037,80.75891592,74.11905963,62.69723767,28.24376037,23.84151375,9.120733401,16.79961144,8.769264507,5.39732444,28.7379105,56.00707793,103.8452187,41.52813569,NA,NA,NA,NA,NA
Northfork Rancheria of Mono Indians of California,0.291,0.291,0.001,0.066,0.143,NA,NA,NA,NA,0.132,0.204,3.97,13794000,NA,NA,NA,NA,NA,NA,NA,NA,NA,NA,NA,NA,NA,NA,NA,NA,NA,NA,NA,NA,NA,NA,NA,NA,NA,NA,NA,NA,NA,NA,NA,NA,NA,NA,NA,NA,NA,NA,NA,NA,NA,NA,NA,NA,NA,NA,NA,NA,NA,NA,NA,NA,6.844444444,7.555555555999999,10.911111109999998,14.1,17.77777778,22.81111111,25.72222222,25.42222222,21.86666667,16.43333333,9.733333333,5.566666667,15.39537037,1.115920148,2.71712675,1.683333333,1.618641406,1.404259394,2.083533324,2.349349792,1.114425612,1.681517172,1.039230485,2.073644135,3.772598574,1.887798344,170.3444444,118.6222222,103.5333333,50.54444444,37.36666667,10.26666667,6.722222222,11.67777778,5.911111110999999,29.53333333,52.31111111,98.9,57.97777777,116.0970726,93.85501822,90.83106572,30.1600361,30.23156463,10.60825151,12.21011648,28.77797673,5.394544569,39.20570749,53.52790031,86.84389731,49.81192931,NA,NA,NA,NA,NA
"Reno-Sparks Indian Colony, Nevada",0.07747486124581668,0.07742375744198209,0.02225990519131584,0.01812471680381036,0.00116687871059941,NA,NA,NA,NA,0.112,0.168,3.42,29344000,NA,NA,NA,NA,NA,NA,NA,NA,NA,NA,NA,NA,NA,NA,NA,NA,NA,NA,NA,NA,NA,NA,NA,NA,NA,NA,NA,NA,NA,NA,NA,NA,NA,NA,NA,NA,NA,NA,NA,NA,NA,NA,NA,NA,NA,NA,NA,NA,NA,NA,NA,NA,0.3592592593333333,2.985185185,3.722222222,8.077777777666666,10.985185183333334,16.53333333333333,21.429629629999997,19.64074074,14.844444443333332,10.666666665666666,3.148148148333333,0.24444444433333337,9.386419754,1.809904001,3.728680462,2.2015300476666666,2.2596521996666663,1.9106871266666663,2.749335584333333,2.7043928803333332,2.2771663976666665,1.864651395,3.1497756673333335,2.2503220736666667,2.4067221453333336,2.442734998666666,107.85925926666668,65.57777777666666,49.26666666333333,27.996296296666664,27.914814813333333,16.44444444333333,18.25185185,9.899999999,9.429629628666666,26.25555555333333,31.203703703333325,85.72222222666667,39.65185185333333,80.00874538333333,46.26828087333333,38.31677308,21.23733494833333,21.44188751333333,19.523213523333332,27.572218416666665,10.348501368666666,11.303458434,34.868401979999994,24.33555377333333,88.20813468333333,35.28604199666667,NA,NA,NA,NA,NA
"Fort Mojave Indian Tribe of Arizona, California & Nevada",0.04963422740085531,0.04829811780344773,0.00989852336384662,0.02376336773939996,0.001,NA,NA,NA,NA,0.15200234315551253,0.2305828782543784,3.1451814655939465,52945308.74082067,NA,NA,NA,NA,NA,NA,NA,NA,NA,NA,NA,NA,NA,NA,NA,NA,NA,NA,NA,NA,NA,NA,NA,NA,NA,NA,NA,NA,NA,NA,NA,NA,NA,NA,NA,NA,NA,NA,NA,NA,NA,NA,NA,NA,NA,NA,NA,NA,NA,NA,NA,NA,7.851851851999999,9.233333333333333,12.87777778,16.962962963333332,20.64074074,26.60000000333333,30.37777778,29.266666666666666,25.97407407333333,18.277777776666667,12.029629626666663,7.870370370333334,18.16358024666667,4.3972671960000005,5.855120159,3.326268707666667,4.085245677,5.281908740666667,4.548200098666666,4.895068825,4.894290998333332,4.142714745333333,5.571864489666666,4.8212856796666665,5.546435921333334,4.780472603000001,67.55185184333332,24.581481483333334,19.937037039999996,10.925925926,9.014814816,9.559259259333334,19.477777776666667,12.422222223333334,15.488888886666668,21.948148146666668,9.933333334333334,24.792592591,20.469444443333337,92.3385159,23.095921663333332,15.271719193333332,12.901112879666668,16.43871173766667,20.73122175266667,22.01285092,9.672674406666667,22.644806063333338,31.77018136333333,15.082636786666663,49.65294039166667,27.63444108666667,NA,NA,NA,NA,NA
"Pueblo of Santa Clara, New Mexico",0.08367048904511229,0.08029203002329682,0.00151462702448802,0.04298909382258269,0.02257026629437855,NA,NA,NA,NA,0.11632506911863735,0.1981670828433588,3.135801871992255,5037506.437073932,NA,NA,NA,NA,NA,NA,NA,NA,NA,NA,NA,NA,NA,NA,NA,NA,NA,NA,NA,NA,NA,NA,NA,NA,NA,NA,NA,NA,NA,NA,NA,NA,NA,NA,NA,NA,NA,NA,NA,NA,NA,NA,NA,NA,NA,NA,NA,NA,NA,NA,NA,NA,-0.3777777779999999,2.3722222219999995,3.8666666665,7.5444444445,12.98888889,18.21666667,21.772222225,19.844444445,15.78888889,10.3111111105,4.088888889,0.2777777775,9.7245370385,2.2408651695,4.8356075915000005,1.8090519675,2.0201006890000004,1.8095385375,1.0532522585,2.2584307354999997,2.340857697,1.5062048734999998,1.5786164935000002,4.390199,3.1400315320000005,2.415229712,29.516666665,48.13888889,40.922222225,35.083333335,29.31111111,25.13888889,45.766666665,53.67777778000001,46.96111111,36.944444444999995,22.850000000000005,18.605555555,36.07638889,12.463502245,48.551567344999995,20.141677215,15.14120854,21.761238605,22.041928785,24.733568445,28.57843916,31.31429734,31.793796515,18.079055055,16.12057163,24.22673757499999,NA,NA,NA,NA,NA
Big Sandy Rancheria of Western Mono Indians of California,0.1572484688522557,0.1572484688522557,0.04594899031434456,0.06013106474730035,0.09118648776107856,NA,NA,NA,NA,0.152,0.229,3.07,77333000,NA,NA,NA,NA,NA,NA,NA,NA,NA,NA,NA,NA,NA,NA,NA,NA,NA,NA,NA,NA,NA,NA,NA,NA,NA,NA,NA,NA,NA,NA,NA,NA,NA,NA,NA,NA,NA,NA,NA,NA,NA,NA,NA,NA,NA,NA,NA,NA,NA,NA,NA,NA,4.322222222,3.4555555560000006,6.877777778,9.277777778,12.75555556,17.75555556,21.9,20.75555556,17.77777778,11.522222220000002,6.577777778,4.455555556,11.452777779999998,3.844729437,3.395994372,4.382287581,3.113590282,3.134529913,3.179273152,2.875760769,2.899616833,4.565845425,1.15301537,3.112385652,3.532035925,3.265755393,178.8777778,130.7444444,98.81111110999998,49.83333333,45.34444444,14.36666667,19.77777778,9.566666667,10.65555556,31.45555556,63.45555556,119.1555556,64.33703704,133.0896857,84.5528845,79.09785782,26.164527509999996,38.37984859,18.49891889,27.14736533,14.6757453,9.177569274,25.04127149,56.78921797,83.65563506,49.68921062,NA,NA,NA,NA,NA
Houlton Band of Maliseet Indians,0.3778010386198716,0.35754244744496766,9.9999999999999e-4,0.2781867026549924,0.34327389352114057,NA,NA,NA,NA,0.164,0.25,3.57,6764000,NA,NA,NA,NA,NA,NA,NA,NA,NA,NA,NA,NA,NA,NA,NA,NA,NA,NA,NA,NA,NA,NA,NA,NA,NA,NA,NA,NA,NA,NA,NA,NA,NA,NA,NA,NA,NA,NA,NA,NA,NA,NA,NA,NA,NA,NA,NA,NA,NA,NA,NA,NA,-9.144444444,-8.744444444,-2.077777778,4.622222222,11.01111111,16.58888889,19.71111111,18.58888889,13.42222222,7.166666667,1.211111111,-6.544444444,5.484259259,3.416178827,2.5913853009999994,2.357317213,2.006101803,2.001527195,1.927073198,1.863762622,1.3751767559999999,2.498388369,1.790949469,2.289893253,4.177652185,2.357950516,80.7,52.48888889,92.23333333,85,98.7,94.25555556,91,84.53333333,104.6666667,123.9666667,101.9333333,105.1444444,92.88518518,38.56870493,21.40755967,35.28749779,35.39216015,34.49612297,42.38791428999999,38.57333924,38.18026323,40.45645808,58.07081883,36.32870766,48.15000288,38.94162914,NA,NA,NA,NA,NA
"Round Valley Indian Tribes, Round Valley Reservation, California",0.32896499170159105,0.32641028509810677,0.07820786531623061,0.07442570935707175,0.14971619681220733,NA,NA,NA,NA,0.1373158818738234,0.1996115599250336,3.513966971642761,6501104.723149261,NA,NA,NA,NA,NA,NA,NA,NA,NA,NA,NA,NA,NA,NA,NA,NA,NA,NA,NA,NA,NA,NA,NA,NA,NA,NA,NA,NA,NA,NA,NA,NA,NA,NA,NA,NA,NA,NA,NA,NA,NA,NA,NA,NA,NA,NA,NA,NA,NA,NA,NA,NA,5.2,5.511111111,6.411111111,8.611111111,11.63888889,15.683333335,18.566666665,17.97777778,15.705555555000002,11.394444445,6.0333333335,4.827777778,10.630092591,2.0398137115,3.7180641325,1.851039129,1.7791137365,1.7816351615,2.0403761655,0.8877122295,2.2983321679999995,1.4852701030000002,1.6697080365,2.3151495005,2.285356554,2.012630886,233.47777774999997,172.90555555000003,150.6777778,82.55,71.083333335,24.95,17.583333335000003,7.466666666499999,12.77777778,60.811111110000006,99.772222205,267.6666667,100.143518535,154.2160684,115.57744075,113.47417435,66.245634205,49.00369913,25.815524819999997,26.604565445,8.4886330075,12.27152329,45.877072065,71.649317325,205.7317921,74.57962041,NA,NA,NA,NA,NA
"Metlakatla Indian Community, Annette Island Reserve",NA,NA,NA,NA,NA,NA,NA,NA,NA,0.17797208370063264,0.28494476136508157,3.5200178189144897,685234.6157074491,NA,NA,NA,NA,NA,NA,NA,NA,NA,NA,NA,NA,NA,NA,NA,NA,NA,NA,NA,NA,NA,NA,NA,NA,NA,NA,NA,NA,NA,NA,NA,NA,NA,NA,NA,NA,NA,NA,NA,NA,NA,NA,NA,NA,NA,NA,NA,NA,NA,NA,NA,NA,1.8074074076666664,2.166666666666667,4.5555555556666665,8.737037037,10.211111112,13.529629626666663,16.155555553333336,15.599999999999998,12.844444443333332,7.711111110999998,3.311111111,1.1629629629999998,8.1493827156666665,2.1704283453333333,3.083691826,1.940483415,4.928154175333334,2.046540372,3.357352102,3.9845340413333337,3.3179830026666663,2.4741094563333332,2.037626662666667,4.512542686,1.9910145906666663,2.9870383896666666,220.27777776666667,137.24444446666664,165.60740739999997,107.42592593333332,70.57777777666666,77.99629629666666,96.24074074,115.45925926666666,148.72222223333333,263.87777776666667,198.16666666666663,205.0111111,150.5506173,97.79764285,58.22836611666667,75.32072388666666,83.5485105,26.661004603333332,49.35930785,60.42083164666667,52.288545156666665,77.20524925,120.3567001,136.45594383333332,68.91759891333334,75.54670206,NA,NA,NA,NA,NA
"Viejas (Baron Long) Group of Capitan Grande Band of Mission Indians of the Viejas Reservation, California)",0.10419697298514773,0.10419697298514773,0.02929403218939839,0.02996465358990903,0.03026087954184007,NA,NA,NA,NA,0.096,0.126,3.52,188159000,NA,NA,NA,NA,NA,NA,NA,NA,NA,NA,NA,NA,NA,NA,NA,NA,NA,NA,NA,NA,NA,NA,NA,NA,NA,NA,NA,NA,NA,NA,NA,NA,NA,NA,NA,NA,NA,NA,NA,NA,NA,NA,NA,NA,NA,NA,NA,NA,NA,NA,NA,NA,NA,NA,NA,NA,NA,NA,NA,NA,NA,NA,NA,NA,NA,NA,NA,NA,NA,NA,NA,NA,NA,NA,NA,NA,NA,NA,NA,NA,NA,NA,NA,NA,NA,NA,NA,NA,NA,NA,NA,NA,NA,NA,NA,NA,NA,NA,NA,NA,NA,NA,NA,NA,NA,NA,NA,NA,NA
Tolowa Dee-ni' Nation,0.36781037590465215,0.36378146336109835,0.00400572944862147,0.2114427936613671,0.27586519887706196,NA,NA,NA,NA,0.167,0.251,3.49,2701000,NA,NA,NA,NA,NA,NA,NA,NA,NA,NA,NA,NA,NA,NA,NA,NA,NA,NA,NA,NA,NA,NA,NA,NA,NA,NA,NA,NA,NA,NA,NA,NA,NA,NA,NA,NA,NA,NA,NA,NA,NA,NA,NA,NA,NA,NA,NA,NA,NA,NA,NA,NA,NA,NA,NA,NA,NA,NA,NA,NA,NA,NA,NA,NA,NA,NA,NA,NA,NA,NA,NA,NA,NA,NA,NA,NA,NA,NA,NA,NA,NA,NA,NA,NA,NA,NA,NA,NA,NA,NA,NA,NA,NA,NA,NA,NA,NA,NA,NA,NA,NA,NA,NA,NA,NA,NA,NA,NA,NA
Hoh Indian Tribe,0.4494115494140461,0.38664317003101617,0.001,0.30911517575335995,0.39563801378562513,NA,NA,NA,NA,0.133,0.234,4.46,3102000,NA,NA,NA,NA,NA,NA,NA,NA,NA,NA,NA,NA,NA,NA,NA,NA,NA,NA,NA,NA,NA,NA,NA,NA,NA,NA,NA,NA,NA,NA,NA,NA,NA,NA,NA,NA,NA,NA,NA,NA,NA,NA,NA,NA,NA,NA,NA,NA,NA,NA,NA,NA,NA,NA,NA,NA,NA,NA,NA,NA,NA,NA,NA,NA,NA,NA,NA,NA,NA,NA,NA,NA,NA,NA,NA,NA,NA,NA,NA,NA,NA,NA,NA,NA,NA,NA,NA,NA,NA,NA,NA,NA,NA,NA,NA,NA,NA,NA,NA,NA,NA,NA,NA,NA,NA,NA,NA,NA,NA
"Cher-Ae Heights Indian Community of the Trinidad Rancheria, California",0.4009682065785739,0.4009682065785739,0.001,0.16319652488037092,0.23425089164090096,NA,NA,NA,NA,0.141,0.196,3.32,10777000,NA,NA,NA,NA,NA,NA,NA,NA,NA,NA,NA,NA,NA,NA,NA,NA,NA,NA,NA,NA,NA,NA,NA,NA,NA,NA,NA,NA,NA,NA,NA,NA,NA,NA,NA,NA,NA,NA,NA,NA,NA,NA,NA,NA,NA,NA,NA,NA,NA,NA,NA,NA,NA,NA,NA,NA,NA,NA,NA,NA,NA,NA,NA,NA,NA,NA,NA,NA,NA,NA,NA,NA,NA,NA,NA,NA,NA,NA,NA,NA,NA,NA,NA,NA,NA,NA,NA,NA,NA,NA,NA,NA,NA,NA,NA,NA,NA,NA,NA,NA,NA,NA,NA,NA,NA,NA,NA,NA,NA
"Viejas (Baron Long) Group of Capitan Grande Band of Mission Indians of the Viejas Reservation, Ca",NA,NA,NA,NA,NA,NA,NA,NA,NA,NA,NA,NA,NA,NA,NA,NA,NA,NA,NA,NA,NA,NA,NA,NA,NA,NA,NA,NA,NA,NA,NA,NA,NA,NA,NA,NA,NA,NA,NA,NA,NA,NA,NA,NA,NA,NA,NA,NA,NA,NA,NA,NA,NA,NA,NA,NA,NA,NA,NA,NA,NA,NA,NA,NA,NA,9.944444444,9.833333333,11.48888889,13.33333333,15.86666667,19.4,22.6,23,20.877777779999995,16.77777778,12.64444444,10.24444444,15.50092593,1.343606258,2.711088342,1.97258995,1.004987562,1.517399091,1.566045976,1.2737739200000002,1.573213272,1.951779815,2.117060331,1.191754076,0.8790778000000001,1.591864699,144.9888889,122.1555556,63.31111111,36.9,16.17777778,3.766666667,8.388888889,13.422222220000002,6.122222222,16.51111111,31.42222222,41.44444444,42.05092593,129.7307832,101.0686785,34.69425185,28.89679913,18.46786248,5.298584717,13.07970226,18.95552543,8.122311521,22.70597083,56.47518875,62.50442206999999,41.66667339,NA,NA,NA,NA,NA
